  0
SECTION
  2
HEADER
  9
$ACADVER
  1
AC1009
  9
$INSBASE
 10
0.0
 20
0.0
 30
0.0
  9
$EXTMIN
 10
-1.815022739026203
 20
-1.2981930476736889
 30
0.0
  9
$EXTMAX
 10
0.3519194123768833
 20
1.846278665555769
 30
0.0
  9
$LIMMIN
 10
0.0
 20
0.0
  9
$LIMMAX
 10
420.0
 20
297.0
  9
$ORTHOMODE
 70
     0
  9
$REGENMODE
 70
     1
  9
$FILLMODE
 70
     1
  9
$QTEXTMODE
 70
     0
  9
$MIRRTEXT
 70
     1
  9
$DRAGMODE
 70
     2
  9
$LTSCALE
 40
1.0
  9
$OSMODE
 70
   677
  9
$ATTMODE
 70
     1
  9
$TEXTSIZE
 40
2.5
  9
$TRACEWID
 40
1.0
  9
$TEXTSTYLE
  7
STANDARD
  9
$CLAYER
  8
0
  9
$CELTYPE
  6
BYLAYER
  9
$CECOLOR
 62
   256
  9
$DIMSCALE
 40
1.0
  9
$DIMASZ
 40
2.5
  9
$DIMEXO
 40
0.625
  9
$DIMDLI
 40
3.75
  9
$DIMRND
 40
0.0
  9
$DIMDLE
 40
0.0
  9
$DIMEXE
 40
1.25
  9
$DIMTP
 40
0.0
  9
$DIMTM
 40
0.0
  9
$DIMTXT
 40
2.5
  9
$DIMCEN
 40
2.5
  9
$DIMTSZ
 40
0.0
  9
$DIMTOL
 70
     0
  9
$DIMLIM
 70
     0
  9
$DIMTIH
 70
     0
  9
$DIMTOH
 70
     0
  9
$DIMSE1
 70
     0
  9
$DIMSE2
 70
     0
  9
$DIMTAD
 70
     1
  9
$DIMZIN
 70
     8
  9
$DIMBLK
  1

  9
$DIMASO
 70
     1
  9
$DIMSHO
 70
     1
  9
$DIMPOST
  1

  9
$DIMAPOST
  1

  9
$DIMALT
 70
     0
  9
$DIMALTD
 70
     3
  9
$DIMALTF
 40
0.03937007874016
  9
$DIMLFAC
 40
1.0
  9
$DIMTOFL
 70
     1
  9
$DIMTVP
 40
0.0
  9
$DIMTIX
 70
     0
  9
$DIMSOXD
 70
     0
  9
$DIMSAH
 70
     0
  9
$DIMBLK1
  1

  9
$DIMBLK2
  1

  9
$DIMSTYLE
  2
ISO-25
  9
$DIMCLRD
 70
     0
  9
$DIMCLRE
 70
     0
  9
$DIMCLRT
 70
     0
  9
$DIMTFAC
 40
1.0
  9
$DIMGAP
 40
0.625
  9
$LUNITS
 70
     2
  9
$LUPREC
 70
     4
  9
$SKETCHINC
 40
1.0
  9
$FILLETRAD
 40
10.0
  9
$AUNITS
 70
     0
  9
$AUPREC
 70
     0
  9
$MENU
  1
.
  9
$ELEVATION
 40
0.0
  9
$PELEVATION
 40
0.0
  9
$THICKNESS
 40
0.0
  9
$LIMCHECK
 70
     0
  9
$BLIPMODE
 70
     0
  9
$CHAMFERA
 40
10.0
  9
$CHAMFERB
 40
10.0
  9
$SKPOLY
 70
     0
  9
$TDCREATE
 40
2453266.415125682
  9
$TDUPDATE
 40
2453362.5266438769
  9
$TDINDWG
 40
0.0093281713
  9
$TDUSRTIMER
 40
0.0093183912
  9
$USRTIMER
 70
     1
  9
$ANGBASE
 50
0.0
  9
$ANGDIR
 70
     0
  9
$PDMODE
 70
     0
  9
$PDSIZE
 40
0.0
  9
$PLINEWID
 40
0.0
  9
$COORDS
 70
     2
  9
$SPLFRAME
 70
     0
  9
$SPLINETYPE
 70
     6
  9
$SPLINESEGS
 70
     8
  9
$ATTDIA
 70
     0
  9
$ATTREQ
 70
     1
  9
$HANDLING
 70
 22529
  9
$HANDSEED
  5
2510
  9
$SURFTAB1
 70
     6
  9
$SURFTAB2
 70
     6
  9
$SURFTYPE
 70
     6
  9
$SURFU
 70
     6
  9
$SURFV
 70
     6
  9
$UCSNAME
  2

  9
$UCSORG
 10
0.0
 20
0.0
 30
0.0
  9
$UCSXDIR
 10
1.0
 20
0.0
 30
0.0
  9
$UCSYDIR
 10
0.0
 20
1.0
 30
0.0
  9
$PUCSNAME
  2

  9
$PUCSORG
 10
0.0
 20
0.0
 30
0.0
  9
$PUCSXDIR
 10
1.0
 20
0.0
 30
0.0
  9
$PUCSYDIR
 10
0.0
 20
1.0
 30
0.0
  9
$USERI1
 70
     0
  9
$USERI2
 70
     0
  9
$USERI3
 70
     0
  9
$USERI4
 70
     0
  9
$USERI5
 70
     0
  9
$USERR1
 40
0.0
  9
$USERR2
 40
0.0
  9
$USERR3
 40
0.0
  9
$USERR4
 40
0.0
  9
$USERR5
 40
0.0
  9
$WORLDVIEW
 70
     1
  9
$SHADEDGE
 70
     3
  9
$SHADEDIF
 70
    70
  9
$TILEMODE
 70
     1
  9
$MAXACTVP
 70
    64
  9
$PLIMCHECK
 70
     0
  9
$PEXTMIN
 10
0.0
 20
0.0
 30
0.0
  9
$PEXTMAX
 10
0.0
 20
0.0
 30
0.0
  9
$PLIMMIN
 10
0.0
 20
0.0
  9
$PLIMMAX
 10
12.0
 20
9.0
  9
$UNITMODE
 70
     0
  9
$VISRETAIN
 70
     1
  9
$PLINEGEN
 70
     0
  9
$PSLTSCALE
 70
     1
  0
ENDSEC
  0
SECTION
  2
TABLES
  0
TABLE
  2
VPORT
 70
     4
  0
VPORT
  2
*ACTIVE
 70
     0
 10
0.0
 20
0.0
 11
1.0
 21
1.0
 12
0.6937334062977989
 22
0.1857492731076995
 13
0.0
 23
0.0
 14
10.0
 24
10.0
 15
10.0
 25
10.0
 16
0.0
 26
0.0
 36
1.0
 17
0.0
 27
0.0
 37
0.0
 40
4.3917098876384459
 41
1.9682539682539679
 42
50.0
 43
0.0
 44
0.0
 50
0.0
 51
0.0
 71
     0
 72
   100
 73
     1
 74
     3
 75
     0
 76
     0
 77
     0
 78
     0
  0
ENDTAB
  0
TABLE
  2
LTYPE
 70
     1
  0
LTYPE
  2
CONTINUOUS
 70
     0
  3
Solid line
 72
    65
 73
     0
 40
0.0
  0
ENDTAB
  0
TABLE
  2
LAYER
 70
     1
  0
LAYER
  2
0
 70
     0
 62
     7
  6
CONTINUOUS
  0
ENDTAB
  0
TABLE
  2
STYLE
 70
     1
  0
STYLE
  2
STANDARD
 70
     0
 40
0.0
 41
1.0
 50
0.0
 71
     0
 42
2.5
  3
txt
  4

  0
ENDTAB
  0
TABLE
  2
VIEW
 70
     0
  0
ENDTAB
  0
TABLE
  2
UCS
 70
     0
  0
ENDTAB
  0
TABLE
  2
APPID
 70
     2
  0
APPID
  2
ACAD
 70
     0
  0
APPID
  2
CONTENTBLOCKICON
 70
     0
  0
ENDTAB
  0
TABLE
  2
DIMSTYLE
 70
     1
  0
DIMSTYLE
  2
ISO-25
 70
     0
  3

  4

  5

  6

  7

 40
1.0
 41
2.5
 42
0.625
 43
3.75
 44
1.25
 45
0.0
 46
0.0
 47
0.0
 48
0.0
140
2.5
141
2.5
142
0.0
143
0.03937007874016
144
1.0
145
0.0
146
1.0
147
0.625
 71
     0
 72
     0
 73
     0
 74
     0
 75
     0
 76
     0
 77
     1
 78
     8
170
     0
171
     3
172
     1
173
     0
174
     0
175
     0
176
     0
177
     0
178
     0
  0
ENDTAB
  0
ENDSEC
  0
SECTION
  2
BLOCKS
  0
BLOCK
  8
0
  2
$MODEL_SPACE
 70
     0
 10
0.0
 20
0.0
 30
0.0
  3
$MODEL_SPACE
  1

  0
ENDBLK
  5
1BD5
  8
0
  0
BLOCK
 67
     1
  8
0
  2
$PAPER_SPACE
 70
     0
 10
0.0
 20
0.0
 30
0.0
  3
$PAPER_SPACE
  1

  0
ENDBLK
  5
1BD1
 67
     1
  8
0
  0
BLOCK
  8
0
  2
RR
 70
     0
 10
0.0
 20
0.0
 30
0.0
  3
RR
  1

  0
LINE
  5
1BE3
  8
0
 10
-1.099999999999965
 20
-0.1500000000000057
 30
0.0
 11
0.0
 21
-0.1500000000000057
 31
0.0
  0
LINE
  5
1BE4
  8
0
 10
0.0
 20
0.1500000000000057
 30
0.0
 11
-1.099999999999965
 21
0.1500000000000057
 31
0.0
  0
LINE
  5
1BE5
  8
0
 10
-0.7555570000000103
 20
-0.1247199999999964
 30
0.0
 11
-0.7595699999999968
 21
-0.1204809999999838
 31
0.0
  0
LINE
  5
1BE6
  8
0
 10
-0.7595699999999968
 20
0.1204810000000123
 30
0.0
 11
-0.7555570000000103
 21
0.1247199999999964
 31
0.0
  0
LINE
  5
1BE7
  8
0
 10
-1.1098020000000011
 20
0.1492780000000096
 30
0.0
 11
-1.1049059999999691
 21
0.1498190000000079
 31
0.0
  0
LINE
  5
1BE8
  8
0
 10
-1.1049059999999691
 20
-0.1498189999999795
 30
0.0
 11
-1.1098020000000011
 21
-0.1492779999999811
 31
0.0
  0
LINE
  5
1BE9
  8
0
 10
-1.199999999999988
 20
0.1500000000000057
 30
0.0
 11
-1.199999999999988
 21
-0.1500000000000057
 31
0.0
  0
LINE
  5
1BEA
  8
0
 10
-1.1881919999999571
 20
-0.0707094999999924
 30
0.0
 11
-1.1903979999999581
 21
-0.0641332999999804
 31
0.0
  0
LINE
  5
1BEB
  8
0
 10
-1.1831459999999641
 20
-0.083335500000004
 30
0.0
 11
-1.1857719999999841
 21
-0.0771153999999967
 31
0.0
  0
LINE
  5
1BEC
  8
0
 10
-1.1671559999999761
 20
-0.1111429999999984
 30
0.0
 11
-1.170709999999985
 21
-0.1060659999999984
 31
0.0
  0
LINE
  5
1BED
  8
0
 10
-1.1471399999999781
 20
-0.1322879999999884
 30
0.0
 11
-1.151409999999998
 21
-0.128658999999999
 31
0.0
  0
LINE
  5
1BEE
  8
0
 10
-1.151409999999998
 20
-0.128658999999999
 30
0.0
 11
-1.1555579999999841
 21
-0.1247199999999964
 31
0.0
  0
LINE
  5
1BEF
  8
0
 10
-1.1555579999999841
 20
-0.1247199999999964
 30
0.0
 11
-1.159569999999972
 21
-0.1204809999999838
 31
0.0
  0
LINE
  5
1BF0
  8
0
 10
-1.159569999999972
 20
-0.1204809999999838
 30
0.0
 11
-1.163439999999978
 21
-0.1159519999999929
 31
0.0
  0
LINE
  5
1BF1
  8
0
 10
-1.163439999999978
 20
-0.1159519999999929
 30
0.0
 11
-1.1671559999999761
 21
-0.1111429999999984
 31
0.0
  0
LINE
  5
1BF2
  8
0
 10
-1.170709999999985
 20
-0.1060659999999984
 30
0.0
 11
-1.1740959999999621
 21
-0.1007339999999886
 31
0.0
  0
LINE
  5
1BF3
  8
0
 10
-1.1740959999999621
 20
-0.1007339999999886
 30
0.0
 11
-1.1773019999999961
 21
-0.0951589999999953
 31
0.0
  0
LINE
  5
1BF4
  8
0
 10
-1.1773019999999961
 20
-0.0951589999999953
 30
0.0
 11
-1.180319999999994
 21
-0.0893548999999894
 31
0.0
  0
LINE
  5
1BF5
  8
0
 10
-1.180319999999994
 20
-0.0893548999999894
 30
0.0
 11
-1.1831459999999641
 21
-0.083335500000004
 31
0.0
  0
LINE
  5
1BF6
  8
0
 10
-1.1098020000000011
 20
-0.1492779999999811
 30
0.0
 11
-1.1146739999999791
 21
-0.1483759999999847
 31
0.0
  0
LINE
  5
1BF7
  8
0
 10
-1.1146739999999791
 20
-0.1483759999999847
 30
0.0
 11
-1.11950999999999
 21
-0.1471180000000061
 31
0.0
  0
LINE
  5
1BF8
  8
0
 10
-1.11950999999999
 20
-0.1471180000000061
 30
0.0
 11
-1.1242979999999521
 21
-0.1455049999999858
 31
0.0
  0
LINE
  5
1BF9
  8
0
 10
-1.1242979999999521
 20
-0.1455049999999858
 30
0.0
 11
-1.129028000000003
 21
-0.143540999999999
 31
0.0
  0
LINE
  5
1BFA
  8
0
 10
-1.129028000000003
 20
-0.143540999999999
 30
0.0
 11
-1.133688000000004
 21
-0.1412320000000022
 31
0.0
  0
LINE
  5
1BFB
  8
0
 10
-1.133688000000004
 20
-0.1412320000000022
 30
0.0
 11
-1.1382679999999801
 21
-0.1385819999999853
 31
0.0
  0
LINE
  5
1BFC
  8
0
 10
-1.1382679999999801
 20
-0.1385819999999853
 30
0.0
 11
-1.142755999999961
 21
-0.1355979999999874
 31
0.0
  0
LINE
  5
1BFD
  8
0
 10
-1.142755999999961
 20
-0.1355979999999874
 30
0.0
 11
-1.1471399999999781
 21
-0.1322879999999884
 31
0.0
  0
LINE
  5
1BFE
  8
0
 10
-1.1857719999999841
 20
-0.0771153999999967
 30
0.0
 11
-1.1881919999999571
 21
-0.0707094999999924
 31
0.0
  0
LINE
  5
1BFF
  8
0
 10
-1.199999999999988
 20
0.0
 30
0.0
 11
-1.1998800000000061
 21
0.0073601999999937
 31
0.0
  0
LINE
  5
1C00
  8
0
 10
-1.198077999999952
 20
-0.0292634999999848
 30
0.0
 11
-1.1989179999999899
 21
-0.0220095999999899
 31
0.0
  0
LINE
  5
1C01
  8
0
 10
-1.1989179999999899
 20
-0.0220095999999899
 30
0.0
 11
-1.199517999999953
 21
-0.0147025999999926
 31
0.0
  0
LINE
  5
1C02
  8
0
 10
-1.199517999999953
 20
-0.0147025999999926
 30
0.0
 11
-1.1998800000000061
 21
-0.0073601999999937
 31
0.0
  0
LINE
  5
1C03
  8
0
 10
-1.1998800000000061
 20
-0.0073601999999937
 30
0.0
 11
-1.199999999999988
 21
0.0
 31
0.0
  0
LINE
  5
1C04
  8
0
 10
-1.1998800000000061
 20
0.0073601999999937
 30
0.0
 11
-1.199517999999953
 21
0.014702600000021
 31
0.0
  0
LINE
  5
1C05
  8
0
 10
-1.199517999999953
 20
0.014702600000021
 30
0.0
 11
-1.1989179999999899
 21
0.0220096000000183
 31
0.0
  0
LINE
  5
1C06
  8
0
 10
-1.1989179999999899
 20
0.0220096000000183
 30
0.0
 11
-1.198077999999952
 21
0.0292635000000132
 31
0.0
  0
LINE
  5
1C07
  8
0
 10
-1.1970039999999911
 20
-0.0364470000000097
 30
0.0
 11
-1.198077999999952
 21
-0.0292634999999848
 31
0.0
  0
LINE
  5
1C08
  8
0
 10
-1.198077999999952
 20
0.0292635000000132
 30
0.0
 11
-1.1970039999999911
 21
0.0364470000000097
 31
0.0
  0
LINE
  5
1C09
  8
0
 10
-1.1956939999999441
 20
-0.0435426999999891
 30
0.0
 11
-1.1970039999999911
 21
-0.0364470000000097
 31
0.0
  0
LINE
  5
1C0A
  8
0
 10
-1.1903979999999581
 20
-0.0641332999999804
 30
0.0
 11
-1.192387999999992
 21
-0.0574024999999949
 31
0.0
  0
LINE
  5
1C0B
  8
0
 10
-1.192387999999992
 20
-0.0574024999999949
 30
0.0
 11
-1.1941539999999671
 21
-0.0505335000000002
 31
0.0
  0
LINE
  5
1C0C
  8
0
 10
-1.1941539999999671
 20
-0.0505335000000002
 30
0.0
 11
-1.1956939999999441
 21
-0.0435426999999891
 31
0.0
  0
LINE
  5
1C0D
  8
0
 10
-1.1970039999999911
 20
0.0364470000000097
 30
0.0
 11
-1.1956939999999441
 21
0.0435427000000175
 31
0.0
  0
LINE
  5
1C0E
  8
0
 10
-1.1956939999999441
 20
0.0435427000000175
 30
0.0
 11
-1.1941539999999671
 21
0.0505335000000003
 31
0.0
  0
LINE
  5
1C0F
  8
0
 10
-1.1941539999999671
 20
0.0505335000000003
 30
0.0
 11
-1.192387999999992
 21
0.0574024999999949
 31
0.0
  0
LINE
  5
1C10
  8
0
 10
-1.192387999999992
 20
0.0574024999999949
 30
0.0
 11
-1.1903979999999581
 21
0.0641333000000089
 31
0.0
  0
LINE
  5
1C11
  8
0
 10
-1.1903979999999581
 20
0.0641333000000089
 30
0.0
 11
-1.1881919999999571
 21
0.0707095000000209
 31
0.0
  0
LINE
  5
1C12
  8
0
 10
-1.170709999999985
 20
0.1060659999999984
 30
0.0
 11
-1.1671559999999761
 21
0.1111429999999984
 31
0.0
  0
LINE
  5
1C13
  8
0
 10
-1.1671559999999761
 20
0.1111429999999984
 30
0.0
 11
-1.163439999999978
 21
0.1159520000000214
 31
0.0
  0
LINE
  5
1C14
  8
0
 10
-1.163439999999978
 20
0.1159520000000214
 30
0.0
 11
-1.159569999999972
 21
0.1204810000000123
 31
0.0
  0
LINE
  5
1C15
  8
0
 10
-1.159569999999972
 20
0.1204810000000123
 30
0.0
 11
-1.1555579999999841
 21
0.1247199999999964
 31
0.0
  0
LINE
  5
1C16
  8
0
 10
-1.1555579999999841
 20
0.1247199999999964
 30
0.0
 11
-1.151409999999998
 21
0.128658999999999
 31
0.0
  0
LINE
  5
1C17
  8
0
 10
-1.151409999999998
 20
0.128658999999999
 30
0.0
 11
-1.1471399999999781
 21
0.1322880000000168
 31
0.0
  0
LINE
  5
1C18
  8
0
 10
-1.1471399999999781
 20
0.1322880000000168
 30
0.0
 11
-1.142755999999961
 21
0.1355980000000159
 31
0.0
  0
LINE
  5
1C19
  8
0
 10
-1.142755999999961
 20
0.1355980000000159
 30
0.0
 11
-1.1382679999999801
 21
0.1385820000000138
 31
0.0
  0
LINE
  5
1C1A
  8
0
 10
-1.1382679999999801
 20
0.1385820000000138
 30
0.0
 11
-1.133688000000004
 21
0.1412320000000022
 31
0.0
  0
LINE
  5
1C1B
  8
0
 10
-1.133688000000004
 20
0.1412320000000022
 30
0.0
 11
-1.129028000000003
 21
0.143540999999999
 31
0.0
  0
LINE
  5
1C1C
  8
0
 10
-1.129028000000003
 20
0.143540999999999
 30
0.0
 11
-1.1242979999999521
 21
0.1455050000000142
 31
0.0
  0
LINE
  5
1C1D
  8
0
 10
-1.1242979999999521
 20
0.1455050000000142
 30
0.0
 11
-1.11950999999999
 21
0.1471180000000061
 31
0.0
  0
LINE
  5
1C1E
  8
0
 10
-1.11950999999999
 20
0.1471180000000061
 30
0.0
 11
-1.1146739999999791
 21
0.1483760000000132
 31
0.0
  0
LINE
  5
1C1F
  8
0
 10
-1.1146739999999791
 20
0.1483760000000132
 30
0.0
 11
-1.1098020000000011
 21
0.1492780000000096
 31
0.0
  0
LINE
  5
1C20
  8
0
 10
-1.1740959999999621
 20
0.100734000000017
 30
0.0
 11
-1.170709999999985
 21
0.1060659999999984
 31
0.0
  0
LINE
  5
1C21
  8
0
 10
-1.1773019999999961
 20
0.0951589999999953
 30
0.0
 11
-1.1740959999999621
 21
0.100734000000017
 31
0.0
  0
LINE
  5
1C22
  8
0
 10
-1.1857719999999841
 20
0.0771153999999968
 30
0.0
 11
-1.1831459999999641
 21
0.083335500000004
 31
0.0
  0
LINE
  5
1C23
  8
0
 10
-1.1831459999999641
 20
0.083335500000004
 30
0.0
 11
-1.180319999999994
 21
0.0893549000000178
 31
0.0
  0
LINE
  5
1C24
  8
0
 10
-1.180319999999994
 20
0.0893549000000178
 30
0.0
 11
-1.1773019999999961
 21
0.0951589999999953
 31
0.0
  0
LINE
  5
1C25
  8
0
 10
-1.1881919999999571
 20
0.0707095000000209
 30
0.0
 11
-1.1857719999999841
 21
0.0771153999999968
 31
0.0
  0
LINE
  5
1C26
  8
0
 10
-1.009601999999971
 20
-0.0641332999999804
 30
0.0
 11
-1.0118079999999721
 21
-0.0707094999999924
 31
0.0
  0
LINE
  5
1C27
  8
0
 10
-0.9881919999999697
 20
-0.0707094999999924
 30
0.0
 11
-0.9903979999999704
 21
-0.0641332999999804
 31
0.0
  0
LINE
  5
1C28
  8
0
 10
-0.9098019999999555
 20
-0.1492779999999811
 30
0.0
 11
-0.9146739999999906
 21
-0.1483759999999847
 31
0.0
  0
LINE
  5
1C29
  8
0
 10
-1.0196799999999919
 20
-0.0893548999999894
 30
0.0
 11
-1.022697999999989
 21
-0.0951589999999953
 31
0.0
  0
LINE
  5
1C2A
  8
0
 10
-1.022697999999989
 20
-0.0951589999999953
 30
0.0
 11
-1.0259039999999671
 21
-0.1007339999999886
 31
0.0
  0
LINE
  5
1C2B
  8
0
 10
-1.0259039999999671
 20
-0.1007339999999886
 30
0.0
 11
-1.0292899999999441
 21
-0.1060659999999984
 31
0.0
  0
LINE
  5
1C2C
  8
0
 10
-1.0292899999999441
 20
-0.1060659999999984
 30
0.0
 11
-1.032843999999953
 21
-0.1111429999999984
 31
0.0
  0
LINE
  5
1C2D
  8
0
 10
-1.032843999999953
 20
-0.1111429999999984
 30
0.0
 11
-1.0365599999999511
 21
-0.1159519999999929
 31
0.0
  0
LINE
  5
1C2E
  8
0
 10
-1.0365599999999511
 20
-0.1159519999999929
 30
0.0
 11
-1.040429999999956
 21
-0.1204809999999838
 31
0.0
  0
LINE
  5
1C2F
  8
0
 10
-1.040429999999956
 20
-0.1204809999999838
 30
0.0
 11
-1.0444420000000021
 21
-0.1247199999999964
 31
0.0
  0
LINE
  5
1C30
  8
0
 10
-1.0444420000000021
 20
-0.1247199999999964
 30
0.0
 11
-1.048589999999989
 21
-0.128658999999999
 31
0.0
  0
LINE
  5
1C31
  8
0
 10
-1.048589999999989
 20
-0.128658999999999
 30
0.0
 11
-1.0528599999999511
 21
-0.1322879999999884
 31
0.0
  0
LINE
  5
1C32
  8
0
 10
-1.014228000000001
 20
-0.0771153999999967
 30
0.0
 11
-1.0168539999999651
 21
-0.083335500000004
 31
0.0
  0
LINE
  5
1C33
  8
0
 10
-1.0118079999999721
 20
-0.0707094999999924
 30
0.0
 11
-1.014228000000001
 21
-0.0771153999999967
 31
0.0
  0
LINE
  5
1C34
  8
0
 10
-1.0168539999999651
 20
-0.083335500000004
 30
0.0
 11
-1.0196799999999919
 21
-0.0893548999999894
 31
0.0
  0
LINE
  5
1C35
  8
0
 10
-1.0950939999999589
 20
-0.1498189999999795
 30
0.0
 11
-1.099999999999965
 21
-0.1500000000000057
 31
0.0
  0
LINE
  5
1C36
  8
0
 10
-1.0572439999999681
 20
-0.1355979999999874
 30
0.0
 11
-1.061732000000005
 21
-0.1385819999999853
 31
0.0
  0
LINE
  5
1C37
  8
0
 10
-1.061732000000005
 20
-0.1385819999999853
 30
0.0
 11
-1.0663119999999811
 21
-0.1412320000000022
 31
0.0
  0
LINE
  5
1C38
  8
0
 10
-1.0663119999999811
 20
-0.1412320000000022
 30
0.0
 11
-1.070971999999982
 21
-0.143540999999999
 31
0.0
  0
LINE
  5
1C39
  8
0
 10
-1.070971999999982
 20
-0.143540999999999
 30
0.0
 11
-1.0757019999999771
 21
-0.1455049999999858
 31
0.0
  0
LINE
  5
1C3A
  8
0
 10
-1.0757019999999771
 20
-0.1455049999999858
 30
0.0
 11
-1.0804899999999971
 21
-0.1471180000000061
 31
0.0
  0
LINE
  5
1C3B
  8
0
 10
-1.0804899999999971
 20
-0.1471180000000061
 30
0.0
 11
-1.0853259999999501
 21
-0.1483759999999847
 31
0.0
  0
LINE
  5
1C3C
  8
0
 10
-1.0853259999999501
 20
-0.1483759999999847
 30
0.0
 11
-1.090197999999986
 21
-0.1492779999999811
 31
0.0
  0
LINE
  5
1C3D
  8
0
 10
-1.090197999999986
 20
-0.1492779999999811
 30
0.0
 11
-1.0950939999999589
 21
-0.1498189999999795
 31
0.0
  0
LINE
  5
1C3E
  8
0
 10
-1.0528599999999511
 20
-0.1322879999999884
 30
0.0
 11
-1.0572439999999681
 21
-0.1355979999999874
 31
0.0
  0
LINE
  5
1C3F
  8
0
 10
-0.9831459999999767
 20
-0.083335500000004
 30
0.0
 11
-0.9857719999999968
 21
-0.0771153999999967
 31
0.0
  0
LINE
  5
1C40
  8
0
 10
-0.9773019999999515
 20
-0.0951589999999953
 30
0.0
 11
-0.9803200000000051
 21
-0.0893548999999894
 31
0.0
  0
LINE
  5
1C41
  8
0
 10
-0.9471399999999896
 20
-0.1322879999999884
 30
0.0
 11
-0.9514099999999526
 21
-0.128658999999999
 31
0.0
  0
LINE
  5
1C42
  8
0
 10
-0.9514099999999526
 20
-0.128658999999999
 30
0.0
 11
-0.9555579999999952
 21
-0.1247199999999964
 31
0.0
  0
LINE
  5
1C43
  8
0
 10
-0.9555579999999952
 20
-0.1247199999999964
 30
0.0
 11
-0.9595699999999848
 21
-0.1204809999999838
 31
0.0
  0
LINE
  5
1C44
  8
0
 10
-0.9595699999999848
 20
-0.1204809999999838
 30
0.0
 11
-0.9634399999999903
 21
-0.1159519999999929
 31
0.0
  0
LINE
  5
1C45
  8
0
 10
-0.9634399999999903
 20
-0.1159519999999929
 30
0.0
 11
-0.9671559999999884
 21
-0.1111429999999984
 31
0.0
  0
LINE
  5
1C46
  8
0
 10
-0.9671559999999884
 20
-0.1111429999999984
 30
0.0
 11
-0.9707099999999959
 21
-0.1060659999999984
 31
0.0
  0
LINE
  5
1C47
  8
0
 10
-0.9707099999999959
 20
-0.1060659999999984
 30
0.0
 11
-0.9740959999999747
 21
-0.1007339999999886
 31
0.0
  0
LINE
  5
1C48
  8
0
 10
-0.9740959999999747
 20
-0.1007339999999886
 30
0.0
 11
-0.9773019999999515
 21
-0.0951589999999953
 31
0.0
  0
LINE
  5
1C49
  8
0
 10
-0.9803200000000051
 20
-0.0893548999999894
 30
0.0
 11
-0.9831459999999767
 21
-0.083335500000004
 31
0.0
  0
LINE
  5
1C4A
  8
0
 10
-0.9857719999999968
 20
-0.0771153999999967
 30
0.0
 11
-0.9881919999999697
 21
-0.0707094999999924
 31
0.0
  0
LINE
  5
1C4B
  8
0
 10
-0.9146739999999906
 20
-0.1483759999999847
 30
0.0
 11
-0.9195100000000023
 21
-0.1471180000000061
 31
0.0
  0
LINE
  5
1C4C
  8
0
 10
-0.9195100000000023
 20
-0.1471180000000061
 30
0.0
 11
-0.9242979999999647
 21
-0.1455049999999858
 31
0.0
  0
LINE
  5
1C4D
  8
0
 10
-0.9242979999999647
 20
-0.1455049999999858
 30
0.0
 11
-0.9290279999999596
 21
-0.143540999999999
 31
0.0
  0
LINE
  5
1C4E
  8
0
 10
-0.9290279999999596
 20
-0.143540999999999
 30
0.0
 11
-0.9336879999999608
 21
-0.1412320000000022
 31
0.0
  0
LINE
  5
1C4F
  8
0
 10
-0.9336879999999608
 20
-0.1412320000000022
 30
0.0
 11
-0.9382679999999934
 21
-0.1385819999999853
 31
0.0
  0
LINE
  5
1C50
  8
0
 10
-0.9382679999999934
 20
-0.1385819999999853
 30
0.0
 11
-0.9427559999999736
 21
-0.1355979999999874
 31
0.0
  0
LINE
  5
1C51
  8
0
 10
-0.9427559999999736
 20
-0.1355979999999874
 30
0.0
 11
-0.9471399999999896
 21
-0.1322879999999884
 31
0.0
  0
LINE
  5
1C52
  8
0
 10
-0.9146739999999906
 20
0.1483760000000132
 30
0.0
 11
-0.9098019999999555
 21
0.1492780000000096
 31
0.0
  0
LINE
  5
1C53
  8
0
 10
-1.0663119999999811
 20
0.1412320000000022
 30
0.0
 11
-1.061732000000005
 21
0.1385820000000138
 31
0.0
  0
LINE
  5
1C54
  8
0
 10
-1.061732000000005
 20
0.1385820000000138
 30
0.0
 11
-1.0572439999999681
 21
0.1355980000000159
 31
0.0
  0
LINE
  5
1C55
  8
0
 10
-1.0572439999999681
 20
0.1355980000000159
 30
0.0
 11
-1.0528599999999511
 21
0.1322880000000168
 31
0.0
  0
LINE
  5
1C56
  8
0
 10
-1.0528599999999511
 20
0.1322880000000168
 30
0.0
 11
-1.048589999999989
 21
0.128658999999999
 31
0.0
  0
LINE
  5
1C57
  8
0
 10
-1.048589999999989
 20
0.128658999999999
 30
0.0
 11
-1.0444420000000021
 21
0.1247199999999964
 31
0.0
  0
LINE
  5
1C58
  8
0
 10
-1.0444420000000021
 20
0.1247199999999964
 30
0.0
 11
-1.040429999999956
 21
0.1204810000000123
 31
0.0
  0
LINE
  5
1C59
  8
0
 10
-1.040429999999956
 20
0.1204810000000123
 30
0.0
 11
-1.0365599999999511
 21
0.1159520000000214
 31
0.0
  0
LINE
  5
1C5A
  8
0
 10
-1.0365599999999511
 20
0.1159520000000214
 30
0.0
 11
-1.032843999999953
 21
0.1111429999999984
 31
0.0
  0
LINE
  5
1C5B
  8
0
 10
-1.032843999999953
 20
0.1111429999999984
 30
0.0
 11
-1.0292899999999441
 21
0.1060659999999984
 31
0.0
  0
LINE
  5
1C5C
  8
0
 10
-1.0292899999999441
 20
0.1060659999999984
 30
0.0
 11
-1.0259039999999671
 21
0.100734000000017
 31
0.0
  0
LINE
  5
1C5D
  8
0
 10
-1.0950939999999589
 20
0.1498190000000079
 30
0.0
 11
-1.090197999999986
 21
0.1492780000000096
 31
0.0
  0
LINE
  5
1C5E
  8
0
 10
-1.0168539999999651
 20
0.083335500000004
 30
0.0
 11
-1.014228000000001
 21
0.0771153999999968
 31
0.0
  0
LINE
  5
1C5F
  8
0
 10
-1.014228000000001
 20
0.0771153999999968
 30
0.0
 11
-1.0118079999999721
 21
0.0707095000000209
 31
0.0
  0
LINE
  5
1C60
  8
0
 10
-1.0118079999999721
 20
0.0707095000000209
 30
0.0
 11
-1.009601999999971
 21
0.0641333000000089
 31
0.0
  0
LINE
  5
1C61
  8
0
 10
-1.009601999999971
 20
0.0641333000000089
 30
0.0
 11
-1.0076119999999931
 21
0.0574024999999949
 31
0.0
  0
LINE
  5
1C62
  8
0
 10
-1.0076119999999931
 20
0.0574024999999949
 30
0.0
 11
-1.005845999999962
 21
0.0505335000000003
 31
0.0
  0
LINE
  5
1C63
  8
0
 10
-1.005845999999962
 20
0.0505335000000003
 30
0.0
 11
-1.004305999999985
 21
0.0435427000000175
 31
0.0
  0
LINE
  5
1C64
  8
0
 10
-1.004305999999985
 20
0.0435427000000175
 30
0.0
 11
-1.002995999999994
 21
0.0364470000000097
 31
0.0
  0
LINE
  5
1C65
  8
0
 10
-1.002995999999994
 20
0.0364470000000097
 30
0.0
 11
-1.0019219999999771
 21
0.0292635000000132
 31
0.0
  0
LINE
  5
1C66
  8
0
 10
-1.0019219999999771
 20
0.0292635000000132
 30
0.0
 11
-1.001081999999996
 21
0.0220096000000183
 31
0.0
  0
LINE
  5
1C67
  8
0
 10
-1.001081999999996
 20
0.0220096000000183
 30
0.0
 11
-1.000481999999975
 21
0.014702600000021
 31
0.0
  0
LINE
  5
1C68
  8
0
 10
-1.000481999999975
 20
0.014702600000021
 30
0.0
 11
-1.000119999999979
 21
0.0073601999999937
 31
0.0
  0
LINE
  5
1C69
  8
0
 10
-0.9998799999999615
 20
0.0073601999999937
 30
0.0
 11
-0.9995179999999653
 21
0.014702600000021
 31
0.0
  0
LINE
  5
1C6A
  8
0
 10
-0.9995179999999653
 20
0.014702600000021
 30
0.0
 11
-0.9989180000000022
 21
0.0220096000000183
 31
0.0
  0
LINE
  5
1C6B
  8
0
 10
-0.9989180000000022
 20
0.0220096000000183
 30
0.0
 11
-0.9980779999999631
 21
0.0292635000000132
 31
0.0
  0
LINE
  5
1C6C
  8
0
 10
-0.9980779999999631
 20
0.0292635000000132
 30
0.0
 11
-0.9970040000000036
 21
0.0364470000000097
 31
0.0
  0
LINE
  5
1C6D
  8
0
 10
-0.9970040000000036
 20
0.0364470000000097
 30
0.0
 11
-0.9956939999999575
 21
0.0435427000000175
 31
0.0
  0
LINE
  5
1C6E
  8
0
 10
-0.9956939999999575
 20
0.0435427000000175
 30
0.0
 11
-0.9941539999999796
 21
0.0505335000000003
 31
0.0
  0
LINE
  5
1C6F
  8
0
 10
-0.9941539999999796
 20
0.0505335000000003
 30
0.0
 11
-0.9923880000000043
 21
0.0574024999999949
 31
0.0
  0
LINE
  5
1C70
  8
0
 10
-1.0196799999999919
 20
0.0893549000000178
 30
0.0
 11
-1.0168539999999651
 21
0.083335500000004
 31
0.0
  0
LINE
  5
1C71
  8
0
 10
-1.000119999999979
 20
0.0073601999999937
 30
0.0
 11
-0.9999999999999996
 21
0.0
 31
0.0
  0
LINE
  5
1C72
  8
0
 10
-0.9999999999999996
 20
0.0
 30
0.0
 11
-0.9998799999999615
 21
0.0073601999999937
 31
0.0
  0
LINE
  5
1C73
  8
0
 10
-1.002995999999994
 20
-0.0364470000000097
 30
0.0
 11
-1.004305999999985
 21
-0.0435426999999891
 31
0.0
  0
LINE
  5
1C74
  8
0
 10
-0.9956939999999575
 20
-0.0435426999999891
 30
0.0
 11
-0.9970040000000036
 21
-0.0364470000000097
 31
0.0
  0
LINE
  5
1C75
  8
0
 10
-1.004305999999985
 20
-0.0435426999999891
 30
0.0
 11
-1.005845999999962
 21
-0.0505335000000002
 31
0.0
  0
LINE
  5
1C76
  8
0
 10
-1.005845999999962
 20
-0.0505335000000002
 30
0.0
 11
-1.0076119999999931
 21
-0.0574024999999949
 31
0.0
  0
LINE
  5
1C77
  8
0
 10
-1.0076119999999931
 20
-0.0574024999999949
 30
0.0
 11
-1.009601999999971
 21
-0.0641332999999804
 31
0.0
  0
LINE
  5
1C78
  8
0
 10
-0.9923880000000043
 20
-0.0574024999999949
 30
0.0
 11
-0.9941539999999796
 21
-0.0505335000000002
 31
0.0
  0
LINE
  5
1C79
  8
0
 10
-0.9941539999999796
 20
-0.0505335000000002
 30
0.0
 11
-0.9956939999999575
 21
-0.0435426999999891
 31
0.0
  0
LINE
  5
1C7A
  8
0
 10
-0.9999999999999996
 20
0.0
 30
0.0
 11
-1.000119999999979
 21
-0.0073601999999937
 31
0.0
  0
LINE
  5
1C7B
  8
0
 10
-1.000119999999979
 20
-0.0073601999999937
 30
0.0
 11
-1.000481999999975
 21
-0.0147025999999926
 31
0.0
  0
LINE
  5
1C7C
  8
0
 10
-1.000481999999975
 20
-0.0147025999999926
 30
0.0
 11
-1.001081999999996
 21
-0.0220095999999899
 31
0.0
  0
LINE
  5
1C7D
  8
0
 10
-1.001081999999996
 20
-0.0220095999999899
 30
0.0
 11
-1.0019219999999771
 21
-0.0292634999999848
 31
0.0
  0
LINE
  5
1C7E
  8
0
 10
-1.0019219999999771
 20
-0.0292634999999848
 30
0.0
 11
-1.002995999999994
 21
-0.0364470000000097
 31
0.0
  0
LINE
  5
1C7F
  8
0
 10
-0.9970040000000036
 20
-0.0364470000000097
 30
0.0
 11
-0.9980779999999631
 21
-0.0292634999999848
 31
0.0
  0
LINE
  5
1C80
  8
0
 10
-0.9980779999999631
 20
-0.0292634999999848
 30
0.0
 11
-0.9989180000000022
 21
-0.0220095999999899
 31
0.0
  0
LINE
  5
1C81
  8
0
 10
-0.9989180000000022
 20
-0.0220095999999899
 30
0.0
 11
-0.9995179999999653
 21
-0.0147025999999926
 31
0.0
  0
LINE
  5
1C82
  8
0
 10
-0.9995179999999653
 20
-0.0147025999999926
 30
0.0
 11
-0.9998799999999615
 21
-0.0073601999999937
 31
0.0
  0
LINE
  5
1C83
  8
0
 10
-0.9998799999999615
 20
-0.0073601999999937
 30
0.0
 11
-0.9999999999999996
 21
0.0
 31
0.0
  0
LINE
  5
1C84
  8
0
 10
-1.0259039999999671
 20
0.100734000000017
 30
0.0
 11
-1.022697999999989
 21
0.0951589999999953
 31
0.0
  0
LINE
  5
1C85
  8
0
 10
-1.099999999999965
 20
0.1500000000000057
 30
0.0
 11
-1.0950939999999589
 21
0.1498190000000079
 31
0.0
  0
LINE
  5
1C86
  8
0
 10
-1.090197999999986
 20
0.1492780000000096
 30
0.0
 11
-1.0853259999999501
 21
0.1483760000000132
 31
0.0
  0
LINE
  5
1C87
  8
0
 10
-1.0853259999999501
 20
0.1483760000000132
 30
0.0
 11
-1.0804899999999971
 21
0.1471180000000061
 31
0.0
  0
LINE
  5
1C88
  8
0
 10
-1.0804899999999971
 20
0.1471180000000061
 30
0.0
 11
-1.0757019999999771
 21
0.1455050000000142
 31
0.0
  0
LINE
  5
1C89
  8
0
 10
-1.0757019999999771
 20
0.1455050000000142
 30
0.0
 11
-1.070971999999982
 21
0.143540999999999
 31
0.0
  0
LINE
  5
1C8A
  8
0
 10
-1.070971999999982
 20
0.143540999999999
 30
0.0
 11
-1.0663119999999811
 21
0.1412320000000022
 31
0.0
  0
LINE
  5
1C8B
  8
0
 10
-0.9773019999999515
 20
0.0951589999999953
 30
0.0
 11
-0.9740959999999747
 21
0.100734000000017
 31
0.0
  0
LINE
  5
1C8C
  8
0
 10
-0.9803200000000051
 20
0.0893549000000178
 30
0.0
 11
-0.9773019999999515
 21
0.0951589999999953
 31
0.0
  0
LINE
  5
1C8D
  8
0
 10
-0.9903979999999704
 20
0.0641333000000089
 30
0.0
 11
-0.9881919999999697
 21
0.0707095000000209
 31
0.0
  0
LINE
  5
1C8E
  8
0
 10
-0.9881919999999697
 20
0.0707095000000209
 30
0.0
 11
-0.9857719999999968
 21
0.0771153999999968
 31
0.0
  0
LINE
  5
1C8F
  8
0
 10
-0.9857719999999968
 20
0.0771153999999968
 30
0.0
 11
-0.9831459999999767
 21
0.083335500000004
 31
0.0
  0
LINE
  5
1C90
  8
0
 10
-0.9831459999999767
 20
0.083335500000004
 30
0.0
 11
-0.9803200000000051
 21
0.0893549000000178
 31
0.0
  0
LINE
  5
1C91
  8
0
 10
-0.9740959999999747
 20
0.100734000000017
 30
0.0
 11
-0.9707099999999959
 21
0.1060659999999984
 31
0.0
  0
LINE
  5
1C92
  8
0
 10
-0.9707099999999959
 20
0.1060659999999984
 30
0.0
 11
-0.9671559999999884
 21
0.1111429999999984
 31
0.0
  0
LINE
  5
1C93
  8
0
 10
-0.9671559999999884
 20
0.1111429999999984
 30
0.0
 11
-0.9634399999999903
 21
0.1159520000000214
 31
0.0
  0
LINE
  5
1C94
  8
0
 10
-0.9634399999999903
 20
0.1159520000000214
 30
0.0
 11
-0.9595699999999848
 21
0.1204810000000123
 31
0.0
  0
LINE
  5
1C95
  8
0
 10
-0.9595699999999848
 20
0.1204810000000123
 30
0.0
 11
-0.9555579999999952
 21
0.1247199999999964
 31
0.0
  0
LINE
  5
1C96
  8
0
 10
-0.9555579999999952
 20
0.1247199999999964
 30
0.0
 11
-0.9514099999999526
 21
0.128658999999999
 31
0.0
  0
LINE
  5
1C97
  8
0
 10
-0.9514099999999526
 20
0.128658999999999
 30
0.0
 11
-0.9471399999999896
 21
0.1322880000000168
 31
0.0
  0
LINE
  5
1C98
  8
0
 10
-0.9471399999999896
 20
0.1322880000000168
 30
0.0
 11
-0.9427559999999736
 21
0.1355980000000159
 31
0.0
  0
LINE
  5
1C99
  8
0
 10
-0.9427559999999736
 20
0.1355980000000159
 30
0.0
 11
-0.9382679999999934
 21
0.1385820000000138
 31
0.0
  0
LINE
  5
1C9A
  8
0
 10
-0.9382679999999934
 20
0.1385820000000138
 30
0.0
 11
-0.9336879999999608
 21
0.1412320000000022
 31
0.0
  0
LINE
  5
1C9B
  8
0
 10
-0.9336879999999608
 20
0.1412320000000022
 30
0.0
 11
-0.9290279999999596
 21
0.143540999999999
 31
0.0
  0
LINE
  5
1C9C
  8
0
 10
-0.9290279999999596
 20
0.143540999999999
 30
0.0
 11
-0.9242979999999647
 21
0.1455050000000142
 31
0.0
  0
LINE
  5
1C9D
  8
0
 10
-0.9242979999999647
 20
0.1455050000000142
 30
0.0
 11
-0.9195100000000023
 21
0.1471180000000061
 31
0.0
  0
LINE
  5
1C9E
  8
0
 10
-0.9195100000000023
 20
0.1471180000000061
 30
0.0
 11
-0.9146739999999906
 21
0.1483760000000132
 31
0.0
  0
LINE
  5
1C9F
  8
0
 10
-0.9923880000000043
 20
0.0574024999999949
 30
0.0
 11
-0.9903979999999704
 21
0.0641333000000089
 31
0.0
  0
LINE
  5
1CA0
  8
0
 10
-0.9903979999999704
 20
-0.0641332999999804
 30
0.0
 11
-0.9923880000000043
 21
-0.0574024999999949
 31
0.0
  0
LINE
  5
1CA1
  8
0
 10
-0.8999999999999762
 20
-0.1500000000000057
 30
0.0
 11
-0.9049059999999825
 21
-0.1498189999999795
 31
0.0
  0
LINE
  5
1CA2
  8
0
 10
-0.8292899999999575
 20
-0.1060659999999984
 30
0.0
 11
-0.8328439999999655
 21
-0.1111429999999984
 31
0.0
  0
LINE
  5
1CA3
  8
0
 10
-0.8328439999999655
 20
-0.1111429999999984
 30
0.0
 11
-0.8365599999999627
 21
-0.1159519999999929
 31
0.0
  0
LINE
  5
1CA4
  8
0
 10
-0.8365599999999627
 20
-0.1159519999999929
 30
0.0
 11
-0.8404299999999683
 21
-0.1204809999999838
 31
0.0
  0
LINE
  5
1CA5
  8
0
 10
-0.8404299999999683
 20
-0.1204809999999838
 30
0.0
 11
-0.8444419999999574
 21
-0.1247199999999964
 31
0.0
  0
LINE
  5
1CA6
  8
0
 10
-0.8444419999999574
 20
-0.1247199999999964
 30
0.0
 11
-0.8485900000000013
 21
-0.128658999999999
 31
0.0
  0
LINE
  5
1CA7
  8
0
 10
-0.8485900000000013
 20
-0.128658999999999
 30
0.0
 11
-0.8528599999999634
 21
-0.1322879999999884
 31
0.0
  0
LINE
  5
1CA8
  8
0
 10
-0.8572439999999797
 20
-0.1355979999999874
 30
0.0
 11
-0.8617319999999601
 21
-0.1385819999999853
 31
0.0
  0
LINE
  5
1CA9
  8
0
 10
-0.8663119999999935
 20
-0.1412320000000022
 30
0.0
 11
-0.8709719999999945
 21
-0.143540999999999
 31
0.0
  0
LINE
  5
1CAA
  8
0
 10
-0.8617319999999601
 20
-0.1385819999999853
 30
0.0
 11
-0.8663119999999935
 21
-0.1412320000000022
 31
0.0
  0
LINE
  5
1CAB
  8
0
 10
-0.8709719999999945
 20
-0.143540999999999
 30
0.0
 11
-0.8757019999999895
 21
-0.1455049999999858
 31
0.0
  0
LINE
  5
1CAC
  8
0
 10
-0.8757019999999895
 20
-0.1455049999999858
 30
0.0
 11
-0.8804899999999516
 21
-0.1471180000000061
 31
0.0
  0
LINE
  5
1CAD
  8
0
 10
-0.8804899999999516
 20
-0.1471180000000061
 30
0.0
 11
-0.8853259999999634
 21
-0.1483759999999847
 31
0.0
  0
LINE
  5
1CAE
  8
0
 10
-0.8853259999999634
 20
-0.1483759999999847
 30
0.0
 11
-0.8901979999999973
 21
-0.1492779999999811
 31
0.0
  0
LINE
  5
1CAF
  8
0
 10
-0.8901979999999973
 20
-0.1492779999999811
 30
0.0
 11
-0.8950939999999715
 21
-0.1498189999999795
 31
0.0
  0
LINE
  5
1CB0
  8
0
 10
-0.8950939999999715
 20
-0.1498189999999795
 30
0.0
 11
-0.8999999999999762
 21
-0.1500000000000057
 31
0.0
  0
LINE
  5
1CB1
  8
0
 10
-0.8528599999999634
 20
-0.1322879999999884
 30
0.0
 11
-0.8572439999999797
 21
-0.1355979999999874
 31
0.0
  0
LINE
  5
1CB2
  8
0
 10
-0.9049059999999825
 20
0.1498190000000079
 30
0.0
 11
-0.8999999999999762
 21
0.1500000000000057
 31
0.0
  0
LINE
  5
1CB3
  8
0
 10
-0.8617319999999601
 20
0.1385820000000138
 30
0.0
 11
-0.8572439999999797
 21
0.1355980000000159
 31
0.0
  0
LINE
  5
1CB4
  8
0
 10
-0.8572439999999797
 20
0.1355980000000159
 30
0.0
 11
-0.8528599999999634
 21
0.1322880000000168
 31
0.0
  0
LINE
  5
1CB5
  8
0
 10
-0.8528599999999634
 20
0.1322880000000168
 30
0.0
 11
-0.8485900000000013
 21
0.128658999999999
 31
0.0
  0
LINE
  5
1CB6
  8
0
 10
-0.8485900000000013
 20
0.128658999999999
 30
0.0
 11
-0.8444419999999574
 21
0.1247199999999964
 31
0.0
  0
LINE
  5
1CB7
  8
0
 10
-0.8444419999999574
 20
0.1247199999999964
 30
0.0
 11
-0.8404299999999683
 21
0.1204810000000123
 31
0.0
  0
LINE
  5
1CB8
  8
0
 10
-0.8404299999999683
 20
0.1204810000000123
 30
0.0
 11
-0.8365599999999627
 21
0.1159520000000214
 31
0.0
  0
LINE
  5
1CB9
  8
0
 10
-0.8365599999999627
 20
0.1159520000000214
 30
0.0
 11
-0.8328439999999655
 21
0.1111429999999984
 31
0.0
  0
LINE
  5
1CBA
  8
0
 10
-0.8328439999999655
 20
0.1111429999999984
 30
0.0
 11
-0.8292899999999575
 21
0.1060659999999984
 31
0.0
  0
LINE
  5
1CBB
  8
0
 10
-0.8709719999999945
 20
0.143540999999999
 30
0.0
 11
-0.8663119999999935
 21
0.1412320000000022
 31
0.0
  0
LINE
  5
1CBC
  8
0
 10
-0.8663119999999935
 20
0.1412320000000022
 30
0.0
 11
-0.8617319999999601
 21
0.1385820000000138
 31
0.0
  0
LINE
  5
1CBD
  8
0
 10
-0.8999999999999762
 20
0.1500000000000057
 30
0.0
 11
-0.8950939999999715
 21
0.1498190000000079
 31
0.0
  0
LINE
  5
1CBE
  8
0
 10
-0.8950939999999715
 20
0.1498190000000079
 30
0.0
 11
-0.8901979999999973
 21
0.1492780000000096
 31
0.0
  0
LINE
  5
1CBF
  8
0
 10
-0.8901979999999973
 20
0.1492780000000096
 30
0.0
 11
-0.8853259999999634
 21
0.1483760000000132
 31
0.0
  0
LINE
  5
1CC0
  8
0
 10
-0.8853259999999634
 20
0.1483760000000132
 30
0.0
 11
-0.8804899999999516
 21
0.1471180000000061
 31
0.0
  0
LINE
  5
1CC1
  8
0
 10
-0.8804899999999516
 20
0.1471180000000061
 30
0.0
 11
-0.8757019999999895
 21
0.1455050000000142
 31
0.0
  0
LINE
  5
1CC2
  8
0
 10
-0.8757019999999895
 20
0.1455050000000142
 30
0.0
 11
-0.8709719999999945
 21
0.143540999999999
 31
0.0
  0
LINE
  5
1CC3
  8
0
 10
-0.9049059999999825
 20
-0.1498189999999795
 30
0.0
 11
-0.9098019999999555
 21
-0.1492779999999811
 31
0.0
  0
LINE
  5
1CC4
  8
0
 10
-0.9098019999999555
 20
0.1492780000000096
 30
0.0
 11
-0.9049059999999825
 21
0.1498190000000079
 31
0.0
  0
LINE
  5
1CC5
  8
0
 10
-1.099999999999965
 20
0.1500000000000057
 30
0.0
 11
-1.199999999999988
 21
0.1500000000000057
 31
0.0
  0
LINE
  5
1CC6
  8
0
 10
-1.199999999999988
 20
-0.1500000000000057
 30
0.0
 11
-1.099999999999965
 21
-0.1500000000000057
 31
0.0
  0
LINE
  5
1CC7
  8
0
 10
-1.099999999999965
 20
-0.1500000000000057
 30
0.0
 11
-1.1049059999999691
 21
-0.1498189999999795
 31
0.0
  0
LINE
  5
1CC8
  8
0
 10
-1.1049059999999691
 20
0.1498190000000079
 30
0.0
 11
-1.099999999999965
 21
0.1500000000000057
 31
0.0
  0
LINE
  5
1CC9
  8
0
 10
-1.022697999999989
 20
0.0951589999999953
 30
0.0
 11
-0.9941539999999796
 21
0.0505335000000003
 31
0.0
  0
LINE
  5
1CCA
  8
0
 10
-0.8259039999999797
 20
-0.1007339999999886
 30
0.0
 11
-0.8292899999999575
 21
-0.1060659999999984
 31
0.0
  0
LINE
  5
1CCB
  8
0
 10
-0.8292899999999575
 20
0.1060659999999984
 30
0.0
 11
-0.8259039999999797
 21
0.100734000000017
 31
0.0
  0
LINE
  5
1CCC
  8
0
 10
-0.8096019999999841
 20
-0.0641332999999804
 30
0.0
 11
-0.8118079999999848
 21
-0.0707094999999924
 31
0.0
  0
LINE
  5
1CCD
  8
0
 10
-0.7881921999999692
 20
-0.0707094999999924
 30
0.0
 11
-0.7903989999999797
 21
-0.0641332999999804
 31
0.0
  0
LINE
  5
1CCE
  8
0
 10
-0.8142279999999573
 20
-0.0771153999999967
 30
0.0
 11
-0.8168539999999778
 21
-0.083335500000004
 31
0.0
  0
LINE
  5
1CCF
  8
0
 10
-0.8168539999999778
 20
-0.083335500000004
 30
0.0
 11
-0.8196800000000042
 21
-0.0893548999999894
 31
0.0
  0
LINE
  5
1CD0
  8
0
 10
-0.8196800000000042
 20
-0.0893548999999894
 30
0.0
 11
-0.8226980000000024
 21
-0.0951589999999953
 31
0.0
  0
LINE
  5
1CD1
  8
0
 10
-0.8226980000000024
 20
-0.0951589999999953
 30
0.0
 11
-0.8259039999999797
 21
-0.1007339999999886
 31
0.0
  0
LINE
  5
1CD2
  8
0
 10
-0.8118079999999848
 20
-0.0707094999999924
 30
0.0
 11
-0.8142279999999573
 21
-0.0771153999999967
 31
0.0
  0
LINE
  5
1CD3
  8
0
 10
-0.7831469999999854
 20
-0.083335500000004
 30
0.0
 11
-0.7857727999999611
 21
-0.0771153999999967
 31
0.0
  0
LINE
  5
1CD4
  8
0
 10
-0.7595699999999968
 20
-0.1204809999999838
 30
0.0
 11
-0.7634393999999815
 21
-0.1159519999999929
 31
0.0
  0
LINE
  5
1CD5
  8
0
 10
-0.7634393999999815
 20
-0.1159519999999929
 30
0.0
 11
-0.767155800000012
 21
-0.1111429999999984
 31
0.0
  0
LINE
  5
1CD6
  8
0
 10
-0.767155800000012
 20
-0.1111429999999984
 30
0.0
 11
-0.7707105999999726
 21
-0.1060659999999984
 31
0.0
  0
LINE
  5
1CD7
  8
0
 10
-0.7707105999999726
 20
-0.1060659999999984
 30
0.0
 11
-0.7740951999999765
 21
-0.1007339999999886
 31
0.0
  0
LINE
  5
1CD8
  8
0
 10
-0.7740951999999765
 20
-0.1007339999999886
 30
0.0
 11
-0.7773009999999661
 21
-0.0951589999999953
 31
0.0
  0
LINE
  5
1CD9
  8
0
 10
-0.7773009999999661
 20
-0.0951589999999953
 30
0.0
 11
-0.78032079999997
 21
-0.0893548999999894
 31
0.0
  0
LINE
  5
1CDA
  8
0
 10
-0.78032079999997
 20
-0.0893548999999894
 30
0.0
 11
-0.7831469999999854
 21
-0.083335500000004
 31
0.0
  0
LINE
  5
1CDB
  8
0
 10
-0.7857727999999611
 20
-0.0771153999999967
 30
0.0
 11
-0.7881921999999692
 21
-0.0707094999999924
 31
0.0
  0
LINE
  5
1CDC
  8
0
 10
-0.7956939999999692
 20
-0.0435426999999891
 30
0.0
 11
-0.7970032000000061
 21
-0.0364470000000097
 31
0.0
  0
LINE
  5
1CDD
  8
0
 10
-0.7970032000000061
 20
0.0364470000000097
 30
0.0
 11
-0.7956939999999692
 21
0.0435427000000175
 31
0.0
  0
LINE
  5
1CDE
  8
0
 10
-0.7999999999999548
 20
0.0
 30
0.0
 11
-0.7998795999999973
 21
0.0073601999999937
 31
0.0
  0
LINE
  5
1CDF
  8
0
 10
-0.8001199999999926
 20
0.0073601999999937
 30
0.0
 11
-0.7999999999999548
 21
0.0
 31
0.0
  0
LINE
  5
1CE0
  8
0
 10
-0.8029960000000072
 20
-0.0364470000000097
 30
0.0
 11
-0.8043059999999966
 21
-0.0435426999999891
 31
0.0
  0
LINE
  5
1CE1
  8
0
 10
-0.8043059999999966
 20
-0.0435426999999891
 30
0.0
 11
-0.805845999999974
 21
-0.0505335000000002
 31
0.0
  0
LINE
  5
1CE2
  8
0
 10
-0.805845999999974
 20
-0.0505335000000002
 30
0.0
 11
-0.8076120000000058
 21
-0.0574024999999949
 31
0.0
  0
LINE
  5
1CE3
  8
0
 10
-0.8076120000000058
 20
-0.0574024999999949
 30
0.0
 11
-0.8096019999999841
 21
-0.0641332999999804
 31
0.0
  0
LINE
  5
1CE4
  8
0
 10
-0.7970032000000061
 20
-0.0364470000000097
 30
0.0
 11
-0.7980785999999968
 21
-0.0292634999999848
 31
0.0
  0
LINE
  5
1CE5
  8
0
 10
-0.7980785999999968
 20
-0.0292634999999848
 30
0.0
 11
-0.7989175999999814
 21
-0.0220095999999899
 31
0.0
  0
LINE
  5
1CE6
  8
0
 10
-0.7989175999999814
 20
-0.0220095999999899
 30
0.0
 11
-0.7995183999999541
 21
-0.0147025999999926
 31
0.0
  0
LINE
  5
1CE7
  8
0
 10
-0.7995183999999541
 20
-0.0147025999999926
 30
0.0
 11
-0.7998795999999973
 21
-0.0073601999999937
 31
0.0
  0
LINE
  5
1CE8
  8
0
 10
-0.7998795999999973
 20
-0.0073601999999937
 30
0.0
 11
-0.7999999999999548
 21
0.0
 31
0.0
  0
LINE
  5
1CE9
  8
0
 10
-0.7999999999999548
 20
0.0
 30
0.0
 11
-0.8001199999999926
 21
-0.0073601999999937
 31
0.0
  0
LINE
  5
1CEA
  8
0
 10
-0.8001199999999926
 20
-0.0073601999999937
 30
0.0
 11
-0.8004819999999882
 21
-0.0147025999999926
 31
0.0
  0
LINE
  5
1CEB
  8
0
 10
-0.8004819999999882
 20
-0.0147025999999926
 30
0.0
 11
-0.8010819999999512
 21
-0.0220095999999899
 31
0.0
  0
LINE
  5
1CEC
  8
0
 10
-0.8010819999999512
 20
-0.0220095999999899
 30
0.0
 11
-0.8019219999999903
 21
-0.0292634999999848
 31
0.0
  0
LINE
  5
1CED
  8
0
 10
-0.8019219999999903
 20
-0.0292634999999848
 30
0.0
 11
-0.8029960000000072
 21
-0.0364470000000097
 31
0.0
  0
LINE
  5
1CEE
  8
0
 10
-0.8259039999999797
 20
0.100734000000017
 30
0.0
 11
-0.8226980000000024
 21
0.0951589999999953
 31
0.0
  0
LINE
  5
1CEF
  8
0
 10
-0.7998795999999973
 20
0.0073601999999937
 30
0.0
 11
-0.7995183999999541
 21
0.014702600000021
 31
0.0
  0
LINE
  5
1CF0
  8
0
 10
-0.7995183999999541
 20
0.014702600000021
 30
0.0
 11
-0.7989175999999814
 21
0.0220096000000183
 31
0.0
  0
LINE
  5
1CF1
  8
0
 10
-0.7989175999999814
 20
0.0220096000000183
 30
0.0
 11
-0.7980785999999968
 21
0.0292635000000132
 31
0.0
  0
LINE
  5
1CF2
  8
0
 10
-0.7980785999999968
 20
0.0292635000000132
 30
0.0
 11
-0.7970032000000061
 21
0.0364470000000097
 31
0.0
  0
LINE
  5
1CF3
  8
0
 10
-0.8226980000000024
 20
0.0951589999999953
 30
0.0
 11
-0.8196800000000042
 21
0.0893549000000178
 31
0.0
  0
LINE
  5
1CF4
  8
0
 10
-0.8196800000000042
 20
0.0893549000000178
 30
0.0
 11
-0.8168539999999778
 21
0.083335500000004
 31
0.0
  0
LINE
  5
1CF5
  8
0
 10
-0.8168539999999778
 20
0.083335500000004
 30
0.0
 11
-0.8142279999999573
 21
0.0771153999999968
 31
0.0
  0
LINE
  5
1CF6
  8
0
 10
-0.8142279999999573
 20
0.0771153999999968
 30
0.0
 11
-0.8118079999999848
 21
0.0707095000000209
 31
0.0
  0
LINE
  5
1CF7
  8
0
 10
-0.8118079999999848
 20
0.0707095000000209
 30
0.0
 11
-0.8096019999999841
 21
0.0641333000000089
 31
0.0
  0
LINE
  5
1CF8
  8
0
 10
-0.8096019999999841
 20
0.0641333000000089
 30
0.0
 11
-0.8076120000000058
 21
0.0574024999999949
 31
0.0
  0
LINE
  5
1CF9
  8
0
 10
-0.8076120000000058
 20
0.0574024999999949
 30
0.0
 11
-0.805845999999974
 21
0.0505335000000003
 31
0.0
  0
LINE
  5
1CFA
  8
0
 10
-0.805845999999974
 20
0.0505335000000003
 30
0.0
 11
-0.8043059999999966
 21
0.0435427000000175
 31
0.0
  0
LINE
  5
1CFB
  8
0
 10
-0.8043059999999966
 20
0.0435427000000175
 30
0.0
 11
-0.8029960000000072
 21
0.0364470000000097
 31
0.0
  0
LINE
  5
1CFC
  8
0
 10
-0.8029960000000072
 20
0.0364470000000097
 30
0.0
 11
-0.8019219999999903
 21
0.0292635000000132
 31
0.0
  0
LINE
  5
1CFD
  8
0
 10
-0.8019219999999903
 20
0.0292635000000132
 30
0.0
 11
-0.8010819999999512
 21
0.0220096000000183
 31
0.0
  0
LINE
  5
1CFE
  8
0
 10
-0.8010819999999512
 20
0.0220096000000183
 30
0.0
 11
-0.8004819999999882
 21
0.014702600000021
 31
0.0
  0
LINE
  5
1CFF
  8
0
 10
-0.8004819999999882
 20
0.014702600000021
 30
0.0
 11
-0.8001199999999926
 21
0.0073601999999937
 31
0.0
  0
LINE
  5
1D00
  8
0
 10
-0.7903989999999797
 20
-0.0641332999999804
 30
0.0
 11
-0.7923879999999599
 21
-0.0574024999999949
 31
0.0
  0
LINE
  5
1D01
  8
0
 10
-0.7923879999999599
 20
-0.0574024999999949
 30
0.0
 11
-0.794154399999968
 21
-0.0505335000000002
 31
0.0
  0
LINE
  5
1D02
  8
0
 10
-0.794154399999968
 20
-0.0505335000000002
 30
0.0
 11
-0.7956939999999692
 21
-0.0435426999999891
 31
0.0
  0
LINE
  5
1D03
  8
0
 10
-0.7773009999999661
 20
0.0951589999999953
 30
0.0
 11
-0.7740951999999765
 21
0.100734000000017
 31
0.0
  0
LINE
  5
1D04
  8
0
 10
-0.7956939999999692
 20
0.0435427000000175
 30
0.0
 11
-0.794154399999968
 21
0.0505335000000003
 31
0.0
  0
LINE
  5
1D05
  8
0
 10
-0.794154399999968
 20
0.0505335000000003
 30
0.0
 11
-0.7923879999999599
 21
0.0574024999999949
 31
0.0
  0
LINE
  5
1D06
  8
0
 10
-0.7923879999999599
 20
0.0574024999999949
 30
0.0
 11
-0.7903989999999797
 21
0.0641333000000089
 31
0.0
  0
LINE
  5
1D07
  8
0
 10
-0.7903989999999797
 20
0.0641333000000089
 30
0.0
 11
-0.7881921999999692
 21
0.0707095000000209
 31
0.0
  0
LINE
  5
1D08
  8
0
 10
-0.7881921999999692
 20
0.0707095000000209
 30
0.0
 11
-0.7857727999999611
 21
0.0771153999999968
 31
0.0
  0
LINE
  5
1D09
  8
0
 10
-0.7857727999999611
 20
0.0771153999999968
 30
0.0
 11
-0.7831469999999854
 21
0.083335500000004
 31
0.0
  0
LINE
  5
1D0A
  8
0
 10
-0.7831469999999854
 20
0.083335500000004
 30
0.0
 11
-0.78032079999997
 21
0.0893549000000178
 31
0.0
  0
LINE
  5
1D0B
  8
0
 10
-0.78032079999997
 20
0.0893549000000178
 30
0.0
 11
-0.7773009999999661
 21
0.0951589999999953
 31
0.0
  0
LINE
  5
1D0C
  8
0
 10
-0.7740951999999765
 20
0.100734000000017
 30
0.0
 11
-0.7707105999999726
 21
0.1060659999999984
 31
0.0
  0
LINE
  5
1D0D
  8
0
 10
-0.7707105999999726
 20
0.1060659999999984
 30
0.0
 11
-0.767155800000012
 21
0.1111429999999984
 31
0.0
  0
LINE
  5
1D0E
  8
0
 10
-0.767155800000012
 20
0.1111429999999984
 30
0.0
 11
-0.7634393999999815
 21
0.1159520000000214
 31
0.0
  0
LINE
  5
1D0F
  8
0
 10
-0.7634393999999815
 20
0.1159520000000214
 30
0.0
 11
-0.7595699999999968
 21
0.1204810000000123
 31
0.0
  0
LINE
  5
1D10
  8
0
 10
-0.6485897999999679
 20
-0.128658999999999
 30
0.0
 11
-0.6528603999999521
 21
-0.1322879999999884
 31
0.0
  0
LINE
  5
1D11
  8
0
 10
-0.6572443999999678
 20
-0.1355979999999874
 30
0.0
 11
-0.6617315999999959
 21
-0.1385819999999853
 31
0.0
  0
LINE
  5
1D12
  8
0
 10
-0.6617315999999959
 20
-0.1385819999999853
 30
0.0
 11
-0.6663110000000077
 21
-0.1412320000000022
 31
0.0
  0
LINE
  5
1D13
  8
0
 10
-0.6663110000000077
 20
-0.1412320000000022
 30
0.0
 11
-0.6709715999999732
 21
-0.143540999999999
 31
0.0
  0
LINE
  5
1D14
  8
0
 10
-0.6709715999999732
 20
-0.143540999999999
 30
0.0
 11
-0.6757020000000013
 21
-0.1455049999999858
 31
0.0
  0
LINE
  5
1D15
  8
0
 10
-0.6757020000000013
 20
-0.1455049999999858
 30
0.0
 11
-0.6804909999999608
 21
-0.1471180000000061
 31
0.0
  0
LINE
  5
1D16
  8
0
 10
-0.6804909999999608
 20
-0.1471180000000061
 30
0.0
 11
-0.6853269999999725
 21
-0.1483759999999847
 31
0.0
  0
LINE
  5
1D17
  8
0
 10
-0.6853269999999725
 20
-0.1483759999999847
 30
0.0
 11
-0.6901981999999977
 21
-0.1492779999999811
 31
0.0
  0
LINE
  5
1D18
  8
0
 10
-0.6901981999999977
 20
-0.1492779999999811
 30
0.0
 11
-0.6950931999999738
 21
-0.1498189999999795
 31
0.0
  0
LINE
  5
1D19
  8
0
 10
-0.6950931999999738
 20
-0.1498189999999795
 30
0.0
 11
-0.6999999999999889
 21
-0.1500000000000057
 31
0.0
  0
LINE
  5
1D1A
  8
0
 10
-0.6999999999999889
 20
-0.1500000000000057
 30
0.0
 11
-0.7049068000000034
 21
-0.1498189999999795
 31
0.0
  0
LINE
  5
1D1B
  8
0
 10
-0.7049068000000034
 20
-0.1498189999999795
 30
0.0
 11
-0.7098017999999798
 21
-0.1492779999999811
 31
0.0
  0
LINE
  5
1D1C
  8
0
 10
-0.6528603999999521
 20
-0.1322879999999884
 30
0.0
 11
-0.6572443999999678
 21
-0.1355979999999874
 31
0.0
  0
LINE
  5
1D1D
  8
0
 10
-0.5831469999999968
 20
-0.083335500000004
 30
0.0
 11
-0.5857727999999725
 21
-0.0771153999999967
 31
0.0
  0
LINE
  5
1D1E
  8
0
 10
-0.5671557999999664
 20
-0.1111429999999984
 30
0.0
 11
-0.570710599999984
 21
-0.1060659999999984
 31
0.0
  0
LINE
  5
1D1F
  8
0
 10
-0.54713959999998
 20
-0.1322879999999884
 30
0.0
 11
-0.5514101999999639
 21
-0.128658999999999
 31
0.0
  0
LINE
  5
1D20
  8
0
 10
-0.5514101999999639
 20
-0.128658999999999
 30
0.0
 11
-0.5555569999999648
 21
-0.1247199999999964
 31
0.0
  0
LINE
  5
1D21
  8
0
 10
-0.5555569999999648
 20
-0.1247199999999964
 30
0.0
 11
-0.5595700000000079
 21
-0.1204809999999838
 31
0.0
  0
LINE
  5
1D22
  8
0
 10
-0.5595700000000079
 20
-0.1204809999999838
 30
0.0
 11
-0.563439399999993
 21
-0.1159519999999929
 31
0.0
  0
LINE
  5
1D23
  8
0
 10
-0.563439399999993
 20
-0.1159519999999929
 30
0.0
 11
-0.5671557999999664
 21
-0.1111429999999984
 31
0.0
  0
LINE
  5
1D24
  8
0
 10
-0.570710599999984
 20
-0.1060659999999984
 30
0.0
 11
-0.5740951999999882
 21
-0.1007339999999886
 31
0.0
  0
LINE
  5
1D25
  8
0
 10
-0.5740951999999882
 20
-0.1007339999999886
 30
0.0
 11
-0.5773009999999773
 21
-0.0951589999999953
 31
0.0
  0
LINE
  5
1D26
  8
0
 10
-0.5773009999999773
 20
-0.0951589999999953
 30
0.0
 11
-0.5803207999999814
 21
-0.0893548999999894
 31
0.0
  0
LINE
  5
1D27
  8
0
 10
-0.5803207999999814
 20
-0.0893548999999894
 30
0.0
 11
-0.5831469999999968
 21
-0.083335500000004
 31
0.0
  0
LINE
  5
1D28
  8
0
 10
-0.5857727999999725
 20
-0.0771153999999967
 30
0.0
 11
-0.5881921999999805
 21
-0.0707094999999924
 31
0.0
  0
LINE
  5
1D29
  8
0
 10
-0.5242979999999876
 20
-0.1455049999999858
 30
0.0
 11
-0.5290283999999588
 21
-0.143540999999999
 31
0.0
  0
LINE
  5
1D2A
  8
0
 10
-0.5290283999999588
 20
-0.143540999999999
 30
0.0
 11
-0.5336889999999813
 21
-0.1412320000000022
 31
0.0
  0
LINE
  5
1D2B
  8
0
 10
-0.5336889999999813
 20
-0.1412320000000022
 30
0.0
 11
-0.5382683999999927
 21
-0.1385819999999853
 31
0.0
  0
LINE
  5
1D2C
  8
0
 10
-0.5382683999999927
 20
-0.1385819999999853
 30
0.0
 11
-0.5427555999999641
 21
-0.1355979999999874
 31
0.0
  0
LINE
  5
1D2D
  8
0
 10
-0.5427555999999641
 20
-0.1355979999999874
 30
0.0
 11
-0.54713959999998
 21
-0.1322879999999884
 31
0.0
  0
LINE
  5
1D2E
  8
0
 10
-0.5242979999999876
 20
0.1455050000000142
 30
0.0
 11
-0.519508999999971
 21
0.1471180000000061
 31
0.0
  0
LINE
  5
1D2F
  8
0
 10
-0.6118078000000085
 20
0.0707095000000209
 30
0.0
 11
-0.609600999999998
 21
0.0641333000000089
 31
0.0
  0
LINE
  5
1D30
  8
0
 10
-0.6029967999999712
 20
-0.0364470000000097
 30
0.0
 11
-0.6043060000000085
 21
-0.0435426999999891
 31
0.0
  0
LINE
  5
1D31
  8
0
 10
-0.6043060000000085
 20
-0.0435426999999891
 30
0.0
 11
-0.6058455999999524
 21
-0.0505335000000002
 31
0.0
  0
LINE
  5
1D32
  8
0
 10
-0.6058455999999524
 20
-0.0505335000000002
 30
0.0
 11
-0.6076119999999606
 21
-0.0574024999999949
 31
0.0
  0
LINE
  5
1D33
  8
0
 10
-0.6076119999999606
 20
-0.0574024999999949
 30
0.0
 11
-0.609600999999998
 21
-0.0641332999999804
 31
0.0
  0
LINE
  5
1D34
  8
0
 10
-0.6019213999999807
 20
-0.0292634999999848
 30
0.0
 11
-0.6029967999999712
 21
-0.0364470000000097
 31
0.0
  0
LINE
  5
1D35
  8
0
 10
-0.609600999999998
 20
0.0641333000000089
 30
0.0
 11
-0.6076119999999606
 21
0.0574024999999949
 31
0.0
  0
LINE
  5
1D36
  8
0
 10
-0.6076119999999606
 20
0.0574024999999949
 30
0.0
 11
-0.6058455999999524
 21
0.0505335000000003
 31
0.0
  0
LINE
  5
1D37
  8
0
 10
-0.6058455999999524
 20
0.0505335000000003
 30
0.0
 11
-0.6043060000000085
 21
0.0435427000000175
 31
0.0
  0
LINE
  5
1D38
  8
0
 10
-0.6043060000000085
 20
0.0435427000000175
 30
0.0
 11
-0.6029967999999712
 21
0.0364470000000097
 31
0.0
  0
LINE
  5
1D39
  8
0
 10
-0.6029967999999712
 20
0.0364470000000097
 30
0.0
 11
-0.6019213999999807
 21
0.0292635000000132
 31
0.0
  0
LINE
  5
1D3A
  8
0
 10
-0.6259048000000007
 20
0.100734000000017
 30
0.0
 11
-0.6226990000000116
 21
0.0951589999999953
 31
0.0
  0
LINE
  5
1D3B
  8
0
 10
-0.6226990000000116
 20
0.0951589999999953
 30
0.0
 11
-0.6196792000000074
 21
0.0893549000000178
 31
0.0
  0
LINE
  5
1D3C
  8
0
 10
-0.6196792000000074
 20
0.0893549000000178
 30
0.0
 11
-0.6168529999999919
 21
0.083335500000004
 31
0.0
  0
LINE
  5
1D3D
  8
0
 10
-0.6168529999999919
 20
0.083335500000004
 30
0.0
 11
-0.6142271999999595
 21
0.0771153999999968
 31
0.0
  0
LINE
  5
1D3E
  8
0
 10
-0.6142271999999595
 20
0.0771153999999968
 30
0.0
 11
-0.6118078000000085
 21
0.0707095000000209
 31
0.0
  0
LINE
  5
1D3F
  8
0
 10
-0.6292894000000046
 20
0.1060659999999984
 30
0.0
 11
-0.6259048000000007
 21
0.100734000000017
 31
0.0
  0
LINE
  5
1D40
  8
0
 10
-0.6999999999999889
 20
0.1500000000000057
 30
0.0
 11
-0.6950931999999738
 21
0.1498190000000079
 31
0.0
  0
LINE
  5
1D41
  8
0
 10
-0.6950931999999738
 20
0.1498190000000079
 30
0.0
 11
-0.6901981999999977
 21
0.1492780000000096
 31
0.0
  0
LINE
  5
1D42
  8
0
 10
-0.6901981999999977
 20
0.1492780000000096
 30
0.0
 11
-0.6853269999999725
 21
0.1483760000000132
 31
0.0
  0
LINE
  5
1D43
  8
0
 10
-0.6853269999999725
 20
0.1483760000000132
 30
0.0
 11
-0.6804909999999608
 21
0.1471180000000061
 31
0.0
  0
LINE
  5
1D44
  8
0
 10
-0.6804909999999608
 20
0.1471180000000061
 30
0.0
 11
-0.6757020000000013
 21
0.1455050000000142
 31
0.0
  0
LINE
  5
1D45
  8
0
 10
-0.6757020000000013
 20
0.1455050000000142
 30
0.0
 11
-0.6709715999999732
 21
0.143540999999999
 31
0.0
  0
LINE
  5
1D46
  8
0
 10
-0.6709715999999732
 20
0.143540999999999
 30
0.0
 11
-0.6663110000000077
 21
0.1412320000000022
 31
0.0
  0
LINE
  5
1D47
  8
0
 10
-0.6663110000000077
 20
0.1412320000000022
 30
0.0
 11
-0.6617315999999959
 21
0.1385820000000138
 31
0.0
  0
LINE
  5
1D48
  8
0
 10
-0.6617315999999959
 20
0.1385820000000138
 30
0.0
 11
-0.6572443999999678
 21
0.1355980000000159
 31
0.0
  0
LINE
  5
1D49
  8
0
 10
-0.6572443999999678
 20
0.1355980000000159
 30
0.0
 11
-0.6528603999999521
 21
0.1322880000000168
 31
0.0
  0
LINE
  5
1D4A
  8
0
 10
-0.6528603999999521
 20
0.1322880000000168
 30
0.0
 11
-0.6485897999999679
 21
0.128658999999999
 31
0.0
  0
LINE
  5
1D4B
  8
0
 10
-0.6485897999999679
 20
0.128658999999999
 30
0.0
 11
-0.6444429999999671
 21
0.1247199999999964
 31
0.0
  0
LINE
  5
1D4C
  8
0
 10
-0.6444429999999671
 20
0.1247199999999964
 30
0.0
 11
-0.6404299999999809
 21
0.1204810000000123
 31
0.0
  0
LINE
  5
1D4D
  8
0
 10
-0.6404299999999809
 20
0.1204810000000123
 30
0.0
 11
-0.6365605999999957
 21
0.1159520000000214
 31
0.0
  0
LINE
  5
1D4E
  8
0
 10
-0.6365605999999957
 20
0.1159520000000214
 30
0.0
 11
-0.6328441999999656
 21
0.1111429999999984
 31
0.0
  0
LINE
  5
1D4F
  8
0
 10
-0.6328441999999656
 20
0.1111429999999984
 30
0.0
 11
-0.6292894000000046
 21
0.1060659999999984
 31
0.0
  0
LINE
  5
1D50
  8
0
 10
-0.7098017999999798
 20
0.1492780000000096
 30
0.0
 11
-0.7049068000000034
 21
0.1498190000000079
 31
0.0
  0
LINE
  5
1D51
  8
0
 10
-0.7049068000000034
 20
0.1498190000000079
 30
0.0
 11
-0.6999999999999889
 21
0.1500000000000057
 31
0.0
  0
LINE
  5
1D52
  8
0
 10
-0.6001203999999804
 20
0.0073601999999937
 30
0.0
 11
-0.5999999999999661
 21
0.0
 31
0.0
  0
LINE
  5
1D53
  8
0
 10
-0.5999999999999661
 20
0.0
 30
0.0
 11
-0.5998796000000085
 21
0.0073601999999937
 31
0.0
  0
LINE
  5
1D54
  8
0
 10
-0.5956939999999805
 20
-0.0435426999999891
 30
0.0
 11
-0.5970031999999607
 21
-0.0364470000000097
 31
0.0
  0
LINE
  5
1D55
  8
0
 10
-0.5903989999999908
 20
-0.0641332999999804
 30
0.0
 11
-0.5923879999999713
 21
-0.0574024999999949
 31
0.0
  0
LINE
  5
1D56
  8
0
 10
-0.5923879999999713
 20
-0.0574024999999949
 30
0.0
 11
-0.5941543999999797
 21
-0.0505335000000002
 31
0.0
  0
LINE
  5
1D57
  8
0
 10
-0.5941543999999797
 20
-0.0505335000000002
 30
0.0
 11
-0.5956939999999805
 21
-0.0435426999999891
 31
0.0
  0
LINE
  5
1D58
  8
0
 10
-0.5999999999999661
 20
0.0
 30
0.0
 11
-0.6001203999999804
 21
-0.0073601999999937
 31
0.0
  0
LINE
  5
1D59
  8
0
 10
-0.6001203999999804
 20
-0.0073601999999937
 30
0.0
 11
-0.6004815999999665
 21
-0.0147025999999926
 31
0.0
  0
LINE
  5
1D5A
  8
0
 10
-0.6004815999999665
 20
-0.0147025999999926
 30
0.0
 11
-0.6010823999999957
 21
-0.0220095999999899
 31
0.0
  0
LINE
  5
1D5B
  8
0
 10
-0.5970031999999607
 20
-0.0364470000000097
 30
0.0
 11
-0.5980786000000081
 21
-0.0292634999999848
 31
0.0
  0
LINE
  5
1D5C
  8
0
 10
-0.5980786000000081
 20
-0.0292634999999848
 30
0.0
 11
-0.5989175999999929
 21
-0.0220095999999899
 31
0.0
  0
LINE
  5
1D5D
  8
0
 10
-0.5989175999999929
 20
-0.0220095999999899
 30
0.0
 11
-0.5995183999999654
 21
-0.0147025999999926
 31
0.0
  0
LINE
  5
1D5E
  8
0
 10
0.0
 20
-0.1500000000000057
 30
0.0
 11
0.0
 21
0.1500000000000057
 31
0.0
  0
LINE
  5
1D5F
  8
0
 10
-0.0001199999999812
 20
0.0073601999999937
 30
0.0
 11
0.0
 21
0.0
 31
0.0
  0
LINE
  5
1D60
  8
0
 10
-0.002995999999996
 20
-0.0364470000000097
 30
0.0
 11
-0.0043059999999855
 21
-0.0435426999999891
 31
0.0
  0
LINE
  5
1D61
  8
0
 10
-0.0043059999999855
 20
-0.0435426999999891
 30
0.0
 11
-0.0058459999999627
 21
-0.0505335000000002
 31
0.0
  0
LINE
  5
1D62
  8
0
 10
0.0
 20
0.0
 30
0.0
 11
-0.0001199999999812
 21
-0.0073601999999937
 31
0.0
  0
LINE
  5
1D63
  8
0
 10
-0.0001199999999812
 20
-0.0073601999999937
 30
0.0
 11
-0.0004819999999768
 21
-0.0147025999999926
 31
0.0
  0
LINE
  5
1D64
  8
0
 10
-0.0004819999999768
 20
-0.0147025999999926
 30
0.0
 11
-0.0010819999999967
 21
-0.0220095999999899
 31
0.0
  0
LINE
  5
1D65
  8
0
 10
-0.0010819999999967
 20
-0.0220095999999899
 30
0.0
 11
-0.0019219999999791
 21
-0.0292634999999848
 31
0.0
  0
LINE
  5
1D66
  8
0
 10
-0.0019219999999791
 20
-0.0292634999999848
 30
0.0
 11
-0.002995999999996
 21
-0.0364470000000097
 31
0.0
  0
LINE
  5
1D67
  8
0
 10
-0.0058459999999627
 20
0.0505335000000003
 30
0.0
 11
-0.0043059999999855
 21
0.0435427000000175
 31
0.0
  0
LINE
  5
1D68
  8
0
 10
-0.0043059999999855
 20
0.0435427000000175
 30
0.0
 11
-0.002995999999996
 21
0.0364470000000097
 31
0.0
  0
LINE
  5
1D69
  8
0
 10
-0.002995999999996
 20
0.0364470000000097
 30
0.0
 11
-0.0019219999999791
 21
0.0292635000000132
 31
0.0
  0
LINE
  5
1D6A
  8
0
 10
-0.0019219999999791
 20
0.0292635000000132
 30
0.0
 11
-0.0010819999999967
 21
0.0220096000000183
 31
0.0
  0
LINE
  5
1D6B
  8
0
 10
-0.0010819999999967
 20
0.0220096000000183
 30
0.0
 11
-0.0004819999999768
 21
0.014702600000021
 31
0.0
  0
LINE
  5
1D6C
  8
0
 10
-0.0004819999999768
 20
0.014702600000021
 30
0.0
 11
-0.0001199999999812
 21
0.0073601999999937
 31
0.0
  0
LINE
  5
1D6D
  8
0
 10
-0.0058459999999627
 20
-0.0505335000000002
 30
0.0
 11
-0.0076119999999946
 21
-0.0574024999999949
 31
0.0
  0
LINE
  5
1D6E
  8
0
 10
-0.0076119999999946
 20
0.0574024999999949
 30
0.0
 11
-0.0058459999999627
 21
0.0505335000000003
 31
0.0
  0
LINE
  5
1D6F
  8
0
 10
-0.5995183999999654
 20
-0.0147025999999926
 30
0.0
 11
-0.5998796000000085
 21
-0.0073601999999937
 31
0.0
  0
LINE
  5
1D70
  8
0
 10
-0.5998796000000085
 20
-0.0073601999999937
 30
0.0
 11
-0.5999999999999661
 21
0.0
 31
0.0
  0
LINE
  5
1D71
  8
0
 10
-0.5773009999999773
 20
0.0951589999999953
 30
0.0
 11
-0.5740951999999882
 21
0.100734000000017
 31
0.0
  0
LINE
  5
1D72
  8
0
 10
-0.6010823999999957
 20
0.0220096000000183
 30
0.0
 11
-0.6004815999999665
 21
0.014702600000021
 31
0.0
  0
LINE
  5
1D73
  8
0
 10
-0.6004815999999665
 20
0.014702600000021
 30
0.0
 11
-0.6001203999999804
 21
0.0073601999999937
 31
0.0
  0
LINE
  5
1D74
  8
0
 10
-0.5998796000000085
 20
0.0073601999999937
 30
0.0
 11
-0.5995183999999654
 21
0.014702600000021
 31
0.0
  0
LINE
  5
1D75
  8
0
 10
-0.5995183999999654
 20
0.014702600000021
 30
0.0
 11
-0.5989175999999929
 21
0.0220096000000183
 31
0.0
  0
LINE
  5
1D76
  8
0
 10
-0.5989175999999929
 20
0.0220096000000183
 30
0.0
 11
-0.5980786000000081
 21
0.0292635000000132
 31
0.0
  0
LINE
  5
1D77
  8
0
 10
-0.5980786000000081
 20
0.0292635000000132
 30
0.0
 11
-0.5970031999999607
 21
0.0364470000000097
 31
0.0
  0
LINE
  5
1D78
  8
0
 10
-0.5970031999999607
 20
0.0364470000000097
 30
0.0
 11
-0.5956939999999805
 21
0.0435427000000175
 31
0.0
  0
LINE
  5
1D79
  8
0
 10
-0.5956939999999805
 20
0.0435427000000175
 30
0.0
 11
-0.5941543999999797
 21
0.0505335000000003
 31
0.0
  0
LINE
  5
1D7A
  8
0
 10
-0.5941543999999797
 20
0.0505335000000003
 30
0.0
 11
-0.5923879999999713
 21
0.0574024999999949
 31
0.0
  0
LINE
  5
1D7B
  8
0
 10
-0.5923879999999713
 20
0.0574024999999949
 30
0.0
 11
-0.5903989999999908
 21
0.0641333000000089
 31
0.0
  0
LINE
  5
1D7C
  8
0
 10
-0.5903989999999908
 20
0.0641333000000089
 30
0.0
 11
-0.5881921999999805
 21
0.0707095000000209
 31
0.0
  0
LINE
  5
1D7D
  8
0
 10
-0.5881921999999805
 20
0.0707095000000209
 30
0.0
 11
-0.5857727999999725
 21
0.0771153999999968
 31
0.0
  0
LINE
  5
1D7E
  8
0
 10
-0.5831469999999968
 20
0.083335500000004
 30
0.0
 11
-0.5803207999999814
 21
0.0893549000000178
 31
0.0
  0
LINE
  5
1D7F
  8
0
 10
-0.5803207999999814
 20
0.0893549000000178
 30
0.0
 11
-0.5773009999999773
 21
0.0951589999999953
 31
0.0
  0
LINE
  5
1D80
  8
0
 10
-0.5857727999999725
 20
0.0771153999999968
 30
0.0
 11
-0.5831469999999968
 21
0.083335500000004
 31
0.0
  0
LINE
  5
1D81
  8
0
 10
-0.570710599999984
 20
0.1060659999999984
 30
0.0
 11
-0.5671557999999664
 21
0.1111429999999984
 31
0.0
  0
LINE
  5
1D82
  8
0
 10
-0.5671557999999664
 20
0.1111429999999984
 30
0.0
 11
-0.563439399999993
 21
0.1159520000000214
 31
0.0
  0
LINE
  5
1D83
  8
0
 10
-0.563439399999993
 20
0.1159520000000214
 30
0.0
 11
-0.5595700000000079
 21
0.1204810000000123
 31
0.0
  0
LINE
  5
1D84
  8
0
 10
-0.5595700000000079
 20
0.1204810000000123
 30
0.0
 11
-0.5555569999999648
 21
0.1247199999999964
 31
0.0
  0
LINE
  5
1D85
  8
0
 10
-0.5555569999999648
 20
0.1247199999999964
 30
0.0
 11
-0.5514101999999639
 21
0.128658999999999
 31
0.0
  0
LINE
  5
1D86
  8
0
 10
-0.5514101999999639
 20
0.128658999999999
 30
0.0
 11
-0.54713959999998
 21
0.1322880000000168
 31
0.0
  0
LINE
  5
1D87
  8
0
 10
-0.54713959999998
 20
0.1322880000000168
 30
0.0
 11
-0.5427555999999641
 21
0.1355980000000159
 31
0.0
  0
LINE
  5
1D88
  8
0
 10
-0.5427555999999641
 20
0.1355980000000159
 30
0.0
 11
-0.5382683999999927
 21
0.1385820000000138
 31
0.0
  0
LINE
  5
1D89
  8
0
 10
-0.5382683999999927
 20
0.1385820000000138
 30
0.0
 11
-0.5336889999999813
 21
0.1412320000000022
 31
0.0
  0
LINE
  5
1D8A
  8
0
 10
-0.5336889999999813
 20
0.1412320000000022
 30
0.0
 11
-0.5290283999999588
 21
0.143540999999999
 31
0.0
  0
LINE
  5
1D8B
  8
0
 10
-0.5290283999999588
 20
0.143540999999999
 30
0.0
 11
-0.5242979999999876
 21
0.1455050000000142
 31
0.0
  0
LINE
  5
1D8C
  8
0
 10
-0.5740951999999882
 20
0.100734000000017
 30
0.0
 11
-0.570710599999984
 21
0.1060659999999984
 31
0.0
  0
LINE
  5
1D8D
  8
0
 10
-0.6010823999999957
 20
-0.0220095999999899
 30
0.0
 11
-0.6019213999999807
 21
-0.0292634999999848
 31
0.0
  0
LINE
  5
1D8E
  8
0
 10
-0.6019213999999807
 20
0.0292635000000132
 30
0.0
 11
-0.6010823999999957
 21
0.0220096000000183
 31
0.0
  0
LINE
  5
1D8F
  8
0
 10
-0.4096009999999525
 20
-0.0641332999999804
 30
0.0
 11
-0.4118077999999629
 21
-0.0707094999999924
 31
0.0
  0
LINE
  5
1D90
  8
0
 10
-0.3881920000000036
 20
-0.0707094999999924
 30
0.0
 11
-0.3903980000000047
 21
-0.0641332999999804
 31
0.0
  0
LINE
  5
1D91
  8
0
 10
-0.3242979999999989
 20
-0.1455049999999858
 30
0.0
 11
-0.3290279999999939
 21
-0.143540999999999
 31
0.0
  0
LINE
  5
1D92
  8
0
 10
-0.4365606000000072
 20
-0.1159519999999929
 30
0.0
 11
-0.4404299999999922
 21
-0.1204809999999838
 31
0.0
  0
LINE
  5
1D93
  8
0
 10
-0.4404299999999922
 20
-0.1204809999999838
 30
0.0
 11
-0.4444429999999784
 21
-0.1247199999999964
 31
0.0
  0
LINE
  5
1D94
  8
0
 10
-0.4444429999999784
 20
-0.1247199999999964
 30
0.0
 11
-0.4485897999999793
 21
-0.128658999999999
 31
0.0
  0
LINE
  5
1D95
  8
0
 10
-0.4485897999999793
 20
-0.128658999999999
 30
0.0
 11
-0.4528603999999632
 21
-0.1322879999999884
 31
0.0
  0
LINE
  5
1D96
  8
0
 10
-0.4142271999999708
 20
-0.0771153999999967
 30
0.0
 11
-0.4168530000000034
 21
-0.083335500000004
 31
0.0
  0
LINE
  5
1D97
  8
0
 10
-0.4168530000000034
 20
-0.083335500000004
 30
0.0
 11
-0.419679199999962
 21
-0.0893548999999894
 31
0.0
  0
LINE
  5
1D98
  8
0
 10
-0.419679199999962
 20
-0.0893548999999894
 30
0.0
 11
-0.4226989999999661
 21
-0.0951589999999953
 31
0.0
  0
LINE
  5
1D99
  8
0
 10
-0.4226989999999661
 20
-0.0951589999999953
 30
0.0
 11
-0.4259048000000121
 21
-0.1007339999999886
 31
0.0
  0
LINE
  5
1D9A
  8
0
 10
-0.4259048000000121
 20
-0.1007339999999886
 30
0.0
 11
-0.4292893999999592
 21
-0.1060659999999984
 31
0.0
  0
LINE
  5
1D9B
  8
0
 10
-0.4292893999999592
 20
-0.1060659999999984
 30
0.0
 11
-0.4328441999999769
 21
-0.1111429999999984
 31
0.0
  0
LINE
  5
1D9C
  8
0
 10
-0.4118077999999629
 20
-0.0707094999999924
 30
0.0
 11
-0.4142271999999708
 21
-0.0771153999999967
 31
0.0
  0
LINE
  5
1D9D
  8
0
 10
-0.4328441999999769
 20
-0.1111429999999984
 30
0.0
 11
-0.4365606000000072
 21
-0.1159519999999929
 31
0.0
  0
LINE
  5
1D9E
  8
0
 10
-0.504906799999958
 20
-0.1498189999999795
 30
0.0
 11
-0.5098017999999911
 21
-0.1492779999999811
 31
0.0
  0
LINE
  5
1D9F
  8
0
 10
-0.4572443999999793
 20
-0.1355979999999874
 30
0.0
 11
-0.4617316000000075
 21
-0.1385819999999853
 31
0.0
  0
LINE
  5
1DA0
  8
0
 10
-0.4617316000000075
 20
-0.1385819999999853
 30
0.0
 11
-0.4663109999999621
 21
-0.1412320000000022
 31
0.0
  0
LINE
  5
1DA1
  8
0
 10
-0.4663109999999621
 20
-0.1412320000000022
 30
0.0
 11
-0.4709715999999844
 21
-0.143540999999999
 31
0.0
  0
LINE
  5
1DA2
  8
0
 10
-0.4709715999999844
 20
-0.143540999999999
 30
0.0
 11
-0.4757019999999558
 21
-0.1455049999999858
 31
0.0
  0
LINE
  5
1DA3
  8
0
 10
-0.4757019999999558
 20
-0.1455049999999858
 30
0.0
 11
-0.4804909999999724
 21
-0.1471180000000061
 31
0.0
  0
LINE
  5
1DA4
  8
0
 10
-0.4804909999999724
 20
-0.1471180000000061
 30
0.0
 11
-0.485326999999984
 21
-0.1483759999999847
 31
0.0
  0
LINE
  5
1DA5
  8
0
 10
-0.485326999999984
 20
-0.1483759999999847
 30
0.0
 11
-0.490198200000009
 21
-0.1492779999999811
 31
0.0
  0
LINE
  5
1DA6
  8
0
 10
-0.490198200000009
 20
-0.1492779999999811
 30
0.0
 11
-0.4950931999999854
 21
-0.1498189999999795
 31
0.0
  0
LINE
  5
1DA7
  8
0
 10
-0.4950931999999854
 20
-0.1498189999999795
 30
0.0
 11
-0.5000000000000001
 21
-0.1500000000000057
 31
0.0
  0
LINE
  5
1DA8
  8
0
 10
-0.5000000000000001
 20
-0.1500000000000057
 30
0.0
 11
-0.504906799999958
 21
-0.1498189999999795
 31
0.0
  0
LINE
  5
1DA9
  8
0
 10
-0.5098017999999911
 20
-0.1492779999999811
 30
0.0
 11
-0.5146729999999594
 21
-0.1483759999999847
 31
0.0
  0
LINE
  5
1DAA
  8
0
 10
-0.4528603999999632
 20
-0.1322879999999884
 30
0.0
 11
-0.4572443999999793
 21
-0.1355979999999874
 31
0.0
  0
LINE
  5
1DAB
  8
0
 10
-0.3831460000000106
 20
-0.083335500000004
 30
0.0
 11
-0.3857719999999744
 21
-0.0771153999999967
 31
0.0
  0
LINE
  5
1DAC
  8
0
 10
-0.3471399999999676
 20
-0.1322879999999884
 30
0.0
 11
-0.3514099999999872
 21
-0.128658999999999
 31
0.0
  0
LINE
  5
1DAD
  8
0
 10
-0.3514099999999872
 20
-0.128658999999999
 30
0.0
 11
-0.3555579999999737
 21
-0.1247199999999964
 31
0.0
  0
LINE
  5
1DAE
  8
0
 10
-0.3555579999999737
 20
-0.1247199999999964
 30
0.0
 11
-0.3595699999999625
 21
-0.1204809999999838
 31
0.0
  0
LINE
  5
1DAF
  8
0
 10
-0.3595699999999625
 20
-0.1204809999999838
 30
0.0
 11
-0.3634399999999687
 21
-0.1159519999999929
 31
0.0
  0
LINE
  5
1DB0
  8
0
 10
-0.3634399999999687
 20
-0.1159519999999929
 30
0.0
 11
-0.3671559999999658
 21
-0.1111429999999984
 31
0.0
  0
LINE
  5
1DB1
  8
0
 10
-0.3671559999999658
 20
-0.1111429999999984
 30
0.0
 11
-0.3707099999999742
 21
-0.1060659999999984
 31
0.0
  0
LINE
  5
1DB2
  8
0
 10
-0.3707099999999742
 20
-0.1060659999999984
 30
0.0
 11
-0.3740960000000086
 21
-0.1007339999999886
 31
0.0
  0
LINE
  5
1DB3
  8
0
 10
-0.3740960000000086
 20
-0.1007339999999886
 30
0.0
 11
-0.377301999999986
 21
-0.0951589999999953
 31
0.0
  0
LINE
  5
1DB4
  8
0
 10
-0.377301999999986
 20
-0.0951589999999953
 30
0.0
 11
-0.3803199999999833
 21
-0.0893548999999894
 31
0.0
  0
LINE
  5
1DB5
  8
0
 10
-0.3803199999999833
 20
-0.0893548999999894
 30
0.0
 11
-0.3831460000000106
 21
-0.083335500000004
 31
0.0
  0
LINE
  5
1DB6
  8
0
 10
-0.3857719999999744
 20
-0.0771153999999967
 30
0.0
 11
-0.3881920000000036
 21
-0.0707094999999924
 31
0.0
  0
LINE
  5
1DB7
  8
0
 10
-0.3290279999999939
 20
-0.143540999999999
 30
0.0
 11
-0.3336879999999952
 21
-0.1412320000000022
 31
0.0
  0
LINE
  5
1DB8
  8
0
 10
-0.3336879999999952
 20
-0.1412320000000022
 30
0.0
 11
-0.338267999999971
 21
-0.1385819999999853
 31
0.0
  0
LINE
  5
1DB9
  8
0
 10
-0.338267999999971
 20
-0.1385819999999853
 30
0.0
 11
-0.3427560000000086
 21
-0.1355979999999874
 31
0.0
  0
LINE
  5
1DBA
  8
0
 10
-0.3427560000000086
 20
-0.1355979999999874
 30
0.0
 11
-0.3471399999999676
 21
-0.1322879999999884
 31
0.0
  0
LINE
  5
1DBB
  8
0
 10
-0.3290279999999939
 20
0.143540999999999
 30
0.0
 11
-0.3242979999999989
 21
0.1455050000000142
 31
0.0
  0
LINE
  5
1DBC
  8
0
 10
-0.4058455999999639
 20
-0.0505335000000002
 30
0.0
 11
-0.4076119999999719
 21
-0.0574024999999949
 31
0.0
  0
LINE
  5
1DBD
  8
0
 10
-0.4076119999999719
 20
0.0574024999999949
 30
0.0
 11
-0.4058455999999639
 21
0.0505335000000003
 31
0.0
  0
LINE
  5
1DBE
  8
0
 10
-0.4076119999999719
 20
-0.0574024999999949
 30
0.0
 11
-0.4096009999999525
 21
-0.0641332999999804
 31
0.0
  0
LINE
  5
1DBF
  8
0
 10
-0.5098017999999911
 20
0.1492780000000096
 30
0.0
 11
-0.504906799999958
 21
0.1498190000000079
 31
0.0
  0
LINE
  5
1DC0
  8
0
 10
-0.5000000000000001
 20
0.1500000000000057
 30
0.0
 11
-0.4950931999999854
 21
0.1498190000000079
 31
0.0
  0
LINE
  5
1DC1
  8
0
 10
-0.4950931999999854
 20
0.1498190000000079
 30
0.0
 11
-0.490198200000009
 21
0.1492780000000096
 31
0.0
  0
LINE
  5
1DC2
  8
0
 10
-0.490198200000009
 20
0.1492780000000096
 30
0.0
 11
-0.485326999999984
 21
0.1483760000000132
 31
0.0
  0
LINE
  5
1DC3
  8
0
 10
-0.485326999999984
 20
0.1483760000000132
 30
0.0
 11
-0.4804909999999724
 21
0.1471180000000061
 31
0.0
  0
LINE
  5
1DC4
  8
0
 10
-0.4804909999999724
 20
0.1471180000000061
 30
0.0
 11
-0.4757019999999558
 21
0.1455050000000142
 31
0.0
  0
LINE
  5
1DC5
  8
0
 10
-0.4757019999999558
 20
0.1455050000000142
 30
0.0
 11
-0.4709715999999844
 21
0.143540999999999
 31
0.0
  0
LINE
  5
1DC6
  8
0
 10
-0.4709715999999844
 20
0.143540999999999
 30
0.0
 11
-0.4663109999999621
 21
0.1412320000000022
 31
0.0
  0
LINE
  5
1DC7
  8
0
 10
-0.4663109999999621
 20
0.1412320000000022
 30
0.0
 11
-0.4617316000000075
 21
0.1385820000000138
 31
0.0
  0
LINE
  5
1DC8
  8
0
 10
-0.4617316000000075
 20
0.1385820000000138
 30
0.0
 11
-0.4572443999999793
 21
0.1355980000000159
 31
0.0
  0
LINE
  5
1DC9
  8
0
 10
-0.4572443999999793
 20
0.1355980000000159
 30
0.0
 11
-0.4528603999999632
 21
0.1322880000000168
 31
0.0
  0
LINE
  5
1DCA
  8
0
 10
-0.4528603999999632
 20
0.1322880000000168
 30
0.0
 11
-0.4485897999999793
 21
0.128658999999999
 31
0.0
  0
LINE
  5
1DCB
  8
0
 10
-0.4485897999999793
 20
0.128658999999999
 30
0.0
 11
-0.4444429999999784
 21
0.1247199999999964
 31
0.0
  0
LINE
  5
1DCC
  8
0
 10
-0.4444429999999784
 20
0.1247199999999964
 30
0.0
 11
-0.4404299999999922
 21
0.1204810000000123
 31
0.0
  0
LINE
  5
1DCD
  8
0
 10
-0.4404299999999922
 20
0.1204810000000123
 30
0.0
 11
-0.4365606000000072
 21
0.1159520000000214
 31
0.0
  0
LINE
  5
1DCE
  8
0
 10
-0.504906799999958
 20
0.1498190000000079
 30
0.0
 11
-0.5000000000000001
 21
0.1500000000000057
 31
0.0
  0
LINE
  5
1DCF
  8
0
 10
-0.5146729999999594
 20
0.1483760000000132
 30
0.0
 11
-0.5098017999999911
 21
0.1492780000000096
 31
0.0
  0
LINE
  5
1DD0
  8
0
 10
-0.4259048000000121
 20
0.100734000000017
 30
0.0
 11
-0.4226989999999661
 21
0.0951589999999953
 31
0.0
  0
LINE
  5
1DD1
  8
0
 10
-0.4226989999999661
 20
0.0951589999999953
 30
0.0
 11
-0.419679199999962
 21
0.0893549000000178
 31
0.0
  0
LINE
  5
1DD2
  8
0
 10
-0.419679199999962
 20
0.0893549000000178
 30
0.0
 11
-0.4168530000000034
 21
0.083335500000004
 31
0.0
  0
LINE
  5
1DD3
  8
0
 10
-0.4168530000000034
 20
0.083335500000004
 30
0.0
 11
-0.4142271999999708
 21
0.0771153999999968
 31
0.0
  0
LINE
  5
1DD4
  8
0
 10
-0.4142271999999708
 20
0.0771153999999968
 30
0.0
 11
-0.4118077999999629
 21
0.0707095000000209
 31
0.0
  0
LINE
  5
1DD5
  8
0
 10
-0.4118077999999629
 20
0.0707095000000209
 30
0.0
 11
-0.4096009999999525
 21
0.0641333000000089
 31
0.0
  0
LINE
  5
1DD6
  8
0
 10
-0.4096009999999525
 20
0.0641333000000089
 30
0.0
 11
-0.4076119999999719
 21
0.0574024999999949
 31
0.0
  0
LINE
  5
1DD7
  8
0
 10
-0.4328441999999769
 20
0.1111429999999984
 30
0.0
 11
-0.4292893999999592
 21
0.1060659999999984
 31
0.0
  0
LINE
  5
1DD8
  8
0
 10
-0.4292893999999592
 20
0.1060659999999984
 30
0.0
 11
-0.4259048000000121
 21
0.100734000000017
 31
0.0
  0
LINE
  5
1DD9
  8
0
 10
-0.4365606000000072
 20
0.1159520000000214
 30
0.0
 11
-0.4328441999999769
 21
0.1111429999999984
 31
0.0
  0
LINE
  5
1DDA
  8
0
 10
-0.4001203999999917
 20
0.0073601999999937
 30
0.0
 11
-0.3999999999999772
 21
0.0
 31
0.0
  0
LINE
  5
1DDB
  8
0
 10
-0.3999999999999772
 20
0.0
 30
0.0
 11
-0.3998799999999961
 21
0.0073601999999937
 31
0.0
  0
LINE
  5
1DDC
  8
0
 10
-0.3923879999999826
 20
-0.0574024999999949
 30
0.0
 11
-0.3941539999999578
 21
-0.0505335000000002
 31
0.0
  0
LINE
  5
1DDD
  8
0
 10
-0.3903980000000047
 20
-0.0641332999999804
 30
0.0
 11
-0.3923879999999826
 21
-0.0574024999999949
 31
0.0
  0
LINE
  5
1DDE
  8
0
 10
-0.4029967999999827
 20
-0.0364470000000097
 30
0.0
 11
-0.4043059999999629
 21
-0.0435426999999891
 31
0.0
  0
LINE
  5
1DDF
  8
0
 10
-0.3956939999999918
 20
-0.0435426999999891
 30
0.0
 11
-0.3970039999999812
 21
-0.0364470000000097
 31
0.0
  0
LINE
  5
1DE0
  8
0
 10
-0.4043059999999629
 20
-0.0435426999999891
 30
0.0
 11
-0.4058455999999639
 21
-0.0505335000000002
 31
0.0
  0
LINE
  5
1DE1
  8
0
 10
-0.3941539999999578
 20
-0.0505335000000002
 30
0.0
 11
-0.3956939999999918
 21
-0.0435426999999891
 31
0.0
  0
LINE
  5
1DE2
  8
0
 10
-0.3999999999999772
 20
0.0
 30
0.0
 11
-0.4001203999999917
 21
-0.0073601999999937
 31
0.0
  0
LINE
  5
1DE3
  8
0
 10
-0.4001203999999917
 20
-0.0073601999999937
 30
0.0
 11
-0.4004815999999778
 21
-0.0147025999999926
 31
0.0
  0
LINE
  5
1DE4
  8
0
 10
-0.4004815999999778
 20
-0.0147025999999926
 30
0.0
 11
-0.4010824000000072
 21
-0.0220095999999899
 31
0.0
  0
LINE
  5
1DE5
  8
0
 10
-0.4010824000000072
 20
-0.0220095999999899
 30
0.0
 11
-0.4019213999999921
 21
-0.0292634999999848
 31
0.0
  0
LINE
  5
1DE6
  8
0
 10
-0.4019213999999921
 20
-0.0292634999999848
 30
0.0
 11
-0.4029967999999827
 21
-0.0364470000000097
 31
0.0
  0
LINE
  5
1DE7
  8
0
 10
-0.3970039999999812
 20
-0.0364470000000097
 30
0.0
 11
-0.3980779999999981
 21
-0.0292634999999848
 31
0.0
  0
LINE
  5
1DE8
  8
0
 10
-0.3980779999999981
 20
-0.0292634999999848
 30
0.0
 11
-0.3989179999999806
 21
-0.0220095999999899
 31
0.0
  0
LINE
  5
1DE9
  8
0
 10
-0.3989179999999806
 20
-0.0220095999999899
 30
0.0
 11
-0.3995180000000005
 21
-0.0147025999999926
 31
0.0
  0
LINE
  5
1DEA
  8
0
 10
-0.3995180000000005
 20
-0.0147025999999926
 30
0.0
 11
-0.3998799999999961
 21
-0.0073601999999937
 31
0.0
  0
LINE
  5
1DEB
  8
0
 10
-0.3998799999999961
 20
-0.0073601999999937
 30
0.0
 11
-0.3999999999999772
 21
0.0
 31
0.0
  0
LINE
  5
1DEC
  8
0
 10
-0.3941539999999578
 20
0.0505335000000003
 30
0.0
 11
-0.3923879999999826
 21
0.0574024999999949
 31
0.0
  0
LINE
  5
1DED
  8
0
 10
-0.377301999999986
 20
0.0951589999999953
 30
0.0
 11
-0.3740960000000086
 21
0.100734000000017
 31
0.0
  0
LINE
  5
1DEE
  8
0
 10
-0.3923879999999826
 20
0.0574024999999949
 30
0.0
 11
-0.3903980000000047
 21
0.0641333000000089
 31
0.0
  0
LINE
  5
1DEF
  8
0
 10
-0.3903980000000047
 20
0.0641333000000089
 30
0.0
 11
-0.3881920000000036
 21
0.0707095000000209
 31
0.0
  0
LINE
  5
1DF0
  8
0
 10
-0.3881920000000036
 20
0.0707095000000209
 30
0.0
 11
-0.3857719999999744
 21
0.0771153999999968
 31
0.0
  0
LINE
  5
1DF1
  8
0
 10
-0.3857719999999744
 20
0.0771153999999968
 30
0.0
 11
-0.3831460000000106
 21
0.083335500000004
 31
0.0
  0
LINE
  5
1DF2
  8
0
 10
-0.3831460000000106
 20
0.083335500000004
 30
0.0
 11
-0.3803199999999833
 21
0.0893549000000178
 31
0.0
  0
LINE
  5
1DF3
  8
0
 10
-0.3803199999999833
 20
0.0893549000000178
 30
0.0
 11
-0.377301999999986
 21
0.0951589999999953
 31
0.0
  0
LINE
  5
1DF4
  8
0
 10
-0.3740960000000086
 20
0.100734000000017
 30
0.0
 11
-0.3707099999999742
 21
0.1060659999999984
 31
0.0
  0
LINE
  5
1DF5
  8
0
 10
-0.3707099999999742
 20
0.1060659999999984
 30
0.0
 11
-0.3671559999999658
 21
0.1111429999999984
 31
0.0
  0
LINE
  5
1DF6
  8
0
 10
-0.3671559999999658
 20
0.1111429999999984
 30
0.0
 11
-0.3634399999999687
 21
0.1159520000000214
 31
0.0
  0
LINE
  5
1DF7
  8
0
 10
-0.3634399999999687
 20
0.1159520000000214
 30
0.0
 11
-0.3595699999999625
 21
0.1204810000000123
 31
0.0
  0
LINE
  5
1DF8
  8
0
 10
-0.3595699999999625
 20
0.1204810000000123
 30
0.0
 11
-0.3555579999999737
 21
0.1247199999999964
 31
0.0
  0
LINE
  5
1DF9
  8
0
 10
-0.3555579999999737
 20
0.1247199999999964
 30
0.0
 11
-0.3514099999999872
 21
0.128658999999999
 31
0.0
  0
LINE
  5
1DFA
  8
0
 10
-0.3514099999999872
 20
0.128658999999999
 30
0.0
 11
-0.3471399999999676
 21
0.1322880000000168
 31
0.0
  0
LINE
  5
1DFB
  8
0
 10
-0.3471399999999676
 20
0.1322880000000168
 30
0.0
 11
-0.3427560000000086
 21
0.1355980000000159
 31
0.0
  0
LINE
  5
1DFC
  8
0
 10
-0.3427560000000086
 20
0.1355980000000159
 30
0.0
 11
-0.338267999999971
 21
0.1385820000000138
 31
0.0
  0
LINE
  5
1DFD
  8
0
 10
-0.338267999999971
 20
0.1385820000000138
 30
0.0
 11
-0.3336879999999952
 21
0.1412320000000022
 31
0.0
  0
LINE
  5
1DFE
  8
0
 10
-0.3336879999999952
 20
0.1412320000000022
 30
0.0
 11
-0.3290279999999939
 21
0.143540999999999
 31
0.0
  0
LINE
  5
1DFF
  8
0
 10
-0.4058455999999639
 20
0.0505335000000003
 30
0.0
 11
-0.4043059999999629
 21
0.0435427000000175
 31
0.0
  0
LINE
  5
1E00
  8
0
 10
-0.4043059999999629
 20
0.0435427000000175
 30
0.0
 11
-0.4029967999999827
 21
0.0364470000000097
 31
0.0
  0
LINE
  5
1E01
  8
0
 10
-0.4029967999999827
 20
0.0364470000000097
 30
0.0
 11
-0.4019213999999921
 21
0.0292635000000132
 31
0.0
  0
LINE
  5
1E02
  8
0
 10
-0.4019213999999921
 20
0.0292635000000132
 30
0.0
 11
-0.4010824000000072
 21
0.0220096000000183
 31
0.0
  0
LINE
  5
1E03
  8
0
 10
-0.4010824000000072
 20
0.0220096000000183
 30
0.0
 11
-0.4004815999999778
 21
0.014702600000021
 31
0.0
  0
LINE
  5
1E04
  8
0
 10
-0.4004815999999778
 20
0.014702600000021
 30
0.0
 11
-0.4001203999999917
 21
0.0073601999999937
 31
0.0
  0
LINE
  5
1E05
  8
0
 10
-0.3998799999999961
 20
0.0073601999999937
 30
0.0
 11
-0.3995180000000005
 21
0.014702600000021
 31
0.0
  0
LINE
  5
1E06
  8
0
 10
-0.3995180000000005
 20
0.014702600000021
 30
0.0
 11
-0.3989179999999806
 21
0.0220096000000183
 31
0.0
  0
LINE
  5
1E07
  8
0
 10
-0.3989179999999806
 20
0.0220096000000183
 30
0.0
 11
-0.3980779999999981
 21
0.0292635000000132
 31
0.0
  0
LINE
  5
1E08
  8
0
 10
-0.3980779999999981
 20
0.0292635000000132
 30
0.0
 11
-0.3970039999999812
 21
0.0364470000000097
 31
0.0
  0
LINE
  5
1E09
  8
0
 10
-0.3970039999999812
 20
0.0364470000000097
 30
0.0
 11
-0.3956939999999918
 21
0.0435427000000175
 31
0.0
  0
LINE
  5
1E0A
  8
0
 10
-0.3956939999999918
 20
0.0435427000000175
 30
0.0
 11
-0.3941539999999578
 21
0.0505335000000003
 31
0.0
  0
LINE
  5
1E0B
  8
0
 10
-0.5146729999999594
 20
-0.1483759999999847
 30
0.0
 11
-0.519508999999971
 21
-0.1471180000000061
 31
0.0
  0
LINE
  5
1E0C
  8
0
 10
-0.519508999999971
 20
0.1471180000000061
 30
0.0
 11
-0.5146729999999594
 21
0.1483760000000132
 31
0.0
  0
LINE
  5
1E0D
  8
0
 10
-0.2096019999999612
 20
-0.0641332999999804
 30
0.0
 11
-0.2118079999999623
 21
-0.0707094999999924
 31
0.0
  0
LINE
  5
1E0E
  8
0
 10
-0.1881919999999582
 20
-0.0707094999999924
 30
0.0
 11
-0.1903979999999592
 21
-0.0641332999999804
 31
0.0
  0
LINE
  5
1E0F
  8
0
 10
-0.1290280000000053
 20
-0.143540999999999
 30
0.0
 11
-0.1336880000000065
 21
-0.1412320000000022
 31
0.0
  0
LINE
  5
1E10
  8
0
 10
-0.3146739999999681
 20
-0.1483759999999847
 30
0.0
 11
-0.3195099999999797
 21
-0.1471180000000061
 31
0.0
  0
LINE
  5
1E11
  8
0
 10
-0.2142279999999914
 20
-0.0771153999999967
 30
0.0
 11
-0.2168540000000121
 21
-0.083335500000004
 31
0.0
  0
LINE
  5
1E12
  8
0
 10
-0.2168540000000121
 20
-0.083335500000004
 30
0.0
 11
-0.2196799999999826
 21
-0.0893548999999894
 31
0.0
  0
LINE
  5
1E13
  8
0
 10
-0.2196799999999826
 20
-0.0893548999999894
 30
0.0
 11
-0.2226979999999799
 21
-0.0951589999999953
 31
0.0
  0
LINE
  5
1E14
  8
0
 10
-0.2226979999999799
 20
-0.0951589999999953
 30
0.0
 11
-0.2259039999999573
 21
-0.1007339999999886
 31
0.0
  0
LINE
  5
1E15
  8
0
 10
-0.2259039999999573
 20
-0.1007339999999886
 30
0.0
 11
-0.2292899999999918
 21
-0.1060659999999984
 31
0.0
  0
LINE
  5
1E16
  8
0
 10
-0.2292899999999918
 20
-0.1060659999999984
 30
0.0
 11
-0.2328440000000001
 21
-0.1111429999999984
 31
0.0
  0
LINE
  5
1E17
  8
0
 10
-0.2328440000000001
 20
-0.1111429999999984
 30
0.0
 11
-0.2365599999999973
 21
-0.1159519999999929
 31
0.0
  0
LINE
  5
1E18
  8
0
 10
-0.2365599999999973
 20
-0.1159519999999929
 30
0.0
 11
-0.2404300000000034
 21
-0.1204809999999838
 31
0.0
  0
LINE
  5
1E19
  8
0
 10
-0.2404300000000034
 20
-0.1204809999999838
 30
0.0
 11
-0.2444419999999923
 21
-0.1247199999999964
 31
0.0
  0
LINE
  5
1E1A
  8
0
 10
-0.2444419999999923
 20
-0.1247199999999964
 30
0.0
 11
-0.2485899999999788
 21
-0.128658999999999
 31
0.0
  0
LINE
  5
1E1B
  8
0
 10
-0.2485899999999788
 20
-0.128658999999999
 30
0.0
 11
-0.2528599999999983
 21
-0.1322879999999884
 31
0.0
  0
LINE
  5
1E1C
  8
0
 10
-0.2118079999999623
 20
-0.0707094999999924
 30
0.0
 11
-0.2142279999999914
 21
-0.0771153999999967
 31
0.0
  0
LINE
  5
1E1D
  8
0
 10
-0.270971999999972
 20
-0.143540999999999
 30
0.0
 11
-0.275701999999967
 21
-0.1455049999999858
 31
0.0
  0
LINE
  5
1E1E
  8
0
 10
-0.2663119999999709
 20
-0.1412320000000022
 30
0.0
 11
-0.270971999999972
 21
-0.143540999999999
 31
0.0
  0
LINE
  5
1E1F
  8
0
 10
-0.2572439999999574
 20
-0.1355979999999874
 30
0.0
 11
-0.261731999999995
 21
-0.1385819999999853
 31
0.0
  0
LINE
  5
1E20
  8
0
 10
-0.261731999999995
 20
-0.1385819999999853
 30
0.0
 11
-0.2663119999999709
 21
-0.1412320000000022
 31
0.0
  0
LINE
  5
1E21
  8
0
 10
-0.275701999999967
 20
-0.1455049999999858
 30
0.0
 11
-0.2804899999999861
 21
-0.1471180000000061
 31
0.0
  0
LINE
  5
1E22
  8
0
 10
-0.2804899999999861
 20
-0.1471180000000061
 30
0.0
 11
-0.2853259999999977
 21
-0.1483759999999847
 31
0.0
  0
LINE
  5
1E23
  8
0
 10
-0.2853259999999977
 20
-0.1483759999999847
 30
0.0
 11
-0.2901979999999753
 21
-0.1492779999999811
 31
0.0
  0
LINE
  5
1E24
  8
0
 10
-0.2901979999999753
 20
-0.1492779999999811
 30
0.0
 11
-0.2950940000000059
 21
-0.1498189999999795
 31
0.0
  0
LINE
  5
1E25
  8
0
 10
-0.2950940000000059
 20
-0.1498189999999795
 30
0.0
 11
-0.3000000000000114
 21
-0.1500000000000057
 31
0.0
  0
LINE
  5
1E26
  8
0
 10
-0.3000000000000114
 20
-0.1500000000000057
 30
0.0
 11
-0.3049059999999599
 21
-0.1498189999999795
 31
0.0
  0
LINE
  5
1E27
  8
0
 10
-0.3049059999999599
 20
-0.1498189999999795
 30
0.0
 11
-0.3098019999999906
 21
-0.1492779999999811
 31
0.0
  0
LINE
  5
1E28
  8
0
 10
-0.3098019999999906
 20
-0.1492779999999811
 30
0.0
 11
-0.3146739999999681
 21
-0.1483759999999847
 31
0.0
  0
LINE
  5
1E29
  8
0
 10
-0.2528599999999983
 20
-0.1322879999999884
 30
0.0
 11
-0.2572439999999574
 21
-0.1355979999999874
 31
0.0
  0
LINE
  5
1E2A
  8
0
 10
-0.155557999999985
 20
-0.1247199999999964
 30
0.0
 11
-0.1595699999999738
 21
-0.1204809999999838
 31
0.0
  0
LINE
  5
1E2B
  8
0
 10
-0.147139999999979
 20
-0.1322879999999884
 30
0.0
 11
-0.1514099999999985
 21
-0.128658999999999
 31
0.0
  0
LINE
  5
1E2C
  8
0
 10
-0.1514099999999985
 20
-0.128658999999999
 30
0.0
 11
-0.155557999999985
 21
-0.1247199999999964
 31
0.0
  0
LINE
  5
1E2D
  8
0
 10
-0.1831459999999652
 20
-0.083335500000004
 30
0.0
 11
-0.1857719999999858
 21
-0.0771153999999967
 31
0.0
  0
LINE
  5
1E2E
  8
0
 10
-0.1740959999999632
 20
-0.1007339999999886
 30
0.0
 11
-0.1740959999999632
 21
-0.1007339999999886
 31
0.0
  0
LINE
  5
1E2F
  8
0
 10
-0.1595699999999738
 20
-0.1204809999999838
 30
0.0
 11
-0.1634399999999801
 21
-0.1159519999999929
 31
0.0
  0
LINE
  5
1E30
  8
0
 10
-0.1634399999999801
 20
-0.1159519999999929
 30
0.0
 11
-0.1671559999999772
 21
-0.1111429999999984
 31
0.0
  0
LINE
  5
1E31
  8
0
 10
-0.1671559999999772
 20
-0.1111429999999984
 30
0.0
 11
-0.1707099999999855
 21
-0.1060659999999984
 31
0.0
  0
LINE
  5
1E32
  8
0
 10
-0.1707099999999855
 20
-0.1060659999999984
 30
0.0
 11
-0.1740959999999632
 21
-0.1007339999999886
 31
0.0
  0
LINE
  5
1E33
  8
0
 10
-0.1773019999999974
 20
-0.0951589999999953
 30
0.0
 11
-0.1803199999999947
 21
-0.0893548999999894
 31
0.0
  0
LINE
  5
1E34
  8
0
 10
-0.1803199999999947
 20
-0.0893548999999894
 30
0.0
 11
-0.1831459999999652
 21
-0.083335500000004
 31
0.0
  0
LINE
  5
1E35
  8
0
 10
-0.1857719999999858
 20
-0.0771153999999967
 30
0.0
 11
-0.1881919999999582
 21
-0.0707094999999924
 31
0.0
  0
LINE
  5
1E36
  8
0
 10
-0.142755999999963
 20
-0.1355979999999874
 30
0.0
 11
-0.147139999999979
 21
-0.1322879999999884
 31
0.0
  0
LINE
  5
1E37
  8
0
 10
-0.1336880000000065
 20
-0.1412320000000022
 30
0.0
 11
-0.1382679999999823
 21
-0.1385819999999853
 31
0.0
  0
LINE
  5
1E38
  8
0
 10
-0.1382679999999823
 20
-0.1385819999999853
 30
0.0
 11
-0.142755999999963
 21
-0.1355979999999874
 31
0.0
  0
LINE
  5
1E39
  8
0
 10
-0.1336880000000065
 20
0.1412320000000022
 30
0.0
 11
-0.1290280000000053
 21
0.143540999999999
 31
0.0
  0
LINE
  5
1E3A
  8
0
 10
-0.1595699999999738
 20
0.1204810000000123
 30
0.0
 11
-0.155557999999985
 21
0.1247199999999964
 31
0.0
  0
LINE
  5
1E3B
  8
0
 10
-0.155557999999985
 20
0.1247199999999964
 30
0.0
 11
-0.1514099999999985
 21
0.128658999999999
 31
0.0
  0
LINE
  5
1E3C
  8
0
 10
-0.1514099999999985
 20
0.128658999999999
 30
0.0
 11
-0.147139999999979
 21
0.1322880000000168
 31
0.0
  0
LINE
  5
1E3D
  8
0
 10
-0.147139999999979
 20
0.1322880000000168
 30
0.0
 11
-0.142755999999963
 21
0.1355980000000159
 31
0.0
  0
LINE
  5
1E3E
  8
0
 10
-0.1740959999999632
 20
0.100734000000017
 30
0.0
 11
-0.1707099999999855
 21
0.1060659999999984
 31
0.0
  0
LINE
  5
1E3F
  8
0
 10
-0.1707099999999855
 20
0.1060659999999984
 30
0.0
 11
-0.1671559999999772
 21
0.1111429999999984
 31
0.0
  0
LINE
  5
1E40
  8
0
 10
-0.1671559999999772
 20
0.1111429999999984
 30
0.0
 11
-0.1634399999999801
 21
0.1159520000000214
 31
0.0
  0
LINE
  5
1E41
  8
0
 10
-0.1634399999999801
 20
0.1159520000000214
 30
0.0
 11
-0.1595699999999738
 21
0.1204810000000123
 31
0.0
  0
LINE
  5
1E42
  8
0
 10
-0.1382679999999823
 20
0.1385820000000138
 30
0.0
 11
-0.1336880000000065
 21
0.1412320000000022
 31
0.0
  0
LINE
  5
1E43
  8
0
 10
-0.142755999999963
 20
0.1355980000000159
 30
0.0
 11
-0.1382679999999823
 21
0.1385820000000138
 31
0.0
  0
LINE
  5
1E44
  8
0
 10
-0.2118079999999623
 20
0.0707095000000209
 30
0.0
 11
-0.2096019999999612
 21
0.0641333000000089
 31
0.0
  0
LINE
  5
1E45
  8
0
 10
-0.3195099999999797
 20
0.1471180000000061
 30
0.0
 11
-0.3146739999999681
 21
0.1483760000000132
 31
0.0
  0
LINE
  5
1E46
  8
0
 10
-0.2259039999999573
 20
0.100734000000017
 30
0.0
 11
-0.2226979999999799
 21
0.0951589999999953
 31
0.0
  0
LINE
  5
1E47
  8
0
 10
-0.2226979999999799
 20
0.0951589999999953
 30
0.0
 11
-0.2196799999999826
 21
0.0893549000000178
 31
0.0
  0
LINE
  5
1E48
  8
0
 10
-0.2196799999999826
 20
0.0893549000000178
 30
0.0
 11
-0.2168540000000121
 21
0.083335500000004
 31
0.0
  0
LINE
  5
1E49
  8
0
 10
-0.2168540000000121
 20
0.083335500000004
 30
0.0
 11
-0.2142279999999914
 21
0.0771153999999968
 31
0.0
  0
LINE
  5
1E4A
  8
0
 10
-0.2142279999999914
 20
0.0771153999999968
 30
0.0
 11
-0.2118079999999623
 21
0.0707095000000209
 31
0.0
  0
LINE
  5
1E4B
  8
0
 10
-0.275701999999967
 20
0.1455050000000142
 30
0.0
 11
-0.270971999999972
 21
0.143540999999999
 31
0.0
  0
LINE
  5
1E4C
  8
0
 10
-0.270971999999972
 20
0.143540999999999
 30
0.0
 11
-0.2663119999999709
 21
0.1412320000000022
 31
0.0
  0
LINE
  5
1E4D
  8
0
 10
-0.2663119999999709
 20
0.1412320000000022
 30
0.0
 11
-0.261731999999995
 21
0.1385820000000138
 31
0.0
  0
LINE
  5
1E4E
  8
0
 10
-0.261731999999995
 20
0.1385820000000138
 30
0.0
 11
-0.2572439999999574
 21
0.1355980000000159
 31
0.0
  0
LINE
  5
1E4F
  8
0
 10
-0.2572439999999574
 20
0.1355980000000159
 30
0.0
 11
-0.2528599999999983
 21
0.1322880000000168
 31
0.0
  0
LINE
  5
1E50
  8
0
 10
-0.2528599999999983
 20
0.1322880000000168
 30
0.0
 11
-0.2485899999999788
 21
0.128658999999999
 31
0.0
  0
LINE
  5
1E51
  8
0
 10
-0.2485899999999788
 20
0.128658999999999
 30
0.0
 11
-0.2444419999999923
 21
0.1247199999999964
 31
0.0
  0
LINE
  5
1E52
  8
0
 10
-0.2444419999999923
 20
0.1247199999999964
 30
0.0
 11
-0.2404300000000034
 21
0.1204810000000123
 31
0.0
  0
LINE
  5
1E53
  8
0
 10
-0.2404300000000034
 20
0.1204810000000123
 30
0.0
 11
-0.2365599999999973
 21
0.1159520000000214
 31
0.0
  0
LINE
  5
1E54
  8
0
 10
-0.2365599999999973
 20
0.1159520000000214
 30
0.0
 11
-0.2328440000000001
 21
0.1111429999999984
 31
0.0
  0
LINE
  5
1E55
  8
0
 10
-0.2328440000000001
 20
0.1111429999999984
 30
0.0
 11
-0.2292899999999918
 21
0.1060659999999984
 31
0.0
  0
LINE
  5
1E56
  8
0
 10
-0.2292899999999918
 20
0.1060659999999984
 30
0.0
 11
-0.2259039999999573
 21
0.100734000000017
 31
0.0
  0
LINE
  5
1E57
  8
0
 10
-0.3000000000000114
 20
0.1500000000000057
 30
0.0
 11
-0.2950940000000059
 21
0.1498190000000079
 31
0.0
  0
LINE
  5
1E58
  8
0
 10
-0.2950940000000059
 20
0.1498190000000079
 30
0.0
 11
-0.2901979999999753
 21
0.1492780000000096
 31
0.0
  0
LINE
  5
1E59
  8
0
 10
-0.2901979999999753
 20
0.1492780000000096
 30
0.0
 11
-0.2853259999999977
 21
0.1483760000000132
 31
0.0
  0
LINE
  5
1E5A
  8
0
 10
-0.2853259999999977
 20
0.1483760000000132
 30
0.0
 11
-0.2804899999999861
 21
0.1471180000000061
 31
0.0
  0
LINE
  5
1E5B
  8
0
 10
-0.2804899999999861
 20
0.1471180000000061
 30
0.0
 11
-0.275701999999967
 21
0.1455050000000142
 31
0.0
  0
LINE
  5
1E5C
  8
0
 10
-0.3146739999999681
 20
0.1483760000000132
 30
0.0
 11
-0.3098019999999906
 21
0.1492780000000096
 31
0.0
  0
LINE
  5
1E5D
  8
0
 10
-0.3098019999999906
 20
0.1492780000000096
 30
0.0
 11
-0.3049059999999599
 21
0.1498190000000079
 31
0.0
  0
LINE
  5
1E5E
  8
0
 10
-0.3049059999999599
 20
0.1498190000000079
 30
0.0
 11
-0.3000000000000114
 21
0.1500000000000057
 31
0.0
  0
LINE
  5
1E5F
  8
0
 10
-0.1999999999999886
 20
0.0
 30
0.0
 11
-0.1998800000000074
 21
0.0073601999999937
 31
0.0
  0
LINE
  5
1E60
  8
0
 10
-0.2001199999999699
 20
0.0073601999999937
 30
0.0
 11
-0.1999999999999886
 21
0.0
 31
0.0
  0
LINE
  5
1E61
  8
0
 10
-0.1956940000000032
 20
-0.0435426999999891
 30
0.0
 11
-0.1970039999999926
 21
-0.0364470000000097
 31
0.0
  0
LINE
  5
1E62
  8
0
 10
-0.2029959999999846
 20
-0.0364470000000097
 30
0.0
 11
-0.2043059999999741
 21
-0.0435426999999891
 31
0.0
  0
LINE
  5
1E63
  8
0
 10
-0.1903979999999592
 20
-0.0641332999999804
 30
0.0
 11
-0.192387999999994
 21
-0.0574024999999949
 31
0.0
  0
LINE
  5
1E64
  8
0
 10
-0.192387999999994
 20
-0.0574024999999949
 30
0.0
 11
-0.1941539999999691
 21
-0.0505335000000002
 31
0.0
  0
LINE
  5
1E65
  8
0
 10
-0.1941539999999691
 20
-0.0505335000000002
 30
0.0
 11
-0.1956940000000032
 21
-0.0435426999999891
 31
0.0
  0
LINE
  5
1E66
  8
0
 10
-0.2043059999999741
 20
-0.0435426999999891
 30
0.0
 11
-0.2058459999999513
 21
-0.0505335000000002
 31
0.0
  0
LINE
  5
1E67
  8
0
 10
-0.2058459999999513
 20
-0.0505335000000002
 30
0.0
 11
-0.2076119999999832
 21
-0.0574024999999949
 31
0.0
  0
LINE
  5
1E68
  8
0
 10
-0.2076119999999832
 20
-0.0574024999999949
 30
0.0
 11
-0.2096019999999612
 21
-0.0641332999999804
 31
0.0
  0
LINE
  5
1E69
  8
0
 10
-0.1970039999999926
 20
-0.0364470000000097
 30
0.0
 11
-0.1980780000000095
 21
-0.0292634999999848
 31
0.0
  0
LINE
  5
1E6A
  8
0
 10
-0.1980780000000095
 20
-0.0292634999999848
 30
0.0
 11
-0.1989179999999919
 21
-0.0220095999999899
 31
0.0
  0
LINE
  5
1E6B
  8
0
 10
-0.1989179999999919
 20
-0.0220095999999899
 30
0.0
 11
-0.199517999999955
 21
-0.0147025999999926
 31
0.0
  0
LINE
  5
1E6C
  8
0
 10
-0.199517999999955
 20
-0.0147025999999926
 30
0.0
 11
-0.1998800000000074
 21
-0.0073601999999937
 31
0.0
  0
LINE
  5
1E6D
  8
0
 10
-0.1998800000000074
 20
-0.0073601999999937
 30
0.0
 11
-0.1999999999999886
 21
0.0
 31
0.0
  0
LINE
  5
1E6E
  8
0
 10
-0.1999999999999886
 20
0.0
 30
0.0
 11
-0.2001199999999699
 21
-0.0073601999999937
 31
0.0
  0
LINE
  5
1E6F
  8
0
 10
-0.2001199999999699
 20
-0.0073601999999937
 30
0.0
 11
-0.2004819999999654
 21
-0.0147025999999926
 31
0.0
  0
LINE
  5
1E70
  8
0
 10
-0.2004819999999654
 20
-0.0147025999999926
 30
0.0
 11
-0.2010819999999853
 21
-0.0220095999999899
 31
0.0
  0
LINE
  5
1E71
  8
0
 10
-0.2010819999999853
 20
-0.0220095999999899
 30
0.0
 11
-0.2019219999999677
 21
-0.0292634999999848
 31
0.0
  0
LINE
  5
1E72
  8
0
 10
-0.2019219999999677
 20
-0.0292634999999848
 30
0.0
 11
-0.2029959999999846
 21
-0.0364470000000097
 31
0.0
  0
LINE
  5
1E73
  8
0
 10
-0.1773019999999974
 20
0.0951589999999953
 30
0.0
 11
-0.1740959999999632
 21
0.100734000000017
 31
0.0
  0
LINE
  5
1E74
  8
0
 10
-0.1998800000000074
 20
0.0073601999999937
 30
0.0
 11
-0.199517999999955
 21
0.014702600000021
 31
0.0
  0
LINE
  5
1E75
  8
0
 10
-0.199517999999955
 20
0.014702600000021
 30
0.0
 11
-0.1989179999999919
 21
0.0220096000000183
 31
0.0
  0
LINE
  5
1E76
  8
0
 10
-0.1989179999999919
 20
0.0220096000000183
 30
0.0
 11
-0.1980780000000095
 21
0.0292635000000132
 31
0.0
  0
LINE
  5
1E77
  8
0
 10
-0.1980780000000095
 20
0.0292635000000132
 30
0.0
 11
-0.1970039999999926
 21
0.0364470000000097
 31
0.0
  0
LINE
  5
1E78
  8
0
 10
-0.1970039999999926
 20
0.0364470000000097
 30
0.0
 11
-0.1956940000000032
 21
0.0435427000000175
 31
0.0
  0
LINE
  5
1E79
  8
0
 10
-0.1956940000000032
 20
0.0435427000000175
 30
0.0
 11
-0.1941539999999691
 21
0.0505335000000003
 31
0.0
  0
LINE
  5
1E7A
  8
0
 10
-0.1941539999999691
 20
0.0505335000000003
 30
0.0
 11
-0.192387999999994
 21
0.0574024999999949
 31
0.0
  0
LINE
  5
1E7B
  8
0
 10
-0.192387999999994
 20
0.0574024999999949
 30
0.0
 11
-0.1903979999999592
 21
0.0641333000000089
 31
0.0
  0
LINE
  5
1E7C
  8
0
 10
-0.1903979999999592
 20
0.0641333000000089
 30
0.0
 11
-0.1881919999999582
 21
0.0707095000000209
 31
0.0
  0
LINE
  5
1E7D
  8
0
 10
-0.1881919999999582
 20
0.0707095000000209
 30
0.0
 11
-0.1857719999999858
 21
0.0771153999999968
 31
0.0
  0
LINE
  5
1E7E
  8
0
 10
-0.1857719999999858
 20
0.0771153999999968
 30
0.0
 11
-0.1831459999999652
 21
0.083335500000004
 31
0.0
  0
LINE
  5
1E7F
  8
0
 10
-0.1831459999999652
 20
0.083335500000004
 30
0.0
 11
-0.1803199999999947
 21
0.0893549000000178
 31
0.0
  0
LINE
  5
1E80
  8
0
 10
-0.1803199999999947
 20
0.0893549000000178
 30
0.0
 11
-0.1773019999999974
 21
0.0951589999999953
 31
0.0
  0
LINE
  5
1E81
  8
0
 10
-0.2096019999999612
 20
0.0641333000000089
 30
0.0
 11
-0.2076119999999832
 21
0.0574024999999949
 31
0.0
  0
LINE
  5
1E82
  8
0
 10
-0.2076119999999832
 20
0.0574024999999949
 30
0.0
 11
-0.2058459999999513
 21
0.0505335000000003
 31
0.0
  0
LINE
  5
1E83
  8
0
 10
-0.2058459999999513
 20
0.0505335000000003
 30
0.0
 11
-0.2043059999999741
 21
0.0435427000000175
 31
0.0
  0
LINE
  5
1E84
  8
0
 10
-0.2043059999999741
 20
0.0435427000000175
 30
0.0
 11
-0.2029959999999846
 21
0.0364470000000097
 31
0.0
  0
LINE
  5
1E85
  8
0
 10
-0.2029959999999846
 20
0.0364470000000097
 30
0.0
 11
-0.2019219999999677
 21
0.0292635000000132
 31
0.0
  0
LINE
  5
1E86
  8
0
 10
-0.2019219999999677
 20
0.0292635000000132
 30
0.0
 11
-0.2010819999999853
 21
0.0220096000000183
 31
0.0
  0
LINE
  5
1E87
  8
0
 10
-0.2010819999999853
 20
0.0220096000000183
 30
0.0
 11
-0.2004819999999654
 21
0.014702600000021
 31
0.0
  0
LINE
  5
1E88
  8
0
 10
-0.2004819999999654
 20
0.014702600000021
 30
0.0
 11
-0.2001199999999699
 21
0.0073601999999937
 31
0.0
  0
LINE
  5
1E89
  8
0
 10
-0.0096019999999726
 20
-0.0641332999999804
 30
0.0
 11
-0.0118079999999736
 21
-0.0707094999999924
 31
0.0
  0
LINE
  5
1E8A
  8
0
 10
-0.0118079999999736
 20
-0.0707094999999924
 30
0.0
 11
-0.0142280000000028
 21
-0.0771153999999967
 31
0.0
  0
LINE
  5
1E8B
  8
0
 10
-0.0142280000000028
 20
-0.0771153999999967
 30
0.0
 11
-0.0168539999999666
 21
-0.083335500000004
 31
0.0
  0
LINE
  5
1E8C
  8
0
 10
-0.0226979999999912
 20
-0.0951589999999953
 30
0.0
 11
-0.0259039999999686
 21
-0.1007339999999886
 31
0.0
  0
LINE
  5
1E8D
  8
0
 10
-0.0168539999999666
 20
-0.083335500000004
 30
0.0
 11
-0.0196799999999939
 21
-0.0893548999999894
 31
0.0
  0
LINE
  5
1E8E
  8
0
 10
-0.0196799999999939
 20
-0.0893548999999894
 30
0.0
 11
-0.0226979999999912
 21
-0.0951589999999953
 31
0.0
  0
LINE
  5
1E8F
  8
0
 10
-0.040429999999958
 20
-0.1204809999999838
 30
0.0
 11
-0.0444420000000037
 21
-0.1247199999999964
 31
0.0
  0
LINE
  5
1E90
  8
0
 10
-0.0259039999999686
 20
-0.1007339999999886
 30
0.0
 11
-0.0292900000000032
 21
-0.1060659999999984
 31
0.0
  0
LINE
  5
1E91
  8
0
 10
-0.0292900000000032
 20
-0.1060659999999984
 30
0.0
 11
-0.0328439999999546
 21
-0.1111429999999984
 31
0.0
  0
LINE
  5
1E92
  8
0
 10
-0.0328439999999546
 20
-0.1111429999999984
 30
0.0
 11
-0.0365600000000086
 21
-0.1159519999999929
 31
0.0
  0
LINE
  5
1E93
  8
0
 10
-0.0365600000000086
 20
-0.1159519999999929
 30
0.0
 11
-0.040429999999958
 21
-0.1204809999999838
 31
0.0
  0
LINE
  5
1E94
  8
0
 10
-0.0444420000000037
 20
-0.1247199999999964
 30
0.0
 11
-0.0485899999999902
 21
-0.128658999999999
 31
0.0
  0
LINE
  5
1E95
  8
0
 10
-0.0485899999999902
 20
-0.128658999999999
 30
0.0
 11
-0.0528600000000097
 21
-0.1322879999999884
 31
0.0
  0
LINE
  5
1E96
  8
0
 10
-0.0804899999999975
 20
-0.1471180000000061
 30
0.0
 11
-0.0853260000000091
 21
-0.1483759999999847
 31
0.0
  0
LINE
  5
1E97
  8
0
 10
-0.0853260000000091
 20
-0.1483759999999847
 30
0.0
 11
-0.0901979999999867
 21
-0.1492779999999811
 31
0.0
  0
LINE
  5
1E98
  8
0
 10
-0.0901979999999867
 20
-0.1492779999999811
 30
0.0
 11
-0.0950939999999605
 21
-0.1498189999999795
 31
0.0
  0
LINE
  5
1E99
  8
0
 10
-0.0950939999999605
 20
-0.1498189999999795
 30
0.0
 11
-0.0999999999999659
 21
-0.1500000000000057
 31
0.0
  0
LINE
  5
1E9A
  8
0
 10
-0.0999999999999659
 20
-0.1500000000000057
 30
0.0
 11
-0.1049059999999713
 21
-0.1498189999999795
 31
0.0
  0
LINE
  5
1E9B
  8
0
 10
-0.1049059999999713
 20
-0.1498189999999795
 30
0.0
 11
-0.109802000000002
 21
-0.1492779999999811
 31
0.0
  0
LINE
  5
1E9C
  8
0
 10
-0.109802000000002
 20
-0.1492779999999811
 30
0.0
 11
-0.1146739999999795
 21
-0.1483759999999847
 31
0.0
  0
LINE
  5
1E9D
  8
0
 10
-0.1146739999999795
 20
-0.1483759999999847
 30
0.0
 11
-0.1195099999999911
 21
-0.1471180000000061
 31
0.0
  0
LINE
  5
1E9E
  8
0
 10
-0.1195099999999911
 20
-0.1471180000000061
 30
0.0
 11
-0.1242979999999534
 21
-0.1455049999999858
 31
0.0
  0
LINE
  5
1E9F
  8
0
 10
-0.0572439999999688
 20
-0.1355979999999874
 30
0.0
 11
-0.0617320000000063
 21
-0.1385819999999853
 31
0.0
  0
LINE
  5
1EA0
  8
0
 10
-0.0617320000000063
 20
-0.1385819999999853
 30
0.0
 11
-0.0663119999999822
 21
-0.1412320000000022
 31
0.0
  0
LINE
  5
1EA1
  8
0
 10
-0.0663119999999822
 20
-0.1412320000000022
 30
0.0
 11
-0.0709719999999834
 21
-0.143540999999999
 31
0.0
  0
LINE
  5
1EA2
  8
0
 10
-0.0709719999999834
 20
-0.143540999999999
 30
0.0
 11
-0.0757019999999784
 21
-0.1455049999999858
 31
0.0
  0
LINE
  5
1EA3
  8
0
 10
-0.0757019999999784
 20
-0.1455049999999858
 30
0.0
 11
-0.0804899999999975
 21
-0.1471180000000061
 31
0.0
  0
LINE
  5
1EA4
  8
0
 10
-0.0528600000000097
 20
-0.1322879999999884
 30
0.0
 11
-0.0572439999999688
 21
-0.1355979999999874
 31
0.0
  0
LINE
  5
1EA5
  8
0
 10
-0.0444420000000037
 20
0.1247199999999964
 30
0.0
 11
-0.040429999999958
 21
0.1204810000000123
 31
0.0
  0
LINE
  5
1EA6
  8
0
 10
-0.040429999999958
 20
0.1204810000000123
 30
0.0
 11
-0.0365600000000086
 21
0.1159520000000214
 31
0.0
  0
LINE
  5
1EA7
  8
0
 10
-0.0365600000000086
 20
0.1159520000000214
 30
0.0
 11
-0.0328439999999546
 21
0.1111429999999984
 31
0.0
  0
LINE
  5
1EA8
  8
0
 10
-0.0328439999999546
 20
0.1111429999999984
 30
0.0
 11
-0.0292900000000032
 21
0.1060659999999984
 31
0.0
  0
LINE
  5
1EA9
  8
0
 10
-0.0292900000000032
 20
0.1060659999999984
 30
0.0
 11
-0.0259039999999686
 21
0.100734000000017
 31
0.0
  0
LINE
  5
1EAA
  8
0
 10
-0.0999999999999659
 20
0.1500000000000057
 30
0.0
 11
-0.0950939999999605
 21
0.1498190000000079
 31
0.0
  0
LINE
  5
1EAB
  8
0
 10
-0.0950939999999605
 20
0.1498190000000079
 30
0.0
 11
-0.0901979999999867
 21
0.1492780000000096
 31
0.0
  0
LINE
  5
1EAC
  8
0
 10
-0.0901979999999867
 20
0.1492780000000096
 30
0.0
 11
-0.0853260000000091
 21
0.1483760000000132
 31
0.0
  0
LINE
  5
1EAD
  8
0
 10
-0.0853260000000091
 20
0.1483760000000132
 30
0.0
 11
-0.0804899999999975
 21
0.1471180000000061
 31
0.0
  0
LINE
  5
1EAE
  8
0
 10
-0.1242979999999534
 20
0.1455050000000142
 30
0.0
 11
-0.1195099999999911
 21
0.1471180000000061
 31
0.0
  0
LINE
  5
1EAF
  8
0
 10
-0.1195099999999911
 20
0.1471180000000061
 30
0.0
 11
-0.1146739999999795
 21
0.1483760000000132
 31
0.0
  0
LINE
  5
1EB0
  8
0
 10
-0.1146739999999795
 20
0.1483760000000132
 30
0.0
 11
-0.109802000000002
 21
0.1492780000000096
 31
0.0
  0
LINE
  5
1EB1
  8
0
 10
-0.109802000000002
 20
0.1492780000000096
 30
0.0
 11
-0.1049059999999713
 21
0.1498190000000079
 31
0.0
  0
LINE
  5
1EB2
  8
0
 10
-0.1049059999999713
 20
0.1498190000000079
 30
0.0
 11
-0.0999999999999659
 21
0.1500000000000057
 31
0.0
  0
LINE
  5
1EB3
  8
0
 10
-0.0757019999999784
 20
0.1455050000000142
 30
0.0
 11
-0.0709719999999834
 21
0.143540999999999
 31
0.0
  0
LINE
  5
1EB4
  8
0
 10
-0.0709719999999834
 20
0.143540999999999
 30
0.0
 11
-0.0663119999999822
 21
0.1412320000000022
 31
0.0
  0
LINE
  5
1EB5
  8
0
 10
-0.0663119999999822
 20
0.1412320000000022
 30
0.0
 11
-0.0617320000000063
 21
0.1385820000000138
 31
0.0
  0
LINE
  5
1EB6
  8
0
 10
-0.0617320000000063
 20
0.1385820000000138
 30
0.0
 11
-0.0572439999999688
 21
0.1355980000000159
 31
0.0
  0
LINE
  5
1EB7
  8
0
 10
-0.0572439999999688
 20
0.1355980000000159
 30
0.0
 11
-0.0528600000000097
 21
0.1322880000000168
 31
0.0
  0
LINE
  5
1EB8
  8
0
 10
-0.0528600000000097
 20
0.1322880000000168
 30
0.0
 11
-0.0485899999999902
 21
0.128658999999999
 31
0.0
  0
LINE
  5
1EB9
  8
0
 10
-0.0485899999999902
 20
0.128658999999999
 30
0.0
 11
-0.0444420000000037
 21
0.1247199999999964
 31
0.0
  0
LINE
  5
1EBA
  8
0
 10
-0.0804899999999975
 20
0.1471180000000061
 30
0.0
 11
-0.0757019999999784
 21
0.1455050000000142
 31
0.0
  0
LINE
  5
1EBB
  8
0
 10
-0.0076119999999946
 20
-0.0574024999999949
 30
0.0
 11
-0.0096019999999726
 21
-0.0641332999999804
 31
0.0
  0
LINE
  5
1EBC
  8
0
 10
-0.0142280000000028
 20
0.0771153999999968
 30
0.0
 11
-0.0118079999999736
 21
0.0707095000000209
 31
0.0
  0
LINE
  5
1EBD
  8
0
 10
-0.0118079999999736
 20
0.0707095000000209
 30
0.0
 11
-0.0096019999999726
 21
0.0641333000000089
 31
0.0
  0
LINE
  5
1EBE
  8
0
 10
-0.0096019999999726
 20
0.0641333000000089
 30
0.0
 11
-0.0076119999999946
 21
0.0574024999999949
 31
0.0
  0
LINE
  5
1EBF
  8
0
 10
-0.0168539999999666
 20
0.083335500000004
 30
0.0
 11
-0.0142280000000028
 21
0.0771153999999968
 31
0.0
  0
LINE
  5
1EC0
  8
0
 10
-0.0259039999999686
 20
0.100734000000017
 30
0.0
 11
-0.0226979999999912
 21
0.0951589999999953
 31
0.0
  0
LINE
  5
1EC1
  8
0
 10
-0.0226979999999912
 20
0.0951589999999953
 30
0.0
 11
-0.0196799999999939
 21
0.0893549000000178
 31
0.0
  0
LINE
  5
1EC2
  8
0
 10
-0.0196799999999939
 20
0.0893549000000178
 30
0.0
 11
-0.0168539999999666
 21
0.083335500000004
 31
0.0
  0
LINE
  5
1EC3
  8
0
 10
-0.1242979999999534
 20
-0.1455049999999858
 30
0.0
 11
-0.1290280000000053
 21
-0.143540999999999
 31
0.0
  0
LINE
  5
1EC4
  8
0
 10
-0.1290280000000053
 20
0.143540999999999
 30
0.0
 11
-0.1242979999999534
 21
0.1455050000000142
 31
0.0
  0
LINE
  5
1EC5
  8
0
 10
-0.3195099999999797
 20
-0.1471180000000061
 30
0.0
 11
-0.3242979999999989
 21
-0.1455049999999858
 31
0.0
  0
LINE
  5
1EC6
  8
0
 10
-0.3242979999999989
 20
0.1455050000000142
 30
0.0
 11
-0.3195099999999797
 21
0.1471180000000061
 31
0.0
  0
LINE
  5
1EC7
  8
0
 10
-0.7098017999999798
 20
-0.1492779999999811
 30
0.0
 11
-0.7146730000000047
 21
-0.1483759999999847
 31
0.0
  0
LINE
  5
1EC8
  8
0
 10
-0.7146730000000047
 20
0.1483760000000132
 30
0.0
 11
-0.7098017999999798
 21
0.1492780000000096
 31
0.0
  0
LINE
  5
1EC9
  8
0
 10
-0.7146730000000047
 20
-0.1483759999999847
 30
0.0
 11
-0.7195089999999597
 21
-0.1471180000000061
 31
0.0
  0
LINE
  5
1ECA
  8
0
 10
-0.7471395999999687
 20
-0.1322879999999884
 30
0.0
 11
-0.7514102000000094
 21
-0.128658999999999
 31
0.0
  0
LINE
  5
1ECB
  8
0
 10
-0.7514102000000094
 20
-0.128658999999999
 30
0.0
 11
-0.7555570000000103
 21
-0.1247199999999964
 31
0.0
  0
LINE
  5
1ECC
  8
0
 10
-0.7290284000000044
 20
-0.143540999999999
 30
0.0
 11
-0.73368899999997
 21
-0.1412320000000022
 31
0.0
  0
LINE
  5
1ECD
  8
0
 10
-0.73368899999997
 20
-0.1412320000000022
 30
0.0
 11
-0.7382683999999813
 21
-0.1385819999999853
 31
0.0
  0
LINE
  5
1ECE
  8
0
 10
-0.7382683999999813
 20
-0.1385819999999853
 30
0.0
 11
-0.7427556000000095
 21
-0.1355979999999874
 31
0.0
  0
LINE
  5
1ECF
  8
0
 10
-0.7427556000000095
 20
-0.1355979999999874
 30
0.0
 11
-0.7471395999999687
 21
-0.1322879999999884
 31
0.0
  0
LINE
  5
1ED0
  8
0
 10
-0.7195089999999597
 20
-0.1471180000000061
 30
0.0
 11
-0.7242979999999764
 21
-0.1455049999999858
 31
0.0
  0
LINE
  5
1ED1
  8
0
 10
-0.7242979999999764
 20
-0.1455049999999858
 30
0.0
 11
-0.7290284000000044
 21
-0.143540999999999
 31
0.0
  0
LINE
  5
1ED2
  8
0
 10
-0.7195089999999597
 20
0.1471180000000061
 30
0.0
 11
-0.7146730000000047
 21
0.1483760000000132
 31
0.0
  0
LINE
  5
1ED3
  8
0
 10
-0.7471395999999687
 20
0.1322880000000168
 30
0.0
 11
-0.7427556000000095
 21
0.1355980000000159
 31
0.0
  0
LINE
  5
1ED4
  8
0
 10
-0.7427556000000095
 20
0.1355980000000159
 30
0.0
 11
-0.7382683999999813
 21
0.1385820000000138
 31
0.0
  0
LINE
  5
1ED5
  8
0
 10
-0.7382683999999813
 20
0.1385820000000138
 30
0.0
 11
-0.73368899999997
 21
0.1412320000000022
 31
0.0
  0
LINE
  5
1ED6
  8
0
 10
-0.73368899999997
 20
0.1412320000000022
 30
0.0
 11
-0.7290284000000044
 21
0.143540999999999
 31
0.0
  0
LINE
  5
1ED7
  8
0
 10
-0.7555570000000103
 20
0.1247199999999964
 30
0.0
 11
-0.7514102000000094
 21
0.128658999999999
 31
0.0
  0
LINE
  5
1ED8
  8
0
 10
-0.7514102000000094
 20
0.128658999999999
 30
0.0
 11
-0.7471395999999687
 21
0.1322880000000168
 31
0.0
  0
LINE
  5
1ED9
  8
0
 10
-0.7242979999999764
 20
0.1455050000000142
 30
0.0
 11
-0.7195089999999597
 21
0.1471180000000061
 31
0.0
  0
LINE
  5
1EDA
  8
0
 10
-0.7290284000000044
 20
0.143540999999999
 30
0.0
 11
-0.7242979999999764
 21
0.1455050000000142
 31
0.0
  0
LINE
  5
1EDB
  8
0
 10
-0.609600999999998
 20
-0.0641332999999804
 30
0.0
 11
-0.6118078000000085
 21
-0.0707094999999924
 31
0.0
  0
LINE
  5
1EDC
  8
0
 10
-0.5881921999999805
 20
-0.0707094999999924
 30
0.0
 11
-0.5903989999999908
 21
-0.0641332999999804
 31
0.0
  0
LINE
  5
1EDD
  8
0
 10
-0.519508999999971
 20
-0.1471180000000061
 30
0.0
 11
-0.5242979999999876
 21
-0.1455049999999858
 31
0.0
  0
LINE
  5
1EDE
  8
0
 10
-0.6259048000000007
 20
-0.1007339999999886
 30
0.0
 11
-0.6292894000000046
 21
-0.1060659999999984
 31
0.0
  0
LINE
  5
1EDF
  8
0
 10
-0.6142271999999595
 20
-0.0771153999999967
 30
0.0
 11
-0.6168529999999919
 21
-0.083335500000004
 31
0.0
  0
LINE
  5
1EE0
  8
0
 10
-0.6168529999999919
 20
-0.083335500000004
 30
0.0
 11
-0.6196792000000074
 21
-0.0893548999999894
 31
0.0
  0
LINE
  5
1EE1
  8
0
 10
-0.6196792000000074
 20
-0.0893548999999894
 30
0.0
 11
-0.6226990000000116
 21
-0.0951589999999953
 31
0.0
  0
LINE
  5
1EE2
  8
0
 10
-0.6226990000000116
 20
-0.0951589999999953
 30
0.0
 11
-0.6259048000000007
 21
-0.1007339999999886
 31
0.0
  0
LINE
  5
1EE3
  8
0
 10
-0.6118078000000085
 20
-0.0707094999999924
 30
0.0
 11
-0.6142271999999595
 21
-0.0771153999999967
 31
0.0
  0
LINE
  5
1EE4
  8
0
 10
-0.6292894000000046
 20
-0.1060659999999984
 30
0.0
 11
-0.6328441999999656
 21
-0.1111429999999984
 31
0.0
  0
LINE
  5
1EE5
  8
0
 10
-0.6328441999999656
 20
-0.1111429999999984
 30
0.0
 11
-0.6365605999999957
 21
-0.1159519999999929
 31
0.0
  0
LINE
  5
1EE6
  8
0
 10
-0.6365605999999957
 20
-0.1159519999999929
 30
0.0
 11
-0.6404299999999809
 21
-0.1204809999999838
 31
0.0
  0
LINE
  5
1EE7
  8
0
 10
-0.6404299999999809
 20
-0.1204809999999838
 30
0.0
 11
-0.6444429999999671
 21
-0.1247199999999964
 31
0.0
  0
LINE
  5
1EE8
  8
0
 10
-0.6444429999999671
 20
-0.1247199999999964
 30
0.0
 11
-0.6485897999999679
 21
-0.128658999999999
 31
0.0
  0
ENDBLK
  5
1EE9
  8
0
  0
ENDSEC
  0
SECTION
  2
ENTITIES
  0
ATTDEF
  5
1EEA
  8
0
  6
CONTINUOUS
 62
     7
 10
-1.431955612745317
 20
-0.451596868923275
 30
0.0
 40
0.2
  1

 72
     2
 11
-0.098622279411984
 21
-0.451596868923275
 31
0.0
  3
Potenza [w]
  2
POTENZA
 70
     9
  0
ATTDEF
  5
1EEB
  8
0
  6
CONTINUOUS
 62
     7
 10
-1.3907097118031551
 20
-1.0025390813744921
 30
0.0
 40
0.2
  1

 72
     2
 11
-0.1240430451364887
 21
-1.0025390813744921
 31
0.0
  3
Perdita (Pa)
  2
PERDITA
 70
     9
  0
ATTDEF
  5
1EEC
  8
0
  6
CONTINUOUS
 62
     7
 10
-1.510894460235348
 20
0.7807867428018369
 30
0.0
 40
0.2
  1

 72
     1
 11
-0.7775611269020147
 21
0.7807867428018369
 31
0.0
  3
N° elementi
  2
ELEMENTI
 70
     9
  0
ATTDEF
  5
1EED
  8
0
  6
CONTINUOUS
 62
     7
 10
-1.4442277935686809
 20
1.05990511777756
 30
0.0
 40
0.2
  1

 72
     1
 11
-0.7775611269020147
 21
1.05990511777756
 31
0.0
  3
Modello
  2
MODELLO
 70
     9
  0
ATTDEF
  5
1EEE
  8
0
  6
CONTINUOUS
 62
     7
 10
-1.078338348073729
 20
1.6462786655557691
 30
0.0
 40
0.2
  1
??
 72
     1
 11
-0.8116716814070628
 21
1.6462786655557691
 31
0.0
  3
Identificatore
  2
COD
 70
     9
  0
ATTDEF
  5
1EEF
  8
0
  6
CONTINUOUS
 62
     7
 10
-1.1387018574270009
 20
0.2257984409205562
 30
0.0
 40
0.2
  1

 72
     1
 11
-0.7720351907603346
 21
0.2257984409205562
 31
0.0
  3
Larghezza massima [m]
  2
LMAX
 70
     9
  0
ATTDEF
  5
1EF0
  8
0
  6
CONTINUOUS
 62
     7
 10
-1.100756115928978
 20
0.5022863207759089
 30
0.0
 40
0.2
  1

 72
     1
 11
-0.767422782595645
 21
0.5022863207759089
 31
0.0
  3
Incremento [ %]
  2
INCR
 70
     9
  0
ATTDEF
  5
1EF1
  8
0
  6
CONTINUOUS
 62
     7
 10
-1.187054319504049
 20
-0.6992862872683077
 30
0.0
 40
0.2
  1

 72
     1
 11
-0.8203876528373824
 21
-0.6992862872683077
 31
0.0
  3
Portata [l/s]
  2
PORT
 70
     9
  0
ATTDEF
  5
1EF2
  8
0
  6
CONTINUOUS
 62
     7
 10
-1.2108944602353471
 20
1.314395393054951
 30
0.0
 40
0.2
  1

 72
     1
 11
-0.7775611269020147
 21
1.314395393054951
 31
0.0
  3
Serie
  2
SERIE
 70
     9
  0
LINE
  5
1EF3
  8
0
 10
-0.1812791410079057
 20
0.0
 30
0.0
 11
0.0
 21
0.0
 31
0.0
  0
LINE
  5
1EF4
  8
0
 10
-0.8712791410078917
 20
-0.0450000000000017
 30
0.0
 11
-0.5412791410079021
 21
-0.0450000000000017
 31
0.0
  0
LINE
  5
1EF5
  8
0
 10
-0.5412791410079021
 20
0.0450000000000017
 30
0.0
 11
-0.8712791410078917
 21
0.0450000000000017
 31
0.0
  0
LINE
  5
1EF6
  8
0
 10
-0.7679462410079054
 20
-0.0374159999999989
 30
0.0
 11
-0.7691501410079012
 21
-0.0361442999999951
 31
0.0
  0
LINE
  5
1EF7
  8
0
 10
-0.7691501410079012
 20
0.0361443000000037
 30
0.0
 11
-0.7679462410079054
 21
0.0374159999999989
 31
0.0
  0
LINE
  5
1EF8
  8
0
 10
-0.8742197410079025
 20
0.0447834000000029
 30
0.0
 11
-0.872750941007893
 21
0.0449457000000024
 31
0.0
  0
LINE
  5
1EF9
  8
0
 10
-0.872750941007893
 20
-0.0449456999999939
 30
0.0
 11
-0.8742197410079025
 21
-0.0447833999999943
 31
0.0
  0
LINE
  5
1EFA
  8
0
 10
-0.9012791410078984
 20
0.0450000000000017
 30
0.0
 11
-0.9012791410078984
 21
-0.0450000000000017
 31
0.0
  0
LINE
  5
1EFB
  8
0
 10
-0.8977367410078894
 20
-0.0212128499999977
 30
0.0
 11
-0.8983985410078895
 21
-0.0192399899999941
 31
0.0
  0
LINE
  5
1EFC
  8
0
 10
-0.8962229410078915
 20
-0.0250006500000012
 30
0.0
 11
-0.8970107410078977
 21
-0.023134619999999
 31
0.0
  0
LINE
  5
1EFD
  8
0
 10
-0.8914259410078951
 20
-0.0333428999999995
 30
0.0
 11
-0.8924921410078976
 21
-0.0318197999999995
 31
0.0
  0
LINE
  5
1EFE
  8
0
 10
-0.8854211410078956
 20
-0.0396863999999965
 30
0.0
 11
-0.8867021410079015
 21
-0.0385976999999997
 31
0.0
  0
LINE
  5
1EFF
  8
0
 10
-0.8867021410079015
 20
-0.0385976999999997
 30
0.0
 11
-0.8879465410078973
 21
-0.0374159999999989
 31
0.0
  0
LINE
  5
1F00
  8
0
 10
-0.8879465410078973
 20
-0.0374159999999989
 30
0.0
 11
-0.8891501410078941
 21
-0.0361442999999951
 31
0.0
  0
LINE
  5
1F01
  8
0
 10
-0.8891501410078941
 20
-0.0361442999999951
 30
0.0
 11
-0.8903111410078958
 21
-0.0347855999999979
 31
0.0
  0
LINE
  5
1F02
  8
0
 10
-0.8903111410078958
 20
-0.0347855999999979
 30
0.0
 11
-0.8914259410078951
 21
-0.0333428999999995
 31
0.0
  0
LINE
  5
1F03
  8
0
 10
-0.8924921410078976
 20
-0.0318197999999995
 30
0.0
 11
-0.8935079410078906
 21
-0.0302201999999966
 31
0.0
  0
LINE
  5
1F04
  8
0
 10
-0.8935079410078906
 20
-0.0302201999999966
 30
0.0
 11
-0.8944697410079008
 21
-0.0285476999999986
 31
0.0
  0
LINE
  5
1F05
  8
0
 10
-0.8944697410079008
 20
-0.0285476999999986
 30
0.0
 11
-0.8953751410079004
 21
-0.0268064699999968
 31
0.0
  0
LINE
  5
1F06
  8
0
 10
-0.8953751410079004
 20
-0.0268064699999968
 30
0.0
 11
-0.8962229410078915
 21
-0.0250006500000012
 31
0.0
  0
LINE
  5
1F07
  8
0
 10
-0.8742197410079025
 20
-0.0447833999999943
 30
0.0
 11
-0.8756813410078959
 21
-0.0445127999999954
 31
0.0
  0
LINE
  5
1F08
  8
0
 10
-0.8756813410078959
 20
-0.0445127999999954
 30
0.0
 11
-0.8771321410078989
 21
-0.0441354000000018
 31
0.0
  0
LINE
  5
1F09
  8
0
 10
-0.8771321410078989
 20
-0.0441354000000018
 30
0.0
 11
-0.8785685410078878
 21
-0.0436514999999958
 31
0.0
  0
LINE
  5
1F0A
  8
0
 10
-0.8785685410078878
 20
-0.0436514999999958
 30
0.0
 11
-0.8799875410079033
 21
-0.0430622999999997
 31
0.0
  0
LINE
  5
1F0B
  8
0
 10
-0.8799875410079033
 20
-0.0430622999999997
 30
0.0
 11
-0.8813855410079035
 21
-0.0423696000000007
 31
0.0
  0
LINE
  5
1F0C
  8
0
 10
-0.8813855410079035
 20
-0.0423696000000007
 30
0.0
 11
-0.8827595410078966
 21
-0.0415745999999956
 31
0.0
  0
LINE
  5
1F0D
  8
0
 10
-0.8827595410078966
 20
-0.0415745999999956
 30
0.0
 11
-0.8841059410078909
 21
-0.0406793999999962
 31
0.0
  0
LINE
  5
1F0E
  8
0
 10
-0.8841059410078909
 20
-0.0406793999999962
 30
0.0
 11
-0.8854211410078956
 21
-0.0396863999999965
 31
0.0
  0
LINE
  5
1F0F
  8
0
 10
-0.8970107410078977
 20
-0.023134619999999
 30
0.0
 11
-0.8977367410078894
 21
-0.0212128499999977
 31
0.0
  0
LINE
  5
1F10
  8
0
 10
-0.9012791410078984
 20
0.0
 30
0.0
 11
-0.9012431410079042
 21
0.0022080599999981
 31
0.0
  0
LINE
  5
1F11
  8
0
 10
-0.9007025410078878
 20
-0.0087790499999954
 30
0.0
 11
-0.9009545410078995
 21
-0.006602879999997
 31
0.0
  0
LINE
  5
1F12
  8
0
 10
-0.9009545410078995
 20
-0.006602879999997
 30
0.0
 11
-0.9011345410078883
 21
-0.0044107799999978
 31
0.0
  0
LINE
  5
1F13
  8
0
 10
-0.9011345410078883
 20
-0.0044107799999978
 30
0.0
 11
-0.9012431410079042
 21
-0.0022080599999981
 31
0.0
  0
LINE
  5
1F14
  8
0
 10
-0.9012431410079042
 20
-0.0022080599999981
 30
0.0
 11
-0.9012791410078984
 21
0.0
 31
0.0
  0
LINE
  5
1F15
  8
0
 10
-0.9012431410079042
 20
0.0022080599999981
 30
0.0
 11
-0.9011345410078883
 21
0.0044107800000063
 31
0.0
  0
LINE
  5
1F16
  8
0
 10
-0.9011345410078883
 20
0.0044107800000063
 30
0.0
 11
-0.9009545410078995
 21
0.0066028800000055
 31
0.0
  0
LINE
  5
1F17
  8
0
 10
-0.9009545410078995
 20
0.0066028800000055
 30
0.0
 11
-0.9007025410078878
 21
0.008779050000004
 31
0.0
  0
LINE
  5
1F18
  8
0
 10
-0.9003803410078997
 20
-0.0109341000000029
 30
0.0
 11
-0.9007025410078878
 21
-0.0087790499999954
 31
0.0
  0
LINE
  5
1F19
  8
0
 10
-0.9007025410078878
 20
0.008779050000004
 30
0.0
 11
-0.9003803410078997
 21
0.0109341000000029
 31
0.0
  0
LINE
  5
1F1A
  8
0
 10
-0.8999873410078857
 20
-0.0130628099999967
 30
0.0
 11
-0.9003803410078997
 21
-0.0109341000000029
 31
0.0
  0
LINE
  5
1F1B
  8
0
 10
-0.8983985410078895
 20
-0.0192399899999941
 30
0.0
 11
-0.8989955410079003
 21
-0.0172207499999985
 31
0.0
  0
LINE
  5
1F1C
  8
0
 10
-0.8989955410079003
 20
-0.0172207499999985
 30
0.0
 11
-0.8995253410078925
 21
-0.0151600500000001
 31
0.0
  0
LINE
  5
1F1D
  8
0
 10
-0.8995253410078925
 20
-0.0151600500000001
 30
0.0
 11
-0.8999873410078857
 21
-0.0130628099999967
 31
0.0
  0
LINE
  5
1F1E
  8
0
 10
-0.9003803410078997
 20
0.0109341000000029
 30
0.0
 11
-0.8999873410078857
 21
0.0130628100000053
 31
0.0
  0
LINE
  5
1F1F
  8
0
 10
-0.8999873410078857
 20
0.0130628100000053
 30
0.0
 11
-0.8995253410078925
 21
0.0151600500000001
 31
0.0
  0
LINE
  5
1F20
  8
0
 10
-0.8995253410078925
 20
0.0151600500000001
 30
0.0
 11
-0.8989955410079003
 21
0.0172207499999985
 31
0.0
  0
LINE
  5
1F21
  8
0
 10
-0.8989955410079003
 20
0.0172207499999985
 30
0.0
 11
-0.8983985410078895
 21
0.0192399900000027
 31
0.0
  0
LINE
  5
1F22
  8
0
 10
-0.8983985410078895
 20
0.0192399900000027
 30
0.0
 11
-0.8977367410078894
 21
0.0212128500000063
 31
0.0
  0
LINE
  5
1F23
  8
0
 10
-0.8924921410078976
 20
0.0318197999999995
 30
0.0
 11
-0.8914259410078951
 21
0.0333428999999995
 31
0.0
  0
LINE
  5
1F24
  8
0
 10
-0.8914259410078951
 20
0.0333428999999995
 30
0.0
 11
-0.8903111410078958
 21
0.0347856000000064
 31
0.0
  0
LINE
  5
1F25
  8
0
 10
-0.8903111410078958
 20
0.0347856000000064
 30
0.0
 11
-0.8891501410078941
 21
0.0361443000000037
 31
0.0
  0
LINE
  5
1F26
  8
0
 10
-0.8891501410078941
 20
0.0361443000000037
 30
0.0
 11
-0.8879465410078973
 21
0.0374159999999989
 31
0.0
  0
LINE
  5
1F27
  8
0
 10
-0.8879465410078973
 20
0.0374159999999989
 30
0.0
 11
-0.8867021410079015
 21
0.0385976999999997
 31
0.0
  0
LINE
  5
1F28
  8
0
 10
-0.8867021410079015
 20
0.0385976999999997
 30
0.0
 11
-0.8854211410078956
 21
0.039686400000005
 31
0.0
  0
LINE
  5
1F29
  8
0
 10
-0.8854211410078956
 20
0.039686400000005
 30
0.0
 11
-0.8841059410078909
 21
0.0406794000000048
 31
0.0
  0
LINE
  5
1F2A
  8
0
 10
-0.8841059410078909
 20
0.0406794000000048
 30
0.0
 11
-0.8827595410078966
 21
0.0415746000000041
 31
0.0
  0
LINE
  5
1F2B
  8
0
 10
-0.8827595410078966
 20
0.0415746000000041
 30
0.0
 11
-0.8813855410079035
 21
0.0423696000000007
 31
0.0
  0
LINE
  5
1F2C
  8
0
 10
-0.8813855410079035
 20
0.0423696000000007
 30
0.0
 11
-0.8799875410079033
 21
0.0430622999999997
 31
0.0
  0
LINE
  5
1F2D
  8
0
 10
-0.8799875410079033
 20
0.0430622999999997
 30
0.0
 11
-0.8785685410078878
 21
0.0436515000000043
 31
0.0
  0
LINE
  5
1F2E
  8
0
 10
-0.8785685410078878
 20
0.0436515000000043
 30
0.0
 11
-0.8771321410078989
 21
0.0441354000000018
 31
0.0
  0
LINE
  5
1F2F
  8
0
 10
-0.8771321410078989
 20
0.0441354000000018
 30
0.0
 11
-0.8756813410078959
 21
0.044512800000004
 31
0.0
  0
LINE
  5
1F30
  8
0
 10
-0.8756813410078959
 20
0.044512800000004
 30
0.0
 11
-0.8742197410079025
 21
0.0447834000000029
 31
0.0
  0
LINE
  5
1F31
  8
0
 10
-0.8935079410078906
 20
0.0302202000000051
 30
0.0
 11
-0.8924921410078976
 21
0.0318197999999995
 31
0.0
  0
LINE
  5
1F32
  8
0
 10
-0.8944697410079008
 20
0.0285476999999986
 30
0.0
 11
-0.8935079410078906
 21
0.0302202000000051
 31
0.0
  0
LINE
  5
1F33
  8
0
 10
-0.8970107410078977
 20
0.0231346199999991
 30
0.0
 11
-0.8962229410078915
 21
0.0250006500000012
 31
0.0
  0
LINE
  5
1F34
  8
0
 10
-0.8962229410078915
 20
0.0250006500000012
 30
0.0
 11
-0.8953751410079004
 21
0.0268064700000054
 31
0.0
  0
LINE
  5
1F35
  8
0
 10
-0.8953751410079004
 20
0.0268064700000054
 30
0.0
 11
-0.8944697410079008
 21
0.0285476999999986
 31
0.0
  0
LINE
  5
1F36
  8
0
 10
-0.8977367410078894
 20
0.0212128500000063
 30
0.0
 11
-0.8970107410078977
 21
0.0231346199999991
 31
0.0
  0
LINE
  5
1F37
  8
0
 10
-0.8441597410078937
 20
-0.0192399899999941
 30
0.0
 11
-0.8448215410078939
 21
-0.0212128499999977
 31
0.0
  0
LINE
  5
1F38
  8
0
 10
-0.8377367410078926
 20
-0.0212128499999977
 30
0.0
 11
-0.8383985410078931
 21
-0.0192399899999941
 31
0.0
  0
LINE
  5
1F39
  8
0
 10
-0.8142197410078887
 20
-0.0447833999999943
 30
0.0
 11
-0.815681341007899
 21
-0.0445127999999954
 31
0.0
  0
LINE
  5
1F3A
  8
0
 10
-0.8471831410078999
 20
-0.0268064699999968
 30
0.0
 11
-0.8480885410078993
 21
-0.0285476999999986
 31
0.0
  0
LINE
  5
1F3B
  8
0
 10
-0.8480885410078993
 20
-0.0285476999999986
 30
0.0
 11
-0.8490503410078925
 21
-0.0302201999999966
 31
0.0
  0
LINE
  5
1F3C
  8
0
 10
-0.8490503410078925
 20
-0.0302201999999966
 30
0.0
 11
-0.8500661410078857
 21
-0.0318197999999995
 31
0.0
  0
LINE
  5
1F3D
  8
0
 10
-0.8500661410078857
 20
-0.0318197999999995
 30
0.0
 11
-0.8511323410078882
 21
-0.0333428999999995
 31
0.0
  0
LINE
  5
1F3E
  8
0
 10
-0.8511323410078882
 20
-0.0333428999999995
 30
0.0
 11
-0.8522471410078875
 21
-0.0347855999999979
 31
0.0
  0
LINE
  5
1F3F
  8
0
 10
-0.8522471410078875
 20
-0.0347855999999979
 30
0.0
 11
-0.8534081410078893
 21
-0.0361442999999951
 31
0.0
  0
LINE
  5
1F40
  8
0
 10
-0.8534081410078893
 20
-0.0361442999999951
 30
0.0
 11
-0.8546117410079031
 21
-0.0374159999999989
 31
0.0
  0
LINE
  5
1F41
  8
0
 10
-0.8546117410079031
 20
-0.0374159999999989
 30
0.0
 11
-0.8558561410078986
 21
-0.0385976999999997
 31
0.0
  0
LINE
  5
1F42
  8
0
 10
-0.8558561410078986
 20
-0.0385976999999997
 30
0.0
 11
-0.8571371410078879
 21
-0.0396863999999965
 31
0.0
  0
LINE
  5
1F43
  8
0
 10
-0.8455475410079028
 20
-0.023134619999999
 30
0.0
 11
-0.8463353410078918
 21
-0.0250006500000012
 31
0.0
  0
LINE
  5
1F44
  8
0
 10
-0.8448215410078939
 20
-0.0212128499999977
 30
0.0
 11
-0.8455475410079028
 21
-0.023134619999999
 31
0.0
  0
LINE
  5
1F45
  8
0
 10
-0.8463353410078918
 20
-0.0250006500000012
 30
0.0
 11
-0.8471831410078999
 21
-0.0268064699999968
 31
0.0
  0
LINE
  5
1F46
  8
0
 10
-0.8698073410078901
 20
-0.0449456999999939
 30
0.0
 11
-0.8712791410078917
 21
-0.0450000000000017
 31
0.0
  0
LINE
  5
1F47
  8
0
 10
-0.8584523410078926
 20
-0.0406793999999962
 30
0.0
 11
-0.8597987410079037
 21
-0.0415745999999956
 31
0.0
  0
LINE
  5
1F48
  8
0
 10
-0.8597987410079037
 20
-0.0415745999999956
 30
0.0
 11
-0.8611727410078964
 21
-0.0423696000000007
 31
0.0
  0
LINE
  5
1F49
  8
0
 10
-0.8611727410078964
 20
-0.0423696000000007
 30
0.0
 11
-0.8625707410078968
 21
-0.0430622999999997
 31
0.0
  0
LINE
  5
1F4A
  8
0
 10
-0.8625707410078968
 20
-0.0430622999999997
 30
0.0
 11
-0.8639897410078953
 21
-0.0436514999999958
 31
0.0
  0
LINE
  5
1F4B
  8
0
 10
-0.8639897410078953
 20
-0.0436514999999958
 30
0.0
 11
-0.8654261410079014
 21
-0.0441354000000018
 31
0.0
  0
LINE
  5
1F4C
  8
0
 10
-0.8654261410079014
 20
-0.0441354000000018
 30
0.0
 11
-0.8668769410078875
 21
-0.0445127999999954
 31
0.0
  0
LINE
  5
1F4D
  8
0
 10
-0.8668769410078875
 20
-0.0445127999999954
 30
0.0
 11
-0.8683385410078978
 21
-0.0447833999999943
 31
0.0
  0
LINE
  5
1F4E
  8
0
 10
-0.8683385410078978
 20
-0.0447833999999943
 30
0.0
 11
-0.8698073410078901
 21
-0.0449456999999939
 31
0.0
  0
LINE
  5
1F4F
  8
0
 10
-0.8571371410078879
 20
-0.0396863999999965
 30
0.0
 11
-0.8584523410078926
 21
-0.0406793999999962
 31
0.0
  0
LINE
  5
1F50
  8
0
 10
-0.8362229410078951
 20
-0.0250006500000012
 30
0.0
 11
-0.8370107410079011
 21
-0.023134619999999
 31
0.0
  0
LINE
  5
1F51
  8
0
 10
-0.8344697410078875
 20
-0.0285476999999986
 30
0.0
 11
-0.8353751410079038
 21
-0.0268064699999968
 31
0.0
  0
LINE
  5
1F52
  8
0
 10
-0.8254211410078989
 20
-0.0396863999999965
 30
0.0
 11
-0.8267021410078879
 21
-0.0385976999999997
 31
0.0
  0
LINE
  5
1F53
  8
0
 10
-0.8267021410078879
 20
-0.0385976999999997
 30
0.0
 11
-0.8279465410079007
 21
-0.0374159999999989
 31
0.0
  0
LINE
  5
1F54
  8
0
 10
-0.8279465410079007
 20
-0.0374159999999989
 30
0.0
 11
-0.8291501410078973
 21
-0.0361442999999951
 31
0.0
  0
LINE
  5
1F55
  8
0
 10
-0.8291501410078973
 20
-0.0361442999999951
 30
0.0
 11
-0.8303111410078991
 21
-0.0347855999999979
 31
0.0
  0
LINE
  5
1F56
  8
0
 10
-0.8303111410078991
 20
-0.0347855999999979
 30
0.0
 11
-0.8314259410078984
 21
-0.0333428999999995
 31
0.0
  0
LINE
  5
1F57
  8
0
 10
-0.8314259410078984
 20
-0.0333428999999995
 30
0.0
 11
-0.8324921410079008
 21
-0.0318197999999995
 31
0.0
  0
LINE
  5
1F58
  8
0
 10
-0.8324921410079008
 20
-0.0318197999999995
 30
0.0
 11
-0.8335079410078945
 21
-0.0302201999999966
 31
0.0
  0
LINE
  5
1F59
  8
0
 10
-0.8335079410078945
 20
-0.0302201999999966
 30
0.0
 11
-0.8344697410078875
 21
-0.0285476999999986
 31
0.0
  0
LINE
  5
1F5A
  8
0
 10
-0.8353751410079038
 20
-0.0268064699999968
 30
0.0
 11
-0.8362229410078951
 21
-0.0250006500000012
 31
0.0
  0
LINE
  5
1F5B
  8
0
 10
-0.8370107410079011
 20
-0.023134619999999
 30
0.0
 11
-0.8377367410078926
 21
-0.0212128499999977
 31
0.0
  0
LINE
  5
1F5C
  8
0
 10
-0.815681341007899
 20
-0.0445127999999954
 30
0.0
 11
-0.8171321410079029
 21
-0.0441354000000018
 31
0.0
  0
LINE
  5
1F5D
  8
0
 10
-0.8171321410079029
 20
-0.0441354000000018
 30
0.0
 11
-0.8185685410078916
 21
-0.0436514999999958
 31
0.0
  0
LINE
  5
1F5E
  8
0
 10
-0.8185685410078916
 20
-0.0436514999999958
 30
0.0
 11
-0.81998754100789
 21
-0.0430622999999997
 31
0.0
  0
LINE
  5
1F5F
  8
0
 10
-0.81998754100789
 20
-0.0430622999999997
 30
0.0
 11
-0.8213855410078901
 21
-0.0423696000000007
 31
0.0
  0
LINE
  5
1F60
  8
0
 10
-0.8213855410078901
 20
-0.0423696000000007
 30
0.0
 11
-0.8227595410079001
 21
-0.0415745999999956
 31
0.0
  0
LINE
  5
1F61
  8
0
 10
-0.8227595410079001
 20
-0.0415745999999956
 30
0.0
 11
-0.8241059410078941
 21
-0.0406793999999962
 31
0.0
  0
LINE
  5
1F62
  8
0
 10
-0.8241059410078941
 20
-0.0406793999999962
 30
0.0
 11
-0.8254211410078989
 21
-0.0396863999999965
 31
0.0
  0
LINE
  5
1F63
  8
0
 10
-0.815681341007899
 20
0.044512800000004
 30
0.0
 11
-0.8142197410078887
 21
0.0447834000000029
 31
0.0
  0
LINE
  5
1F64
  8
0
 10
-0.8611727410078964
 20
0.0423696000000007
 30
0.0
 11
-0.8597987410079037
 21
0.0415746000000041
 31
0.0
  0
LINE
  5
1F65
  8
0
 10
-0.8597987410079037
 20
0.0415746000000041
 30
0.0
 11
-0.8584523410078926
 21
0.0406794000000048
 31
0.0
  0
LINE
  5
1F66
  8
0
 10
-0.8584523410078926
 20
0.0406794000000048
 30
0.0
 11
-0.8571371410078879
 21
0.039686400000005
 31
0.0
  0
LINE
  5
1F67
  8
0
 10
-0.8571371410078879
 20
0.039686400000005
 30
0.0
 11
-0.8558561410078986
 21
0.0385976999999997
 31
0.0
  0
LINE
  5
1F68
  8
0
 10
-0.8558561410078986
 20
0.0385976999999997
 30
0.0
 11
-0.8546117410079031
 21
0.0374159999999989
 31
0.0
  0
LINE
  5
1F69
  8
0
 10
-0.8546117410079031
 20
0.0374159999999989
 30
0.0
 11
-0.8534081410078893
 21
0.0361443000000037
 31
0.0
  0
LINE
  5
1F6A
  8
0
 10
-0.8534081410078893
 20
0.0361443000000037
 30
0.0
 11
-0.8522471410078875
 21
0.0347856000000064
 31
0.0
  0
LINE
  5
1F6B
  8
0
 10
-0.8522471410078875
 20
0.0347856000000064
 30
0.0
 11
-0.8511323410078882
 21
0.0333428999999995
 31
0.0
  0
LINE
  5
1F6C
  8
0
 10
-0.8511323410078882
 20
0.0333428999999995
 30
0.0
 11
-0.8500661410078857
 21
0.0318197999999995
 31
0.0
  0
LINE
  5
1F6D
  8
0
 10
-0.8500661410078857
 20
0.0318197999999995
 30
0.0
 11
-0.8490503410078925
 21
0.0302202000000051
 31
0.0
  0
LINE
  5
1F6E
  8
0
 10
-0.8698073410078901
 20
0.0449457000000024
 30
0.0
 11
-0.8683385410078978
 21
0.0447834000000029
 31
0.0
  0
LINE
  5
1F6F
  8
0
 10
-0.8463353410078918
 20
0.0250006500000012
 30
0.0
 11
-0.8455475410079028
 21
0.0231346199999991
 31
0.0
  0
LINE
  5
1F70
  8
0
 10
-0.8455475410079028
 20
0.0231346199999991
 30
0.0
 11
-0.8448215410078939
 21
0.0212128500000063
 31
0.0
  0
LINE
  5
1F71
  8
0
 10
-0.8448215410078939
 20
0.0212128500000063
 30
0.0
 11
-0.8441597410078937
 21
0.0192399900000027
 31
0.0
  0
LINE
  5
1F72
  8
0
 10
-0.8441597410078937
 20
0.0192399900000027
 30
0.0
 11
-0.8435627410079003
 21
0.0172207499999985
 31
0.0
  0
LINE
  5
1F73
  8
0
 10
-0.8435627410079003
 20
0.0172207499999985
 30
0.0
 11
-0.8430329410078908
 21
0.0151600500000001
 31
0.0
  0
LINE
  5
1F74
  8
0
 10
-0.8430329410078908
 20
0.0151600500000001
 30
0.0
 11
-0.8425709410078976
 21
0.0130628100000053
 31
0.0
  0
LINE
  5
1F75
  8
0
 10
-0.8425709410078976
 20
0.0130628100000053
 30
0.0
 11
-0.8421779410079006
 21
0.0109341000000029
 31
0.0
  0
LINE
  5
1F76
  8
0
 10
-0.8421779410079006
 20
0.0109341000000029
 30
0.0
 11
-0.8418557410078955
 21
0.008779050000004
 31
0.0
  0
LINE
  5
1F77
  8
0
 10
-0.8418557410078955
 20
0.008779050000004
 30
0.0
 11
-0.8416037410079008
 21
0.0066028800000055
 31
0.0
  0
LINE
  5
1F78
  8
0
 10
-0.8416037410079008
 20
0.0066028800000055
 30
0.0
 11
-0.841423741007895
 21
0.0044107800000063
 31
0.0
  0
LINE
  5
1F79
  8
0
 10
-0.841423741007895
 20
0.0044107800000063
 30
0.0
 11
-0.8413151410078963
 21
0.0022080599999981
 31
0.0
  0
LINE
  5
1F7A
  8
0
 10
-0.8412431410078903
 20
0.0022080599999981
 30
0.0
 11
-0.8411345410078915
 21
0.0044107800000063
 31
0.0
  0
LINE
  5
1F7B
  8
0
 10
-0.8411345410078915
 20
0.0044107800000063
 30
0.0
 11
-0.8409545410079026
 21
0.0066028800000055
 31
0.0
  0
LINE
  5
1F7C
  8
0
 10
-0.8409545410079026
 20
0.0066028800000055
 30
0.0
 11
-0.840702541007891
 21
0.008779050000004
 31
0.0
  0
LINE
  5
1F7D
  8
0
 10
-0.840702541007891
 20
0.008779050000004
 30
0.0
 11
-0.8403803410079032
 21
0.0109341000000029
 31
0.0
  0
LINE
  5
1F7E
  8
0
 10
-0.8403803410079032
 20
0.0109341000000029
 30
0.0
 11
-0.8399873410078891
 21
0.0130628100000053
 31
0.0
  0
LINE
  5
1F7F
  8
0
 10
-0.8399873410078891
 20
0.0130628100000053
 30
0.0
 11
-0.8395253410078959
 21
0.0151600500000001
 31
0.0
  0
LINE
  5
1F80
  8
0
 10
-0.8395253410078959
 20
0.0151600500000001
 30
0.0
 11
-0.8389955410079034
 21
0.0172207499999985
 31
0.0
  0
LINE
  5
1F81
  8
0
 10
-0.8471831410078999
 20
0.0268064700000054
 30
0.0
 11
-0.8463353410078918
 21
0.0250006500000012
 31
0.0
  0
LINE
  5
1F82
  8
0
 10
-0.8413151410078963
 20
0.0022080599999981
 30
0.0
 11
-0.8412791410079019
 21
0.0
 31
0.0
  0
LINE
  5
1F83
  8
0
 10
-0.8412791410079019
 20
0.0
 30
0.0
 11
-0.8412431410078903
 21
0.0022080599999981
 31
0.0
  0
LINE
  5
1F84
  8
0
 10
-0.8421779410079006
 20
-0.0109341000000029
 30
0.0
 11
-0.8425709410078976
 21
-0.0130628099999967
 31
0.0
  0
LINE
  5
1F85
  8
0
 10
-0.8399873410078891
 20
-0.0130628099999967
 30
0.0
 11
-0.8403803410079032
 21
-0.0109341000000029
 31
0.0
  0
LINE
  5
1F86
  8
0
 10
-0.8425709410078976
 20
-0.0130628099999967
 30
0.0
 11
-0.8430329410078908
 21
-0.0151600500000001
 31
0.0
  0
LINE
  5
1F87
  8
0
 10
-0.8430329410078908
 20
-0.0151600500000001
 30
0.0
 11
-0.8435627410079003
 21
-0.0172207499999985
 31
0.0
  0
LINE
  5
1F88
  8
0
 10
-0.8435627410079003
 20
-0.0172207499999985
 30
0.0
 11
-0.8441597410078937
 21
-0.0192399899999941
 31
0.0
  0
LINE
  5
1F89
  8
0
 10
-0.8389955410079034
 20
-0.0172207499999985
 30
0.0
 11
-0.8395253410078959
 21
-0.0151600500000001
 31
0.0
  0
LINE
  5
1F8A
  8
0
 10
-0.8395253410078959
 20
-0.0151600500000001
 30
0.0
 11
-0.8399873410078891
 21
-0.0130628099999967
 31
0.0
  0
LINE
  5
1F8B
  8
0
 10
-0.8412791410079019
 20
0.0
 30
0.0
 11
-0.8413151410078963
 21
-0.0022080599999981
 31
0.0
  0
LINE
  5
1F8C
  8
0
 10
-0.8413151410078963
 20
-0.0022080599999981
 30
0.0
 11
-0.841423741007895
 21
-0.0044107799999978
 31
0.0
  0
LINE
  5
1F8D
  8
0
 10
-0.841423741007895
 20
-0.0044107799999978
 30
0.0
 11
-0.8416037410079008
 21
-0.006602879999997
 31
0.0
  0
LINE
  5
1F8E
  8
0
 10
-0.8416037410079008
 20
-0.006602879999997
 30
0.0
 11
-0.8418557410078955
 21
-0.0087790499999954
 31
0.0
  0
LINE
  5
1F8F
  8
0
 10
-0.8418557410078955
 20
-0.0087790499999954
 30
0.0
 11
-0.8421779410079006
 21
-0.0109341000000029
 31
0.0
  0
LINE
  5
1F90
  8
0
 10
-0.8403803410079032
 20
-0.0109341000000029
 30
0.0
 11
-0.840702541007891
 21
-0.0087790499999954
 31
0.0
  0
LINE
  5
1F91
  8
0
 10
-0.840702541007891
 20
-0.0087790499999954
 30
0.0
 11
-0.8409545410079026
 21
-0.006602879999997
 31
0.0
  0
LINE
  5
1F92
  8
0
 10
-0.8409545410079026
 20
-0.006602879999997
 30
0.0
 11
-0.8411345410078915
 21
-0.0044107799999978
 31
0.0
  0
LINE
  5
1F93
  8
0
 10
-0.8411345410078915
 20
-0.0044107799999978
 30
0.0
 11
-0.8412431410078903
 21
-0.0022080599999981
 31
0.0
  0
LINE
  5
1F94
  8
0
 10
-0.8412431410078903
 20
-0.0022080599999981
 30
0.0
 11
-0.8412791410079019
 21
0.0
 31
0.0
  0
LINE
  5
1F95
  8
0
 10
-0.8490503410078925
 20
0.0302202000000051
 30
0.0
 11
-0.8480885410078993
 21
0.0285476999999986
 31
0.0
  0
LINE
  5
1F96
  8
0
 10
-0.8712791410078917
 20
0.0450000000000017
 30
0.0
 11
-0.8698073410078901
 21
0.0449457000000024
 31
0.0
  0
LINE
  5
1F97
  8
0
 10
-0.8683385410078978
 20
0.0447834000000029
 30
0.0
 11
-0.8668769410078875
 21
0.044512800000004
 31
0.0
  0
LINE
  5
1F98
  8
0
 10
-0.8668769410078875
 20
0.044512800000004
 30
0.0
 11
-0.8654261410079014
 21
0.0441354000000018
 31
0.0
  0
LINE
  5
1F99
  8
0
 10
-0.8654261410079014
 20
0.0441354000000018
 30
0.0
 11
-0.8639897410078953
 21
0.0436515000000043
 31
0.0
  0
LINE
  5
1F9A
  8
0
 10
-0.8639897410078953
 20
0.0436515000000043
 30
0.0
 11
-0.8625707410078968
 21
0.0430622999999997
 31
0.0
  0
LINE
  5
1F9B
  8
0
 10
-0.8625707410078968
 20
0.0430622999999997
 30
0.0
 11
-0.8611727410078964
 21
0.0423696000000007
 31
0.0
  0
LINE
  5
1F9C
  8
0
 10
-0.8344697410078875
 20
0.0285476999999986
 30
0.0
 11
-0.8335079410078945
 21
0.0302202000000051
 31
0.0
  0
LINE
  5
1F9D
  8
0
 10
-0.8353751410079038
 20
0.0268064700000054
 30
0.0
 11
-0.8344697410078875
 21
0.0285476999999986
 31
0.0
  0
LINE
  5
1F9E
  8
0
 10
-0.8383985410078931
 20
0.0192399900000027
 30
0.0
 11
-0.8377367410078926
 21
0.0212128500000063
 31
0.0
  0
LINE
  5
1F9F
  8
0
 10
-0.8377367410078926
 20
0.0212128500000063
 30
0.0
 11
-0.8370107410079011
 21
0.0231346199999991
 31
0.0
  0
LINE
  5
1FA0
  8
0
 10
-0.8370107410079011
 20
0.0231346199999991
 30
0.0
 11
-0.8362229410078951
 21
0.0250006500000012
 31
0.0
  0
LINE
  5
1FA1
  8
0
 10
-0.8362229410078951
 20
0.0250006500000012
 30
0.0
 11
-0.8353751410079038
 21
0.0268064700000054
 31
0.0
  0
LINE
  5
1FA2
  8
0
 10
-0.8335079410078945
 20
0.0302202000000051
 30
0.0
 11
-0.8324921410079008
 21
0.0318197999999995
 31
0.0
  0
LINE
  5
1FA3
  8
0
 10
-0.8324921410079008
 20
0.0318197999999995
 30
0.0
 11
-0.8314259410078984
 21
0.0333428999999995
 31
0.0
  0
LINE
  5
1FA4
  8
0
 10
-0.8314259410078984
 20
0.0333428999999995
 30
0.0
 11
-0.8303111410078991
 21
0.0347856000000064
 31
0.0
  0
LINE
  5
1FA5
  8
0
 10
-0.8303111410078991
 20
0.0347856000000064
 30
0.0
 11
-0.8291501410078973
 21
0.0361443000000037
 31
0.0
  0
LINE
  5
1FA6
  8
0
 10
-0.8291501410078973
 20
0.0361443000000037
 30
0.0
 11
-0.8279465410079007
 21
0.0374159999999989
 31
0.0
  0
LINE
  5
1FA7
  8
0
 10
-0.8279465410079007
 20
0.0374159999999989
 30
0.0
 11
-0.8267021410078879
 21
0.0385976999999997
 31
0.0
  0
LINE
  5
1FA8
  8
0
 10
-0.8267021410078879
 20
0.0385976999999997
 30
0.0
 11
-0.8254211410078989
 21
0.039686400000005
 31
0.0
  0
LINE
  5
1FA9
  8
0
 10
-0.8254211410078989
 20
0.039686400000005
 30
0.0
 11
-0.8241059410078941
 21
0.0406794000000048
 31
0.0
  0
LINE
  5
1FAA
  8
0
 10
-0.8241059410078941
 20
0.0406794000000048
 30
0.0
 11
-0.8227595410079001
 21
0.0415746000000041
 31
0.0
  0
LINE
  5
1FAB
  8
0
 10
-0.8227595410079001
 20
0.0415746000000041
 30
0.0
 11
-0.8213855410078901
 21
0.0423696000000007
 31
0.0
  0
LINE
  5
1FAC
  8
0
 10
-0.8213855410078901
 20
0.0423696000000007
 30
0.0
 11
-0.81998754100789
 21
0.0430622999999997
 31
0.0
  0
LINE
  5
1FAD
  8
0
 10
-0.81998754100789
 20
0.0430622999999997
 30
0.0
 11
-0.8185685410078916
 21
0.0436515000000043
 31
0.0
  0
LINE
  5
1FAE
  8
0
 10
-0.8185685410078916
 20
0.0436515000000043
 30
0.0
 11
-0.8171321410079029
 21
0.0441354000000018
 31
0.0
  0
LINE
  5
1FAF
  8
0
 10
-0.8171321410079029
 20
0.0441354000000018
 30
0.0
 11
-0.815681341007899
 21
0.044512800000004
 31
0.0
  0
LINE
  5
1FB0
  8
0
 10
-0.8389955410079034
 20
0.0172207499999985
 30
0.0
 11
-0.8383985410078931
 21
0.0192399900000027
 31
0.0
  0
LINE
  5
1FB1
  8
0
 10
-0.8383985410078931
 20
-0.0192399899999941
 30
0.0
 11
-0.8389955410079034
 21
-0.0172207499999985
 31
0.0
  0
LINE
  5
1FB2
  8
0
 10
-0.8112791410078948
 20
-0.0450000000000017
 30
0.0
 11
-0.8127509410078966
 21
-0.0449456999999939
 31
0.0
  0
LINE
  5
1FB3
  8
0
 10
-0.7900661410078893
 20
-0.0318197999999995
 30
0.0
 11
-0.7911323410078918
 21
-0.0333428999999995
 31
0.0
  0
LINE
  5
1FB4
  8
0
 10
-0.7911323410078918
 20
-0.0333428999999995
 30
0.0
 11
-0.792247141007891
 21
-0.0347855999999979
 31
0.0
  0
LINE
  5
1FB5
  8
0
 10
-0.792247141007891
 20
-0.0347855999999979
 30
0.0
 11
-0.7934081410078928
 21
-0.0361442999999951
 31
0.0
  0
LINE
  5
1FB6
  8
0
 10
-0.7934081410078928
 20
-0.0361442999999951
 30
0.0
 11
-0.7946117410078895
 21
-0.0374159999999989
 31
0.0
  0
LINE
  5
1FB7
  8
0
 10
-0.7946117410078895
 20
-0.0374159999999989
 30
0.0
 11
-0.7958561410079025
 21
-0.0385976999999997
 31
0.0
  0
LINE
  5
1FB8
  8
0
 10
-0.7958561410079025
 20
-0.0385976999999997
 30
0.0
 11
-0.7971371410078911
 21
-0.0396863999999965
 31
0.0
  0
LINE
  5
1FB9
  8
0
 10
-0.7984523410078961
 20
-0.0406793999999962
 30
0.0
 11
-0.7997987410078902
 21
-0.0415745999999956
 31
0.0
  0
LINE
  5
1FBA
  8
0
 10
-0.8011727410079
 20
-0.0423696000000007
 30
0.0
 11
-0.8025707410079004
 21
-0.0430622999999997
 31
0.0
  0
LINE
  5
1FBB
  8
0
 10
-0.7997987410078902
 20
-0.0415745999999956
 30
0.0
 11
-0.8011727410079
 21
-0.0423696000000007
 31
0.0
  0
LINE
  5
1FBC
  8
0
 10
-0.8025707410079004
 20
-0.0430622999999997
 30
0.0
 11
-0.8039897410078989
 21
-0.0436514999999958
 31
0.0
  0
LINE
  5
1FBD
  8
0
 10
-0.8039897410078989
 20
-0.0436514999999958
 30
0.0
 11
-0.8054261410078876
 21
-0.0441354000000018
 31
0.0
  0
LINE
  5
1FBE
  8
0
 10
-0.8054261410078876
 20
-0.0441354000000018
 30
0.0
 11
-0.8068769410078909
 21
-0.0445127999999954
 31
0.0
  0
LINE
  5
1FBF
  8
0
 10
-0.8068769410078909
 20
-0.0445127999999954
 30
0.0
 11
-0.8083385410079014
 21
-0.0447833999999943
 31
0.0
  0
LINE
  5
1FC0
  8
0
 10
-0.8083385410079014
 20
-0.0447833999999943
 30
0.0
 11
-0.8098073410078933
 21
-0.0449456999999939
 31
0.0
  0
LINE
  5
1FC1
  8
0
 10
-0.8098073410078933
 20
-0.0449456999999939
 30
0.0
 11
-0.8112791410078948
 21
-0.0450000000000017
 31
0.0
  0
LINE
  5
1FC2
  8
0
 10
-0.7971371410078911
 20
-0.0396863999999965
 30
0.0
 11
-0.7984523410078961
 21
-0.0406793999999962
 31
0.0
  0
LINE
  5
1FC3
  8
0
 10
-0.8127509410078966
 20
0.0449457000000024
 30
0.0
 11
-0.8112791410078948
 21
0.0450000000000017
 31
0.0
  0
LINE
  5
1FC4
  8
0
 10
-0.7997987410078902
 20
0.0415746000000041
 30
0.0
 11
-0.7984523410078961
 21
0.0406794000000048
 31
0.0
  0
LINE
  5
1FC5
  8
0
 10
-0.7984523410078961
 20
0.0406794000000048
 30
0.0
 11
-0.7971371410078911
 21
0.039686400000005
 31
0.0
  0
LINE
  5
1FC6
  8
0
 10
-0.7971371410078911
 20
0.039686400000005
 30
0.0
 11
-0.7958561410079025
 21
0.0385976999999997
 31
0.0
  0
LINE
  5
1FC7
  8
0
 10
-0.7958561410079025
 20
0.0385976999999997
 30
0.0
 11
-0.7946117410078895
 21
0.0374159999999989
 31
0.0
  0
LINE
  5
1FC8
  8
0
 10
-0.7946117410078895
 20
0.0374159999999989
 30
0.0
 11
-0.7934081410078928
 21
0.0361443000000037
 31
0.0
  0
LINE
  5
1FC9
  8
0
 10
-0.7934081410078928
 20
0.0361443000000037
 30
0.0
 11
-0.792247141007891
 21
0.0347856000000064
 31
0.0
  0
LINE
  5
1FCA
  8
0
 10
-0.792247141007891
 20
0.0347856000000064
 30
0.0
 11
-0.7911323410078918
 21
0.0333428999999995
 31
0.0
  0
LINE
  5
1FCB
  8
0
 10
-0.7911323410078918
 20
0.0333428999999995
 30
0.0
 11
-0.7900661410078893
 21
0.0318197999999995
 31
0.0
  0
LINE
  5
1FCC
  8
0
 10
-0.8025707410079004
 20
0.0430622999999997
 30
0.0
 11
-0.8011727410079
 21
0.0423696000000007
 31
0.0
  0
LINE
  5
1FCD
  8
0
 10
-0.8011727410079
 20
0.0423696000000007
 30
0.0
 11
-0.7997987410078902
 21
0.0415746000000041
 31
0.0
  0
LINE
  5
1FCE
  8
0
 10
-0.8112791410078948
 20
0.0450000000000017
 30
0.0
 11
-0.8098073410078933
 21
0.0449457000000024
 31
0.0
  0
LINE
  5
1FCF
  8
0
 10
-0.8098073410078933
 20
0.0449457000000024
 30
0.0
 11
-0.8083385410079014
 21
0.0447834000000029
 31
0.0
  0
LINE
  5
1FD0
  8
0
 10
-0.8083385410079014
 20
0.0447834000000029
 30
0.0
 11
-0.8068769410078909
 21
0.044512800000004
 31
0.0
  0
LINE
  5
1FD1
  8
0
 10
-0.8068769410078909
 20
0.044512800000004
 30
0.0
 11
-0.8054261410078876
 21
0.0441354000000018
 31
0.0
  0
LINE
  5
1FD2
  8
0
 10
-0.8054261410078876
 20
0.0441354000000018
 30
0.0
 11
-0.8039897410078989
 21
0.0436515000000043
 31
0.0
  0
LINE
  5
1FD3
  8
0
 10
-0.8039897410078989
 20
0.0436515000000043
 30
0.0
 11
-0.8025707410079004
 21
0.0430622999999997
 31
0.0
  0
LINE
  5
1FD4
  8
0
 10
-0.8127509410078966
 20
-0.0449456999999939
 30
0.0
 11
-0.8142197410078887
 21
-0.0447833999999943
 31
0.0
  0
LINE
  5
1FD5
  8
0
 10
-0.8142197410078887
 20
0.0447834000000029
 30
0.0
 11
-0.8127509410078966
 21
0.0449457000000024
 31
0.0
  0
LINE
  5
1FD6
  8
0
 10
-0.8712791410078917
 20
0.0450000000000017
 30
0.0
 11
-0.9012791410078984
 21
0.0450000000000017
 31
0.0
  0
LINE
  5
1FD7
  8
0
 10
-0.9012791410078984
 20
-0.0450000000000017
 30
0.0
 11
-0.8712791410078917
 21
-0.0450000000000017
 31
0.0
  0
LINE
  5
1FD8
  8
0
 10
-0.8712791410078917
 20
-0.0450000000000017
 30
0.0
 11
-0.872750941007893
 21
-0.0449456999999939
 31
0.0
  0
LINE
  5
1FD9
  8
0
 10
-0.872750941007893
 20
0.0449457000000024
 30
0.0
 11
-0.8712791410078917
 21
0.0450000000000017
 31
0.0
  0
LINE
  5
1FDA
  8
0
 10
-0.8480885410078993
 20
0.0285476999999986
 30
0.0
 11
-0.8395253410078959
 21
0.0151600500000001
 31
0.0
  0
LINE
  5
1FDB
  8
0
 10
-0.7890503410078961
 20
-0.0302201999999966
 30
0.0
 11
-0.7900661410078893
 21
-0.0318197999999995
 31
0.0
  0
LINE
  5
1FDC
  8
0
 10
-0.7900661410078893
 20
0.0318197999999995
 30
0.0
 11
-0.7890503410078961
 21
0.0302202000000051
 31
0.0
  0
LINE
  5
1FDD
  8
0
 10
-0.7841597410078975
 20
-0.0192399899999941
 30
0.0
 11
-0.7848215410078976
 21
-0.0212128499999977
 31
0.0
  0
LINE
  5
1FDE
  8
0
 10
-0.7777368010078928
 20
-0.0212128499999977
 30
0.0
 11
-0.778398841007896
 21
-0.0192399899999941
 31
0.0
  0
LINE
  5
1FDF
  8
0
 10
-0.7855475410078893
 20
-0.023134619999999
 30
0.0
 11
-0.7863353410078955
 21
-0.0250006500000012
 31
0.0
  0
LINE
  5
1FE0
  8
0
 10
-0.7863353410078955
 20
-0.0250006500000012
 30
0.0
 11
-0.7871831410079034
 21
-0.0268064699999968
 31
0.0
  0
LINE
  5
1FE1
  8
0
 10
-0.7871831410079034
 20
-0.0268064699999968
 30
0.0
 11
-0.7880885410079028
 21
-0.0285476999999986
 31
0.0
  0
LINE
  5
1FE2
  8
0
 10
-0.7880885410079028
 20
-0.0285476999999986
 30
0.0
 11
-0.7890503410078961
 21
-0.0302201999999966
 31
0.0
  0
LINE
  5
1FE3
  8
0
 10
-0.7848215410078976
 20
-0.0212128499999977
 30
0.0
 11
-0.7855475410078893
 21
-0.023134619999999
 31
0.0
  0
LINE
  5
1FE4
  8
0
 10
-0.7762232410078978
 20
-0.0250006500000012
 30
0.0
 11
-0.7770109810078905
 21
-0.023134619999999
 31
0.0
  0
LINE
  5
1FE5
  8
0
 10
-0.7691501410079012
 20
-0.0361442999999951
 30
0.0
 11
-0.7703109610078966
 21
-0.0347855999999979
 31
0.0
  0
LINE
  5
1FE6
  8
0
 10
-0.7703109610078966
 20
-0.0347855999999979
 30
0.0
 11
-0.7714258810079057
 21
-0.0333428999999995
 31
0.0
  0
LINE
  5
1FE7
  8
0
 10
-0.7714258810079057
 20
-0.0333428999999995
 30
0.0
 11
-0.7724923210078939
 21
-0.0318197999999995
 31
0.0
  0
LINE
  5
1FE8
  8
0
 10
-0.7724923210078939
 20
-0.0318197999999995
 30
0.0
 11
-0.773507701007895
 21
-0.0302201999999966
 31
0.0
  0
LINE
  5
1FE9
  8
0
 10
-0.773507701007895
 20
-0.0302201999999966
 30
0.0
 11
-0.7744694410078921
 21
-0.0285476999999986
 31
0.0
  0
LINE
  5
1FEA
  8
0
 10
-0.7744694410078921
 20
-0.0285476999999986
 30
0.0
 11
-0.7753753810078931
 21
-0.0268064699999968
 31
0.0
  0
LINE
  5
1FEB
  8
0
 10
-0.7753753810078931
 20
-0.0268064699999968
 30
0.0
 11
-0.7762232410078978
 21
-0.0250006500000012
 31
0.0
  0
LINE
  5
1FEC
  8
0
 10
-0.7770109810078905
 20
-0.023134619999999
 30
0.0
 11
-0.7777368010078928
 21
-0.0212128499999977
 31
0.0
  0
LINE
  5
1FED
  8
0
 10
-0.7799873410078928
 20
-0.0130628099999967
 30
0.0
 11
-0.7803801010079039
 21
-0.0109341000000029
 31
0.0
  0
LINE
  5
1FEE
  8
0
 10
-0.7803801010079039
 20
0.0109341000000029
 30
0.0
 11
-0.7799873410078928
 21
0.0130628100000053
 31
0.0
  0
LINE
  5
1FEF
  8
0
 10
-0.7812791410078886
 20
0.0
 30
0.0
 11
-0.7812430210079012
 21
0.0022080599999981
 31
0.0
  0
LINE
  5
1FF0
  8
0
 10
-0.7813151410078999
 20
0.0022080599999981
 30
0.0
 11
-0.7812791410078886
 21
0.0
 31
0.0
  0
LINE
  5
1FF1
  8
0
 10
-0.7821779410079043
 20
-0.0109341000000029
 30
0.0
 11
-0.7825709410079013
 21
-0.0130628099999967
 31
0.0
  0
LINE
  5
1FF2
  8
0
 10
-0.7825709410079013
 20
-0.0130628099999967
 30
0.0
 11
-0.7830329410078945
 21
-0.0151600500000001
 31
0.0
  0
LINE
  5
1FF3
  8
0
 10
-0.7830329410078945
 20
-0.0151600500000001
 30
0.0
 11
-0.7835627410079039
 21
-0.0172207499999985
 31
0.0
  0
LINE
  5
1FF4
  8
0
 10
-0.7835627410079039
 20
-0.0172207499999985
 30
0.0
 11
-0.7841597410078975
 21
-0.0192399899999941
 31
0.0
  0
LINE
  5
1FF5
  8
0
 10
-0.7803801010079039
 20
-0.0109341000000029
 30
0.0
 11
-0.7807027210079011
 21
-0.0087790499999954
 31
0.0
  0
LINE
  5
1FF6
  8
0
 10
-0.7807027210079011
 20
-0.0087790499999954
 30
0.0
 11
-0.7809544210078965
 21
-0.006602879999997
 31
0.0
  0
LINE
  5
1FF7
  8
0
 10
-0.7809544210078965
 20
-0.006602879999997
 30
0.0
 11
-0.7811346610078883
 21
-0.0044107799999978
 31
0.0
  0
LINE
  5
1FF8
  8
0
 10
-0.7811346610078883
 20
-0.0044107799999978
 30
0.0
 11
-0.7812430210079012
 21
-0.0022080599999981
 31
0.0
  0
LINE
  5
1FF9
  8
0
 10
-0.7812430210079012
 20
-0.0022080599999981
 30
0.0
 11
-0.7812791410078886
 21
0.0
 31
0.0
  0
LINE
  5
1FFA
  8
0
 10
-0.7812791410078886
 20
0.0
 30
0.0
 11
-0.7813151410078999
 21
-0.0022080599999981
 31
0.0
  0
LINE
  5
1FFB
  8
0
 10
-0.7813151410078999
 20
-0.0022080599999981
 30
0.0
 11
-0.7814237410078987
 21
-0.0044107799999978
 31
0.0
  0
LINE
  5
1FFC
  8
0
 10
-0.7814237410078987
 20
-0.0044107799999978
 30
0.0
 11
-0.7816037410078877
 21
-0.006602879999997
 31
0.0
  0
LINE
  5
1FFD
  8
0
 10
-0.7816037410078877
 20
-0.006602879999997
 30
0.0
 11
-0.7818557410078993
 21
-0.0087790499999954
 31
0.0
  0
LINE
  5
1FFE
  8
0
 10
-0.7818557410078993
 20
-0.0087790499999954
 30
0.0
 11
-0.7821779410079043
 21
-0.0109341000000029
 31
0.0
  0
LINE
  5
1FFF
  8
0
 10
-0.7890503410078961
 20
0.0302202000000051
 30
0.0
 11
-0.7880885410079028
 21
0.0285476999999986
 31
0.0
  0
LINE
  5
2000
  8
0
 10
-0.7812430210079012
 20
0.0022080599999981
 30
0.0
 11
-0.7811346610078883
 21
0.0044107800000063
 31
0.0
  0
LINE
  5
2001
  8
0
 10
-0.7811346610078883
 20
0.0044107800000063
 30
0.0
 11
-0.7809544210078965
 21
0.0066028800000055
 31
0.0
  0
LINE
  5
2002
  8
0
 10
-0.7809544210078965
 20
0.0066028800000055
 30
0.0
 11
-0.7807027210079011
 21
0.008779050000004
 31
0.0
  0
LINE
  5
2003
  8
0
 10
-0.7807027210079011
 20
0.008779050000004
 30
0.0
 11
-0.7803801010079039
 21
0.0109341000000029
 31
0.0
  0
LINE
  5
2004
  8
0
 10
-0.7880885410079028
 20
0.0285476999999986
 30
0.0
 11
-0.7871831410079034
 21
0.0268064700000054
 31
0.0
  0
LINE
  5
2005
  8
0
 10
-0.7871831410079034
 20
0.0268064700000054
 30
0.0
 11
-0.7863353410078955
 21
0.0250006500000012
 31
0.0
  0
LINE
  5
2006
  8
0
 10
-0.7863353410078955
 20
0.0250006500000012
 30
0.0
 11
-0.7855475410078893
 21
0.0231346199999991
 31
0.0
  0
LINE
  5
2007
  8
0
 10
-0.7855475410078893
 20
0.0231346199999991
 30
0.0
 11
-0.7848215410078976
 21
0.0212128500000063
 31
0.0
  0
LINE
  5
2008
  8
0
 10
-0.7848215410078976
 20
0.0212128500000063
 30
0.0
 11
-0.7841597410078975
 21
0.0192399900000027
 31
0.0
  0
LINE
  5
2009
  8
0
 10
-0.7841597410078975
 20
0.0192399900000027
 30
0.0
 11
-0.7835627410079039
 21
0.0172207499999985
 31
0.0
  0
LINE
  5
200A
  8
0
 10
-0.7835627410079039
 20
0.0172207499999985
 30
0.0
 11
-0.7830329410078945
 21
0.0151600500000001
 31
0.0
  0
LINE
  5
200B
  8
0
 10
-0.7830329410078945
 20
0.0151600500000001
 30
0.0
 11
-0.7825709410079013
 21
0.0130628100000053
 31
0.0
  0
LINE
  5
200C
  8
0
 10
-0.7825709410079013
 20
0.0130628100000053
 30
0.0
 11
-0.7821779410079043
 21
0.0109341000000029
 31
0.0
  0
LINE
  5
200D
  8
0
 10
-0.7821779410079043
 20
0.0109341000000029
 30
0.0
 11
-0.7818557410078993
 21
0.008779050000004
 31
0.0
  0
LINE
  5
200E
  8
0
 10
-0.7818557410078993
 20
0.008779050000004
 30
0.0
 11
-0.7816037410078877
 21
0.0066028800000055
 31
0.0
  0
LINE
  5
200F
  8
0
 10
-0.7816037410078877
 20
0.0066028800000055
 30
0.0
 11
-0.7814237410078987
 21
0.0044107800000063
 31
0.0
  0
LINE
  5
2010
  8
0
 10
-0.7814237410078987
 20
0.0044107800000063
 30
0.0
 11
-0.7813151410078999
 21
0.0022080599999981
 31
0.0
  0
LINE
  5
2011
  8
0
 10
-0.778398841007896
 20
-0.0192399899999941
 30
0.0
 11
-0.7789955410078902
 21
-0.0172207499999985
 31
0.0
  0
LINE
  5
2012
  8
0
 10
-0.7789955410078902
 20
-0.0172207499999985
 30
0.0
 11
-0.7795254610078926
 21
-0.0151600500000001
 31
0.0
  0
LINE
  5
2013
  8
0
 10
-0.7795254610078926
 20
-0.0151600500000001
 30
0.0
 11
-0.7799873410078928
 21
-0.0130628099999967
 31
0.0
  0
LINE
  5
2014
  8
0
 10
-0.7744694410078921
 20
0.0285476999999986
 30
0.0
 11
-0.773507701007895
 21
0.0302202000000051
 31
0.0
  0
LINE
  5
2015
  8
0
 10
-0.7799873410078928
 20
0.0130628100000053
 30
0.0
 11
-0.7795254610078926
 21
0.0151600500000001
 31
0.0
  0
LINE
  5
2016
  8
0
 10
-0.7795254610078926
 20
0.0151600500000001
 30
0.0
 11
-0.7789955410078902
 21
0.0172207499999985
 31
0.0
  0
LINE
  5
2017
  8
0
 10
-0.7789955410078902
 20
0.0172207499999985
 30
0.0
 11
-0.778398841007896
 21
0.0192399900000027
 31
0.0
  0
LINE
  5
2018
  8
0
 10
-0.778398841007896
 20
0.0192399900000027
 30
0.0
 11
-0.7777368010078928
 21
0.0212128500000063
 31
0.0
  0
LINE
  5
2019
  8
0
 10
-0.7777368010078928
 20
0.0212128500000063
 30
0.0
 11
-0.7770109810078905
 21
0.0231346199999991
 31
0.0
  0
LINE
  5
201A
  8
0
 10
-0.7770109810078905
 20
0.0231346199999991
 30
0.0
 11
-0.7762232410078978
 21
0.0250006500000012
 31
0.0
  0
LINE
  5
201B
  8
0
 10
-0.7762232410078978
 20
0.0250006500000012
 30
0.0
 11
-0.7753753810078931
 21
0.0268064700000054
 31
0.0
  0
LINE
  5
201C
  8
0
 10
-0.7753753810078931
 20
0.0268064700000054
 30
0.0
 11
-0.7744694410078921
 21
0.0285476999999986
 31
0.0
  0
LINE
  5
201D
  8
0
 10
-0.773507701007895
 20
0.0302202000000051
 30
0.0
 11
-0.7724923210078939
 21
0.0318197999999995
 31
0.0
  0
LINE
  5
201E
  8
0
 10
-0.7724923210078939
 20
0.0318197999999995
 30
0.0
 11
-0.7714258810079057
 21
0.0333428999999995
 31
0.0
  0
LINE
  5
201F
  8
0
 10
-0.7714258810079057
 20
0.0333428999999995
 30
0.0
 11
-0.7703109610078966
 21
0.0347856000000064
 31
0.0
  0
LINE
  5
2020
  8
0
 10
-0.7703109610078966
 20
0.0347856000000064
 30
0.0
 11
-0.7691501410079012
 21
0.0361443000000037
 31
0.0
  0
LINE
  5
2021
  8
0
 10
-0.7358560810078925
 20
-0.0385976999999997
 30
0.0
 11
-0.7371372610078879
 21
-0.0396863999999965
 31
0.0
  0
LINE
  5
2022
  8
0
 10
-0.7384524610078925
 20
-0.0406793999999962
 30
0.0
 11
-0.7397986210079008
 21
-0.0415745999999956
 31
0.0
  0
LINE
  5
2023
  8
0
 10
-0.7397986210079008
 20
-0.0415745999999956
 30
0.0
 11
-0.7411724410079044
 21
-0.0423696000000007
 31
0.0
  0
LINE
  5
2024
  8
0
 10
-0.7411724410079044
 20
-0.0423696000000007
 30
0.0
 11
-0.742570621007894
 21
-0.0430622999999997
 31
0.0
  0
LINE
  5
2025
  8
0
 10
-0.742570621007894
 20
-0.0430622999999997
 30
0.0
 11
-0.7439897410079024
 21
-0.0436514999999958
 31
0.0
  0
LINE
  5
2026
  8
0
 10
-0.7439897410079024
 20
-0.0436514999999958
 30
0.0
 11
-0.7454264410078904
 21
-0.0441354000000018
 31
0.0
  0
LINE
  5
2027
  8
0
 10
-0.7454264410078904
 20
-0.0441354000000018
 30
0.0
 11
-0.746877241007894
 21
-0.0445127999999954
 31
0.0
  0
LINE
  5
2028
  8
0
 10
-0.746877241007894
 20
-0.0445127999999954
 30
0.0
 11
-0.7483386010079013
 21
-0.0447833999999943
 31
0.0
  0
LINE
  5
2029
  8
0
 10
-0.7483386010079013
 20
-0.0447833999999943
 30
0.0
 11
-0.7498071010078942
 21
-0.0449456999999939
 31
0.0
  0
LINE
  5
202A
  8
0
 10
-0.7498071010078942
 20
-0.0449456999999939
 30
0.0
 11
-0.7512791410078989
 21
-0.0450000000000017
 31
0.0
  0
LINE
  5
202B
  8
0
 10
-0.7512791410078989
 20
-0.0450000000000017
 30
0.0
 11
-0.7527511810079031
 21
-0.0449456999999939
 31
0.0
  0
LINE
  5
202C
  8
0
 10
-0.7527511810079031
 20
-0.0449456999999939
 30
0.0
 11
-0.7542196810078961
 21
-0.0447833999999943
 31
0.0
  0
LINE
  5
202D
  8
0
 10
-0.7371372610078879
 20
-0.0396863999999965
 30
0.0
 11
-0.7384524610078925
 21
-0.0406793999999962
 31
0.0
  0
LINE
  5
202E
  8
0
 10
-0.7162232410079013
 20
-0.0250006500000012
 30
0.0
 11
-0.717010981007894
 21
-0.023134619999999
 31
0.0
  0
LINE
  5
202F
  8
0
 10
-0.7114258810078921
 20
-0.0333428999999995
 30
0.0
 11
-0.7124923210078973
 21
-0.0318197999999995
 31
0.0
  0
LINE
  5
2030
  8
0
 10
-0.7054210210078961
 20
-0.0396863999999965
 30
0.0
 11
-0.7067022010078913
 21
-0.0385976999999997
 31
0.0
  0
LINE
  5
2031
  8
0
 10
-0.7067022010078913
 20
-0.0385976999999997
 30
0.0
 11
-0.7079462410078916
 21
-0.0374159999999989
 31
0.0
  0
LINE
  5
2032
  8
0
 10
-0.7079462410078916
 20
-0.0374159999999989
 30
0.0
 11
-0.7091501410079047
 21
-0.0361442999999951
 31
0.0
  0
LINE
  5
2033
  8
0
 10
-0.7091501410079047
 20
-0.0361442999999951
 30
0.0
 11
-0.7103109610078999
 21
-0.0347855999999979
 31
0.0
  0
LINE
  5
2034
  8
0
 10
-0.7103109610078999
 20
-0.0347855999999979
 30
0.0
 11
-0.7114258810078921
 21
-0.0333428999999995
 31
0.0
  0
LINE
  5
2035
  8
0
 10
-0.7124923210078973
 20
-0.0318197999999995
 30
0.0
 11
-0.7135077010078987
 21
-0.0302201999999966
 31
0.0
  0
LINE
  5
2036
  8
0
 10
-0.7135077010078987
 20
-0.0302201999999966
 30
0.0
 11
-0.7144694410078954
 21
-0.0285476999999986
 31
0.0
  0
LINE
  5
2037
  8
0
 10
-0.7144694410078954
 20
-0.0285476999999986
 30
0.0
 11
-0.7153753810078966
 21
-0.0268064699999968
 31
0.0
  0
LINE
  5
2038
  8
0
 10
-0.7153753810078966
 20
-0.0268064699999968
 30
0.0
 11
-0.7162232410079013
 21
-0.0250006500000012
 31
0.0
  0
LINE
  5
2039
  8
0
 10
-0.717010981007894
 20
-0.023134619999999
 30
0.0
 11
-0.7177368010078963
 21
-0.0212128499999977
 31
0.0
  0
LINE
  5
203A
  8
0
 10
-0.6985685410078985
 20
-0.0436514999999958
 30
0.0
 11
-0.6999876610078897
 21
-0.0430622999999997
 31
0.0
  0
LINE
  5
203B
  8
0
 10
-0.6999876610078897
 20
-0.0430622999999997
 30
0.0
 11
-0.7013858410078965
 21
-0.0423696000000007
 31
0.0
  0
LINE
  5
203C
  8
0
 10
-0.7013858410078965
 20
-0.0423696000000007
 30
0.0
 11
-0.7027596610078999
 21
-0.0415745999999956
 31
0.0
  0
LINE
  5
203D
  8
0
 10
-0.7027596610078999
 20
-0.0415745999999956
 30
0.0
 11
-0.7041058210078913
 21
-0.0406793999999962
 31
0.0
  0
LINE
  5
203E
  8
0
 10
-0.7041058210078913
 20
-0.0406793999999962
 30
0.0
 11
-0.7054210210078961
 21
-0.0396863999999965
 31
0.0
  0
LINE
  5
203F
  8
0
 10
-0.6985685410078985
 20
0.0436515000000043
 30
0.0
 11
-0.6971318410078934
 21
0.0441354000000018
 31
0.0
  0
LINE
  5
2040
  8
0
 10
-0.7248214810079046
 20
0.0212128500000063
 30
0.0
 11
-0.7241594410079016
 21
0.0192399900000027
 31
0.0
  0
LINE
  5
2041
  8
0
 10
-0.7221781810078936
 20
-0.0109341000000029
 30
0.0
 11
-0.7225709410079048
 21
-0.0130628099999967
 31
0.0
  0
LINE
  5
2042
  8
0
 10
-0.7225709410079048
 20
-0.0130628099999967
 30
0.0
 11
-0.7230328210078878
 21
-0.0151600500000001
 31
0.0
  0
LINE
  5
2043
  8
0
 10
-0.7230328210078878
 20
-0.0151600500000001
 30
0.0
 11
-0.7235627410078905
 21
-0.0172207499999985
 31
0.0
  0
LINE
  5
2044
  8
0
 10
-0.7235627410078905
 20
-0.0172207499999985
 30
0.0
 11
-0.7241594410079016
 21
-0.0192399899999941
 31
0.0
  0
LINE
  5
2045
  8
0
 10
-0.7218555610078963
 20
-0.0087790499999954
 30
0.0
 11
-0.7221781810078936
 21
-0.0109341000000029
 31
0.0
  0
LINE
  5
2046
  8
0
 10
-0.7241594410079016
 20
0.0192399900000027
 30
0.0
 11
-0.7235627410078905
 21
0.0172207499999985
 31
0.0
  0
LINE
  5
2047
  8
0
 10
-0.7235627410078905
 20
0.0172207499999985
 30
0.0
 11
-0.7230328210078878
 21
0.0151600500000001
 31
0.0
  0
LINE
  5
2048
  8
0
 10
-0.7230328210078878
 20
0.0151600500000001
 30
0.0
 11
-0.7225709410079048
 21
0.0130628100000053
 31
0.0
  0
LINE
  5
2049
  8
0
 10
-0.7225709410079048
 20
0.0130628100000053
 30
0.0
 11
-0.7221781810078936
 21
0.0109341000000029
 31
0.0
  0
LINE
  5
204A
  8
0
 10
-0.7221781810078936
 20
0.0109341000000029
 30
0.0
 11
-0.7218555610078963
 21
0.008779050000004
 31
0.0
  0
LINE
  5
204B
  8
0
 10
-0.7290505810079023
 20
0.0302202000000051
 30
0.0
 11
-0.7280888410079056
 21
0.0285476999999986
 31
0.0
  0
LINE
  5
204C
  8
0
 10
-0.7280888410079056
 20
0.0285476999999986
 30
0.0
 11
-0.7271829010079043
 21
0.0268064700000054
 31
0.0
  0
LINE
  5
204D
  8
0
 10
-0.7271829010079043
 20
0.0268064700000054
 30
0.0
 11
-0.7263350410078999
 21
0.0250006500000012
 31
0.0
  0
LINE
  5
204E
  8
0
 10
-0.7263350410078999
 20
0.0250006500000012
 30
0.0
 11
-0.7255473010078899
 21
0.0231346199999991
 31
0.0
  0
LINE
  5
204F
  8
0
 10
-0.7255473010078899
 20
0.0231346199999991
 30
0.0
 11
-0.7248214810079046
 21
0.0212128500000063
 31
0.0
  0
LINE
  5
2050
  8
0
 10
-0.7300659610079034
 20
0.0318197999999995
 30
0.0
 11
-0.7290505810079023
 21
0.0302202000000051
 31
0.0
  0
LINE
  5
2051
  8
0
 10
-0.7512791410078989
 20
0.0450000000000017
 30
0.0
 11
-0.7498071010078942
 21
0.0449457000000024
 31
0.0
  0
LINE
  5
2052
  8
0
 10
-0.7498071010078942
 20
0.0449457000000024
 30
0.0
 11
-0.7483386010079013
 21
0.0447834000000029
 31
0.0
  0
LINE
  5
2053
  8
0
 10
-0.7483386010079013
 20
0.0447834000000029
 30
0.0
 11
-0.746877241007894
 21
0.044512800000004
 31
0.0
  0
LINE
  5
2054
  8
0
 10
-0.746877241007894
 20
0.044512800000004
 30
0.0
 11
-0.7454264410078904
 21
0.0441354000000018
 31
0.0
  0
LINE
  5
2055
  8
0
 10
-0.7454264410078904
 20
0.0441354000000018
 30
0.0
 11
-0.7439897410079024
 21
0.0436515000000043
 31
0.0
  0
LINE
  5
2056
  8
0
 10
-0.7439897410079024
 20
0.0436515000000043
 30
0.0
 11
-0.742570621007894
 21
0.0430622999999997
 31
0.0
  0
LINE
  5
2057
  8
0
 10
-0.742570621007894
 20
0.0430622999999997
 30
0.0
 11
-0.7411724410079044
 21
0.0423696000000007
 31
0.0
  0
LINE
  5
2058
  8
0
 10
-0.7411724410079044
 20
0.0423696000000007
 30
0.0
 11
-0.7397986210079008
 21
0.0415746000000041
 31
0.0
  0
LINE
  5
2059
  8
0
 10
-0.7397986210079008
 20
0.0415746000000041
 30
0.0
 11
-0.7384524610078925
 21
0.0406794000000048
 31
0.0
  0
LINE
  5
205A
  8
0
 10
-0.7384524610078925
 20
0.0406794000000048
 30
0.0
 11
-0.7371372610078879
 21
0.039686400000005
 31
0.0
  0
LINE
  5
205B
  8
0
 10
-0.7371372610078879
 20
0.039686400000005
 30
0.0
 11
-0.7358560810078925
 21
0.0385976999999997
 31
0.0
  0
LINE
  5
205C
  8
0
 10
-0.7358560810078925
 20
0.0385976999999997
 30
0.0
 11
-0.7346120410078924
 21
0.0374159999999989
 31
0.0
  0
LINE
  5
205D
  8
0
 10
-0.7346120410078924
 20
0.0374159999999989
 30
0.0
 11
-0.7334081410078963
 21
0.0361443000000037
 31
0.0
  0
LINE
  5
205E
  8
0
 10
-0.7334081410078963
 20
0.0361443000000037
 30
0.0
 11
-0.7322473210079008
 21
0.0347856000000064
 31
0.0
  0
LINE
  5
205F
  8
0
 10
-0.7322473210079008
 20
0.0347856000000064
 30
0.0
 11
-0.7311324010078917
 21
0.0333428999999995
 31
0.0
  0
LINE
  5
2060
  8
0
 10
-0.7311324010078917
 20
0.0333428999999995
 30
0.0
 11
-0.7300659610079034
 21
0.0318197999999995
 31
0.0
  0
LINE
  5
2061
  8
0
 10
-0.7542196810078961
 20
0.0447834000000029
 30
0.0
 11
-0.7527511810079031
 21
0.0449457000000024
 31
0.0
  0
LINE
  5
2062
  8
0
 10
-0.7527511810079031
 20
0.0449457000000024
 30
0.0
 11
-0.7512791410078989
 21
0.0450000000000017
 31
0.0
  0
LINE
  5
2063
  8
0
 10
-0.7213152610078961
 20
0.0022080599999981
 30
0.0
 11
-0.7212791410078921
 21
0.0
 31
0.0
  0
LINE
  5
2064
  8
0
 10
-0.7212791410078921
 20
0.0
 30
0.0
 11
-0.7212430210079046
 21
0.0022080599999981
 31
0.0
  0
LINE
  5
2065
  8
0
 10
-0.7199873410078963
 20
-0.0130628099999967
 30
0.0
 11
-0.7203801010078905
 21
-0.0109341000000029
 31
0.0
  0
LINE
  5
2066
  8
0
 10
-0.7183988410078995
 20
-0.0192399899999941
 30
0.0
 11
-0.7189955410078934
 21
-0.0172207499999985
 31
0.0
  0
LINE
  5
2067
  8
0
 10
-0.7189955410078934
 20
-0.0172207499999985
 30
0.0
 11
-0.7195254610078961
 21
-0.0151600500000001
 31
0.0
  0
LINE
  5
2068
  8
0
 10
-0.7195254610078961
 20
-0.0151600500000001
 30
0.0
 11
-0.7199873410078963
 21
-0.0130628099999967
 31
0.0
  0
LINE
  5
2069
  8
0
 10
-0.7212791410078921
 20
0.0
 30
0.0
 11
-0.7213152610078961
 21
-0.0022080599999981
 31
0.0
  0
LINE
  5
206A
  8
0
 10
-0.7213152610078961
 20
-0.0022080599999981
 30
0.0
 11
-0.7214236210078922
 21
-0.0044107799999978
 31
0.0
  0
LINE
  5
206B
  8
0
 10
-0.7214236210078922
 20
-0.0044107799999978
 30
0.0
 11
-0.7216038610079008
 21
-0.006602879999997
 31
0.0
  0
LINE
  5
206C
  8
0
 10
-0.7203801010078905
 20
-0.0109341000000029
 30
0.0
 11
-0.7207027210079046
 21
-0.0087790499999954
 31
0.0
  0
LINE
  5
206D
  8
0
 10
-0.7207027210079046
 20
-0.0087790499999954
 30
0.0
 11
-0.7209544210079001
 21
-0.006602879999997
 31
0.0
  0
LINE
  5
206E
  8
0
 10
-0.7209544210079001
 20
-0.006602879999997
 30
0.0
 11
-0.7211346610078917
 21
-0.0044107799999978
 31
0.0
  0
LINE
  5
206F
  8
0
 10
-0.5413151410078965
 20
0.0022080599999981
 30
0.0
 11
-0.5412791410079021
 21
0.0
 31
0.0
  0
LINE
  5
2070
  8
0
 10
-0.5421779410079008
 20
-0.0109341000000029
 30
0.0
 11
-0.5425709410078979
 21
-0.0130628099999967
 31
0.0
  0
LINE
  5
2071
  8
0
 10
-0.5425709410078979
 20
-0.0130628099999967
 30
0.0
 11
-0.5430329410078909
 21
-0.0151600500000001
 31
0.0
  0
LINE
  5
2072
  8
0
 10
-0.5412791410079021
 20
0.0
 30
0.0
 11
-0.5413151410078965
 21
-0.0022080599999981
 31
0.0
  0
LINE
  5
2073
  8
0
 10
-0.5413151410078965
 20
-0.0022080599999981
 30
0.0
 11
-0.5414237410078953
 21
-0.0044107799999978
 31
0.0
  0
LINE
  5
2074
  8
0
 10
-0.5414237410078953
 20
-0.0044107799999978
 30
0.0
 11
-0.5416037410079011
 21
-0.006602879999997
 31
0.0
  0
LINE
  5
2075
  8
0
 10
-0.5416037410079011
 20
-0.006602879999997
 30
0.0
 11
-0.5418557410078959
 21
-0.0087790499999954
 31
0.0
  0
LINE
  5
2076
  8
0
 10
-0.5418557410078959
 20
-0.0087790499999954
 30
0.0
 11
-0.5421779410079008
 21
-0.0109341000000029
 31
0.0
  0
LINE
  5
2077
  8
0
 10
-0.5430329410078909
 20
0.0151600500000001
 30
0.0
 11
-0.5425709410078979
 21
0.0130628100000053
 31
0.0
  0
LINE
  5
2078
  8
0
 10
-0.5425709410078979
 20
0.0130628100000053
 30
0.0
 11
-0.5421779410079008
 21
0.0109341000000029
 31
0.0
  0
LINE
  5
2079
  8
0
 10
-0.5421779410079008
 20
0.0109341000000029
 30
0.0
 11
-0.5418557410078959
 21
0.008779050000004
 31
0.0
  0
LINE
  5
207A
  8
0
 10
-0.5418557410078959
 20
0.008779050000004
 30
0.0
 11
-0.5416037410079011
 21
0.0066028800000055
 31
0.0
  0
LINE
  5
207B
  8
0
 10
-0.5416037410079011
 20
0.0066028800000055
 30
0.0
 11
-0.5414237410078953
 21
0.0044107800000063
 31
0.0
  0
LINE
  5
207C
  8
0
 10
-0.5414237410078953
 20
0.0044107800000063
 30
0.0
 11
-0.5413151410078965
 21
0.0022080599999981
 31
0.0
  0
LINE
  5
207D
  8
0
 10
-0.5430329410078909
 20
-0.0151600500000001
 30
0.0
 11
-0.5435627410079005
 21
-0.0172207499999985
 31
0.0
  0
LINE
  5
207E
  8
0
 10
-0.5435627410079005
 20
0.0172207499999985
 30
0.0
 11
-0.5430329410078909
 21
0.0151600500000001
 31
0.0
  0
LINE
  5
207F
  8
0
 10
-0.7211346610078917
 20
-0.0044107799999978
 30
0.0
 11
-0.7212430210079046
 21
-0.0022080599999981
 31
0.0
  0
LINE
  5
2080
  8
0
 10
-0.7212430210079046
 20
-0.0022080599999981
 30
0.0
 11
-0.7212791410078921
 21
0.0
 31
0.0
  0
LINE
  5
2081
  8
0
 10
-0.7144694410078954
 20
0.0285476999999986
 30
0.0
 11
-0.7135077010078987
 21
0.0302202000000051
 31
0.0
  0
LINE
  5
2082
  8
0
 10
-0.7216038610079008
 20
0.0066028800000055
 30
0.0
 11
-0.7214236210078922
 21
0.0044107800000063
 31
0.0
  0
LINE
  5
2083
  8
0
 10
-0.7214236210078922
 20
0.0044107800000063
 30
0.0
 11
-0.7213152610078961
 21
0.0022080599999981
 31
0.0
  0
LINE
  5
2084
  8
0
 10
-0.7212430210079046
 20
0.0022080599999981
 30
0.0
 11
-0.7211346610078917
 21
0.0044107800000063
 31
0.0
  0
LINE
  5
2085
  8
0
 10
-0.7211346610078917
 20
0.0044107800000063
 30
0.0
 11
-0.7209544210079001
 21
0.0066028800000055
 31
0.0
  0
LINE
  5
2086
  8
0
 10
-0.7209544210079001
 20
0.0066028800000055
 30
0.0
 11
-0.7207027210079046
 21
0.008779050000004
 31
0.0
  0
LINE
  5
2087
  8
0
 10
-0.7207027210079046
 20
0.008779050000004
 30
0.0
 11
-0.7203801010078905
 21
0.0109341000000029
 31
0.0
  0
LINE
  5
2088
  8
0
 10
-0.7203801010078905
 20
0.0109341000000029
 30
0.0
 11
-0.7199873410078963
 21
0.0130628100000053
 31
0.0
  0
LINE
  5
2089
  8
0
 10
-0.7199873410078963
 20
0.0130628100000053
 30
0.0
 11
-0.7195254610078961
 21
0.0151600500000001
 31
0.0
  0
LINE
  5
208A
  8
0
 10
-0.7195254610078961
 20
0.0151600500000001
 30
0.0
 11
-0.7189955410078934
 21
0.0172207499999985
 31
0.0
  0
LINE
  5
208B
  8
0
 10
-0.7189955410078934
 20
0.0172207499999985
 30
0.0
 11
-0.7183988410078995
 21
0.0192399900000027
 31
0.0
  0
LINE
  5
208C
  8
0
 10
-0.7183988410078995
 20
0.0192399900000027
 30
0.0
 11
-0.7177368010078963
 21
0.0212128500000063
 31
0.0
  0
LINE
  5
208D
  8
0
 10
-0.7177368010078963
 20
0.0212128500000063
 30
0.0
 11
-0.717010981007894
 21
0.0231346199999991
 31
0.0
  0
LINE
  5
208E
  8
0
 10
-0.7162232410079013
 20
0.0250006500000012
 30
0.0
 11
-0.7153753810078966
 21
0.0268064700000054
 31
0.0
  0
LINE
  5
208F
  8
0
 10
-0.7153753810078966
 20
0.0268064700000054
 30
0.0
 11
-0.7144694410078954
 21
0.0285476999999986
 31
0.0
  0
LINE
  5
2090
  8
0
 10
-0.717010981007894
 20
0.0231346199999991
 30
0.0
 11
-0.7162232410079013
 21
0.0250006500000012
 31
0.0
  0
LINE
  5
2091
  8
0
 10
-0.7124923210078973
 20
0.0318197999999995
 30
0.0
 11
-0.7114258810078921
 21
0.0333428999999995
 31
0.0
  0
LINE
  5
2092
  8
0
 10
-0.7114258810078921
 20
0.0333428999999995
 30
0.0
 11
-0.7103109610078999
 21
0.0347856000000064
 31
0.0
  0
LINE
  5
2093
  8
0
 10
-0.7103109610078999
 20
0.0347856000000064
 30
0.0
 11
-0.7091501410079047
 21
0.0361443000000037
 31
0.0
  0
LINE
  5
2094
  8
0
 10
-0.7091501410079047
 20
0.0361443000000037
 30
0.0
 11
-0.7079462410078916
 21
0.0374159999999989
 31
0.0
  0
LINE
  5
2095
  8
0
 10
-0.7079462410078916
 20
0.0374159999999989
 30
0.0
 11
-0.7067022010078913
 21
0.0385976999999997
 31
0.0
  0
LINE
  5
2096
  8
0
 10
-0.7067022010078913
 20
0.0385976999999997
 30
0.0
 11
-0.7054210210078961
 21
0.039686400000005
 31
0.0
  0
LINE
  5
2097
  8
0
 10
-0.7054210210078961
 20
0.039686400000005
 30
0.0
 11
-0.7041058210078913
 21
0.0406794000000048
 31
0.0
  0
LINE
  5
2098
  8
0
 10
-0.7041058210078913
 20
0.0406794000000048
 30
0.0
 11
-0.7027596610078999
 21
0.0415746000000041
 31
0.0
  0
LINE
  5
2099
  8
0
 10
-0.7027596610078999
 20
0.0415746000000041
 30
0.0
 11
-0.7013858410078965
 21
0.0423696000000007
 31
0.0
  0
LINE
  5
209A
  8
0
 10
-0.7013858410078965
 20
0.0423696000000007
 30
0.0
 11
-0.6999876610078897
 21
0.0430622999999997
 31
0.0
  0
LINE
  5
209B
  8
0
 10
-0.6999876610078897
 20
0.0430622999999997
 30
0.0
 11
-0.6985685410078985
 21
0.0436515000000043
 31
0.0
  0
LINE
  5
209C
  8
0
 10
-0.7135077010078987
 20
0.0302202000000051
 30
0.0
 11
-0.7124923210078973
 21
0.0318197999999995
 31
0.0
  0
LINE
  5
209D
  8
0
 10
-0.7216038610079008
 20
-0.006602879999997
 30
0.0
 11
-0.7218555610078963
 21
-0.0087790499999954
 31
0.0
  0
LINE
  5
209E
  8
0
 10
-0.7218555610078963
 20
0.008779050000004
 30
0.0
 11
-0.7216038610079008
 21
0.0066028800000055
 31
0.0
  0
LINE
  5
209F
  8
0
 10
-0.6641594410078878
 20
-0.0192399899999941
 30
0.0
 11
-0.664821481007891
 21
-0.0212128499999977
 31
0.0
  0
LINE
  5
20A0
  8
0
 10
-0.6577367410079031
 20
-0.0212128499999977
 30
0.0
 11
-0.6583985410079035
 21
-0.0192399899999941
 31
0.0
  0
LINE
  5
20A1
  8
0
 10
-0.638568541007902
 20
-0.0436514999999958
 30
0.0
 11
-0.6399875410079005
 21
-0.0430622999999997
 31
0.0
  0
LINE
  5
20A2
  8
0
 10
-0.6722473210079042
 20
-0.0347855999999979
 30
0.0
 11
-0.6734081410078998
 21
-0.0361442999999951
 31
0.0
  0
LINE
  5
20A3
  8
0
 10
-0.6734081410078998
 20
-0.0361442999999951
 30
0.0
 11
-0.6746120410078956
 21
-0.0374159999999989
 31
0.0
  0
LINE
  5
20A4
  8
0
 10
-0.6746120410078956
 20
-0.0374159999999989
 30
0.0
 11
-0.6758560810078959
 21
-0.0385976999999997
 31
0.0
  0
LINE
  5
20A5
  8
0
 10
-0.6758560810078959
 20
-0.0385976999999997
 30
0.0
 11
-0.6771372610078911
 21
-0.0396863999999965
 31
0.0
  0
LINE
  5
20A6
  8
0
 10
-0.6655473010078934
 20
-0.023134619999999
 30
0.0
 11
-0.6663350410079031
 21
-0.0250006500000012
 31
0.0
  0
LINE
  5
20A7
  8
0
 10
-0.6663350410079031
 20
-0.0250006500000012
 30
0.0
 11
-0.6671829010078909
 21
-0.0268064699999968
 31
0.0
  0
LINE
  5
20A8
  8
0
 10
-0.6671829010078909
 20
-0.0268064699999968
 30
0.0
 11
-0.6680888410078919
 21
-0.0285476999999986
 31
0.0
  0
LINE
  5
20A9
  8
0
 10
-0.6680888410078919
 20
-0.0285476999999986
 30
0.0
 11
-0.6690505810079057
 21
-0.0302201999999966
 31
0.0
  0
LINE
  5
20AA
  8
0
 10
-0.6690505810079057
 20
-0.0302201999999966
 30
0.0
 11
-0.6700659610078901
 21
-0.0318197999999995
 31
0.0
  0
LINE
  5
20AB
  8
0
 10
-0.6700659610078901
 20
-0.0318197999999995
 30
0.0
 11
-0.6711324010078953
 21
-0.0333428999999995
 31
0.0
  0
LINE
  5
20AC
  8
0
 10
-0.664821481007891
 20
-0.0212128499999977
 30
0.0
 11
-0.6655473010078934
 21
-0.023134619999999
 31
0.0
  0
LINE
  5
20AD
  8
0
 10
-0.6711324010078953
 20
-0.0333428999999995
 30
0.0
 11
-0.6722473210079042
 21
-0.0347855999999979
 31
0.0
  0
LINE
  5
20AE
  8
0
 10
-0.6927511810078895
 20
-0.0449456999999939
 30
0.0
 11
-0.6942196810078996
 21
-0.0447833999999943
 31
0.0
  0
LINE
  5
20AF
  8
0
 10
-0.678452461007896
 20
-0.0406793999999962
 30
0.0
 11
-0.6797986210079045
 21
-0.0415745999999956
 31
0.0
  0
LINE
  5
20B0
  8
0
 10
-0.6797986210079045
 20
-0.0415745999999956
 30
0.0
 11
-0.6811724410078907
 21
-0.0423696000000007
 31
0.0
  0
LINE
  5
20B1
  8
0
 10
-0.6811724410078907
 20
-0.0423696000000007
 30
0.0
 11
-0.6825706210078975
 21
-0.0430622999999997
 31
0.0
  0
LINE
  5
20B2
  8
0
 10
-0.6825706210078975
 20
-0.0430622999999997
 30
0.0
 11
-0.6839897410078888
 21
-0.0436514999999958
 31
0.0
  0
LINE
  5
20B3
  8
0
 10
-0.6839897410078888
 20
-0.0436514999999958
 30
0.0
 11
-0.6854264410078939
 21
-0.0441354000000018
 31
0.0
  0
LINE
  5
20B4
  8
0
 10
-0.6854264410078939
 20
-0.0441354000000018
 30
0.0
 11
-0.6868772410078973
 21
-0.0445127999999954
 31
0.0
  0
LINE
  5
20B5
  8
0
 10
-0.6868772410078973
 20
-0.0445127999999954
 30
0.0
 11
-0.6883386010079048
 21
-0.0447833999999943
 31
0.0
  0
LINE
  5
20B6
  8
0
 10
-0.6883386010079048
 20
-0.0447833999999943
 30
0.0
 11
-0.6898071010078977
 21
-0.0449456999999939
 31
0.0
  0
LINE
  5
20B7
  8
0
 10
-0.6898071010078977
 20
-0.0449456999999939
 30
0.0
 11
-0.6912791410079021
 21
-0.0450000000000017
 31
0.0
  0
LINE
  5
20B8
  8
0
 10
-0.6912791410079021
 20
-0.0450000000000017
 30
0.0
 11
-0.6927511810078895
 21
-0.0449456999999939
 31
0.0
  0
LINE
  5
20B9
  8
0
 10
-0.6942196810078996
 20
-0.0447833999999943
 30
0.0
 11
-0.69568104100789
 21
-0.0445127999999954
 31
0.0
  0
LINE
  5
20BA
  8
0
 10
-0.6771372610078911
 20
-0.0396863999999965
 30
0.0
 11
-0.678452461007896
 21
-0.0406793999999962
 31
0.0
  0
LINE
  5
20BB
  8
0
 10
-0.6562229410079052
 20
-0.0250006500000012
 30
0.0
 11
-0.6570107410078944
 21
-0.023134619999999
 31
0.0
  0
LINE
  5
20BC
  8
0
 10
-0.6454211410078924
 20
-0.0396863999999965
 30
0.0
 11
-0.6467021410078983
 21
-0.0385976999999997
 31
0.0
  0
LINE
  5
20BD
  8
0
 10
-0.6467021410078983
 20
-0.0385976999999997
 30
0.0
 11
-0.6479465410078942
 21
-0.0374159999999989
 31
0.0
  0
LINE
  5
20BE
  8
0
 10
-0.6479465410078942
 20
-0.0374159999999989
 30
0.0
 11
-0.6491501410078909
 21
-0.0361442999999951
 31
0.0
  0
LINE
  5
20BF
  8
0
 10
-0.6491501410078909
 20
-0.0361442999999951
 30
0.0
 11
-0.6503111410078927
 21
-0.0347855999999979
 31
0.0
  0
LINE
  5
20C0
  8
0
 10
-0.6503111410078927
 20
-0.0347855999999979
 30
0.0
 11
-0.6514259410078919
 21
-0.0333428999999995
 31
0.0
  0
LINE
  5
20C1
  8
0
 10
-0.6514259410078919
 20
-0.0333428999999995
 30
0.0
 11
-0.6524921410078944
 21
-0.0318197999999995
 31
0.0
  0
LINE
  5
20C2
  8
0
 10
-0.6524921410078944
 20
-0.0318197999999995
 30
0.0
 11
-0.6535079410079047
 21
-0.0302201999999966
 31
0.0
  0
LINE
  5
20C3
  8
0
 10
-0.6535079410079047
 20
-0.0302201999999966
 30
0.0
 11
-0.6544697410078979
 21
-0.0285476999999986
 31
0.0
  0
LINE
  5
20C4
  8
0
 10
-0.6544697410078979
 20
-0.0285476999999986
 30
0.0
 11
-0.6553751410078971
 21
-0.0268064699999968
 31
0.0
  0
LINE
  5
20C5
  8
0
 10
-0.6553751410078971
 20
-0.0268064699999968
 30
0.0
 11
-0.6562229410079052
 21
-0.0250006500000012
 31
0.0
  0
LINE
  5
20C6
  8
0
 10
-0.6570107410078944
 20
-0.023134619999999
 30
0.0
 11
-0.6577367410079031
 21
-0.0212128499999977
 31
0.0
  0
LINE
  5
20C7
  8
0
 10
-0.6399875410079005
 20
-0.0430622999999997
 30
0.0
 11
-0.6413855410079007
 21
-0.0423696000000007
 31
0.0
  0
LINE
  5
20C8
  8
0
 10
-0.6413855410079007
 20
-0.0423696000000007
 30
0.0
 11
-0.6427595410078935
 21
-0.0415745999999956
 31
0.0
  0
LINE
  5
20C9
  8
0
 10
-0.6427595410078935
 20
-0.0415745999999956
 30
0.0
 11
-0.6441059410079048
 21
-0.0406793999999962
 31
0.0
  0
LINE
  5
20CA
  8
0
 10
-0.6441059410079048
 20
-0.0406793999999962
 30
0.0
 11
-0.6454211410078924
 21
-0.0396863999999965
 31
0.0
  0
LINE
  5
20CB
  8
0
 10
-0.6399875410079005
 20
0.0430622999999997
 30
0.0
 11
-0.638568541007902
 21
0.0436515000000043
 31
0.0
  0
LINE
  5
20CC
  8
0
 10
-0.6630328210078913
 20
-0.0151600500000001
 30
0.0
 11
-0.6635627410078939
 21
-0.0172207499999985
 31
0.0
  0
LINE
  5
20CD
  8
0
 10
-0.6635627410078939
 20
0.0172207499999985
 30
0.0
 11
-0.6630328210078913
 21
0.0151600500000001
 31
0.0
  0
LINE
  5
20CE
  8
0
 10
-0.6635627410078939
 20
-0.0172207499999985
 30
0.0
 11
-0.6641594410078878
 21
-0.0192399899999941
 31
0.0
  0
LINE
  5
20CF
  8
0
 10
-0.6942196810078996
 20
0.0447834000000029
 30
0.0
 11
-0.6927511810078895
 21
0.0449457000000024
 31
0.0
  0
LINE
  5
20D0
  8
0
 10
-0.6912791410079021
 20
0.0450000000000017
 30
0.0
 11
-0.6898071010078977
 21
0.0449457000000024
 31
0.0
  0
LINE
  5
20D1
  8
0
 10
-0.6898071010078977
 20
0.0449457000000024
 30
0.0
 11
-0.6883386010079048
 21
0.0447834000000029
 31
0.0
  0
LINE
  5
20D2
  8
0
 10
-0.6883386010079048
 20
0.0447834000000029
 30
0.0
 11
-0.6868772410078973
 21
0.044512800000004
 31
0.0
  0
LINE
  5
20D3
  8
0
 10
-0.6868772410078973
 20
0.044512800000004
 30
0.0
 11
-0.6854264410078939
 21
0.0441354000000018
 31
0.0
  0
LINE
  5
20D4
  8
0
 10
-0.6854264410078939
 20
0.0441354000000018
 30
0.0
 11
-0.6839897410078888
 21
0.0436515000000043
 31
0.0
  0
LINE
  5
20D5
  8
0
 10
-0.6839897410078888
 20
0.0436515000000043
 30
0.0
 11
-0.6825706210078975
 21
0.0430622999999997
 31
0.0
  0
LINE
  5
20D6
  8
0
 10
-0.6825706210078975
 20
0.0430622999999997
 30
0.0
 11
-0.6811724410078907
 21
0.0423696000000007
 31
0.0
  0
LINE
  5
20D7
  8
0
 10
-0.6811724410078907
 20
0.0423696000000007
 30
0.0
 11
-0.6797986210079045
 21
0.0415746000000041
 31
0.0
  0
LINE
  5
20D8
  8
0
 10
-0.6797986210079045
 20
0.0415746000000041
 30
0.0
 11
-0.678452461007896
 21
0.0406794000000048
 31
0.0
  0
LINE
  5
20D9
  8
0
 10
-0.678452461007896
 20
0.0406794000000048
 30
0.0
 11
-0.6771372610078911
 21
0.039686400000005
 31
0.0
  0
LINE
  5
20DA
  8
0
 10
-0.6771372610078911
 20
0.039686400000005
 30
0.0
 11
-0.6758560810078959
 21
0.0385976999999997
 31
0.0
  0
LINE
  5
20DB
  8
0
 10
-0.6758560810078959
 20
0.0385976999999997
 30
0.0
 11
-0.6746120410078956
 21
0.0374159999999989
 31
0.0
  0
LINE
  5
20DC
  8
0
 10
-0.6746120410078956
 20
0.0374159999999989
 30
0.0
 11
-0.6734081410078998
 21
0.0361443000000037
 31
0.0
  0
LINE
  5
20DD
  8
0
 10
-0.6734081410078998
 20
0.0361443000000037
 30
0.0
 11
-0.6722473210079042
 21
0.0347856000000064
 31
0.0
  0
LINE
  5
20DE
  8
0
 10
-0.6927511810078895
 20
0.0449457000000024
 30
0.0
 11
-0.6912791410079021
 21
0.0450000000000017
 31
0.0
  0
LINE
  5
20DF
  8
0
 10
-0.69568104100789
 20
0.044512800000004
 30
0.0
 11
-0.6942196810078996
 21
0.0447834000000029
 31
0.0
  0
LINE
  5
20E0
  8
0
 10
-0.6690505810079057
 20
0.0302202000000051
 30
0.0
 11
-0.6680888410078919
 21
0.0285476999999986
 31
0.0
  0
LINE
  5
20E1
  8
0
 10
-0.6680888410078919
 20
0.0285476999999986
 30
0.0
 11
-0.6671829010078909
 21
0.0268064700000054
 31
0.0
  0
LINE
  5
20E2
  8
0
 10
-0.6671829010078909
 20
0.0268064700000054
 30
0.0
 11
-0.6663350410079031
 21
0.0250006500000012
 31
0.0
  0
LINE
  5
20E3
  8
0
 10
-0.6663350410079031
 20
0.0250006500000012
 30
0.0
 11
-0.6655473010078934
 21
0.0231346199999991
 31
0.0
  0
LINE
  5
20E4
  8
0
 10
-0.6655473010078934
 20
0.0231346199999991
 30
0.0
 11
-0.664821481007891
 21
0.0212128500000063
 31
0.0
  0
LINE
  5
20E5
  8
0
 10
-0.664821481007891
 20
0.0212128500000063
 30
0.0
 11
-0.6641594410078878
 21
0.0192399900000027
 31
0.0
  0
LINE
  5
20E6
  8
0
 10
-0.6641594410078878
 20
0.0192399900000027
 30
0.0
 11
-0.6635627410078939
 21
0.0172207499999985
 31
0.0
  0
LINE
  5
20E7
  8
0
 10
-0.6711324010078953
 20
0.0333428999999995
 30
0.0
 11
-0.6700659610078901
 21
0.0318197999999995
 31
0.0
  0
LINE
  5
20E8
  8
0
 10
-0.6700659610078901
 20
0.0318197999999995
 30
0.0
 11
-0.6690505810079057
 21
0.0302202000000051
 31
0.0
  0
LINE
  5
20E9
  8
0
 10
-0.6722473210079042
 20
0.0347856000000064
 30
0.0
 11
-0.6711324010078953
 21
0.0333428999999995
 31
0.0
  0
LINE
  5
20EA
  8
0
 10
-0.6613152610078998
 20
0.0022080599999981
 30
0.0
 11
-0.6612791410078955
 21
0.0
 31
0.0
  0
LINE
  5
20EB
  8
0
 10
-0.6612791410078955
 20
0.0
 30
0.0
 11
-0.6612431410079011
 21
0.0022080599999981
 31
0.0
  0
LINE
  5
20EC
  8
0
 10
-0.658995541007897
 20
-0.0172207499999985
 30
0.0
 11
-0.6595253410078894
 21
-0.0151600500000001
 31
0.0
  0
LINE
  5
20ED
  8
0
 10
-0.6583985410079035
 20
-0.0192399899999941
 30
0.0
 11
-0.658995541007897
 21
-0.0172207499999985
 31
0.0
  0
LINE
  5
20EE
  8
0
 10
-0.6621781810078971
 20
-0.0109341000000029
 30
0.0
 11
-0.6625709410078911
 21
-0.0130628099999967
 31
0.0
  0
LINE
  5
20EF
  8
0
 10
-0.6599873410078996
 20
-0.0130628099999967
 30
0.0
 11
-0.6603803410078966
 21
-0.0109341000000029
 31
0.0
  0
LINE
  5
20F0
  8
0
 10
-0.6625709410078911
 20
-0.0130628099999967
 30
0.0
 11
-0.6630328210078913
 21
-0.0151600500000001
 31
0.0
  0
LINE
  5
20F1
  8
0
 10
-0.6595253410078894
 20
-0.0151600500000001
 30
0.0
 11
-0.6599873410078996
 21
-0.0130628099999967
 31
0.0
  0
LINE
  5
20F2
  8
0
 10
-0.6612791410078955
 20
0.0
 30
0.0
 11
-0.6613152610078998
 21
-0.0022080599999981
 31
0.0
  0
LINE
  5
20F3
  8
0
 10
-0.6613152610078998
 20
-0.0022080599999981
 30
0.0
 11
-0.6614236210078957
 21
-0.0044107799999978
 31
0.0
  0
LINE
  5
20F4
  8
0
 10
-0.6614236210078957
 20
-0.0044107799999978
 30
0.0
 11
-0.6616038610079043
 21
-0.006602879999997
 31
0.0
  0
LINE
  5
20F5
  8
0
 10
-0.6616038610079043
 20
-0.006602879999997
 30
0.0
 11
-0.6618555610078997
 21
-0.0087790499999954
 31
0.0
  0
LINE
  5
20F6
  8
0
 10
-0.6618555610078997
 20
-0.0087790499999954
 30
0.0
 11
-0.6621781810078971
 21
-0.0109341000000029
 31
0.0
  0
LINE
  5
20F7
  8
0
 10
-0.6603803410078966
 20
-0.0109341000000029
 30
0.0
 11
-0.6607025410079015
 21
-0.0087790499999954
 31
0.0
  0
LINE
  5
20F8
  8
0
 10
-0.6607025410079015
 20
-0.0087790499999954
 30
0.0
 11
-0.6609545410078965
 21
-0.006602879999997
 31
0.0
  0
LINE
  5
20F9
  8
0
 10
-0.6609545410078965
 20
-0.006602879999997
 30
0.0
 11
-0.6611345410079023
 21
-0.0044107799999978
 31
0.0
  0
LINE
  5
20FA
  8
0
 10
-0.6611345410079023
 20
-0.0044107799999978
 30
0.0
 11
-0.6612431410079011
 21
-0.0022080599999981
 31
0.0
  0
LINE
  5
20FB
  8
0
 10
-0.6612431410079011
 20
-0.0022080599999981
 30
0.0
 11
-0.6612791410078955
 21
0.0
 31
0.0
  0
LINE
  5
20FC
  8
0
 10
-0.6595253410078894
 20
0.0151600500000001
 30
0.0
 11
-0.658995541007897
 21
0.0172207499999985
 31
0.0
  0
LINE
  5
20FD
  8
0
 10
-0.6544697410078979
 20
0.0285476999999986
 30
0.0
 11
-0.6535079410079047
 21
0.0302202000000051
 31
0.0
  0
LINE
  5
20FE
  8
0
 10
-0.658995541007897
 20
0.0172207499999985
 30
0.0
 11
-0.6583985410079035
 21
0.0192399900000027
 31
0.0
  0
LINE
  5
20FF
  8
0
 10
-0.6583985410079035
 20
0.0192399900000027
 30
0.0
 11
-0.6577367410079031
 21
0.0212128500000063
 31
0.0
  0
LINE
  5
2100
  8
0
 10
-0.6577367410079031
 20
0.0212128500000063
 30
0.0
 11
-0.6570107410078944
 21
0.0231346199999991
 31
0.0
  0
LINE
  5
2101
  8
0
 10
-0.6570107410078944
 20
0.0231346199999991
 30
0.0
 11
-0.6562229410079052
 21
0.0250006500000012
 31
0.0
  0
LINE
  5
2102
  8
0
 10
-0.6562229410079052
 20
0.0250006500000012
 30
0.0
 11
-0.6553751410078971
 21
0.0268064700000054
 31
0.0
  0
LINE
  5
2103
  8
0
 10
-0.6553751410078971
 20
0.0268064700000054
 30
0.0
 11
-0.6544697410078979
 21
0.0285476999999986
 31
0.0
  0
LINE
  5
2104
  8
0
 10
-0.6535079410079047
 20
0.0302202000000051
 30
0.0
 11
-0.6524921410078944
 21
0.0318197999999995
 31
0.0
  0
LINE
  5
2105
  8
0
 10
-0.6524921410078944
 20
0.0318197999999995
 30
0.0
 11
-0.6514259410078919
 21
0.0333428999999995
 31
0.0
  0
LINE
  5
2106
  8
0
 10
-0.6514259410078919
 20
0.0333428999999995
 30
0.0
 11
-0.6503111410078927
 21
0.0347856000000064
 31
0.0
  0
LINE
  5
2107
  8
0
 10
-0.6503111410078927
 20
0.0347856000000064
 30
0.0
 11
-0.6491501410078909
 21
0.0361443000000037
 31
0.0
  0
LINE
  5
2108
  8
0
 10
-0.6491501410078909
 20
0.0361443000000037
 30
0.0
 11
-0.6479465410078942
 21
0.0374159999999989
 31
0.0
  0
LINE
  5
2109
  8
0
 10
-0.6479465410078942
 20
0.0374159999999989
 30
0.0
 11
-0.6467021410078983
 21
0.0385976999999997
 31
0.0
  0
LINE
  5
210A
  8
0
 10
-0.6467021410078983
 20
0.0385976999999997
 30
0.0
 11
-0.6454211410078924
 21
0.039686400000005
 31
0.0
  0
LINE
  5
210B
  8
0
 10
-0.6454211410078924
 20
0.039686400000005
 30
0.0
 11
-0.6441059410079048
 21
0.0406794000000048
 31
0.0
  0
LINE
  5
210C
  8
0
 10
-0.6441059410079048
 20
0.0406794000000048
 30
0.0
 11
-0.6427595410078935
 21
0.0415746000000041
 31
0.0
  0
LINE
  5
210D
  8
0
 10
-0.6427595410078935
 20
0.0415746000000041
 30
0.0
 11
-0.6413855410079007
 21
0.0423696000000007
 31
0.0
  0
LINE
  5
210E
  8
0
 10
-0.6413855410079007
 20
0.0423696000000007
 30
0.0
 11
-0.6399875410079005
 21
0.0430622999999997
 31
0.0
  0
LINE
  5
210F
  8
0
 10
-0.6630328210078913
 20
0.0151600500000001
 30
0.0
 11
-0.6625709410078911
 21
0.0130628100000053
 31
0.0
  0
LINE
  5
2110
  8
0
 10
-0.6625709410078911
 20
0.0130628100000053
 30
0.0
 11
-0.6621781810078971
 21
0.0109341000000029
 31
0.0
  0
LINE
  5
2111
  8
0
 10
-0.6621781810078971
 20
0.0109341000000029
 30
0.0
 11
-0.6618555610078997
 21
0.008779050000004
 31
0.0
  0
LINE
  5
2112
  8
0
 10
-0.6618555610078997
 20
0.008779050000004
 30
0.0
 11
-0.6616038610079043
 21
0.0066028800000055
 31
0.0
  0
LINE
  5
2113
  8
0
 10
-0.6616038610079043
 20
0.0066028800000055
 30
0.0
 11
-0.6614236210078957
 21
0.0044107800000063
 31
0.0
  0
LINE
  5
2114
  8
0
 10
-0.6614236210078957
 20
0.0044107800000063
 30
0.0
 11
-0.6613152610078998
 21
0.0022080599999981
 31
0.0
  0
LINE
  5
2115
  8
0
 10
-0.6612431410079011
 20
0.0022080599999981
 30
0.0
 11
-0.6611345410079023
 21
0.0044107800000063
 31
0.0
  0
LINE
  5
2116
  8
0
 10
-0.6611345410079023
 20
0.0044107800000063
 30
0.0
 11
-0.6609545410078965
 21
0.0066028800000055
 31
0.0
  0
LINE
  5
2117
  8
0
 10
-0.6609545410078965
 20
0.0066028800000055
 30
0.0
 11
-0.6607025410079015
 21
0.008779050000004
 31
0.0
  0
LINE
  5
2118
  8
0
 10
-0.6607025410079015
 20
0.008779050000004
 30
0.0
 11
-0.6603803410078966
 21
0.0109341000000029
 31
0.0
  0
LINE
  5
2119
  8
0
 10
-0.6603803410078966
 20
0.0109341000000029
 30
0.0
 11
-0.6599873410078996
 21
0.0130628100000053
 31
0.0
  0
LINE
  5
211A
  8
0
 10
-0.6599873410078996
 20
0.0130628100000053
 30
0.0
 11
-0.6595253410078894
 21
0.0151600500000001
 31
0.0
  0
LINE
  5
211B
  8
0
 10
-0.69568104100789
 20
-0.0445127999999954
 30
0.0
 11
-0.6971318410078934
 21
-0.0441354000000018
 31
0.0
  0
LINE
  5
211C
  8
0
 10
-0.6971318410078934
 20
0.0441354000000018
 30
0.0
 11
-0.69568104100789
 21
0.044512800000004
 31
0.0
  0
LINE
  5
211D
  8
0
 10
-0.6041597410078907
 20
-0.0192399899999941
 30
0.0
 11
-0.6048215410078908
 21
-0.0212128499999977
 31
0.0
  0
LINE
  5
211E
  8
0
 10
-0.5977367410078897
 20
-0.0212128499999977
 30
0.0
 11
-0.5983985410078898
 21
-0.0192399899999941
 31
0.0
  0
LINE
  5
211F
  8
0
 10
-0.579987541007904
 20
-0.0430622999999997
 30
0.0
 11
-0.5813855410079042
 21
-0.0423696000000007
 31
0.0
  0
LINE
  5
2120
  8
0
 10
-0.6356813410078928
 20
-0.0445127999999954
 30
0.0
 11
-0.6371321410078961
 21
-0.0441354000000018
 31
0.0
  0
LINE
  5
2121
  8
0
 10
-0.6055475410078997
 20
-0.023134619999999
 30
0.0
 11
-0.6063353410079058
 21
-0.0250006500000012
 31
0.0
  0
LINE
  5
2122
  8
0
 10
-0.6063353410079058
 20
-0.0250006500000012
 30
0.0
 11
-0.6071831410078971
 21
-0.0268064699999968
 31
0.0
  0
LINE
  5
2123
  8
0
 10
-0.6071831410078971
 20
-0.0268064699999968
 30
0.0
 11
-0.608088541007896
 21
-0.0285476999999986
 31
0.0
  0
LINE
  5
2124
  8
0
 10
-0.608088541007896
 20
-0.0285476999999986
 30
0.0
 11
-0.6090503410078894
 21
-0.0302201999999966
 31
0.0
  0
LINE
  5
2125
  8
0
 10
-0.6090503410078894
 20
-0.0302201999999966
 30
0.0
 11
-0.6100661410078996
 21
-0.0318197999999995
 31
0.0
  0
LINE
  5
2126
  8
0
 10
-0.6100661410078996
 20
-0.0318197999999995
 30
0.0
 11
-0.6111323410079022
 21
-0.0333428999999995
 31
0.0
  0
LINE
  5
2127
  8
0
 10
-0.6111323410079022
 20
-0.0333428999999995
 30
0.0
 11
-0.6122471410079015
 21
-0.0347855999999979
 31
0.0
  0
LINE
  5
2128
  8
0
 10
-0.6122471410079015
 20
-0.0347855999999979
 30
0.0
 11
-0.6134081410079031
 21
-0.0361442999999951
 31
0.0
  0
LINE
  5
2129
  8
0
 10
-0.6134081410079031
 20
-0.0361442999999951
 30
0.0
 11
-0.6146117410078997
 21
-0.0374159999999989
 31
0.0
  0
LINE
  5
212A
  8
0
 10
-0.6146117410078997
 20
-0.0374159999999989
 30
0.0
 11
-0.6158561410078958
 21
-0.0385976999999997
 31
0.0
  0
LINE
  5
212B
  8
0
 10
-0.6158561410078958
 20
-0.0385976999999997
 30
0.0
 11
-0.6171371410079019
 21
-0.0396863999999965
 31
0.0
  0
LINE
  5
212C
  8
0
 10
-0.6048215410078908
 20
-0.0212128499999977
 30
0.0
 11
-0.6055475410078997
 21
-0.023134619999999
 31
0.0
  0
LINE
  5
212D
  8
0
 10
-0.6225707410078937
 20
-0.0430622999999997
 30
0.0
 11
-0.6239897410078922
 21
-0.0436514999999958
 31
0.0
  0
LINE
  5
212E
  8
0
 10
-0.6211727410078936
 20
-0.0423696000000007
 30
0.0
 11
-0.6225707410078937
 21
-0.0430622999999997
 31
0.0
  0
LINE
  5
212F
  8
0
 10
-0.6184523410078893
 20
-0.0406793999999962
 30
0.0
 11
-0.6197987410079006
 21
-0.0415745999999956
 31
0.0
  0
LINE
  5
2130
  8
0
 10
-0.6197987410079006
 20
-0.0415745999999956
 30
0.0
 11
-0.6211727410078936
 21
-0.0423696000000007
 31
0.0
  0
LINE
  5
2131
  8
0
 10
-0.6239897410078922
 20
-0.0436514999999958
 30
0.0
 11
-0.625426141007898
 21
-0.0441354000000018
 31
0.0
  0
LINE
  5
2132
  8
0
 10
-0.625426141007898
 20
-0.0441354000000018
 30
0.0
 11
-0.6268769410079014
 21
-0.0445127999999954
 31
0.0
  0
LINE
  5
2133
  8
0
 10
-0.6268769410079014
 20
-0.0445127999999954
 30
0.0
 11
-0.6283385410078947
 21
-0.0447833999999943
 31
0.0
  0
LINE
  5
2134
  8
0
 10
-0.6283385410078947
 20
-0.0447833999999943
 30
0.0
 11
-0.629807341007904
 21
-0.0449456999999939
 31
0.0
  0
LINE
  5
2135
  8
0
 10
-0.629807341007904
 20
-0.0449456999999939
 30
0.0
 11
-0.6312791410079055
 21
-0.0450000000000017
 31
0.0
  0
LINE
  5
2136
  8
0
 10
-0.6312791410079055
 20
-0.0450000000000017
 30
0.0
 11
-0.6327509410078901
 21
-0.0449456999999939
 31
0.0
  0
LINE
  5
2137
  8
0
 10
-0.6327509410078901
 20
-0.0449456999999939
 30
0.0
 11
-0.6342197410078994
 21
-0.0447833999999943
 31
0.0
  0
LINE
  5
2138
  8
0
 10
-0.6342197410078994
 20
-0.0447833999999943
 30
0.0
 11
-0.6356813410078928
 21
-0.0445127999999954
 31
0.0
  0
LINE
  5
2139
  8
0
 10
-0.6171371410079019
 20
-0.0396863999999965
 30
0.0
 11
-0.6184523410078893
 21
-0.0406793999999962
 31
0.0
  0
LINE
  5
213A
  8
0
 10
-0.5879465410078976
 20
-0.0374159999999989
 30
0.0
 11
-0.5891501410078944
 21
-0.0361442999999951
 31
0.0
  0
LINE
  5
213B
  8
0
 10
-0.5854211410078958
 20
-0.0396863999999965
 30
0.0
 11
-0.5867021410079018
 21
-0.0385976999999997
 31
0.0
  0
LINE
  5
213C
  8
0
 10
-0.5867021410079018
 20
-0.0385976999999997
 30
0.0
 11
-0.5879465410078976
 21
-0.0374159999999989
 31
0.0
  0
LINE
  5
213D
  8
0
 10
-0.5962229410078918
 20
-0.0250006500000012
 30
0.0
 11
-0.5970107410078979
 21
-0.023134619999999
 31
0.0
  0
LINE
  5
213E
  8
0
 10
-0.5935079410078911
 20
-0.0302201999999966
 30
0.0
 11
-0.5935079410078911
 21
-0.0302201999999966
 31
0.0
  0
LINE
  5
213F
  8
0
 10
-0.5891501410078944
 20
-0.0361442999999951
 30
0.0
 11
-0.5903111410078962
 21
-0.0347855999999979
 31
0.0
  0
LINE
  5
2140
  8
0
 10
-0.5903111410078962
 20
-0.0347855999999979
 30
0.0
 11
-0.5914259410078953
 21
-0.0333428999999995
 31
0.0
  0
LINE
  5
2141
  8
0
 10
-0.5914259410078953
 20
-0.0333428999999995
 30
0.0
 11
-0.5924921410078979
 21
-0.0318197999999995
 31
0.0
  0
LINE
  5
2142
  8
0
 10
-0.5924921410078979
 20
-0.0318197999999995
 30
0.0
 11
-0.5935079410078911
 21
-0.0302201999999966
 31
0.0
  0
LINE
  5
2143
  8
0
 10
-0.5944697410079013
 20
-0.0285476999999986
 30
0.0
 11
-0.5953751410079005
 21
-0.0268064699999968
 31
0.0
  0
LINE
  5
2144
  8
0
 10
-0.5953751410079005
 20
-0.0268064699999968
 30
0.0
 11
-0.5962229410078918
 21
-0.0250006500000012
 31
0.0
  0
LINE
  5
2145
  8
0
 10
-0.5970107410078979
 20
-0.023134619999999
 30
0.0
 11
-0.5977367410078897
 21
-0.0212128499999977
 31
0.0
  0
LINE
  5
2146
  8
0
 10
-0.5841059410078909
 20
-0.0406793999999962
 30
0.0
 11
-0.5854211410078958
 21
-0.0396863999999965
 31
0.0
  0
LINE
  5
2147
  8
0
 10
-0.5813855410079042
 20
-0.0423696000000007
 30
0.0
 11
-0.5827595410078967
 21
-0.0415745999999956
 31
0.0
  0
LINE
  5
2148
  8
0
 10
-0.5827595410078967
 20
-0.0415745999999956
 30
0.0
 11
-0.5841059410078909
 21
-0.0406793999999962
 31
0.0
  0
LINE
  5
2149
  8
0
 10
-0.5813855410079042
 20
0.0423696000000007
 30
0.0
 11
-0.579987541007904
 21
0.0430622999999997
 31
0.0
  0
LINE
  5
214A
  8
0
 10
-0.5891501410078944
 20
0.0361443000000037
 30
0.0
 11
-0.5879465410078976
 21
0.0374159999999989
 31
0.0
  0
LINE
  5
214B
  8
0
 10
-0.5879465410078976
 20
0.0374159999999989
 30
0.0
 11
-0.5867021410079018
 21
0.0385976999999997
 31
0.0
  0
LINE
  5
214C
  8
0
 10
-0.5867021410079018
 20
0.0385976999999997
 30
0.0
 11
-0.5854211410078958
 21
0.039686400000005
 31
0.0
  0
LINE
  5
214D
  8
0
 10
-0.5854211410078958
 20
0.039686400000005
 30
0.0
 11
-0.5841059410078909
 21
0.0406794000000048
 31
0.0
  0
LINE
  5
214E
  8
0
 10
-0.5935079410078911
 20
0.0302202000000051
 30
0.0
 11
-0.5924921410078979
 21
0.0318197999999995
 31
0.0
  0
LINE
  5
214F
  8
0
 10
-0.5924921410078979
 20
0.0318197999999995
 30
0.0
 11
-0.5914259410078953
 21
0.0333428999999995
 31
0.0
  0
LINE
  5
2150
  8
0
 10
-0.5914259410078953
 20
0.0333428999999995
 30
0.0
 11
-0.5903111410078962
 21
0.0347856000000064
 31
0.0
  0
LINE
  5
2151
  8
0
 10
-0.5903111410078962
 20
0.0347856000000064
 30
0.0
 11
-0.5891501410078944
 21
0.0361443000000037
 31
0.0
  0
LINE
  5
2152
  8
0
 10
-0.5827595410078967
 20
0.0415746000000041
 30
0.0
 11
-0.5813855410079042
 21
0.0423696000000007
 31
0.0
  0
LINE
  5
2153
  8
0
 10
-0.5841059410078909
 20
0.0406794000000048
 30
0.0
 11
-0.5827595410078967
 21
0.0415746000000041
 31
0.0
  0
LINE
  5
2154
  8
0
 10
-0.6048215410078908
 20
0.0212128500000063
 30
0.0
 11
-0.6041597410078907
 21
0.0192399900000027
 31
0.0
  0
LINE
  5
2155
  8
0
 10
-0.6371321410078961
 20
0.0441354000000018
 30
0.0
 11
-0.6356813410078928
 21
0.044512800000004
 31
0.0
  0
LINE
  5
2156
  8
0
 10
-0.6090503410078894
 20
0.0302202000000051
 30
0.0
 11
-0.608088541007896
 21
0.0285476999999986
 31
0.0
  0
LINE
  5
2157
  8
0
 10
-0.608088541007896
 20
0.0285476999999986
 30
0.0
 11
-0.6071831410078971
 21
0.0268064700000054
 31
0.0
  0
LINE
  5
2158
  8
0
 10
-0.6071831410078971
 20
0.0268064700000054
 30
0.0
 11
-0.6063353410079058
 21
0.0250006500000012
 31
0.0
  0
LINE
  5
2159
  8
0
 10
-0.6063353410079058
 20
0.0250006500000012
 30
0.0
 11
-0.6055475410078997
 21
0.0231346199999991
 31
0.0
  0
LINE
  5
215A
  8
0
 10
-0.6055475410078997
 20
0.0231346199999991
 30
0.0
 11
-0.6048215410078908
 21
0.0212128500000063
 31
0.0
  0
LINE
  5
215B
  8
0
 10
-0.6239897410078922
 20
0.0436515000000043
 30
0.0
 11
-0.6225707410078937
 21
0.0430622999999997
 31
0.0
  0
LINE
  5
215C
  8
0
 10
-0.6225707410078937
 20
0.0430622999999997
 30
0.0
 11
-0.6211727410078936
 21
0.0423696000000007
 31
0.0
  0
LINE
  5
215D
  8
0
 10
-0.6211727410078936
 20
0.0423696000000007
 30
0.0
 11
-0.6197987410079006
 21
0.0415746000000041
 31
0.0
  0
LINE
  5
215E
  8
0
 10
-0.6197987410079006
 20
0.0415746000000041
 30
0.0
 11
-0.6184523410078893
 21
0.0406794000000048
 31
0.0
  0
LINE
  5
215F
  8
0
 10
-0.6184523410078893
 20
0.0406794000000048
 30
0.0
 11
-0.6171371410079019
 21
0.039686400000005
 31
0.0
  0
LINE
  5
2160
  8
0
 10
-0.6171371410079019
 20
0.039686400000005
 30
0.0
 11
-0.6158561410078958
 21
0.0385976999999997
 31
0.0
  0
LINE
  5
2161
  8
0
 10
-0.6158561410078958
 20
0.0385976999999997
 30
0.0
 11
-0.6146117410078997
 21
0.0374159999999989
 31
0.0
  0
LINE
  5
2162
  8
0
 10
-0.6146117410078997
 20
0.0374159999999989
 30
0.0
 11
-0.6134081410079031
 21
0.0361443000000037
 31
0.0
  0
LINE
  5
2163
  8
0
 10
-0.6134081410079031
 20
0.0361443000000037
 30
0.0
 11
-0.6122471410079015
 21
0.0347856000000064
 31
0.0
  0
LINE
  5
2164
  8
0
 10
-0.6122471410079015
 20
0.0347856000000064
 30
0.0
 11
-0.6111323410079022
 21
0.0333428999999995
 31
0.0
  0
LINE
  5
2165
  8
0
 10
-0.6111323410079022
 20
0.0333428999999995
 30
0.0
 11
-0.6100661410078996
 21
0.0318197999999995
 31
0.0
  0
LINE
  5
2166
  8
0
 10
-0.6100661410078996
 20
0.0318197999999995
 30
0.0
 11
-0.6090503410078894
 21
0.0302202000000051
 31
0.0
  0
LINE
  5
2167
  8
0
 10
-0.6312791410079055
 20
0.0450000000000017
 30
0.0
 11
-0.629807341007904
 21
0.0449457000000024
 31
0.0
  0
LINE
  5
2168
  8
0
 10
-0.629807341007904
 20
0.0449457000000024
 30
0.0
 11
-0.6283385410078947
 21
0.0447834000000029
 31
0.0
  0
LINE
  5
2169
  8
0
 10
-0.6283385410078947
 20
0.0447834000000029
 30
0.0
 11
-0.6268769410079014
 21
0.044512800000004
 31
0.0
  0
LINE
  5
216A
  8
0
 10
-0.6268769410079014
 20
0.044512800000004
 30
0.0
 11
-0.625426141007898
 21
0.0441354000000018
 31
0.0
  0
LINE
  5
216B
  8
0
 10
-0.625426141007898
 20
0.0441354000000018
 30
0.0
 11
-0.6239897410078922
 21
0.0436515000000043
 31
0.0
  0
LINE
  5
216C
  8
0
 10
-0.6356813410078928
 20
0.044512800000004
 30
0.0
 11
-0.6342197410078994
 21
0.0447834000000029
 31
0.0
  0
LINE
  5
216D
  8
0
 10
-0.6342197410078994
 20
0.0447834000000029
 30
0.0
 11
-0.6327509410078901
 21
0.0449457000000024
 31
0.0
  0
LINE
  5
216E
  8
0
 10
-0.6327509410078901
 20
0.0449457000000024
 30
0.0
 11
-0.6312791410079055
 21
0.0450000000000017
 31
0.0
  0
LINE
  5
216F
  8
0
 10
-0.6012791410078987
 20
0.0
 30
0.0
 11
-0.6012431410079043
 21
0.0022080599999981
 31
0.0
  0
LINE
  5
2170
  8
0
 10
-0.6013151410078931
 20
0.0022080599999981
 30
0.0
 11
-0.6012791410078987
 21
0.0
 31
0.0
  0
LINE
  5
2171
  8
0
 10
-0.5999873410079032
 20
-0.0130628099999967
 30
0.0
 11
-0.6003803410078998
 21
-0.0109341000000029
 31
0.0
  0
LINE
  5
2172
  8
0
 10
-0.6021779410078975
 20
-0.0109341000000029
 30
0.0
 11
-0.6025709410078945
 21
-0.0130628099999967
 31
0.0
  0
LINE
  5
2173
  8
0
 10
-0.5983985410078898
 20
-0.0192399899999941
 30
0.0
 11
-0.5989955410079003
 21
-0.0172207499999985
 31
0.0
  0
LINE
  5
2174
  8
0
 10
-0.5989955410079003
 20
-0.0172207499999985
 30
0.0
 11
-0.5995253410078928
 21
-0.0151600500000001
 31
0.0
  0
LINE
  5
2175
  8
0
 10
-0.5995253410078928
 20
-0.0151600500000001
 30
0.0
 11
-0.5999873410079032
 21
-0.0130628099999967
 31
0.0
  0
LINE
  5
2176
  8
0
 10
-0.6025709410078945
 20
-0.0130628099999967
 30
0.0
 11
-0.6030329410078875
 21
-0.0151600500000001
 31
0.0
  0
LINE
  5
2177
  8
0
 10
-0.6030329410078875
 20
-0.0151600500000001
 30
0.0
 11
-0.6035627410078971
 21
-0.0172207499999985
 31
0.0
  0
LINE
  5
2178
  8
0
 10
-0.6035627410078971
 20
-0.0172207499999985
 30
0.0
 11
-0.6041597410078907
 21
-0.0192399899999941
 31
0.0
  0
LINE
  5
2179
  8
0
 10
-0.6003803410078998
 20
-0.0109341000000029
 30
0.0
 11
-0.6007025410079049
 21
-0.0087790499999954
 31
0.0
  0
LINE
  5
217A
  8
0
 10
-0.6007025410079049
 20
-0.0087790499999954
 30
0.0
 11
-0.6009545410078997
 21
-0.006602879999997
 31
0.0
  0
LINE
  5
217B
  8
0
 10
-0.6009545410078997
 20
-0.006602879999997
 30
0.0
 11
-0.6011345410078886
 21
-0.0044107799999978
 31
0.0
  0
LINE
  5
217C
  8
0
 10
-0.6011345410078886
 20
-0.0044107799999978
 30
0.0
 11
-0.6012431410079043
 21
-0.0022080599999981
 31
0.0
  0
LINE
  5
217D
  8
0
 10
-0.6012431410079043
 20
-0.0022080599999981
 30
0.0
 11
-0.6012791410078987
 21
0.0
 31
0.0
  0
LINE
  5
217E
  8
0
 10
-0.6012791410078987
 20
0.0
 30
0.0
 11
-0.6013151410078931
 21
-0.0022080599999981
 31
0.0
  0
LINE
  5
217F
  8
0
 10
-0.6013151410078931
 20
-0.0022080599999981
 30
0.0
 11
-0.6014237410078918
 21
-0.0044107799999978
 31
0.0
  0
LINE
  5
2180
  8
0
 10
-0.6014237410078918
 20
-0.0044107799999978
 30
0.0
 11
-0.6016037410078977
 21
-0.006602879999997
 31
0.0
  0
LINE
  5
2181
  8
0
 10
-0.6016037410078977
 20
-0.006602879999997
 30
0.0
 11
-0.6018557410078924
 21
-0.0087790499999954
 31
0.0
  0
LINE
  5
2182
  8
0
 10
-0.6018557410078924
 20
-0.0087790499999954
 30
0.0
 11
-0.6021779410078975
 21
-0.0109341000000029
 31
0.0
  0
LINE
  5
2183
  8
0
 10
-0.5944697410079013
 20
0.0285476999999986
 30
0.0
 11
-0.5935079410078911
 21
0.0302202000000051
 31
0.0
  0
LINE
  5
2184
  8
0
 10
-0.6012431410079043
 20
0.0022080599999981
 30
0.0
 11
-0.6011345410078886
 21
0.0044107800000063
 31
0.0
  0
LINE
  5
2185
  8
0
 10
-0.6011345410078886
 20
0.0044107800000063
 30
0.0
 11
-0.6009545410078997
 21
0.0066028800000055
 31
0.0
  0
LINE
  5
2186
  8
0
 10
-0.6009545410078997
 20
0.0066028800000055
 30
0.0
 11
-0.6007025410079049
 21
0.008779050000004
 31
0.0
  0
LINE
  5
2187
  8
0
 10
-0.6007025410079049
 20
0.008779050000004
 30
0.0
 11
-0.6003803410078998
 21
0.0109341000000029
 31
0.0
  0
LINE
  5
2188
  8
0
 10
-0.6003803410078998
 20
0.0109341000000029
 30
0.0
 11
-0.5999873410079032
 21
0.0130628100000053
 31
0.0
  0
LINE
  5
2189
  8
0
 10
-0.5999873410079032
 20
0.0130628100000053
 30
0.0
 11
-0.5995253410078928
 21
0.0151600500000001
 31
0.0
  0
LINE
  5
218A
  8
0
 10
-0.5995253410078928
 20
0.0151600500000001
 30
0.0
 11
-0.5989955410079003
 21
0.0172207499999985
 31
0.0
  0
LINE
  5
218B
  8
0
 10
-0.5989955410079003
 20
0.0172207499999985
 30
0.0
 11
-0.5983985410078898
 21
0.0192399900000027
 31
0.0
  0
LINE
  5
218C
  8
0
 10
-0.5983985410078898
 20
0.0192399900000027
 30
0.0
 11
-0.5977367410078897
 21
0.0212128500000063
 31
0.0
  0
LINE
  5
218D
  8
0
 10
-0.5977367410078897
 20
0.0212128500000063
 30
0.0
 11
-0.5970107410078979
 21
0.0231346199999991
 31
0.0
  0
LINE
  5
218E
  8
0
 10
-0.5970107410078979
 20
0.0231346199999991
 30
0.0
 11
-0.5962229410078918
 21
0.0250006500000012
 31
0.0
  0
LINE
  5
218F
  8
0
 10
-0.5962229410078918
 20
0.0250006500000012
 30
0.0
 11
-0.5953751410079005
 21
0.0268064700000054
 31
0.0
  0
LINE
  5
2190
  8
0
 10
-0.5953751410079005
 20
0.0268064700000054
 30
0.0
 11
-0.5944697410079013
 21
0.0285476999999986
 31
0.0
  0
LINE
  5
2191
  8
0
 10
-0.6041597410078907
 20
0.0192399900000027
 30
0.0
 11
-0.6035627410078971
 21
0.0172207499999985
 31
0.0
  0
LINE
  5
2192
  8
0
 10
-0.6035627410078971
 20
0.0172207499999985
 30
0.0
 11
-0.6030329410078875
 21
0.0151600500000001
 31
0.0
  0
LINE
  5
2193
  8
0
 10
-0.6030329410078875
 20
0.0151600500000001
 30
0.0
 11
-0.6025709410078945
 21
0.0130628100000053
 31
0.0
  0
LINE
  5
2194
  8
0
 10
-0.6025709410078945
 20
0.0130628100000053
 30
0.0
 11
-0.6021779410078975
 21
0.0109341000000029
 31
0.0
  0
LINE
  5
2195
  8
0
 10
-0.6021779410078975
 20
0.0109341000000029
 30
0.0
 11
-0.6018557410078924
 21
0.008779050000004
 31
0.0
  0
LINE
  5
2196
  8
0
 10
-0.6018557410078924
 20
0.008779050000004
 30
0.0
 11
-0.6016037410078977
 21
0.0066028800000055
 31
0.0
  0
LINE
  5
2197
  8
0
 10
-0.6016037410078977
 20
0.0066028800000055
 30
0.0
 11
-0.6014237410078918
 21
0.0044107800000063
 31
0.0
  0
LINE
  5
2198
  8
0
 10
-0.6014237410078918
 20
0.0044107800000063
 30
0.0
 11
-0.6013151410078931
 21
0.0022080599999981
 31
0.0
  0
LINE
  5
2199
  8
0
 10
-0.5441597410078939
 20
-0.0192399899999941
 30
0.0
 11
-0.5448215410078942
 21
-0.0212128499999977
 31
0.0
  0
LINE
  5
219A
  8
0
 10
-0.5448215410078942
 20
-0.0212128499999977
 30
0.0
 11
-0.545547541007903
 21
-0.023134619999999
 31
0.0
  0
LINE
  5
219B
  8
0
 10
-0.545547541007903
 20
-0.023134619999999
 30
0.0
 11
-0.5463353410078921
 21
-0.0250006500000012
 31
0.0
  0
LINE
  5
219C
  8
0
 10
-0.5480885410078994
 20
-0.0285476999999986
 30
0.0
 11
-0.5490503410078926
 21
-0.0302201999999966
 31
0.0
  0
LINE
  5
219D
  8
0
 10
-0.5463353410078921
 20
-0.0250006500000012
 30
0.0
 11
-0.5471831410079002
 21
-0.0268064699999968
 31
0.0
  0
LINE
  5
219E
  8
0
 10
-0.5471831410079002
 20
-0.0268064699999968
 30
0.0
 11
-0.5480885410078994
 21
-0.0285476999999986
 31
0.0
  0
LINE
  5
219F
  8
0
 10
-0.5534081410078895
 20
-0.0361442999999951
 30
0.0
 11
-0.5546117410079035
 21
-0.0374159999999989
 31
0.0
  0
LINE
  5
21A0
  8
0
 10
-0.5490503410078926
 20
-0.0302201999999966
 30
0.0
 11
-0.5500661410079032
 21
-0.0318197999999995
 31
0.0
  0
LINE
  5
21A1
  8
0
 10
-0.5500661410079032
 20
-0.0318197999999995
 30
0.0
 11
-0.5511323410078886
 21
-0.0333428999999995
 31
0.0
  0
LINE
  5
21A2
  8
0
 10
-0.5511323410078886
 20
-0.0333428999999995
 30
0.0
 11
-0.5522471410079046
 21
-0.0347855999999979
 31
0.0
  0
LINE
  5
21A3
  8
0
 10
-0.5522471410079046
 20
-0.0347855999999979
 30
0.0
 11
-0.5534081410078895
 21
-0.0361442999999951
 31
0.0
  0
LINE
  5
21A4
  8
0
 10
-0.5546117410079035
 20
-0.0374159999999989
 30
0.0
 11
-0.5558561410078992
 21
-0.0385976999999997
 31
0.0
  0
LINE
  5
21A5
  8
0
 10
-0.5558561410078992
 20
-0.0385976999999997
 30
0.0
 11
-0.557137141007905
 21
-0.0396863999999965
 31
0.0
  0
LINE
  5
21A6
  8
0
 10
-0.5654261410079015
 20
-0.0441354000000018
 30
0.0
 11
-0.5668769410079048
 21
-0.0445127999999954
 31
0.0
  0
LINE
  5
21A7
  8
0
 10
-0.5668769410079048
 20
-0.0445127999999954
 30
0.0
 11
-0.5683385410078981
 21
-0.0447833999999943
 31
0.0
  0
LINE
  5
21A8
  8
0
 10
-0.5683385410078981
 20
-0.0447833999999943
 30
0.0
 11
-0.5698073410078904
 21
-0.0449456999999939
 31
0.0
  0
LINE
  5
21A9
  8
0
 10
-0.5698073410078904
 20
-0.0449456999999939
 30
0.0
 11
-0.5712791410078922
 21
-0.0450000000000017
 31
0.0
  0
LINE
  5
21AA
  8
0
 10
-0.5712791410078922
 20
-0.0450000000000017
 30
0.0
 11
-0.5727509410078935
 21
-0.0449456999999939
 31
0.0
  0
LINE
  5
21AB
  8
0
 10
-0.5727509410078935
 20
-0.0449456999999939
 30
0.0
 11
-0.5742197410079029
 21
-0.0447833999999943
 31
0.0
  0
LINE
  5
21AC
  8
0
 10
-0.5742197410079029
 20
-0.0447833999999943
 30
0.0
 11
-0.5756813410078961
 21
-0.0445127999999954
 31
0.0
  0
LINE
  5
21AD
  8
0
 10
-0.5756813410078961
 20
-0.0445127999999954
 30
0.0
 11
-0.5771321410078995
 21
-0.0441354000000018
 31
0.0
  0
LINE
  5
21AE
  8
0
 10
-0.5771321410078995
 20
-0.0441354000000018
 30
0.0
 11
-0.5785685410078881
 21
-0.0436514999999958
 31
0.0
  0
LINE
  5
21AF
  8
0
 10
-0.5584523410078928
 20
-0.0406793999999962
 30
0.0
 11
-0.5597987410079039
 21
-0.0415745999999956
 31
0.0
  0
LINE
  5
21B0
  8
0
 10
-0.5597987410079039
 20
-0.0415745999999956
 30
0.0
 11
-0.5611727410078969
 21
-0.0423696000000007
 31
0.0
  0
LINE
  5
21B1
  8
0
 10
-0.5611727410078969
 20
-0.0423696000000007
 30
0.0
 11
-0.5625707410078971
 21
-0.0430622999999997
 31
0.0
  0
LINE
  5
21B2
  8
0
 10
-0.5625707410078971
 20
-0.0430622999999997
 30
0.0
 11
-0.5639897410078956
 21
-0.0436514999999958
 31
0.0
  0
LINE
  5
21B3
  8
0
 10
-0.5639897410078956
 20
-0.0436514999999958
 30
0.0
 11
-0.5654261410079015
 21
-0.0441354000000018
 31
0.0
  0
LINE
  5
21B4
  8
0
 10
-0.557137141007905
 20
-0.0396863999999965
 30
0.0
 11
-0.5584523410078928
 21
-0.0406793999999962
 31
0.0
  0
LINE
  5
21B5
  8
0
 10
-0.5546117410079035
 20
0.0374159999999989
 30
0.0
 11
-0.5534081410078895
 21
0.0361443000000037
 31
0.0
  0
LINE
  5
21B6
  8
0
 10
-0.5534081410078895
 20
0.0361443000000037
 30
0.0
 11
-0.5522471410079046
 21
0.0347856000000064
 31
0.0
  0
LINE
  5
21B7
  8
0
 10
-0.5522471410079046
 20
0.0347856000000064
 30
0.0
 11
-0.5511323410078886
 21
0.0333428999999995
 31
0.0
  0
LINE
  5
21B8
  8
0
 10
-0.5511323410078886
 20
0.0333428999999995
 30
0.0
 11
-0.5500661410079032
 21
0.0318197999999995
 31
0.0
  0
LINE
  5
21B9
  8
0
 10
-0.5500661410079032
 20
0.0318197999999995
 30
0.0
 11
-0.5490503410078926
 21
0.0302202000000051
 31
0.0
  0
LINE
  5
21BA
  8
0
 10
-0.5712791410078922
 20
0.0450000000000017
 30
0.0
 11
-0.5698073410078904
 21
0.0449457000000024
 31
0.0
  0
LINE
  5
21BB
  8
0
 10
-0.5698073410078904
 20
0.0449457000000024
 30
0.0
 11
-0.5683385410078981
 21
0.0447834000000029
 31
0.0
  0
LINE
  5
21BC
  8
0
 10
-0.5683385410078981
 20
0.0447834000000029
 30
0.0
 11
-0.5668769410079048
 21
0.044512800000004
 31
0.0
  0
LINE
  5
21BD
  8
0
 10
-0.5668769410079048
 20
0.044512800000004
 30
0.0
 11
-0.5654261410079015
 21
0.0441354000000018
 31
0.0
  0
LINE
  5
21BE
  8
0
 10
-0.5785685410078881
 20
0.0436515000000043
 30
0.0
 11
-0.5771321410078995
 21
0.0441354000000018
 31
0.0
  0
LINE
  5
21BF
  8
0
 10
-0.5771321410078995
 20
0.0441354000000018
 30
0.0
 11
-0.5756813410078961
 21
0.044512800000004
 31
0.0
  0
LINE
  5
21C0
  8
0
 10
-0.5756813410078961
 20
0.044512800000004
 30
0.0
 11
-0.5742197410079029
 21
0.0447834000000029
 31
0.0
  0
LINE
  5
21C1
  8
0
 10
-0.5742197410079029
 20
0.0447834000000029
 30
0.0
 11
-0.5727509410078935
 21
0.0449457000000024
 31
0.0
  0
LINE
  5
21C2
  8
0
 10
-0.5727509410078935
 20
0.0449457000000024
 30
0.0
 11
-0.5712791410078922
 21
0.0450000000000017
 31
0.0
  0
LINE
  5
21C3
  8
0
 10
-0.5639897410078956
 20
0.0436515000000043
 30
0.0
 11
-0.5625707410078971
 21
0.0430622999999997
 31
0.0
  0
LINE
  5
21C4
  8
0
 10
-0.5625707410078971
 20
0.0430622999999997
 30
0.0
 11
-0.5611727410078969
 21
0.0423696000000007
 31
0.0
  0
LINE
  5
21C5
  8
0
 10
-0.5611727410078969
 20
0.0423696000000007
 30
0.0
 11
-0.5597987410079039
 21
0.0415746000000041
 31
0.0
  0
LINE
  5
21C6
  8
0
 10
-0.5597987410079039
 20
0.0415746000000041
 30
0.0
 11
-0.5584523410078928
 21
0.0406794000000048
 31
0.0
  0
LINE
  5
21C7
  8
0
 10
-0.5584523410078928
 20
0.0406794000000048
 30
0.0
 11
-0.557137141007905
 21
0.039686400000005
 31
0.0
  0
LINE
  5
21C8
  8
0
 10
-0.557137141007905
 20
0.039686400000005
 30
0.0
 11
-0.5558561410078992
 21
0.0385976999999997
 31
0.0
  0
LINE
  5
21C9
  8
0
 10
-0.5558561410078992
 20
0.0385976999999997
 30
0.0
 11
-0.5546117410079035
 21
0.0374159999999989
 31
0.0
  0
LINE
  5
21CA
  8
0
 10
-0.5654261410079015
 20
0.0441354000000018
 30
0.0
 11
-0.5639897410078956
 21
0.0436515000000043
 31
0.0
  0
LINE
  5
21CB
  8
0
 10
-0.5435627410079005
 20
-0.0172207499999985
 30
0.0
 11
-0.5441597410078939
 21
-0.0192399899999941
 31
0.0
  0
LINE
  5
21CC
  8
0
 10
-0.545547541007903
 20
0.0231346199999991
 30
0.0
 11
-0.5448215410078942
 21
0.0212128500000063
 31
0.0
  0
LINE
  5
21CD
  8
0
 10
-0.5448215410078942
 20
0.0212128500000063
 30
0.0
 11
-0.5441597410078939
 21
0.0192399900000027
 31
0.0
  0
LINE
  5
21CE
  8
0
 10
-0.5441597410078939
 20
0.0192399900000027
 30
0.0
 11
-0.5435627410079005
 21
0.0172207499999985
 31
0.0
  0
LINE
  5
21CF
  8
0
 10
-0.5463353410078921
 20
0.0250006500000012
 30
0.0
 11
-0.545547541007903
 21
0.0231346199999991
 31
0.0
  0
LINE
  5
21D0
  8
0
 10
-0.5490503410078926
 20
0.0302202000000051
 30
0.0
 11
-0.5480885410078994
 21
0.0285476999999986
 31
0.0
  0
LINE
  5
21D1
  8
0
 10
-0.5480885410078994
 20
0.0285476999999986
 30
0.0
 11
-0.5471831410079002
 21
0.0268064700000054
 31
0.0
  0
LINE
  5
21D2
  8
0
 10
-0.5471831410079002
 20
0.0268064700000054
 30
0.0
 11
-0.5463353410078921
 21
0.0250006500000012
 31
0.0
  0
LINE
  5
21D3
  8
0
 10
-0.5785685410078881
 20
-0.0436514999999958
 30
0.0
 11
-0.579987541007904
 21
-0.0430622999999997
 31
0.0
  0
LINE
  5
21D4
  8
0
 10
-0.579987541007904
 20
0.0430622999999997
 30
0.0
 11
-0.5785685410078881
 21
0.0436515000000043
 31
0.0
  0
LINE
  5
21D5
  8
0
 10
-0.6371321410078961
 20
-0.0441354000000018
 30
0.0
 11
-0.638568541007902
 21
-0.0436514999999958
 31
0.0
  0
LINE
  5
21D6
  8
0
 10
-0.638568541007902
 20
0.0436515000000043
 30
0.0
 11
-0.6371321410078961
 21
0.0441354000000018
 31
0.0
  0
LINE
  5
21D7
  8
0
 10
-0.7542196810078961
 20
-0.0447833999999943
 30
0.0
 11
-0.7556810410079035
 21
-0.0445127999999954
 31
0.0
  0
LINE
  5
21D8
  8
0
 10
-0.7556810410079035
 20
0.044512800000004
 30
0.0
 11
-0.7542196810078961
 21
0.0447834000000029
 31
0.0
  0
LINE
  5
21D9
  8
0
 10
-0.7556810410079035
 20
-0.0445127999999954
 30
0.0
 11
-0.7571318410078899
 21
-0.0441354000000018
 31
0.0
  0
LINE
  5
21DA
  8
0
 10
-0.7654210210078927
 20
-0.0396863999999965
 30
0.0
 11
-0.7667022010079049
 21
-0.0385976999999997
 31
0.0
  0
LINE
  5
21DB
  8
0
 10
-0.7667022010079049
 20
-0.0385976999999997
 30
0.0
 11
-0.7679462410079054
 21
-0.0374159999999989
 31
0.0
  0
LINE
  5
21DC
  8
0
 10
-0.7599876610079034
 20
-0.0430622999999997
 30
0.0
 11
-0.7613858410078933
 21
-0.0423696000000007
 31
0.0
  0
LINE
  5
21DD
  8
0
 10
-0.7613858410078933
 20
-0.0423696000000007
 30
0.0
 11
-0.7627596610078965
 21
-0.0415745999999956
 31
0.0
  0
LINE
  5
21DE
  8
0
 10
-0.7627596610078965
 20
-0.0415745999999956
 30
0.0
 11
-0.7641058210079051
 21
-0.0406793999999962
 31
0.0
  0
LINE
  5
21DF
  8
0
 10
-0.7641058210079051
 20
-0.0406793999999962
 30
0.0
 11
-0.7654210210078927
 21
-0.0396863999999965
 31
0.0
  0
LINE
  5
21E0
  8
0
 10
-0.7571318410078899
 20
-0.0441354000000018
 30
0.0
 11
-0.7585685410078951
 21
-0.0436514999999958
 31
0.0
  0
LINE
  5
21E1
  8
0
 10
-0.7585685410078951
 20
-0.0436514999999958
 30
0.0
 11
-0.7599876610079034
 21
-0.0430622999999997
 31
0.0
  0
LINE
  5
21E2
  8
0
 10
-0.7571318410078899
 20
0.0441354000000018
 30
0.0
 11
-0.7556810410079035
 21
0.044512800000004
 31
0.0
  0
LINE
  5
21E3
  8
0
 10
-0.7654210210078927
 20
0.039686400000005
 30
0.0
 11
-0.7641058210079051
 21
0.0406794000000048
 31
0.0
  0
LINE
  5
21E4
  8
0
 10
-0.7641058210079051
 20
0.0406794000000048
 30
0.0
 11
-0.7627596610078965
 21
0.0415746000000041
 31
0.0
  0
LINE
  5
21E5
  8
0
 10
-0.7627596610078965
 20
0.0415746000000041
 30
0.0
 11
-0.7613858410078933
 21
0.0423696000000007
 31
0.0
  0
LINE
  5
21E6
  8
0
 10
-0.7613858410078933
 20
0.0423696000000007
 30
0.0
 11
-0.7599876610079034
 21
0.0430622999999997
 31
0.0
  0
LINE
  5
21E7
  8
0
 10
-0.7679462410079054
 20
0.0374159999999989
 30
0.0
 11
-0.7667022010079049
 21
0.0385976999999997
 31
0.0
  0
LINE
  5
21E8
  8
0
 10
-0.7667022010079049
 20
0.0385976999999997
 30
0.0
 11
-0.7654210210078927
 21
0.039686400000005
 31
0.0
  0
LINE
  5
21E9
  8
0
 10
-0.7585685410078951
 20
0.0436515000000043
 30
0.0
 11
-0.7571318410078899
 21
0.0441354000000018
 31
0.0
  0
LINE
  5
21EA
  8
0
 10
-0.7599876610079034
 20
0.0430622999999997
 30
0.0
 11
-0.7585685410078951
 21
0.0436515000000043
 31
0.0
  0
LINE
  5
21EB
  8
0
 10
-0.7241594410079016
 20
-0.0192399899999941
 30
0.0
 11
-0.7248214810079046
 21
-0.0212128499999977
 31
0.0
  0
LINE
  5
21EC
  8
0
 10
-0.7177368010078963
 20
-0.0212128499999977
 30
0.0
 11
-0.7183988410078995
 21
-0.0192399899999941
 31
0.0
  0
LINE
  5
21ED
  8
0
 10
-0.6971318410078934
 20
-0.0441354000000018
 30
0.0
 11
-0.6985685410078985
 21
-0.0436514999999958
 31
0.0
  0
LINE
  5
21EE
  8
0
 10
-0.7290505810079023
 20
-0.0302201999999966
 30
0.0
 11
-0.7300659610079034
 21
-0.0318197999999995
 31
0.0
  0
LINE
  5
21EF
  8
0
 10
-0.7255473010078899
 20
-0.023134619999999
 30
0.0
 11
-0.7263350410078999
 21
-0.0250006500000012
 31
0.0
  0
LINE
  5
21F0
  8
0
 10
-0.7263350410078999
 20
-0.0250006500000012
 30
0.0
 11
-0.7271829010079043
 21
-0.0268064699999968
 31
0.0
  0
LINE
  5
21F1
  8
0
 10
-0.7271829010079043
 20
-0.0268064699999968
 30
0.0
 11
-0.7280888410079056
 21
-0.0285476999999986
 31
0.0
  0
LINE
  5
21F2
  8
0
 10
-0.7280888410079056
 20
-0.0285476999999986
 30
0.0
 11
-0.7290505810079023
 21
-0.0302201999999966
 31
0.0
  0
LINE
  5
21F3
  8
0
 10
-0.7248214810079046
 20
-0.0212128499999977
 30
0.0
 11
-0.7255473010078899
 21
-0.023134619999999
 31
0.0
  0
LINE
  5
21F4
  8
0
 10
-0.7300659610079034
 20
-0.0318197999999995
 30
0.0
 11
-0.7311324010078917
 21
-0.0333428999999995
 31
0.0
  0
LINE
  5
21F5
  8
0
 10
-0.7311324010078917
 20
-0.0333428999999995
 30
0.0
 11
-0.7322473210079008
 21
-0.0347855999999979
 31
0.0
  0
LINE
  5
21F6
  8
0
 10
-0.7322473210079008
 20
-0.0347855999999979
 30
0.0
 11
-0.7334081410078963
 21
-0.0361442999999951
 31
0.0
  0
LINE
  5
21F7
  8
0
 10
-0.7334081410078963
 20
-0.0361442999999951
 30
0.0
 11
-0.7346120410078924
 21
-0.0374159999999989
 31
0.0
  0
LINE
  5
21F8
  8
0
 10
-0.7346120410078924
 20
-0.0374159999999989
 30
0.0
 11
-0.7358560810078925
 21
-0.0385976999999997
 31
0.0
  0
LINE
  5
21F9
  8
0
 10
-0.5112791410078954
 20
-0.0450000000000017
 30
0.0
 11
-0.1812791410079057
 21
-0.0450000000000017
 31
0.0
  0
LINE
  5
21FA
  8
0
 10
-0.1812791410079057
 20
0.0450000000000017
 30
0.0
 11
-0.5112791410078954
 21
0.0450000000000017
 31
0.0
  0
LINE
  5
21FB
  8
0
 10
-0.4079462410079089
 20
-0.0374159999999989
 30
0.0
 11
-0.4091501410079048
 21
-0.0361442999999951
 31
0.0
  0
LINE
  5
21FC
  8
0
 10
-0.4091501410079048
 20
0.0361443000000037
 30
0.0
 11
-0.4079462410079089
 21
0.0374159999999989
 31
0.0
  0
LINE
  5
21FD
  8
0
 10
-0.5142197410079064
 20
0.0447834000000029
 30
0.0
 11
-0.5127509410078968
 21
0.0449457000000024
 31
0.0
  0
LINE
  5
21FE
  8
0
 10
-0.5127509410078968
 20
-0.0449456999999939
 30
0.0
 11
-0.5142197410079064
 21
-0.0447833999999943
 31
0.0
  0
LINE
  5
21FF
  8
0
 10
-0.537736741007893
 20
-0.0212128499999977
 30
0.0
 11
-0.5383985410078935
 21
-0.0192399899999941
 31
0.0
  0
LINE
  5
2200
  8
0
 10
-0.5362229410078953
 20
-0.0250006500000012
 30
0.0
 11
-0.5370107410079013
 21
-0.023134619999999
 31
0.0
  0
LINE
  5
2201
  8
0
 10
-0.5314259410078988
 20
-0.0333428999999995
 30
0.0
 11
-0.5324921410079014
 21
-0.0318197999999995
 31
0.0
  0
LINE
  5
2202
  8
0
 10
-0.5254211410078993
 20
-0.0396863999999965
 30
0.0
 11
-0.5267021410079052
 21
-0.0385976999999997
 31
0.0
  0
LINE
  5
2203
  8
0
 10
-0.5267021410079052
 20
-0.0385976999999997
 30
0.0
 11
-0.5279465410079012
 21
-0.0374159999999989
 31
0.0
  0
LINE
  5
2204
  8
0
 10
-0.5279465410079012
 20
-0.0374159999999989
 30
0.0
 11
-0.5291501410078979
 21
-0.0361442999999951
 31
0.0
  0
LINE
  5
2205
  8
0
 10
-0.5291501410078979
 20
-0.0361442999999951
 30
0.0
 11
-0.5303111410078996
 21
-0.0347855999999979
 31
0.0
  0
LINE
  5
2206
  8
0
 10
-0.5303111410078996
 20
-0.0347855999999979
 30
0.0
 11
-0.5314259410078988
 21
-0.0333428999999995
 31
0.0
  0
LINE
  5
2207
  8
0
 10
-0.5324921410079014
 20
-0.0318197999999995
 30
0.0
 11
-0.5335079410078945
 21
-0.0302201999999966
 31
0.0
  0
LINE
  5
2208
  8
0
 10
-0.5335079410078945
 20
-0.0302201999999966
 30
0.0
 11
-0.5344697410079046
 21
-0.0285476999999986
 31
0.0
  0
LINE
  5
2209
  8
0
 10
-0.5344697410079046
 20
-0.0285476999999986
 30
0.0
 11
-0.5353751410079041
 21
-0.0268064699999968
 31
0.0
  0
LINE
  5
220A
  8
0
 10
-0.5353751410079041
 20
-0.0268064699999968
 30
0.0
 11
-0.5362229410078953
 21
-0.0250006500000012
 31
0.0
  0
LINE
  5
220B
  8
0
 10
-0.5142197410079064
 20
-0.0447833999999943
 30
0.0
 11
-0.5156813410078998
 21
-0.0445127999999954
 31
0.0
  0
LINE
  5
220C
  8
0
 10
-0.5156813410078998
 20
-0.0445127999999954
 30
0.0
 11
-0.517132141007903
 21
-0.0441354000000018
 31
0.0
  0
LINE
  5
220D
  8
0
 10
-0.517132141007903
 20
-0.0441354000000018
 30
0.0
 11
-0.5185685410078916
 21
-0.0436514999999958
 31
0.0
  0
LINE
  5
220E
  8
0
 10
-0.5185685410078916
 20
-0.0436514999999958
 30
0.0
 11
-0.5199875410079073
 21
-0.0430622999999997
 31
0.0
  0
LINE
  5
220F
  8
0
 10
-0.5199875410079073
 20
-0.0430622999999997
 30
0.0
 11
-0.5213855410079074
 21
-0.0423696000000007
 31
0.0
  0
LINE
  5
2210
  8
0
 10
-0.5213855410079074
 20
-0.0423696000000007
 30
0.0
 11
-0.5227595410079001
 21
-0.0415745999999956
 31
0.0
  0
LINE
  5
2211
  8
0
 10
-0.5227595410079001
 20
-0.0415745999999956
 30
0.0
 11
-0.5241059410078945
 21
-0.0406793999999962
 31
0.0
  0
LINE
  5
2212
  8
0
 10
-0.5241059410078945
 20
-0.0406793999999962
 30
0.0
 11
-0.5254211410078993
 21
-0.0396863999999965
 31
0.0
  0
LINE
  5
2213
  8
0
 10
-0.5370107410079013
 20
-0.023134619999999
 30
0.0
 11
-0.537736741007893
 21
-0.0212128499999977
 31
0.0
  0
LINE
  5
2214
  8
0
 10
-0.5412791410079021
 20
0.0
 30
0.0
 11
-0.5412431410079078
 21
0.0022080599999981
 31
0.0
  0
LINE
  5
2215
  8
0
 10
-0.5407025410078914
 20
-0.0087790499999954
 30
0.0
 11
-0.5409545410079031
 21
-0.006602879999997
 31
0.0
  0
LINE
  5
2216
  8
0
 10
-0.5409545410079031
 20
-0.006602879999997
 30
0.0
 11
-0.5411345410078922
 21
-0.0044107799999978
 31
0.0
  0
LINE
  5
2217
  8
0
 10
-0.5411345410078922
 20
-0.0044107799999978
 30
0.0
 11
-0.5412431410079078
 21
-0.0022080599999981
 31
0.0
  0
LINE
  5
2218
  8
0
 10
-0.5412431410079078
 20
-0.0022080599999981
 30
0.0
 11
-0.5412791410079021
 21
0.0
 31
0.0
  0
LINE
  5
2219
  8
0
 10
-0.5412431410079078
 20
0.0022080599999981
 30
0.0
 11
-0.5411345410078922
 21
0.0044107800000063
 31
0.0
  0
LINE
  5
221A
  8
0
 10
-0.5411345410078922
 20
0.0044107800000063
 30
0.0
 11
-0.5409545410079031
 21
0.0066028800000055
 31
0.0
  0
LINE
  5
221B
  8
0
 10
-0.5409545410079031
 20
0.0066028800000055
 30
0.0
 11
-0.5407025410078914
 21
0.008779050000004
 31
0.0
  0
LINE
  5
221C
  8
0
 10
-0.5403803410079036
 20
-0.0109341000000029
 30
0.0
 11
-0.5407025410078914
 21
-0.0087790499999954
 31
0.0
  0
LINE
  5
221D
  8
0
 10
-0.5407025410078914
 20
0.008779050000004
 30
0.0
 11
-0.5403803410079036
 21
0.0109341000000029
 31
0.0
  0
LINE
  5
221E
  8
0
 10
-0.5399873410078893
 20
-0.0130628099999967
 30
0.0
 11
-0.5403803410079036
 21
-0.0109341000000029
 31
0.0
  0
LINE
  5
221F
  8
0
 10
-0.5383985410078935
 20
-0.0192399899999941
 30
0.0
 11
-0.5389955410079037
 21
-0.0172207499999985
 31
0.0
  0
LINE
  5
2220
  8
0
 10
-0.5389955410079037
 20
-0.0172207499999985
 30
0.0
 11
-0.5395253410078962
 21
-0.0151600500000001
 31
0.0
  0
LINE
  5
2221
  8
0
 10
-0.5395253410078962
 20
-0.0151600500000001
 30
0.0
 11
-0.5399873410078893
 21
-0.0130628099999967
 31
0.0
  0
LINE
  5
2222
  8
0
 10
-0.5403803410079036
 20
0.0109341000000029
 30
0.0
 11
-0.5399873410078893
 21
0.0130628100000053
 31
0.0
  0
LINE
  5
2223
  8
0
 10
-0.5399873410078893
 20
0.0130628100000053
 30
0.0
 11
-0.5395253410078962
 21
0.0151600500000001
 31
0.0
  0
LINE
  5
2224
  8
0
 10
-0.5395253410078962
 20
0.0151600500000001
 30
0.0
 11
-0.5389955410079037
 21
0.0172207499999985
 31
0.0
  0
LINE
  5
2225
  8
0
 10
-0.5389955410079037
 20
0.0172207499999985
 30
0.0
 11
-0.5383985410078935
 21
0.0192399900000027
 31
0.0
  0
LINE
  5
2226
  8
0
 10
-0.5383985410078935
 20
0.0192399900000027
 30
0.0
 11
-0.537736741007893
 21
0.0212128500000063
 31
0.0
  0
LINE
  5
2227
  8
0
 10
-0.5324921410079014
 20
0.0318197999999995
 30
0.0
 11
-0.5314259410078988
 21
0.0333428999999995
 31
0.0
  0
LINE
  5
2228
  8
0
 10
-0.5314259410078988
 20
0.0333428999999995
 30
0.0
 11
-0.5303111410078996
 21
0.0347856000000064
 31
0.0
  0
LINE
  5
2229
  8
0
 10
-0.5303111410078996
 20
0.0347856000000064
 30
0.0
 11
-0.5291501410078979
 21
0.0361443000000037
 31
0.0
  0
LINE
  5
222A
  8
0
 10
-0.5291501410078979
 20
0.0361443000000037
 30
0.0
 11
-0.5279465410079012
 21
0.0374159999999989
 31
0.0
  0
LINE
  5
222B
  8
0
 10
-0.5279465410079012
 20
0.0374159999999989
 30
0.0
 11
-0.5267021410079052
 21
0.0385976999999997
 31
0.0
  0
LINE
  5
222C
  8
0
 10
-0.5267021410079052
 20
0.0385976999999997
 30
0.0
 11
-0.5254211410078993
 21
0.039686400000005
 31
0.0
  0
LINE
  5
222D
  8
0
 10
-0.5254211410078993
 20
0.039686400000005
 30
0.0
 11
-0.5241059410078945
 21
0.0406794000000048
 31
0.0
  0
LINE
  5
222E
  8
0
 10
-0.5241059410078945
 20
0.0406794000000048
 30
0.0
 11
-0.5227595410079001
 21
0.0415746000000041
 31
0.0
  0
LINE
  5
222F
  8
0
 10
-0.5227595410079001
 20
0.0415746000000041
 30
0.0
 11
-0.5213855410079074
 21
0.0423696000000007
 31
0.0
  0
LINE
  5
2230
  8
0
 10
-0.5213855410079074
 20
0.0423696000000007
 30
0.0
 11
-0.5199875410079073
 21
0.0430622999999997
 31
0.0
  0
LINE
  5
2231
  8
0
 10
-0.5199875410079073
 20
0.0430622999999997
 30
0.0
 11
-0.5185685410078916
 21
0.0436515000000043
 31
0.0
  0
LINE
  5
2232
  8
0
 10
-0.5185685410078916
 20
0.0436515000000043
 30
0.0
 11
-0.517132141007903
 21
0.0441354000000018
 31
0.0
  0
LINE
  5
2233
  8
0
 10
-0.517132141007903
 20
0.0441354000000018
 30
0.0
 11
-0.5156813410078998
 21
0.044512800000004
 31
0.0
  0
LINE
  5
2234
  8
0
 10
-0.5156813410078998
 20
0.044512800000004
 30
0.0
 11
-0.5142197410079064
 21
0.0447834000000029
 31
0.0
  0
LINE
  5
2235
  8
0
 10
-0.5335079410078945
 20
0.0302202000000051
 30
0.0
 11
-0.5324921410079014
 21
0.0318197999999995
 31
0.0
  0
LINE
  5
2236
  8
0
 10
-0.5344697410079046
 20
0.0285476999999986
 30
0.0
 11
-0.5335079410078945
 21
0.0302202000000051
 31
0.0
  0
LINE
  5
2237
  8
0
 10
-0.5370107410079013
 20
0.0231346199999991
 30
0.0
 11
-0.5362229410078953
 21
0.0250006500000012
 31
0.0
  0
LINE
  5
2238
  8
0
 10
-0.5362229410078953
 20
0.0250006500000012
 30
0.0
 11
-0.5353751410079041
 21
0.0268064700000054
 31
0.0
  0
LINE
  5
2239
  8
0
 10
-0.5353751410079041
 20
0.0268064700000054
 30
0.0
 11
-0.5344697410079046
 21
0.0285476999999986
 31
0.0
  0
LINE
  5
223A
  8
0
 10
-0.537736741007893
 20
0.0212128500000063
 30
0.0
 11
-0.5370107410079013
 21
0.0231346199999991
 31
0.0
  0
LINE
  5
223B
  8
0
 10
-0.4841597410078977
 20
-0.0192399899999941
 30
0.0
 11
-0.4848215410078977
 21
-0.0212128499999977
 31
0.0
  0
LINE
  5
223C
  8
0
 10
-0.4777367410078967
 20
-0.0212128499999977
 30
0.0
 11
-0.478398541007897
 21
-0.0192399899999941
 31
0.0
  0
LINE
  5
223D
  8
0
 10
-0.4542197410078925
 20
-0.0447833999999943
 30
0.0
 11
-0.455681341007903
 21
-0.0445127999999954
 31
0.0
  0
LINE
  5
223E
  8
0
 10
-0.4871831410079038
 20
-0.0268064699999968
 30
0.0
 11
-0.488088541007903
 21
-0.0285476999999986
 31
0.0
  0
LINE
  5
223F
  8
0
 10
-0.488088541007903
 20
-0.0285476999999986
 30
0.0
 11
-0.4890503410078962
 21
-0.0302201999999966
 31
0.0
  0
LINE
  5
2240
  8
0
 10
-0.4890503410078962
 20
-0.0302201999999966
 30
0.0
 11
-0.4900661410078893
 21
-0.0318197999999995
 31
0.0
  0
LINE
  5
2241
  8
0
 10
-0.4900661410078893
 20
-0.0318197999999995
 30
0.0
 11
-0.4911323410078922
 21
-0.0333428999999995
 31
0.0
  0
LINE
  5
2242
  8
0
 10
-0.4911323410078922
 20
-0.0333428999999995
 30
0.0
 11
-0.4922471410078911
 21
-0.0347855999999979
 31
0.0
  0
LINE
  5
2243
  8
0
 10
-0.4922471410078911
 20
-0.0347855999999979
 30
0.0
 11
-0.4934081410078929
 21
-0.0361442999999951
 31
0.0
  0
LINE
  5
2244
  8
0
 10
-0.4934081410078929
 20
-0.0361442999999951
 30
0.0
 11
-0.4946117410079067
 21
-0.0374159999999989
 31
0.0
  0
LINE
  5
2245
  8
0
 10
-0.4946117410079067
 20
-0.0374159999999989
 30
0.0
 11
-0.4958561410079027
 21
-0.0385976999999997
 31
0.0
  0
LINE
  5
2246
  8
0
 10
-0.4958561410079027
 20
-0.0385976999999997
 30
0.0
 11
-0.4971371410078916
 21
-0.0396863999999965
 31
0.0
  0
LINE
  5
2247
  8
0
 10
-0.4855475410079066
 20
-0.023134619999999
 30
0.0
 11
-0.4863353410078956
 21
-0.0250006500000012
 31
0.0
  0
LINE
  5
2248
  8
0
 10
-0.4848215410078977
 20
-0.0212128499999977
 30
0.0
 11
-0.4855475410079066
 21
-0.023134619999999
 31
0.0
  0
LINE
  5
2249
  8
0
 10
-0.4863353410078956
 20
-0.0250006500000012
 30
0.0
 11
-0.4871831410079038
 21
-0.0268064699999968
 31
0.0
  0
LINE
  5
224A
  8
0
 10
-0.5098073410078939
 20
-0.0449456999999939
 30
0.0
 11
-0.5112791410078954
 21
-0.0450000000000017
 31
0.0
  0
LINE
  5
224B
  8
0
 10
-0.4984523410078963
 20
-0.0406793999999962
 30
0.0
 11
-0.4997987410079073
 21
-0.0415745999999956
 31
0.0
  0
LINE
  5
224C
  8
0
 10
-0.4997987410079073
 20
-0.0415745999999956
 30
0.0
 11
-0.5011727410079001
 21
-0.0423696000000007
 31
0.0
  0
LINE
  5
224D
  8
0
 10
-0.5011727410079001
 20
-0.0423696000000007
 30
0.0
 11
-0.5025707410079005
 21
-0.0430622999999997
 31
0.0
  0
LINE
  5
224E
  8
0
 10
-0.5025707410079005
 20
-0.0430622999999997
 30
0.0
 11
-0.503989741007899
 21
-0.0436514999999958
 31
0.0
  0
LINE
  5
224F
  8
0
 10
-0.503989741007899
 20
-0.0436514999999958
 30
0.0
 11
-0.5054261410079051
 21
-0.0441354000000018
 31
0.0
  0
LINE
  5
2250
  8
0
 10
-0.5054261410079051
 20
-0.0441354000000018
 30
0.0
 11
-0.5068769410078911
 21
-0.0445127999999954
 31
0.0
  0
LINE
  5
2251
  8
0
 10
-0.5068769410078911
 20
-0.0445127999999954
 30
0.0
 11
-0.5083385410079016
 21
-0.0447833999999943
 31
0.0
  0
LINE
  5
2252
  8
0
 10
-0.5083385410079016
 20
-0.0447833999999943
 30
0.0
 11
-0.5098073410078939
 21
-0.0449456999999939
 31
0.0
  0
LINE
  5
2253
  8
0
 10
-0.4971371410078916
 20
-0.0396863999999965
 30
0.0
 11
-0.4984523410078963
 21
-0.0406793999999962
 31
0.0
  0
LINE
  5
2254
  8
0
 10
-0.4762229410078989
 20
-0.0250006500000012
 30
0.0
 11
-0.4770107410079049
 21
-0.023134619999999
 31
0.0
  0
LINE
  5
2255
  8
0
 10
-0.4744697410078912
 20
-0.0285476999999986
 30
0.0
 11
-0.4753751410079074
 21
-0.0268064699999968
 31
0.0
  0
LINE
  5
2256
  8
0
 10
-0.4654211410079026
 20
-0.0396863999999965
 30
0.0
 11
-0.4667021410078915
 21
-0.0385976999999997
 31
0.0
  0
LINE
  5
2257
  8
0
 10
-0.4667021410078915
 20
-0.0385976999999997
 30
0.0
 11
-0.4679465410079044
 21
-0.0374159999999989
 31
0.0
  0
LINE
  5
2258
  8
0
 10
-0.4679465410079044
 20
-0.0374159999999989
 30
0.0
 11
-0.4691501410079013
 21
-0.0361442999999951
 31
0.0
  0
LINE
  5
2259
  8
0
 10
-0.4691501410079013
 20
-0.0361442999999951
 30
0.0
 11
-0.470311141007903
 21
-0.0347855999999979
 31
0.0
  0
LINE
  5
225A
  8
0
 10
-0.470311141007903
 20
-0.0347855999999979
 30
0.0
 11
-0.4714259410079024
 21
-0.0333428999999995
 31
0.0
  0
LINE
  5
225B
  8
0
 10
-0.4714259410079024
 20
-0.0333428999999995
 30
0.0
 11
-0.4724921410079047
 21
-0.0318197999999995
 31
0.0
  0
LINE
  5
225C
  8
0
 10
-0.4724921410079047
 20
-0.0318197999999995
 30
0.0
 11
-0.4735079410078983
 21
-0.0302201999999966
 31
0.0
  0
LINE
  5
225D
  8
0
 10
-0.4735079410078983
 20
-0.0302201999999966
 30
0.0
 11
-0.4744697410078912
 21
-0.0285476999999986
 31
0.0
  0
LINE
  5
225E
  8
0
 10
-0.4753751410079074
 20
-0.0268064699999968
 30
0.0
 11
-0.4762229410078989
 21
-0.0250006500000012
 31
0.0
  0
LINE
  5
225F
  8
0
 10
-0.4770107410079049
 20
-0.023134619999999
 30
0.0
 11
-0.4777367410078967
 21
-0.0212128499999977
 31
0.0
  0
LINE
  5
2260
  8
0
 10
-0.455681341007903
 20
-0.0445127999999954
 30
0.0
 11
-0.4571321410079066
 21
-0.0441354000000018
 31
0.0
  0
LINE
  5
2261
  8
0
 10
-0.4571321410079066
 20
-0.0441354000000018
 30
0.0
 11
-0.4585685410078951
 21
-0.0436514999999958
 31
0.0
  0
LINE
  5
2262
  8
0
 10
-0.4585685410078951
 20
-0.0436514999999958
 30
0.0
 11
-0.4599875410078936
 21
-0.0430622999999997
 31
0.0
  0
LINE
  5
2263
  8
0
 10
-0.4599875410078936
 20
-0.0430622999999997
 30
0.0
 11
-0.4613855410078939
 21
-0.0423696000000007
 31
0.0
  0
LINE
  5
2264
  8
0
 10
-0.4613855410078939
 20
-0.0423696000000007
 30
0.0
 11
-0.4627595410079037
 21
-0.0415745999999956
 31
0.0
  0
LINE
  5
2265
  8
0
 10
-0.4627595410079037
 20
-0.0415745999999956
 30
0.0
 11
-0.4641059410078979
 21
-0.0406793999999962
 31
0.0
  0
LINE
  5
2266
  8
0
 10
-0.4641059410078979
 20
-0.0406793999999962
 30
0.0
 11
-0.4654211410079026
 21
-0.0396863999999965
 31
0.0
  0
LINE
  5
2267
  8
0
 10
-0.455681341007903
 20
0.044512800000004
 30
0.0
 11
-0.4542197410078925
 21
0.0447834000000029
 31
0.0
  0
LINE
  5
2268
  8
0
 10
-0.5011727410079001
 20
0.0423696000000007
 30
0.0
 11
-0.4997987410079073
 21
0.0415746000000041
 31
0.0
  0
LINE
  5
2269
  8
0
 10
-0.4997987410079073
 20
0.0415746000000041
 30
0.0
 11
-0.4984523410078963
 21
0.0406794000000048
 31
0.0
  0
LINE
  5
226A
  8
0
 10
-0.4984523410078963
 20
0.0406794000000048
 30
0.0
 11
-0.4971371410078916
 21
0.039686400000005
 31
0.0
  0
LINE
  5
226B
  8
0
 10
-0.4971371410078916
 20
0.039686400000005
 30
0.0
 11
-0.4958561410079027
 21
0.0385976999999997
 31
0.0
  0
LINE
  5
226C
  8
0
 10
-0.4958561410079027
 20
0.0385976999999997
 30
0.0
 11
-0.4946117410079067
 21
0.0374159999999989
 31
0.0
  0
LINE
  5
226D
  8
0
 10
-0.4946117410079067
 20
0.0374159999999989
 30
0.0
 11
-0.4934081410078929
 21
0.0361443000000037
 31
0.0
  0
LINE
  5
226E
  8
0
 10
-0.4934081410078929
 20
0.0361443000000037
 30
0.0
 11
-0.4922471410078911
 21
0.0347856000000064
 31
0.0
  0
LINE
  5
226F
  8
0
 10
-0.4922471410078911
 20
0.0347856000000064
 30
0.0
 11
-0.4911323410078922
 21
0.0333428999999995
 31
0.0
  0
LINE
  5
2270
  8
0
 10
-0.4911323410078922
 20
0.0333428999999995
 30
0.0
 11
-0.4900661410078893
 21
0.0318197999999995
 31
0.0
  0
LINE
  5
2271
  8
0
 10
-0.4900661410078893
 20
0.0318197999999995
 30
0.0
 11
-0.4890503410078962
 21
0.0302202000000051
 31
0.0
  0
LINE
  5
2272
  8
0
 10
-0.5098073410078939
 20
0.0449457000000024
 30
0.0
 11
-0.5083385410079016
 21
0.0447834000000029
 31
0.0
  0
LINE
  5
2273
  8
0
 10
-0.4863353410078956
 20
0.0250006500000012
 30
0.0
 11
-0.4855475410079066
 21
0.0231346199999991
 31
0.0
  0
LINE
  5
2274
  8
0
 10
-0.4855475410079066
 20
0.0231346199999991
 30
0.0
 11
-0.4848215410078977
 21
0.0212128500000063
 31
0.0
  0
LINE
  5
2275
  8
0
 10
-0.4848215410078977
 20
0.0212128500000063
 30
0.0
 11
-0.4841597410078977
 21
0.0192399900000027
 31
0.0
  0
LINE
  5
2276
  8
0
 10
-0.4841597410078977
 20
0.0192399900000027
 30
0.0
 11
-0.483562741007904
 21
0.0172207499999985
 31
0.0
  0
LINE
  5
2277
  8
0
 10
-0.483562741007904
 20
0.0172207499999985
 30
0.0
 11
-0.4830329410078945
 21
0.0151600500000001
 31
0.0
  0
LINE
  5
2278
  8
0
 10
-0.4830329410078945
 20
0.0151600500000001
 30
0.0
 11
-0.4825709410079014
 21
0.0130628100000053
 31
0.0
  0
LINE
  5
2279
  8
0
 10
-0.4825709410079014
 20
0.0130628100000053
 30
0.0
 11
-0.4821779410079044
 21
0.0109341000000029
 31
0.0
  0
LINE
  5
227A
  8
0
 10
-0.4821779410079044
 20
0.0109341000000029
 30
0.0
 11
-0.4818557410078994
 21
0.008779050000004
 31
0.0
  0
LINE
  5
227B
  8
0
 10
-0.4818557410078994
 20
0.008779050000004
 30
0.0
 11
-0.4816037410079047
 21
0.0066028800000055
 31
0.0
  0
LINE
  5
227C
  8
0
 10
-0.4816037410079047
 20
0.0066028800000055
 30
0.0
 11
-0.4814237410078988
 21
0.0044107800000063
 31
0.0
  0
LINE
  5
227D
  8
0
 10
-0.4814237410078988
 20
0.0044107800000063
 30
0.0
 11
-0.4813151410078999
 21
0.0022080599999981
 31
0.0
  0
LINE
  5
227E
  8
0
 10
-0.4812431410078943
 20
0.0022080599999981
 30
0.0
 11
-0.4811345410078954
 21
0.0044107800000063
 31
0.0
  0
LINE
  5
227F
  8
0
 10
-0.4811345410078954
 20
0.0044107800000063
 30
0.0
 11
-0.4809545410079064
 21
0.0066028800000055
 31
0.0
  0
LINE
  5
2280
  8
0
 10
-0.4809545410079064
 20
0.0066028800000055
 30
0.0
 11
-0.4807025410078948
 21
0.008779050000004
 31
0.0
  0
LINE
  5
2281
  8
0
 10
-0.4807025410078948
 20
0.008779050000004
 30
0.0
 11
-0.4803803410079068
 21
0.0109341000000029
 31
0.0
  0
LINE
  5
2282
  8
0
 10
-0.4803803410079068
 20
0.0109341000000029
 30
0.0
 11
-0.4799873410078929
 21
0.0130628100000053
 31
0.0
  0
LINE
  5
2283
  8
0
 10
-0.4799873410078929
 20
0.0130628100000053
 30
0.0
 11
-0.4795253410078997
 21
0.0151600500000001
 31
0.0
  0
LINE
  5
2284
  8
0
 10
-0.4795253410078997
 20
0.0151600500000001
 30
0.0
 11
-0.4789955410079071
 21
0.0172207499999985
 31
0.0
  0
LINE
  5
2285
  8
0
 10
-0.4871831410079038
 20
0.0268064700000054
 30
0.0
 11
-0.4863353410078956
 21
0.0250006500000012
 31
0.0
  0
LINE
  5
2286
  8
0
 10
-0.4813151410078999
 20
0.0022080599999981
 30
0.0
 11
-0.4812791410079056
 21
0.0
 31
0.0
  0
LINE
  5
2287
  8
0
 10
-0.4812791410079056
 20
0.0
 30
0.0
 11
-0.4812431410078943
 21
0.0022080599999981
 31
0.0
  0
LINE
  5
2288
  8
0
 10
-0.4821779410079044
 20
-0.0109341000000029
 30
0.0
 11
-0.4825709410079014
 21
-0.0130628099999967
 31
0.0
  0
LINE
  5
2289
  8
0
 10
-0.4799873410078929
 20
-0.0130628099999967
 30
0.0
 11
-0.4803803410079068
 21
-0.0109341000000029
 31
0.0
  0
LINE
  5
228A
  8
0
 10
-0.4825709410079014
 20
-0.0130628099999967
 30
0.0
 11
-0.4830329410078945
 21
-0.0151600500000001
 31
0.0
  0
LINE
  5
228B
  8
0
 10
-0.4830329410078945
 20
-0.0151600500000001
 30
0.0
 11
-0.483562741007904
 21
-0.0172207499999985
 31
0.0
  0
LINE
  5
228C
  8
0
 10
-0.483562741007904
 20
-0.0172207499999985
 30
0.0
 11
-0.4841597410078977
 21
-0.0192399899999941
 31
0.0
  0
LINE
  5
228D
  8
0
 10
-0.4789955410079071
 20
-0.0172207499999985
 30
0.0
 11
-0.4795253410078997
 21
-0.0151600500000001
 31
0.0
  0
LINE
  5
228E
  8
0
 10
-0.4795253410078997
 20
-0.0151600500000001
 30
0.0
 11
-0.4799873410078929
 21
-0.0130628099999967
 31
0.0
  0
LINE
  5
228F
  8
0
 10
-0.4812791410079056
 20
0.0
 30
0.0
 11
-0.4813151410078999
 21
-0.0022080599999981
 31
0.0
  0
LINE
  5
2290
  8
0
 10
-0.4813151410078999
 20
-0.0022080599999981
 30
0.0
 11
-0.4814237410078988
 21
-0.0044107799999978
 31
0.0
  0
LINE
  5
2291
  8
0
 10
-0.4814237410078988
 20
-0.0044107799999978
 30
0.0
 11
-0.4816037410079047
 21
-0.006602879999997
 31
0.0
  0
LINE
  5
2292
  8
0
 10
-0.4816037410079047
 20
-0.006602879999997
 30
0.0
 11
-0.4818557410078994
 21
-0.0087790499999954
 31
0.0
  0
LINE
  5
2293
  8
0
 10
-0.4818557410078994
 20
-0.0087790499999954
 30
0.0
 11
-0.4821779410079044
 21
-0.0109341000000029
 31
0.0
  0
LINE
  5
2294
  8
0
 10
-0.4803803410079068
 20
-0.0109341000000029
 30
0.0
 11
-0.4807025410078948
 21
-0.0087790499999954
 31
0.0
  0
LINE
  5
2295
  8
0
 10
-0.4807025410078948
 20
-0.0087790499999954
 30
0.0
 11
-0.4809545410079064
 21
-0.006602879999997
 31
0.0
  0
LINE
  5
2296
  8
0
 10
-0.4809545410079064
 20
-0.006602879999997
 30
0.0
 11
-0.4811345410078954
 21
-0.0044107799999978
 31
0.0
  0
LINE
  5
2297
  8
0
 10
-0.4811345410078954
 20
-0.0044107799999978
 30
0.0
 11
-0.4812431410078943
 21
-0.0022080599999981
 31
0.0
  0
LINE
  5
2298
  8
0
 10
-0.4812431410078943
 20
-0.0022080599999981
 30
0.0
 11
-0.4812791410079056
 21
0.0
 31
0.0
  0
LINE
  5
2299
  8
0
 10
-0.4890503410078962
 20
0.0302202000000051
 30
0.0
 11
-0.488088541007903
 21
0.0285476999999986
 31
0.0
  0
LINE
  5
229A
  8
0
 10
-0.5112791410078954
 20
0.0450000000000017
 30
0.0
 11
-0.5098073410078939
 21
0.0449457000000024
 31
0.0
  0
LINE
  5
229B
  8
0
 10
-0.5083385410079016
 20
0.0447834000000029
 30
0.0
 11
-0.5068769410078911
 21
0.044512800000004
 31
0.0
  0
LINE
  5
229C
  8
0
 10
-0.5068769410078911
 20
0.044512800000004
 30
0.0
 11
-0.5054261410079051
 21
0.0441354000000018
 31
0.0
  0
LINE
  5
229D
  8
0
 10
-0.5054261410079051
 20
0.0441354000000018
 30
0.0
 11
-0.503989741007899
 21
0.0436515000000043
 31
0.0
  0
LINE
  5
229E
  8
0
 10
-0.503989741007899
 20
0.0436515000000043
 30
0.0
 11
-0.5025707410079005
 21
0.0430622999999997
 31
0.0
  0
LINE
  5
229F
  8
0
 10
-0.5025707410079005
 20
0.0430622999999997
 30
0.0
 11
-0.5011727410079001
 21
0.0423696000000007
 31
0.0
  0
LINE
  5
22A0
  8
0
 10
-0.4744697410078912
 20
0.0285476999999986
 30
0.0
 11
-0.4735079410078983
 21
0.0302202000000051
 31
0.0
  0
LINE
  5
22A1
  8
0
 10
-0.4753751410079074
 20
0.0268064700000054
 30
0.0
 11
-0.4744697410078912
 21
0.0285476999999986
 31
0.0
  0
LINE
  5
22A2
  8
0
 10
-0.478398541007897
 20
0.0192399900000027
 30
0.0
 11
-0.4777367410078967
 21
0.0212128500000063
 31
0.0
  0
LINE
  5
22A3
  8
0
 10
-0.4777367410078967
 20
0.0212128500000063
 30
0.0
 11
-0.4770107410079049
 21
0.0231346199999991
 31
0.0
  0
LINE
  5
22A4
  8
0
 10
-0.4770107410079049
 20
0.0231346199999991
 30
0.0
 11
-0.4762229410078989
 21
0.0250006500000012
 31
0.0
  0
LINE
  5
22A5
  8
0
 10
-0.4762229410078989
 20
0.0250006500000012
 30
0.0
 11
-0.4753751410079074
 21
0.0268064700000054
 31
0.0
  0
LINE
  5
22A6
  8
0
 10
-0.4735079410078983
 20
0.0302202000000051
 30
0.0
 11
-0.4724921410079047
 21
0.0318197999999995
 31
0.0
  0
LINE
  5
22A7
  8
0
 10
-0.4724921410079047
 20
0.0318197999999995
 30
0.0
 11
-0.4714259410079024
 21
0.0333428999999995
 31
0.0
  0
LINE
  5
22A8
  8
0
 10
-0.4714259410079024
 20
0.0333428999999995
 30
0.0
 11
-0.470311141007903
 21
0.0347856000000064
 31
0.0
  0
LINE
  5
22A9
  8
0
 10
-0.470311141007903
 20
0.0347856000000064
 30
0.0
 11
-0.4691501410079013
 21
0.0361443000000037
 31
0.0
  0
LINE
  5
22AA
  8
0
 10
-0.4691501410079013
 20
0.0361443000000037
 30
0.0
 11
-0.4679465410079044
 21
0.0374159999999989
 31
0.0
  0
LINE
  5
22AB
  8
0
 10
-0.4679465410079044
 20
0.0374159999999989
 30
0.0
 11
-0.4667021410078915
 21
0.0385976999999997
 31
0.0
  0
LINE
  5
22AC
  8
0
 10
-0.4667021410078915
 20
0.0385976999999997
 30
0.0
 11
-0.4654211410079026
 21
0.039686400000005
 31
0.0
  0
LINE
  5
22AD
  8
0
 10
-0.4654211410079026
 20
0.039686400000005
 30
0.0
 11
-0.4641059410078979
 21
0.0406794000000048
 31
0.0
  0
LINE
  5
22AE
  8
0
 10
-0.4641059410078979
 20
0.0406794000000048
 30
0.0
 11
-0.4627595410079037
 21
0.0415746000000041
 31
0.0
  0
LINE
  5
22AF
  8
0
 10
-0.4627595410079037
 20
0.0415746000000041
 30
0.0
 11
-0.4613855410078939
 21
0.0423696000000007
 31
0.0
  0
LINE
  5
22B0
  8
0
 10
-0.4613855410078939
 20
0.0423696000000007
 30
0.0
 11
-0.4599875410078936
 21
0.0430622999999997
 31
0.0
  0
LINE
  5
22B1
  8
0
 10
-0.4599875410078936
 20
0.0430622999999997
 30
0.0
 11
-0.4585685410078951
 21
0.0436515000000043
 31
0.0
  0
LINE
  5
22B2
  8
0
 10
-0.4585685410078951
 20
0.0436515000000043
 30
0.0
 11
-0.4571321410079066
 21
0.0441354000000018
 31
0.0
  0
LINE
  5
22B3
  8
0
 10
-0.4571321410079066
 20
0.0441354000000018
 30
0.0
 11
-0.455681341007903
 21
0.044512800000004
 31
0.0
  0
LINE
  5
22B4
  8
0
 10
-0.4789955410079071
 20
0.0172207499999985
 30
0.0
 11
-0.478398541007897
 21
0.0192399900000027
 31
0.0
  0
LINE
  5
22B5
  8
0
 10
-0.478398541007897
 20
-0.0192399899999941
 30
0.0
 11
-0.4789955410079071
 21
-0.0172207499999985
 31
0.0
  0
LINE
  5
22B6
  8
0
 10
-0.4512791410078986
 20
-0.0450000000000017
 30
0.0
 11
-0.4527509410079004
 21
-0.0449456999999939
 31
0.0
  0
LINE
  5
22B7
  8
0
 10
-0.4300661410078929
 20
-0.0318197999999995
 30
0.0
 11
-0.4311323410078954
 21
-0.0333428999999995
 31
0.0
  0
LINE
  5
22B8
  8
0
 10
-0.4311323410078954
 20
-0.0333428999999995
 30
0.0
 11
-0.4322471410078946
 21
-0.0347855999999979
 31
0.0
  0
LINE
  5
22B9
  8
0
 10
-0.4322471410078946
 20
-0.0347855999999979
 30
0.0
 11
-0.4334081410078963
 21
-0.0361442999999951
 31
0.0
  0
LINE
  5
22BA
  8
0
 10
-0.4334081410078963
 20
-0.0361442999999951
 30
0.0
 11
-0.434611741007893
 21
-0.0374159999999989
 31
0.0
  0
LINE
  5
22BB
  8
0
 10
-0.434611741007893
 20
-0.0374159999999989
 30
0.0
 11
-0.4358561410079063
 21
-0.0385976999999997
 31
0.0
  0
LINE
  5
22BC
  8
0
 10
-0.4358561410079063
 20
-0.0385976999999997
 30
0.0
 11
-0.4371371410078949
 21
-0.0396863999999965
 31
0.0
  0
LINE
  5
22BD
  8
0
 10
-0.4384523410078998
 20
-0.0406793999999962
 30
0.0
 11
-0.4397987410078938
 21
-0.0415745999999956
 31
0.0
  0
LINE
  5
22BE
  8
0
 10
-0.4411727410079039
 20
-0.0423696000000007
 30
0.0
 11
-0.4425707410079041
 21
-0.0430622999999997
 31
0.0
  0
LINE
  5
22BF
  8
0
 10
-0.4397987410078938
 20
-0.0415745999999956
 30
0.0
 11
-0.4411727410079039
 21
-0.0423696000000007
 31
0.0
  0
LINE
  5
22C0
  8
0
 10
-0.4425707410079041
 20
-0.0430622999999997
 30
0.0
 11
-0.4439897410079026
 21
-0.0436514999999958
 31
0.0
  0
LINE
  5
22C1
  8
0
 10
-0.4439897410079026
 20
-0.0436514999999958
 30
0.0
 11
-0.4454261410078912
 21
-0.0441354000000018
 31
0.0
  0
LINE
  5
22C2
  8
0
 10
-0.4454261410078912
 20
-0.0441354000000018
 30
0.0
 11
-0.4468769410078947
 21
-0.0445127999999954
 31
0.0
  0
LINE
  5
22C3
  8
0
 10
-0.4468769410078947
 20
-0.0445127999999954
 30
0.0
 11
-0.448338541007905
 21
-0.0447833999999943
 31
0.0
  0
LINE
  5
22C4
  8
0
 10
-0.448338541007905
 20
-0.0447833999999943
 30
0.0
 11
-0.4498073410078973
 21
-0.0449456999999939
 31
0.0
  0
LINE
  5
22C5
  8
0
 10
-0.4498073410078973
 20
-0.0449456999999939
 30
0.0
 11
-0.4512791410078986
 21
-0.0450000000000017
 31
0.0
  0
LINE
  5
22C6
  8
0
 10
-0.4371371410078949
 20
-0.0396863999999965
 30
0.0
 11
-0.4384523410078998
 21
-0.0406793999999962
 31
0.0
  0
LINE
  5
22C7
  8
0
 10
-0.4527509410079004
 20
0.0449457000000024
 30
0.0
 11
-0.4512791410078986
 21
0.0450000000000017
 31
0.0
  0
LINE
  5
22C8
  8
0
 10
-0.4397987410078938
 20
0.0415746000000041
 30
0.0
 11
-0.4384523410078998
 21
0.0406794000000048
 31
0.0
  0
LINE
  5
22C9
  8
0
 10
-0.4384523410078998
 20
0.0406794000000048
 30
0.0
 11
-0.4371371410078949
 21
0.039686400000005
 31
0.0
  0
LINE
  5
22CA
  8
0
 10
-0.4371371410078949
 20
0.039686400000005
 30
0.0
 11
-0.4358561410079063
 21
0.0385976999999997
 31
0.0
  0
LINE
  5
22CB
  8
0
 10
-0.4358561410079063
 20
0.0385976999999997
 30
0.0
 11
-0.434611741007893
 21
0.0374159999999989
 31
0.0
  0
LINE
  5
22CC
  8
0
 10
-0.434611741007893
 20
0.0374159999999989
 30
0.0
 11
-0.4334081410078963
 21
0.0361443000000037
 31
0.0
  0
LINE
  5
22CD
  8
0
 10
-0.4334081410078963
 20
0.0361443000000037
 30
0.0
 11
-0.4322471410078946
 21
0.0347856000000064
 31
0.0
  0
LINE
  5
22CE
  8
0
 10
-0.4322471410078946
 20
0.0347856000000064
 30
0.0
 11
-0.4311323410078954
 21
0.0333428999999995
 31
0.0
  0
LINE
  5
22CF
  8
0
 10
-0.4311323410078954
 20
0.0333428999999995
 30
0.0
 11
-0.4300661410078929
 21
0.0318197999999995
 31
0.0
  0
LINE
  5
22D0
  8
0
 10
-0.4425707410079041
 20
0.0430622999999997
 30
0.0
 11
-0.4411727410079039
 21
0.0423696000000007
 31
0.0
  0
LINE
  5
22D1
  8
0
 10
-0.4411727410079039
 20
0.0423696000000007
 30
0.0
 11
-0.4397987410078938
 21
0.0415746000000041
 31
0.0
  0
LINE
  5
22D2
  8
0
 10
-0.4512791410078986
 20
0.0450000000000017
 30
0.0
 11
-0.4498073410078973
 21
0.0449457000000024
 31
0.0
  0
LINE
  5
22D3
  8
0
 10
-0.4498073410078973
 20
0.0449457000000024
 30
0.0
 11
-0.448338541007905
 21
0.0447834000000029
 31
0.0
  0
LINE
  5
22D4
  8
0
 10
-0.448338541007905
 20
0.0447834000000029
 30
0.0
 11
-0.4468769410078947
 21
0.044512800000004
 31
0.0
  0
LINE
  5
22D5
  8
0
 10
-0.4468769410078947
 20
0.044512800000004
 30
0.0
 11
-0.4454261410078912
 21
0.0441354000000018
 31
0.0
  0
LINE
  5
22D6
  8
0
 10
-0.4454261410078912
 20
0.0441354000000018
 30
0.0
 11
-0.4439897410079026
 21
0.0436515000000043
 31
0.0
  0
LINE
  5
22D7
  8
0
 10
-0.4439897410079026
 20
0.0436515000000043
 30
0.0
 11
-0.4425707410079041
 21
0.0430622999999997
 31
0.0
  0
LINE
  5
22D8
  8
0
 10
-0.4527509410079004
 20
-0.0449456999999939
 30
0.0
 11
-0.4542197410078925
 21
-0.0447833999999943
 31
0.0
  0
LINE
  5
22D9
  8
0
 10
-0.4542197410078925
 20
0.0447834000000029
 30
0.0
 11
-0.4527509410079004
 21
0.0449457000000024
 31
0.0
  0
LINE
  5
22DA
  8
0
 10
-0.5112791410078954
 20
0.0450000000000017
 30
0.0
 11
-0.5412791410079021
 21
0.0450000000000017
 31
0.0
  0
LINE
  5
22DB
  8
0
 10
-0.5412791410079021
 20
-0.0450000000000017
 30
0.0
 11
-0.5112791410078954
 21
-0.0450000000000017
 31
0.0
  0
LINE
  5
22DC
  8
0
 10
-0.5112791410078954
 20
-0.0450000000000017
 30
0.0
 11
-0.5127509410078968
 21
-0.0449456999999939
 31
0.0
  0
LINE
  5
22DD
  8
0
 10
-0.5127509410078968
 20
0.0449457000000024
 30
0.0
 11
-0.5112791410078954
 21
0.0450000000000017
 31
0.0
  0
LINE
  5
22DE
  8
0
 10
-0.488088541007903
 20
0.0285476999999986
 30
0.0
 11
-0.4795253410078997
 21
0.0151600500000001
 31
0.0
  0
LINE
  5
22DF
  8
0
 10
-0.4290503410078996
 20
-0.0302201999999966
 30
0.0
 11
-0.4300661410078929
 21
-0.0318197999999995
 31
0.0
  0
LINE
  5
22E0
  8
0
 10
-0.4300661410078929
 20
0.0318197999999995
 30
0.0
 11
-0.4290503410078996
 21
0.0302202000000051
 31
0.0
  0
LINE
  5
22E1
  8
0
 10
-0.4241597410079009
 20
-0.0192399899999941
 30
0.0
 11
-0.4248215410079012
 21
-0.0212128499999977
 31
0.0
  0
LINE
  5
22E2
  8
0
 10
-0.4177368010078964
 20
-0.0212128499999977
 30
0.0
 11
-0.4183988410078995
 21
-0.0192399899999941
 31
0.0
  0
LINE
  5
22E3
  8
0
 10
-0.4255475410078929
 20
-0.023134619999999
 30
0.0
 11
-0.4263353410078991
 21
-0.0250006500000012
 31
0.0
  0
LINE
  5
22E4
  8
0
 10
-0.4263353410078991
 20
-0.0250006500000012
 30
0.0
 11
-0.4271831410079069
 21
-0.0268064699999968
 31
0.0
  0
LINE
  5
22E5
  8
0
 10
-0.4271831410079069
 20
-0.0268064699999968
 30
0.0
 11
-0.4280885410079064
 21
-0.0285476999999986
 31
0.0
  0
LINE
  5
22E6
  8
0
 10
-0.4280885410079064
 20
-0.0285476999999986
 30
0.0
 11
-0.4290503410078996
 21
-0.0302201999999966
 31
0.0
  0
LINE
  5
22E7
  8
0
 10
-0.4248215410079012
 20
-0.0212128499999977
 30
0.0
 11
-0.4255475410078929
 21
-0.023134619999999
 31
0.0
  0
LINE
  5
22E8
  8
0
 10
-0.4162232410079013
 20
-0.0250006500000012
 30
0.0
 11
-0.417010981007894
 21
-0.023134619999999
 31
0.0
  0
LINE
  5
22E9
  8
0
 10
-0.4091501410079048
 20
-0.0361442999999951
 30
0.0
 11
-0.4103109610079001
 21
-0.0347855999999979
 31
0.0
  0
LINE
  5
22EA
  8
0
 10
-0.4103109610079001
 20
-0.0347855999999979
 30
0.0
 11
-0.4114258810079093
 21
-0.0333428999999995
 31
0.0
  0
LINE
  5
22EB
  8
0
 10
-0.4114258810079093
 20
-0.0333428999999995
 30
0.0
 11
-0.4124923210078976
 21
-0.0318197999999995
 31
0.0
  0
LINE
  5
22EC
  8
0
 10
-0.4124923210078976
 20
-0.0318197999999995
 30
0.0
 11
-0.4135077010078986
 21
-0.0302201999999966
 31
0.0
  0
LINE
  5
22ED
  8
0
 10
-0.4135077010078986
 20
-0.0302201999999966
 30
0.0
 11
-0.4144694410078956
 21
-0.0285476999999986
 31
0.0
  0
LINE
  5
22EE
  8
0
 10
-0.4144694410078956
 20
-0.0285476999999986
 30
0.0
 11
-0.4153753810078968
 21
-0.0268064699999968
 31
0.0
  0
LINE
  5
22EF
  8
0
 10
-0.4153753810078968
 20
-0.0268064699999968
 30
0.0
 11
-0.4162232410079013
 21
-0.0250006500000012
 31
0.0
  0
LINE
  5
22F0
  8
0
 10
-0.417010981007894
 20
-0.023134619999999
 30
0.0
 11
-0.4177368010078964
 21
-0.0212128499999977
 31
0.0
  0
LINE
  5
22F1
  8
0
 10
-0.4199873410078964
 20
-0.0130628099999967
 30
0.0
 11
-0.4203801010079075
 21
-0.0109341000000029
 31
0.0
  0
LINE
  5
22F2
  8
0
 10
-0.4203801010079075
 20
0.0109341000000029
 30
0.0
 11
-0.4199873410078964
 21
0.0130628100000053
 31
0.0
  0
LINE
  5
22F3
  8
0
 10
-0.4212791410078922
 20
0.0
 30
0.0
 11
-0.4212430210079048
 21
0.0022080599999981
 31
0.0
  0
LINE
  5
22F4
  8
0
 10
-0.4213151410079036
 20
0.0022080599999981
 30
0.0
 11
-0.4212791410078922
 21
0.0
 31
0.0
  0
LINE
  5
22F5
  8
0
 10
-0.4221779410079079
 20
-0.0109341000000029
 30
0.0
 11
-0.4225709410079049
 21
-0.0130628099999967
 31
0.0
  0
LINE
  5
22F6
  8
0
 10
-0.4225709410079049
 20
-0.0130628099999967
 30
0.0
 11
-0.4230329410078979
 21
-0.0151600500000001
 31
0.0
  0
LINE
  5
22F7
  8
0
 10
-0.4230329410078979
 20
-0.0151600500000001
 30
0.0
 11
-0.4235627410079075
 21
-0.0172207499999985
 31
0.0
  0
LINE
  5
22F8
  8
0
 10
-0.4235627410079075
 20
-0.0172207499999985
 30
0.0
 11
-0.4241597410079009
 21
-0.0192399899999941
 31
0.0
  0
LINE
  5
22F9
  8
0
 10
-0.4203801010079075
 20
-0.0109341000000029
 30
0.0
 11
-0.4207027210079047
 21
-0.0087790499999954
 31
0.0
  0
LINE
  5
22FA
  8
0
 10
-0.4207027210079047
 20
-0.0087790499999954
 30
0.0
 11
-0.4209544210079001
 21
-0.006602879999997
 31
0.0
  0
LINE
  5
22FB
  8
0
 10
-0.4209544210079001
 20
-0.006602879999997
 30
0.0
 11
-0.4211346610078919
 21
-0.0044107799999978
 31
0.0
  0
LINE
  5
22FC
  8
0
 10
-0.4211346610078919
 20
-0.0044107799999978
 30
0.0
 11
-0.4212430210079048
 21
-0.0022080599999981
 31
0.0
  0
LINE
  5
22FD
  8
0
 10
-0.4212430210079048
 20
-0.0022080599999981
 30
0.0
 11
-0.4212791410078922
 21
0.0
 31
0.0
  0
LINE
  5
22FE
  8
0
 10
-0.4212791410078922
 20
0.0
 30
0.0
 11
-0.4213151410079036
 21
-0.0022080599999981
 31
0.0
  0
LINE
  5
22FF
  8
0
 10
-0.4213151410079036
 20
-0.0022080599999981
 30
0.0
 11
-0.4214237410079022
 21
-0.0044107799999978
 31
0.0
  0
LINE
  5
2300
  8
0
 10
-0.4214237410079022
 20
-0.0044107799999978
 30
0.0
 11
-0.4216037410078912
 21
-0.006602879999997
 31
0.0
  0
LINE
  5
2301
  8
0
 10
-0.4216037410078912
 20
-0.006602879999997
 30
0.0
 11
-0.4218557410079029
 21
-0.0087790499999954
 31
0.0
  0
LINE
  5
2302
  8
0
 10
-0.4218557410079029
 20
-0.0087790499999954
 30
0.0
 11
-0.4221779410079079
 21
-0.0109341000000029
 31
0.0
  0
LINE
  5
2303
  8
0
 10
-0.4290503410078996
 20
0.0302202000000051
 30
0.0
 11
-0.4280885410079064
 21
0.0285476999999986
 31
0.0
  0
LINE
  5
2304
  8
0
 10
-0.4212430210079048
 20
0.0022080599999981
 30
0.0
 11
-0.4211346610078919
 21
0.0044107800000063
 31
0.0
  0
LINE
  5
2305
  8
0
 10
-0.4211346610078919
 20
0.0044107800000063
 30
0.0
 11
-0.4209544210079001
 21
0.0066028800000055
 31
0.0
  0
LINE
  5
2306
  8
0
 10
-0.4209544210079001
 20
0.0066028800000055
 30
0.0
 11
-0.4207027210079047
 21
0.008779050000004
 31
0.0
  0
LINE
  5
2307
  8
0
 10
-0.4207027210079047
 20
0.008779050000004
 30
0.0
 11
-0.4203801010079075
 21
0.0109341000000029
 31
0.0
  0
LINE
  5
2308
  8
0
 10
-0.4280885410079064
 20
0.0285476999999986
 30
0.0
 11
-0.4271831410079069
 21
0.0268064700000054
 31
0.0
  0
LINE
  5
2309
  8
0
 10
-0.4271831410079069
 20
0.0268064700000054
 30
0.0
 11
-0.4263353410078991
 21
0.0250006500000012
 31
0.0
  0
LINE
  5
230A
  8
0
 10
-0.4263353410078991
 20
0.0250006500000012
 30
0.0
 11
-0.4255475410078929
 21
0.0231346199999991
 31
0.0
  0
LINE
  5
230B
  8
0
 10
-0.4255475410078929
 20
0.0231346199999991
 30
0.0
 11
-0.4248215410079012
 21
0.0212128500000063
 31
0.0
  0
LINE
  5
230C
  8
0
 10
-0.4248215410079012
 20
0.0212128500000063
 30
0.0
 11
-0.4241597410079009
 21
0.0192399900000027
 31
0.0
  0
LINE
  5
230D
  8
0
 10
-0.4241597410079009
 20
0.0192399900000027
 30
0.0
 11
-0.4235627410079075
 21
0.0172207499999985
 31
0.0
  0
LINE
  5
230E
  8
0
 10
-0.4235627410079075
 20
0.0172207499999985
 30
0.0
 11
-0.4230329410078979
 21
0.0151600500000001
 31
0.0
  0
LINE
  5
230F
  8
0
 10
-0.4230329410078979
 20
0.0151600500000001
 30
0.0
 11
-0.4225709410079049
 21
0.0130628100000053
 31
0.0
  0
LINE
  5
2310
  8
0
 10
-0.4225709410079049
 20
0.0130628100000053
 30
0.0
 11
-0.4221779410079079
 21
0.0109341000000029
 31
0.0
  0
LINE
  5
2311
  8
0
 10
-0.4221779410079079
 20
0.0109341000000029
 30
0.0
 11
-0.4218557410079029
 21
0.008779050000004
 31
0.0
  0
LINE
  5
2312
  8
0
 10
-0.4218557410079029
 20
0.008779050000004
 30
0.0
 11
-0.4216037410078912
 21
0.0066028800000055
 31
0.0
  0
LINE
  5
2313
  8
0
 10
-0.4216037410078912
 20
0.0066028800000055
 30
0.0
 11
-0.4214237410079022
 21
0.0044107800000063
 31
0.0
  0
LINE
  5
2314
  8
0
 10
-0.4214237410079022
 20
0.0044107800000063
 30
0.0
 11
-0.4213151410079036
 21
0.0022080599999981
 31
0.0
  0
LINE
  5
2315
  8
0
 10
-0.4183988410078995
 20
-0.0192399899999941
 30
0.0
 11
-0.4189955410078938
 21
-0.0172207499999985
 31
0.0
  0
LINE
  5
2316
  8
0
 10
-0.4189955410078938
 20
-0.0172207499999985
 30
0.0
 11
-0.4195254610078961
 21
-0.0151600500000001
 31
0.0
  0
LINE
  5
2317
  8
0
 10
-0.4195254610078961
 20
-0.0151600500000001
 30
0.0
 11
-0.4199873410078964
 21
-0.0130628099999967
 31
0.0
  0
LINE
  5
2318
  8
0
 10
-0.4144694410078956
 20
0.0285476999999986
 30
0.0
 11
-0.4135077010078986
 21
0.0302202000000051
 31
0.0
  0
LINE
  5
2319
  8
0
 10
-0.4199873410078964
 20
0.0130628100000053
 30
0.0
 11
-0.4195254610078961
 21
0.0151600500000001
 31
0.0
  0
LINE
  5
231A
  8
0
 10
-0.4195254610078961
 20
0.0151600500000001
 30
0.0
 11
-0.4189955410078938
 21
0.0172207499999985
 31
0.0
  0
LINE
  5
231B
  8
0
 10
-0.4189955410078938
 20
0.0172207499999985
 30
0.0
 11
-0.4183988410078995
 21
0.0192399900000027
 31
0.0
  0
LINE
  5
231C
  8
0
 10
-0.4183988410078995
 20
0.0192399900000027
 30
0.0
 11
-0.4177368010078964
 21
0.0212128500000063
 31
0.0
  0
LINE
  5
231D
  8
0
 10
-0.4177368010078964
 20
0.0212128500000063
 30
0.0
 11
-0.417010981007894
 21
0.0231346199999991
 31
0.0
  0
LINE
  5
231E
  8
0
 10
-0.417010981007894
 20
0.0231346199999991
 30
0.0
 11
-0.4162232410079013
 21
0.0250006500000012
 31
0.0
  0
LINE
  5
231F
  8
0
 10
-0.4162232410079013
 20
0.0250006500000012
 30
0.0
 11
-0.4153753810078968
 21
0.0268064700000054
 31
0.0
  0
LINE
  5
2320
  8
0
 10
-0.4153753810078968
 20
0.0268064700000054
 30
0.0
 11
-0.4144694410078956
 21
0.0285476999999986
 31
0.0
  0
LINE
  5
2321
  8
0
 10
-0.4135077010078986
 20
0.0302202000000051
 30
0.0
 11
-0.4124923210078976
 21
0.0318197999999995
 31
0.0
  0
LINE
  5
2322
  8
0
 10
-0.4124923210078976
 20
0.0318197999999995
 30
0.0
 11
-0.4114258810079093
 21
0.0333428999999995
 31
0.0
  0
LINE
  5
2323
  8
0
 10
-0.4114258810079093
 20
0.0333428999999995
 30
0.0
 11
-0.4103109610079001
 21
0.0347856000000064
 31
0.0
  0
LINE
  5
2324
  8
0
 10
-0.4103109610079001
 20
0.0347856000000064
 30
0.0
 11
-0.4091501410079048
 21
0.0361443000000037
 31
0.0
  0
LINE
  5
2325
  8
0
 10
-0.3758560810078961
 20
-0.0385976999999997
 30
0.0
 11
-0.3771372610078912
 21
-0.0396863999999965
 31
0.0
  0
LINE
  5
2326
  8
0
 10
-0.378452461007896
 20
-0.0406793999999962
 30
0.0
 11
-0.3797986210079045
 21
-0.0415745999999956
 31
0.0
  0
LINE
  5
2327
  8
0
 10
-0.3797986210079045
 20
-0.0415745999999956
 30
0.0
 11
-0.3811724410079079
 21
-0.0423696000000007
 31
0.0
  0
LINE
  5
2328
  8
0
 10
-0.3811724410079079
 20
-0.0423696000000007
 30
0.0
 11
-0.3825706210078976
 21
-0.0430622999999997
 31
0.0
  0
LINE
  5
2329
  8
0
 10
-0.3825706210078976
 20
-0.0430622999999997
 30
0.0
 11
-0.3839897410079061
 21
-0.0436514999999958
 31
0.0
  0
LINE
  5
232A
  8
0
 10
-0.3839897410079061
 20
-0.0436514999999958
 30
0.0
 11
-0.3854264410078939
 21
-0.0441354000000018
 31
0.0
  0
LINE
  5
232B
  8
0
 10
-0.3854264410078939
 20
-0.0441354000000018
 30
0.0
 11
-0.3868772410078974
 21
-0.0445127999999954
 31
0.0
  0
LINE
  5
232C
  8
0
 10
-0.3868772410078974
 20
-0.0445127999999954
 30
0.0
 11
-0.3883386010079049
 21
-0.0447833999999943
 31
0.0
  0
LINE
  5
232D
  8
0
 10
-0.3883386010079049
 20
-0.0447833999999943
 30
0.0
 11
-0.3898071010078978
 21
-0.0449456999999939
 31
0.0
  0
LINE
  5
232E
  8
0
 10
-0.3898071010078978
 20
-0.0449456999999939
 30
0.0
 11
-0.3912791410079023
 21
-0.0450000000000017
 31
0.0
  0
LINE
  5
232F
  8
0
 10
-0.3912791410079023
 20
-0.0450000000000017
 30
0.0
 11
-0.3927511810079067
 21
-0.0449456999999939
 31
0.0
  0
LINE
  5
2330
  8
0
 10
-0.3927511810079067
 20
-0.0449456999999939
 30
0.0
 11
-0.3942196810078996
 21
-0.0447833999999943
 31
0.0
  0
LINE
  5
2331
  8
0
 10
-0.3771372610078912
 20
-0.0396863999999965
 30
0.0
 11
-0.378452461007896
 21
-0.0406793999999962
 31
0.0
  0
LINE
  5
2332
  8
0
 10
-0.3562232410079047
 20
-0.0250006500000012
 30
0.0
 11
-0.3570109810078974
 21
-0.023134619999999
 31
0.0
  0
LINE
  5
2333
  8
0
 10
-0.3514258810078956
 20
-0.0333428999999995
 30
0.0
 11
-0.3524923210079009
 21
-0.0318197999999995
 31
0.0
  0
LINE
  5
2334
  8
0
 10
-0.3454210210078997
 20
-0.0396863999999965
 30
0.0
 11
-0.3467022010078948
 21
-0.0385976999999997
 31
0.0
  0
LINE
  5
2335
  8
0
 10
-0.3467022010078948
 20
-0.0385976999999997
 30
0.0
 11
-0.3479462410078952
 21
-0.0374159999999989
 31
0.0
  0
LINE
  5
2336
  8
0
 10
-0.3479462410078952
 20
-0.0374159999999989
 30
0.0
 11
-0.3491501410079081
 21
-0.0361442999999951
 31
0.0
  0
LINE
  5
2337
  8
0
 10
-0.3491501410079081
 20
-0.0361442999999951
 30
0.0
 11
-0.3503109610079036
 21
-0.0347855999999979
 31
0.0
  0
LINE
  5
2338
  8
0
 10
-0.3503109610079036
 20
-0.0347855999999979
 30
0.0
 11
-0.3514258810078956
 21
-0.0333428999999995
 31
0.0
  0
LINE
  5
2339
  8
0
 10
-0.3524923210079009
 20
-0.0318197999999995
 30
0.0
 11
-0.353507701007902
 21
-0.0302201999999966
 31
0.0
  0
LINE
  5
233A
  8
0
 10
-0.353507701007902
 20
-0.0302201999999966
 30
0.0
 11
-0.3544694410078989
 21
-0.0285476999999986
 31
0.0
  0
LINE
  5
233B
  8
0
 10
-0.3544694410078989
 20
-0.0285476999999986
 30
0.0
 11
-0.3553753810079001
 21
-0.0268064699999968
 31
0.0
  0
LINE
  5
233C
  8
0
 10
-0.3553753810079001
 20
-0.0268064699999968
 30
0.0
 11
-0.3562232410079047
 21
-0.0250006500000012
 31
0.0
  0
LINE
  5
233D
  8
0
 10
-0.3570109810078974
 20
-0.023134619999999
 30
0.0
 11
-0.3577368010078998
 21
-0.0212128499999977
 31
0.0
  0
LINE
  5
233E
  8
0
 10
-0.338568541007902
 20
-0.0436514999999958
 30
0.0
 11
-0.3399876610078933
 21
-0.0430622999999997
 31
0.0
  0
LINE
  5
233F
  8
0
 10
-0.3399876610078933
 20
-0.0430622999999997
 30
0.0
 11
-0.3413858410079001
 21
-0.0423696000000007
 31
0.0
  0
LINE
  5
2340
  8
0
 10
-0.3413858410079001
 20
-0.0423696000000007
 30
0.0
 11
-0.3427596610079035
 21
-0.0415745999999956
 31
0.0
  0
LINE
  5
2341
  8
0
 10
-0.3427596610079035
 20
-0.0415745999999956
 30
0.0
 11
-0.3441058210078949
 21
-0.0406793999999962
 31
0.0
  0
LINE
  5
2342
  8
0
 10
-0.3441058210078949
 20
-0.0406793999999962
 30
0.0
 11
-0.3454210210078997
 21
-0.0396863999999965
 31
0.0
  0
LINE
  5
2343
  8
0
 10
-0.338568541007902
 20
0.0436515000000043
 30
0.0
 11
-0.3371318410078969
 21
0.0441354000000018
 31
0.0
  0
LINE
  5
2344
  8
0
 10
-0.3648214810079082
 20
0.0212128500000063
 30
0.0
 11
-0.3641594410079051
 21
0.0192399900000027
 31
0.0
  0
LINE
  5
2345
  8
0
 10
-0.3621781810078971
 20
-0.0109341000000029
 30
0.0
 11
-0.3625709410079082
 21
-0.0130628099999967
 31
0.0
  0
LINE
  5
2346
  8
0
 10
-0.3625709410079082
 20
-0.0130628099999967
 30
0.0
 11
-0.3630328210078914
 21
-0.0151600500000001
 31
0.0
  0
LINE
  5
2347
  8
0
 10
-0.3630328210078914
 20
-0.0151600500000001
 30
0.0
 11
-0.3635627410078939
 21
-0.0172207499999985
 31
0.0
  0
LINE
  5
2348
  8
0
 10
-0.3635627410078939
 20
-0.0172207499999985
 30
0.0
 11
-0.3641594410079051
 21
-0.0192399899999941
 31
0.0
  0
LINE
  5
2349
  8
0
 10
-0.3618555610078999
 20
-0.0087790499999954
 30
0.0
 11
-0.3621781810078971
 21
-0.0109341000000029
 31
0.0
  0
LINE
  5
234A
  8
0
 10
-0.3641594410079051
 20
0.0192399900000027
 30
0.0
 11
-0.3635627410078939
 21
0.0172207499999985
 31
0.0
  0
LINE
  5
234B
  8
0
 10
-0.3635627410078939
 20
0.0172207499999985
 30
0.0
 11
-0.3630328210078914
 21
0.0151600500000001
 31
0.0
  0
LINE
  5
234C
  8
0
 10
-0.3630328210078914
 20
0.0151600500000001
 30
0.0
 11
-0.3625709410079082
 21
0.0130628100000053
 31
0.0
  0
LINE
  5
234D
  8
0
 10
-0.3625709410079082
 20
0.0130628100000053
 30
0.0
 11
-0.3621781810078971
 21
0.0109341000000029
 31
0.0
  0
LINE
  5
234E
  8
0
 10
-0.3621781810078971
 20
0.0109341000000029
 30
0.0
 11
-0.3618555610078999
 21
0.008779050000004
 31
0.0
  0
LINE
  5
234F
  8
0
 10
-0.3690505810079059
 20
0.0302202000000051
 30
0.0
 11
-0.3680888410079091
 21
0.0285476999999986
 31
0.0
  0
LINE
  5
2350
  8
0
 10
-0.3680888410079091
 20
0.0285476999999986
 30
0.0
 11
-0.3671829010079079
 21
0.0268064700000054
 31
0.0
  0
LINE
  5
2351
  8
0
 10
-0.3671829010079079
 20
0.0268064700000054
 30
0.0
 11
-0.3663350410079032
 21
0.0250006500000012
 31
0.0
  0
LINE
  5
2352
  8
0
 10
-0.3663350410079032
 20
0.0250006500000012
 30
0.0
 11
-0.3655473010078935
 21
0.0231346199999991
 31
0.0
  0
LINE
  5
2353
  8
0
 10
-0.3655473010078935
 20
0.0231346199999991
 30
0.0
 11
-0.3648214810079082
 21
0.0212128500000063
 31
0.0
  0
LINE
  5
2354
  8
0
 10
-0.3700659610079071
 20
0.0318197999999995
 30
0.0
 11
-0.3690505810079059
 21
0.0302202000000051
 31
0.0
  0
LINE
  5
2355
  8
0
 10
-0.3912791410079023
 20
0.0450000000000017
 30
0.0
 11
-0.3898071010078978
 21
0.0449457000000024
 31
0.0
  0
LINE
  5
2356
  8
0
 10
-0.3898071010078978
 20
0.0449457000000024
 30
0.0
 11
-0.3883386010079049
 21
0.0447834000000029
 31
0.0
  0
LINE
  5
2357
  8
0
 10
-0.3883386010079049
 20
0.0447834000000029
 30
0.0
 11
-0.3868772410078974
 21
0.044512800000004
 31
0.0
  0
LINE
  5
2358
  8
0
 10
-0.3868772410078974
 20
0.044512800000004
 30
0.0
 11
-0.3854264410078939
 21
0.0441354000000018
 31
0.0
  0
LINE
  5
2359
  8
0
 10
-0.3854264410078939
 20
0.0441354000000018
 30
0.0
 11
-0.3839897410079061
 21
0.0436515000000043
 31
0.0
  0
LINE
  5
235A
  8
0
 10
-0.3839897410079061
 20
0.0436515000000043
 30
0.0
 11
-0.3825706210078976
 21
0.0430622999999997
 31
0.0
  0
LINE
  5
235B
  8
0
 10
-0.3825706210078976
 20
0.0430622999999997
 30
0.0
 11
-0.3811724410079079
 21
0.0423696000000007
 31
0.0
  0
LINE
  5
235C
  8
0
 10
-0.3811724410079079
 20
0.0423696000000007
 30
0.0
 11
-0.3797986210079045
 21
0.0415746000000041
 31
0.0
  0
LINE
  5
235D
  8
0
 10
-0.3797986210079045
 20
0.0415746000000041
 30
0.0
 11
-0.378452461007896
 21
0.0406794000000048
 31
0.0
  0
LINE
  5
235E
  8
0
 10
-0.378452461007896
 20
0.0406794000000048
 30
0.0
 11
-0.3771372610078912
 21
0.039686400000005
 31
0.0
  0
LINE
  5
235F
  8
0
 10
-0.3771372610078912
 20
0.039686400000005
 30
0.0
 11
-0.3758560810078961
 21
0.0385976999999997
 31
0.0
  0
LINE
  5
2360
  8
0
 10
-0.3758560810078961
 20
0.0385976999999997
 30
0.0
 11
-0.3746120410078958
 21
0.0374159999999989
 31
0.0
  0
LINE
  5
2361
  8
0
 10
-0.3746120410078958
 20
0.0374159999999989
 30
0.0
 11
-0.3734081410078999
 21
0.0361443000000037
 31
0.0
  0
LINE
  5
2362
  8
0
 10
-0.3734081410078999
 20
0.0361443000000037
 30
0.0
 11
-0.3722473210079044
 21
0.0347856000000064
 31
0.0
  0
LINE
  5
2363
  8
0
 10
-0.3722473210079044
 20
0.0347856000000064
 30
0.0
 11
-0.3711324010078953
 21
0.0333428999999995
 31
0.0
  0
LINE
  5
2364
  8
0
 10
-0.3711324010078953
 20
0.0333428999999995
 30
0.0
 11
-0.3700659610079071
 21
0.0318197999999995
 31
0.0
  0
LINE
  5
2365
  8
0
 10
-0.3942196810078996
 20
0.0447834000000029
 30
0.0
 11
-0.3927511810079067
 21
0.0449457000000024
 31
0.0
  0
LINE
  5
2366
  8
0
 10
-0.3927511810079067
 20
0.0449457000000024
 30
0.0
 11
-0.3912791410079023
 21
0.0450000000000017
 31
0.0
  0
LINE
  5
2367
  8
0
 10
-0.3613152610078998
 20
0.0022080599999981
 30
0.0
 11
-0.3612791410078955
 21
0.0
 31
0.0
  0
LINE
  5
2368
  8
0
 10
-0.3612791410078955
 20
0.0
 30
0.0
 11
-0.3612430210079083
 21
0.0022080599999981
 31
0.0
  0
LINE
  5
2369
  8
0
 10
-0.3599873410078999
 20
-0.0130628099999967
 30
0.0
 11
-0.3603801010078938
 21
-0.0109341000000029
 31
0.0
  0
LINE
  5
236A
  8
0
 10
-0.3583988410079029
 20
-0.0192399899999941
 30
0.0
 11
-0.3589955410078971
 21
-0.0172207499999985
 31
0.0
  0
LINE
  5
236B
  8
0
 10
-0.3589955410078971
 20
-0.0172207499999985
 30
0.0
 11
-0.3595254610078995
 21
-0.0151600500000001
 31
0.0
  0
LINE
  5
236C
  8
0
 10
-0.3595254610078995
 20
-0.0151600500000001
 30
0.0
 11
-0.3599873410078999
 21
-0.0130628099999967
 31
0.0
  0
LINE
  5
236D
  8
0
 10
-0.3612791410078955
 20
0.0
 30
0.0
 11
-0.3613152610078998
 21
-0.0022080599999981
 31
0.0
  0
LINE
  5
236E
  8
0
 10
-0.3613152610078998
 20
-0.0022080599999981
 30
0.0
 11
-0.3614236210078956
 21
-0.0044107799999978
 31
0.0
  0
LINE
  5
236F
  8
0
 10
-0.3614236210078956
 20
-0.0044107799999978
 30
0.0
 11
-0.3616038610079044
 21
-0.006602879999997
 31
0.0
  0
LINE
  5
2370
  8
0
 10
-0.3603801010078938
 20
-0.0109341000000029
 30
0.0
 11
-0.3607027210079081
 21
-0.0087790499999954
 31
0.0
  0
LINE
  5
2371
  8
0
 10
-0.3607027210079081
 20
-0.0087790499999954
 30
0.0
 11
-0.3609544210079036
 21
-0.006602879999997
 31
0.0
  0
LINE
  5
2372
  8
0
 10
-0.3609544210079036
 20
-0.006602879999997
 30
0.0
 11
-0.3611346610078953
 21
-0.0044107799999978
 31
0.0
  0
LINE
  5
2373
  8
0
 10
-0.1812791410079057
 20
-0.0450000000000017
 30
0.0
 11
-0.1812791410079057
 21
0.0450000000000017
 31
0.0
  0
LINE
  5
2374
  8
0
 10
-0.1813151410079001
 20
0.0022080599999981
 30
0.0
 11
-0.1812791410079057
 21
0.0
 31
0.0
  0
LINE
  5
2375
  8
0
 10
-0.1821779410079045
 20
-0.0109341000000029
 30
0.0
 11
-0.1825709410079014
 21
-0.0130628099999967
 31
0.0
  0
LINE
  5
2376
  8
0
 10
-0.1825709410079014
 20
-0.0130628099999967
 30
0.0
 11
-0.1830329410078945
 21
-0.0151600500000001
 31
0.0
  0
LINE
  5
2377
  8
0
 10
-0.1812791410079057
 20
0.0
 30
0.0
 11
-0.1813151410079001
 21
-0.0022080599999981
 31
0.0
  0
LINE
  5
2378
  8
0
 10
-0.1813151410079001
 20
-0.0022080599999981
 30
0.0
 11
-0.1814237410078987
 21
-0.0044107799999978
 31
0.0
  0
LINE
  5
2379
  8
0
 10
-0.1814237410078987
 20
-0.0044107799999978
 30
0.0
 11
-0.1816037410079047
 21
-0.006602879999997
 31
0.0
  0
LINE
  5
237A
  8
0
 10
-0.1816037410079047
 20
-0.006602879999997
 30
0.0
 11
-0.1818557410078994
 21
-0.0087790499999954
 31
0.0
  0
LINE
  5
237B
  8
0
 10
-0.1818557410078994
 20
-0.0087790499999954
 30
0.0
 11
-0.1821779410079045
 21
-0.0109341000000029
 31
0.0
  0
LINE
  5
237C
  8
0
 10
-0.1830329410078945
 20
0.0151600500000001
 30
0.0
 11
-0.1825709410079014
 21
0.0130628100000053
 31
0.0
  0
LINE
  5
237D
  8
0
 10
-0.1825709410079014
 20
0.0130628100000053
 30
0.0
 11
-0.1821779410079045
 21
0.0109341000000029
 31
0.0
  0
LINE
  5
237E
  8
0
 10
-0.1821779410079045
 20
0.0109341000000029
 30
0.0
 11
-0.1818557410078994
 21
0.008779050000004
 31
0.0
  0
LINE
  5
237F
  8
0
 10
-0.1818557410078994
 20
0.008779050000004
 30
0.0
 11
-0.1816037410079047
 21
0.0066028800000055
 31
0.0
  0
LINE
  5
2380
  8
0
 10
-0.1816037410079047
 20
0.0066028800000055
 30
0.0
 11
-0.1814237410078987
 21
0.0044107800000063
 31
0.0
  0
LINE
  5
2381
  8
0
 10
-0.1814237410078987
 20
0.0044107800000063
 30
0.0
 11
-0.1813151410079001
 21
0.0022080599999981
 31
0.0
  0
LINE
  5
2382
  8
0
 10
-0.1830329410078945
 20
-0.0151600500000001
 30
0.0
 11
-0.1835627410079041
 21
-0.0172207499999985
 31
0.0
  0
LINE
  5
2383
  8
0
 10
-0.1835627410079041
 20
0.0172207499999985
 30
0.0
 11
-0.1830329410078945
 21
0.0151600500000001
 31
0.0
  0
LINE
  5
2384
  8
0
 10
-0.3611346610078953
 20
-0.0044107799999978
 30
0.0
 11
-0.3612430210079083
 21
-0.0022080599999981
 31
0.0
  0
LINE
  5
2385
  8
0
 10
-0.3612430210079083
 20
-0.0022080599999981
 30
0.0
 11
-0.3612791410078955
 21
0.0
 31
0.0
  0
LINE
  5
2386
  8
0
 10
-0.3544694410078989
 20
0.0285476999999986
 30
0.0
 11
-0.353507701007902
 21
0.0302202000000051
 31
0.0
  0
LINE
  5
2387
  8
0
 10
-0.3616038610079044
 20
0.0066028800000055
 30
0.0
 11
-0.3614236210078956
 21
0.0044107800000063
 31
0.0
  0
LINE
  5
2388
  8
0
 10
-0.3614236210078956
 20
0.0044107800000063
 30
0.0
 11
-0.3613152610078998
 21
0.0022080599999981
 31
0.0
  0
LINE
  5
2389
  8
0
 10
-0.3612430210079083
 20
0.0022080599999981
 30
0.0
 11
-0.3611346610078953
 21
0.0044107800000063
 31
0.0
  0
LINE
  5
238A
  8
0
 10
-0.3611346610078953
 20
0.0044107800000063
 30
0.0
 11
-0.3609544210079036
 21
0.0066028800000055
 31
0.0
  0
LINE
  5
238B
  8
0
 10
-0.3609544210079036
 20
0.0066028800000055
 30
0.0
 11
-0.3607027210079081
 21
0.008779050000004
 31
0.0
  0
LINE
  5
238C
  8
0
 10
-0.3607027210079081
 20
0.008779050000004
 30
0.0
 11
-0.3603801010078938
 21
0.0109341000000029
 31
0.0
  0
LINE
  5
238D
  8
0
 10
-0.3603801010078938
 20
0.0109341000000029
 30
0.0
 11
-0.3599873410078999
 21
0.0130628100000053
 31
0.0
  0
LINE
  5
238E
  8
0
 10
-0.3599873410078999
 20
0.0130628100000053
 30
0.0
 11
-0.3595254610078995
 21
0.0151600500000001
 31
0.0
  0
LINE
  5
238F
  8
0
 10
-0.3595254610078995
 20
0.0151600500000001
 30
0.0
 11
-0.3589955410078971
 21
0.0172207499999985
 31
0.0
  0
LINE
  5
2390
  8
0
 10
-0.3589955410078971
 20
0.0172207499999985
 30
0.0
 11
-0.3583988410079029
 21
0.0192399900000027
 31
0.0
  0
LINE
  5
2391
  8
0
 10
-0.3583988410079029
 20
0.0192399900000027
 30
0.0
 11
-0.3577368010078998
 21
0.0212128500000063
 31
0.0
  0
LINE
  5
2392
  8
0
 10
-0.3577368010078998
 20
0.0212128500000063
 30
0.0
 11
-0.3570109810078974
 21
0.0231346199999991
 31
0.0
  0
LINE
  5
2393
  8
0
 10
-0.3562232410079047
 20
0.0250006500000012
 30
0.0
 11
-0.3553753810079001
 21
0.0268064700000054
 31
0.0
  0
LINE
  5
2394
  8
0
 10
-0.3553753810079001
 20
0.0268064700000054
 30
0.0
 11
-0.3544694410078989
 21
0.0285476999999986
 31
0.0
  0
LINE
  5
2395
  8
0
 10
-0.3570109810078974
 20
0.0231346199999991
 30
0.0
 11
-0.3562232410079047
 21
0.0250006500000012
 31
0.0
  0
LINE
  5
2396
  8
0
 10
-0.3524923210079009
 20
0.0318197999999995
 30
0.0
 11
-0.3514258810078956
 21
0.0333428999999995
 31
0.0
  0
LINE
  5
2397
  8
0
 10
-0.3514258810078956
 20
0.0333428999999995
 30
0.0
 11
-0.3503109610079036
 21
0.0347856000000064
 31
0.0
  0
LINE
  5
2398
  8
0
 10
-0.3503109610079036
 20
0.0347856000000064
 30
0.0
 11
-0.3491501410079081
 21
0.0361443000000037
 31
0.0
  0
LINE
  5
2399
  8
0
 10
-0.3491501410079081
 20
0.0361443000000037
 30
0.0
 11
-0.3479462410078952
 21
0.0374159999999989
 31
0.0
  0
LINE
  5
239A
  8
0
 10
-0.3479462410078952
 20
0.0374159999999989
 30
0.0
 11
-0.3467022010078948
 21
0.0385976999999997
 31
0.0
  0
LINE
  5
239B
  8
0
 10
-0.3467022010078948
 20
0.0385976999999997
 30
0.0
 11
-0.3454210210078997
 21
0.039686400000005
 31
0.0
  0
LINE
  5
239C
  8
0
 10
-0.3454210210078997
 20
0.039686400000005
 30
0.0
 11
-0.3441058210078949
 21
0.0406794000000048
 31
0.0
  0
LINE
  5
239D
  8
0
 10
-0.3441058210078949
 20
0.0406794000000048
 30
0.0
 11
-0.3427596610079035
 21
0.0415746000000041
 31
0.0
  0
LINE
  5
239E
  8
0
 10
-0.3427596610079035
 20
0.0415746000000041
 30
0.0
 11
-0.3413858410079001
 21
0.0423696000000007
 31
0.0
  0
LINE
  5
239F
  8
0
 10
-0.3413858410079001
 20
0.0423696000000007
 30
0.0
 11
-0.3399876610078933
 21
0.0430622999999997
 31
0.0
  0
LINE
  5
23A0
  8
0
 10
-0.3399876610078933
 20
0.0430622999999997
 30
0.0
 11
-0.338568541007902
 21
0.0436515000000043
 31
0.0
  0
LINE
  5
23A1
  8
0
 10
-0.353507701007902
 20
0.0302202000000051
 30
0.0
 11
-0.3524923210079009
 21
0.0318197999999995
 31
0.0
  0
LINE
  5
23A2
  8
0
 10
-0.3616038610079044
 20
-0.006602879999997
 30
0.0
 11
-0.3618555610078999
 21
-0.0087790499999954
 31
0.0
  0
LINE
  5
23A3
  8
0
 10
-0.3618555610078999
 20
0.008779050000004
 30
0.0
 11
-0.3616038610079044
 21
0.0066028800000055
 31
0.0
  0
LINE
  5
23A4
  8
0
 10
-0.3041594410078914
 20
-0.0192399899999941
 30
0.0
 11
-0.3048214810078945
 21
-0.0212128499999977
 31
0.0
  0
LINE
  5
23A5
  8
0
 10
-0.2977367410079068
 20
-0.0212128499999977
 30
0.0
 11
-0.2983985410079071
 21
-0.0192399899999941
 31
0.0
  0
LINE
  5
23A6
  8
0
 10
-0.2785685410079053
 20
-0.0436514999999958
 30
0.0
 11
-0.2799875410079038
 21
-0.0430622999999997
 31
0.0
  0
LINE
  5
23A7
  8
0
 10
-0.3122473210079079
 20
-0.0347855999999979
 30
0.0
 11
-0.3134081410079034
 21
-0.0361442999999951
 31
0.0
  0
LINE
  5
23A8
  8
0
 10
-0.3134081410079034
 20
-0.0361442999999951
 30
0.0
 11
-0.3146120410078992
 21
-0.0374159999999989
 31
0.0
  0
LINE
  5
23A9
  8
0
 10
-0.3146120410078992
 20
-0.0374159999999989
 30
0.0
 11
-0.3158560810078995
 21
-0.0385976999999997
 31
0.0
  0
LINE
  5
23AA
  8
0
 10
-0.3158560810078995
 20
-0.0385976999999997
 30
0.0
 11
-0.3171372610078946
 21
-0.0396863999999965
 31
0.0
  0
LINE
  5
23AB
  8
0
 10
-0.305547301007897
 20
-0.023134619999999
 30
0.0
 11
-0.3063350410079066
 21
-0.0250006500000012
 31
0.0
  0
LINE
  5
23AC
  8
0
 10
-0.3063350410079066
 20
-0.0250006500000012
 30
0.0
 11
-0.3071829010078942
 21
-0.0268064699999968
 31
0.0
  0
LINE
  5
23AD
  8
0
 10
-0.3071829010078942
 20
-0.0268064699999968
 30
0.0
 11
-0.3080888410078955
 21
-0.0285476999999986
 31
0.0
  0
LINE
  5
23AE
  8
0
 10
-0.3080888410078955
 20
-0.0285476999999986
 30
0.0
 11
-0.3090505810079093
 21
-0.0302201999999966
 31
0.0
  0
LINE
  5
23AF
  8
0
 10
-0.3090505810079093
 20
-0.0302201999999966
 30
0.0
 11
-0.3100659610078935
 21
-0.0318197999999995
 31
0.0
  0
LINE
  5
23B0
  8
0
 10
-0.3100659610078935
 20
-0.0318197999999995
 30
0.0
 11
-0.3111324010078987
 21
-0.0333428999999995
 31
0.0
  0
LINE
  5
23B1
  8
0
 10
-0.3048214810078945
 20
-0.0212128499999977
 30
0.0
 11
-0.305547301007897
 21
-0.023134619999999
 31
0.0
  0
LINE
  5
23B2
  8
0
 10
-0.3111324010078987
 20
-0.0333428999999995
 30
0.0
 11
-0.3122473210079079
 21
-0.0347855999999979
 31
0.0
  0
LINE
  5
23B3
  8
0
 10
-0.3327511810078931
 20
-0.0449456999999939
 30
0.0
 11
-0.334219681007903
 21
-0.0447833999999943
 31
0.0
  0
LINE
  5
23B4
  8
0
 10
-0.3184524610078995
 20
-0.0406793999999962
 30
0.0
 11
-0.3197986210079079
 21
-0.0415745999999956
 31
0.0
  0
LINE
  5
23B5
  8
0
 10
-0.3197986210079079
 20
-0.0415745999999956
 30
0.0
 11
-0.3211724410078943
 21
-0.0423696000000007
 31
0.0
  0
LINE
  5
23B6
  8
0
 10
-0.3211724410078943
 20
-0.0423696000000007
 30
0.0
 11
-0.3225706210079009
 21
-0.0430622999999997
 31
0.0
  0
LINE
  5
23B7
  8
0
 10
-0.3225706210079009
 20
-0.0430622999999997
 30
0.0
 11
-0.3239897410078924
 21
-0.0436514999999958
 31
0.0
  0
LINE
  5
23B8
  8
0
 10
-0.3239897410078924
 20
-0.0436514999999958
 30
0.0
 11
-0.3254264410078974
 21
-0.0441354000000018
 31
0.0
  0
LINE
  5
23B9
  8
0
 10
-0.3254264410078974
 20
-0.0441354000000018
 30
0.0
 11
-0.3268772410079008
 21
-0.0445127999999954
 31
0.0
  0
LINE
  5
23BA
  8
0
 10
-0.3268772410079008
 20
-0.0445127999999954
 30
0.0
 11
-0.3283386010079084
 21
-0.0447833999999943
 31
0.0
  0
LINE
  5
23BB
  8
0
 10
-0.3283386010079084
 20
-0.0447833999999943
 30
0.0
 11
-0.3298071010079013
 21
-0.0449456999999939
 31
0.0
  0
LINE
  5
23BC
  8
0
 10
-0.3298071010079013
 20
-0.0449456999999939
 30
0.0
 11
-0.3312791410079057
 21
-0.0450000000000017
 31
0.0
  0
LINE
  5
23BD
  8
0
 10
-0.3312791410079057
 20
-0.0450000000000017
 30
0.0
 11
-0.3327511810078931
 21
-0.0449456999999939
 31
0.0
  0
LINE
  5
23BE
  8
0
 10
-0.334219681007903
 20
-0.0447833999999943
 30
0.0
 11
-0.3356810410078935
 21
-0.0445127999999954
 31
0.0
  0
LINE
  5
23BF
  8
0
 10
-0.3171372610078946
 20
-0.0396863999999965
 30
0.0
 11
-0.3184524610078995
 21
-0.0406793999999962
 31
0.0
  0
LINE
  5
23C0
  8
0
 10
-0.2962229410079089
 20
-0.0250006500000012
 30
0.0
 11
-0.297010741007898
 21
-0.023134619999999
 31
0.0
  0
LINE
  5
23C1
  8
0
 10
-0.285421141007896
 20
-0.0396863999999965
 30
0.0
 11
-0.2867021410079019
 21
-0.0385976999999997
 31
0.0
  0
LINE
  5
23C2
  8
0
 10
-0.2867021410079019
 20
-0.0385976999999997
 30
0.0
 11
-0.2879465410078978
 21
-0.0374159999999989
 31
0.0
  0
LINE
  5
23C3
  8
0
 10
-0.2879465410078978
 20
-0.0374159999999989
 30
0.0
 11
-0.2891501410078945
 21
-0.0361442999999951
 31
0.0
  0
LINE
  5
23C4
  8
0
 10
-0.2891501410078945
 20
-0.0361442999999951
 30
0.0
 11
-0.2903111410078963
 21
-0.0347855999999979
 31
0.0
  0
LINE
  5
23C5
  8
0
 10
-0.2903111410078963
 20
-0.0347855999999979
 30
0.0
 11
-0.2914259410078954
 21
-0.0333428999999995
 31
0.0
  0
LINE
  5
23C6
  8
0
 10
-0.2914259410078954
 20
-0.0333428999999995
 30
0.0
 11
-0.292492141007898
 21
-0.0318197999999995
 31
0.0
  0
LINE
  5
23C7
  8
0
 10
-0.292492141007898
 20
-0.0318197999999995
 30
0.0
 11
-0.2935079410079083
 21
-0.0302201999999966
 31
0.0
  0
LINE
  5
23C8
  8
0
 10
-0.2935079410079083
 20
-0.0302201999999966
 30
0.0
 11
-0.2944697410079015
 21
-0.0285476999999986
 31
0.0
  0
LINE
  5
23C9
  8
0
 10
-0.2944697410079015
 20
-0.0285476999999986
 30
0.0
 11
-0.2953751410079007
 21
-0.0268064699999968
 31
0.0
  0
LINE
  5
23CA
  8
0
 10
-0.2953751410079007
 20
-0.0268064699999968
 30
0.0
 11
-0.2962229410079089
 21
-0.0250006500000012
 31
0.0
  0
LINE
  5
23CB
  8
0
 10
-0.297010741007898
 20
-0.023134619999999
 30
0.0
 11
-0.2977367410079068
 21
-0.0212128499999977
 31
0.0
  0
LINE
  5
23CC
  8
0
 10
-0.2799875410079038
 20
-0.0430622999999997
 30
0.0
 11
-0.2813855410079042
 21
-0.0423696000000007
 31
0.0
  0
LINE
  5
23CD
  8
0
 10
-0.2813855410079042
 20
-0.0423696000000007
 30
0.0
 11
-0.282759541007897
 21
-0.0415745999999956
 31
0.0
  0
LINE
  5
23CE
  8
0
 10
-0.282759541007897
 20
-0.0415745999999956
 30
0.0
 11
-0.2841059410079083
 21
-0.0406793999999962
 31
0.0
  0
LINE
  5
23CF
  8
0
 10
-0.2841059410079083
 20
-0.0406793999999962
 30
0.0
 11
-0.285421141007896
 21
-0.0396863999999965
 31
0.0
  0
LINE
  5
23D0
  8
0
 10
-0.2799875410079038
 20
0.0430622999999997
 30
0.0
 11
-0.2785685410079053
 21
0.0436515000000043
 31
0.0
  0
LINE
  5
23D1
  8
0
 10
-0.3030328210078949
 20
-0.0151600500000001
 30
0.0
 11
-0.3035627410078972
 21
-0.0172207499999985
 31
0.0
  0
LINE
  5
23D2
  8
0
 10
-0.3035627410078972
 20
0.0172207499999985
 30
0.0
 11
-0.3030328210078949
 21
0.0151600500000001
 31
0.0
  0
LINE
  5
23D3
  8
0
 10
-0.3035627410078972
 20
-0.0172207499999985
 30
0.0
 11
-0.3041594410078914
 21
-0.0192399899999941
 31
0.0
  0
LINE
  5
23D4
  8
0
 10
-0.334219681007903
 20
0.0447834000000029
 30
0.0
 11
-0.3327511810078931
 21
0.0449457000000024
 31
0.0
  0
LINE
  5
23D5
  8
0
 10
-0.3312791410079057
 20
0.0450000000000017
 30
0.0
 11
-0.3298071010079013
 21
0.0449457000000024
 31
0.0
  0
LINE
  5
23D6
  8
0
 10
-0.3298071010079013
 20
0.0449457000000024
 30
0.0
 11
-0.3283386010079084
 21
0.0447834000000029
 31
0.0
  0
LINE
  5
23D7
  8
0
 10
-0.3283386010079084
 20
0.0447834000000029
 30
0.0
 11
-0.3268772410079008
 21
0.044512800000004
 31
0.0
  0
LINE
  5
23D8
  8
0
 10
-0.3268772410079008
 20
0.044512800000004
 30
0.0
 11
-0.3254264410078974
 21
0.0441354000000018
 31
0.0
  0
LINE
  5
23D9
  8
0
 10
-0.3254264410078974
 20
0.0441354000000018
 30
0.0
 11
-0.3239897410078924
 21
0.0436515000000043
 31
0.0
  0
LINE
  5
23DA
  8
0
 10
-0.3239897410078924
 20
0.0436515000000043
 30
0.0
 11
-0.3225706210079009
 21
0.0430622999999997
 31
0.0
  0
LINE
  5
23DB
  8
0
 10
-0.3225706210079009
 20
0.0430622999999997
 30
0.0
 11
-0.3211724410078943
 21
0.0423696000000007
 31
0.0
  0
LINE
  5
23DC
  8
0
 10
-0.3211724410078943
 20
0.0423696000000007
 30
0.0
 11
-0.3197986210079079
 21
0.0415746000000041
 31
0.0
  0
LINE
  5
23DD
  8
0
 10
-0.3197986210079079
 20
0.0415746000000041
 30
0.0
 11
-0.3184524610078995
 21
0.0406794000000048
 31
0.0
  0
LINE
  5
23DE
  8
0
 10
-0.3184524610078995
 20
0.0406794000000048
 30
0.0
 11
-0.3171372610078946
 21
0.039686400000005
 31
0.0
  0
LINE
  5
23DF
  8
0
 10
-0.3171372610078946
 20
0.039686400000005
 30
0.0
 11
-0.3158560810078995
 21
0.0385976999999997
 31
0.0
  0
LINE
  5
23E0
  8
0
 10
-0.3158560810078995
 20
0.0385976999999997
 30
0.0
 11
-0.3146120410078992
 21
0.0374159999999989
 31
0.0
  0
LINE
  5
23E1
  8
0
 10
-0.3146120410078992
 20
0.0374159999999989
 30
0.0
 11
-0.3134081410079034
 21
0.0361443000000037
 31
0.0
  0
LINE
  5
23E2
  8
0
 10
-0.3134081410079034
 20
0.0361443000000037
 30
0.0
 11
-0.3122473210079079
 21
0.0347856000000064
 31
0.0
  0
LINE
  5
23E3
  8
0
 10
-0.3327511810078931
 20
0.0449457000000024
 30
0.0
 11
-0.3312791410079057
 21
0.0450000000000017
 31
0.0
  0
LINE
  5
23E4
  8
0
 10
-0.3356810410078935
 20
0.044512800000004
 30
0.0
 11
-0.334219681007903
 21
0.0447834000000029
 31
0.0
  0
LINE
  5
23E5
  8
0
 10
-0.3090505810079093
 20
0.0302202000000051
 30
0.0
 11
-0.3080888410078955
 21
0.0285476999999986
 31
0.0
  0
LINE
  5
23E6
  8
0
 10
-0.3080888410078955
 20
0.0285476999999986
 30
0.0
 11
-0.3071829010078942
 21
0.0268064700000054
 31
0.0
  0
LINE
  5
23E7
  8
0
 10
-0.3071829010078942
 20
0.0268064700000054
 30
0.0
 11
-0.3063350410079066
 21
0.0250006500000012
 31
0.0
  0
LINE
  5
23E8
  8
0
 10
-0.3063350410079066
 20
0.0250006500000012
 30
0.0
 11
-0.305547301007897
 21
0.0231346199999991
 31
0.0
  0
LINE
  5
23E9
  8
0
 10
-0.305547301007897
 20
0.0231346199999991
 30
0.0
 11
-0.3048214810078945
 21
0.0212128500000063
 31
0.0
  0
LINE
  5
23EA
  8
0
 10
-0.3048214810078945
 20
0.0212128500000063
 30
0.0
 11
-0.3041594410078914
 21
0.0192399900000027
 31
0.0
  0
LINE
  5
23EB
  8
0
 10
-0.3041594410078914
 20
0.0192399900000027
 30
0.0
 11
-0.3035627410078972
 21
0.0172207499999985
 31
0.0
  0
LINE
  5
23EC
  8
0
 10
-0.3111324010078987
 20
0.0333428999999995
 30
0.0
 11
-0.3100659610078935
 21
0.0318197999999995
 31
0.0
  0
LINE
  5
23ED
  8
0
 10
-0.3100659610078935
 20
0.0318197999999995
 30
0.0
 11
-0.3090505810079093
 21
0.0302202000000051
 31
0.0
  0
LINE
  5
23EE
  8
0
 10
-0.3122473210079079
 20
0.0347856000000064
 30
0.0
 11
-0.3111324010078987
 21
0.0333428999999995
 31
0.0
  0
LINE
  5
23EF
  8
0
 10
-0.3013152610079032
 20
0.0022080599999981
 30
0.0
 11
-0.3012791410078988
 21
0.0
 31
0.0
  0
LINE
  5
23F0
  8
0
 10
-0.3012791410078988
 20
0.0
 30
0.0
 11
-0.3012431410079046
 21
0.0022080599999981
 31
0.0
  0
LINE
  5
23F1
  8
0
 10
-0.2989955410079005
 20
-0.0172207499999985
 30
0.0
 11
-0.2995253410078931
 21
-0.0151600500000001
 31
0.0
  0
LINE
  5
23F2
  8
0
 10
-0.2983985410079071
 20
-0.0192399899999941
 30
0.0
 11
-0.2989955410079005
 21
-0.0172207499999985
 31
0.0
  0
LINE
  5
23F3
  8
0
 10
-0.3021781810079005
 20
-0.0109341000000029
 30
0.0
 11
-0.3025709410078945
 21
-0.0130628099999967
 31
0.0
  0
LINE
  5
23F4
  8
0
 10
-0.2999873410079032
 20
-0.0130628099999967
 30
0.0
 11
-0.3003803410079
 21
-0.0109341000000029
 31
0.0
  0
LINE
  5
23F5
  8
0
 10
-0.3025709410078945
 20
-0.0130628099999967
 30
0.0
 11
-0.3030328210078949
 21
-0.0151600500000001
 31
0.0
  0
LINE
  5
23F6
  8
0
 10
-0.2995253410078931
 20
-0.0151600500000001
 30
0.0
 11
-0.2999873410079032
 21
-0.0130628099999967
 31
0.0
  0
LINE
  5
23F7
  8
0
 10
-0.3012791410078988
 20
0.0
 30
0.0
 11
-0.3013152610079032
 21
-0.0022080599999981
 31
0.0
  0
LINE
  5
23F8
  8
0
 10
-0.3013152610079032
 20
-0.0022080599999981
 30
0.0
 11
-0.3014236210078991
 21
-0.0044107799999978
 31
0.0
  0
LINE
  5
23F9
  8
0
 10
-0.3014236210078991
 20
-0.0044107799999978
 30
0.0
 11
-0.3016038610079078
 21
-0.006602879999997
 31
0.0
  0
LINE
  5
23FA
  8
0
 10
-0.3016038610079078
 20
-0.006602879999997
 30
0.0
 11
-0.3018555610079033
 21
-0.0087790499999954
 31
0.0
  0
LINE
  5
23FB
  8
0
 10
-0.3018555610079033
 20
-0.0087790499999954
 30
0.0
 11
-0.3021781810079005
 21
-0.0109341000000029
 31
0.0
  0
LINE
  5
23FC
  8
0
 10
-0.3003803410079
 20
-0.0109341000000029
 30
0.0
 11
-0.3007025410079052
 21
-0.0087790499999954
 31
0.0
  0
LINE
  5
23FD
  8
0
 10
-0.3007025410079052
 20
-0.0087790499999954
 30
0.0
 11
-0.3009545410078998
 21
-0.006602879999997
 31
0.0
  0
LINE
  5
23FE
  8
0
 10
-0.3009545410078998
 20
-0.006602879999997
 30
0.0
 11
-0.3011345410079058
 21
-0.0044107799999978
 31
0.0
  0
LINE
  5
23FF
  8
0
 10
-0.3011345410079058
 20
-0.0044107799999978
 30
0.0
 11
-0.3012431410079046
 21
-0.0022080599999981
 31
0.0
  0
LINE
  5
2400
  8
0
 10
-0.3012431410079046
 20
-0.0022080599999981
 30
0.0
 11
-0.3012791410078988
 21
0.0
 31
0.0
  0
LINE
  5
2401
  8
0
 10
-0.2995253410078931
 20
0.0151600500000001
 30
0.0
 11
-0.2989955410079005
 21
0.0172207499999985
 31
0.0
  0
LINE
  5
2402
  8
0
 10
-0.2944697410079015
 20
0.0285476999999986
 30
0.0
 11
-0.2935079410079083
 21
0.0302202000000051
 31
0.0
  0
LINE
  5
2403
  8
0
 10
-0.2989955410079005
 20
0.0172207499999985
 30
0.0
 11
-0.2983985410079071
 21
0.0192399900000027
 31
0.0
  0
LINE
  5
2404
  8
0
 10
-0.2983985410079071
 20
0.0192399900000027
 30
0.0
 11
-0.2977367410079068
 21
0.0212128500000063
 31
0.0
  0
LINE
  5
2405
  8
0
 10
-0.2977367410079068
 20
0.0212128500000063
 30
0.0
 11
-0.297010741007898
 21
0.0231346199999991
 31
0.0
  0
LINE
  5
2406
  8
0
 10
-0.297010741007898
 20
0.0231346199999991
 30
0.0
 11
-0.2962229410079089
 21
0.0250006500000012
 31
0.0
  0
LINE
  5
2407
  8
0
 10
-0.2962229410079089
 20
0.0250006500000012
 30
0.0
 11
-0.2953751410079007
 21
0.0268064700000054
 31
0.0
  0
LINE
  5
2408
  8
0
 10
-0.2953751410079007
 20
0.0268064700000054
 30
0.0
 11
-0.2944697410079015
 21
0.0285476999999986
 31
0.0
  0
LINE
  5
2409
  8
0
 10
-0.2935079410079083
 20
0.0302202000000051
 30
0.0
 11
-0.292492141007898
 21
0.0318197999999995
 31
0.0
  0
LINE
  5
240A
  8
0
 10
-0.292492141007898
 20
0.0318197999999995
 30
0.0
 11
-0.2914259410078954
 21
0.0333428999999995
 31
0.0
  0
LINE
  5
240B
  8
0
 10
-0.2914259410078954
 20
0.0333428999999995
 30
0.0
 11
-0.2903111410078963
 21
0.0347856000000064
 31
0.0
  0
LINE
  5
240C
  8
0
 10
-0.2903111410078963
 20
0.0347856000000064
 30
0.0
 11
-0.2891501410078945
 21
0.0361443000000037
 31
0.0
  0
LINE
  5
240D
  8
0
 10
-0.2891501410078945
 20
0.0361443000000037
 30
0.0
 11
-0.2879465410078978
 21
0.0374159999999989
 31
0.0
  0
LINE
  5
240E
  8
0
 10
-0.2879465410078978
 20
0.0374159999999989
 30
0.0
 11
-0.2867021410079019
 21
0.0385976999999997
 31
0.0
  0
LINE
  5
240F
  8
0
 10
-0.2867021410079019
 20
0.0385976999999997
 30
0.0
 11
-0.285421141007896
 21
0.039686400000005
 31
0.0
  0
LINE
  5
2410
  8
0
 10
-0.285421141007896
 20
0.039686400000005
 30
0.0
 11
-0.2841059410079083
 21
0.0406794000000048
 31
0.0
  0
LINE
  5
2411
  8
0
 10
-0.2841059410079083
 20
0.0406794000000048
 30
0.0
 11
-0.282759541007897
 21
0.0415746000000041
 31
0.0
  0
LINE
  5
2412
  8
0
 10
-0.282759541007897
 20
0.0415746000000041
 30
0.0
 11
-0.2813855410079042
 21
0.0423696000000007
 31
0.0
  0
LINE
  5
2413
  8
0
 10
-0.2813855410079042
 20
0.0423696000000007
 30
0.0
 11
-0.2799875410079038
 21
0.0430622999999997
 31
0.0
  0
LINE
  5
2414
  8
0
 10
-0.3030328210078949
 20
0.0151600500000001
 30
0.0
 11
-0.3025709410078945
 21
0.0130628100000053
 31
0.0
  0
LINE
  5
2415
  8
0
 10
-0.3025709410078945
 20
0.0130628100000053
 30
0.0
 11
-0.3021781810079005
 21
0.0109341000000029
 31
0.0
  0
LINE
  5
2416
  8
0
 10
-0.3021781810079005
 20
0.0109341000000029
 30
0.0
 11
-0.3018555610079033
 21
0.008779050000004
 31
0.0
  0
LINE
  5
2417
  8
0
 10
-0.3018555610079033
 20
0.008779050000004
 30
0.0
 11
-0.3016038610079078
 21
0.0066028800000055
 31
0.0
  0
LINE
  5
2418
  8
0
 10
-0.3016038610079078
 20
0.0066028800000055
 30
0.0
 11
-0.3014236210078991
 21
0.0044107800000063
 31
0.0
  0
LINE
  5
2419
  8
0
 10
-0.3014236210078991
 20
0.0044107800000063
 30
0.0
 11
-0.3013152610079032
 21
0.0022080599999981
 31
0.0
  0
LINE
  5
241A
  8
0
 10
-0.3012431410079046
 20
0.0022080599999981
 30
0.0
 11
-0.3011345410079058
 21
0.0044107800000063
 31
0.0
  0
LINE
  5
241B
  8
0
 10
-0.3011345410079058
 20
0.0044107800000063
 30
0.0
 11
-0.3009545410078998
 21
0.0066028800000055
 31
0.0
  0
LINE
  5
241C
  8
0
 10
-0.3009545410078998
 20
0.0066028800000055
 30
0.0
 11
-0.3007025410079052
 21
0.008779050000004
 31
0.0
  0
LINE
  5
241D
  8
0
 10
-0.3007025410079052
 20
0.008779050000004
 30
0.0
 11
-0.3003803410079
 21
0.0109341000000029
 31
0.0
  0
LINE
  5
241E
  8
0
 10
-0.3003803410079
 20
0.0109341000000029
 30
0.0
 11
-0.2999873410079032
 21
0.0130628100000053
 31
0.0
  0
LINE
  5
241F
  8
0
 10
-0.2999873410079032
 20
0.0130628100000053
 30
0.0
 11
-0.2995253410078931
 21
0.0151600500000001
 31
0.0
  0
LINE
  5
2420
  8
0
 10
-0.3356810410078935
 20
-0.0445127999999954
 30
0.0
 11
-0.3371318410078969
 21
-0.0441354000000018
 31
0.0
  0
LINE
  5
2421
  8
0
 10
-0.3371318410078969
 20
0.0441354000000018
 30
0.0
 11
-0.3356810410078935
 21
0.044512800000004
 31
0.0
  0
LINE
  5
2422
  8
0
 10
-0.244159741007894
 20
-0.0192399899999941
 30
0.0
 11
-0.2448215410078944
 21
-0.0212128499999977
 31
0.0
  0
LINE
  5
2423
  8
0
 10
-0.2377367410078932
 20
-0.0212128499999977
 30
0.0
 11
-0.2383985410078934
 21
-0.0192399899999941
 31
0.0
  0
LINE
  5
2424
  8
0
 10
-0.2199875410079073
 20
-0.0430622999999997
 30
0.0
 11
-0.2213855410079077
 21
-0.0423696000000007
 31
0.0
  0
LINE
  5
2425
  8
0
 10
-0.2756813410078962
 20
-0.0445127999999954
 30
0.0
 11
-0.2771321410078996
 21
-0.0441354000000018
 31
0.0
  0
LINE
  5
2426
  8
0
 10
-0.2455475410079031
 20
-0.023134619999999
 30
0.0
 11
-0.2463353410079093
 21
-0.0250006500000012
 31
0.0
  0
LINE
  5
2427
  8
0
 10
-0.2463353410079093
 20
-0.0250006500000012
 30
0.0
 11
-0.2471831410079004
 21
-0.0268064699999968
 31
0.0
  0
LINE
  5
2428
  8
0
 10
-0.2471831410079004
 20
-0.0268064699999968
 30
0.0
 11
-0.2480885410078997
 21
-0.0285476999999986
 31
0.0
  0
LINE
  5
2429
  8
0
 10
-0.2480885410078997
 20
-0.0285476999999986
 30
0.0
 11
-0.2490503410078929
 21
-0.0302201999999966
 31
0.0
  0
LINE
  5
242A
  8
0
 10
-0.2490503410078929
 20
-0.0302201999999966
 30
0.0
 11
-0.2500661410079032
 21
-0.0318197999999995
 31
0.0
  0
LINE
  5
242B
  8
0
 10
-0.2500661410079032
 20
-0.0318197999999995
 30
0.0
 11
-0.2511323410079057
 21
-0.0333428999999995
 31
0.0
  0
LINE
  5
242C
  8
0
 10
-0.2511323410079057
 20
-0.0333428999999995
 30
0.0
 11
-0.2522471410079049
 21
-0.0347855999999979
 31
0.0
  0
LINE
  5
242D
  8
0
 10
-0.2522471410079049
 20
-0.0347855999999979
 30
0.0
 11
-0.2534081410079068
 21
-0.0361442999999951
 31
0.0
  0
LINE
  5
242E
  8
0
 10
-0.2534081410079068
 20
-0.0361442999999951
 30
0.0
 11
-0.2546117410079034
 21
-0.0374159999999989
 31
0.0
  0
LINE
  5
242F
  8
0
 10
-0.2546117410079034
 20
-0.0374159999999989
 30
0.0
 11
-0.2558561410078993
 21
-0.0385976999999997
 31
0.0
  0
LINE
  5
2430
  8
0
 10
-0.2558561410078993
 20
-0.0385976999999997
 30
0.0
 11
-0.2571371410079052
 21
-0.0396863999999965
 31
0.0
  0
LINE
  5
2431
  8
0
 10
-0.2448215410078944
 20
-0.0212128499999977
 30
0.0
 11
-0.2455475410079031
 21
-0.023134619999999
 31
0.0
  0
LINE
  5
2432
  8
0
 10
-0.2625707410078973
 20
-0.0430622999999997
 30
0.0
 11
-0.2639897410078958
 21
-0.0436514999999958
 31
0.0
  0
LINE
  5
2433
  8
0
 10
-0.261172741007897
 20
-0.0423696000000007
 30
0.0
 11
-0.2625707410078973
 21
-0.0430622999999997
 31
0.0
  0
LINE
  5
2434
  8
0
 10
-0.2584523410078929
 20
-0.0406793999999962
 30
0.0
 11
-0.2597987410079042
 21
-0.0415745999999956
 31
0.0
  0
LINE
  5
2435
  8
0
 10
-0.2597987410079042
 20
-0.0415745999999956
 30
0.0
 11
-0.261172741007897
 21
-0.0423696000000007
 31
0.0
  0
LINE
  5
2436
  8
0
 10
-0.2639897410078958
 20
-0.0436514999999958
 30
0.0
 11
-0.2654261410079015
 21
-0.0441354000000018
 31
0.0
  0
LINE
  5
2437
  8
0
 10
-0.2654261410079015
 20
-0.0441354000000018
 30
0.0
 11
-0.266876941007905
 21
-0.0445127999999954
 31
0.0
  0
LINE
  5
2438
  8
0
 10
-0.266876941007905
 20
-0.0445127999999954
 30
0.0
 11
-0.2683385410078983
 21
-0.0447833999999943
 31
0.0
  0
LINE
  5
2439
  8
0
 10
-0.2683385410078983
 20
-0.0447833999999943
 30
0.0
 11
-0.2698073410079075
 21
-0.0449456999999939
 31
0.0
  0
LINE
  5
243A
  8
0
 10
-0.2698073410079075
 20
-0.0449456999999939
 30
0.0
 11
-0.2712791410079091
 21
-0.0450000000000017
 31
0.0
  0
LINE
  5
243B
  8
0
 10
-0.2712791410079091
 20
-0.0450000000000017
 30
0.0
 11
-0.2727509410078936
 21
-0.0449456999999939
 31
0.0
  0
LINE
  5
243C
  8
0
 10
-0.2727509410078936
 20
-0.0449456999999939
 30
0.0
 11
-0.2742197410079028
 21
-0.0447833999999943
 31
0.0
  0
LINE
  5
243D
  8
0
 10
-0.2742197410079028
 20
-0.0447833999999943
 30
0.0
 11
-0.2756813410078962
 21
-0.0445127999999954
 31
0.0
  0
LINE
  5
243E
  8
0
 10
-0.2571371410079052
 20
-0.0396863999999965
 30
0.0
 11
-0.2584523410078929
 21
-0.0406793999999962
 31
0.0
  0
LINE
  5
243F
  8
0
 10
-0.2279465410079012
 20
-0.0374159999999989
 30
0.0
 11
-0.2291501410078979
 21
-0.0361442999999951
 31
0.0
  0
LINE
  5
2440
  8
0
 10
-0.2254211410078994
 20
-0.0396863999999965
 30
0.0
 11
-0.2267021410079053
 21
-0.0385976999999997
 31
0.0
  0
LINE
  5
2441
  8
0
 10
-0.2267021410079053
 20
-0.0385976999999997
 30
0.0
 11
-0.2279465410079012
 21
-0.0374159999999989
 31
0.0
  0
LINE
  5
2442
  8
0
 10
-0.2362229410078953
 20
-0.0250006500000012
 30
0.0
 11
-0.2370107410079014
 21
-0.023134619999999
 31
0.0
  0
LINE
  5
2443
  8
0
 10
-0.2335079410078947
 20
-0.0302201999999966
 30
0.0
 11
-0.2335079410078947
 21
-0.0302201999999966
 31
0.0
  0
LINE
  5
2444
  8
0
 10
-0.2291501410078979
 20
-0.0361442999999951
 30
0.0
 11
-0.2303111410078997
 21
-0.0347855999999979
 31
0.0
  0
LINE
  5
2445
  8
0
 10
-0.2303111410078997
 20
-0.0347855999999979
 30
0.0
 11
-0.2314259410078988
 21
-0.0333428999999995
 31
0.0
  0
LINE
  5
2446
  8
0
 10
-0.2314259410078988
 20
-0.0333428999999995
 30
0.0
 11
-0.2324921410079014
 21
-0.0318197999999995
 31
0.0
  0
LINE
  5
2447
  8
0
 10
-0.2324921410079014
 20
-0.0318197999999995
 30
0.0
 11
-0.2335079410078947
 21
-0.0302201999999966
 31
0.0
  0
LINE
  5
2448
  8
0
 10
-0.2344697410079049
 20
-0.0285476999999986
 30
0.0
 11
-0.2353751410079041
 21
-0.0268064699999968
 31
0.0
  0
LINE
  5
2449
  8
0
 10
-0.2353751410079041
 20
-0.0268064699999968
 30
0.0
 11
-0.2362229410078953
 21
-0.0250006500000012
 31
0.0
  0
LINE
  5
244A
  8
0
 10
-0.2370107410079014
 20
-0.023134619999999
 30
0.0
 11
-0.2377367410078932
 21
-0.0212128499999977
 31
0.0
  0
LINE
  5
244B
  8
0
 10
-0.2241059410078946
 20
-0.0406793999999962
 30
0.0
 11
-0.2254211410078994
 21
-0.0396863999999965
 31
0.0
  0
LINE
  5
244C
  8
0
 10
-0.2213855410079077
 20
-0.0423696000000007
 30
0.0
 11
-0.2227595410079004
 21
-0.0415745999999956
 31
0.0
  0
LINE
  5
244D
  8
0
 10
-0.2227595410079004
 20
-0.0415745999999956
 30
0.0
 11
-0.2241059410078946
 21
-0.0406793999999962
 31
0.0
  0
LINE
  5
244E
  8
0
 10
-0.2213855410079077
 20
0.0423696000000007
 30
0.0
 11
-0.2199875410079073
 21
0.0430622999999997
 31
0.0
  0
LINE
  5
244F
  8
0
 10
-0.2291501410078979
 20
0.0361443000000037
 30
0.0
 11
-0.2279465410079012
 21
0.0374159999999989
 31
0.0
  0
LINE
  5
2450
  8
0
 10
-0.2279465410079012
 20
0.0374159999999989
 30
0.0
 11
-0.2267021410079053
 21
0.0385976999999997
 31
0.0
  0
LINE
  5
2451
  8
0
 10
-0.2267021410079053
 20
0.0385976999999997
 30
0.0
 11
-0.2254211410078994
 21
0.039686400000005
 31
0.0
  0
LINE
  5
2452
  8
0
 10
-0.2254211410078994
 20
0.039686400000005
 30
0.0
 11
-0.2241059410078946
 21
0.0406794000000048
 31
0.0
  0
LINE
  5
2453
  8
0
 10
-0.2335079410078947
 20
0.0302202000000051
 30
0.0
 11
-0.2324921410079014
 21
0.0318197999999995
 31
0.0
  0
LINE
  5
2454
  8
0
 10
-0.2324921410079014
 20
0.0318197999999995
 30
0.0
 11
-0.2314259410078988
 21
0.0333428999999995
 31
0.0
  0
LINE
  5
2455
  8
0
 10
-0.2314259410078988
 20
0.0333428999999995
 30
0.0
 11
-0.2303111410078997
 21
0.0347856000000064
 31
0.0
  0
LINE
  5
2456
  8
0
 10
-0.2303111410078997
 20
0.0347856000000064
 30
0.0
 11
-0.2291501410078979
 21
0.0361443000000037
 31
0.0
  0
LINE
  5
2457
  8
0
 10
-0.2227595410079004
 20
0.0415746000000041
 30
0.0
 11
-0.2213855410079077
 21
0.0423696000000007
 31
0.0
  0
LINE
  5
2458
  8
0
 10
-0.2241059410078946
 20
0.0406794000000048
 30
0.0
 11
-0.2227595410079004
 21
0.0415746000000041
 31
0.0
  0
LINE
  5
2459
  8
0
 10
-0.2448215410078944
 20
0.0212128500000063
 30
0.0
 11
-0.244159741007894
 21
0.0192399900000027
 31
0.0
  0
LINE
  5
245A
  8
0
 10
-0.2771321410078996
 20
0.0441354000000018
 30
0.0
 11
-0.2756813410078962
 21
0.044512800000004
 31
0.0
  0
LINE
  5
245B
  8
0
 10
-0.2490503410078929
 20
0.0302202000000051
 30
0.0
 11
-0.2480885410078997
 21
0.0285476999999986
 31
0.0
  0
LINE
  5
245C
  8
0
 10
-0.2480885410078997
 20
0.0285476999999986
 30
0.0
 11
-0.2471831410079004
 21
0.0268064700000054
 31
0.0
  0
LINE
  5
245D
  8
0
 10
-0.2471831410079004
 20
0.0268064700000054
 30
0.0
 11
-0.2463353410079093
 21
0.0250006500000012
 31
0.0
  0
LINE
  5
245E
  8
0
 10
-0.2463353410079093
 20
0.0250006500000012
 30
0.0
 11
-0.2455475410079031
 21
0.0231346199999991
 31
0.0
  0
LINE
  5
245F
  8
0
 10
-0.2455475410079031
 20
0.0231346199999991
 30
0.0
 11
-0.2448215410078944
 21
0.0212128500000063
 31
0.0
  0
LINE
  5
2460
  8
0
 10
-0.2639897410078958
 20
0.0436515000000043
 30
0.0
 11
-0.2625707410078973
 21
0.0430622999999997
 31
0.0
  0
LINE
  5
2461
  8
0
 10
-0.2625707410078973
 20
0.0430622999999997
 30
0.0
 11
-0.261172741007897
 21
0.0423696000000007
 31
0.0
  0
LINE
  5
2462
  8
0
 10
-0.261172741007897
 20
0.0423696000000007
 30
0.0
 11
-0.2597987410079042
 21
0.0415746000000041
 31
0.0
  0
LINE
  5
2463
  8
0
 10
-0.2597987410079042
 20
0.0415746000000041
 30
0.0
 11
-0.2584523410078929
 21
0.0406794000000048
 31
0.0
  0
LINE
  5
2464
  8
0
 10
-0.2584523410078929
 20
0.0406794000000048
 30
0.0
 11
-0.2571371410079052
 21
0.039686400000005
 31
0.0
  0
LINE
  5
2465
  8
0
 10
-0.2571371410079052
 20
0.039686400000005
 30
0.0
 11
-0.2558561410078993
 21
0.0385976999999997
 31
0.0
  0
LINE
  5
2466
  8
0
 10
-0.2558561410078993
 20
0.0385976999999997
 30
0.0
 11
-0.2546117410079034
 21
0.0374159999999989
 31
0.0
  0
LINE
  5
2467
  8
0
 10
-0.2546117410079034
 20
0.0374159999999989
 30
0.0
 11
-0.2534081410079068
 21
0.0361443000000037
 31
0.0
  0
LINE
  5
2468
  8
0
 10
-0.2534081410079068
 20
0.0361443000000037
 30
0.0
 11
-0.2522471410079049
 21
0.0347856000000064
 31
0.0
  0
LINE
  5
2469
  8
0
 10
-0.2522471410079049
 20
0.0347856000000064
 30
0.0
 11
-0.2511323410079057
 21
0.0333428999999995
 31
0.0
  0
LINE
  5
246A
  8
0
 10
-0.2511323410079057
 20
0.0333428999999995
 30
0.0
 11
-0.2500661410079032
 21
0.0318197999999995
 31
0.0
  0
LINE
  5
246B
  8
0
 10
-0.2500661410079032
 20
0.0318197999999995
 30
0.0
 11
-0.2490503410078929
 21
0.0302202000000051
 31
0.0
  0
LINE
  5
246C
  8
0
 10
-0.2712791410079091
 20
0.0450000000000017
 30
0.0
 11
-0.2698073410079075
 21
0.0449457000000024
 31
0.0
  0
LINE
  5
246D
  8
0
 10
-0.2698073410079075
 20
0.0449457000000024
 30
0.0
 11
-0.2683385410078983
 21
0.0447834000000029
 31
0.0
  0
LINE
  5
246E
  8
0
 10
-0.2683385410078983
 20
0.0447834000000029
 30
0.0
 11
-0.266876941007905
 21
0.044512800000004
 31
0.0
  0
LINE
  5
246F
  8
0
 10
-0.266876941007905
 20
0.044512800000004
 30
0.0
 11
-0.2654261410079015
 21
0.0441354000000018
 31
0.0
  0
LINE
  5
2470
  8
0
 10
-0.2654261410079015
 20
0.0441354000000018
 30
0.0
 11
-0.2639897410078958
 21
0.0436515000000043
 31
0.0
  0
LINE
  5
2471
  8
0
 10
-0.2756813410078962
 20
0.044512800000004
 30
0.0
 11
-0.2742197410079028
 21
0.0447834000000029
 31
0.0
  0
LINE
  5
2472
  8
0
 10
-0.2742197410079028
 20
0.0447834000000029
 30
0.0
 11
-0.2727509410078936
 21
0.0449457000000024
 31
0.0
  0
LINE
  5
2473
  8
0
 10
-0.2727509410078936
 20
0.0449457000000024
 30
0.0
 11
-0.2712791410079091
 21
0.0450000000000017
 31
0.0
  0
LINE
  5
2474
  8
0
 10
-0.2412791410079023
 20
0.0
 30
0.0
 11
-0.2412431410079079
 21
0.0022080599999981
 31
0.0
  0
LINE
  5
2475
  8
0
 10
-0.2413151410078967
 20
0.0022080599999981
 30
0.0
 11
-0.2412791410079023
 21
0.0
 31
0.0
  0
LINE
  5
2476
  8
0
 10
-0.2399873410079067
 20
-0.0130628099999967
 30
0.0
 11
-0.2403803410079035
 21
-0.0109341000000029
 31
0.0
  0
LINE
  5
2477
  8
0
 10
-0.2421779410079011
 20
-0.0109341000000029
 30
0.0
 11
-0.2425709410078979
 21
-0.0130628099999967
 31
0.0
  0
LINE
  5
2478
  8
0
 10
-0.2383985410078934
 20
-0.0192399899999941
 30
0.0
 11
-0.2389955410079039
 21
-0.0172207499999985
 31
0.0
  0
LINE
  5
2479
  8
0
 10
-0.2389955410079039
 20
-0.0172207499999985
 30
0.0
 11
-0.2395253410078964
 21
-0.0151600500000001
 31
0.0
  0
LINE
  5
247A
  8
0
 10
-0.2395253410078964
 20
-0.0151600500000001
 30
0.0
 11
-0.2399873410079067
 21
-0.0130628099999967
 31
0.0
  0
LINE
  5
247B
  8
0
 10
-0.2425709410078979
 20
-0.0130628099999967
 30
0.0
 11
-0.2430329410078911
 21
-0.0151600500000001
 31
0.0
  0
LINE
  5
247C
  8
0
 10
-0.2430329410078911
 20
-0.0151600500000001
 30
0.0
 11
-0.2435627410079007
 21
-0.0172207499999985
 31
0.0
  0
LINE
  5
247D
  8
0
 10
-0.2435627410079007
 20
-0.0172207499999985
 30
0.0
 11
-0.244159741007894
 21
-0.0192399899999941
 31
0.0
  0
LINE
  5
247E
  8
0
 10
-0.2403803410079035
 20
-0.0109341000000029
 30
0.0
 11
-0.2407025410079085
 21
-0.0087790499999954
 31
0.0
  0
LINE
  5
247F
  8
0
 10
-0.2407025410079085
 20
-0.0087790499999954
 30
0.0
 11
-0.2409545410079033
 21
-0.006602879999997
 31
0.0
  0
LINE
  5
2480
  8
0
 10
-0.2409545410079033
 20
-0.006602879999997
 30
0.0
 11
-0.2411345410078922
 21
-0.0044107799999978
 31
0.0
  0
LINE
  5
2481
  8
0
 10
-0.2411345410078922
 20
-0.0044107799999978
 30
0.0
 11
-0.2412431410079079
 21
-0.0022080599999981
 31
0.0
  0
LINE
  5
2482
  8
0
 10
-0.2412431410079079
 20
-0.0022080599999981
 30
0.0
 11
-0.2412791410079023
 21
0.0
 31
0.0
  0
LINE
  5
2483
  8
0
 10
-0.2412791410079023
 20
0.0
 30
0.0
 11
-0.2413151410078967
 21
-0.0022080599999981
 31
0.0
  0
LINE
  5
2484
  8
0
 10
-0.2413151410078967
 20
-0.0022080599999981
 30
0.0
 11
-0.2414237410078953
 21
-0.0044107799999978
 31
0.0
  0
LINE
  5
2485
  8
0
 10
-0.2414237410078953
 20
-0.0044107799999978
 30
0.0
 11
-0.2416037410079013
 21
-0.006602879999997
 31
0.0
  0
LINE
  5
2486
  8
0
 10
-0.2416037410079013
 20
-0.006602879999997
 30
0.0
 11
-0.241855741007896
 21
-0.0087790499999954
 31
0.0
  0
LINE
  5
2487
  8
0
 10
-0.241855741007896
 20
-0.0087790499999954
 30
0.0
 11
-0.2421779410079011
 21
-0.0109341000000029
 31
0.0
  0
LINE
  5
2488
  8
0
 10
-0.2344697410079049
 20
0.0285476999999986
 30
0.0
 11
-0.2335079410078947
 21
0.0302202000000051
 31
0.0
  0
LINE
  5
2489
  8
0
 10
-0.2412431410079079
 20
0.0022080599999981
 30
0.0
 11
-0.2411345410078922
 21
0.0044107800000063
 31
0.0
  0
LINE
  5
248A
  8
0
 10
-0.2411345410078922
 20
0.0044107800000063
 30
0.0
 11
-0.2409545410079033
 21
0.0066028800000055
 31
0.0
  0
LINE
  5
248B
  8
0
 10
-0.2409545410079033
 20
0.0066028800000055
 30
0.0
 11
-0.2407025410079085
 21
0.008779050000004
 31
0.0
  0
LINE
  5
248C
  8
0
 10
-0.2407025410079085
 20
0.008779050000004
 30
0.0
 11
-0.2403803410079035
 21
0.0109341000000029
 31
0.0
  0
LINE
  5
248D
  8
0
 10
-0.2403803410079035
 20
0.0109341000000029
 30
0.0
 11
-0.2399873410079067
 21
0.0130628100000053
 31
0.0
  0
LINE
  5
248E
  8
0
 10
-0.2399873410079067
 20
0.0130628100000053
 30
0.0
 11
-0.2395253410078964
 21
0.0151600500000001
 31
0.0
  0
LINE
  5
248F
  8
0
 10
-0.2395253410078964
 20
0.0151600500000001
 30
0.0
 11
-0.2389955410079039
 21
0.0172207499999985
 31
0.0
  0
LINE
  5
2490
  8
0
 10
-0.2389955410079039
 20
0.0172207499999985
 30
0.0
 11
-0.2383985410078934
 21
0.0192399900000027
 31
0.0
  0
LINE
  5
2491
  8
0
 10
-0.2383985410078934
 20
0.0192399900000027
 30
0.0
 11
-0.2377367410078932
 21
0.0212128500000063
 31
0.0
  0
LINE
  5
2492
  8
0
 10
-0.2377367410078932
 20
0.0212128500000063
 30
0.0
 11
-0.2370107410079014
 21
0.0231346199999991
 31
0.0
  0
LINE
  5
2493
  8
0
 10
-0.2370107410079014
 20
0.0231346199999991
 30
0.0
 11
-0.2362229410078953
 21
0.0250006500000012
 31
0.0
  0
LINE
  5
2494
  8
0
 10
-0.2362229410078953
 20
0.0250006500000012
 30
0.0
 11
-0.2353751410079041
 21
0.0268064700000054
 31
0.0
  0
LINE
  5
2495
  8
0
 10
-0.2353751410079041
 20
0.0268064700000054
 30
0.0
 11
-0.2344697410079049
 21
0.0285476999999986
 31
0.0
  0
LINE
  5
2496
  8
0
 10
-0.244159741007894
 20
0.0192399900000027
 30
0.0
 11
-0.2435627410079007
 21
0.0172207499999985
 31
0.0
  0
LINE
  5
2497
  8
0
 10
-0.2435627410079007
 20
0.0172207499999985
 30
0.0
 11
-0.2430329410078911
 21
0.0151600500000001
 31
0.0
  0
LINE
  5
2498
  8
0
 10
-0.2430329410078911
 20
0.0151600500000001
 30
0.0
 11
-0.2425709410078979
 21
0.0130628100000053
 31
0.0
  0
LINE
  5
2499
  8
0
 10
-0.2425709410078979
 20
0.0130628100000053
 30
0.0
 11
-0.2421779410079011
 21
0.0109341000000029
 31
0.0
  0
LINE
  5
249A
  8
0
 10
-0.2421779410079011
 20
0.0109341000000029
 30
0.0
 11
-0.241855741007896
 21
0.008779050000004
 31
0.0
  0
LINE
  5
249B
  8
0
 10
-0.241855741007896
 20
0.008779050000004
 30
0.0
 11
-0.2416037410079013
 21
0.0066028800000055
 31
0.0
  0
LINE
  5
249C
  8
0
 10
-0.2416037410079013
 20
0.0066028800000055
 30
0.0
 11
-0.2414237410078953
 21
0.0044107800000063
 31
0.0
  0
LINE
  5
249D
  8
0
 10
-0.2414237410078953
 20
0.0044107800000063
 30
0.0
 11
-0.2413151410078967
 21
0.0022080599999981
 31
0.0
  0
LINE
  5
249E
  8
0
 10
-0.1841597410078975
 20
-0.0192399899999941
 30
0.0
 11
-0.1848215410078978
 21
-0.0212128499999977
 31
0.0
  0
LINE
  5
249F
  8
0
 10
-0.1848215410078978
 20
-0.0212128499999977
 30
0.0
 11
-0.1855475410079066
 21
-0.023134619999999
 31
0.0
  0
LINE
  5
24A0
  8
0
 10
-0.1855475410079066
 20
-0.023134619999999
 30
0.0
 11
-0.1863353410078957
 21
-0.0250006500000012
 31
0.0
  0
LINE
  5
24A1
  8
0
 10
-0.1880885410079031
 20
-0.0285476999999986
 30
0.0
 11
-0.1890503410078963
 21
-0.0302201999999966
 31
0.0
  0
LINE
  5
24A2
  8
0
 10
-0.1863353410078957
 20
-0.0250006500000012
 30
0.0
 11
-0.1871831410079039
 21
-0.0268064699999968
 31
0.0
  0
LINE
  5
24A3
  8
0
 10
-0.1871831410079039
 20
-0.0268064699999968
 30
0.0
 11
-0.1880885410079031
 21
-0.0285476999999986
 31
0.0
  0
LINE
  5
24A4
  8
0
 10
-0.1934081410078931
 20
-0.0361442999999951
 30
0.0
 11
-0.1946117410079068
 21
-0.0374159999999989
 31
0.0
  0
LINE
  5
24A5
  8
0
 10
-0.1890503410078963
 20
-0.0302201999999966
 30
0.0
 11
-0.1900661410079066
 21
-0.0318197999999995
 31
0.0
  0
LINE
  5
24A6
  8
0
 10
-0.1900661410079066
 20
-0.0318197999999995
 30
0.0
 11
-0.1911323410078921
 21
-0.0333428999999995
 31
0.0
  0
LINE
  5
24A7
  8
0
 10
-0.1911323410078921
 20
-0.0333428999999995
 30
0.0
 11
-0.1922471410079083
 21
-0.0347855999999979
 31
0.0
  0
LINE
  5
24A8
  8
0
 10
-0.1922471410079083
 20
-0.0347855999999979
 30
0.0
 11
-0.1934081410078931
 21
-0.0361442999999951
 31
0.0
  0
LINE
  5
24A9
  8
0
 10
-0.1946117410079068
 20
-0.0374159999999989
 30
0.0
 11
-0.1958561410079027
 21
-0.0385976999999997
 31
0.0
  0
LINE
  5
24AA
  8
0
 10
-0.1958561410079027
 20
-0.0385976999999997
 30
0.0
 11
-0.1971371410079086
 21
-0.0396863999999965
 31
0.0
  0
LINE
  5
24AB
  8
0
 10
-0.2054261410079049
 20
-0.0441354000000018
 30
0.0
 11
-0.2068769410079084
 21
-0.0445127999999954
 31
0.0
  0
LINE
  5
24AC
  8
0
 10
-0.2068769410079084
 20
-0.0445127999999954
 30
0.0
 11
-0.2083385410079017
 21
-0.0447833999999943
 31
0.0
  0
LINE
  5
24AD
  8
0
 10
-0.2083385410079017
 20
-0.0447833999999943
 30
0.0
 11
-0.2098073410078939
 21
-0.0449456999999939
 31
0.0
  0
LINE
  5
24AE
  8
0
 10
-0.2098073410078939
 20
-0.0449456999999939
 30
0.0
 11
-0.2112791410078954
 21
-0.0450000000000017
 31
0.0
  0
LINE
  5
24AF
  8
0
 10
-0.2112791410078954
 20
-0.0450000000000017
 30
0.0
 11
-0.2127509410078971
 21
-0.0449456999999939
 31
0.0
  0
LINE
  5
24B0
  8
0
 10
-0.2127509410078971
 20
-0.0449456999999939
 30
0.0
 11
-0.2142197410079063
 21
-0.0447833999999943
 31
0.0
  0
LINE
  5
24B1
  8
0
 10
-0.2142197410079063
 20
-0.0447833999999943
 30
0.0
 11
-0.2156813410078995
 21
-0.0445127999999954
 31
0.0
  0
LINE
  5
24B2
  8
0
 10
-0.2156813410078995
 20
-0.0445127999999954
 30
0.0
 11
-0.2171321410079031
 21
-0.0441354000000018
 31
0.0
  0
LINE
  5
24B3
  8
0
 10
-0.2171321410079031
 20
-0.0441354000000018
 30
0.0
 11
-0.2185685410078917
 21
-0.0436514999999958
 31
0.0
  0
LINE
  5
24B4
  8
0
 10
-0.1984523410078963
 20
-0.0406793999999962
 30
0.0
 11
-0.1997987410079076
 21
-0.0415745999999956
 31
0.0
  0
LINE
  5
24B5
  8
0
 10
-0.1997987410079076
 20
-0.0415745999999956
 30
0.0
 11
-0.2011727410079004
 21
-0.0423696000000007
 31
0.0
  0
LINE
  5
24B6
  8
0
 10
-0.2011727410079004
 20
-0.0423696000000007
 30
0.0
 11
-0.2025707410079007
 21
-0.0430622999999997
 31
0.0
  0
LINE
  5
24B7
  8
0
 10
-0.2025707410079007
 20
-0.0430622999999997
 30
0.0
 11
-0.2039897410078992
 21
-0.0436514999999958
 31
0.0
  0
LINE
  5
24B8
  8
0
 10
-0.2039897410078992
 20
-0.0436514999999958
 30
0.0
 11
-0.2054261410079049
 21
-0.0441354000000018
 31
0.0
  0
LINE
  5
24B9
  8
0
 10
-0.1971371410079086
 20
-0.0396863999999965
 30
0.0
 11
-0.1984523410078963
 21
-0.0406793999999962
 31
0.0
  0
LINE
  5
24BA
  8
0
 10
-0.1946117410079068
 20
0.0374159999999989
 30
0.0
 11
-0.1934081410078931
 21
0.0361443000000037
 31
0.0
  0
LINE
  5
24BB
  8
0
 10
-0.1934081410078931
 20
0.0361443000000037
 30
0.0
 11
-0.1922471410079083
 21
0.0347856000000064
 31
0.0
  0
LINE
  5
24BC
  8
0
 10
-0.1922471410079083
 20
0.0347856000000064
 30
0.0
 11
-0.1911323410078921
 21
0.0333428999999995
 31
0.0
  0
LINE
  5
24BD
  8
0
 10
-0.1911323410078921
 20
0.0333428999999995
 30
0.0
 11
-0.1900661410079066
 21
0.0318197999999995
 31
0.0
  0
LINE
  5
24BE
  8
0
 10
-0.1900661410079066
 20
0.0318197999999995
 30
0.0
 11
-0.1890503410078963
 21
0.0302202000000051
 31
0.0
  0
LINE
  5
24BF
  8
0
 10
-0.2112791410078954
 20
0.0450000000000017
 30
0.0
 11
-0.2098073410078939
 21
0.0449457000000024
 31
0.0
  0
LINE
  5
24C0
  8
0
 10
-0.2098073410078939
 20
0.0449457000000024
 30
0.0
 11
-0.2083385410079017
 21
0.0447834000000029
 31
0.0
  0
LINE
  5
24C1
  8
0
 10
-0.2083385410079017
 20
0.0447834000000029
 30
0.0
 11
-0.2068769410079084
 21
0.044512800000004
 31
0.0
  0
LINE
  5
24C2
  8
0
 10
-0.2068769410079084
 20
0.044512800000004
 30
0.0
 11
-0.2054261410079049
 21
0.0441354000000018
 31
0.0
  0
LINE
  5
24C3
  8
0
 10
-0.2185685410078917
 20
0.0436515000000043
 30
0.0
 11
-0.2171321410079031
 21
0.0441354000000018
 31
0.0
  0
LINE
  5
24C4
  8
0
 10
-0.2171321410079031
 20
0.0441354000000018
 30
0.0
 11
-0.2156813410078995
 21
0.044512800000004
 31
0.0
  0
LINE
  5
24C5
  8
0
 10
-0.2156813410078995
 20
0.044512800000004
 30
0.0
 11
-0.2142197410079063
 21
0.0447834000000029
 31
0.0
  0
LINE
  5
24C6
  8
0
 10
-0.2142197410079063
 20
0.0447834000000029
 30
0.0
 11
-0.2127509410078971
 21
0.0449457000000024
 31
0.0
  0
LINE
  5
24C7
  8
0
 10
-0.2127509410078971
 20
0.0449457000000024
 30
0.0
 11
-0.2112791410078954
 21
0.0450000000000017
 31
0.0
  0
LINE
  5
24C8
  8
0
 10
-0.2039897410078992
 20
0.0436515000000043
 30
0.0
 11
-0.2025707410079007
 21
0.0430622999999997
 31
0.0
  0
LINE
  5
24C9
  8
0
 10
-0.2025707410079007
 20
0.0430622999999997
 30
0.0
 11
-0.2011727410079004
 21
0.0423696000000007
 31
0.0
  0
LINE
  5
24CA
  8
0
 10
-0.2011727410079004
 20
0.0423696000000007
 30
0.0
 11
-0.1997987410079076
 21
0.0415746000000041
 31
0.0
  0
LINE
  5
24CB
  8
0
 10
-0.1997987410079076
 20
0.0415746000000041
 30
0.0
 11
-0.1984523410078963
 21
0.0406794000000048
 31
0.0
  0
LINE
  5
24CC
  8
0
 10
-0.1984523410078963
 20
0.0406794000000048
 30
0.0
 11
-0.1971371410079086
 21
0.039686400000005
 31
0.0
  0
LINE
  5
24CD
  8
0
 10
-0.1971371410079086
 20
0.039686400000005
 30
0.0
 11
-0.1958561410079027
 21
0.0385976999999997
 31
0.0
  0
LINE
  5
24CE
  8
0
 10
-0.1958561410079027
 20
0.0385976999999997
 30
0.0
 11
-0.1946117410079068
 21
0.0374159999999989
 31
0.0
  0
LINE
  5
24CF
  8
0
 10
-0.2054261410079049
 20
0.0441354000000018
 30
0.0
 11
-0.2039897410078992
 21
0.0436515000000043
 31
0.0
  0
LINE
  5
24D0
  8
0
 10
-0.1835627410079041
 20
-0.0172207499999985
 30
0.0
 11
-0.1841597410078975
 21
-0.0192399899999941
 31
0.0
  0
LINE
  5
24D1
  8
0
 10
-0.1855475410079066
 20
0.0231346199999991
 30
0.0
 11
-0.1848215410078978
 21
0.0212128500000063
 31
0.0
  0
LINE
  5
24D2
  8
0
 10
-0.1848215410078978
 20
0.0212128500000063
 30
0.0
 11
-0.1841597410078975
 21
0.0192399900000027
 31
0.0
  0
LINE
  5
24D3
  8
0
 10
-0.1841597410078975
 20
0.0192399900000027
 30
0.0
 11
-0.1835627410079041
 21
0.0172207499999985
 31
0.0
  0
LINE
  5
24D4
  8
0
 10
-0.1863353410078957
 20
0.0250006500000012
 30
0.0
 11
-0.1855475410079066
 21
0.0231346199999991
 31
0.0
  0
LINE
  5
24D5
  8
0
 10
-0.1890503410078963
 20
0.0302202000000051
 30
0.0
 11
-0.1880885410079031
 21
0.0285476999999986
 31
0.0
  0
LINE
  5
24D6
  8
0
 10
-0.1880885410079031
 20
0.0285476999999986
 30
0.0
 11
-0.1871831410079039
 21
0.0268064700000054
 31
0.0
  0
LINE
  5
24D7
  8
0
 10
-0.1871831410079039
 20
0.0268064700000054
 30
0.0
 11
-0.1863353410078957
 21
0.0250006500000012
 31
0.0
  0
LINE
  5
24D8
  8
0
 10
-0.2185685410078917
 20
-0.0436514999999958
 30
0.0
 11
-0.2199875410079073
 21
-0.0430622999999997
 31
0.0
  0
LINE
  5
24D9
  8
0
 10
-0.2199875410079073
 20
0.0430622999999997
 30
0.0
 11
-0.2185685410078917
 21
0.0436515000000043
 31
0.0
  0
LINE
  5
24DA
  8
0
 10
-0.2771321410078996
 20
-0.0441354000000018
 30
0.0
 11
-0.2785685410079053
 21
-0.0436514999999958
 31
0.0
  0
LINE
  5
24DB
  8
0
 10
-0.2785685410079053
 20
0.0436515000000043
 30
0.0
 11
-0.2771321410078996
 21
0.0441354000000018
 31
0.0
  0
LINE
  5
24DC
  8
0
 10
-0.3942196810078996
 20
-0.0447833999999943
 30
0.0
 11
-0.3956810410079071
 21
-0.0445127999999954
 31
0.0
  0
LINE
  5
24DD
  8
0
 10
-0.3956810410079071
 20
0.044512800000004
 30
0.0
 11
-0.3942196810078996
 21
0.0447834000000029
 31
0.0
  0
LINE
  5
24DE
  8
0
 10
-0.3956810410079071
 20
-0.0445127999999954
 30
0.0
 11
-0.3971318410078935
 21
-0.0441354000000018
 31
0.0
  0
LINE
  5
24DF
  8
0
 10
-0.4054210210078965
 20
-0.0396863999999965
 30
0.0
 11
-0.4067022010079085
 21
-0.0385976999999997
 31
0.0
  0
LINE
  5
24E0
  8
0
 10
-0.4067022010079085
 20
-0.0385976999999997
 30
0.0
 11
-0.4079462410079089
 21
-0.0374159999999989
 31
0.0
  0
LINE
  5
24E1
  8
0
 10
-0.399987661007907
 20
-0.0430622999999997
 30
0.0
 11
-0.4013858410078968
 21
-0.0423696000000007
 31
0.0
  0
LINE
  5
24E2
  8
0
 10
-0.4013858410078968
 20
-0.0423696000000007
 30
0.0
 11
-0.4027596610079002
 21
-0.0415745999999956
 31
0.0
  0
LINE
  5
24E3
  8
0
 10
-0.4027596610079002
 20
-0.0415745999999956
 30
0.0
 11
-0.4041058210079087
 21
-0.0406793999999962
 31
0.0
  0
LINE
  5
24E4
  8
0
 10
-0.4041058210079087
 20
-0.0406793999999962
 30
0.0
 11
-0.4054210210078965
 21
-0.0396863999999965
 31
0.0
  0
LINE
  5
24E5
  8
0
 10
-0.3971318410078935
 20
-0.0441354000000018
 30
0.0
 11
-0.3985685410078986
 21
-0.0436514999999958
 31
0.0
  0
LINE
  5
24E6
  8
0
 10
-0.3985685410078986
 20
-0.0436514999999958
 30
0.0
 11
-0.399987661007907
 21
-0.0430622999999997
 31
0.0
  0
LINE
  5
24E7
  8
0
 10
-0.3971318410078935
 20
0.0441354000000018
 30
0.0
 11
-0.3956810410079071
 21
0.044512800000004
 31
0.0
  0
LINE
  5
24E8
  8
0
 10
-0.4054210210078965
 20
0.039686400000005
 30
0.0
 11
-0.4041058210079087
 21
0.0406794000000048
 31
0.0
  0
LINE
  5
24E9
  8
0
 10
-0.4041058210079087
 20
0.0406794000000048
 30
0.0
 11
-0.4027596610079002
 21
0.0415746000000041
 31
0.0
  0
LINE
  5
24EA
  8
0
 10
-0.4027596610079002
 20
0.0415746000000041
 30
0.0
 11
-0.4013858410078968
 21
0.0423696000000007
 31
0.0
  0
LINE
  5
24EB
  8
0
 10
-0.4013858410078968
 20
0.0423696000000007
 30
0.0
 11
-0.399987661007907
 21
0.0430622999999997
 31
0.0
  0
LINE
  5
24EC
  8
0
 10
-0.4079462410079089
 20
0.0374159999999989
 30
0.0
 11
-0.4067022010079085
 21
0.0385976999999997
 31
0.0
  0
LINE
  5
24ED
  8
0
 10
-0.4067022010079085
 20
0.0385976999999997
 30
0.0
 11
-0.4054210210078965
 21
0.039686400000005
 31
0.0
  0
LINE
  5
24EE
  8
0
 10
-0.3985685410078986
 20
0.0436515000000043
 30
0.0
 11
-0.3971318410078935
 21
0.0441354000000018
 31
0.0
  0
LINE
  5
24EF
  8
0
 10
-0.399987661007907
 20
0.0430622999999997
 30
0.0
 11
-0.3985685410078986
 21
0.0436515000000043
 31
0.0
  0
LINE
  5
24F0
  8
0
 10
-0.3641594410079051
 20
-0.0192399899999941
 30
0.0
 11
-0.3648214810079082
 21
-0.0212128499999977
 31
0.0
  0
LINE
  5
24F1
  8
0
 10
-0.3577368010078998
 20
-0.0212128499999977
 30
0.0
 11
-0.3583988410079029
 21
-0.0192399899999941
 31
0.0
  0
LINE
  5
24F2
  8
0
 10
-0.3371318410078969
 20
-0.0441354000000018
 30
0.0
 11
-0.338568541007902
 21
-0.0436514999999958
 31
0.0
  0
LINE
  5
24F3
  8
0
 10
-0.3690505810079059
 20
-0.0302201999999966
 30
0.0
 11
-0.3700659610079071
 21
-0.0318197999999995
 31
0.0
  0
LINE
  5
24F4
  8
0
 10
-0.3655473010078935
 20
-0.023134619999999
 30
0.0
 11
-0.3663350410079032
 21
-0.0250006500000012
 31
0.0
  0
LINE
  5
24F5
  8
0
 10
-0.3663350410079032
 20
-0.0250006500000012
 30
0.0
 11
-0.3671829010079079
 21
-0.0268064699999968
 31
0.0
  0
LINE
  5
24F6
  8
0
 10
-0.3671829010079079
 20
-0.0268064699999968
 30
0.0
 11
-0.3680888410079091
 21
-0.0285476999999986
 31
0.0
  0
LINE
  5
24F7
  8
0
 10
-0.3680888410079091
 20
-0.0285476999999986
 30
0.0
 11
-0.3690505810079059
 21
-0.0302201999999966
 31
0.0
  0
LINE
  5
24F8
  8
0
 10
-0.3648214810079082
 20
-0.0212128499999977
 30
0.0
 11
-0.3655473010078935
 21
-0.023134619999999
 31
0.0
  0
LINE
  5
24F9
  8
0
 10
-0.3700659610079071
 20
-0.0318197999999995
 30
0.0
 11
-0.3711324010078953
 21
-0.0333428999999995
 31
0.0
  0
LINE
  5
24FA
  8
0
 10
-0.3711324010078953
 20
-0.0333428999999995
 30
0.0
 11
-0.3722473210079044
 21
-0.0347855999999979
 31
0.0
  0
LINE
  5
24FB
  8
0
 10
-0.3722473210079044
 20
-0.0347855999999979
 30
0.0
 11
-0.3734081410078999
 21
-0.0361442999999951
 31
0.0
  0
LINE
  5
24FC
  8
0
 10
-0.3734081410078999
 20
-0.0361442999999951
 30
0.0
 11
-0.3746120410078958
 21
-0.0374159999999989
 31
0.0
  0
LINE
  5
24FD
  8
0
 10
-0.3746120410078958
 20
-0.0374159999999989
 30
0.0
 11
-0.3758560810078961
 21
-0.0385976999999997
 31
0.0
  0
ATTDEF
  5
2507
  8
0
  6
CONTINUOUS
 62
     7
 10
-1.815022739026203
 20
-1.298193047673688
 30
0.0
 40
0.2
  1

 72
     2
 11
-0.1483560723595367
 21
-1.298193047673688
 31
0.0
  3
Schema di montaggio
  2
MONTAGGIO
 70
     9
  0
ENDSEC
  0
EOF
