"Sottosistema","Sorgente","Unita","PercorsoEsplicito"
"CanaliAria","C:\DOCUMENTI\sd\sorgenti\bm-sd\CANALI\INPGRAF\DFM\INGLESE\MAINEDIT.PAS","Buttons",
"CanaliAria","C:\DOCUMENTI\sd\sorgenti\bm-sd\CANALI\INPGRAF\MAINEDIT.PAS","Buttons",
"CanaliAria","C:\DOCUMENTI\sd\sorgenti\bm-sd\CANALI\INPGRAF\UVPEZZI.PAS","Buttons",
"CanaliAria","C:\DOCUMENTI\sd\sorgenti\bm-sd\CANALI\MAIN.PAS","Buttons",
"CanaliAria","C:\DOCUMENTI\sd\sorgenti\bm-sd\CANALI\UTILS\MAIN.PAS","Buttons",
"CanaliAria","C:\DOCUMENTI\sd\sorgenti\bm-sd\CANALI\UTILS\MAINST.PAS","Buttons",
"CanaliAria","C:\DOCUMENTI\sd\sorgenti\bm-sd\CANALI\UTILS\MESSWIN.PAS","Buttons",
"CanaliAria","C:\DOCUMENTI\sd\sorgenti\bm-sd\CANALI\UTILS\OLDST.PAS","Buttons",
"CanaliAria","C:\DOCUMENTI\sd\sorgenti\bm-sd\CANALI\UTILS\PROTOTIP.PAS","Buttons",
"CanaliAria","C:\DOCUMENTI\sd\sorgenti\bm-sd\CANALI\UTILS\TRMAIN.PAS","Buttons",
"CanaliAria","C:\DOCUMENTI\sd\sorgenti\bm-sd\CANALI\UTILS\UCEDIFIC.PAS","Buttons",
"CanaliAria","C:\DOCUMENTI\sd\sorgenti\bm-sd\CANALI\UTILS\ULDATI10.PAS","Buttons",
"CanaliAria","C:\DOCUMENTI\sd\sorgenti\bm-sd\CANALI\UTILS\UVIDEO.PAS","Buttons",
"CanaliAria","C:\DOCUMENTI\sd\sorgenti\bm-sd\CANALI\INPGRAF\INPUTC.PAS","bwcc",
"CanaliAria","C:\DOCUMENTI\sd\sorgenti\bm-sd\CANALI\INPGRAF\PROV.PAS","bwcc",
"CanaliAria","C:\DOCUMENTI\sd\sorgenti\bm-sd\CANALI\INPGRAF\W_ICART.PAS","bwcc",
"CanaliAria","C:\DOCUMENTI\sd\sorgenti\bm-sd\CANALI\INPGRAF\W_INPUTC.PAS","bwcc",
"CanaliAria","C:\DOCUMENTI\sd\sorgenti\bm-sd\CANALI\PROVAUTI.PAS","bwcc",
"CanaliAria","C:\DOCUMENTI\sd\sorgenti\bm-sd\CANALI\UTILS\KEYENG.PAS","bwcc",
"CanaliAria","C:\DOCUMENTI\sd\sorgenti\bm-sd\CANALI\UTILS\PRNTESTO.PAS","bwcc",
"CanaliAria","C:\DOCUMENTI\sd\sorgenti\bm-sd\CANALI\UTILS\PRNWIN.PAS","bwcc",
"CanaliAria","C:\DOCUMENTI\sd\sorgenti\bm-sd\CANALI\W_GEST.PAS","bwcc",
"CanaliAria","C:\DOCUMENTI\sd\sorgenti\bm-sd\CANALI\UProvacanali.pas","calcolo",
"CanaliAria","C:\DOCUMENTI\sd\sorgenti\bm-sd\3dCAD\Uoggetti.pas","Classes",
"CanaliAria","C:\DOCUMENTI\sd\sorgenti\bm-sd\CANALI\CalcoloCan.dpr","Classes",
"CanaliAria","C:\DOCUMENTI\sd\sorgenti\bm-sd\CANALI\disperrori.pas","Classes",
"CanaliAria","C:\DOCUMENTI\sd\sorgenti\bm-sd\CANALI\formpezzi.pas","Classes",
"CanaliAria","C:\DOCUMENTI\sd\sorgenti\bm-sd\CANALI\INPGRAF\DFM\INGLESE\MAINEDIT.PAS","Classes",
"CanaliAria","C:\DOCUMENTI\sd\sorgenti\bm-sd\CANALI\INPGRAF\MAINEDIT.PAS","Classes",
"CanaliAria","C:\DOCUMENTI\sd\sorgenti\bm-sd\CANALI\INPGRAF\UPROVA.PAS","Classes",
"CanaliAria","C:\DOCUMENTI\sd\sorgenti\bm-sd\CANALI\INPGRAF\Uprovadim.pas","Classes",
"CanaliAria","C:\DOCUMENTI\sd\sorgenti\bm-sd\CANALI\INPGRAF\UVPEZZI.PAS","Classes",
"CanaliAria","C:\DOCUMENTI\sd\sorgenti\bm-sd\CANALI\MAIN.PAS","Classes",
"CanaliAria","C:\DOCUMENTI\sd\sorgenti\bm-sd\CANALI\pezzi3d\U3dsd.pas","Classes",
"CanaliAria","C:\DOCUMENTI\sd\sorgenti\bm-sd\CANALI\Selcodice.dpr","Classes",
"CanaliAria","C:\DOCUMENTI\sd\sorgenti\bm-sd\CANALI\Ucompiladcu.pas","Classes",
"CanaliAria","C:\DOCUMENTI\sd\sorgenti\bm-sd\CANALI\UFDaticalc.pas","Classes",
"CanaliAria","C:\DOCUMENTI\sd\sorgenti\bm-sd\CANALI\UProvacanali.pas","Classes",
"CanaliAria","C:\DOCUMENTI\sd\sorgenti\bm-sd\CANALI\UTILS\FINS.PAS","Classes",
"CanaliAria","C:\DOCUMENTI\sd\sorgenti\bm-sd\CANALI\UTILS\MAIN.PAS","Classes",
"CanaliAria","C:\DOCUMENTI\sd\sorgenti\bm-sd\CANALI\UTILS\MAINST.PAS","Classes",
"CanaliAria","C:\DOCUMENTI\sd\sorgenti\bm-sd\CANALI\UTILS\MC4EDIT.PAS","Classes",
"CanaliAria","C:\DOCUMENTI\sd\sorgenti\bm-sd\CANALI\UTILS\MESSWIN.PAS","Classes",
"CanaliAria","C:\DOCUMENTI\sd\sorgenti\bm-sd\CANALI\UTILS\OLDST.PAS","Classes",
"CanaliAria","C:\DOCUMENTI\sd\sorgenti\bm-sd\CANALI\UTILS\PRDLL.PAS","Classes",
"CanaliAria","C:\DOCUMENTI\sd\sorgenti\bm-sd\CANALI\UTILS\PROTOTIP.PAS","Classes",
"CanaliAria","C:\DOCUMENTI\sd\sorgenti\bm-sd\CANALI\UTILS\TRMAIN.PAS","Classes",
"CanaliAria","C:\DOCUMENTI\sd\sorgenti\bm-sd\CANALI\UTILS\UCEDIFIC.PAS","Classes",
"CanaliAria","C:\DOCUMENTI\sd\sorgenti\bm-sd\CANALI\UTILS\UFROM.PAS","Classes",
"CanaliAria","C:\DOCUMENTI\sd\sorgenti\bm-sd\CANALI\UTILS\ULDATI10.PAS","Classes",
"CanaliAria","C:\DOCUMENTI\sd\sorgenti\bm-sd\CANALI\UTILS\UMC4F.PAS","Classes",
"CanaliAria","C:\DOCUMENTI\sd\sorgenti\bm-sd\CANALI\UTILS\UREC.PAS","Classes",
"CanaliAria","C:\DOCUMENTI\sd\sorgenti\bm-sd\CANALI\UTILS\UTI_DLF.PAS","classes",
"CanaliAria","C:\DOCUMENTI\sd\sorgenti\bm-sd\CANALI\UTILS\UVIDEO.PAS","Classes",
"CanaliAria","C:\DOCUMENTI\sd\sorgenti\bm-sd\CANALI\UTILS\UVKEY.PAS","Classes",
"CanaliAria","C:\DOCUMENTI\sd\sorgenti\bm-sd\componenti\kbmmem\bdenew\DbTables.pas","Classes",
"CanaliAria","C:\DOCUMENTI\sd\sorgenti\bm-sd\3dCAD\Uoggetti.pas","ComCtrls",
"CanaliAria","C:\DOCUMENTI\sd\sorgenti\bm-sd\CANALI\formpezzi.pas","ComCtrls",
"CanaliAria","C:\DOCUMENTI\sd\sorgenti\bm-sd\CANALI\pezzi3d\U3dsd.pas","ComCtrls",
"CanaliAria","C:\DOCUMENTI\sd\sorgenti\bm-sd\CANALI\UTILS\PRNTESTO.PAS","commdlg",
"CanaliAria","C:\DOCUMENTI\sd\sorgenti\bm-sd\3dCAD\Uoggetti.pas","Controls",
"CanaliAria","C:\DOCUMENTI\sd\sorgenti\bm-sd\CANALI\formpezzi.pas","Controls",
"CanaliAria","C:\DOCUMENTI\sd\sorgenti\bm-sd\CANALI\INPGRAF\DFM\INGLESE\MAINEDIT.PAS","Controls",
"CanaliAria","C:\DOCUMENTI\sd\sorgenti\bm-sd\CANALI\INPGRAF\MAINEDIT.PAS","Controls",
"CanaliAria","C:\DOCUMENTI\sd\sorgenti\bm-sd\CANALI\INPGRAF\UPROVA.PAS","Controls",
"CanaliAria","C:\DOCUMENTI\sd\sorgenti\bm-sd\CANALI\INPGRAF\Uprovadim.pas","Controls",
"CanaliAria","C:\DOCUMENTI\sd\sorgenti\bm-sd\CANALI\INPGRAF\UVPEZZI.PAS","Controls",
"CanaliAria","C:\DOCUMENTI\sd\sorgenti\bm-sd\CANALI\MAIN.PAS","Controls",
"CanaliAria","C:\DOCUMENTI\sd\sorgenti\bm-sd\CANALI\pezzi3d\U3dsd.pas","Controls",
"CanaliAria","C:\DOCUMENTI\sd\sorgenti\bm-sd\CANALI\Ucompiladcu.pas","Controls",
"CanaliAria","C:\DOCUMENTI\sd\sorgenti\bm-sd\CANALI\UFDaticalc.pas","Controls",
"CanaliAria","C:\DOCUMENTI\sd\sorgenti\bm-sd\CANALI\UProvacanali.pas","Controls",
"CanaliAria","C:\DOCUMENTI\sd\sorgenti\bm-sd\CANALI\UTILS\FINS.PAS","Controls",
"CanaliAria","C:\DOCUMENTI\sd\sorgenti\bm-sd\CANALI\UTILS\MAIN.PAS","Controls",
"CanaliAria","C:\DOCUMENTI\sd\sorgenti\bm-sd\CANALI\UTILS\MAINST.PAS","Controls",
"CanaliAria","C:\DOCUMENTI\sd\sorgenti\bm-sd\CANALI\UTILS\MC4EDIT.PAS","Controls",
"CanaliAria","C:\DOCUMENTI\sd\sorgenti\bm-sd\CANALI\UTILS\MESSWIN.PAS","Controls",
"CanaliAria","C:\DOCUMENTI\sd\sorgenti\bm-sd\CANALI\UTILS\OLDST.PAS","Controls",
"CanaliAria","C:\DOCUMENTI\sd\sorgenti\bm-sd\CANALI\UTILS\PRDLL.PAS","Controls",
"CanaliAria","C:\DOCUMENTI\sd\sorgenti\bm-sd\CANALI\UTILS\PROTOTIP.PAS","Controls",
"CanaliAria","C:\DOCUMENTI\sd\sorgenti\bm-sd\CANALI\UTILS\TRMAIN.PAS","Controls",
"CanaliAria","C:\DOCUMENTI\sd\sorgenti\bm-sd\CANALI\UTILS\UCEDIFIC.PAS","Controls",
"CanaliAria","C:\DOCUMENTI\sd\sorgenti\bm-sd\CANALI\UTILS\UFROM.PAS","Controls",
"CanaliAria","C:\DOCUMENTI\sd\sorgenti\bm-sd\CANALI\UTILS\ULDATI10.PAS","Controls",
"CanaliAria","C:\DOCUMENTI\sd\sorgenti\bm-sd\CANALI\UTILS\UMC4F.PAS","Controls",
"CanaliAria","C:\DOCUMENTI\sd\sorgenti\bm-sd\CANALI\UTILS\UREC.PAS","Controls",
"CanaliAria","C:\DOCUMENTI\sd\sorgenti\bm-sd\CANALI\UTILS\UTI_DLF.PAS","controls",
"CanaliAria","C:\DOCUMENTI\sd\sorgenti\bm-sd\CANALI\UTILS\UVIDEO.PAS","Controls",
"CanaliAria","C:\DOCUMENTI\sd\sorgenti\bm-sd\CANALI\UTILS\UVKEY.PAS","Controls",
"CanaliAria","C:\DOCUMENTI\sd\sorgenti\bm-sd\CANALI\CalcoloCanali.pas","Copialibreriagenerale",
"CanaliAria","C:\DOCUMENTI\sd\sorgenti\bm-sd\CANALI\dimens.pas","copialibreriagenerale",
"CanaliAria","C:\DOCUMENTI\sd\sorgenti\bm-sd\CANALI\IncludiTabelle.pas","copialibreriagenerale",
"CanaliAria","C:\DOCUMENTI\sd\sorgenti\bm-sd\CANALI\init_cca.pas","Copialibreriagenerale",
"CanaliAria","C:\DOCUMENTI\sd\sorgenti\bm-sd\CANALI\U_cvcan.pas","copialibreriagenerale",
"CanaliAria","C:\DOCUMENTI\sd\sorgenti\bm-sd\CANALI\INPGRAF\DFM\INGLESE\MAINEDIT.PAS","DB",
"CanaliAria","C:\DOCUMENTI\sd\sorgenti\bm-sd\CANALI\INPGRAF\MAINEDIT.PAS","DB",
"CanaliAria","C:\DOCUMENTI\sd\sorgenti\bm-sd\CANALI\INPGRAF\UVPEZZI.PAS","DB",
"CanaliAria","C:\DOCUMENTI\sd\sorgenti\bm-sd\CANALI\ren Copialibreriagenerale.pas","DB",
"CanaliAria","C:\DOCUMENTI\sd\sorgenti\bm-sd\CANALI\UCalcolareti.pas","db",
"CanaliAria","C:\DOCUMENTI\sd\sorgenti\bm-sd\componenti\kbmmem\bdenew\DbTables.pas","DB",
"CanaliAria","C:\DOCUMENTI\sd\sorgenti\bm-sd\estivo\copiaLibreriaGenerale.pas","DB",
"CanaliAria","C:\DOCUMENTI\sd\sorgenti\bm-sd\CANALI\INPGRAF\DFM\INGLESE\MAINEDIT.PAS","DBCtrls",
"CanaliAria","C:\DOCUMENTI\sd\sorgenti\bm-sd\CANALI\INPGRAF\MAINEDIT.PAS","DBCtrls",
"CanaliAria","C:\DOCUMENTI\sd\sorgenti\bm-sd\CANALI\INPGRAF\UVPEZZI.PAS","DBCtrls",
"CanaliAria","C:\DOCUMENTI\sd\sorgenti\bm-sd\CANALI\INPGRAF\DFM\INGLESE\MAINEDIT.PAS","DBGrids",
"CanaliAria","C:\DOCUMENTI\sd\sorgenti\bm-sd\CANALI\INPGRAF\MAINEDIT.PAS","DBGrids",
"CanaliAria","C:\DOCUMENTI\sd\sorgenti\bm-sd\CANALI\INPGRAF\UVPEZZI.PAS","DBGrids",
"CanaliAria","C:\DOCUMENTI\sd\sorgenti\bm-sd\CANALI\INPGRAF\UVPEZZI.PAS","DBLookup",
"CanaliAria","C:\DOCUMENTI\sd\sorgenti\bm-sd\CANALI\DATIDUCT.PAS","def_win",
"CanaliAria","C:\DOCUMENTI\sd\sorgenti\bm-sd\CANALI\Genproccan.pas","def_win",
"CanaliAria","C:\DOCUMENTI\sd\sorgenti\bm-sd\CANALI\INPGRAF\DISEG.PAS","def_win",
"CanaliAria","C:\DOCUMENTI\sd\sorgenti\bm-sd\CANALI\INPGRAF\GENPROC.PAS","def_win",
"CanaliAria","C:\DOCUMENTI\sd\sorgenti\bm-sd\CANALI\INPGRAF\LOAD_P.PAS","def_win",
"CanaliAria","C:\DOCUMENTI\sd\sorgenti\bm-sd\CANALI\INPGRAF\MINICALC.PAS","def_win",
"CanaliAria","C:\DOCUMENTI\sd\sorgenti\bm-sd\CANALI\INPGRAF\VERIFICA.PAS","def_win",
"CanaliAria","C:\DOCUMENTI\sd\sorgenti\bm-sd\CANALI\INPGRAF\VSEZ.PAS","def_win",
"CanaliAria","C:\DOCUMENTI\sd\sorgenti\bm-sd\CANALI\INPGRAF\W_ICART.PAS","def_win",
"CanaliAria","C:\DOCUMENTI\sd\sorgenti\bm-sd\CANALI\INPGRAF\W_INPUTC.PAS","def_win",
"CanaliAria","C:\DOCUMENTI\sd\sorgenti\bm-sd\CANALI\UTILS\MAIN_W.PAS","def_win",
"CanaliAria","C:\DOCUMENTI\sd\sorgenti\bm-sd\CANALI\UTILS\PRNTESTO.PAS","def_win",
"CanaliAria","C:\DOCUMENTI\sd\sorgenti\bm-sd\CANALI\ANGOLI.PAS","definiz",
"CanaliAria","C:\DOCUMENTI\sd\sorgenti\bm-sd\CANALI\ARCPEZZI.PAS","definiz",
"CanaliAria","C:\DOCUMENTI\sd\sorgenti\bm-sd\CANALI\CalcoloCanali.pas","definiz",
"CanaliAria","C:\DOCUMENTI\sd\sorgenti\bm-sd\CANALI\DATIDUCT.PAS","definiz",
"CanaliAria","C:\DOCUMENTI\sd\sorgenti\bm-sd\CANALI\definizcan.pas","definiz",
"CanaliAria","C:\DOCUMENTI\sd\sorgenti\bm-sd\CANALI\dimens.pas","definiz",
"CanaliAria","C:\DOCUMENTI\sd\sorgenti\bm-sd\CANALI\FUNZBASE.PAS","definiz",
"CanaliAria","C:\DOCUMENTI\sd\sorgenti\bm-sd\CANALI\funzdim.pas","Definiz",
"CanaliAria","C:\DOCUMENTI\sd\sorgenti\bm-sd\CANALI\FUNZOVER.PAS","Definiz",
"CanaliAria","C:\DOCUMENTI\sd\sorgenti\bm-sd\CANALI\GENPROC.PAS","definiz",
"CanaliAria","C:\DOCUMENTI\sd\sorgenti\bm-sd\CANALI\Genproccan.pas","definiz",
"CanaliAria","C:\DOCUMENTI\sd\sorgenti\bm-sd\CANALI\GESTDUCT.PAS","definiz",
"CanaliAria","C:\DOCUMENTI\sd\sorgenti\bm-sd\CANALI\GLOBFUNZ.PAS","definiz",
"CanaliAria","C:\DOCUMENTI\sd\sorgenti\bm-sd\CANALI\GLOBFUNZcan.pas","definiz",
"CanaliAria","C:\DOCUMENTI\sd\sorgenti\bm-sd\CANALI\init_cca.pas","definiz",
"CanaliAria","C:\DOCUMENTI\sd\sorgenti\bm-sd\CANALI\INPGRAF\ANGOLI.PAS","Definiz",
"CanaliAria","C:\DOCUMENTI\sd\sorgenti\bm-sd\CANALI\INPGRAF\BLOCCO.PAS","definiz",
"CanaliAria","C:\DOCUMENTI\sd\sorgenti\bm-sd\CANALI\INPGRAF\CERCHIO.PAS","definiz",
"CanaliAria","C:\DOCUMENTI\sd\sorgenti\bm-sd\CANALI\INPGRAF\CIPZOOM.PAS","definiz",
"CanaliAria","C:\DOCUMENTI\sd\sorgenti\bm-sd\CANALI\INPGRAF\DAVGLOB.PAS","definiz",
"CanaliAria","C:\DOCUMENTI\sd\sorgenti\bm-sd\CANALI\INPGRAF\DAVINPUT.PAS","definiz",
"CanaliAria","C:\DOCUMENTI\sd\sorgenti\bm-sd\CANALI\INPGRAF\DAVRIDIS.PAS","definiz",
"CanaliAria","C:\DOCUMENTI\sd\sorgenti\bm-sd\CANALI\INPGRAF\DEBUG.PAS","definiz",
"CanaliAria","C:\DOCUMENTI\sd\sorgenti\bm-sd\CANALI\INPGRAF\DIMDLT.PAS","definiz",
"CanaliAria","C:\DOCUMENTI\sd\sorgenti\bm-sd\CANALI\INPGRAF\DIMENS.PAS","definiz",
"CanaliAria","C:\DOCUMENTI\sd\sorgenti\bm-sd\CANALI\INPGRAF\DIMPLT.PAS","definiz",
"CanaliAria","C:\DOCUMENTI\sd\sorgenti\bm-sd\CANALI\INPGRAF\DISDIM.PAS","definiz",
"CanaliAria","C:\DOCUMENTI\sd\sorgenti\bm-sd\CANALI\INPGRAF\DISEG.PAS","definiz",
"CanaliAria","C:\DOCUMENTI\sd\sorgenti\bm-sd\CANALI\INPGRAF\DXFOUTU.PAS","definiz",
"CanaliAria","C:\DOCUMENTI\sd\sorgenti\bm-sd\CANALI\INPGRAF\EDIT.PAS","definiz",
"CanaliAria","C:\DOCUMENTI\sd\sorgenti\bm-sd\CANALI\INPGRAF\EDITQUO.PAS","definiz",
"CanaliAria","C:\DOCUMENTI\sd\sorgenti\bm-sd\CANALI\INPGRAF\FUNZBASE.PAS","definiz",
"CanaliAria","C:\DOCUMENTI\sd\sorgenti\bm-sd\CANALI\INPGRAF\FUNZDIM.PAS","Definiz",
"CanaliAria","C:\DOCUMENTI\sd\sorgenti\bm-sd\CANALI\INPGRAF\FUNZOVER.PAS","Definiz",
"CanaliAria","C:\DOCUMENTI\sd\sorgenti\bm-sd\CANALI\INPGRAF\GENPROC.PAS","definiz",
"CanaliAria","C:\DOCUMENTI\sd\sorgenti\bm-sd\CANALI\INPGRAF\GLOBFUNZ.PAS","definiz",
"CanaliAria","C:\DOCUMENTI\sd\sorgenti\bm-sd\CANALI\INPGRAF\GRAFER.PAS","definiz",
"CanaliAria","C:\DOCUMENTI\sd\sorgenti\bm-sd\CANALI\INPGRAF\IMPTERM.PAS","definiz",
"CanaliAria","C:\DOCUMENTI\sd\sorgenti\bm-sd\CANALI\INPGRAF\INIT.PAS","definiz",
"CanaliAria","C:\DOCUMENTI\sd\sorgenti\bm-sd\CANALI\INPGRAF\INIT_CAR.PAS","definiz",
"CanaliAria","C:\DOCUMENTI\sd\sorgenti\bm-sd\CANALI\INPGRAF\INIT_CCA.PAS","definiz",
"CanaliAria","C:\DOCUMENTI\sd\sorgenti\bm-sd\CANALI\INPGRAF\INIT_DUC.PAS","definiz",
"CanaliAria","C:\DOCUMENTI\sd\sorgenti\bm-sd\CANALI\INPGRAF\INPUTC.PAS","definiz",
"CanaliAria","C:\DOCUMENTI\sd\sorgenti\bm-sd\CANALI\INPGRAF\INSER.PAS","definiz",
"CanaliAria","C:\DOCUMENTI\sd\sorgenti\bm-sd\CANALI\INPGRAF\INSTALLA.PAS","definiz",
"CanaliAria","C:\DOCUMENTI\sd\sorgenti\bm-sd\CANALI\INPGRAF\INTCR.PAS","Definiz",
"CanaliAria","C:\DOCUMENTI\sd\sorgenti\bm-sd\CANALI\INPGRAF\INTERF3D.PAS","definiz",
"CanaliAria","C:\DOCUMENTI\sd\sorgenti\bm-sd\CANALI\INPGRAF\LOAD_D.PAS","definiz",
"CanaliAria","C:\DOCUMENTI\sd\sorgenti\bm-sd\CANALI\INPGRAF\LOAD_P.PAS","definiz",
"CanaliAria","C:\DOCUMENTI\sd\sorgenti\bm-sd\CANALI\INPGRAF\LOADDIS.PAS","definiz",
"CanaliAria","C:\DOCUMENTI\sd\sorgenti\bm-sd\CANALI\INPGRAF\MINICALC.PAS","definiz",
"CanaliAria","C:\DOCUMENTI\sd\sorgenti\bm-sd\CANALI\INPGRAF\MUOVI_CU.PAS","Definiz",
"CanaliAria","C:\DOCUMENTI\sd\sorgenti\bm-sd\CANALI\INPGRAF\N_DISDIM.PAS","definiz",
"CanaliAria","C:\DOCUMENTI\sd\sorgenti\bm-sd\CANALI\INPGRAF\NOVITDIM.PAS","definiz",
"CanaliAria","C:\DOCUMENTI\sd\sorgenti\bm-sd\CANALI\INPGRAF\NOVITPLT.PAS","definiz",
"CanaliAria","C:\DOCUMENTI\sd\sorgenti\bm-sd\CANALI\INPGRAF\NUOVE_F.PAS","Definiz",
"CanaliAria","C:\DOCUMENTI\sd\sorgenti\bm-sd\CANALI\INPGRAF\OLD_GRU.PAS","definiz",
"CanaliAria","C:\DOCUMENTI\sd\sorgenti\bm-sd\CANALI\INPGRAF\OS_GEN.PAS","definiz",
"CanaliAria","C:\DOCUMENTI\sd\sorgenti\bm-sd\CANALI\INPGRAF\OSN_GEN.PAS","definiz",
"CanaliAria","C:\DOCUMENTI\sd\sorgenti\bm-sd\CANALI\INPGRAF\OSNAP.PAS","definiz",
"CanaliAria","C:\DOCUMENTI\sd\sorgenti\bm-sd\CANALI\INPGRAF\OSNAPTRO.PAS","definiz",
"CanaliAria","C:\DOCUMENTI\sd\sorgenti\bm-sd\CANALI\INPGRAF\OUTPLT.PAS","definiz",
"CanaliAria","C:\DOCUMENTI\sd\sorgenti\bm-sd\CANALI\INPGRAF\PEZZI.PAS","definiz",
"CanaliAria","C:\DOCUMENTI\sd\sorgenti\bm-sd\CANALI\INPGRAF\PLOT.PAS","definiz",
"CanaliAria","C:\DOCUMENTI\sd\sorgenti\bm-sd\CANALI\INPGRAF\PROV.PAS","definiz",
"CanaliAria","C:\DOCUMENTI\sd\sorgenti\bm-sd\CANALI\INPGRAF\RADDRIZ.PAS","Definiz",
"CanaliAria","C:\DOCUMENTI\sd\sorgenti\bm-sd\CANALI\INPGRAF\RIDI.PAS","definiz",
"CanaliAria","C:\DOCUMENTI\sd\sorgenti\bm-sd\CANALI\INPGRAF\RIDIS_U.PAS","definiz",
"CanaliAria","C:\DOCUMENTI\sd\sorgenti\bm-sd\CANALI\INPGRAF\RIDUZ.PAS","definiz",
"CanaliAria","C:\DOCUMENTI\sd\sorgenti\bm-sd\CANALI\INPGRAF\RUOTASEZ.PAS","Definiz",
"CanaliAria","C:\DOCUMENTI\sd\sorgenti\bm-sd\CANALI\INPGRAF\SALVAPI1.PAS","definiz",
"CanaliAria","C:\DOCUMENTI\sd\sorgenti\bm-sd\CANALI\INPGRAF\SPAZIO.PAS","definiz",
"CanaliAria","C:\DOCUMENTI\sd\sorgenti\bm-sd\CANALI\INPGRAF\TRONCO.PAS","definiz",
"CanaliAria","C:\DOCUMENTI\sd\sorgenti\bm-sd\CANALI\INPGRAF\U_05LR.PAS","definiz",
"CanaliAria","C:\DOCUMENTI\sd\sorgenti\bm-sd\CANALI\INPGRAF\U_079R.PAS","definiz",
"CanaliAria","C:\DOCUMENTI\sd\sorgenti\bm-sd\CANALI\INPGRAF\U_10RA.PAS","definiz",
"CanaliAria","C:\DOCUMENTI\sd\sorgenti\bm-sd\CANALI\INPGRAF\U_13CB.PAS","definiz",
"CanaliAria","C:\DOCUMENTI\sd\sorgenti\bm-sd\CANALI\INPGRAF\U_13RBT.PAS","definiz",
"CanaliAria","C:\DOCUMENTI\sd\sorgenti\bm-sd\CANALI\INPGRAF\U_15RBT.PAS","definiz",
"CanaliAria","C:\DOCUMENTI\sd\sorgenti\bm-sd\CANALI\INPGRAF\U_180R.PAS","definiz",
"CanaliAria","C:\DOCUMENTI\sd\sorgenti\bm-sd\CANALI\INPGRAF\U_271R.PAS","definiz",
"CanaliAria","C:\DOCUMENTI\sd\sorgenti\bm-sd\CANALI\INPGRAF\U_310F.PAS","definiz",
"CanaliAria","C:\DOCUMENTI\sd\sorgenti\bm-sd\CANALI\INPGRAF\U_31CC.PAS","definiz",
"CanaliAria","C:\DOCUMENTI\sd\sorgenti\bm-sd\CANALI\INPGRAF\U_337R.PAS","definiz",
"CanaliAria","C:\DOCUMENTI\sd\sorgenti\bm-sd\CANALI\INPGRAF\U_358.PAS","definiz",
"CanaliAria","C:\DOCUMENTI\sd\sorgenti\bm-sd\CANALI\INPGRAF\U_362R.PAS","definiz",
"CanaliAria","C:\DOCUMENTI\sd\sorgenti\bm-sd\CANALI\INPGRAF\U_3710.PAS","definiz",
"CanaliAria","C:\DOCUMENTI\sd\sorgenti\bm-sd\CANALI\INPGRAF\U_3722.PAS","definiz",
"CanaliAria","C:\DOCUMENTI\sd\sorgenti\bm-sd\CANALI\INPGRAF\U_3733.PAS","definiz",
"CanaliAria","C:\DOCUMENTI\sd\sorgenti\bm-sd\CANALI\INPGRAF\U_CVCAN.PAS","definiz",
"CanaliAria","C:\DOCUMENTI\sd\sorgenti\bm-sd\CANALI\INPGRAF\U_CVCAN1.PAS","definiz",
"CanaliAria","C:\DOCUMENTI\sd\sorgenti\bm-sd\CANALI\INPGRAF\U_INPUTC.PAS","definiz",
"CanaliAria","C:\DOCUMENTI\sd\sorgenti\bm-sd\CANALI\INPGRAF\U_VARPEZ.PAS","definiz",
"CanaliAria","C:\DOCUMENTI\sd\sorgenti\bm-sd\CANALI\INPGRAF\U_VARPEZZI.pas","definiz",
"CanaliAria","C:\DOCUMENTI\sd\sorgenti\bm-sd\CANALI\INPGRAF\UPROVA.PAS","definiz",
"CanaliAria","C:\DOCUMENTI\sd\sorgenti\bm-sd\CANALI\INPGRAF\UVPEZZI.PAS","definiz",
"CanaliAria","C:\DOCUMENTI\sd\sorgenti\bm-sd\CANALI\INPGRAF\VERIFICA.PAS","definiz",
"CanaliAria","C:\DOCUMENTI\sd\sorgenti\bm-sd\CANALI\INPGRAF\VSEZ.PAS","definiz",
"CanaliAria","C:\DOCUMENTI\sd\sorgenti\bm-sd\CANALI\INPGRAF\W_ICART.PAS","definiz",
"CanaliAria","C:\DOCUMENTI\sd\sorgenti\bm-sd\CANALI\INPGRAF\W_INPUTC.PAS","definiz",
"CanaliAria","C:\DOCUMENTI\sd\sorgenti\bm-sd\CANALI\INPGRAF\WINTR.PAS","definiz",
"CanaliAria","C:\DOCUMENTI\sd\sorgenti\bm-sd\CANALI\INSTALLA.PAS","definiz",
"CanaliAria","C:\DOCUMENTI\sd\sorgenti\bm-sd\CANALI\INTCR.PAS","Definiz",
"CanaliAria","C:\DOCUMENTI\sd\sorgenti\bm-sd\CANALI\interf3d.pas","definiz",
"CanaliAria","C:\DOCUMENTI\sd\sorgenti\bm-sd\CANALI\ioduct.pas","definiz",
"CanaliAria","C:\DOCUMENTI\sd\sorgenti\bm-sd\CANALI\LOad_d.pas","definiz",
"CanaliAria","C:\DOCUMENTI\sd\sorgenti\bm-sd\CANALI\load_p.pas","definiz",
"CanaliAria","C:\DOCUMENTI\sd\sorgenti\bm-sd\CANALI\MASKCOMP.PAS","definiz",
"CanaliAria","C:\DOCUMENTI\sd\sorgenti\bm-sd\CANALI\OLD1.PAS","definiz",
"CanaliAria","C:\DOCUMENTI\sd\sorgenti\bm-sd\CANALI\PEZZI.PAS","definiz",
"CanaliAria","C:\DOCUMENTI\sd\sorgenti\bm-sd\CANALI\pezzi3d\uarchpezzi.pas","definiz",
"CanaliAria","C:\DOCUMENTI\sd\sorgenti\bm-sd\CANALI\prgduct.pas","definiz",
"CanaliAria","C:\DOCUMENTI\sd\sorgenti\bm-sd\CANALI\RuotaSez.pas","Definiz",
"CanaliAria","C:\DOCUMENTI\sd\sorgenti\bm-sd\CANALI\U_05LR.PAS","definiz",
"CanaliAria","C:\DOCUMENTI\sd\sorgenti\bm-sd\CANALI\U_079R.PAS","definiz",
"CanaliAria","C:\DOCUMENTI\sd\sorgenti\bm-sd\CANALI\U_10RA.PAS","definiz",
"CanaliAria","C:\DOCUMENTI\sd\sorgenti\bm-sd\CANALI\U_13CB.PAS","definiz",
"CanaliAria","C:\DOCUMENTI\sd\sorgenti\bm-sd\CANALI\U_13RBT.PAS","definiz",
"CanaliAria","C:\DOCUMENTI\sd\sorgenti\bm-sd\CANALI\U_15RBT.PAS","definiz",
"CanaliAria","C:\DOCUMENTI\sd\sorgenti\bm-sd\CANALI\U_180R.PAS","definiz",
"CanaliAria","C:\DOCUMENTI\sd\sorgenti\bm-sd\CANALI\U_271R.PAS","definiz",
"CanaliAria","C:\DOCUMENTI\sd\sorgenti\bm-sd\CANALI\U_310F.pas","definiz",
"CanaliAria","C:\DOCUMENTI\sd\sorgenti\bm-sd\CANALI\U_31CC.PAS","definiz",
"CanaliAria","C:\DOCUMENTI\sd\sorgenti\bm-sd\CANALI\U_362R.PAS","definiz",
"CanaliAria","C:\DOCUMENTI\sd\sorgenti\bm-sd\CANALI\U_3710.PAS","definiz",
"CanaliAria","C:\DOCUMENTI\sd\sorgenti\bm-sd\CANALI\U_3722.PAS","definiz",
"CanaliAria","C:\DOCUMENTI\sd\sorgenti\bm-sd\CANALI\U_3733.pas","definiz",
"CanaliAria","C:\DOCUMENTI\sd\sorgenti\bm-sd\CANALI\U_CREA3D.PAS","definiz",
"CanaliAria","C:\DOCUMENTI\sd\sorgenti\bm-sd\CANALI\U_CREASC.PAS","definiz",
"CanaliAria","C:\DOCUMENTI\sd\sorgenti\bm-sd\CANALI\U_cvcan.pas","definiz",
"CanaliAria","C:\DOCUMENTI\sd\sorgenti\bm-sd\CANALI\u_cvcan1.pas","definiz",
"CanaliAria","C:\DOCUMENTI\sd\sorgenti\bm-sd\CANALI\U_FUNC0.PAS","definiz",
"CanaliAria","C:\DOCUMENTI\sd\sorgenti\bm-sd\CANALI\U_RIDUZ.PAS","definiz",
"CanaliAria","C:\DOCUMENTI\sd\sorgenti\bm-sd\CANALI\U_TABELL.PAS","definiz",
"CanaliAria","C:\DOCUMENTI\sd\sorgenti\bm-sd\CANALI\U_VARPEZZI.pas","definiz",
"CanaliAria","C:\DOCUMENTI\sd\sorgenti\bm-sd\CANALI\UCalcolareti.pas","definiz",
"CanaliAria","C:\DOCUMENTI\sd\sorgenti\bm-sd\CANALI\UNIT1.PAS","definiz",
"CanaliAria","C:\DOCUMENTI\sd\sorgenti\bm-sd\CANALI\unitcan.pas","definiz",
"CanaliAria","C:\DOCUMENTI\sd\sorgenti\bm-sd\CANALI\UTILS\IGRIGRO.PAS","definiz",
"CanaliAria","C:\DOCUMENTI\sd\sorgenti\bm-sd\CANALI\UTILS\MAIN_W.PAS","DEFINIZ",
"CanaliAria","C:\DOCUMENTI\sd\sorgenti\bm-sd\CANALI\UTILS\MAINST.PAS","definiz",
"CanaliAria","C:\DOCUMENTI\sd\sorgenti\bm-sd\CANALI\UTILS\OLDST.PAS","definiz",
"CanaliAria","C:\DOCUMENTI\sd\sorgenti\bm-sd\CANALI\UTILS\PRNTESTO.PAS","definiz",
"CanaliAria","C:\DOCUMENTI\sd\sorgenti\bm-sd\CANALI\UTILS\TOOLBAR.PAS","definiz",
"CanaliAria","C:\DOCUMENTI\sd\sorgenti\bm-sd\CANALI\UTILS\UTILITIE.PAS","definiz",
"CanaliAria","C:\DOCUMENTI\sd\sorgenti\bm-sd\CANALI\W_CALC.PAS","definiz",
"CanaliAria","C:\DOCUMENTI\sd\sorgenti\bm-sd\CANALI\W_GEST.PAS","definiz",
"CanaliAria","C:\DOCUMENTI\sd\sorgenti\bm-sd\CANALI\pezzi3d\uarchpezzi.pas","definizcan",
"CanaliAria","C:\DOCUMENTI\sd\sorgenti\bm-sd\CANALI\INPGRAF\BLOCCO.PAS","defuti",
"CanaliAria","C:\DOCUMENTI\sd\sorgenti\bm-sd\CANALI\INPGRAF\DXFOUTU.PAS","defuti",
"CanaliAria","C:\DOCUMENTI\sd\sorgenti\bm-sd\CANALI\INPGRAF\ENTER.PAS","defuti",
"CanaliAria","C:\DOCUMENTI\sd\sorgenti\bm-sd\CANALI\INPGRAF\INIT_CAR.PAS","defuti",
"CanaliAria","C:\DOCUMENTI\sd\sorgenti\bm-sd\CANALI\INPGRAF\INIT_CCA.PAS","defuti",
"CanaliAria","C:\DOCUMENTI\sd\sorgenti\bm-sd\CANALI\INPGRAF\INIT_DUC.PAS","defuti",
"CanaliAria","C:\DOCUMENTI\sd\sorgenti\bm-sd\CANALI\INPGRAF\INPUTC.PAS","defuti",
"CanaliAria","C:\DOCUMENTI\sd\sorgenti\bm-sd\CANALI\INPGRAF\INSER.PAS","defuti",
"CanaliAria","C:\DOCUMENTI\sd\sorgenti\bm-sd\CANALI\INPGRAF\LOAD_P.PAS","defuti",
"CanaliAria","C:\DOCUMENTI\sd\sorgenti\bm-sd\CANALI\INPGRAF\NOVITDIM.PAS","DEFUTI",
"CanaliAria","C:\DOCUMENTI\sd\sorgenti\bm-sd\CANALI\INPGRAF\PROV.PAS","defuti",
"CanaliAria","C:\DOCUMENTI\sd\sorgenti\bm-sd\CANALI\INPGRAF\RIDIS_U.PAS","defuti",
"CanaliAria","C:\DOCUMENTI\sd\sorgenti\bm-sd\CANALI\INPGRAF\SPAZIO.PAS","defuti",
"CanaliAria","C:\DOCUMENTI\sd\sorgenti\bm-sd\CANALI\INPGRAF\U_INPUTC.PAS","defuti",
"CanaliAria","C:\DOCUMENTI\sd\sorgenti\bm-sd\CANALI\INPGRAF\VSEZ.PAS","defuti",
"CanaliAria","C:\DOCUMENTI\sd\sorgenti\bm-sd\CANALI\INPGRAF\W_ICART.PAS","defuti",
"CanaliAria","C:\DOCUMENTI\sd\sorgenti\bm-sd\CANALI\INPGRAF\W_INPUTC.PAS","defuti",
"CanaliAria","C:\DOCUMENTI\sd\sorgenti\bm-sd\CANALI\INPGRAF\ENTER.PAS","demo",
"CanaliAria","C:\DOCUMENTI\sd\sorgenti\bm-sd\CANALI\INPGRAF\INIT_CAR.PAS","DEMO",
"CanaliAria","C:\DOCUMENTI\sd\sorgenti\bm-sd\CANALI\INPGRAF\INIT_CCA.PAS","demo",
"CanaliAria","C:\DOCUMENTI\sd\sorgenti\bm-sd\CANALI\INPGRAF\INIT_DUC.PAS","DEMO",
"CanaliAria","C:\DOCUMENTI\sd\sorgenti\bm-sd\3dCAD\Uoggetti.pas","Dialogs",
"CanaliAria","C:\DOCUMENTI\sd\sorgenti\bm-sd\CANALI\CopiaTabelle.pas","dialogs",
"CanaliAria","C:\DOCUMENTI\sd\sorgenti\bm-sd\CANALI\formpezzi.pas","Dialogs",
"CanaliAria","C:\DOCUMENTI\sd\sorgenti\bm-sd\CANALI\IncludiTabelle.pas","dialogs",
"CanaliAria","C:\DOCUMENTI\sd\sorgenti\bm-sd\CANALI\INPGRAF\DFM\INGLESE\MAINEDIT.PAS","Dialogs",
"CanaliAria","C:\DOCUMENTI\sd\sorgenti\bm-sd\CANALI\INPGRAF\MAINEDIT.PAS","Dialogs",
"CanaliAria","C:\DOCUMENTI\sd\sorgenti\bm-sd\CANALI\INPGRAF\UPROVA.PAS","Dialogs",
"CanaliAria","C:\DOCUMENTI\sd\sorgenti\bm-sd\CANALI\INPGRAF\Uprovadim.pas","Dialogs",
"CanaliAria","C:\DOCUMENTI\sd\sorgenti\bm-sd\CANALI\INPGRAF\UVPEZZI.PAS","Dialogs",
"CanaliAria","C:\DOCUMENTI\sd\sorgenti\bm-sd\CANALI\MAIN.PAS","Dialogs",
"CanaliAria","C:\DOCUMENTI\sd\sorgenti\bm-sd\CANALI\pezzi3d\U3dsd.pas","Dialogs",
"CanaliAria","C:\DOCUMENTI\sd\sorgenti\bm-sd\CANALI\ren Copialibreriagenerale.pas","dialogs",
"CanaliAria","C:\DOCUMENTI\sd\sorgenti\bm-sd\CANALI\UCalcoloCanDLL.pas","dialogs",
"CanaliAria","C:\DOCUMENTI\sd\sorgenti\bm-sd\CANALI\Ucompiladcu.pas","Dialogs",
"CanaliAria","C:\DOCUMENTI\sd\sorgenti\bm-sd\CANALI\UFDaticalc.pas","Dialogs",
"CanaliAria","C:\DOCUMENTI\sd\sorgenti\bm-sd\CANALI\UProvacanali.pas","Dialogs",
"CanaliAria","C:\DOCUMENTI\sd\sorgenti\bm-sd\CANALI\UTILS\FINS.PAS","Dialogs",
"CanaliAria","C:\DOCUMENTI\sd\sorgenti\bm-sd\CANALI\UTILS\IGRIGRO.PAS","dialogs",
"CanaliAria","C:\DOCUMENTI\sd\sorgenti\bm-sd\CANALI\UTILS\MAIN.PAS","Dialogs",
"CanaliAria","C:\DOCUMENTI\sd\sorgenti\bm-sd\CANALI\UTILS\MAINST.PAS","Dialogs",
"CanaliAria","C:\DOCUMENTI\sd\sorgenti\bm-sd\CANALI\UTILS\MC4EDIT.PAS","Dialogs",
"CanaliAria","C:\DOCUMENTI\sd\sorgenti\bm-sd\CANALI\UTILS\MESSWIN.PAS","Dialogs",
"CanaliAria","C:\DOCUMENTI\sd\sorgenti\bm-sd\CANALI\UTILS\OLDST.PAS","Dialogs",
"CanaliAria","C:\DOCUMENTI\sd\sorgenti\bm-sd\CANALI\UTILS\PRDLL.PAS","Dialogs",
"CanaliAria","C:\DOCUMENTI\sd\sorgenti\bm-sd\CANALI\UTILS\TRMAIN.PAS","Dialogs",
"CanaliAria","C:\DOCUMENTI\sd\sorgenti\bm-sd\CANALI\UTILS\UFROM.PAS","Dialogs",
"CanaliAria","C:\DOCUMENTI\sd\sorgenti\bm-sd\CANALI\UTILS\UMC4F.PAS","Dialogs",
"CanaliAria","C:\DOCUMENTI\sd\sorgenti\bm-sd\CANALI\UTILS\UREC.PAS","Dialogs",
"CanaliAria","C:\DOCUMENTI\sd\sorgenti\bm-sd\CANALI\UTILS\UTIGEN.PAS","dialogs",
"CanaliAria","C:\DOCUMENTI\sd\sorgenti\bm-sd\CANALI\UTILS\UVKEY.PAS","Dialogs",
"CanaliAria","C:\DOCUMENTI\sd\sorgenti\bm-sd\estivo\copiaLibreriaGenerale.pas","dialogs",
"CanaliAria","C:\DOCUMENTI\sd\sorgenti\bm-sd\utils\Geometria.pas","dialogs",
"CanaliAria","C:\DOCUMENTI\sd\sorgenti\bm-sd\CANALI\ORDINA.PAS","do",
"CanaliAria","C:\DOCUMENTI\sd\sorgenti\bm-sd\CANALI\UTILS\UTILITIE.PAS","Enter",
"CanaliAria","C:\DOCUMENTI\sd\sorgenti\bm-sd\CANALI\Compiladcucanali.dpr","ExceptionLog",
"CanaliAria","C:\DOCUMENTI\sd\sorgenti\bm-sd\3dCAD\Uoggetti.pas","ExtCtrls",
"CanaliAria","C:\DOCUMENTI\sd\sorgenti\bm-sd\CANALI\formpezzi.pas","ExtCtrls",
"CanaliAria","C:\DOCUMENTI\sd\sorgenti\bm-sd\CANALI\INPGRAF\DFM\INGLESE\MAINEDIT.PAS","ExtCtrls",
"CanaliAria","C:\DOCUMENTI\sd\sorgenti\bm-sd\CANALI\INPGRAF\MAINEDIT.PAS","ExtCtrls",
"CanaliAria","C:\DOCUMENTI\sd\sorgenti\bm-sd\CANALI\INPGRAF\UVPEZZI.PAS","ExtCtrls",
"CanaliAria","C:\DOCUMENTI\sd\sorgenti\bm-sd\CANALI\MAIN.PAS","ExtCtrls",
"CanaliAria","C:\DOCUMENTI\sd\sorgenti\bm-sd\CANALI\pezzi3d\U3dsd.pas","ExtCtrls",
"CanaliAria","C:\DOCUMENTI\sd\sorgenti\bm-sd\CANALI\UTILS\MAIN.PAS","ExtCtrls",
"CanaliAria","C:\DOCUMENTI\sd\sorgenti\bm-sd\CANALI\UTILS\MAINST.PAS","ExtCtrls",
"CanaliAria","C:\DOCUMENTI\sd\sorgenti\bm-sd\CANALI\UTILS\MESSWIN.PAS","ExtCtrls",
"CanaliAria","C:\DOCUMENTI\sd\sorgenti\bm-sd\CANALI\UTILS\OLDST.PAS","ExtCtrls",
"CanaliAria","C:\DOCUMENTI\sd\sorgenti\bm-sd\CANALI\UTILS\PROTOTIP.PAS","ExtCtrls",
"CanaliAria","C:\DOCUMENTI\sd\sorgenti\bm-sd\CANALI\UTILS\TRMAIN.PAS","ExtCtrls",
"CanaliAria","C:\DOCUMENTI\sd\sorgenti\bm-sd\CANALI\UTILS\UCEDIFIC.PAS","ExtCtrls",
"CanaliAria","C:\DOCUMENTI\sd\sorgenti\bm-sd\CANALI\UTILS\ULDATI10.PAS","ExtCtrls",
"CanaliAria","C:\DOCUMENTI\sd\sorgenti\bm-sd\CANALI\UTILS\UTI_DLF.PAS","ExtCtrls",
"CanaliAria","C:\DOCUMENTI\sd\sorgenti\bm-sd\CANALI\UTILS\UVIDEO.PAS","ExtCtrls",
"CanaliAria","C:\DOCUMENTI\sd\sorgenti\bm-sd\CANALI\UTILS\TRMAIN.PAS","FileCtrl",
"CanaliAria","C:\DOCUMENTI\sd\sorgenti\bm-sd\3dCAD\Uoggetti.pas","Forms",
"CanaliAria","C:\DOCUMENTI\sd\sorgenti\bm-sd\CANALI\Compiladcucanali.dpr","Forms",
"CanaliAria","C:\DOCUMENTI\sd\sorgenti\bm-sd\CANALI\formpezzi.pas","Forms",
"CanaliAria","C:\DOCUMENTI\sd\sorgenti\bm-sd\CANALI\INPGRAF\ARKPZZ.DPR","Forms",
"CanaliAria","C:\DOCUMENTI\sd\sorgenti\bm-sd\CANALI\INPGRAF\DFM\INGLESE\MAINEDIT.PAS","Forms",
"CanaliAria","C:\DOCUMENTI\sd\sorgenti\bm-sd\CANALI\INPGRAF\EDITPZZ.DPR","Forms",
"CanaliAria","C:\DOCUMENTI\sd\sorgenti\bm-sd\CANALI\INPGRAF\MAINEDIT.PAS","Forms",
"CanaliAria","C:\DOCUMENTI\sd\sorgenti\bm-sd\CANALI\INPGRAF\PROVA.DPR","Forms",
"CanaliAria","C:\DOCUMENTI\sd\sorgenti\bm-sd\CANALI\INPGRAF\Provadim.dpr","Forms",
"CanaliAria","C:\DOCUMENTI\sd\sorgenti\bm-sd\CANALI\INPGRAF\UPROVA.PAS","Forms",
"CanaliAria","C:\DOCUMENTI\sd\sorgenti\bm-sd\CANALI\INPGRAF\Uprovadim.pas","Forms",
"CanaliAria","C:\DOCUMENTI\sd\sorgenti\bm-sd\CANALI\INPGRAF\UVPEZZI.PAS","Forms",
"CanaliAria","C:\DOCUMENTI\sd\sorgenti\bm-sd\CANALI\INPGRAF\VPEZZI.DPR","Forms",
"CanaliAria","C:\DOCUMENTI\sd\sorgenti\bm-sd\CANALI\key_old.pas","forms",
"CanaliAria","C:\DOCUMENTI\sd\sorgenti\bm-sd\CANALI\MAIN.PAS","Forms",
"CanaliAria","C:\DOCUMENTI\sd\sorgenti\bm-sd\CANALI\pezzi3d\U3dsd.pas","Forms",
"CanaliAria","C:\DOCUMENTI\sd\sorgenti\bm-sd\CANALI\PFdaticalc.dpr","Forms",
"CanaliAria","C:\DOCUMENTI\sd\sorgenti\bm-sd\CANALI\Provacanali.dpr","Forms",
"CanaliAria","C:\DOCUMENTI\sd\sorgenti\bm-sd\CANALI\ren Copialibreriagenerale.pas","Forms",
"CanaliAria","C:\DOCUMENTI\sd\sorgenti\bm-sd\CANALI\UCalcoloCanDLL.pas","forms",
"CanaliAria","C:\DOCUMENTI\sd\sorgenti\bm-sd\CANALI\Ucompiladcu.pas","Forms",
"CanaliAria","C:\DOCUMENTI\sd\sorgenti\bm-sd\CANALI\UFDaticalc.pas","Forms",
"CanaliAria","C:\DOCUMENTI\sd\sorgenti\bm-sd\CANALI\UProvacanali.pas","Forms",
"CanaliAria","C:\DOCUMENTI\sd\sorgenti\bm-sd\CANALI\UTILS\CONVRC.DPR","Forms",
"CanaliAria","C:\DOCUMENTI\sd\sorgenti\bm-sd\CANALI\UTILS\EXECSTAM.DPR","Forms",
"CanaliAria","C:\DOCUMENTI\sd\sorgenti\bm-sd\CANALI\UTILS\FINS.PAS","Forms",
"CanaliAria","C:\DOCUMENTI\sd\sorgenti\bm-sd\CANALI\UTILS\KEY.PAS","forms",
"CanaliAria","C:\DOCUMENTI\sd\sorgenti\bm-sd\CANALI\UTILS\MAIN.PAS","Forms",
"CanaliAria","C:\DOCUMENTI\sd\sorgenti\bm-sd\CANALI\UTILS\MAINST.PAS","Forms",
"CanaliAria","C:\DOCUMENTI\sd\sorgenti\bm-sd\CANALI\UTILS\MC4EDIT.PAS","Forms",
"CanaliAria","C:\DOCUMENTI\sd\sorgenti\bm-sd\CANALI\UTILS\MESSWIN.PAS","Forms",
"CanaliAria","C:\DOCUMENTI\sd\sorgenti\bm-sd\CANALI\UTILS\OLDST.PAS","Forms",
"CanaliAria","C:\DOCUMENTI\sd\sorgenti\bm-sd\CANALI\UTILS\PPDLL.DPR","Forms",
"CanaliAria","C:\DOCUMENTI\sd\sorgenti\bm-sd\CANALI\UTILS\PRDLL.PAS","Forms",
"CanaliAria","C:\DOCUMENTI\sd\sorgenti\bm-sd\CANALI\UTILS\PROTOTIP.PAS","Forms",
"CanaliAria","C:\DOCUMENTI\sd\sorgenti\bm-sd\CANALI\UTILS\TRMAIN.PAS","Forms",
"CanaliAria","C:\DOCUMENTI\sd\sorgenti\bm-sd\CANALI\UTILS\UCEDIFIC.PAS","Forms",
"CanaliAria","C:\DOCUMENTI\sd\sorgenti\bm-sd\CANALI\UTILS\UFROM.PAS","Forms",
"CanaliAria","C:\DOCUMENTI\sd\sorgenti\bm-sd\CANALI\UTILS\ULDATI10.PAS","Forms",
"CanaliAria","C:\DOCUMENTI\sd\sorgenti\bm-sd\CANALI\UTILS\UMC4F.PAS","Forms",
"CanaliAria","C:\DOCUMENTI\sd\sorgenti\bm-sd\CANALI\UTILS\UREC.PAS","Forms",
"CanaliAria","C:\DOCUMENTI\sd\sorgenti\bm-sd\CANALI\UTILS\UTI_DLF.PAS","Forms",
"CanaliAria","C:\DOCUMENTI\sd\sorgenti\bm-sd\CANALI\UTILS\UTIGEN.PAS","forms",
"CanaliAria","C:\DOCUMENTI\sd\sorgenti\bm-sd\CANALI\UTILS\UVIDEO.PAS","Forms",
"CanaliAria","C:\DOCUMENTI\sd\sorgenti\bm-sd\CANALI\UTILS\UVKEY.PAS","Forms",
"CanaliAria","C:\DOCUMENTI\sd\sorgenti\bm-sd\CANALI\UTILS\W_MES.DPR","Forms",
"CanaliAria","C:\DOCUMENTI\sd\sorgenti\bm-sd\CANALI\W_CALC.DPR","Forms",
"CanaliAria","C:\DOCUMENTI\sd\sorgenti\bm-sd\CANALI\W_NCALC.DPR","Forms",
"CanaliAria","C:\DOCUMENTI\sd\sorgenti\bm-sd\estivo\copiaLibreriaGenerale.pas","Forms",
"CanaliAria","C:\DOCUMENTI\sd\sorgenti\bm-sd\CANALI\pezzi3d\uarchpezzi.pas","funzdim",
"CanaliAria","C:\DOCUMENTI\sd\sorgenti\bm-sd\CANALI\UCalcolareti.pas","gestudb",
"CanaliAria","C:\DOCUMENTI\sd\sorgenti\bm-sd\CANALI\pezzi3d\U3dsd.pas","GLBehaviours",
"CanaliAria","C:\DOCUMENTI\sd\sorgenti\bm-sd\CANALI\pezzi3d\U3dsd.pas","GLCadencer",
"CanaliAria","C:\DOCUMENTI\sd\sorgenti\bm-sd\3dCAD\Uoggetti.pas","glextrusion",
"CanaliAria","C:\DOCUMENTI\sd\sorgenti\bm-sd\3dCAD\Uoggetti.pas","GLMisc",
"CanaliAria","C:\DOCUMENTI\sd\sorgenti\bm-sd\CANALI\pezzi3d\U3dsd.pas","GLMisc",
"CanaliAria","C:\DOCUMENTI\sd\sorgenti\bm-sd\CANALI\pezzi3d\U3dsd.pas","glmovement",
"CanaliAria","C:\DOCUMENTI\sd\sorgenti\bm-sd\3dCAD\Uoggetti.pas","GLObjects",
"CanaliAria","C:\DOCUMENTI\sd\sorgenti\bm-sd\CANALI\pezzi3d\U3dsd.pas","GLObjects",
"CanaliAria","C:\DOCUMENTI\sd\sorgenti\bm-sd\CANALI\pezzi3d\U3dsd.pas","GLParticles",
"CanaliAria","C:\DOCUMENTI\sd\sorgenti\bm-sd\3dCAD\Uoggetti.pas","GLScene",
"CanaliAria","C:\DOCUMENTI\sd\sorgenti\bm-sd\CANALI\pezzi3d\U3dsd.pas","GLScene",
"CanaliAria","C:\DOCUMENTI\sd\sorgenti\bm-sd\CANALI\pezzi3d\U3dsd.pas","GLSkydome",
"CanaliAria","C:\DOCUMENTI\sd\sorgenti\bm-sd\CANALI\pezzi3d\U3dsd.pas","GLSpaceText",
"CanaliAria","C:\DOCUMENTI\sd\sorgenti\bm-sd\3dCAD\Uoggetti.pas","gltexture",
"CanaliAria","C:\DOCUMENTI\sd\sorgenti\bm-sd\CANALI\pezzi3d\U3dsd.pas","gltexture",
"CanaliAria","C:\DOCUMENTI\sd\sorgenti\bm-sd\3dCAD\Uoggetti.pas","GLWin32Viewer",
"CanaliAria","C:\DOCUMENTI\sd\sorgenti\bm-sd\CANALI\pezzi3d\U3dsd.pas","GLWin32Viewer",
"CanaliAria","C:\DOCUMENTI\sd\sorgenti\bm-sd\CANALI\DATIDUCT.PAS","graph",
"CanaliAria","C:\DOCUMENTI\sd\sorgenti\bm-sd\CANALI\INPGRAF\CIPZOOM.PAS","Graph",
"CanaliAria","C:\DOCUMENTI\sd\sorgenti\bm-sd\CANALI\INPGRAF\DAVGLOB.PAS","graph",
"CanaliAria","C:\DOCUMENTI\sd\sorgenti\bm-sd\CANALI\INPGRAF\DAVINPUT.PAS","graph",
"CanaliAria","C:\DOCUMENTI\sd\sorgenti\bm-sd\CANALI\INPGRAF\DAVRIDIS.PAS","graph",
"CanaliAria","C:\DOCUMENTI\sd\sorgenti\bm-sd\CANALI\INPGRAF\DISDIM.PAS","graph",
"CanaliAria","C:\DOCUMENTI\sd\sorgenti\bm-sd\CANALI\INPGRAF\DISEG.PAS","graph",
"CanaliAria","C:\DOCUMENTI\sd\sorgenti\bm-sd\CANALI\INPGRAF\EDIT.PAS","graph",
"CanaliAria","C:\DOCUMENTI\sd\sorgenti\bm-sd\CANALI\INPGRAF\EDITQUO.PAS","graph",
"CanaliAria","C:\DOCUMENTI\sd\sorgenti\bm-sd\CANALI\INPGRAF\GENPROC.PAS","graph",
"CanaliAria","C:\DOCUMENTI\sd\sorgenti\bm-sd\CANALI\INPGRAF\GLOBFUNZ.PAS","graph",
"CanaliAria","C:\DOCUMENTI\sd\sorgenti\bm-sd\CANALI\INPGRAF\INIT.PAS","graph",
"CanaliAria","C:\DOCUMENTI\sd\sorgenti\bm-sd\CANALI\INPGRAF\INPUTC.PAS","graph",
"CanaliAria","C:\DOCUMENTI\sd\sorgenti\bm-sd\CANALI\INPGRAF\INSER.PAS","graph",
"CanaliAria","C:\DOCUMENTI\sd\sorgenti\bm-sd\CANALI\INPGRAF\LOAD_P.PAS","graph",
"CanaliAria","C:\DOCUMENTI\sd\sorgenti\bm-sd\CANALI\INPGRAF\MUOVI_CU.PAS","Graph",
"CanaliAria","C:\DOCUMENTI\sd\sorgenti\bm-sd\CANALI\INPGRAF\NOVITDIM.PAS","graph",
"CanaliAria","C:\DOCUMENTI\sd\sorgenti\bm-sd\CANALI\INPGRAF\OLD_GRU.PAS","graph",
"CanaliAria","C:\DOCUMENTI\sd\sorgenti\bm-sd\CANALI\INPGRAF\OS_GEN.PAS","graph",
"CanaliAria","C:\DOCUMENTI\sd\sorgenti\bm-sd\CANALI\INPGRAF\OSN_GEN.PAS","graph",
"CanaliAria","C:\DOCUMENTI\sd\sorgenti\bm-sd\CANALI\INPGRAF\OSNAP.PAS","graph",
"CanaliAria","C:\DOCUMENTI\sd\sorgenti\bm-sd\CANALI\INPGRAF\OSNAPTRO.PAS","graph",
"CanaliAria","C:\DOCUMENTI\sd\sorgenti\bm-sd\CANALI\INPGRAF\RIDI.PAS","graph",
"CanaliAria","C:\DOCUMENTI\sd\sorgenti\bm-sd\CANALI\INPGRAF\RIDIS_U.PAS","graph",
"CanaliAria","C:\DOCUMENTI\sd\sorgenti\bm-sd\CANALI\INPGRAF\SALVAPI1.PAS","Graph",
"CanaliAria","C:\DOCUMENTI\sd\sorgenti\bm-sd\CANALI\INPGRAF\TRONCO.PAS","graph",
"CanaliAria","C:\DOCUMENTI\sd\sorgenti\bm-sd\CANALI\INPGRAF\U_INPUTC.PAS","graph",
"CanaliAria","C:\DOCUMENTI\sd\sorgenti\bm-sd\CANALI\INPGRAF\VERIFICA.PAS","graph",
"CanaliAria","C:\DOCUMENTI\sd\sorgenti\bm-sd\CANALI\INPGRAF\VSEZ.PAS","graph",
"CanaliAria","C:\DOCUMENTI\sd\sorgenti\bm-sd\CANALI\INPGRAF\W_ICART.PAS","graph",
"CanaliAria","C:\DOCUMENTI\sd\sorgenti\bm-sd\CANALI\INPGRAF\W_INPUTC.PAS","graph",
"CanaliAria","C:\DOCUMENTI\sd\sorgenti\bm-sd\CANALI\INPGRAF\WINTR.PAS","graph",
"CanaliAria","C:\DOCUMENTI\sd\sorgenti\bm-sd\CANALI\UTILS\PRNTESTO.PAS","graph",
"CanaliAria","C:\DOCUMENTI\sd\sorgenti\bm-sd\CANALI\UTILS\TOOLBAR.PAS","graph",
"CanaliAria","C:\DOCUMENTI\sd\sorgenti\bm-sd\3dCAD\Uoggetti.pas","Graphics",
"CanaliAria","C:\DOCUMENTI\sd\sorgenti\bm-sd\CANALI\formpezzi.pas","Graphics",
"CanaliAria","C:\DOCUMENTI\sd\sorgenti\bm-sd\CANALI\INPGRAF\DFM\INGLESE\MAINEDIT.PAS","Graphics",
"CanaliAria","C:\DOCUMENTI\sd\sorgenti\bm-sd\CANALI\INPGRAF\MAINEDIT.PAS","Graphics",
"CanaliAria","C:\DOCUMENTI\sd\sorgenti\bm-sd\CANALI\INPGRAF\UPROVA.PAS","Graphics",
"CanaliAria","C:\DOCUMENTI\sd\sorgenti\bm-sd\CANALI\INPGRAF\Uprovadim.pas","Graphics",
"CanaliAria","C:\DOCUMENTI\sd\sorgenti\bm-sd\CANALI\INPGRAF\UVPEZZI.PAS","Graphics",
"CanaliAria","C:\DOCUMENTI\sd\sorgenti\bm-sd\CANALI\MAIN.PAS","Graphics",
"CanaliAria","C:\DOCUMENTI\sd\sorgenti\bm-sd\CANALI\pezzi3d\U3dsd.pas","Graphics",
"CanaliAria","C:\DOCUMENTI\sd\sorgenti\bm-sd\CANALI\pezzi3d\uarchpezzi.pas","graphics",
"CanaliAria","C:\DOCUMENTI\sd\sorgenti\bm-sd\CANALI\Ucompiladcu.pas","Graphics",
"CanaliAria","C:\DOCUMENTI\sd\sorgenti\bm-sd\CANALI\UFDaticalc.pas","Graphics",
"CanaliAria","C:\DOCUMENTI\sd\sorgenti\bm-sd\CANALI\UProvacanali.pas","Graphics",
"CanaliAria","C:\DOCUMENTI\sd\sorgenti\bm-sd\CANALI\UTILS\FINS.PAS","Graphics",
"CanaliAria","C:\DOCUMENTI\sd\sorgenti\bm-sd\CANALI\UTILS\MAIN.PAS","Graphics",
"CanaliAria","C:\DOCUMENTI\sd\sorgenti\bm-sd\CANALI\UTILS\MAINST.PAS","Graphics",
"CanaliAria","C:\DOCUMENTI\sd\sorgenti\bm-sd\CANALI\UTILS\MC4EDIT.PAS","Graphics",
"CanaliAria","C:\DOCUMENTI\sd\sorgenti\bm-sd\CANALI\UTILS\MESSWIN.PAS","Graphics",
"CanaliAria","C:\DOCUMENTI\sd\sorgenti\bm-sd\CANALI\UTILS\OLDST.PAS","Graphics",
"CanaliAria","C:\DOCUMENTI\sd\sorgenti\bm-sd\CANALI\UTILS\PRDLL.PAS","Graphics",
"CanaliAria","C:\DOCUMENTI\sd\sorgenti\bm-sd\CANALI\UTILS\PROTOTIP.PAS","Graphics",
"CanaliAria","C:\DOCUMENTI\sd\sorgenti\bm-sd\CANALI\UTILS\TRMAIN.PAS","Graphics",
"CanaliAria","C:\DOCUMENTI\sd\sorgenti\bm-sd\CANALI\UTILS\UCEDIFIC.PAS","Graphics",
"CanaliAria","C:\DOCUMENTI\sd\sorgenti\bm-sd\CANALI\UTILS\UFROM.PAS","Graphics",
"CanaliAria","C:\DOCUMENTI\sd\sorgenti\bm-sd\CANALI\UTILS\ULDATI10.PAS","Graphics",
"CanaliAria","C:\DOCUMENTI\sd\sorgenti\bm-sd\CANALI\UTILS\UMC4F.PAS","Graphics",
"CanaliAria","C:\DOCUMENTI\sd\sorgenti\bm-sd\CANALI\UTILS\UREC.PAS","Graphics",
"CanaliAria","C:\DOCUMENTI\sd\sorgenti\bm-sd\CANALI\UTILS\UVIDEO.PAS","Graphics",
"CanaliAria","C:\DOCUMENTI\sd\sorgenti\bm-sd\CANALI\UTILS\UVKEY.PAS","Graphics",
"CanaliAria","C:\DOCUMENTI\sd\sorgenti\bm-sd\CANALI\INPGRAF\DFM\INGLESE\MAINEDIT.PAS","Grids",
"CanaliAria","C:\DOCUMENTI\sd\sorgenti\bm-sd\CANALI\INPGRAF\MAINEDIT.PAS","Grids",
"CanaliAria","C:\DOCUMENTI\sd\sorgenti\bm-sd\CANALI\INPGRAF\UVPEZZI.PAS","Grids",
"CanaliAria","C:\DOCUMENTI\sd\sorgenti\bm-sd\CANALI\UTILS\UTI_DLF.PAS","grids",
"CanaliAria","C:\DOCUMENTI\sd\sorgenti\bm-sd\CANALI\UTILS\UVKEY.PAS","Grids",
"CanaliAria","C:\DOCUMENTI\sd\sorgenti\bm-sd\CANALI\GLOBFUNZ.PAS","gruti",
"CanaliAria","C:\DOCUMENTI\sd\sorgenti\bm-sd\CANALI\INPGRAF\DAVGLOB.PAS","Gruti",
"CanaliAria","C:\DOCUMENTI\sd\sorgenti\bm-sd\CANALI\INPGRAF\DAVINPUT.PAS","gruti",
"CanaliAria","C:\DOCUMENTI\sd\sorgenti\bm-sd\CANALI\INPGRAF\DAVRIDIS.PAS","gruti",
"CanaliAria","C:\DOCUMENTI\sd\sorgenti\bm-sd\CANALI\INPGRAF\DISEG.PAS","gruti",
"CanaliAria","C:\DOCUMENTI\sd\sorgenti\bm-sd\CANALI\INPGRAF\GLOBFUNZ.PAS","Gruti",
"CanaliAria","C:\DOCUMENTI\sd\sorgenti\bm-sd\CANALI\INPGRAF\INIT.PAS","gruti",
"CanaliAria","C:\DOCUMENTI\sd\sorgenti\bm-sd\CANALI\INPGRAF\INPUTC.PAS","gruti",
"CanaliAria","C:\DOCUMENTI\sd\sorgenti\bm-sd\CANALI\INPGRAF\LOAD_P.PAS","Gruti",
"CanaliAria","C:\DOCUMENTI\sd\sorgenti\bm-sd\CANALI\INPGRAF\MENU.PAS","gruti",
"CanaliAria","C:\DOCUMENTI\sd\sorgenti\bm-sd\CANALI\INPGRAF\OSNAPTRO.PAS","gruti",
"CanaliAria","C:\DOCUMENTI\sd\sorgenti\bm-sd\CANALI\INPGRAF\RIDI.PAS","gruti",
"CanaliAria","C:\DOCUMENTI\sd\sorgenti\bm-sd\CANALI\INPGRAF\RIDIS_U.PAS","gruti",
"CanaliAria","C:\DOCUMENTI\sd\sorgenti\bm-sd\CANALI\INPGRAF\U_INPUTC.PAS","gruti",
"CanaliAria","C:\DOCUMENTI\sd\sorgenti\bm-sd\CANALI\INPGRAF\VSEZ.PAS","gruti",
"CanaliAria","C:\DOCUMENTI\sd\sorgenti\bm-sd\CANALI\INPGRAF\W_INPUTC.PAS","gruti",
"CanaliAria","C:\DOCUMENTI\sd\sorgenti\bm-sd\CANALI\MENU.PAS","gruti",
"CanaliAria","C:\DOCUMENTI\sd\sorgenti\bm-sd\CANALI\INPGRAF\CIPZOOM.PAS","halotp4",
"CanaliAria","C:\DOCUMENTI\sd\sorgenti\bm-sd\CANALI\INPGRAF\DAVGLOB.PAS","halotp4",
"CanaliAria","C:\DOCUMENTI\sd\sorgenti\bm-sd\CANALI\INPGRAF\DAVINPUT.PAS","halotp4",
"CanaliAria","C:\DOCUMENTI\sd\sorgenti\bm-sd\CANALI\INPGRAF\DAVRIDIS.PAS","halotp4",
"CanaliAria","C:\DOCUMENTI\sd\sorgenti\bm-sd\CANALI\INPGRAF\DISDIM.PAS","halotp4",
"CanaliAria","C:\DOCUMENTI\sd\sorgenti\bm-sd\CANALI\INPGRAF\DISEG.PAS","halotp4",
"CanaliAria","C:\DOCUMENTI\sd\sorgenti\bm-sd\CANALI\INPGRAF\EDIT.PAS","halotp4",
"CanaliAria","C:\DOCUMENTI\sd\sorgenti\bm-sd\CANALI\INPGRAF\EDITQUO.PAS","halotp4",
"CanaliAria","C:\DOCUMENTI\sd\sorgenti\bm-sd\CANALI\INPGRAF\GENPROC.PAS","halotp4",
"CanaliAria","C:\DOCUMENTI\sd\sorgenti\bm-sd\CANALI\INPGRAF\GLOBFUNZ.PAS","halotp4",
"CanaliAria","C:\DOCUMENTI\sd\sorgenti\bm-sd\CANALI\INPGRAF\GRAFER.PAS","halotp4",
"CanaliAria","C:\DOCUMENTI\sd\sorgenti\bm-sd\CANALI\INPGRAF\INIT.PAS","halotp4",
"CanaliAria","C:\DOCUMENTI\sd\sorgenti\bm-sd\CANALI\INPGRAF\INPUTC.PAS","halotp4",
"CanaliAria","C:\DOCUMENTI\sd\sorgenti\bm-sd\CANALI\INPGRAF\INSER.PAS","halotp4",
"CanaliAria","C:\DOCUMENTI\sd\sorgenti\bm-sd\CANALI\INPGRAF\LOAD_P.PAS","halotp4",
"CanaliAria","C:\DOCUMENTI\sd\sorgenti\bm-sd\CANALI\INPGRAF\NOVITDIM.PAS","halotp4",
"CanaliAria","C:\DOCUMENTI\sd\sorgenti\bm-sd\CANALI\INPGRAF\OLD_GRU.PAS","halotp4",
"CanaliAria","C:\DOCUMENTI\sd\sorgenti\bm-sd\CANALI\INPGRAF\OS_GEN.PAS","halotp4",
"CanaliAria","C:\DOCUMENTI\sd\sorgenti\bm-sd\CANALI\INPGRAF\OSN_GEN.PAS","halotp4",
"CanaliAria","C:\DOCUMENTI\sd\sorgenti\bm-sd\CANALI\INPGRAF\OSNAP.PAS","halotp4",
"CanaliAria","C:\DOCUMENTI\sd\sorgenti\bm-sd\CANALI\INPGRAF\OSNAPTRO.PAS","halotp4",
"CanaliAria","C:\DOCUMENTI\sd\sorgenti\bm-sd\CANALI\INPGRAF\RIDI.PAS","halotp4",
"CanaliAria","C:\DOCUMENTI\sd\sorgenti\bm-sd\CANALI\INPGRAF\RIDIS_U.PAS","halotp4",
"CanaliAria","C:\DOCUMENTI\sd\sorgenti\bm-sd\CANALI\INPGRAF\RIDUZ.PAS","HaloTp4",
"CanaliAria","C:\DOCUMENTI\sd\sorgenti\bm-sd\CANALI\INPGRAF\SALVAPI1.PAS","halotp4",
"CanaliAria","C:\DOCUMENTI\sd\sorgenti\bm-sd\CANALI\INPGRAF\TRONCO.PAS","halotp4",
"CanaliAria","C:\DOCUMENTI\sd\sorgenti\bm-sd\CANALI\INPGRAF\U_CVCAN1.PAS","halotp4",
"CanaliAria","C:\DOCUMENTI\sd\sorgenti\bm-sd\CANALI\INPGRAF\U_INPUTC.PAS","halotp4",
"CanaliAria","C:\DOCUMENTI\sd\sorgenti\bm-sd\CANALI\INPGRAF\VSEZ.PAS","halotp4",
"CanaliAria","C:\DOCUMENTI\sd\sorgenti\bm-sd\CANALI\INPGRAF\W_ICART.PAS","halotp4",
"CanaliAria","C:\DOCUMENTI\sd\sorgenti\bm-sd\CANALI\INPGRAF\W_INPUTC.PAS","halotp4",
"CanaliAria","C:\DOCUMENTI\sd\sorgenti\bm-sd\CANALI\INPGRAF\WINTR.PAS","halotp4",
"CanaliAria","C:\DOCUMENTI\sd\sorgenti\bm-sd\CANALI\u_cvcan1.pas","halotp4",
"CanaliAria","C:\DOCUMENTI\sd\sorgenti\bm-sd\CANALI\UTILS\PRNTESTO.PAS","halotp4",
"CanaliAria","C:\DOCUMENTI\sd\sorgenti\bm-sd\CANALI\UTILS\PRNTESTO.PAS","igrograf",
"CanaliAria","C:\DOCUMENTI\sd\sorgenti\bm-sd\CANALI\INPGRAF\INIT_CAR.PAS","indata",
"CanaliAria","C:\DOCUMENTI\sd\sorgenti\bm-sd\CANALI\INPGRAF\INIT_DUC.PAS","indata",
"CanaliAria","C:\DOCUMENTI\sd\sorgenti\bm-sd\CANALI\UCalcolareti.pas","InitPunt_Tubi",
"CanaliAria","C:\DOCUMENTI\sd\sorgenti\bm-sd\CANALI\pezzi3d\uarchpezzi.pas","interf3d",
"CanaliAria","C:\DOCUMENTI\sd\sorgenti\bm-sd\componenti\kbmmem\bdenew\DbTables.pas","kbmMemCSVStreamFormat",
"CanaliAria","C:\DOCUMENTI\sd\sorgenti\bm-sd\componenti\kbmmem\bdenew\DbTables.pas","kbmMemTable",
"CanaliAria","C:\DOCUMENTI\sd\sorgenti\bm-sd\CANALI\INPGRAF\DAVINPUT.PAS","key",
"CanaliAria","C:\DOCUMENTI\sd\sorgenti\bm-sd\CANALI\INPGRAF\DIMENS.PAS","key",
"CanaliAria","C:\DOCUMENTI\sd\sorgenti\bm-sd\CANALI\INPGRAF\INIT_CAR.PAS","key",
"CanaliAria","C:\DOCUMENTI\sd\sorgenti\bm-sd\CANALI\INPGRAF\INIT_DUC.PAS","key",
"CanaliAria","C:\DOCUMENTI\sd\sorgenti\bm-sd\CANALI\INPGRAF\INPUTC.PAS","key",
"CanaliAria","C:\DOCUMENTI\sd\sorgenti\bm-sd\CANALI\INPGRAF\N_DISDIM.PAS","key",
"CanaliAria","C:\DOCUMENTI\sd\sorgenti\bm-sd\CANALI\INPGRAF\RIDIS_U.PAS","key",
"CanaliAria","C:\DOCUMENTI\sd\sorgenti\bm-sd\CANALI\INPGRAF\U_INPUTC.PAS","key",
"CanaliAria","C:\documenti\bmsistemi\FASTMM_490\FastMM4.pas","Libc",
"CanaliAria","C:\DOCUMENTI\sd\sorgenti\bm-sd\CANALI\u_cvcan1.pas","libreriagenerale",
"CanaliAria","C:\DOCUMENTI\sd\sorgenti\bm-sd\CANALI\UCalcolareti.pas","libreriagenerale",
"CanaliAria","C:\DOCUMENTI\sd\sorgenti\bm-sd\CANALI\INPGRAF\ARKPZZ.DPR","Main","MAIN.PAS"
"CanaliAria","C:\DOCUMENTI\sd\sorgenti\bm-sd\CANALI\INPGRAF\W_ICART.PAS","Main_pr",
"CanaliAria","C:\DOCUMENTI\sd\sorgenti\bm-sd\CANALI\INPGRAF\W_INPUTC.PAS","Main_pr",
"CanaliAria","C:\DOCUMENTI\sd\sorgenti\bm-sd\CANALI\Genproccan.pas","main_res",
"CanaliAria","C:\DOCUMENTI\sd\sorgenti\bm-sd\CANALI\INPGRAF\GENPROC.PAS","main_res",
"CanaliAria","C:\DOCUMENTI\sd\sorgenti\bm-sd\CANALI\INPGRAF\MINICALC.PAS","main_res",
"CanaliAria","C:\DOCUMENTI\sd\sorgenti\bm-sd\CANALI\INPGRAF\W_ICART.PAS","main_res",
"CanaliAria","C:\DOCUMENTI\sd\sorgenti\bm-sd\CANALI\INPGRAF\W_INPUTC.PAS","main_res",
"CanaliAria","C:\DOCUMENTI\sd\sorgenti\bm-sd\CANALI\UTILS\TOOLBAR.PAS","main_res",
"CanaliAria","C:\DOCUMENTI\sd\sorgenti\bm-sd\CANALI\INPGRAF\W_ICART.PAS","main_win",
"CanaliAria","C:\DOCUMENTI\sd\sorgenti\bm-sd\CANALI\INPGRAF\W_INPUTC.PAS","main_win",
"CanaliAria","C:\DOCUMENTI\sd\sorgenti\bm-sd\CANALI\PR.PAS","main_win",
"CanaliAria","C:\DOCUMENTI\sd\sorgenti\bm-sd\utils\Geometria.pas","math",
"CanaliAria","C:\DOCUMENTI\sd\sorgenti\bm-sd\CANALI\INPGRAF\DFM\INGLESE\MAINEDIT.PAS","Menus",
"CanaliAria","C:\DOCUMENTI\sd\sorgenti\bm-sd\CANALI\INPGRAF\MAINEDIT.PAS","Menus",
"CanaliAria","C:\DOCUMENTI\sd\sorgenti\bm-sd\CANALI\MAIN.PAS","Menus",
"CanaliAria","C:\DOCUMENTI\sd\sorgenti\bm-sd\CANALI\UTILS\MAIN.PAS","Menus",
"CanaliAria","C:\DOCUMENTI\sd\sorgenti\bm-sd\CANALI\UTILS\MAINST.PAS","Menus",
"CanaliAria","C:\DOCUMENTI\sd\sorgenti\bm-sd\CANALI\UTILS\OLDST.PAS","Menus",
"CanaliAria","C:\DOCUMENTI\sd\sorgenti\bm-sd\CANALI\UTILS\TRMAIN.PAS","Menus",
"CanaliAria","C:\DOCUMENTI\sd\sorgenti\bm-sd\3dCAD\Uoggetti.pas","Messages",
"CanaliAria","C:\DOCUMENTI\sd\sorgenti\bm-sd\CANALI\formpezzi.pas","Messages",
"CanaliAria","C:\DOCUMENTI\sd\sorgenti\bm-sd\CANALI\INPGRAF\DFM\INGLESE\MAINEDIT.PAS","Messages",
"CanaliAria","C:\DOCUMENTI\sd\sorgenti\bm-sd\CANALI\INPGRAF\INTERF3D.PAS","messages",
"CanaliAria","C:\DOCUMENTI\sd\sorgenti\bm-sd\CANALI\INPGRAF\MAINEDIT.PAS","Messages",
"CanaliAria","C:\DOCUMENTI\sd\sorgenti\bm-sd\CANALI\INPGRAF\UPROVA.PAS","Messages",
"CanaliAria","C:\DOCUMENTI\sd\sorgenti\bm-sd\CANALI\INPGRAF\Uprovadim.pas","Messages",
"CanaliAria","C:\DOCUMENTI\sd\sorgenti\bm-sd\CANALI\INPGRAF\UVPEZZI.PAS","Messages",
"CanaliAria","C:\DOCUMENTI\sd\sorgenti\bm-sd\CANALI\INPGRAF\W_DIMENS.PAS","messages",
"CanaliAria","C:\DOCUMENTI\sd\sorgenti\bm-sd\CANALI\INPGRAF\W_INPUTC.PAS","messages",
"CanaliAria","C:\DOCUMENTI\sd\sorgenti\bm-sd\CANALI\interf3d.pas","messages",
"CanaliAria","C:\DOCUMENTI\sd\sorgenti\bm-sd\CANALI\MAIN.PAS","Messages",
"CanaliAria","C:\DOCUMENTI\sd\sorgenti\bm-sd\CANALI\pezzi3d\U3dsd.pas","Messages",
"CanaliAria","C:\DOCUMENTI\sd\sorgenti\bm-sd\CANALI\prgduct.pas","messages",
"CanaliAria","C:\DOCUMENTI\sd\sorgenti\bm-sd\CANALI\Ucompiladcu.pas","Messages",
"CanaliAria","C:\DOCUMENTI\sd\sorgenti\bm-sd\CANALI\UFDaticalc.pas","Messages",
"CanaliAria","C:\DOCUMENTI\sd\sorgenti\bm-sd\CANALI\UProvacanali.pas","Messages",
"CanaliAria","C:\DOCUMENTI\sd\sorgenti\bm-sd\CANALI\UTILS\DEFUTI.PAS","messages",
"CanaliAria","C:\DOCUMENTI\sd\sorgenti\bm-sd\CANALI\UTILS\DEFUTIG.PAS","messages",
"CanaliAria","C:\DOCUMENTI\sd\sorgenti\bm-sd\CANALI\UTILS\FINS.PAS","Messages",
"CanaliAria","C:\DOCUMENTI\sd\sorgenti\bm-sd\CANALI\UTILS\MAIN.PAS","Messages",
"CanaliAria","C:\DOCUMENTI\sd\sorgenti\bm-sd\CANALI\UTILS\MAIN_W.PAS","messages",
"CanaliAria","C:\DOCUMENTI\sd\sorgenti\bm-sd\CANALI\UTILS\MAINST.PAS","Messages",
"CanaliAria","C:\DOCUMENTI\sd\sorgenti\bm-sd\CANALI\UTILS\MC4EDIT.PAS","Messages",
"CanaliAria","C:\DOCUMENTI\sd\sorgenti\bm-sd\CANALI\UTILS\MESSWIN.PAS","Messages",
"CanaliAria","C:\DOCUMENTI\sd\sorgenti\bm-sd\CANALI\UTILS\OLDST.PAS","Messages",
"CanaliAria","C:\DOCUMENTI\sd\sorgenti\bm-sd\CANALI\UTILS\PRDLL.PAS","Messages",
"CanaliAria","C:\DOCUMENTI\sd\sorgenti\bm-sd\CANALI\UTILS\PRNTESTO.PAS","messages",
"CanaliAria","C:\DOCUMENTI\sd\sorgenti\bm-sd\CANALI\UTILS\TOOLBAR.PAS","messages",
"CanaliAria","C:\DOCUMENTI\sd\sorgenti\bm-sd\CANALI\UTILS\TRMAIN.PAS","Messages",
"CanaliAria","C:\DOCUMENTI\sd\sorgenti\bm-sd\CANALI\UTILS\UFROM.PAS","Messages",
"CanaliAria","C:\DOCUMENTI\sd\sorgenti\bm-sd\CANALI\UTILS\UMC4F.PAS","Messages",
"CanaliAria","C:\DOCUMENTI\sd\sorgenti\bm-sd\CANALI\UTILS\UREC.PAS","Messages",
"CanaliAria","C:\DOCUMENTI\sd\sorgenti\bm-sd\CANALI\UTILS\UTIGEN.PAS","messages",
"CanaliAria","C:\DOCUMENTI\sd\sorgenti\bm-sd\CANALI\UTILS\UTILITIE.PAS","messages",
"CanaliAria","C:\DOCUMENTI\sd\sorgenti\bm-sd\CANALI\UTILS\UVKEY.PAS","Messages",
"CanaliAria","C:\DOCUMENTI\sd\sorgenti\bm-sd\CANALI\W_CALC.PAS","messages",
"CanaliAria","C:\DOCUMENTI\sd\sorgenti\bm-sd\componenti\kbmmem\bdenew\DbTables.pas","Messages",
"CanaliAria","C:\DOCUMENTI\sd\sorgenti\bm-sd\CANALI\PR.PAS","MFileC",
"CanaliAria","C:\DOCUMENTI\sd\sorgenti\bm-sd\CANALI\UTILS\INITUTIG.PAS","misureg",
"CanaliAria","C:\DOCUMENTI\sd\sorgenti\bm-sd\CANALI\UTILS\PROVACD.PAS","mmsystem",
"CanaliAria","C:\DOCUMENTI\sd\sorgenti\bm-sd\CANALI\pezzi3d\U3dsd.pas","MPlayer",
"CanaliAria","C:\DOCUMENTI\sd\sorgenti\bm-sd\CANALI\Genproccan.pas","multilin",
"CanaliAria","C:\DOCUMENTI\sd\sorgenti\bm-sd\CANALI\INPGRAF\DISEG.PAS","multilin",
"CanaliAria","C:\DOCUMENTI\sd\sorgenti\bm-sd\CANALI\INPGRAF\EDIT.PAS","multilin",
"CanaliAria","C:\DOCUMENTI\sd\sorgenti\bm-sd\CANALI\INPGRAF\GENPROC.PAS","multilin",
"CanaliAria","C:\DOCUMENTI\sd\sorgenti\bm-sd\CANALI\INPGRAF\INPUTC.PAS","MultiLin",
"CanaliAria","C:\DOCUMENTI\sd\sorgenti\bm-sd\CANALI\INPGRAF\INSER.PAS","multilin",
"CanaliAria","C:\DOCUMENTI\sd\sorgenti\bm-sd\CANALI\INPGRAF\TRONCO.PAS","MultiLin",
"CanaliAria","C:\DOCUMENTI\sd\sorgenti\bm-sd\CANALI\PR.PAS","OMemory",
"CanaliAria","C:\DOCUMENTI\sd\sorgenti\bm-sd\CANALI\UTILS\MAIN_W.PAS","OMEMORY",
"CanaliAria","C:\DOCUMENTI\sd\sorgenti\bm-sd\CANALI\UTILS\PRNTESTO.PAS","OPrinter",
"CanaliAria","C:\DOCUMENTI\sd\sorgenti\bm-sd\CANALI\ARCPEZZI.PAS","ostddlgs",
"CanaliAria","C:\DOCUMENTI\sd\sorgenti\bm-sd\CANALI\PR.PAS","OStdDlgs",
"CanaliAria","C:\DOCUMENTI\sd\sorgenti\bm-sd\CANALI\UTILS\PRNTESTO.PAS","OStdDlgs",
"CanaliAria","C:\DOCUMENTI\sd\sorgenti\bm-sd\CANALI\PR.PAS","OStdWnds",
"CanaliAria","C:\DOCUMENTI\sd\sorgenti\bm-sd\CANALI\INPGRAF\DAVINPUT.PAS","overlay",
"CanaliAria","C:\DOCUMENTI\sd\sorgenti\bm-sd\CANALI\pezzi3d\uarchpezzi.pas","pezzi",
"CanaliAria","C:\DOCUMENTI\sd\sorgenti\bm-sd\CANALI\COMMET.PAS","PRINTER",
"CanaliAria","C:\DOCUMENTI\sd\sorgenti\bm-sd\CANALI\Del_STAMPE.PAS","PRINTER",
"CanaliAria","C:\DOCUMENTI\sd\sorgenti\bm-sd\CANALI\ESEC1.PAS","printer",
"CanaliAria","C:\DOCUMENTI\sd\sorgenti\bm-sd\CANALI\ESECSTAM.PAS","printer",
"CanaliAria","C:\DOCUMENTI\sd\sorgenti\bm-sd\CANALI\INPGRAF\DAVGLOB.PAS","printer",
"CanaliAria","C:\DOCUMENTI\sd\sorgenti\bm-sd\CANALI\INPGRAF\DAVINPUT.PAS","printer",
"CanaliAria","C:\DOCUMENTI\sd\sorgenti\bm-sd\CANALI\INPGRAF\DAVRIDIS.PAS","printer",
"CanaliAria","C:\DOCUMENTI\sd\sorgenti\bm-sd\CANALI\INPGRAF\FUNZDIM.PAS","printer",
"CanaliAria","C:\DOCUMENTI\sd\sorgenti\bm-sd\CANALI\INPGRAF\INTCR.PAS","Printer",
"CanaliAria","C:\DOCUMENTI\sd\sorgenti\bm-sd\CANALI\INPGRAF\INTERESS.PAS","printer",
"CanaliAria","C:\DOCUMENTI\sd\sorgenti\bm-sd\CANALI\INPGRAF\PEZZI.PAS","Printer",
"CanaliAria","C:\DOCUMENTI\sd\sorgenti\bm-sd\CANALI\INPGRAF\U_3722.PAS","printer",
"CanaliAria","C:\DOCUMENTI\sd\sorgenti\bm-sd\CANALI\INPGRAF\WINTR.PAS","Printer",
"CanaliAria","C:\DOCUMENTI\sd\sorgenti\bm-sd\CANALI\OVERPROC.PAS","printer",
"CanaliAria","C:\DOCUMENTI\sd\sorgenti\bm-sd\CANALI\UTILS\SELCAMPO.PAS","printer",
"CanaliAria","C:\DOCUMENTI\sd\sorgenti\bm-sd\CANALI\UTILS\MAINST.PAS","printers",
"CanaliAria","C:\DOCUMENTI\sd\sorgenti\bm-sd\CANALI\UTILS\OLDST.PAS","printers",
"CanaliAria","C:\DOCUMENTI\sd\sorgenti\bm-sd\CANALI\INPGRAF\SALVAPI1.PAS","read_c",
"CanaliAria","C:\DOCUMENTI\sd\sorgenti\bm-sd\CANALI\INPGRAF\DAVINPUT.PAS","rinnova",
"CanaliAria","C:\DOCUMENTI\sd\sorgenti\bm-sd\CANALI\pezzi3d\U3dsd.pas","Spin",
"CanaliAria","C:\DOCUMENTI\sd\sorgenti\bm-sd\CANALI\COMMET.PAS","stampe",
"CanaliAria","C:\DOCUMENTI\sd\sorgenti\bm-sd\3dCAD\Uoggetti.pas","StdCtrls",
"CanaliAria","C:\DOCUMENTI\sd\sorgenti\bm-sd\CANALI\formpezzi.pas","StdCtrls",
"CanaliAria","C:\DOCUMENTI\sd\sorgenti\bm-sd\CANALI\INPGRAF\DFM\INGLESE\MAINEDIT.PAS","StdCtrls",
"CanaliAria","C:\DOCUMENTI\sd\sorgenti\bm-sd\CANALI\INPGRAF\MAINEDIT.PAS","StdCtrls",
"CanaliAria","C:\DOCUMENTI\sd\sorgenti\bm-sd\CANALI\INPGRAF\UPROVA.PAS","StdCtrls",
"CanaliAria","C:\DOCUMENTI\sd\sorgenti\bm-sd\CANALI\INPGRAF\UVPEZZI.PAS","StdCtrls",
"CanaliAria","C:\DOCUMENTI\sd\sorgenti\bm-sd\CANALI\MAIN.PAS","StdCtrls",
"CanaliAria","C:\DOCUMENTI\sd\sorgenti\bm-sd\CANALI\pezzi3d\U3dsd.pas","StdCtrls",
"CanaliAria","C:\DOCUMENTI\sd\sorgenti\bm-sd\CANALI\UFDaticalc.pas","StdCtrls",
"CanaliAria","C:\DOCUMENTI\sd\sorgenti\bm-sd\CANALI\UProvacanali.pas","StdCtrls",
"CanaliAria","C:\DOCUMENTI\sd\sorgenti\bm-sd\CANALI\UTILS\FINS.PAS","StdCtrls",
"CanaliAria","C:\DOCUMENTI\sd\sorgenti\bm-sd\CANALI\UTILS\MAIN.PAS","StdCtrls",
"CanaliAria","C:\DOCUMENTI\sd\sorgenti\bm-sd\CANALI\UTILS\MAINST.PAS","StdCtrls",
"CanaliAria","C:\DOCUMENTI\sd\sorgenti\bm-sd\CANALI\UTILS\MC4EDIT.PAS","StdCtrls",
"CanaliAria","C:\DOCUMENTI\sd\sorgenti\bm-sd\CANALI\UTILS\MESSWIN.PAS","StdCtrls",
"CanaliAria","C:\DOCUMENTI\sd\sorgenti\bm-sd\CANALI\UTILS\OLDST.PAS","StdCtrls",
"CanaliAria","C:\DOCUMENTI\sd\sorgenti\bm-sd\CANALI\UTILS\PROTOTIP.PAS","StdCtrls",
"CanaliAria","C:\DOCUMENTI\sd\sorgenti\bm-sd\CANALI\UTILS\TRMAIN.PAS","StdCtrls",
"CanaliAria","C:\DOCUMENTI\sd\sorgenti\bm-sd\CANALI\UTILS\UCEDIFIC.PAS","StdCtrls",
"CanaliAria","C:\DOCUMENTI\sd\sorgenti\bm-sd\CANALI\UTILS\ULDATI10.PAS","StdCtrls",
"CanaliAria","C:\DOCUMENTI\sd\sorgenti\bm-sd\CANALI\UTILS\UTI_DLF.PAS","StdCtrls",
"CanaliAria","C:\DOCUMENTI\sd\sorgenti\bm-sd\CANALI\UTILS\UVIDEO.PAS","StdCtrls",
"CanaliAria","C:\DOCUMENTI\sd\sorgenti\bm-sd\CANALI\UTILS\UVKEY.PAS","StdCtrls",
"CanaliAria","C:\DOCUMENTI\sd\sorgenti\bm-sd\CANALI\ARCPEZZI.PAS","strings",
"CanaliAria","C:\DOCUMENTI\sd\sorgenti\bm-sd\CANALI\INPGRAF\INPUTC.PAS","strings",
"CanaliAria","C:\DOCUMENTI\sd\sorgenti\bm-sd\CANALI\INPGRAF\NOVITDIM.PAS","strings",
"CanaliAria","C:\DOCUMENTI\sd\sorgenti\bm-sd\CANALI\INPGRAF\SALVAPI1.PAS","Strings",
"CanaliAria","C:\DOCUMENTI\sd\sorgenti\bm-sd\CANALI\INPGRAF\SALVAPI2.PAS","Strings",
"CanaliAria","C:\DOCUMENTI\sd\sorgenti\bm-sd\CANALI\INPGRAF\UTIWINDL.PAS","Strings",
"CanaliAria","C:\DOCUMENTI\sd\sorgenti\bm-sd\CANALI\INPGRAF\W_DIMENS.PAS","strings",
"CanaliAria","C:\DOCUMENTI\sd\sorgenti\bm-sd\CANALI\INPGRAF\W_ICART.PAS","strings",
"CanaliAria","C:\DOCUMENTI\sd\sorgenti\bm-sd\CANALI\INPGRAF\W_INPUTC.PAS","strings",
"CanaliAria","C:\DOCUMENTI\sd\sorgenti\bm-sd\CANALI\INPGRAF\WIN_MENU.PAS","strings",
"CanaliAria","C:\DOCUMENTI\sd\sorgenti\bm-sd\CANALI\key_old.pas","strings",
"CanaliAria","C:\DOCUMENTI\sd\sorgenti\bm-sd\CANALI\MASKCOMP.PAS","strings",
"CanaliAria","C:\DOCUMENTI\sd\sorgenti\bm-sd\CANALI\PR.PAS","Strings",
"CanaliAria","C:\DOCUMENTI\sd\sorgenti\bm-sd\CANALI\PROVAUTI.PAS","Strings",
"CanaliAria","C:\DOCUMENTI\sd\sorgenti\bm-sd\CANALI\UNIT1.PAS","strings",
"CanaliAria","C:\DOCUMENTI\sd\sorgenti\bm-sd\CANALI\UTILS\KEY.PAS","strings",
"CanaliAria","C:\DOCUMENTI\sd\sorgenti\bm-sd\CANALI\UTILS\KEYENG.PAS","strings",
"CanaliAria","C:\DOCUMENTI\sd\sorgenti\bm-sd\CANALI\UTILS\MAIN_W.PAS","strings",
"CanaliAria","C:\DOCUMENTI\sd\sorgenti\bm-sd\CANALI\UTILS\MENU.PAS","Strings",
"CanaliAria","C:\DOCUMENTI\sd\sorgenti\bm-sd\CANALI\UTILS\MPHKEY.PAS","Strings",
"CanaliAria","C:\DOCUMENTI\sd\sorgenti\bm-sd\CANALI\UTILS\POPUP.PAS","Strings",
"CanaliAria","C:\DOCUMENTI\sd\sorgenti\bm-sd\CANALI\UTILS\PRNTESTO.PAS","Strings",
"CanaliAria","C:\DOCUMENTI\sd\sorgenti\bm-sd\CANALI\UTILS\PRNWIN.PAS","Strings",
"CanaliAria","C:\DOCUMENTI\sd\sorgenti\bm-sd\CANALI\UTILS\PROVA.PAS","Strings",
"CanaliAria","C:\DOCUMENTI\sd\sorgenti\bm-sd\CANALI\UTILS\PROVACD.PAS","strings",
"CanaliAria","C:\DOCUMENTI\sd\sorgenti\bm-sd\CANALI\UTILS\PSICRO.PAS","Strings",
"CanaliAria","C:\DOCUMENTI\sd\sorgenti\bm-sd\CANALI\UTILS\SYSINFO.PAS","Strings",
"CanaliAria","C:\DOCUMENTI\sd\sorgenti\bm-sd\CANALI\UTILS\TOOLBAR.PAS","Strings",
"CanaliAria","C:\DOCUMENTI\sd\sorgenti\bm-sd\CANALI\UTILS\UTIWINDL.PAS","Strings",
"CanaliAria","C:\DOCUMENTI\sd\sorgenti\bm-sd\CANALI\UTIWIN.PAS","Strings",
"CanaliAria","C:\DOCUMENTI\sd\sorgenti\bm-sd\CANALI\W_CALC.PAS","strings",
"CanaliAria","C:\DOCUMENTI\sd\sorgenti\bm-sd\CANALI\W_GEST.PAS","Strings",
"CanaliAria","C:\DOCUMENTI\sd\sorgenti\bm-sd\3dCAD\Uoggetti.pas","SysUtils",
"CanaliAria","C:\DOCUMENTI\sd\sorgenti\bm-sd\CANALI\CalcoloCan.dpr","SysUtils",
"CanaliAria","C:\DOCUMENTI\sd\sorgenti\bm-sd\CANALI\CalcoloCanali.pas","sysutils",
"CanaliAria","C:\DOCUMENTI\sd\sorgenti\bm-sd\CANALI\CopiaTabelle.pas","sysutils",
"CanaliAria","C:\DOCUMENTI\sd\sorgenti\bm-sd\CANALI\dimens.pas","sysutils",
"CanaliAria","C:\DOCUMENTI\sd\sorgenti\bm-sd\CANALI\dummyfunction.pas","sysutils",
"CanaliAria","C:\DOCUMENTI\sd\sorgenti\bm-sd\CANALI\formpezzi.pas","SysUtils",
"CanaliAria","C:\DOCUMENTI\sd\sorgenti\bm-sd\CANALI\Genproccan.pas","sysutils",
"CanaliAria","C:\DOCUMENTI\sd\sorgenti\bm-sd\CANALI\IncludiTabelle.pas","SysUtils",
"CanaliAria","C:\DOCUMENTI\sd\sorgenti\bm-sd\CANALI\INPGRAF\DFM\INGLESE\MAINEDIT.PAS","SysUtils",
"CanaliAria","C:\DOCUMENTI\sd\sorgenti\bm-sd\CANALI\INPGRAF\MAINEDIT.PAS","SysUtils",
"CanaliAria","C:\DOCUMENTI\sd\sorgenti\bm-sd\CANALI\INPGRAF\UPROVA.PAS","SysUtils",
"CanaliAria","C:\DOCUMENTI\sd\sorgenti\bm-sd\CANALI\INPGRAF\Uprovadim.pas","SysUtils",
"CanaliAria","C:\DOCUMENTI\sd\sorgenti\bm-sd\CANALI\INPGRAF\UVPEZZI.PAS","SysUtils",
"CanaliAria","C:\DOCUMENTI\sd\sorgenti\bm-sd\CANALI\interf3d.pas","sysutils",
"CanaliAria","C:\DOCUMENTI\sd\sorgenti\bm-sd\CANALI\key_old.pas","SYSUTILS",
"CanaliAria","C:\DOCUMENTI\sd\sorgenti\bm-sd\CANALI\load_p.pas","sysutils",
"CanaliAria","C:\DOCUMENTI\sd\sorgenti\bm-sd\CANALI\MAIN.PAS","SysUtils",
"CanaliAria","C:\DOCUMENTI\sd\sorgenti\bm-sd\CANALI\PEZZI.PAS","sysutils",
"CanaliAria","C:\DOCUMENTI\sd\sorgenti\bm-sd\CANALI\pezzi3d\U3dsd.pas","SysUtils",
"CanaliAria","C:\DOCUMENTI\sd\sorgenti\bm-sd\CANALI\pezzi3d\uarchpezzi.pas","sysutils",
"CanaliAria","C:\DOCUMENTI\sd\sorgenti\bm-sd\CANALI\ren Copialibreriagenerale.pas","SysUtils",
"CanaliAria","C:\DOCUMENTI\sd\sorgenti\bm-sd\CANALI\Selcodice.dpr","SysUtils",
"CanaliAria","C:\DOCUMENTI\sd\sorgenti\bm-sd\CANALI\U_cvcan.pas","sysutils",
"CanaliAria","C:\DOCUMENTI\sd\sorgenti\bm-sd\CANALI\UCalcolareti.pas","sysutils",
"CanaliAria","C:\DOCUMENTI\sd\sorgenti\bm-sd\CANALI\UCalcoloCanDLL.pas","sysutils",
"CanaliAria","C:\DOCUMENTI\sd\sorgenti\bm-sd\CANALI\Ucompiladcu.pas","SysUtils",
"CanaliAria","C:\DOCUMENTI\sd\sorgenti\bm-sd\CANALI\UFDaticalc.pas","SysUtils",
"CanaliAria","C:\DOCUMENTI\sd\sorgenti\bm-sd\CANALI\UGestpezzi.pas","sysutils",
"CanaliAria","C:\DOCUMENTI\sd\sorgenti\bm-sd\CANALI\UProvacanali.pas","SysUtils",
"CanaliAria","C:\DOCUMENTI\sd\sorgenti\bm-sd\CANALI\Uselcodice.pas","sysutils",
"CanaliAria","C:\DOCUMENTI\sd\sorgenti\bm-sd\CANALI\Utilitie.pas","sysutils",
"CanaliAria","C:\DOCUMENTI\sd\sorgenti\bm-sd\CANALI\UTILS\FINS.PAS","SysUtils",
"CanaliAria","C:\DOCUMENTI\sd\sorgenti\bm-sd\CANALI\UTILS\KEY.PAS","SYSUTILS",
"CanaliAria","C:\DOCUMENTI\sd\sorgenti\bm-sd\CANALI\UTILS\MAIN.PAS","SysUtils",
"CanaliAria","C:\DOCUMENTI\sd\sorgenti\bm-sd\CANALI\UTILS\MAINST.PAS","SysUtils",
"CanaliAria","C:\DOCUMENTI\sd\sorgenti\bm-sd\CANALI\UTILS\MC4EDIT.PAS","SysUtils",
"CanaliAria","C:\DOCUMENTI\sd\sorgenti\bm-sd\CANALI\UTILS\MESSWIN.PAS","SysUtils",
"CanaliAria","C:\DOCUMENTI\sd\sorgenti\bm-sd\CANALI\UTILS\OLDST.PAS","SysUtils",
"CanaliAria","C:\DOCUMENTI\sd\sorgenti\bm-sd\CANALI\UTILS\PRDLL.PAS","SysUtils",
"CanaliAria","C:\DOCUMENTI\sd\sorgenti\bm-sd\CANALI\UTILS\TRMAIN.PAS","SysUtils",
"CanaliAria","C:\DOCUMENTI\sd\sorgenti\bm-sd\CANALI\UTILS\UFROM.PAS","SysUtils",
"CanaliAria","C:\DOCUMENTI\sd\sorgenti\bm-sd\CANALI\UTILS\UMC4F.PAS","SysUtils",
"CanaliAria","C:\DOCUMENTI\sd\sorgenti\bm-sd\CANALI\UTILS\UREC.PAS","SysUtils",
"CanaliAria","C:\DOCUMENTI\sd\sorgenti\bm-sd\CANALI\UTILS\UTI_DLF.PAS","SysUtils",
"CanaliAria","C:\DOCUMENTI\sd\sorgenti\bm-sd\CANALI\UTILS\UTIGEN.PAS","sysutils",
"CanaliAria","C:\DOCUMENTI\sd\sorgenti\bm-sd\CANALI\UTILS\UVKEY.PAS","SysUtils",
"CanaliAria","C:\DOCUMENTI\sd\sorgenti\bm-sd\CANALI\WM.pas","sysutils",
"CanaliAria","C:\DOCUMENTI\sd\sorgenti\bm-sd\componenti\kbmmem\bdenew\DbTables.pas","SysUtils",
"CanaliAria","C:\DOCUMENTI\sd\sorgenti\bm-sd\estivo\copiaLibreriaGenerale.pas","SysUtils",
"CanaliAria","C:\DOCUMENTI\sd\sorgenti\bm-sd\GLScene\Source\Base\Geometry.pas","SysUtils",
"CanaliAria","C:\DOCUMENTI\sd\sorgenti\bm-sd\utils\Geometria.pas","sysutils",
"CanaliAria","C:\DOCUMENTI\sd\sorgenti\bm-sd\CANALI\UTILS\UTI_DLF.PAS","tabnotbk",
"CanaliAria","C:\DOCUMENTI\sd\sorgenti\bm-sd\CANALI\INPGRAF\UVPEZZI.PAS","Tabs",
"CanaliAria","C:\DOCUMENTI\sd\sorgenti\bm-sd\CANALI\INPGRAF\INIT_CAR.PAS","texter",
"CanaliAria","C:\DOCUMENTI\sd\sorgenti\bm-sd\CANALI\INPGRAF\INIT_DUC.PAS","texter",
"CanaliAria","C:\DOCUMENTI\sd\sorgenti\bm-sd\CANALI\OLDUTI.PAS","TIPIDUCT",
"CanaliAria","C:\DOCUMENTI\sd\sorgenti\bm-sd\CANALI\PIANTE.PAS","tipiDuct",
"CanaliAria","C:\DOCUMENTI\sd\sorgenti\bm-sd\CANALI\pezzi3d\uarchpezzi.pas","types",
"CanaliAria","C:\DOCUMENTI\sd\sorgenti\bm-sd\CANALI\INPGRAF\W_ICART.PAS","U_WCart",
"CanaliAria","C:\DOCUMENTI\sd\sorgenti\bm-sd\CANALI\INPGRAF\W_INPUTC.PAS","U_Wduct",
"CanaliAria","C:\DOCUMENTI\sd\sorgenti\bm-sd\CANALI\INPGRAF\INPUTC.PAS","u_winput",
"CanaliAria","C:\DOCUMENTI\sd\sorgenti\bm-sd\CANALI\INPGRAF\MINICALC.PAS","u_winput",
"CanaliAria","C:\DOCUMENTI\sd\sorgenti\bm-sd\CANALI\INPGRAF\W_ICART.PAS","u_winput",
"CanaliAria","C:\DOCUMENTI\sd\sorgenti\bm-sd\CANALI\INPGRAF\W_INPUTC.PAS","u_winput",
"CanaliAria","C:\DOCUMENTI\sd\sorgenti\bm-sd\CANALI\prgduct.pas","u_winput",
"CanaliAria","C:\DOCUMENTI\sd\sorgenti\bm-sd\CANALI\UCalcolareti.pas","udbt",
"CanaliAria","C:\DOCUMENTI\sd\sorgenti\bm-sd\CANALI\UCalcolareti.pas","uleggiscrividati",
"CanaliAria","C:\DOCUMENTI\sd\sorgenti\bm-sd\CANALI\formpezzi.pas","uoggetti",
"CanaliAria","C:\DOCUMENTI\sd\sorgenti\bm-sd\CANALI\pezzi3d\U3dsd.pas","UOggetti",
"CanaliAria","C:\DOCUMENTI\sd\sorgenti\bm-sd\CANALI\pezzi3d\uarchpezzi.pas","Uoggetti",
"CanaliAria","C:\DOCUMENTI\sd\sorgenti\bm-sd\CANALI\OLD1.PAS","ut_funz",
"CanaliAria","C:\DOCUMENTI\sd\sorgenti\bm-sd\CANALI\INPGRAF\GLOBFUNZ.PAS","ut_loca",
"CanaliAria","C:\DOCUMENTI\sd\sorgenti\bm-sd\CANALI\INPGRAF\CIPZOOM.PAS","Ut_loca1",
"CanaliAria","C:\DOCUMENTI\sd\sorgenti\bm-sd\CANALI\INPGRAF\OLD_GRU.PAS","ut_loca1",
"CanaliAria","C:\DOCUMENTI\sd\sorgenti\bm-sd\CANALI\UTILS\PROTOTIP.PAS","uti_flf",
"CanaliAria","C:\DOCUMENTI\sd\sorgenti\bm-sd\CANALI\INPGRAF\INIT_CAR.PAS","utilitie",
"CanaliAria","C:\DOCUMENTI\sd\sorgenti\bm-sd\CANALI\INPGRAF\INIT_CCA.PAS","utilitie",
"CanaliAria","C:\DOCUMENTI\sd\sorgenti\bm-sd\CANALI\INPGRAF\INIT_DUC.PAS","utilitie",
"CanaliAria","C:\DOCUMENTI\sd\sorgenti\bm-sd\CANALI\INPGRAF\INPUTCAN.PAS","utilitie",
"CanaliAria","C:\DOCUMENTI\sd\sorgenti\bm-sd\CANALI\INPGRAF\INSTALLA.PAS","utilitie",
"CanaliAria","C:\DOCUMENTI\sd\sorgenti\bm-sd\CANALI\INPGRAF\LOAD_P.PAS","utilitie",
"CanaliAria","C:\DOCUMENTI\sd\sorgenti\bm-sd\CANALI\INPGRAF\MINICALC.PAS","utilitie",
"CanaliAria","C:\DOCUMENTI\sd\sorgenti\bm-sd\CANALI\INPGRAF\W_DIMENS.PAS","utilitie",
"CanaliAria","C:\DOCUMENTI\sd\sorgenti\bm-sd\CANALI\INPGRAF\W_ICART.PAS","utilitie",
"CanaliAria","C:\DOCUMENTI\sd\sorgenti\bm-sd\CANALI\INPGRAF\W_INPUTC.PAS","utilitie",
"CanaliAria","C:\DOCUMENTI\sd\sorgenti\bm-sd\CANALI\u_cvcan1.pas","utireport",
"CanaliAria","C:\DOCUMENTI\sd\sorgenti\bm-sd\CANALI\UTILS\PROVA.PAS","utiwindlg",
"CanaliAria","C:\DOCUMENTI\sd\sorgenti\bm-sd\CANALI\INPGRAF\SALVAPI2.PAS","validate",
"CanaliAria","C:\DOCUMENTI\sd\sorgenti\bm-sd\CANALI\INPGRAF\UTIWINDL.PAS","validate",
"CanaliAria","C:\DOCUMENTI\sd\sorgenti\bm-sd\CANALI\PROVAUTI.PAS","validate",
"CanaliAria","C:\DOCUMENTI\sd\sorgenti\bm-sd\CANALI\UTILS\PRNWIN.PAS","validate",
"CanaliAria","C:\DOCUMENTI\sd\sorgenti\bm-sd\CANALI\UTILS\PROVA.PAS","validate",
"CanaliAria","C:\DOCUMENTI\sd\sorgenti\bm-sd\CANALI\UTILS\UTIWINDL.PAS","validate",
"CanaliAria","C:\DOCUMENTI\sd\sorgenti\bm-sd\CANALI\UTIWIN.PAS","validate",
"CanaliAria","C:\DOCUMENTI\sd\sorgenti\bm-sd\CANALI\W_GEST.PAS","validate",
"CanaliAria","C:\DOCUMENTI\sd\sorgenti\bm-sd\CANALI\load_p.pas","varcarichi",
"CanaliAria","C:\DOCUMENTI\sd\sorgenti\bm-sd\CANALI\U_cvcan.pas","varcarichi",
"CanaliAria","C:\DOCUMENTI\sd\sorgenti\bm-sd\3dCAD\Uoggetti.pas","Variants",
"CanaliAria","C:\DOCUMENTI\sd\sorgenti\bm-sd\CANALI\formpezzi.pas","Variants",
"CanaliAria","C:\DOCUMENTI\sd\sorgenti\bm-sd\CANALI\INPGRAF\Uprovadim.pas","Variants",
"CanaliAria","C:\DOCUMENTI\sd\sorgenti\bm-sd\CANALI\pezzi3d\U3dsd.pas","Variants",
"CanaliAria","C:\DOCUMENTI\sd\sorgenti\bm-sd\CANALI\Ucompiladcu.pas","Variants",
"CanaliAria","C:\DOCUMENTI\sd\sorgenti\bm-sd\CANALI\UFDaticalc.pas","Variants",
"CanaliAria","C:\DOCUMENTI\sd\sorgenti\bm-sd\CANALI\UProvacanali.pas","Variants",
"CanaliAria","C:\DOCUMENTI\sd\sorgenti\bm-sd\CANALI\INPGRAF\GENPROC.PAS","win_uti",
"CanaliAria","C:\DOCUMENTI\sd\sorgenti\bm-sd\CANALI\INPGRAF\SALVAPI1.PAS","win_uti",
"CanaliAria","C:\DOCUMENTI\sd\sorgenti\bm-sd\CANALI\INPGRAF\TRONCO.PAS","win_uti",
"CanaliAria","C:\DOCUMENTI\sd\sorgenti\bm-sd\CANALI\INPGRAF\W_INPUTC.PAS","win31",
"CanaliAria","C:\DOCUMENTI\sd\sorgenti\bm-sd\CANALI\UTILS\PRNTESTO.PAS","win31",
"CanaliAria","C:\DOCUMENTI\sd\sorgenti\bm-sd\CANALI\UTILS\TOOLBAR.PAS","Win31",
"CanaliAria","C:\DOCUMENTI\sd\sorgenti\bm-sd\CANALI\INPGRAF\INPUTC.PAS","winapi",
"CanaliAria","C:\DOCUMENTI\sd\sorgenti\bm-sd\CANALI\UTILS\KEYENG.PAS","winapi",
"CanaliAria","C:\DOCUMENTI\sd\sorgenti\bm-sd\CANALI\UTILS\MPHKEY.PAS","winapi",
"CanaliAria","C:\DOCUMENTI\sd\sorgenti\bm-sd\CANALI\UTILS\STAMPA.PAS","winapi",
"CanaliAria","C:\DOCUMENTI\sd\sorgenti\bm-sd\CANALI\C_WM.PAS","Wincrt",
"CanaliAria","C:\DOCUMENTI\sd\sorgenti\bm-sd\CANALI\C_WM1.PAS","Wincrt",
"CanaliAria","C:\DOCUMENTI\sd\sorgenti\bm-sd\CANALI\INPGRAF\C_WM.PAS","Wincrt",
"CanaliAria","C:\DOCUMENTI\sd\sorgenti\bm-sd\CANALI\INPGRAF\CONVESA.PAS","wincrt",
"CanaliAria","C:\DOCUMENTI\sd\sorgenti\bm-sd\CANALI\INPGRAF\MINICALC.PAS","wincrt",
"CanaliAria","C:\DOCUMENTI\sd\sorgenti\bm-sd\CANALI\INPGRAF\NUOVO.PAS","wincrt",
"CanaliAria","C:\DOCUMENTI\sd\sorgenti\bm-sd\CANALI\INPGRAF\PERCENTO.PAS","wincrt",
"CanaliAria","C:\DOCUMENTI\sd\sorgenti\bm-sd\CANALI\INPGRAF\U_CVCAN.PAS","Wincrt",
"CanaliAria","C:\DOCUMENTI\sd\sorgenti\bm-sd\CANALI\INPGRAF\U_CVCAN1.PAS","Wincrt",
"CanaliAria","C:\DOCUMENTI\sd\sorgenti\bm-sd\CANALI\INPGRAF\W_DIMENS.PAS","wincrt",
"CanaliAria","C:\DOCUMENTI\sd\sorgenti\bm-sd\CANALI\OLD1.PAS","Wincrt",
"CanaliAria","C:\DOCUMENTI\sd\sorgenti\bm-sd\CANALI\OLDUTI.PAS","Wincrt",
"CanaliAria","C:\DOCUMENTI\sd\sorgenti\bm-sd\CANALI\UTILS\DEFUTIWI.PAS","Wincrt",
"CanaliAria","C:\DOCUMENTI\sd\sorgenti\bm-sd\CANALI\UTILS\PROVA.PAS","WINCRT",
"CanaliAria","C:\DOCUMENTI\sd\sorgenti\bm-sd\CANALI\UTILS\PSICRO.PAS","wincrt",
"CanaliAria","C:\DOCUMENTI\sd\sorgenti\bm-sd\CANALI\UTILS\STAMPA.PAS","WINCRT",
"CanaliAria","C:\DOCUMENTI\sd\sorgenti\bm-sd\CANALI\W_CALC.PAS","wincrt",
"CanaliAria","C:\DOCUMENTI\sd\sorgenti\bm-sd\CANALI\INPGRAF\SALVAPI1.PAS","winD_menu",
"CanaliAria","C:\DOCUMENTI\sd\sorgenti\bm-sd\CANALI\ARCPEZZI.PAS","WinDos",
"CanaliAria","C:\DOCUMENTI\sd\sorgenti\bm-sd\CANALI\DATIDUCT.PAS","WinDos",
"CanaliAria","C:\DOCUMENTI\sd\sorgenti\bm-sd\CANALI\GESTDUCT.PAS","WinDos",
"CanaliAria","C:\DOCUMENTI\sd\sorgenti\bm-sd\CANALI\INPGRAF\SALVAPI1.PAS","WinDos",
"CanaliAria","C:\DOCUMENTI\sd\sorgenti\bm-sd\CANALI\MASKCOMP.PAS","WinDos",
"CanaliAria","C:\DOCUMENTI\sd\sorgenti\bm-sd\CANALI\PR.PAS","WinDos",
"CanaliAria","C:\DOCUMENTI\sd\sorgenti\bm-sd\CANALI\UTILS\PRNTESTO.PAS","WinDos",
"CanaliAria","C:\DOCUMENTI\sd\sorgenti\bm-sd\CANALI\UTILS\SYSINFO.PAS","WinDos",
"CanaliAria","C:\documenti\bmsistemi\FASTMM_490\FastMM4.pas","Windows",
"CanaliAria","C:\DOCUMENTI\sd\sorgenti\bm-sd\3dCAD\Uoggetti.pas","Windows",
"CanaliAria","C:\DOCUMENTI\sd\sorgenti\bm-sd\CANALI\formpezzi.pas","Windows",
"CanaliAria","C:\DOCUMENTI\sd\sorgenti\bm-sd\CANALI\INPGRAF\Uprovadim.pas","Windows",
"CanaliAria","C:\DOCUMENTI\sd\sorgenti\bm-sd\CANALI\pezzi3d\U3dsd.pas","Windows",
"CanaliAria","C:\DOCUMENTI\sd\sorgenti\bm-sd\CANALI\ren Copialibreriagenerale.pas","Windows",
"CanaliAria","C:\DOCUMENTI\sd\sorgenti\bm-sd\CANALI\UCalcoloCanDLL.pas","windows",
"CanaliAria","C:\DOCUMENTI\sd\sorgenti\bm-sd\CANALI\Ucompiladcu.pas","Windows",
"CanaliAria","C:\DOCUMENTI\sd\sorgenti\bm-sd\CANALI\UFDaticalc.pas","Windows",
"CanaliAria","C:\DOCUMENTI\sd\sorgenti\bm-sd\CANALI\UProvacanali.pas","Windows",
"CanaliAria","C:\DOCUMENTI\sd\sorgenti\bm-sd\componenti\kbmmem\bdenew\DbTables.pas","Windows",
"CanaliAria","C:\DOCUMENTI\sd\sorgenti\bm-sd\estivo\copiaLibreriaGenerale.pas","Windows",
"CanaliAria","C:\DOCUMENTI\sd\sorgenti\bm-sd\CANALI\UTILS\STAMPA.PAS","WINPRN",
"CanaliAria","C:\DOCUMENTI\sd\sorgenti\bm-sd\CANALI\ARCPEZZI.PAS","WinProcs",
"CanaliAria","C:\DOCUMENTI\sd\sorgenti\bm-sd\CANALI\DATIDUCT.PAS","winprocs",
"CanaliAria","C:\DOCUMENTI\sd\sorgenti\bm-sd\CANALI\GLOBFUNZcan.pas","winprocs",
"CanaliAria","C:\DOCUMENTI\sd\sorgenti\bm-sd\CANALI\INPGRAF\CONVESA.PAS","winprocs",
"CanaliAria","C:\DOCUMENTI\sd\sorgenti\bm-sd\CANALI\INPGRAF\DEBUG.PAS","winprocs",
"CanaliAria","C:\DOCUMENTI\sd\sorgenti\bm-sd\CANALI\INPGRAF\DFM\INGLESE\MAINEDIT.PAS","WinProcs",
"CanaliAria","C:\DOCUMENTI\sd\sorgenti\bm-sd\CANALI\INPGRAF\DISEG.PAS","winprocs",
"CanaliAria","C:\DOCUMENTI\sd\sorgenti\bm-sd\CANALI\INPGRAF\GLOBFUNZ.PAS","winprocs",
"CanaliAria","C:\DOCUMENTI\sd\sorgenti\bm-sd\CANALI\INPGRAF\INPUTC.PAS","winprocs",
"CanaliAria","C:\DOCUMENTI\sd\sorgenti\bm-sd\CANALI\INPGRAF\INTERF3D.PAS","winprocs",
"CanaliAria","C:\DOCUMENTI\sd\sorgenti\bm-sd\CANALI\INPGRAF\LOAD_P.PAS","WINPROCS",
"CanaliAria","C:\DOCUMENTI\sd\sorgenti\bm-sd\CANALI\INPGRAF\MAINEDIT.PAS","WinProcs",
"CanaliAria","C:\DOCUMENTI\sd\sorgenti\bm-sd\CANALI\INPGRAF\NOVITDIM.PAS","winprocs",
"CanaliAria","C:\DOCUMENTI\sd\sorgenti\bm-sd\CANALI\INPGRAF\OSNAP.PAS","winprocs",
"CanaliAria","C:\DOCUMENTI\sd\sorgenti\bm-sd\CANALI\INPGRAF\SALVAPI1.PAS","WinProcs",
"CanaliAria","C:\DOCUMENTI\sd\sorgenti\bm-sd\CANALI\INPGRAF\SALVAPI2.PAS","WinProcs",
"CanaliAria","C:\DOCUMENTI\sd\sorgenti\bm-sd\CANALI\INPGRAF\TRONCO.PAS","winprocs",
"CanaliAria","C:\DOCUMENTI\sd\sorgenti\bm-sd\CANALI\INPGRAF\UPROVA.PAS","WinProcs",
"CanaliAria","C:\DOCUMENTI\sd\sorgenti\bm-sd\CANALI\INPGRAF\UTIWINDL.PAS","WinProcs",
"CanaliAria","C:\DOCUMENTI\sd\sorgenti\bm-sd\CANALI\INPGRAF\UVPEZZI.PAS","WinProcs",
"CanaliAria","C:\DOCUMENTI\sd\sorgenti\bm-sd\CANALI\INPGRAF\W_DIMENS.PAS","winprocs",
"CanaliAria","C:\DOCUMENTI\sd\sorgenti\bm-sd\CANALI\INPGRAF\W_ICART.PAS","winprocs",
"CanaliAria","C:\DOCUMENTI\sd\sorgenti\bm-sd\CANALI\INPGRAF\W_INPUTC.PAS","winprocs",
"CanaliAria","C:\DOCUMENTI\sd\sorgenti\bm-sd\CANALI\interf3d.pas","winprocs",
"CanaliAria","C:\DOCUMENTI\sd\sorgenti\bm-sd\CANALI\key_old.pas","winprocs",
"CanaliAria","C:\DOCUMENTI\sd\sorgenti\bm-sd\CANALI\MAIN.PAS","WinProcs",
"CanaliAria","C:\DOCUMENTI\sd\sorgenti\bm-sd\CANALI\MASKCOMP.PAS","WinProcs",
"CanaliAria","C:\DOCUMENTI\sd\sorgenti\bm-sd\CANALI\PR.PAS","WinProcs",
"CanaliAria","C:\DOCUMENTI\sd\sorgenti\bm-sd\CANALI\prgduct.pas","winprocs",
"CanaliAria","C:\DOCUMENTI\sd\sorgenti\bm-sd\CANALI\PROVAUTI.PAS","WinProcs",
"CanaliAria","C:\DOCUMENTI\sd\sorgenti\bm-sd\CANALI\UNIT1.PAS","winprocs",
"CanaliAria","C:\DOCUMENTI\sd\sorgenti\bm-sd\CANALI\UTILS\FINS.PAS","WinProcs",
"CanaliAria","C:\DOCUMENTI\sd\sorgenti\bm-sd\CANALI\UTILS\KEY.PAS","winprocs",
"CanaliAria","C:\DOCUMENTI\sd\sorgenti\bm-sd\CANALI\UTILS\KEYENG.PAS","winprocs",
"CanaliAria","C:\DOCUMENTI\sd\sorgenti\bm-sd\CANALI\UTILS\MAIN.PAS","WinProcs",
"CanaliAria","C:\DOCUMENTI\sd\sorgenti\bm-sd\CANALI\UTILS\MAIN_W.PAS","winprocs",
"CanaliAria","C:\DOCUMENTI\sd\sorgenti\bm-sd\CANALI\UTILS\MAINST.PAS","WinProcs",
"CanaliAria","C:\DOCUMENTI\sd\sorgenti\bm-sd\CANALI\UTILS\MC4EDIT.PAS","WinProcs",
"CanaliAria","C:\DOCUMENTI\sd\sorgenti\bm-sd\CANALI\UTILS\MENU.PAS","WinProcs",
"CanaliAria","C:\DOCUMENTI\sd\sorgenti\bm-sd\CANALI\UTILS\MESSWIN.PAS","WinProcs",
"CanaliAria","C:\DOCUMENTI\sd\sorgenti\bm-sd\CANALI\UTILS\MPHKEY.PAS","WinProcs",
"CanaliAria","C:\DOCUMENTI\sd\sorgenti\bm-sd\CANALI\UTILS\OLDST.PAS","WinProcs",
"CanaliAria","C:\DOCUMENTI\sd\sorgenti\bm-sd\CANALI\UTILS\POPUP.PAS","WinProcs",
"CanaliAria","C:\DOCUMENTI\sd\sorgenti\bm-sd\CANALI\UTILS\PRDLL.PAS","WinProcs",
"CanaliAria","C:\DOCUMENTI\sd\sorgenti\bm-sd\CANALI\UTILS\PRNTESTO.PAS","WinProcs",
"CanaliAria","C:\DOCUMENTI\sd\sorgenti\bm-sd\CANALI\UTILS\PRNWIN.PAS","WinProcs",
"CanaliAria","C:\DOCUMENTI\sd\sorgenti\bm-sd\CANALI\UTILS\PROTOTIP.PAS","WinProcs",
"CanaliAria","C:\DOCUMENTI\sd\sorgenti\bm-sd\CANALI\UTILS\PROVA.PAS","WinProcs",
"CanaliAria","C:\DOCUMENTI\sd\sorgenti\bm-sd\CANALI\UTILS\PSICRO.PAS","WinProcs",
"CanaliAria","C:\DOCUMENTI\sd\sorgenti\bm-sd\CANALI\UTILS\STAMPA.PAS","winprocs",
"CanaliAria","C:\DOCUMENTI\sd\sorgenti\bm-sd\CANALI\UTILS\SYSINFO.PAS","WinProcs",
"CanaliAria","C:\DOCUMENTI\sd\sorgenti\bm-sd\CANALI\UTILS\TOOLBAR.PAS","Winprocs",
"CanaliAria","C:\DOCUMENTI\sd\sorgenti\bm-sd\CANALI\UTILS\TRMAIN.PAS","WinProcs",
"CanaliAria","C:\DOCUMENTI\sd\sorgenti\bm-sd\CANALI\UTILS\UCEDIFIC.PAS","WinProcs",
"CanaliAria","C:\DOCUMENTI\sd\sorgenti\bm-sd\CANALI\UTILS\UFROM.PAS","WinProcs",
"CanaliAria","C:\DOCUMENTI\sd\sorgenti\bm-sd\CANALI\UTILS\ULDATI10.PAS","WinProcs",
"CanaliAria","C:\DOCUMENTI\sd\sorgenti\bm-sd\CANALI\UTILS\UMC4F.PAS","WinProcs",
"CanaliAria","C:\DOCUMENTI\sd\sorgenti\bm-sd\CANALI\UTILS\UREC.PAS","WinProcs",
"CanaliAria","C:\DOCUMENTI\sd\sorgenti\bm-sd\CANALI\UTILS\UTIGEN.PAS","winprocs",
"CanaliAria","C:\DOCUMENTI\sd\sorgenti\bm-sd\CANALI\UTILS\UTIWINDL.PAS","WinProcs",
"CanaliAria","C:\DOCUMENTI\sd\sorgenti\bm-sd\CANALI\UTILS\UVIDEO.PAS","WinProcs",
"CanaliAria","C:\DOCUMENTI\sd\sorgenti\bm-sd\CANALI\UTILS\UVKEY.PAS","WinProcs",
"CanaliAria","C:\DOCUMENTI\sd\sorgenti\bm-sd\CANALI\UTIWIN.PAS","WinProcs",
"CanaliAria","C:\DOCUMENTI\sd\sorgenti\bm-sd\CANALI\W_CALC.PAS","winprocs",
"CanaliAria","C:\DOCUMENTI\sd\sorgenti\bm-sd\CANALI\W_GEST.PAS","WinProcs",
"CanaliAria","C:\DOCUMENTI\sd\sorgenti\bm-sd\CANALI\UTILS\UTILITIE.PAS","wp",
"CarichiTermici","C:\DOCUMENTI\sd\sorgenti\bm-sd\estivo_13\STRUTTUR.PAS","bwcc",
"CarichiTermici","C:\DOCUMENTI\sd\sorgenti\bm-sd\estivo_13\MainForm.pas","Calcoli",
"CarichiTermici","C:\DOCUMENTI\sd\sorgenti\bm-sd\estivo_13\Provaestivo.dpr","calcoli","CALCOLI.PAS"
"CarichiTermici","C:\DOCUMENTI\sd\sorgenti\bm-sd\estivo_13\UProvaestivo.pas","calcoli",
"CarichiTermici","C:\DOCUMENTI\sd\sorgenti\bm-sd\estivo_13\UTabellare.pas","calcoli",
"CarichiTermici","C:\DOCUMENTI\sd\sorgenti\bm-sd\estivo_13\MainForm.pas","Chart",
"CarichiTermici","C:\DOCUMENTI\sd\sorgenti\bm-sd\estivo_13\UTabellare.pas","Chart",
"CarichiTermici","C:\DOCUMENTI\sd\sorgenti\bm-sd\componenti\kbmmem\bdenew\DbTables.pas","Classes",
"CarichiTermici","C:\DOCUMENTI\sd\sorgenti\bm-sd\estivo_13\EstivoDLL.dpr","Classes",
"CarichiTermici","C:\DOCUMENTI\sd\sorgenti\bm-sd\estivo_13\MainForm.pas","Classes",
"CarichiTermici","C:\DOCUMENTI\sd\sorgenti\bm-sd\estivo_13\UCompiladcuestivo.pas","Classes",
"CarichiTermici","C:\DOCUMENTI\sd\sorgenti\bm-sd\estivo_13\UProvaestivo.pas","Classes",
"CarichiTermici","C:\DOCUMENTI\sd\sorgenti\bm-sd\estivo_13\UProvapsicro.pas","Classes",
"CarichiTermici","C:\DOCUMENTI\sd\sorgenti\bm-sd\estivo_13\UTabellare.pas","Classes",
"CarichiTermici","C:\DOCUMENTI\sd\sorgenti\bm-sd\estivo_13\warning.pas","Classes",
"CarichiTermici","C:\DOCUMENTI\sd\sorgenti\bm-sd\GENERA\Rebuli modificato CAD\UMaskgen.pas","Classes",
"CarichiTermici","C:\DOCUMENTI\sd\sorgenti\bm-sd\Sun-Trace\Main_suntrace.pas","Classes",
"CarichiTermici","C:\DOCUMENTI\sd\sorgenti\bm-sd\estivo_13\UTabellare.pas","ComCtrls",
"CarichiTermici","C:\DOCUMENTI\sd\sorgenti\bm-sd\Sun-Trace\Main_suntrace.pas","ComCtrls",
"CarichiTermici","C:\DOCUMENTI\sd\sorgenti\bm-sd\estivo_13\MainForm.pas","Controls",
"CarichiTermici","C:\DOCUMENTI\sd\sorgenti\bm-sd\estivo_13\UCompiladcuestivo.pas","Controls",
"CarichiTermici","C:\DOCUMENTI\sd\sorgenti\bm-sd\estivo_13\UProvaestivo.pas","Controls",
"CarichiTermici","C:\DOCUMENTI\sd\sorgenti\bm-sd\estivo_13\UProvapsicro.pas","Controls",
"CarichiTermici","C:\DOCUMENTI\sd\sorgenti\bm-sd\estivo_13\UTabellare.pas","Controls",
"CarichiTermici","C:\DOCUMENTI\sd\sorgenti\bm-sd\estivo_13\warning.pas","Controls",
"CarichiTermici","C:\DOCUMENTI\sd\sorgenti\bm-sd\GENERA\Rebuli modificato CAD\UMaskgen.pas","Controls",
"CarichiTermici","C:\DOCUMENTI\sd\sorgenti\bm-sd\Sun-Trace\Main_suntrace.pas","Controls",
"CarichiTermici","C:\DOCUMENTI\sd\sorgenti\bm-sd\estivo_13\CalcFun.pas","CopiaLibreriaGenerale",
"CarichiTermici","C:\DOCUMENTI\sd\sorgenti\bm-sd\estivo_13\F1.pas","copiaLibreriaGenerale",
"CarichiTermici","C:\DOCUMENTI\sd\sorgenti\bm-sd\estivo_13\F2.pas","copiaLibreriaGenerale",
"CarichiTermici","C:\DOCUMENTI\sd\sorgenti\bm-sd\estivo_13\F3.pas","copiaLibreriaGenerale",
"CarichiTermici","C:\DOCUMENTI\sd\sorgenti\bm-sd\estivo_13\toted.pas","copiaLibreriaGenerale",
"CarichiTermici","C:\DOCUMENTI\sd\sorgenti\bm-sd\Sun-Trace\Main_suntrace.pas","dateutils",
"CarichiTermici","C:\DOCUMENTI\sd\sorgenti\bm-sd\componenti\kbmmem\bdenew\DbTables.pas","DB",
"CarichiTermici","C:\DOCUMENTI\sd\sorgenti\bm-sd\estivo_13\MainForm.pas","DB",
"CarichiTermici","C:\DOCUMENTI\sd\sorgenti\bm-sd\estivo_13\ren copiaLibreriaGenerale.pas","DB",
"CarichiTermici","C:\DOCUMENTI\sd\sorgenti\bm-sd\estivo_13\Risultati.pas","DB",
"CarichiTermici","C:\DOCUMENTI\sd\sorgenti\bm-sd\estivo_13\UTabellare.pas","DB",
"CarichiTermici","C:\DOCUMENTI\sd\sorgenti\bm-sd\GENERA\Rebuli modificato CAD\UDati.pas","db",
"CarichiTermici","C:\DOCUMENTI\sd\sorgenti\bm-sd\GENERA\Rebuli modificato CAD\UMaskgen.pas","Db",
"CarichiTermici","C:\DOCUMENTI\sd\sorgenti\bm-sd\Sun-Trace\Main_suntrace.pas","db",
"CarichiTermici","C:\DOCUMENTI\sd\sorgenti\bm-sd\estivo_13\MainForm.pas","DbChart",
"CarichiTermici","C:\DOCUMENTI\sd\sorgenti\bm-sd\estivo_13\UTabellare.pas","DbChart",
"CarichiTermici","C:\DOCUMENTI\sd\sorgenti\bm-sd\estivo_13\UTabellare.pas","DBCtrls",
"CarichiTermici","C:\DOCUMENTI\sd\sorgenti\bm-sd\GENERA\Rebuli modificato CAD\UMaskgen.pas","DBCtrls",
"CarichiTermici","C:\DOCUMENTI\sd\sorgenti\bm-sd\Sun-Trace\Main_suntrace.pas","DBCtrls",
"CarichiTermici","C:\DOCUMENTI\sd\sorgenti\bm-sd\estivo_13\MainForm.pas","DBGrids",
"CarichiTermici","C:\DOCUMENTI\sd\sorgenti\bm-sd\estivo_13\UTabellare.pas","DBGrids",
"CarichiTermici","C:\DOCUMENTI\sd\sorgenti\bm-sd\Sun-Trace\Main_suntrace.pas","DBGrids",
"CarichiTermici","C:\DOCUMENTI\sd\sorgenti\bm-sd\estivo_13\STRUTTUR.PAS","defuti",
"CarichiTermici","C:\DOCUMENTI\sd\sorgenti\bm-sd\estivo_13\PsicroDia.dpr","Diagramma","Diagramma.pas"
"CarichiTermici","C:\DOCUMENTI\sd\sorgenti\bm-sd\estivo_13\UProvapsicro.pas","Diagramma",
"CarichiTermici","C:\DOCUMENTI\sd\sorgenti\bm-sd\estivo_13\MainForm.pas","Dialogs",
"CarichiTermici","C:\DOCUMENTI\sd\sorgenti\bm-sd\estivo_13\ren copiaLibreriaGenerale.pas","dialogs",
"CarichiTermici","C:\DOCUMENTI\sd\sorgenti\bm-sd\estivo_13\UCompiladcuestivo.pas","Dialogs",
"CarichiTermici","C:\DOCUMENTI\sd\sorgenti\bm-sd\estivo_13\UProvaestivo.pas","Dialogs",
"CarichiTermici","C:\DOCUMENTI\sd\sorgenti\bm-sd\estivo_13\UProvapsicro.pas","Dialogs",
"CarichiTermici","C:\DOCUMENTI\sd\sorgenti\bm-sd\estivo_13\UTabellare.pas","Dialogs",
"CarichiTermici","C:\DOCUMENTI\sd\sorgenti\bm-sd\estivo_13\warning.pas","Dialogs",
"CarichiTermici","C:\DOCUMENTI\sd\sorgenti\bm-sd\GENERA\Rebuli modificato CAD\UMaskgen.pas","Dialogs",
"CarichiTermici","C:\DOCUMENTI\sd\sorgenti\bm-sd\Sun-Trace\Main_suntrace.pas","Dialogs",
"CarichiTermici","C:\DOCUMENTI\sd\sorgenti\bm-sd\CANALI\UTILS\UTILITIE.PAS","Enter",
"CarichiTermici","C:\DOCUMENTI\sd\sorgenti\bm-sd\estivo_13\MainForm.pas","ExtCtrls",
"CarichiTermici","C:\DOCUMENTI\sd\sorgenti\bm-sd\estivo_13\UTabellare.pas","ExtCtrls",
"CarichiTermici","C:\DOCUMENTI\sd\sorgenti\bm-sd\GENERA\Rebuli modificato CAD\UMaskgen.pas","ExtCtrls",
"CarichiTermici","C:\DOCUMENTI\sd\sorgenti\bm-sd\Sun-Trace\Main_suntrace.pas","ExtCtrls",
"CarichiTermici","C:\DOCUMENTI\sd\sorgenti\bm-sd\estivo_13\Compiladcuestivo.dpr","Forms",
"CarichiTermici","C:\DOCUMENTI\sd\sorgenti\bm-sd\estivo_13\Compiladcuestivo_14.dpr","Forms",
"CarichiTermici","C:\DOCUMENTI\sd\sorgenti\bm-sd\estivo_13\MainForm.pas","Forms",
"CarichiTermici","C:\DOCUMENTI\sd\sorgenti\bm-sd\estivo_13\NuovoProvaEstivo.dpr","Forms",
"CarichiTermici","C:\DOCUMENTI\sd\sorgenti\bm-sd\estivo_13\Provaestivo.dpr","Forms",
"CarichiTermici","C:\DOCUMENTI\sd\sorgenti\bm-sd\estivo_13\Provapsicro.dpr","Forms",
"CarichiTermici","C:\DOCUMENTI\sd\sorgenti\bm-sd\estivo_13\PsicroDia.dpr","Forms",
"CarichiTermici","C:\DOCUMENTI\sd\sorgenti\bm-sd\estivo_13\ren copiaLibreriaGenerale.pas","Forms",
"CarichiTermici","C:\DOCUMENTI\sd\sorgenti\bm-sd\estivo_13\Sun_trace.dpr","Forms",
"CarichiTermici","C:\DOCUMENTI\sd\sorgenti\bm-sd\estivo_13\UCompiladcuestivo.pas","Forms",
"CarichiTermici","C:\DOCUMENTI\sd\sorgenti\bm-sd\estivo_13\UProvaestivo.pas","Forms",
"CarichiTermici","C:\DOCUMENTI\sd\sorgenti\bm-sd\estivo_13\UProvapsicro.pas","Forms",
"CarichiTermici","C:\DOCUMENTI\sd\sorgenti\bm-sd\estivo_13\UTabellare.pas","Forms",
"CarichiTermici","C:\DOCUMENTI\sd\sorgenti\bm-sd\estivo_13\warning.pas","Forms",
"CarichiTermici","C:\DOCUMENTI\sd\sorgenti\bm-sd\GENERA\Rebuli modificato CAD\UMaskgen.pas","Forms",
"CarichiTermici","C:\DOCUMENTI\sd\sorgenti\bm-sd\Sun-Trace\Main_suntrace.pas","Forms",
"CarichiTermici","C:\DOCUMENTI\sd\sorgenti\bm-sd\estivo_13\MainForm.pas","Graphics",
"CarichiTermici","C:\DOCUMENTI\sd\sorgenti\bm-sd\estivo_13\UCompiladcuestivo.pas","Graphics",
"CarichiTermici","C:\DOCUMENTI\sd\sorgenti\bm-sd\estivo_13\UProvaestivo.pas","Graphics",
"CarichiTermici","C:\DOCUMENTI\sd\sorgenti\bm-sd\estivo_13\UProvapsicro.pas","Graphics",
"CarichiTermici","C:\DOCUMENTI\sd\sorgenti\bm-sd\estivo_13\UTabellare.pas","Graphics",
"CarichiTermici","C:\DOCUMENTI\sd\sorgenti\bm-sd\estivo_13\warning.pas","Graphics",
"CarichiTermici","C:\DOCUMENTI\sd\sorgenti\bm-sd\GENERA\Rebuli modificato CAD\UMaskgen.pas","Graphics",
"CarichiTermici","C:\DOCUMENTI\sd\sorgenti\bm-sd\Sun-Trace\Main_suntrace.pas","Graphics",
"CarichiTermici","C:\DOCUMENTI\sd\sorgenti\bm-sd\estivo_13\MainForm.pas","Grids",
"CarichiTermici","C:\DOCUMENTI\sd\sorgenti\bm-sd\estivo_13\UTabellare.pas","Grids",
"CarichiTermici","C:\DOCUMENTI\sd\sorgenti\bm-sd\Sun-Trace\Main_suntrace.pas","Grids",
"CarichiTermici","C:\DOCUMENTI\sd\sorgenti\bm-sd\estivo_13\STRUTTUR.PAS","indata",
"CarichiTermici","C:\DOCUMENTI\sd\sorgenti\bm-sd\componenti\kbmmem\bdenew\DbTables.pas","kbmMemCSVStreamFormat",
"CarichiTermici","C:\DOCUMENTI\sd\sorgenti\bm-sd\componenti\kbmmem\bdenew\DbTables.pas","kbmMemTable",
"CarichiTermici","C:\DOCUMENTI\sd\sorgenti\bm-sd\Sun-Trace\Main_suntrace.pas","LbSpeedButton",
"CarichiTermici","C:\DOCUMENTI\sd\sorgenti\bm-sd\estivo_13\EstivoDLL.dpr","Libreriagenerale",
"CarichiTermici","C:\DOCUMENTI\sd\sorgenti\bm-sd\estivo_13\MainForm.pas","LibreriaGenerale",
"CarichiTermici","C:\DOCUMENTI\sd\sorgenti\bm-sd\estivo_13\NuovoProvaEstivo.dpr","Libreriagenerale",
"CarichiTermici","C:\DOCUMENTI\sd\sorgenti\bm-sd\estivo_13\Provaestivo.dpr","LibreriaGenerale","..\..\..\comuni\LibreriaGenerale.pas"
"CarichiTermici","C:\DOCUMENTI\sd\sorgenti\bm-sd\estivo_13\UTabellare.pas","libreriagenerale",
"CarichiTermici","C:\DOCUMENTI\sd\sorgenti\bm-sd\estivo_13\vecchiocalcoli.pas","LibreriaGenerale",
"CarichiTermici","C:\DOCUMENTI\sd\sorgenti\bm-sd\Sun-Trace\Main_suntrace.pas","libreriagenerale",
"CarichiTermici","C:\DOCUMENTI\sd\sorgenti\bm-sd\GENERA\Rebuli modificato CAD\UMaskgen.pas","Mask",
"CarichiTermici","C:\DOCUMENTI\sd\sorgenti\bm-sd\Sun-Trace\Main_suntrace.pas","Mask",
"CarichiTermici","C:\DOCUMENTI\sd\sorgenti\bm-sd\estivo_13\Provaestivo.dpr","Master","..\..\..\comuni\report\Master.pas"
"CarichiTermici","C:\DOCUMENTI\sd\sorgenti\bm-sd\estivo_13\UTabellare.pas","Master",
"CarichiTermici","C:\DOCUMENTI\sd\sorgenti\bm-sd\CANALI\UTILS\DEFUTI.PAS","messages",
"CarichiTermici","C:\DOCUMENTI\sd\sorgenti\bm-sd\CANALI\UTILS\UTILITIE.PAS","messages",
"CarichiTermici","C:\DOCUMENTI\sd\sorgenti\bm-sd\componenti\kbmmem\bdenew\DbTables.pas","Messages",
"CarichiTermici","C:\DOCUMENTI\sd\sorgenti\bm-sd\estivo_13\MainForm.pas","Messages",
"CarichiTermici","C:\DOCUMENTI\sd\sorgenti\bm-sd\estivo_13\UCompiladcuestivo.pas","Messages",
"CarichiTermici","C:\DOCUMENTI\sd\sorgenti\bm-sd\estivo_13\UProvaestivo.pas","Messages",
"CarichiTermici","C:\DOCUMENTI\sd\sorgenti\bm-sd\estivo_13\UProvapsicro.pas","Messages",
"CarichiTermici","C:\DOCUMENTI\sd\sorgenti\bm-sd\estivo_13\UTabellare.pas","Messages",
"CarichiTermici","C:\DOCUMENTI\sd\sorgenti\bm-sd\estivo_13\warning.pas","Messages",
"CarichiTermici","C:\DOCUMENTI\sd\sorgenti\bm-sd\GENERA\Rebuli modificato CAD\UMaskgen.pas","Messages",
"CarichiTermici","C:\DOCUMENTI\sd\sorgenti\bm-sd\Sun-Trace\Main_suntrace.pas","Messages",
"CarichiTermici","C:\DOCUMENTI\sd\sorgenti\bm-sd\estivo_13\MainForm.pas","Series",
"CarichiTermici","C:\DOCUMENTI\sd\sorgenti\bm-sd\estivo_13\UTabellare.pas","Series",
"CarichiTermici","C:\DOCUMENTI\sd\sorgenti\bm-sd\estivo_13\MainForm.pas","StdCtrls",
"CarichiTermici","C:\DOCUMENTI\sd\sorgenti\bm-sd\estivo_13\UProvaestivo.pas","StdCtrls",
"CarichiTermici","C:\DOCUMENTI\sd\sorgenti\bm-sd\estivo_13\UProvapsicro.pas","StdCtrls",
"CarichiTermici","C:\DOCUMENTI\sd\sorgenti\bm-sd\estivo_13\UTabellare.pas","StdCtrls",
"CarichiTermici","C:\DOCUMENTI\sd\sorgenti\bm-sd\estivo_13\warning.pas","StdCtrls",
"CarichiTermici","C:\DOCUMENTI\sd\sorgenti\bm-sd\GENERA\Rebuli modificato CAD\UMaskgen.pas","StdCtrls",
"CarichiTermici","C:\DOCUMENTI\sd\sorgenti\bm-sd\Sun-Trace\Main_suntrace.pas","StdCtrls",
"CarichiTermici","C:\DOCUMENTI\sd\sorgenti\bm-sd\estivo_13\STRUTTUR.PAS","strings",
"CarichiTermici","C:\DOCUMENTI\sd\sorgenti\bm-sd\componenti\kbmmem\bdenew\DbTables.pas","SysUtils",
"CarichiTermici","C:\DOCUMENTI\sd\sorgenti\bm-sd\estivo_13\CalcFun.pas","sysutils",
"CarichiTermici","C:\DOCUMENTI\sd\sorgenti\bm-sd\estivo_13\EstivoDLL.dpr","SysUtils",
"CarichiTermici","C:\DOCUMENTI\sd\sorgenti\bm-sd\estivo_13\F1.pas","sysutils",
"CarichiTermici","C:\DOCUMENTI\sd\sorgenti\bm-sd\estivo_13\F2.pas","sysutils",
"CarichiTermici","C:\DOCUMENTI\sd\sorgenti\bm-sd\estivo_13\MainForm.pas","SysUtils",
"CarichiTermici","C:\DOCUMENTI\sd\sorgenti\bm-sd\estivo_13\ren copiaLibreriaGenerale.pas","SysUtils",
"CarichiTermici","C:\DOCUMENTI\sd\sorgenti\bm-sd\estivo_13\toted.pas","sysutils",
"CarichiTermici","C:\DOCUMENTI\sd\sorgenti\bm-sd\estivo_13\UCompiladcuestivo.pas","SysUtils",
"CarichiTermici","C:\DOCUMENTI\sd\sorgenti\bm-sd\estivo_13\Ucopiarebuli.pas","sysutils",
"CarichiTermici","C:\DOCUMENTI\sd\sorgenti\bm-sd\estivo_13\UProvaestivo.pas","SysUtils",
"CarichiTermici","C:\DOCUMENTI\sd\sorgenti\bm-sd\estivo_13\UProvapsicro.pas","SysUtils",
"CarichiTermici","C:\DOCUMENTI\sd\sorgenti\bm-sd\estivo_13\UTabellare.pas","SysUtils",
"CarichiTermici","C:\DOCUMENTI\sd\sorgenti\bm-sd\estivo_13\warning.pas","SysUtils",
"CarichiTermici","C:\DOCUMENTI\sd\sorgenti\bm-sd\GENERA\Rebuli modificato CAD\UMaskgen.pas","SysUtils",
"CarichiTermici","C:\DOCUMENTI\sd\sorgenti\bm-sd\Sun-Trace\Main_suntrace.pas","SysUtils",
"CarichiTermici","C:\DOCUMENTI\sd\sorgenti\bm-sd\estivo_13\UTabellare.pas","TabNotBk",
"CarichiTermici","C:\DOCUMENTI\sd\sorgenti\bm-sd\estivo_13\MainForm.pas","TeEngine",
"CarichiTermici","C:\DOCUMENTI\sd\sorgenti\bm-sd\estivo_13\UTabellare.pas","TeEngine",
"CarichiTermici","C:\DOCUMENTI\sd\sorgenti\bm-sd\estivo_13\MainForm.pas","TeeProcs",
"CarichiTermici","C:\DOCUMENTI\sd\sorgenti\bm-sd\estivo_13\UTabellare.pas","TeeProcs",
"CarichiTermici","C:\DOCUMENTI\sd\sorgenti\bm-sd\estivo_13\STRUTTUR.PAS","Turbo3",
"CarichiTermici","C:\DOCUMENTI\sd\sorgenti\bm-sd\estivo_13\MainForm.pas","Ucompilaform",
"CarichiTermici","C:\DOCUMENTI\sd\sorgenti\bm-sd\Sun-Trace\Main_suntrace.pas","Ucompilaform",
"CarichiTermici","C:\DOCUMENTI\sd\sorgenti\bm-sd\estivo_13\MainForm.pas","Udatalink",
"CarichiTermici","C:\DOCUMENTI\sd\sorgenti\bm-sd\estivo_13\Provaestivo.dpr","UDataLink","UDataLink.pas"
"CarichiTermici","C:\DOCUMENTI\sd\sorgenti\bm-sd\estivo_13\UTabellare.pas","UDatalink",
"CarichiTermici","C:\DOCUMENTI\sd\sorgenti\bm-sd\estivo_13\MainForm.pas","udb",
"CarichiTermici","C:\DOCUMENTI\sd\sorgenti\bm-sd\estivo_13\Provaestivo.dpr","UDB","..\..\database\UDB.pas"
"CarichiTermici","C:\DOCUMENTI\sd\sorgenti\bm-sd\estivo_13\UTabellare.pas","UDB",
"CarichiTermici","C:\DOCUMENTI\sd\sorgenti\bm-sd\Sun-Trace\Main_suntrace.pas","udb",
"CarichiTermici","C:\DOCUMENTI\sd\sorgenti\bm-sd\estivo_13\Ucopiarebuli.pas","Uinitmem",
"CarichiTermici","C:\DOCUMENTI\sd\sorgenti\bm-sd\estivo_13\Provaestivo.dpr","ULeggiscriviDati","ULeggiscriviDati.pas"
"CarichiTermici","C:\DOCUMENTI\sd\sorgenti\bm-sd\Sun-Trace\Main_suntrace.pas","uleggiscrividati",
"CarichiTermici","C:\DOCUMENTI\sd\sorgenti\bm-sd\estivo_13\STRUTTUR.PAS","utilitie",
"CarichiTermici","C:\DOCUMENTI\sd\sorgenti\bm-sd\estivo_13\CalcFun.pas","Varcarichi",
"CarichiTermici","C:\DOCUMENTI\sd\sorgenti\bm-sd\estivo_13\F1.pas","Varcarichi",
"CarichiTermici","C:\DOCUMENTI\sd\sorgenti\bm-sd\estivo_13\F2.pas","Varcarichi",
"CarichiTermici","C:\DOCUMENTI\sd\sorgenti\bm-sd\estivo_13\F3.pas","VarCarichi",
"CarichiTermici","C:\DOCUMENTI\sd\sorgenti\bm-sd\estivo_13\funztrasfmuri.pas","Varcarichi",
"CarichiTermici","C:\DOCUMENTI\sd\sorgenti\bm-sd\estivo_13\Provaestivo.dpr","VarCarichi","VarCarichi.pas"
"CarichiTermici","C:\DOCUMENTI\sd\sorgenti\bm-sd\estivo_13\Risultati.pas","Varcarichi",
"CarichiTermici","C:\DOCUMENTI\sd\sorgenti\bm-sd\estivo_13\Solare.pas","varcarichi",
"CarichiTermici","C:\DOCUMENTI\sd\sorgenti\bm-sd\estivo_13\toted.pas","Varcarichi",
"CarichiTermici","C:\DOCUMENTI\sd\sorgenti\bm-sd\estivo_13\Ucopiarebuli.pas","Varcarichi",
"CarichiTermici","C:\DOCUMENTI\sd\sorgenti\bm-sd\estivo_13\warning.pas","varcarichi",
"CarichiTermici","C:\DOCUMENTI\sd\sorgenti\bm-sd\estivo_13\CalcFun.pas","Varcarichi_estivo_14",
"CarichiTermici","C:\DOCUMENTI\sd\sorgenti\bm-sd\estivo_13\F1.pas","Varcarichi_estivo_14",
"CarichiTermici","C:\DOCUMENTI\sd\sorgenti\bm-sd\estivo_13\F2.pas","Varcarichi_estivo_14",
"CarichiTermici","C:\DOCUMENTI\sd\sorgenti\bm-sd\estivo_13\F3.pas","Varcarichi_estivo_14",
"CarichiTermici","C:\DOCUMENTI\sd\sorgenti\bm-sd\estivo_13\Risultati.pas","Varcarichi_estivo_14",
"CarichiTermici","C:\DOCUMENTI\sd\sorgenti\bm-sd\estivo_13\toted.pas","Varcarichi_estivo_14",
"CarichiTermici","C:\DOCUMENTI\sd\sorgenti\bm-sd\estivo_13\warning.pas","Varcarichi_estivo_14",
"CarichiTermici","C:\DOCUMENTI\sd\sorgenti\bm-sd\estivo_13\DEFINIZ.PAS","VariabiliGenerali",
"CarichiTermici","C:\DOCUMENTI\sd\sorgenti\bm-sd\estivo_13\Provaestivo.dpr","VariabiliGenerali","..\..\..\comuni\VariabiliGenerali.pas"
"CarichiTermici","C:\DOCUMENTI\sd\sorgenti\bm-sd\estivo_13\Varcarichicancellato.pas","variabiligenerali",
"CarichiTermici","C:\DOCUMENTI\sd\sorgenti\bm-sd\estivo_13\MainForm.pas","Variants",
"CarichiTermici","C:\DOCUMENTI\sd\sorgenti\bm-sd\estivo_13\UCompiladcuestivo.pas","Variants",
"CarichiTermici","C:\DOCUMENTI\sd\sorgenti\bm-sd\estivo_13\UProvaestivo.pas","Variants",
"CarichiTermici","C:\DOCUMENTI\sd\sorgenti\bm-sd\estivo_13\UProvapsicro.pas","Variants",
"CarichiTermici","C:\DOCUMENTI\sd\sorgenti\bm-sd\estivo_13\UTabellare.pas","Variants",
"CarichiTermici","C:\DOCUMENTI\sd\sorgenti\bm-sd\estivo_13\warning.pas","Variants",
"CarichiTermici","C:\DOCUMENTI\sd\sorgenti\bm-sd\Sun-Trace\Main_suntrace.pas","Variants",
"CarichiTermici","C:\DOCUMENTI\sd\sorgenti\bm-sd\estivo_13\STRUTTUR.PAS","win_uti",
"CarichiTermici","C:\DOCUMENTI\sd\sorgenti\bm-sd\componenti\kbmmem\bdenew\DbTables.pas","Windows",
"CarichiTermici","C:\DOCUMENTI\sd\sorgenti\bm-sd\estivo_13\MainForm.pas","Windows",
"CarichiTermici","C:\DOCUMENTI\sd\sorgenti\bm-sd\estivo_13\ren copiaLibreriaGenerale.pas","Windows",
"CarichiTermici","C:\DOCUMENTI\sd\sorgenti\bm-sd\estivo_13\Risultati.pas","windows",
"CarichiTermici","C:\DOCUMENTI\sd\sorgenti\bm-sd\estivo_13\UCompiladcuestivo.pas","Windows",
"CarichiTermici","C:\DOCUMENTI\sd\sorgenti\bm-sd\estivo_13\UProvaestivo.pas","Windows",
"CarichiTermici","C:\DOCUMENTI\sd\sorgenti\bm-sd\estivo_13\UProvapsicro.pas","Windows",
"CarichiTermici","C:\DOCUMENTI\sd\sorgenti\bm-sd\estivo_13\UTabellare.pas","Windows",
"CarichiTermici","C:\DOCUMENTI\sd\sorgenti\bm-sd\estivo_13\warning.pas","Windows",
"CarichiTermici","C:\DOCUMENTI\sd\sorgenti\bm-sd\GENERA\Rebuli modificato CAD\UMaskgen.pas","Windows",
"CarichiTermici","C:\DOCUMENTI\sd\sorgenti\bm-sd\Sun-Trace\Main_suntrace.pas","Windows",
"CarichiTermici","C:\DOCUMENTI\sd\sorgenti\bm-sd\estivo_13\STRUTTUR.PAS","WINPROCS",
"CarichiTermici","C:\DOCUMENTI\sd\sorgenti\bm-sd\CANALI\UTILS\UTILITIE.PAS","Wm",
"CarichiTermici","C:\DOCUMENTI\sd\sorgenti\bm-sd\estivo_13\STRUTTUR.PAS","WM",
"CarichiTermici","C:\DOCUMENTI\sd\sorgenti\bm-sd\CANALI\UTILS\UTILITIE.PAS","wp",
"Tubazioni","C:\DOCUMENTI\bmsistemi\drivepsviluppo\prjs\cpi win clima\versione_10\3D\UinitGeneral.pas","ActnList",
"Tubazioni","C:\DOCUMENTI\bmsistemi\drivepsviluppo\prjs\cpi win clima\versione_10\3D\form\Cambiaelab.pas","Buttons",
"Tubazioni","C:\DOCUMENTI\bmsistemi\drivepsviluppo\prjs\cpi win clima\versione_10\3D\form\filedialog.pas","Buttons",
"Tubazioni","C:\DOCUMENTI\bmsistemi\drivepsviluppo\prjs\cpi win clima\versione_10\3D\form\Generatori3D.pas","Buttons",
"Tubazioni","C:\DOCUMENTI\bmsistemi\drivepsviluppo\prjs\cpi win clima\versione_10\3D\form\Impianti3D.pas","Buttons",
"Tubazioni","C:\DOCUMENTI\bmsistemi\drivepsviluppo\prjs\cpi win clima\versione_10\3D\form\Piani3d.pas","Buttons",
"Tubazioni","C:\DOCUMENTI\bmsistemi\drivepsviluppo\prjs\cpi win clima\versione_10\3D\form\Zone3D.pas","Buttons",
"Tubazioni","C:\DOCUMENTI\bmsistemi\drivepsviluppo\prjs\cpi win clima\versione_10\3D\Tool_visualizza3d.pas","Buttons",
"Tubazioni","C:\DOCUMENTI\bmsistemi\drivepsviluppo\prjs\cpi win clima\versione_10\3D\U3dsd.pas","Buttons",
"Tubazioni","C:\DOCUMENTI\bmsistemi\drivepsviluppo\prjs\cpi win clima\versione_10\CARICHI\tamponamenti\Coefficienti.pas","Buttons",
"Tubazioni","C:\DOCUMENTI\bmsistemi\drivepsviluppo\prjs\cpi win clima\versione_10\CARICHI\tamponamenti\UarchMat.pas","Buttons",
"Tubazioni","C:\DOCUMENTI\bmsistemi\drivepsviluppo\prjs\cpi win clima\versione_10\CARICHI\tamponamenti\usolomuri.pas","Buttons",
"Tubazioni","C:\DOCUMENTI\bmsistemi\drivepsviluppo\prjs\cpi win clima\versione_10\CARICHI\tamponamenti\Wizardusolomuri.pas","Buttons",
"Tubazioni","C:\DOCUMENTI\bmsistemi\drivepsviluppo\prjs\cpi win clima\versione_10\CARICHI\Ulettura.pas","Buttons",
"Tubazioni","C:\DOCUMENTI\bmsistemi\drivepsviluppo\prjs\cpi win clima\versione_10\comuni\Tutor\UtilityGestioneTutor.pas","Buttons",
"Tubazioni","C:\DOCUMENTI\bmsistemi\drivepsviluppo\prjs\cpi win clima\versione_10\DllPrincipaleTermico\forms\Tool_visualizza.pas","Buttons",
"Tubazioni","C:\DOCUMENTI\bmsistemi\drivepsviluppo\prjs\cpi win clima\versione_10\libreriedatabase\UCompilaForm.pas","Buttons",
"Tubazioni","C:\DOCUMENTI\bmsistemi\drivepsviluppo\prjs\cpi win clima\versione_10\Tubi\UMain_CalcTubi.pas","Buttons",
"Tubazioni","C:\DOCUMENTI\bmsistemi\drivepsviluppo\prjs\cpi win clima\versione_10\Tubi\UTI_CALC.PAS","bwcc",
"Tubazioni","C:\DOCUMENTI\bmsistemi\drivepsviluppo\prjs\cpi win clima\versione_10\Tubi\CalcTubiDll.dpr","CalcloloCanali",
"Tubazioni","C:\DOCUMENTI\bmsistemi\drivepsviluppo\prjs\cpi win clima\versione_10\3D\CopiaCaricatabelle.pas","CalcolaZ",
"Tubazioni","C:\DOCUMENTI\bmsistemi\drivepsviluppo\prjs\cpi win clima\versione_10\3D\disedificio.pas","calcolaZ",
"Tubazioni","C:\DOCUMENTI\bmsistemi\drivepsviluppo\prjs\cpi win clima\versione_10\CARICHI\Ucaricatabelle.pas","CalcolaZ",
"Tubazioni","C:\DOCUMENTI\sd\sorgenti\bm-sd\3dsd\Volumi.pas","calcolaZ",
"Tubazioni","C:\DOCUMENTI\bmsistemi\drivepsviluppo\prjs\cpi win clima\versione_10\3D\U3dsd.pas","Chart",
"Tubazioni","C:\DOCUMENTI\bmsistemi\drivepsviluppo\prjs\cpi win clima\versione_10\CARICHI\calcoli\Legge10\Forms_12\Risparmio.pas","Chart",
"Tubazioni","C:\DOCUMENTI\bmsistemi\drivepsviluppo\prjs\cpi win clima\versione_10\CARICHI\calcoli\Legge10\Forms_12\UFormL10.pas","Chart",
"Tubazioni","C:\DOCUMENTI\bmsistemi\drivepsviluppo\prjs\cpi win clima\versione_10\comuni\GestioneGrafico.pas","Chart",
"Tubazioni","C:\DOCUMENTI\bmsistemi\drivepsviluppo\prjs\cpi win clima\versione_10\comuni\Ustatistica.pas","Chart",
"Tubazioni","C:\DOCUMENTI\bmsistemi\drivepsviluppo\Comp\Source\UNIT_CONDIVISE\BMEureka.pas","Classes",
"Tubazioni","C:\DOCUMENTI\bmsistemi\drivepsviluppo\prjs\cpi win clima\versione_10\3D\Config_Var.pas","classes",
"Tubazioni","C:\DOCUMENTI\bmsistemi\drivepsviluppo\prjs\cpi win clima\versione_10\3D\Fconsigli.pas","Classes",
"Tubazioni","C:\DOCUMENTI\bmsistemi\drivepsviluppo\prjs\cpi win clima\versione_10\3D\form\Archpers3D.pas","Classes",
"Tubazioni","C:\DOCUMENTI\bmsistemi\drivepsviluppo\prjs\cpi win clima\versione_10\3D\form\Cambiaelab.pas","Classes",
"Tubazioni","C:\DOCUMENTI\bmsistemi\drivepsviluppo\prjs\cpi win clima\versione_10\3D\form\Carburanti3D.pas","Classes",
"Tubazioni","C:\DOCUMENTI\bmsistemi\drivepsviluppo\prjs\cpi win clima\versione_10\3D\form\Conferma3d.pas","Classes",
"Tubazioni","C:\DOCUMENTI\bmsistemi\drivepsviluppo\prjs\cpi win clima\versione_10\3D\form\Confineparete3D.pas","Classes",
"Tubazioni","C:\DOCUMENTI\bmsistemi\drivepsviluppo\prjs\cpi win clima\versione_10\3D\form\controlla3d.pas","Classes",
"Tubazioni","C:\DOCUMENTI\bmsistemi\drivepsviluppo\prjs\cpi win clima\versione_10\3D\form\Edificio3D.pas","Classes",
"Tubazioni","C:\DOCUMENTI\bmsistemi\drivepsviluppo\prjs\cpi win clima\versione_10\3D\form\Errori3D.pas","Classes",
"Tubazioni","C:\DOCUMENTI\bmsistemi\drivepsviluppo\prjs\cpi win clima\versione_10\3D\form\Falde3D.pas","Classes",
"Tubazioni","C:\DOCUMENTI\bmsistemi\drivepsviluppo\prjs\cpi win clima\versione_10\3D\form\filedialog.pas","Classes",
"Tubazioni","C:\DOCUMENTI\bmsistemi\drivepsviluppo\prjs\cpi win clima\versione_10\3D\form\Generatore3D.pas","Classes",
"Tubazioni","C:\DOCUMENTI\bmsistemi\drivepsviluppo\prjs\cpi win clima\versione_10\3D\form\Generatori3D.pas","Classes",
"Tubazioni","C:\DOCUMENTI\bmsistemi\drivepsviluppo\prjs\cpi win clima\versione_10\3D\form\Impianti3D.pas","Classes",
"Tubazioni","C:\DOCUMENTI\bmsistemi\drivepsviluppo\prjs\cpi win clima\versione_10\3D\form\Piani3d.pas","Classes",
"Tubazioni","C:\DOCUMENTI\bmsistemi\drivepsviluppo\prjs\cpi win clima\versione_10\3D\form\Reti3D.pas","Classes",
"Tubazioni","C:\DOCUMENTI\bmsistemi\drivepsviluppo\prjs\cpi win clima\versione_10\3D\form\Selectdir.pas","Classes",
"Tubazioni","C:\DOCUMENTI\bmsistemi\drivepsviluppo\prjs\cpi win clima\versione_10\3D\form\Terminali3d.pas","Classes",
"Tubazioni","C:\DOCUMENTI\bmsistemi\drivepsviluppo\prjs\cpi win clima\versione_10\3D\form\tipirete.pas","Classes",
"Tubazioni","C:\DOCUMENTI\bmsistemi\drivepsviluppo\prjs\cpi win clima\versione_10\3D\form\tratti_rete3d.pas","Classes",
"Tubazioni","C:\DOCUMENTI\bmsistemi\drivepsviluppo\prjs\cpi win clima\versione_10\3D\form\Zone3D.pas","Classes",
"Tubazioni","C:\DOCUMENTI\bmsistemi\drivepsviluppo\prjs\cpi win clima\versione_10\3D\progress3D.pas","Classes",
"Tubazioni","C:\DOCUMENTI\bmsistemi\drivepsviluppo\prjs\cpi win clima\versione_10\3D\Secondario.pas","Classes",
"Tubazioni","C:\DOCUMENTI\bmsistemi\drivepsviluppo\prjs\cpi win clima\versione_10\3D\Tool_visualizza3d.pas","Classes",
"Tubazioni","C:\DOCUMENTI\bmsistemi\drivepsviluppo\prjs\cpi win clima\versione_10\3D\U3dsd.pas","Classes",
"Tubazioni","C:\DOCUMENTI\bmsistemi\drivepsviluppo\prjs\cpi win clima\versione_10\3D\U3dsdridotto.pas","Classes",
"Tubazioni","C:\DOCUMENTI\bmsistemi\drivepsviluppo\prjs\cpi win clima\versione_10\3D\UinitGeneral.pas","Classes",
"Tubazioni","C:\DOCUMENTI\bmsistemi\drivepsviluppo\prjs\cpi win clima\versione_10\CARICHI\calcoli\estivo\Caricamento.pas","Classes",
"Tubazioni","C:\DOCUMENTI\bmsistemi\drivepsviluppo\prjs\cpi win clima\versione_10\CARICHI\calcoli\estivo\Diagramma.pas","Classes",
"Tubazioni","C:\DOCUMENTI\bmsistemi\drivepsviluppo\prjs\cpi win clima\versione_10\CARICHI\calcoli\estivo\urisultestivo.pas","Classes",
"Tubazioni","C:\DOCUMENTI\bmsistemi\drivepsviluppo\prjs\cpi win clima\versione_10\CARICHI\calcoli\Legge10\Forms_12\Carburanti.pas","Classes",
"Tubazioni","C:\DOCUMENTI\bmsistemi\drivepsviluppo\prjs\cpi win clima\versione_10\CARICHI\calcoli\Legge10\Forms_12\FMessValLim.pas","Classes",
"Tubazioni","C:\DOCUMENTI\bmsistemi\drivepsviluppo\prjs\cpi win clima\versione_10\CARICHI\calcoli\Legge10\Forms_12\FMessValLim3.pas","Classes",
"Tubazioni","C:\DOCUMENTI\bmsistemi\drivepsviluppo\prjs\cpi win clima\versione_10\CARICHI\calcoli\Legge10\Forms_12\Risparmio.pas","Classes",
"Tubazioni","C:\DOCUMENTI\bmsistemi\drivepsviluppo\prjs\cpi win clima\versione_10\CARICHI\calcoli\Legge10\Forms_12\UFormL10.pas","Classes",
"Tubazioni","C:\DOCUMENTI\bmsistemi\drivepsviluppo\prjs\cpi win clima\versione_10\CARICHI\calcoli\Legge10\Forms_12\UVerifFinestre.pas","Classes",
"Tubazioni","C:\DOCUMENTI\bmsistemi\drivepsviluppo\prjs\cpi win clima\versione_10\CARICHI\calcoli\Legge10\Forms_12\UVerifPareti.pas","Classes",
"Tubazioni","C:\DOCUMENTI\bmsistemi\drivepsviluppo\prjs\cpi win clima\versione_10\CARICHI\calcoli\Legge10\uFunzioniLegge10.pas","Classes",
"Tubazioni","C:\DOCUMENTI\bmsistemi\drivepsviluppo\prjs\cpi win clima\versione_10\CARICHI\calcoli\Legge10\UmainL10.pas","Classes",
"Tubazioni","C:\DOCUMENTI\bmsistemi\drivepsviluppo\prjs\cpi win clima\versione_10\CARICHI\database\Udb.pas","Classes",
"Tubazioni","C:\DOCUMENTI\bmsistemi\drivepsviluppo\prjs\cpi win clima\versione_10\CARICHI\tamponamenti\Coefficienti.pas","Classes",
"Tubazioni","C:\DOCUMENTI\bmsistemi\drivepsviluppo\prjs\cpi win clima\versione_10\CARICHI\tamponamenti\UarchMat.pas","Classes",
"Tubazioni","C:\DOCUMENTI\bmsistemi\drivepsviluppo\prjs\cpi win clima\versione_10\CARICHI\tamponamenti\Udisegnafinestra.pas","Classes",
"Tubazioni","C:\DOCUMENTI\bmsistemi\drivepsviluppo\prjs\cpi win clima\versione_10\CARICHI\tamponamenti\UGraficoigro.pas","classes",
"Tubazioni","C:\DOCUMENTI\bmsistemi\drivepsviluppo\prjs\cpi win clima\versione_10\CARICHI\tamponamenti\usolomuri.pas","Classes",
"Tubazioni","C:\DOCUMENTI\bmsistemi\drivepsviluppo\prjs\cpi win clima\versione_10\CARICHI\tamponamenti\UVariabiliPareti.pas","Classes",
"Tubazioni","C:\DOCUMENTI\bmsistemi\drivepsviluppo\prjs\cpi win clima\versione_10\CARICHI\tamponamenti\Wizardusolomuri.pas","Classes",
"Tubazioni","C:\DOCUMENTI\bmsistemi\drivepsviluppo\prjs\cpi win clima\versione_10\CARICHI\Ulettura.pas","Classes",
"Tubazioni","C:\DOCUMENTI\bmsistemi\drivepsviluppo\prjs\cpi win clima\versione_10\ChiamateDLL\Messaggio.pas","Classes",
"Tubazioni","C:\DOCUMENTI\bmsistemi\drivepsviluppo\prjs\cpi win clima\versione_10\comuni\Grafica\Leggidxf.pas","classes",
"Tubazioni","C:\DOCUMENTI\bmsistemi\drivepsviluppo\prjs\cpi win clima\versione_10\comuni\libreriagenerale.pas","Classes",
"Tubazioni","C:\DOCUMENTI\bmsistemi\drivepsviluppo\prjs\cpi win clima\versione_10\comuni\report\UFileLog.pas","Classes",
"Tubazioni","C:\DOCUMENTI\bmsistemi\drivepsviluppo\prjs\cpi win clima\versione_10\comuni\report\Utireport.pas","Classes",
"Tubazioni","C:\DOCUMENTI\bmsistemi\drivepsviluppo\prjs\cpi win clima\versione_10\comuni\Tutor\UtilityGestioneTutor.pas","Classes",
"Tubazioni","C:\DOCUMENTI\bmsistemi\drivepsviluppo\prjs\cpi win clima\versione_10\DllPrincipaleTermico\forms\Tool_visualizza.pas","Classes",
"Tubazioni","C:\DOCUMENTI\bmsistemi\drivepsviluppo\prjs\cpi win clima\versione_10\libreriedatabase\SceltaA.pas","Classes",
"Tubazioni","C:\DOCUMENTI\bmsistemi\drivepsviluppo\prjs\cpi win clima\versione_10\libreriedatabase\UCompilaForm.pas","classes",
"Tubazioni","C:\DOCUMENTI\bmsistemi\drivepsviluppo\prjs\cpi win clima\versione_10\Tubi\CalcTubiDll.dpr","Classes",
"Tubazioni","C:\DOCUMENTI\bmsistemi\drivepsviluppo\prjs\cpi win clima\versione_10\Tubi\UMain_CalcTubi.pas","Classes",
"Tubazioni","C:\DOCUMENTI\bmsistemi\drivepsviluppo\prjs\cpi win clima\versione_10\Tubi\UProvatubi.pas","Classes",
"Tubazioni","C:\DOCUMENTI\bmsistemi\drivepsviluppo\prjs\cpi win clima\versione_10\Tubi\UStampe.pas","Classes",
"Tubazioni","C:\DOCUMENTI\bmsistemi\drivepsviluppo\prjs\cpi win clima\versione_10\Tubi\UtilityZeta.pas","Classes",
"Tubazioni","C:\DOCUMENTI\sd\sorgenti\bm-sd\CANALI\disperrori.pas","Classes",
"Tubazioni","C:\DOCUMENTI\sd\sorgenti\bm-sd\componenti\kbmmem\bdenew\DbTables.pas","Classes",
"Tubazioni","C:\DOCUMENTI\sd\sorgenti\bm-sd\gestioneclienti\chiedilicenza.pas","Classes",
"Tubazioni","C:\DOCUMENTI\sd\sorgenti\bm-sd\gestioneclienti\DatiLicenza.pas","Classes",
"Tubazioni","C:\DOCUMENTI\sd\sorgenti\bm-sd\librerie_generali\Gest_form.pas","Classes",
"Tubazioni","C:\DOCUMENTI\bmsistemi\drivepsviluppo\prjs\cpi win clima\versione_10\3D\form\Cambiaelab.pas","ComCtrls",
"Tubazioni","C:\DOCUMENTI\bmsistemi\drivepsviluppo\prjs\cpi win clima\versione_10\3D\form\controlla3d.pas","ComCtrls",
"Tubazioni","C:\DOCUMENTI\bmsistemi\drivepsviluppo\prjs\cpi win clima\versione_10\3D\form\Generatore3D.pas","ComCtrls",
"Tubazioni","C:\DOCUMENTI\bmsistemi\drivepsviluppo\prjs\cpi win clima\versione_10\3D\form\Generatori3D.pas","ComCtrls",
"Tubazioni","C:\DOCUMENTI\bmsistemi\drivepsviluppo\prjs\cpi win clima\versione_10\3D\form\Impianti3D.pas","ComCtrls",
"Tubazioni","C:\DOCUMENTI\bmsistemi\drivepsviluppo\prjs\cpi win clima\versione_10\3D\form\Terminali3d.pas","ComCtrls",
"Tubazioni","C:\DOCUMENTI\bmsistemi\drivepsviluppo\prjs\cpi win clima\versione_10\3D\form\tipirete.pas","ComCtrls",
"Tubazioni","C:\DOCUMENTI\bmsistemi\drivepsviluppo\prjs\cpi win clima\versione_10\3D\form\tratti_rete3d.pas","ComCtrls",
"Tubazioni","C:\DOCUMENTI\bmsistemi\drivepsviluppo\prjs\cpi win clima\versione_10\3D\form\Zone3D.pas","ComCtrls",
"Tubazioni","C:\DOCUMENTI\bmsistemi\drivepsviluppo\prjs\cpi win clima\versione_10\3D\progress3D.pas","ComCtrls",
"Tubazioni","C:\DOCUMENTI\bmsistemi\drivepsviluppo\prjs\cpi win clima\versione_10\3D\setta_config_User.pas","ComCtrls",
"Tubazioni","C:\DOCUMENTI\bmsistemi\drivepsviluppo\prjs\cpi win clima\versione_10\3D\U3dsd.pas","ComCtrls",
"Tubazioni","C:\DOCUMENTI\bmsistemi\drivepsviluppo\prjs\cpi win clima\versione_10\3D\U3dsdridotto.pas","ComCtrls",
"Tubazioni","C:\DOCUMENTI\bmsistemi\drivepsviluppo\prjs\cpi win clima\versione_10\CARICHI\calcoli\Legge10\Forms_12\Risparmio.pas","ComCtrls",
"Tubazioni","C:\DOCUMENTI\bmsistemi\drivepsviluppo\prjs\cpi win clima\versione_10\CARICHI\calcoli\Legge10\Forms_12\UFormL10.pas","ComCtrls",
"Tubazioni","C:\DOCUMENTI\bmsistemi\drivepsviluppo\prjs\cpi win clima\versione_10\CARICHI\calcoli\Legge10\Forms_12\UVerifPareti.pas","ComCtrls",
"Tubazioni","C:\DOCUMENTI\bmsistemi\drivepsviluppo\prjs\cpi win clima\versione_10\CARICHI\tamponamenti\usolomuri.pas","ComCtrls",
"Tubazioni","C:\DOCUMENTI\bmsistemi\drivepsviluppo\prjs\cpi win clima\versione_10\CARICHI\tamponamenti\Wizardusolomuri.pas","ComCtrls",
"Tubazioni","C:\DOCUMENTI\bmsistemi\drivepsviluppo\prjs\cpi win clima\versione_10\CARICHI\Ulettura.pas","ComCtrls",
"Tubazioni","C:\DOCUMENTI\bmsistemi\drivepsviluppo\prjs\cpi win clima\versione_10\Tubi\UMain_CalcTubi.pas","ComCtrls",
"Tubazioni","C:\DOCUMENTI\sd\sorgenti\bm-sd\librerie_generali\Gest_form.pas","ComCtrls",
"Tubazioni","C:\DOCUMENTI\bmsistemi\drivepsviluppo\Comp\Source\UNIT_CONDIVISE\BMEureka.pas","Controls",
"Tubazioni","C:\DOCUMENTI\bmsistemi\drivepsviluppo\prjs\cpi win clima\versione_10\3D\Fconsigli.pas","Controls",
"Tubazioni","C:\DOCUMENTI\bmsistemi\drivepsviluppo\prjs\cpi win clima\versione_10\3D\form\Archpers3D.pas","Controls",
"Tubazioni","C:\DOCUMENTI\bmsistemi\drivepsviluppo\prjs\cpi win clima\versione_10\3D\form\Cambiaelab.pas","Controls",
"Tubazioni","C:\DOCUMENTI\bmsistemi\drivepsviluppo\prjs\cpi win clima\versione_10\3D\form\Carburanti3D.pas","Controls",
"Tubazioni","C:\DOCUMENTI\bmsistemi\drivepsviluppo\prjs\cpi win clima\versione_10\3D\form\Conferma3d.pas","Controls",
"Tubazioni","C:\DOCUMENTI\bmsistemi\drivepsviluppo\prjs\cpi win clima\versione_10\3D\form\Confineparete3D.pas","Controls",
"Tubazioni","C:\DOCUMENTI\bmsistemi\drivepsviluppo\prjs\cpi win clima\versione_10\3D\form\controlla3d.pas","Controls",
"Tubazioni","C:\DOCUMENTI\bmsistemi\drivepsviluppo\prjs\cpi win clima\versione_10\3D\form\Edificio3D.pas","Controls",
"Tubazioni","C:\DOCUMENTI\bmsistemi\drivepsviluppo\prjs\cpi win clima\versione_10\3D\form\Errori3D.pas","Controls",
"Tubazioni","C:\DOCUMENTI\bmsistemi\drivepsviluppo\prjs\cpi win clima\versione_10\3D\form\Falde3D.pas","Controls",
"Tubazioni","C:\DOCUMENTI\bmsistemi\drivepsviluppo\prjs\cpi win clima\versione_10\3D\form\filedialog.pas","Controls",
"Tubazioni","C:\DOCUMENTI\bmsistemi\drivepsviluppo\prjs\cpi win clima\versione_10\3D\form\Generatore3D.pas","Controls",
"Tubazioni","C:\DOCUMENTI\bmsistemi\drivepsviluppo\prjs\cpi win clima\versione_10\3D\form\Generatori3D.pas","Controls",
"Tubazioni","C:\DOCUMENTI\bmsistemi\drivepsviluppo\prjs\cpi win clima\versione_10\3D\form\Impianti3D.pas","Controls",
"Tubazioni","C:\DOCUMENTI\bmsistemi\drivepsviluppo\prjs\cpi win clima\versione_10\3D\form\Piani3d.pas","Controls",
"Tubazioni","C:\DOCUMENTI\bmsistemi\drivepsviluppo\prjs\cpi win clima\versione_10\3D\form\Reti3D.pas","Controls",
"Tubazioni","C:\DOCUMENTI\bmsistemi\drivepsviluppo\prjs\cpi win clima\versione_10\3D\form\Selectdir.pas","Controls",
"Tubazioni","C:\DOCUMENTI\bmsistemi\drivepsviluppo\prjs\cpi win clima\versione_10\3D\form\Terminali3d.pas","Controls",
"Tubazioni","C:\DOCUMENTI\bmsistemi\drivepsviluppo\prjs\cpi win clima\versione_10\3D\form\tipirete.pas","Controls",
"Tubazioni","C:\DOCUMENTI\bmsistemi\drivepsviluppo\prjs\cpi win clima\versione_10\3D\form\tratti_rete3d.pas","Controls",
"Tubazioni","C:\DOCUMENTI\bmsistemi\drivepsviluppo\prjs\cpi win clima\versione_10\3D\form\Zone3D.pas","Controls",
"Tubazioni","C:\DOCUMENTI\bmsistemi\drivepsviluppo\prjs\cpi win clima\versione_10\3D\grafica2d.pas","controls",
"Tubazioni","C:\DOCUMENTI\bmsistemi\drivepsviluppo\prjs\cpi win clima\versione_10\3D\LetturaInMemoria.pas","controls",
"Tubazioni","C:\DOCUMENTI\bmsistemi\drivepsviluppo\prjs\cpi win clima\versione_10\3D\progress3D.pas","Controls",
"Tubazioni","C:\DOCUMENTI\bmsistemi\drivepsviluppo\prjs\cpi win clima\versione_10\3D\Secondario.pas","Controls",
"Tubazioni","C:\DOCUMENTI\bmsistemi\drivepsviluppo\prjs\cpi win clima\versione_10\3D\Tool_visualizza3d.pas","Controls",
"Tubazioni","C:\DOCUMENTI\bmsistemi\drivepsviluppo\prjs\cpi win clima\versione_10\3D\U3dsd.pas","Controls",
"Tubazioni","C:\DOCUMENTI\bmsistemi\drivepsviluppo\prjs\cpi win clima\versione_10\3D\U3dsdridotto.pas","Controls",
"Tubazioni","C:\DOCUMENTI\bmsistemi\drivepsviluppo\prjs\cpi win clima\versione_10\3D\UinitGeneral.pas","Controls",
"Tubazioni","C:\DOCUMENTI\bmsistemi\drivepsviluppo\prjs\cpi win clima\versione_10\CARICHI\calcoli\estivo\Caricamento.pas","Controls",
"Tubazioni","C:\DOCUMENTI\bmsistemi\drivepsviluppo\prjs\cpi win clima\versione_10\CARICHI\calcoli\estivo\Diagramma.pas","Controls",
"Tubazioni","C:\DOCUMENTI\bmsistemi\drivepsviluppo\prjs\cpi win clima\versione_10\CARICHI\calcoli\Legge10\Forms_12\Carburanti.pas","Controls",
"Tubazioni","C:\DOCUMENTI\bmsistemi\drivepsviluppo\prjs\cpi win clima\versione_10\CARICHI\calcoli\Legge10\Forms_12\FMessValLim.pas","Controls",
"Tubazioni","C:\DOCUMENTI\bmsistemi\drivepsviluppo\prjs\cpi win clima\versione_10\CARICHI\calcoli\Legge10\Forms_12\FMessValLim3.pas","Controls",
"Tubazioni","C:\DOCUMENTI\bmsistemi\drivepsviluppo\prjs\cpi win clima\versione_10\CARICHI\calcoli\Legge10\Forms_12\Risparmio.pas","Controls",
"Tubazioni","C:\DOCUMENTI\bmsistemi\drivepsviluppo\prjs\cpi win clima\versione_10\CARICHI\calcoli\Legge10\Forms_12\UFormL10.pas","Controls",
"Tubazioni","C:\DOCUMENTI\bmsistemi\drivepsviluppo\prjs\cpi win clima\versione_10\CARICHI\calcoli\Legge10\Forms_12\UVerifFinestre.pas","Controls",
"Tubazioni","C:\DOCUMENTI\bmsistemi\drivepsviluppo\prjs\cpi win clima\versione_10\CARICHI\calcoli\Legge10\Forms_12\UVerifPareti.pas","Controls",
"Tubazioni","C:\DOCUMENTI\bmsistemi\drivepsviluppo\prjs\cpi win clima\versione_10\CARICHI\tamponamenti\Coefficienti.pas","Controls",
"Tubazioni","C:\DOCUMENTI\bmsistemi\drivepsviluppo\prjs\cpi win clima\versione_10\CARICHI\tamponamenti\UarchMat.pas","Controls",
"Tubazioni","C:\DOCUMENTI\bmsistemi\drivepsviluppo\prjs\cpi win clima\versione_10\CARICHI\tamponamenti\UGraficoigro.pas","Controls",
"Tubazioni","C:\DOCUMENTI\bmsistemi\drivepsviluppo\prjs\cpi win clima\versione_10\CARICHI\tamponamenti\usolomuri.pas","Controls",
"Tubazioni","C:\DOCUMENTI\bmsistemi\drivepsviluppo\prjs\cpi win clima\versione_10\CARICHI\tamponamenti\Wizardusolomuri.pas","Controls",
"Tubazioni","C:\DOCUMENTI\bmsistemi\drivepsviluppo\prjs\cpi win clima\versione_10\CARICHI\Ulettura.pas","Controls",
"Tubazioni","C:\DOCUMENTI\bmsistemi\drivepsviluppo\prjs\cpi win clima\versione_10\ChiamateDLL\Messaggio.pas","Controls",
"Tubazioni","C:\DOCUMENTI\bmsistemi\drivepsviluppo\prjs\cpi win clima\versione_10\comuni\Grafica\Grafica.pas","controls",
"Tubazioni","C:\DOCUMENTI\bmsistemi\drivepsviluppo\prjs\cpi win clima\versione_10\comuni\libreriagenerale.pas","controls",
"Tubazioni","C:\DOCUMENTI\bmsistemi\drivepsviluppo\prjs\cpi win clima\versione_10\comuni\Tutor\UtilityGestioneTutor.pas","Controls",
"Tubazioni","C:\DOCUMENTI\bmsistemi\drivepsviluppo\prjs\cpi win clima\versione_10\DllPrincipaleTermico\forms\Tool_visualizza.pas","Controls",
"Tubazioni","C:\DOCUMENTI\bmsistemi\drivepsviluppo\prjs\cpi win clima\versione_10\libreriedatabase\gestudb.pas","controls",
"Tubazioni","C:\DOCUMENTI\bmsistemi\drivepsviluppo\prjs\cpi win clima\versione_10\libreriedatabase\SceltaA.pas","Controls",
"Tubazioni","C:\DOCUMENTI\bmsistemi\drivepsviluppo\prjs\cpi win clima\versione_10\libreriedatabase\UCompilaForm.pas","Controls",
"Tubazioni","C:\DOCUMENTI\bmsistemi\drivepsviluppo\prjs\cpi win clima\versione_10\Tubi\UMain_CalcTubi.pas","Controls",
"Tubazioni","C:\DOCUMENTI\bmsistemi\drivepsviluppo\prjs\cpi win clima\versione_10\Tubi\UProvatubi.pas","Controls",
"Tubazioni","C:\DOCUMENTI\bmsistemi\drivepsviluppo\prjs\cpi win clima\versione_10\Tubi\UtilityZeta.pas","Controls",
"Tubazioni","C:\DOCUMENTI\sd\sorgenti\bm-sd\gestioneclienti\chiedilicenza.pas","Controls",
"Tubazioni","C:\DOCUMENTI\sd\sorgenti\bm-sd\gestioneclienti\DatiLicenza.pas","Controls",
"Tubazioni","C:\DOCUMENTI\sd\sorgenti\bm-sd\librerie_generali\Gest_form.pas","Controls",
"Tubazioni","C:\DOCUMENTI\bmsistemi\drivepsviluppo\prjs\cpi win clima\versione_10\3D\form\Piani3d.pas","CopiaLetturaDisegno3d",
"Tubazioni","C:\DOCUMENTI\bmsistemi\drivepsviluppo\prjs\cpi win clima\versione_10\3D\form\Reti3D.pas","copialetturadisegno3d",
"Tubazioni","C:\DOCUMENTI\sd\sorgenti\bm-sd\projectbrowser\InterfDLL.pas","CopiaLetturadisegno3d",
"Tubazioni","C:\DOCUMENTI\bmsistemi\drivepsviluppo\prjs\cpi win clima\versione_10\3D\copialetturadisegno3d.pas","copiaVariabiliGenerali",
"Tubazioni","C:\DOCUMENTI\bmsistemi\drivepsviluppo\prjs\cpi win clima\versione_10\CARICHI\varcarichi.pas","copiavariabiligenerali",
"Tubazioni","C:\DOCUMENTI\bmsistemi\drivepsviluppo\prjs\cpi win clima\versione_10\CARICHI\Varcarichi_estivo_14.pas","Copiavariabiligenerali",
"Tubazioni","C:\DOCUMENTI\sd\sorgenti\bm-sd\librerie_generali\Gest_form.pas","creadbt",
"Tubazioni","C:\DOCUMENTI\bmsistemi\drivepsviluppo\prjs\cpi win clima\versione_10\3D\form\Carburanti3D.pas","dateutils",
"Tubazioni","C:\DOCUMENTI\bmsistemi\drivepsviluppo\prjs\cpi win clima\versione_10\3D\form\Generatori3D.pas","dateutils",
"Tubazioni","C:\DOCUMENTI\bmsistemi\drivepsviluppo\prjs\cpi win clima\versione_10\3D\form\Impianti3D.pas","dateutils",
"Tubazioni","C:\DOCUMENTI\bmsistemi\drivepsviluppo\prjs\cpi win clima\versione_10\3D\form\Zone3D.pas","dateutils",
"Tubazioni","C:\DOCUMENTI\bmsistemi\drivepsviluppo\prjs\cpi win clima\versione_10\CARICHI\calcoli\Legge10\Forms_12\Carburanti.pas","dateutils",
"Tubazioni","C:\DOCUMENTI\bmsistemi\drivepsviluppo\prjs\cpi win clima\versione_10\3D\copialetturadisegno3d.pas","db",
"Tubazioni","C:\DOCUMENTI\bmsistemi\drivepsviluppo\prjs\cpi win clima\versione_10\3D\copiaUCaricadati.pas","db",
"Tubazioni","C:\DOCUMENTI\bmsistemi\drivepsviluppo\prjs\cpi win clima\versione_10\3D\form\Carburanti3D.pas","db",
"Tubazioni","C:\DOCUMENTI\bmsistemi\drivepsviluppo\prjs\cpi win clima\versione_10\3D\form\Falde3D.pas","db",
"Tubazioni","C:\DOCUMENTI\bmsistemi\drivepsviluppo\prjs\cpi win clima\versione_10\3D\form\Generatori3D.pas","db",
"Tubazioni","C:\DOCUMENTI\bmsistemi\drivepsviluppo\prjs\cpi win clima\versione_10\3D\form\Impianti3D.pas","db",
"Tubazioni","C:\DOCUMENTI\bmsistemi\drivepsviluppo\prjs\cpi win clima\versione_10\3D\form\Zone3D.pas","db",
"Tubazioni","C:\DOCUMENTI\bmsistemi\drivepsviluppo\prjs\cpi win clima\versione_10\3D\U3dsd.pas","DB",
"Tubazioni","C:\DOCUMENTI\bmsistemi\drivepsviluppo\prjs\cpi win clima\versione_10\allineamento emanuela\CodiciEstivo\Versione_10\CARICHI\calcoli\estivo\copiaLibreriaGenerale.pas","DB",
"Tubazioni","C:\DOCUMENTI\bmsistemi\drivepsviluppo\prjs\cpi win clima\versione_10\CARICHI\calcoli\estivo\urisultestivo.pas","DB",
"Tubazioni","C:\DOCUMENTI\bmsistemi\drivepsviluppo\prjs\cpi win clima\versione_10\CARICHI\calcoli\Legge10\Forms_12\Carburanti.pas","db",
"Tubazioni","C:\DOCUMENTI\bmsistemi\drivepsviluppo\prjs\cpi win clima\versione_10\CARICHI\calcoli\Legge10\Forms_12\Risparmio.pas","DB",
"Tubazioni","C:\DOCUMENTI\bmsistemi\drivepsviluppo\prjs\cpi win clima\versione_10\CARICHI\calcoli\Legge10\Forms_12\UFormL10.pas","DB",
"Tubazioni","C:\DOCUMENTI\bmsistemi\drivepsviluppo\prjs\cpi win clima\versione_10\CARICHI\calcoli\Legge10\Forms_12\UVerifPareti.pas","DB",
"Tubazioni","C:\DOCUMENTI\bmsistemi\drivepsviluppo\prjs\cpi win clima\versione_10\CARICHI\calcoli\Legge10\UmainL10.pas","DB",
"Tubazioni","C:\DOCUMENTI\bmsistemi\drivepsviluppo\prjs\cpi win clima\versione_10\CARICHI\database\Udb.pas","DB",
"Tubazioni","C:\DOCUMENTI\bmsistemi\drivepsviluppo\prjs\cpi win clima\versione_10\CARICHI\tamponamenti\Coefficienti.pas","DB",
"Tubazioni","C:\DOCUMENTI\bmsistemi\drivepsviluppo\prjs\cpi win clima\versione_10\CARICHI\tamponamenti\Udisegnafinestra.pas","Db",
"Tubazioni","C:\DOCUMENTI\bmsistemi\drivepsviluppo\prjs\cpi win clima\versione_10\CARICHI\tamponamenti\UGraficoigro.pas","Db",
"Tubazioni","C:\DOCUMENTI\bmsistemi\drivepsviluppo\prjs\cpi win clima\versione_10\CARICHI\tamponamenti\usolomuri.pas","DB",
"Tubazioni","C:\DOCUMENTI\bmsistemi\drivepsviluppo\prjs\cpi win clima\versione_10\CARICHI\tamponamenti\UVariabiliPareti.pas","Db",
"Tubazioni","C:\DOCUMENTI\bmsistemi\drivepsviluppo\prjs\cpi win clima\versione_10\CARICHI\tamponamenti\Wizardusolomuri.pas","DB",
"Tubazioni","C:\DOCUMENTI\bmsistemi\drivepsviluppo\prjs\cpi win clima\versione_10\CARICHI\Ulettura.pas","DB",
"Tubazioni","C:\DOCUMENTI\bmsistemi\drivepsviluppo\prjs\cpi win clima\versione_10\comuni\libreriagenerale.pas","Db",
"Tubazioni","C:\DOCUMENTI\bmsistemi\drivepsviluppo\prjs\cpi win clima\versione_10\libreriedatabase\gestudb.pas","db",
"Tubazioni","C:\DOCUMENTI\bmsistemi\drivepsviluppo\prjs\cpi win clima\versione_10\libreriedatabase\SceltaA.pas","DB",
"Tubazioni","C:\DOCUMENTI\bmsistemi\drivepsviluppo\prjs\cpi win clima\versione_10\libreriedatabase\UCompilaForm.pas","db",
"Tubazioni","C:\DOCUMENTI\bmsistemi\drivepsviluppo\prjs\cpi win clima\versione_10\libreriedatabase\UOpen_fileMulti.pas","db",
"Tubazioni","C:\DOCUMENTI\bmsistemi\drivepsviluppo\prjs\cpi win clima\versione_10\Tubi\UStampe.pas","DB",
"Tubazioni","C:\DOCUMENTI\sd\sorgenti\bm-sd\CANALI\UCalcolareti.pas","db",
"Tubazioni","C:\DOCUMENTI\sd\sorgenti\bm-sd\componenti\kbmmem\bdenew\DbTables.pas","DB",
"Tubazioni","C:\DOCUMENTI\sd\sorgenti\bm-sd\consumi\Miglioramenti.pas","db",
"Tubazioni","C:\DOCUMENTI\sd\sorgenti\bm-sd\librerie_generali\Gest_form.pas","db",
"Tubazioni","C:\DOCUMENTI\bmsistemi\drivepsviluppo\prjs\cpi win clima\versione_10\CARICHI\calcoli\Legge10\Forms_12\UFormL10.pas","dbcgrids",
"Tubazioni","C:\DOCUMENTI\bmsistemi\drivepsviluppo\prjs\cpi win clima\versione_10\CARICHI\tamponamenti\usolomuri.pas","dbcgrids",
"Tubazioni","C:\DOCUMENTI\bmsistemi\drivepsviluppo\prjs\cpi win clima\versione_10\CARICHI\tamponamenti\Wizardusolomuri.pas","dbcgrids",
"Tubazioni","C:\DOCUMENTI\bmsistemi\drivepsviluppo\prjs\cpi win clima\versione_10\CARICHI\calcoli\Legge10\Forms_12\Risparmio.pas","DbChart",
"Tubazioni","C:\DOCUMENTI\bmsistemi\drivepsviluppo\prjs\cpi win clima\versione_10\3D\form\Cambiaelab.pas","DBCtrls",
"Tubazioni","C:\DOCUMENTI\bmsistemi\drivepsviluppo\prjs\cpi win clima\versione_10\3D\form\Carburanti3D.pas","DBCtrls",
"Tubazioni","C:\DOCUMENTI\bmsistemi\drivepsviluppo\prjs\cpi win clima\versione_10\3D\form\Confineparete3D.pas","DBCtrls",
"Tubazioni","C:\DOCUMENTI\bmsistemi\drivepsviluppo\prjs\cpi win clima\versione_10\3D\form\Edificio3D.pas","DBCtrls",
"Tubazioni","C:\DOCUMENTI\bmsistemi\drivepsviluppo\prjs\cpi win clima\versione_10\3D\form\Falde3D.pas","DBCtrls",
"Tubazioni","C:\DOCUMENTI\bmsistemi\drivepsviluppo\prjs\cpi win clima\versione_10\3D\form\Generatore3D.pas","DBCtrls",
"Tubazioni","C:\DOCUMENTI\bmsistemi\drivepsviluppo\prjs\cpi win clima\versione_10\3D\form\Generatori3D.pas","DBCtrls",
"Tubazioni","C:\DOCUMENTI\bmsistemi\drivepsviluppo\prjs\cpi win clima\versione_10\3D\form\Impianti3D.pas","DBCtrls",
"Tubazioni","C:\DOCUMENTI\bmsistemi\drivepsviluppo\prjs\cpi win clima\versione_10\3D\form\Piani3d.pas","DBCtrls",
"Tubazioni","C:\DOCUMENTI\bmsistemi\drivepsviluppo\prjs\cpi win clima\versione_10\3D\form\Reti3D.pas","DBCtrls",
"Tubazioni","C:\DOCUMENTI\bmsistemi\drivepsviluppo\prjs\cpi win clima\versione_10\3D\form\Terminali3d.pas","DBCtrls",
"Tubazioni","C:\DOCUMENTI\bmsistemi\drivepsviluppo\prjs\cpi win clima\versione_10\3D\form\tipirete.pas","DBCtrls",
"Tubazioni","C:\DOCUMENTI\bmsistemi\drivepsviluppo\prjs\cpi win clima\versione_10\3D\form\tratti_rete3d.pas","DBCtrls",
"Tubazioni","C:\DOCUMENTI\bmsistemi\drivepsviluppo\prjs\cpi win clima\versione_10\3D\form\Zone3D.pas","DBCtrls",
"Tubazioni","C:\DOCUMENTI\bmsistemi\drivepsviluppo\prjs\cpi win clima\versione_10\3D\Init_cad3D.pas","dbctrls",
"Tubazioni","C:\DOCUMENTI\bmsistemi\drivepsviluppo\prjs\cpi win clima\versione_10\3D\U3dsd.pas","DBCtrls",
"Tubazioni","C:\DOCUMENTI\bmsistemi\drivepsviluppo\prjs\cpi win clima\versione_10\3D\U3dsdridotto.pas","DBCtrls",
"Tubazioni","C:\DOCUMENTI\bmsistemi\drivepsviluppo\prjs\cpi win clima\versione_10\CARICHI\calcoli\Legge10\Forms_12\Carburanti.pas","DBCtrls",
"Tubazioni","C:\DOCUMENTI\bmsistemi\drivepsviluppo\prjs\cpi win clima\versione_10\CARICHI\calcoli\Legge10\Forms_12\Risparmio.pas","DBCtrls",
"Tubazioni","C:\DOCUMENTI\bmsistemi\drivepsviluppo\prjs\cpi win clima\versione_10\CARICHI\calcoli\Legge10\Forms_12\UFormL10.pas","DBCtrls",
"Tubazioni","C:\DOCUMENTI\bmsistemi\drivepsviluppo\prjs\cpi win clima\versione_10\CARICHI\tamponamenti\usolomuri.pas","DBCtrls",
"Tubazioni","C:\DOCUMENTI\bmsistemi\drivepsviluppo\prjs\cpi win clima\versione_10\CARICHI\tamponamenti\Wizardusolomuri.pas","DBCtrls",
"Tubazioni","C:\DOCUMENTI\bmsistemi\drivepsviluppo\prjs\cpi win clima\versione_10\CARICHI\Ulettura.pas","DBCtrls",
"Tubazioni","C:\DOCUMENTI\bmsistemi\drivepsviluppo\prjs\cpi win clima\versione_10\comuni\libreriagenerale.pas","DBCtrls",
"Tubazioni","C:\DOCUMENTI\bmsistemi\drivepsviluppo\prjs\cpi win clima\versione_10\libreriedatabase\UCompilaForm.pas","DBCtrls",
"Tubazioni","C:\DOCUMENTI\bmsistemi\drivepsviluppo\prjs\cpi win clima\versione_10\Tubi\UMain_CalcTubi.pas","DBCtrls",
"Tubazioni","C:\DOCUMENTI\sd\sorgenti\bm-sd\librerie_generali\Gest_form.pas","DBCtrls",
"Tubazioni","C:\DOCUMENTI\bmsistemi\drivepsviluppo\prjs\cpi win clima\versione_10\3D\form\Carburanti3D.pas","DBGrids",
"Tubazioni","C:\DOCUMENTI\bmsistemi\drivepsviluppo\prjs\cpi win clima\versione_10\3D\form\Falde3D.pas","DBGrids",
"Tubazioni","C:\DOCUMENTI\bmsistemi\drivepsviluppo\prjs\cpi win clima\versione_10\3D\form\Generatori3D.pas","DBGrids",
"Tubazioni","C:\DOCUMENTI\bmsistemi\drivepsviluppo\prjs\cpi win clima\versione_10\3D\form\Impianti3D.pas","DBGrids",
"Tubazioni","C:\DOCUMENTI\bmsistemi\drivepsviluppo\prjs\cpi win clima\versione_10\3D\form\Piani3d.pas","DBGrids",
"Tubazioni","C:\DOCUMENTI\bmsistemi\drivepsviluppo\prjs\cpi win clima\versione_10\3D\form\Terminali3d.pas","DBGrids",
"Tubazioni","C:\DOCUMENTI\bmsistemi\drivepsviluppo\prjs\cpi win clima\versione_10\3D\form\Zone3D.pas","DBGrids",
"Tubazioni","C:\DOCUMENTI\bmsistemi\drivepsviluppo\prjs\cpi win clima\versione_10\3D\U3dsd.pas","DBGrids",
"Tubazioni","C:\DOCUMENTI\bmsistemi\drivepsviluppo\prjs\cpi win clima\versione_10\3D\U3dsdridotto.pas","DBGrids",
"Tubazioni","C:\DOCUMENTI\bmsistemi\drivepsviluppo\prjs\cpi win clima\versione_10\CARICHI\calcoli\Legge10\Forms_12\Carburanti.pas","DBGrids",
"Tubazioni","C:\DOCUMENTI\bmsistemi\drivepsviluppo\prjs\cpi win clima\versione_10\CARICHI\calcoli\Legge10\Forms_12\Risparmio.pas","DBGrids",
"Tubazioni","C:\DOCUMENTI\bmsistemi\drivepsviluppo\prjs\cpi win clima\versione_10\CARICHI\calcoli\Legge10\Forms_12\UFormL10.pas","DBGrids",
"Tubazioni","C:\DOCUMENTI\bmsistemi\drivepsviluppo\prjs\cpi win clima\versione_10\CARICHI\calcoli\Legge10\Forms_12\UVerifPareti.pas","DBGrids",
"Tubazioni","C:\DOCUMENTI\bmsistemi\drivepsviluppo\prjs\cpi win clima\versione_10\CARICHI\tamponamenti\Coefficienti.pas","DBGrids",
"Tubazioni","C:\DOCUMENTI\bmsistemi\drivepsviluppo\prjs\cpi win clima\versione_10\CARICHI\tamponamenti\UarchMat.pas","DBGrids",
"Tubazioni","C:\DOCUMENTI\bmsistemi\drivepsviluppo\prjs\cpi win clima\versione_10\CARICHI\tamponamenti\usolomuri.pas","DBGrids",
"Tubazioni","C:\DOCUMENTI\bmsistemi\drivepsviluppo\prjs\cpi win clima\versione_10\CARICHI\tamponamenti\Wizardusolomuri.pas","DBGrids",
"Tubazioni","C:\DOCUMENTI\bmsistemi\drivepsviluppo\prjs\cpi win clima\versione_10\CARICHI\Ulettura.pas","DBGrids",
"Tubazioni","C:\DOCUMENTI\bmsistemi\drivepsviluppo\prjs\cpi win clima\versione_10\libreriedatabase\SceltaA.pas","DBGrids",
"Tubazioni","C:\DOCUMENTI\bmsistemi\drivepsviluppo\prjs\cpi win clima\versione_10\libreriedatabase\UCompilaForm.pas","DBGrids",
"Tubazioni","C:\DOCUMENTI\bmsistemi\drivepsviluppo\prjs\cpi win clima\versione_10\Tubi\UMain_CalcTubi.pas","DBGrids",
"Tubazioni","C:\DOCUMENTI\sd\sorgenti\bm-sd\librerie_generali\Gest_form.pas","DBGrids",
"Tubazioni","C:\DOCUMENTI\bmsistemi\drivepsviluppo\prjs\cpi win clima\versione_10\libreriedatabase\Funzudbt.pas","dbtablesQ",
"Tubazioni","C:\DOCUMENTI\bmsistemi\drivepsviluppo\prjs\cpi win clima\versione_10\libreriedatabase\gestudb.pas","DbTablesQ",
"Tubazioni","C:\DOCUMENTI\bmsistemi\drivepsviluppo\prjs\cpi win clima\versione_10\libreriedatabase\UOpen_fileMulti.pas","DbtablesQ",
"Tubazioni","C:\DOCUMENTI\bmsistemi\drivepsviluppo\prjs\cpi win clima\versione_10\3D\U3dsd.pas","DdeMan",
"Tubazioni","C:\DOCUMENTI\sd\sorgenti\bm-sd\CANALI\Genproccan.pas","def_win",
"Tubazioni","C:\DOCUMENTI\bmsistemi\drivepsviluppo\prjs\cpi win clima\versione_10\Tubi\DATITUBI.PAS","DEFUTI",
"Tubazioni","C:\DOCUMENTI\bmsistemi\drivepsviluppo\prjs\cpi win clima\versione_10\Tubi\INIT_TUB.PAS","defuti",
"Tubazioni","C:\DOCUMENTI\bmsistemi\drivepsviluppo\prjs\cpi win clima\versione_10\Tubi\INIT_TUB.PAS","demo",
"Tubazioni","C:\DOCUMENTI\bmsistemi\drivepsviluppo\Comp\Source\UNIT_CONDIVISE\BMEureka.pas","Dialogs",
"Tubazioni","C:\DOCUMENTI\bmsistemi\drivepsviluppo\prjs\cpi win clima\versione_10\3D\CopiaCaricatabelle.pas","Dialogs",
"Tubazioni","C:\DOCUMENTI\bmsistemi\drivepsviluppo\prjs\cpi win clima\versione_10\3D\copialetturadisegno3d.pas","dialogs",
"Tubazioni","C:\DOCUMENTI\bmsistemi\drivepsviluppo\prjs\cpi win clima\versione_10\3D\disedificio.pas","dialogs",
"Tubazioni","C:\DOCUMENTI\bmsistemi\drivepsviluppo\prjs\cpi win clima\versione_10\3D\Fasi_progetto.pas","dialogs",
"Tubazioni","C:\DOCUMENTI\bmsistemi\drivepsviluppo\prjs\cpi win clima\versione_10\3D\Fconsigli.pas","Dialogs",
"Tubazioni","C:\DOCUMENTI\bmsistemi\drivepsviluppo\prjs\cpi win clima\versione_10\3D\form\Archpers3D.pas","Dialogs",
"Tubazioni","C:\DOCUMENTI\bmsistemi\drivepsviluppo\prjs\cpi win clima\versione_10\3D\form\Cambiaelab.pas","Dialogs",
"Tubazioni","C:\DOCUMENTI\bmsistemi\drivepsviluppo\prjs\cpi win clima\versione_10\3D\form\Carburanti3D.pas","Dialogs",
"Tubazioni","C:\DOCUMENTI\bmsistemi\drivepsviluppo\prjs\cpi win clima\versione_10\3D\form\Conferma3d.pas","Dialogs",
"Tubazioni","C:\DOCUMENTI\bmsistemi\drivepsviluppo\prjs\cpi win clima\versione_10\3D\form\Confineparete3D.pas","Dialogs",
"Tubazioni","C:\DOCUMENTI\bmsistemi\drivepsviluppo\prjs\cpi win clima\versione_10\3D\form\controlla3d.pas","Dialogs",
"Tubazioni","C:\DOCUMENTI\bmsistemi\drivepsviluppo\prjs\cpi win clima\versione_10\3D\form\Edificio3D.pas","Dialogs",
"Tubazioni","C:\DOCUMENTI\bmsistemi\drivepsviluppo\prjs\cpi win clima\versione_10\3D\form\Errori3D.pas","Dialogs",
"Tubazioni","C:\DOCUMENTI\bmsistemi\drivepsviluppo\prjs\cpi win clima\versione_10\3D\form\Falde3D.pas","Dialogs",
"Tubazioni","C:\DOCUMENTI\bmsistemi\drivepsviluppo\prjs\cpi win clima\versione_10\3D\form\filedialog.pas","Dialogs",
"Tubazioni","C:\DOCUMENTI\bmsistemi\drivepsviluppo\prjs\cpi win clima\versione_10\3D\form\Generatore3D.pas","Dialogs",
"Tubazioni","C:\DOCUMENTI\bmsistemi\drivepsviluppo\prjs\cpi win clima\versione_10\3D\form\Generatori3D.pas","Dialogs",
"Tubazioni","C:\DOCUMENTI\bmsistemi\drivepsviluppo\prjs\cpi win clima\versione_10\3D\form\Impianti3D.pas","Dialogs",
"Tubazioni","C:\DOCUMENTI\bmsistemi\drivepsviluppo\prjs\cpi win clima\versione_10\3D\form\Piani3d.pas","Dialogs",
"Tubazioni","C:\DOCUMENTI\bmsistemi\drivepsviluppo\prjs\cpi win clima\versione_10\3D\form\Reti3D.pas","Dialogs",
"Tubazioni","C:\DOCUMENTI\bmsistemi\drivepsviluppo\prjs\cpi win clima\versione_10\3D\form\Selectdir.pas","Dialogs",
"Tubazioni","C:\DOCUMENTI\bmsistemi\drivepsviluppo\prjs\cpi win clima\versione_10\3D\form\Terminali3d.pas","Dialogs",
"Tubazioni","C:\DOCUMENTI\bmsistemi\drivepsviluppo\prjs\cpi win clima\versione_10\3D\form\tipirete.pas","Dialogs",
"Tubazioni","C:\DOCUMENTI\bmsistemi\drivepsviluppo\prjs\cpi win clima\versione_10\3D\form\tratti_rete3d.pas","Dialogs",
"Tubazioni","C:\DOCUMENTI\bmsistemi\drivepsviluppo\prjs\cpi win clima\versione_10\3D\form\Zone3D.pas","Dialogs",
"Tubazioni","C:\DOCUMENTI\bmsistemi\drivepsviluppo\prjs\cpi win clima\versione_10\3D\Funz_reti.pas","dialogs",
"Tubazioni","C:\DOCUMENTI\bmsistemi\drivepsviluppo\prjs\cpi win clima\versione_10\3D\gesterrori.pas","dialogs",
"Tubazioni","C:\DOCUMENTI\bmsistemi\drivepsviluppo\prjs\cpi win clima\versione_10\3D\gestione_dati.pas","dialogs",
"Tubazioni","C:\DOCUMENTI\bmsistemi\drivepsviluppo\prjs\cpi win clima\versione_10\3D\Init_cad3D.pas","dialogs",
"Tubazioni","C:\DOCUMENTI\bmsistemi\drivepsviluppo\prjs\cpi win clima\versione_10\3D\init_l10.pas","dialogs",
"Tubazioni","C:\DOCUMENTI\bmsistemi\drivepsviluppo\prjs\cpi win clima\versione_10\3D\LetturaInMemoria.pas","dialogs",
"Tubazioni","C:\DOCUMENTI\bmsistemi\drivepsviluppo\prjs\cpi win clima\versione_10\3D\progress3D.pas","Dialogs",
"Tubazioni","C:\DOCUMENTI\bmsistemi\drivepsviluppo\prjs\cpi win clima\versione_10\3D\Secondario.pas","Dialogs",
"Tubazioni","C:\DOCUMENTI\bmsistemi\drivepsviluppo\prjs\cpi win clima\versione_10\3D\setta_config_User.pas","dialogs",
"Tubazioni","C:\DOCUMENTI\bmsistemi\drivepsviluppo\prjs\cpi win clima\versione_10\3D\Tool_visualizza3d.pas","Dialogs",
"Tubazioni","C:\DOCUMENTI\bmsistemi\drivepsviluppo\prjs\cpi win clima\versione_10\3D\U3dsd.pas","Dialogs",
"Tubazioni","C:\DOCUMENTI\bmsistemi\drivepsviluppo\prjs\cpi win clima\versione_10\3D\U3dsdridotto.pas","Dialogs",
"Tubazioni","C:\DOCUMENTI\bmsistemi\drivepsviluppo\prjs\cpi win clima\versione_10\3D\Ugest_cad.pas","dialogs",
"Tubazioni","C:\DOCUMENTI\bmsistemi\drivepsviluppo\prjs\cpi win clima\versione_10\3D\UinitGeneral.pas","Dialogs",
"Tubazioni","C:\DOCUMENTI\bmsistemi\drivepsviluppo\prjs\cpi win clima\versione_10\allineamento emanuela\CodiciEstivo\Versione_10\CARICHI\calcoli\estivo\copiaLibreriaGenerale.pas","dialogs",
"Tubazioni","C:\DOCUMENTI\bmsistemi\drivepsviluppo\prjs\cpi win clima\versione_10\CARICHI\calcoli\estivo\Caricamento.pas","Dialogs",
"Tubazioni","C:\DOCUMENTI\bmsistemi\drivepsviluppo\prjs\cpi win clima\versione_10\CARICHI\calcoli\estivo\Diagramma.pas","Dialogs",
"Tubazioni","C:\DOCUMENTI\bmsistemi\drivepsviluppo\prjs\cpi win clima\versione_10\CARICHI\calcoli\Legge10\calccd.pas","Dialogs",
"Tubazioni","C:\DOCUMENTI\bmsistemi\drivepsviluppo\prjs\cpi win clima\versione_10\CARICHI\calcoli\Legge10\Forms_12\Carburanti.pas","Dialogs",
"Tubazioni","C:\DOCUMENTI\bmsistemi\drivepsviluppo\prjs\cpi win clima\versione_10\CARICHI\calcoli\Legge10\Forms_12\FMessValLim.pas","Dialogs",
"Tubazioni","C:\DOCUMENTI\bmsistemi\drivepsviluppo\prjs\cpi win clima\versione_10\CARICHI\calcoli\Legge10\Forms_12\FMessValLim3.pas","Dialogs",
"Tubazioni","C:\DOCUMENTI\bmsistemi\drivepsviluppo\prjs\cpi win clima\versione_10\CARICHI\calcoli\Legge10\Forms_12\Risparmio.pas","Dialogs",
"Tubazioni","C:\DOCUMENTI\bmsistemi\drivepsviluppo\prjs\cpi win clima\versione_10\CARICHI\calcoli\Legge10\Forms_12\UFormL10.pas","Dialogs",
"Tubazioni","C:\DOCUMENTI\bmsistemi\drivepsviluppo\prjs\cpi win clima\versione_10\CARICHI\calcoli\Legge10\Forms_12\UVerifFinestre.pas","Dialogs",
"Tubazioni","C:\DOCUMENTI\bmsistemi\drivepsviluppo\prjs\cpi win clima\versione_10\CARICHI\calcoli\Legge10\Forms_12\UVerifPareti.pas","Dialogs",
"Tubazioni","C:\DOCUMENTI\bmsistemi\drivepsviluppo\prjs\cpi win clima\versione_10\CARICHI\calcoli\Legge10\metod10.pas","Dialogs",
"Tubazioni","C:\DOCUMENTI\bmsistemi\drivepsviluppo\prjs\cpi win clima\versione_10\CARICHI\calcoli\Legge10\procle13.pas","Dialogs",
"Tubazioni","C:\DOCUMENTI\bmsistemi\drivepsviluppo\prjs\cpi win clima\versione_10\CARICHI\calcoli\Legge10\uFunzioniLegge10.pas","Dialogs",
"Tubazioni","C:\DOCUMENTI\bmsistemi\drivepsviluppo\prjs\cpi win clima\versione_10\CARICHI\calcoli\Legge10\UmainL10.pas","Dialogs",
"Tubazioni","C:\DOCUMENTI\bmsistemi\drivepsviluppo\prjs\cpi win clima\versione_10\CARICHI\database\Udb.pas","dialogs",
"Tubazioni","C:\DOCUMENTI\bmsistemi\drivepsviluppo\prjs\cpi win clima\versione_10\CARICHI\tamponamenti\Coefficienti.pas","Dialogs",
"Tubazioni","C:\DOCUMENTI\bmsistemi\drivepsviluppo\prjs\cpi win clima\versione_10\CARICHI\tamponamenti\UarchMat.pas","Dialogs",
"Tubazioni","C:\DOCUMENTI\bmsistemi\drivepsviluppo\prjs\cpi win clima\versione_10\CARICHI\tamponamenti\usolomuri.pas","Dialogs",
"Tubazioni","C:\DOCUMENTI\bmsistemi\drivepsviluppo\prjs\cpi win clima\versione_10\CARICHI\tamponamenti\UVariabiliPareti.pas","Dialogs",
"Tubazioni","C:\DOCUMENTI\bmsistemi\drivepsviluppo\prjs\cpi win clima\versione_10\CARICHI\tamponamenti\Wizardusolomuri.pas","Dialogs",
"Tubazioni","C:\DOCUMENTI\bmsistemi\drivepsviluppo\prjs\cpi win clima\versione_10\CARICHI\Ucaricatabelle.pas","Dialogs",
"Tubazioni","C:\DOCUMENTI\bmsistemi\drivepsviluppo\prjs\cpi win clima\versione_10\CARICHI\Ulettura.pas","Dialogs",
"Tubazioni","C:\DOCUMENTI\bmsistemi\drivepsviluppo\prjs\cpi win clima\versione_10\ChiamateDLL\Messaggio.pas","Dialogs",
"Tubazioni","C:\DOCUMENTI\bmsistemi\drivepsviluppo\prjs\cpi win clima\versione_10\comuni\Grafica\dxf_in_out.pas","dialogs",
"Tubazioni","C:\DOCUMENTI\bmsistemi\drivepsviluppo\prjs\cpi win clima\versione_10\comuni\Grafica\Leggidxf.pas","dialogs",
"Tubazioni","C:\DOCUMENTI\bmsistemi\drivepsviluppo\prjs\cpi win clima\versione_10\comuni\libreriagenerale.pas","dialogs",
"Tubazioni","C:\DOCUMENTI\bmsistemi\drivepsviluppo\prjs\cpi win clima\versione_10\comuni\report\UFileLog.pas","Dialogs",
"Tubazioni","C:\DOCUMENTI\bmsistemi\drivepsviluppo\prjs\cpi win clima\versione_10\comuni\report\Utireport.pas","Dialogs",
"Tubazioni","C:\DOCUMENTI\bmsistemi\drivepsviluppo\prjs\cpi win clima\versione_10\comuni\Tutor\UtilityGestioneTutor.pas","Dialogs",
"Tubazioni","C:\DOCUMENTI\bmsistemi\drivepsviluppo\prjs\cpi win clima\versione_10\DllPrincipaleTermico\forms\Tool_visualizza.pas","Dialogs",
"Tubazioni","C:\DOCUMENTI\bmsistemi\drivepsviluppo\prjs\cpi win clima\versione_10\libreriedatabase\SceltaA.pas","Dialogs",
"Tubazioni","C:\DOCUMENTI\bmsistemi\drivepsviluppo\prjs\cpi win clima\versione_10\libreriedatabase\UOpen_fileMulti.pas","Dialogs",
"Tubazioni","C:\DOCUMENTI\bmsistemi\drivepsviluppo\prjs\cpi win clima\versione_10\Tubi\Calcolo_Tubi.pas","Dialogs",
"Tubazioni","C:\DOCUMENTI\bmsistemi\drivepsviluppo\prjs\cpi win clima\versione_10\Tubi\impterm.pas","Dialogs",
"Tubazioni","C:\DOCUMENTI\bmsistemi\drivepsviluppo\prjs\cpi win clima\versione_10\Tubi\Pannelli.pas","dialogs",
"Tubazioni","C:\DOCUMENTI\bmsistemi\drivepsviluppo\prjs\cpi win clima\versione_10\Tubi\RITORNODXF 19-11-2010.pas","dialogs",
"Tubazioni","C:\DOCUMENTI\bmsistemi\drivepsviluppo\prjs\cpi win clima\versione_10\Tubi\RITORNODXF.pas","dialogs",
"Tubazioni","C:\DOCUMENTI\bmsistemi\drivepsviluppo\prjs\cpi win clima\versione_10\Tubi\UGrafoDXF.pas","Dialogs",
"Tubazioni","C:\DOCUMENTI\bmsistemi\drivepsviluppo\prjs\cpi win clima\versione_10\Tubi\Uleggitxt.pas","Dialogs",
"Tubazioni","C:\DOCUMENTI\bmsistemi\drivepsviluppo\prjs\cpi win clima\versione_10\Tubi\UMain_CalcTubi.pas","Dialogs",
"Tubazioni","C:\DOCUMENTI\bmsistemi\drivepsviluppo\prjs\cpi win clima\versione_10\Tubi\UProvatubi.pas","Dialogs",
"Tubazioni","C:\DOCUMENTI\bmsistemi\drivepsviluppo\prjs\cpi win clima\versione_10\Tubi\UStampe.pas","Dialogs",
"Tubazioni","C:\DOCUMENTI\bmsistemi\drivepsviluppo\prjs\cpi win clima\versione_10\Tubi\UtilityZeta.pas","Dialogs",
"Tubazioni","C:\DOCUMENTI\sd\sorgenti\bm-sd\CANALI\CopiaTabelle.pas","dialogs",
"Tubazioni","C:\DOCUMENTI\sd\sorgenti\bm-sd\CANALI\IncludiTabelle.pas","dialogs",
"Tubazioni","C:\DOCUMENTI\sd\sorgenti\bm-sd\gestioneclienti\chiedilicenza.pas","Dialogs",
"Tubazioni","C:\DOCUMENTI\sd\sorgenti\bm-sd\gestioneclienti\DatiLicenza.pas","Dialogs",
"Tubazioni","C:\DOCUMENTI\sd\sorgenti\bm-sd\librerie_generali\Gest_form.pas","Dialogs",
"Tubazioni","C:\DOCUMENTI\sd\sorgenti\bm-sd\librerie_generali\Utility_dll.pas","dialogs",
"Tubazioni","C:\DOCUMENTI\sd\sorgenti\bm-sd\projectbrowser\InterfDLL.pas","dialogs",
"Tubazioni","C:\DOCUMENTI\sd\sorgenti\bm-sd\utils\Geometria.pas","dialogs",
"Tubazioni","C:\DOCUMENTI\sd\sorgenti\bm-sd\projectbrowser\InterfDLL.pas","disedificio",
"Tubazioni","C:\DOCUMENTI\bmsistemi\drivepsviluppo\Comp\Source\UNIT_CONDIVISE\BMEureka.pas","ECore",
"Tubazioni","C:\DOCUMENTI\bmsistemi\drivepsviluppo\prjs\cpi win clima\versione_10\CARICHI\calcoli\Legge10\Forms_12\UFormL10.pas","EditNew",
"Tubazioni","C:\DOCUMENTI\sd\sorgenti\bm-sd\CANALI\UTILS\UTILITIE.PAS","Enter",
"Tubazioni","C:\DOCUMENTI\bmsistemi\drivepsviluppo\Comp\Source\UNIT_CONDIVISE\BMEureka.pas","ExceptionLog",
"Tubazioni","C:\DOCUMENTI\bmsistemi\drivepsviluppo\prjs\cpi win clima\versione_10\Tubi\CalcTubiDll.dpr","ExceptionLog",
"Tubazioni","C:\DOCUMENTI\bmsistemi\drivepsviluppo\prjs\cpi win clima\versione_10\3D\Fconsigli.pas","ExtCtrls",
"Tubazioni","C:\DOCUMENTI\bmsistemi\drivepsviluppo\prjs\cpi win clima\versione_10\3D\form\Archpers3D.pas","ExtCtrls",
"Tubazioni","C:\DOCUMENTI\bmsistemi\drivepsviluppo\prjs\cpi win clima\versione_10\3D\form\Cambiaelab.pas","ExtCtrls",
"Tubazioni","C:\DOCUMENTI\bmsistemi\drivepsviluppo\prjs\cpi win clima\versione_10\3D\form\Carburanti3D.pas","ExtCtrls",
"Tubazioni","C:\DOCUMENTI\bmsistemi\drivepsviluppo\prjs\cpi win clima\versione_10\3D\form\Confineparete3D.pas","ExtCtrls",
"Tubazioni","C:\DOCUMENTI\bmsistemi\drivepsviluppo\prjs\cpi win clima\versione_10\3D\form\controlla3d.pas","ExtCtrls",
"Tubazioni","C:\DOCUMENTI\bmsistemi\drivepsviluppo\prjs\cpi win clima\versione_10\3D\form\Edificio3D.pas","ExtCtrls",
"Tubazioni","C:\DOCUMENTI\bmsistemi\drivepsviluppo\prjs\cpi win clima\versione_10\3D\form\Errori3D.pas","ExtCtrls",
"Tubazioni","C:\DOCUMENTI\bmsistemi\drivepsviluppo\prjs\cpi win clima\versione_10\3D\form\Falde3D.pas","ExtCtrls",
"Tubazioni","C:\DOCUMENTI\bmsistemi\drivepsviluppo\prjs\cpi win clima\versione_10\3D\form\filedialog.pas","ExtCtrls",
"Tubazioni","C:\DOCUMENTI\bmsistemi\drivepsviluppo\prjs\cpi win clima\versione_10\3D\form\Generatore3D.pas","ExtCtrls",
"Tubazioni","C:\DOCUMENTI\bmsistemi\drivepsviluppo\prjs\cpi win clima\versione_10\3D\form\Generatori3D.pas","ExtCtrls",
"Tubazioni","C:\DOCUMENTI\bmsistemi\drivepsviluppo\prjs\cpi win clima\versione_10\3D\form\Impianti3D.pas","ExtCtrls",
"Tubazioni","C:\DOCUMENTI\bmsistemi\drivepsviluppo\prjs\cpi win clima\versione_10\3D\form\Piani3d.pas","ExtCtrls",
"Tubazioni","C:\DOCUMENTI\bmsistemi\drivepsviluppo\prjs\cpi win clima\versione_10\3D\form\Reti3D.pas","ExtCtrls",
"Tubazioni","C:\DOCUMENTI\bmsistemi\drivepsviluppo\prjs\cpi win clima\versione_10\3D\form\Terminali3d.pas","ExtCtrls",
"Tubazioni","C:\DOCUMENTI\bmsistemi\drivepsviluppo\prjs\cpi win clima\versione_10\3D\form\tratti_rete3d.pas","ExtCtrls",
"Tubazioni","C:\DOCUMENTI\bmsistemi\drivepsviluppo\prjs\cpi win clima\versione_10\3D\form\Zone3D.pas","ExtCtrls",
"Tubazioni","C:\DOCUMENTI\bmsistemi\drivepsviluppo\prjs\cpi win clima\versione_10\3D\grafica2d.pas","extctrls",
"Tubazioni","C:\DOCUMENTI\bmsistemi\drivepsviluppo\prjs\cpi win clima\versione_10\3D\Secondario.pas","ExtCtrls",
"Tubazioni","C:\DOCUMENTI\bmsistemi\drivepsviluppo\prjs\cpi win clima\versione_10\3D\U3dsd.pas","ExtCtrls",
"Tubazioni","C:\DOCUMENTI\bmsistemi\drivepsviluppo\prjs\cpi win clima\versione_10\CARICHI\calcoli\estivo\Caricamento.pas","ExtCtrls",
"Tubazioni","C:\DOCUMENTI\bmsistemi\drivepsviluppo\prjs\cpi win clima\versione_10\CARICHI\calcoli\estivo\Diagramma.pas","ExtCtrls",
"Tubazioni","C:\DOCUMENTI\bmsistemi\drivepsviluppo\prjs\cpi win clima\versione_10\CARICHI\calcoli\Legge10\Forms_12\Carburanti.pas","ExtCtrls",
"Tubazioni","C:\DOCUMENTI\bmsistemi\drivepsviluppo\prjs\cpi win clima\versione_10\CARICHI\calcoli\Legge10\Forms_12\FMessValLim.pas","ExtCtrls",
"Tubazioni","C:\DOCUMENTI\bmsistemi\drivepsviluppo\prjs\cpi win clima\versione_10\CARICHI\calcoli\Legge10\Forms_12\FMessValLim3.pas","ExtCtrls",
"Tubazioni","C:\DOCUMENTI\bmsistemi\drivepsviluppo\prjs\cpi win clima\versione_10\CARICHI\calcoli\Legge10\Forms_12\Risparmio.pas","ExtCtrls",
"Tubazioni","C:\DOCUMENTI\bmsistemi\drivepsviluppo\prjs\cpi win clima\versione_10\CARICHI\calcoli\Legge10\Forms_12\UFormL10.pas","ExtCtrls",
"Tubazioni","C:\DOCUMENTI\bmsistemi\drivepsviluppo\prjs\cpi win clima\versione_10\CARICHI\calcoli\Legge10\Forms_12\UVerifFinestre.pas","ExtCtrls",
"Tubazioni","C:\DOCUMENTI\bmsistemi\drivepsviluppo\prjs\cpi win clima\versione_10\CARICHI\calcoli\Legge10\Forms_12\UVerifPareti.pas","ExtCtrls",
"Tubazioni","C:\DOCUMENTI\bmsistemi\drivepsviluppo\prjs\cpi win clima\versione_10\CARICHI\tamponamenti\Calcolo.pas","ExtCtrls",
"Tubazioni","C:\DOCUMENTI\bmsistemi\drivepsviluppo\prjs\cpi win clima\versione_10\CARICHI\tamponamenti\Coefficienti.pas","ExtCtrls",
"Tubazioni","C:\DOCUMENTI\bmsistemi\drivepsviluppo\prjs\cpi win clima\versione_10\CARICHI\tamponamenti\UarchMat.pas","ExtCtrls",
"Tubazioni","C:\DOCUMENTI\bmsistemi\drivepsviluppo\prjs\cpi win clima\versione_10\CARICHI\tamponamenti\Udisegnafinestra.pas","ExtCtrls",
"Tubazioni","C:\DOCUMENTI\bmsistemi\drivepsviluppo\prjs\cpi win clima\versione_10\CARICHI\tamponamenti\UGraficoigro.pas","ExtCtrls",
"Tubazioni","C:\DOCUMENTI\bmsistemi\drivepsviluppo\prjs\cpi win clima\versione_10\CARICHI\tamponamenti\usolomuri.pas","ExtCtrls",
"Tubazioni","C:\DOCUMENTI\bmsistemi\drivepsviluppo\prjs\cpi win clima\versione_10\CARICHI\tamponamenti\Wizardusolomuri.pas","ExtCtrls",
"Tubazioni","C:\DOCUMENTI\bmsistemi\drivepsviluppo\prjs\cpi win clima\versione_10\CARICHI\Ulettura.pas","ExtCtrls",
"Tubazioni","C:\DOCUMENTI\bmsistemi\drivepsviluppo\prjs\cpi win clima\versione_10\ChiamateDLL\Messaggio.pas","ExtCtrls",
"Tubazioni","C:\DOCUMENTI\bmsistemi\drivepsviluppo\prjs\cpi win clima\versione_10\comuni\Grafica\Grafica.pas","extctrls",
"Tubazioni","C:\DOCUMENTI\bmsistemi\drivepsviluppo\prjs\cpi win clima\versione_10\libreriedatabase\SceltaA.pas","ExtCtrls",
"Tubazioni","C:\DOCUMENTI\bmsistemi\drivepsviluppo\prjs\cpi win clima\versione_10\Tubi\UMain_CalcTubi.pas","ExtCtrls",
"Tubazioni","C:\DOCUMENTI\sd\sorgenti\bm-sd\gestioneclienti\DatiLicenza.pas","ExtCtrls",
"Tubazioni","C:\DOCUMENTI\sd\sorgenti\bm-sd\librerie_generali\Gest_form.pas","ExtCtrls",
"Tubazioni","C:\DOCUMENTI\bmsistemi\drivepsviluppo\prjs\cpi win clima\versione_10\Tubi\DATITUBI.PAS","fc_tubi",
"Tubazioni","C:\DOCUMENTI\bmsistemi\drivepsviluppo\prjs\cpi win clima\versione_10\3D\form\filedialog.pas","FileCtrl",
"Tubazioni","C:\DOCUMENTI\bmsistemi\drivepsviluppo\prjs\cpi win clima\versione_10\3D\form\Selectdir.pas","FileCtrl",
"Tubazioni","C:\DOCUMENTI\sd\sorgenti\bm-sd\librerie_generali\Gest_form.pas","FileCtrl",
"Tubazioni","C:\DOCUMENTI\bmsistemi\drivepsviluppo\Comp\Source\UNIT_CONDIVISE\BMEureka.pas","Forms",
"Tubazioni","C:\DOCUMENTI\bmsistemi\drivepsviluppo\prjs\cpi win clima\versione_10\3D\Fconsigli.pas","Forms",
"Tubazioni","C:\DOCUMENTI\bmsistemi\drivepsviluppo\prjs\cpi win clima\versione_10\3D\form\Archpers3D.pas","Forms",
"Tubazioni","C:\DOCUMENTI\bmsistemi\drivepsviluppo\prjs\cpi win clima\versione_10\3D\form\Cambiaelab.pas","Forms",
"Tubazioni","C:\DOCUMENTI\bmsistemi\drivepsviluppo\prjs\cpi win clima\versione_10\3D\form\Carburanti3D.pas","Forms",
"Tubazioni","C:\DOCUMENTI\bmsistemi\drivepsviluppo\prjs\cpi win clima\versione_10\3D\form\Conferma3d.pas","Forms",
"Tubazioni","C:\DOCUMENTI\bmsistemi\drivepsviluppo\prjs\cpi win clima\versione_10\3D\form\Confineparete3D.pas","Forms",
"Tubazioni","C:\DOCUMENTI\bmsistemi\drivepsviluppo\prjs\cpi win clima\versione_10\3D\form\controlla3d.pas","Forms",
"Tubazioni","C:\DOCUMENTI\bmsistemi\drivepsviluppo\prjs\cpi win clima\versione_10\3D\form\Edificio3D.pas","Forms",
"Tubazioni","C:\DOCUMENTI\bmsistemi\drivepsviluppo\prjs\cpi win clima\versione_10\3D\form\Errori3D.pas","Forms",
"Tubazioni","C:\DOCUMENTI\bmsistemi\drivepsviluppo\prjs\cpi win clima\versione_10\3D\form\Falde3D.pas","Forms",
"Tubazioni","C:\DOCUMENTI\bmsistemi\drivepsviluppo\prjs\cpi win clima\versione_10\3D\form\filedialog.pas","Forms",
"Tubazioni","C:\DOCUMENTI\bmsistemi\drivepsviluppo\prjs\cpi win clima\versione_10\3D\form\Generatore3D.pas","Forms",
"Tubazioni","C:\DOCUMENTI\bmsistemi\drivepsviluppo\prjs\cpi win clima\versione_10\3D\form\Generatori3D.pas","Forms",
"Tubazioni","C:\DOCUMENTI\bmsistemi\drivepsviluppo\prjs\cpi win clima\versione_10\3D\form\Impianti3D.pas","Forms",
"Tubazioni","C:\DOCUMENTI\bmsistemi\drivepsviluppo\prjs\cpi win clima\versione_10\3D\form\Piani3d.pas","Forms",
"Tubazioni","C:\DOCUMENTI\bmsistemi\drivepsviluppo\prjs\cpi win clima\versione_10\3D\form\Reti3D.pas","Forms",
"Tubazioni","C:\DOCUMENTI\bmsistemi\drivepsviluppo\prjs\cpi win clima\versione_10\3D\form\Selectdir.pas","Forms",
"Tubazioni","C:\DOCUMENTI\bmsistemi\drivepsviluppo\prjs\cpi win clima\versione_10\3D\form\Terminali3d.pas","Forms",
"Tubazioni","C:\DOCUMENTI\bmsistemi\drivepsviluppo\prjs\cpi win clima\versione_10\3D\form\tipirete.pas","Forms",
"Tubazioni","C:\DOCUMENTI\bmsistemi\drivepsviluppo\prjs\cpi win clima\versione_10\3D\form\tratti_rete3d.pas","Forms",
"Tubazioni","C:\DOCUMENTI\bmsistemi\drivepsviluppo\prjs\cpi win clima\versione_10\3D\form\Zone3D.pas","Forms",
"Tubazioni","C:\DOCUMENTI\bmsistemi\drivepsviluppo\prjs\cpi win clima\versione_10\3D\grafica2d.pas","forms",
"Tubazioni","C:\DOCUMENTI\bmsistemi\drivepsviluppo\prjs\cpi win clima\versione_10\3D\Init_cad3D.pas","forms",
"Tubazioni","C:\DOCUMENTI\bmsistemi\drivepsviluppo\prjs\cpi win clima\versione_10\3D\init_l10.pas","forms",
"Tubazioni","C:\DOCUMENTI\bmsistemi\drivepsviluppo\prjs\cpi win clima\versione_10\3D\LetturaInMemoria.pas","forms",
"Tubazioni","C:\DOCUMENTI\bmsistemi\drivepsviluppo\prjs\cpi win clima\versione_10\3D\progress3D.pas","Forms",
"Tubazioni","C:\DOCUMENTI\bmsistemi\drivepsviluppo\prjs\cpi win clima\versione_10\3D\Secondario.pas","Forms",
"Tubazioni","C:\DOCUMENTI\bmsistemi\drivepsviluppo\prjs\cpi win clima\versione_10\3D\setta_config_User.pas","forms",
"Tubazioni","C:\DOCUMENTI\bmsistemi\drivepsviluppo\prjs\cpi win clima\versione_10\3D\Tool_visualizza3d.pas","Forms",
"Tubazioni","C:\DOCUMENTI\bmsistemi\drivepsviluppo\prjs\cpi win clima\versione_10\3D\U3dsd.pas","Forms",
"Tubazioni","C:\DOCUMENTI\bmsistemi\drivepsviluppo\prjs\cpi win clima\versione_10\3D\U3dsdridotto.pas","Forms",
"Tubazioni","C:\DOCUMENTI\bmsistemi\drivepsviluppo\prjs\cpi win clima\versione_10\3D\UinitGeneral.pas","Forms",
"Tubazioni","C:\DOCUMENTI\bmsistemi\drivepsviluppo\prjs\cpi win clima\versione_10\allineamento emanuela\CodiciEstivo\Versione_10\CARICHI\calcoli\estivo\copiaLibreriaGenerale.pas","Forms",
"Tubazioni","C:\DOCUMENTI\bmsistemi\drivepsviluppo\prjs\cpi win clima\versione_10\CARICHI\calcoli\estivo\Caricamento.pas","Forms",
"Tubazioni","C:\DOCUMENTI\bmsistemi\drivepsviluppo\prjs\cpi win clima\versione_10\CARICHI\calcoli\estivo\Diagramma.pas","Forms",
"Tubazioni","C:\DOCUMENTI\bmsistemi\drivepsviluppo\prjs\cpi win clima\versione_10\CARICHI\calcoli\Legge10\Forms_12\Carburanti.pas","Forms",
"Tubazioni","C:\DOCUMENTI\bmsistemi\drivepsviluppo\prjs\cpi win clima\versione_10\CARICHI\calcoli\Legge10\Forms_12\FMessValLim.pas","Forms",
"Tubazioni","C:\DOCUMENTI\bmsistemi\drivepsviluppo\prjs\cpi win clima\versione_10\CARICHI\calcoli\Legge10\Forms_12\FMessValLim3.pas","Forms",
"Tubazioni","C:\DOCUMENTI\bmsistemi\drivepsviluppo\prjs\cpi win clima\versione_10\CARICHI\calcoli\Legge10\Forms_12\Risparmio.pas","Forms",
"Tubazioni","C:\DOCUMENTI\bmsistemi\drivepsviluppo\prjs\cpi win clima\versione_10\CARICHI\calcoli\Legge10\Forms_12\UFormL10.pas","Forms",
"Tubazioni","C:\DOCUMENTI\bmsistemi\drivepsviluppo\prjs\cpi win clima\versione_10\CARICHI\calcoli\Legge10\Forms_12\UVerifFinestre.pas","Forms",
"Tubazioni","C:\DOCUMENTI\bmsistemi\drivepsviluppo\prjs\cpi win clima\versione_10\CARICHI\calcoli\Legge10\Forms_12\UVerifPareti.pas","Forms",
"Tubazioni","C:\DOCUMENTI\bmsistemi\drivepsviluppo\prjs\cpi win clima\versione_10\CARICHI\tamponamenti\Coefficienti.pas","Forms",
"Tubazioni","C:\DOCUMENTI\bmsistemi\drivepsviluppo\prjs\cpi win clima\versione_10\CARICHI\tamponamenti\UarchMat.pas","Forms",
"Tubazioni","C:\DOCUMENTI\bmsistemi\drivepsviluppo\prjs\cpi win clima\versione_10\CARICHI\tamponamenti\usolomuri.pas","Forms",
"Tubazioni","C:\DOCUMENTI\bmsistemi\drivepsviluppo\prjs\cpi win clima\versione_10\CARICHI\tamponamenti\Wizardusolomuri.pas","Forms",
"Tubazioni","C:\DOCUMENTI\bmsistemi\drivepsviluppo\prjs\cpi win clima\versione_10\CARICHI\Ulettura.pas","Forms",
"Tubazioni","C:\DOCUMENTI\bmsistemi\drivepsviluppo\prjs\cpi win clima\versione_10\ChiamateDLL\Messaggio.pas","Forms",
"Tubazioni","C:\DOCUMENTI\bmsistemi\drivepsviluppo\prjs\cpi win clima\versione_10\ChiamateDLL\Uchiamatedll.pas","forms",
"Tubazioni","C:\DOCUMENTI\bmsistemi\drivepsviluppo\prjs\cpi win clima\versione_10\comuni\Grafica\Grafica.pas","forms",
"Tubazioni","C:\DOCUMENTI\bmsistemi\drivepsviluppo\prjs\cpi win clima\versione_10\comuni\libreriagenerale.pas","Forms",
"Tubazioni","C:\DOCUMENTI\bmsistemi\drivepsviluppo\prjs\cpi win clima\versione_10\comuni\Tutor\UtilityGestioneTutor.pas","Forms",
"Tubazioni","C:\DOCUMENTI\bmsistemi\drivepsviluppo\prjs\cpi win clima\versione_10\DllPrincipaleTermico\forms\Tool_visualizza.pas","Forms",
"Tubazioni","C:\DOCUMENTI\bmsistemi\drivepsviluppo\prjs\cpi win clima\versione_10\libreriedatabase\SceltaA.pas","Forms",
"Tubazioni","C:\DOCUMENTI\bmsistemi\drivepsviluppo\prjs\cpi win clima\versione_10\Tubi\PUtilityzeta.dpr","Forms",
"Tubazioni","C:\DOCUMENTI\bmsistemi\drivepsviluppo\prjs\cpi win clima\versione_10\Tubi\UMain_CalcTubi.pas","Forms",
"Tubazioni","C:\DOCUMENTI\bmsistemi\drivepsviluppo\prjs\cpi win clima\versione_10\Tubi\UProvatubi.pas","Forms",
"Tubazioni","C:\DOCUMENTI\bmsistemi\drivepsviluppo\prjs\cpi win clima\versione_10\Tubi\UtilityZeta.pas","Forms",
"Tubazioni","C:\DOCUMENTI\sd\sorgenti\bm-sd\gestioneclienti\chiedilicenza.pas","Forms",
"Tubazioni","C:\DOCUMENTI\sd\sorgenti\bm-sd\gestioneclienti\DatiLicenza.pas","Forms",
"Tubazioni","C:\DOCUMENTI\sd\sorgenti\bm-sd\librerie_generali\Gest_form.pas","Forms",
"Tubazioni","C:\DOCUMENTI\sd\sorgenti\bm-sd\librerie_generali\Utility_dll.pas","forms",
"Tubazioni","C:\DOCUMENTI\sd\sorgenti\bm-sd\projectbrowser\InterfDLL.pas","forms",
"Tubazioni","C:\DOCUMENTI\bmsistemi\drivepsviluppo\prjs\cpi win clima\versione_10\3D\form\Reti3D.pas","funz_reti",
"Tubazioni","C:\DOCUMENTI\bmsistemi\drivepsviluppo\prjs\cpi win clima\versione_10\Tubi\Interf3d_reti.pas","Funz_reti",
"Tubazioni","C:\DOCUMENTI\sd\sorgenti\bm-sd\projectbrowser\InterfDLL.pas","Funz_reti",
"Tubazioni","C:\DOCUMENTI\bmsistemi\drivepsviluppo\prjs\cpi win clima\versione_10\3D\U3dsd.pas","GLBehaviours",
"Tubazioni","C:\DOCUMENTI\bmsistemi\drivepsviluppo\prjs\cpi win clima\versione_10\3D\U3dsd.pas","GLCadencer",
"Tubazioni","C:\DOCUMENTI\bmsistemi\drivepsviluppo\prjs\cpi win clima\versione_10\3D\U3dsd.pas","GLMisc",
"Tubazioni","C:\DOCUMENTI\bmsistemi\drivepsviluppo\prjs\cpi win clima\versione_10\3D\U3dsdridotto.pas","GLMisc",
"Tubazioni","C:\DOCUMENTI\bmsistemi\drivepsviluppo\prjs\cpi win clima\versione_10\3D\U3dsd.pas","glmovement",
"Tubazioni","C:\DOCUMENTI\bmsistemi\drivepsviluppo\prjs\cpi win clima\versione_10\3D\U3dsd.pas","GLObjects",
"Tubazioni","C:\DOCUMENTI\bmsistemi\drivepsviluppo\prjs\cpi win clima\versione_10\3D\U3dsdridotto.pas","GLObjects",
"Tubazioni","C:\DOCUMENTI\bmsistemi\drivepsviluppo\prjs\cpi win clima\versione_10\3D\U3dsd.pas","GLParticles",
"Tubazioni","C:\DOCUMENTI\bmsistemi\drivepsviluppo\prjs\cpi win clima\versione_10\3D\U3dsd.pas","GLScene",
"Tubazioni","C:\DOCUMENTI\bmsistemi\drivepsviluppo\prjs\cpi win clima\versione_10\3D\U3dsdridotto.pas","GLScene",
"Tubazioni","C:\DOCUMENTI\bmsistemi\drivepsviluppo\prjs\cpi win clima\versione_10\3D\U3dsd.pas","GLSkydome",
"Tubazioni","C:\DOCUMENTI\bmsistemi\drivepsviluppo\prjs\cpi win clima\versione_10\3D\U3dsd.pas","GLSpaceText",
"Tubazioni","C:\DOCUMENTI\bmsistemi\drivepsviluppo\prjs\cpi win clima\versione_10\3D\U3dsd.pas","gltexture",
"Tubazioni","C:\DOCUMENTI\bmsistemi\drivepsviluppo\prjs\cpi win clima\versione_10\3D\Secondario.pas","GLWin32Viewer",
"Tubazioni","C:\DOCUMENTI\bmsistemi\drivepsviluppo\prjs\cpi win clima\versione_10\3D\U3dsd.pas","GLWin32Viewer",
"Tubazioni","C:\DOCUMENTI\bmsistemi\drivepsviluppo\prjs\cpi win clima\versione_10\3D\U3dsdridotto.pas","GLWin32Viewer",
"Tubazioni","C:\DOCUMENTI\bmsistemi\drivepsviluppo\prjs\cpi win clima\versione_10\3D\form\tratti_rete3d.pas","grafica2d",
"Tubazioni","C:\DOCUMENTI\bmsistemi\drivepsviluppo\prjs\cpi win clima\versione_10\Tubi\collettori.pas","grafica2d",
"Tubazioni","C:\DOCUMENTI\bmsistemi\drivepsviluppo\prjs\cpi win clima\versione_10\Tubi\impterm.pas","grafica2d",
"Tubazioni","C:\DOCUMENTI\bmsistemi\drivepsviluppo\prjs\cpi win clima\versione_10\Tubi\Pannelli.pas","grafica2d",
"Tubazioni","C:\DOCUMENTI\sd\sorgenti\bm-sd\projectbrowser\InterfDLL.pas","grafica2d",
"Tubazioni","C:\DOCUMENTI\bmsistemi\drivepsviluppo\Comp\Source\UNIT_CONDIVISE\BMEureka.pas","Graphics",
"Tubazioni","C:\DOCUMENTI\bmsistemi\drivepsviluppo\prjs\cpi win clima\versione_10\3D\CopiaCaricatabelle.pas","graphics",
"Tubazioni","C:\DOCUMENTI\bmsistemi\drivepsviluppo\prjs\cpi win clima\versione_10\3D\disedificio.pas","graphics",
"Tubazioni","C:\DOCUMENTI\bmsistemi\drivepsviluppo\prjs\cpi win clima\versione_10\3D\Fconsigli.pas","Graphics",
"Tubazioni","C:\DOCUMENTI\bmsistemi\drivepsviluppo\prjs\cpi win clima\versione_10\3D\form\Archpers3D.pas","Graphics",
"Tubazioni","C:\DOCUMENTI\bmsistemi\drivepsviluppo\prjs\cpi win clima\versione_10\3D\form\Cambiaelab.pas","Graphics",
"Tubazioni","C:\DOCUMENTI\bmsistemi\drivepsviluppo\prjs\cpi win clima\versione_10\3D\form\Carburanti3D.pas","Graphics",
"Tubazioni","C:\DOCUMENTI\bmsistemi\drivepsviluppo\prjs\cpi win clima\versione_10\3D\form\Conferma3d.pas","Graphics",
"Tubazioni","C:\DOCUMENTI\bmsistemi\drivepsviluppo\prjs\cpi win clima\versione_10\3D\form\Confineparete3D.pas","Graphics",
"Tubazioni","C:\DOCUMENTI\bmsistemi\drivepsviluppo\prjs\cpi win clima\versione_10\3D\form\controlla3d.pas","Graphics",
"Tubazioni","C:\DOCUMENTI\bmsistemi\drivepsviluppo\prjs\cpi win clima\versione_10\3D\form\Edificio3D.pas","Graphics",
"Tubazioni","C:\DOCUMENTI\bmsistemi\drivepsviluppo\prjs\cpi win clima\versione_10\3D\form\Errori3D.pas","Graphics",
"Tubazioni","C:\DOCUMENTI\bmsistemi\drivepsviluppo\prjs\cpi win clima\versione_10\3D\form\Falde3D.pas","Graphics",
"Tubazioni","C:\DOCUMENTI\bmsistemi\drivepsviluppo\prjs\cpi win clima\versione_10\3D\form\filedialog.pas","Graphics",
"Tubazioni","C:\DOCUMENTI\bmsistemi\drivepsviluppo\prjs\cpi win clima\versione_10\3D\form\Generatore3D.pas","Graphics",
"Tubazioni","C:\DOCUMENTI\bmsistemi\drivepsviluppo\prjs\cpi win clima\versione_10\3D\form\Generatori3D.pas","Graphics",
"Tubazioni","C:\DOCUMENTI\bmsistemi\drivepsviluppo\prjs\cpi win clima\versione_10\3D\form\Impianti3D.pas","Graphics",
"Tubazioni","C:\DOCUMENTI\bmsistemi\drivepsviluppo\prjs\cpi win clima\versione_10\3D\form\Piani3d.pas","Graphics",
"Tubazioni","C:\DOCUMENTI\bmsistemi\drivepsviluppo\prjs\cpi win clima\versione_10\3D\form\Reti3D.pas","Graphics",
"Tubazioni","C:\DOCUMENTI\bmsistemi\drivepsviluppo\prjs\cpi win clima\versione_10\3D\form\Selectdir.pas","Graphics",
"Tubazioni","C:\DOCUMENTI\bmsistemi\drivepsviluppo\prjs\cpi win clima\versione_10\3D\form\Terminali3d.pas","Graphics",
"Tubazioni","C:\DOCUMENTI\bmsistemi\drivepsviluppo\prjs\cpi win clima\versione_10\3D\form\tipirete.pas","Graphics",
"Tubazioni","C:\DOCUMENTI\bmsistemi\drivepsviluppo\prjs\cpi win clima\versione_10\3D\form\tratti_rete3d.pas","Graphics",
"Tubazioni","C:\DOCUMENTI\bmsistemi\drivepsviluppo\prjs\cpi win clima\versione_10\3D\form\Zone3D.pas","Graphics",
"Tubazioni","C:\DOCUMENTI\bmsistemi\drivepsviluppo\prjs\cpi win clima\versione_10\3D\grafica2d.pas","graphics",
"Tubazioni","C:\DOCUMENTI\bmsistemi\drivepsviluppo\prjs\cpi win clima\versione_10\3D\progress3D.pas","Graphics",
"Tubazioni","C:\DOCUMENTI\bmsistemi\drivepsviluppo\prjs\cpi win clima\versione_10\3D\Secondario.pas","Graphics",
"Tubazioni","C:\DOCUMENTI\bmsistemi\drivepsviluppo\prjs\cpi win clima\versione_10\3D\Tool_visualizza3d.pas","Graphics",
"Tubazioni","C:\DOCUMENTI\bmsistemi\drivepsviluppo\prjs\cpi win clima\versione_10\3D\U3dsd.pas","Graphics",
"Tubazioni","C:\DOCUMENTI\bmsistemi\drivepsviluppo\prjs\cpi win clima\versione_10\3D\U3dsdridotto.pas","Graphics",
"Tubazioni","C:\DOCUMENTI\bmsistemi\drivepsviluppo\prjs\cpi win clima\versione_10\3D\UinitGeneral.pas","Graphics",
"Tubazioni","C:\DOCUMENTI\bmsistemi\drivepsviluppo\prjs\cpi win clima\versione_10\CARICHI\calcoli\estivo\Caricamento.pas","Graphics",
"Tubazioni","C:\DOCUMENTI\bmsistemi\drivepsviluppo\prjs\cpi win clima\versione_10\CARICHI\calcoli\estivo\Diagramma.pas","Graphics",
"Tubazioni","C:\DOCUMENTI\bmsistemi\drivepsviluppo\prjs\cpi win clima\versione_10\CARICHI\calcoli\Legge10\Forms_12\Carburanti.pas","Graphics",
"Tubazioni","C:\DOCUMENTI\bmsistemi\drivepsviluppo\prjs\cpi win clima\versione_10\CARICHI\calcoli\Legge10\Forms_12\FMessValLim.pas","Graphics",
"Tubazioni","C:\DOCUMENTI\bmsistemi\drivepsviluppo\prjs\cpi win clima\versione_10\CARICHI\calcoli\Legge10\Forms_12\FMessValLim3.pas","Graphics",
"Tubazioni","C:\DOCUMENTI\bmsistemi\drivepsviluppo\prjs\cpi win clima\versione_10\CARICHI\calcoli\Legge10\Forms_12\Risparmio.pas","Graphics",
"Tubazioni","C:\DOCUMENTI\bmsistemi\drivepsviluppo\prjs\cpi win clima\versione_10\CARICHI\calcoli\Legge10\Forms_12\UFormL10.pas","Graphics",
"Tubazioni","C:\DOCUMENTI\bmsistemi\drivepsviluppo\prjs\cpi win clima\versione_10\CARICHI\calcoli\Legge10\Forms_12\UVerifFinestre.pas","Graphics",
"Tubazioni","C:\DOCUMENTI\bmsistemi\drivepsviluppo\prjs\cpi win clima\versione_10\CARICHI\calcoli\Legge10\Forms_12\UVerifPareti.pas","Graphics",
"Tubazioni","C:\DOCUMENTI\bmsistemi\drivepsviluppo\prjs\cpi win clima\versione_10\CARICHI\tamponamenti\Calcolo.pas","Graphics",
"Tubazioni","C:\DOCUMENTI\bmsistemi\drivepsviluppo\prjs\cpi win clima\versione_10\CARICHI\tamponamenti\Coefficienti.pas","Graphics",
"Tubazioni","C:\DOCUMENTI\bmsistemi\drivepsviluppo\prjs\cpi win clima\versione_10\CARICHI\tamponamenti\UarchMat.pas","Graphics",
"Tubazioni","C:\DOCUMENTI\bmsistemi\drivepsviluppo\prjs\cpi win clima\versione_10\CARICHI\tamponamenti\Udisegnafinestra.pas","Graphics",
"Tubazioni","C:\DOCUMENTI\bmsistemi\drivepsviluppo\prjs\cpi win clima\versione_10\CARICHI\tamponamenti\UGraficoigro.pas","Graphics",
"Tubazioni","C:\DOCUMENTI\bmsistemi\drivepsviluppo\prjs\cpi win clima\versione_10\CARICHI\tamponamenti\usolomuri.pas","Graphics",
"Tubazioni","C:\DOCUMENTI\bmsistemi\drivepsviluppo\prjs\cpi win clima\versione_10\CARICHI\tamponamenti\Wizardusolomuri.pas","Graphics",
"Tubazioni","C:\DOCUMENTI\bmsistemi\drivepsviluppo\prjs\cpi win clima\versione_10\CARICHI\Ucaricatabelle.pas","graphics",
"Tubazioni","C:\DOCUMENTI\bmsistemi\drivepsviluppo\prjs\cpi win clima\versione_10\ChiamateDLL\Messaggio.pas","Graphics",
"Tubazioni","C:\DOCUMENTI\bmsistemi\drivepsviluppo\prjs\cpi win clima\versione_10\comuni\GestioneGrafico.pas","Graphics",
"Tubazioni","C:\DOCUMENTI\bmsistemi\drivepsviluppo\prjs\cpi win clima\versione_10\comuni\Grafica\Grafica.pas","graphics",
"Tubazioni","C:\DOCUMENTI\bmsistemi\drivepsviluppo\prjs\cpi win clima\versione_10\comuni\Tutor\UtilityGestioneTutor.pas","Graphics",
"Tubazioni","C:\DOCUMENTI\bmsistemi\drivepsviluppo\prjs\cpi win clima\versione_10\comuni\Ustatistica.pas","Graphics",
"Tubazioni","C:\DOCUMENTI\bmsistemi\drivepsviluppo\prjs\cpi win clima\versione_10\DllPrincipaleTermico\forms\Tool_visualizza.pas","Graphics",
"Tubazioni","C:\DOCUMENTI\bmsistemi\drivepsviluppo\prjs\cpi win clima\versione_10\libreriedatabase\SceltaA.pas","Graphics",
"Tubazioni","C:\DOCUMENTI\bmsistemi\drivepsviluppo\prjs\cpi win clima\versione_10\Tubi\definiz.pas","graphics",
"Tubazioni","C:\DOCUMENTI\bmsistemi\drivepsviluppo\prjs\cpi win clima\versione_10\Tubi\UMain_CalcTubi.pas","Graphics",
"Tubazioni","C:\DOCUMENTI\bmsistemi\drivepsviluppo\prjs\cpi win clima\versione_10\Tubi\UProvatubi.pas","Graphics",
"Tubazioni","C:\DOCUMENTI\bmsistemi\drivepsviluppo\prjs\cpi win clima\versione_10\Tubi\UtilityZeta.pas","Graphics",
"Tubazioni","C:\DOCUMENTI\sd\sorgenti\bm-sd\gestioneclienti\chiedilicenza.pas","Graphics",
"Tubazioni","C:\DOCUMENTI\sd\sorgenti\bm-sd\gestioneclienti\DatiLicenza.pas","Graphics",
"Tubazioni","C:\DOCUMENTI\sd\sorgenti\bm-sd\librerie_generali\Gest_form.pas","Graphics",
"Tubazioni","C:\DOCUMENTI\bmsistemi\drivepsviluppo\prjs\cpi win clima\versione_10\3D\form\Carburanti3D.pas","Grids",
"Tubazioni","C:\DOCUMENTI\bmsistemi\drivepsviluppo\prjs\cpi win clima\versione_10\3D\form\Falde3D.pas","Grids",
"Tubazioni","C:\DOCUMENTI\bmsistemi\drivepsviluppo\prjs\cpi win clima\versione_10\3D\form\Generatori3D.pas","Grids",
"Tubazioni","C:\DOCUMENTI\bmsistemi\drivepsviluppo\prjs\cpi win clima\versione_10\3D\form\Impianti3D.pas","Grids",
"Tubazioni","C:\DOCUMENTI\bmsistemi\drivepsviluppo\prjs\cpi win clima\versione_10\3D\form\Piani3d.pas","Grids",
"Tubazioni","C:\DOCUMENTI\bmsistemi\drivepsviluppo\prjs\cpi win clima\versione_10\3D\form\Terminali3d.pas","Grids",
"Tubazioni","C:\DOCUMENTI\bmsistemi\drivepsviluppo\prjs\cpi win clima\versione_10\3D\form\Zone3D.pas","Grids",
"Tubazioni","C:\DOCUMENTI\bmsistemi\drivepsviluppo\prjs\cpi win clima\versione_10\3D\U3dsd.pas","Grids",
"Tubazioni","C:\DOCUMENTI\bmsistemi\drivepsviluppo\prjs\cpi win clima\versione_10\3D\U3dsdridotto.pas","Grids",
"Tubazioni","C:\DOCUMENTI\bmsistemi\drivepsviluppo\prjs\cpi win clima\versione_10\CARICHI\calcoli\Legge10\Forms_12\Carburanti.pas","Grids",
"Tubazioni","C:\DOCUMENTI\bmsistemi\drivepsviluppo\prjs\cpi win clima\versione_10\CARICHI\calcoli\Legge10\Forms_12\Risparmio.pas","Grids",
"Tubazioni","C:\DOCUMENTI\bmsistemi\drivepsviluppo\prjs\cpi win clima\versione_10\CARICHI\calcoli\Legge10\Forms_12\UFormL10.pas","Grids",
"Tubazioni","C:\DOCUMENTI\bmsistemi\drivepsviluppo\prjs\cpi win clima\versione_10\CARICHI\calcoli\Legge10\Forms_12\UVerifFinestre.pas","Grids",
"Tubazioni","C:\DOCUMENTI\bmsistemi\drivepsviluppo\prjs\cpi win clima\versione_10\CARICHI\calcoli\Legge10\Forms_12\UVerifPareti.pas","Grids",
"Tubazioni","C:\DOCUMENTI\bmsistemi\drivepsviluppo\prjs\cpi win clima\versione_10\CARICHI\tamponamenti\Coefficienti.pas","Grids",
"Tubazioni","C:\DOCUMENTI\bmsistemi\drivepsviluppo\prjs\cpi win clima\versione_10\CARICHI\tamponamenti\UarchMat.pas","Grids",
"Tubazioni","C:\DOCUMENTI\bmsistemi\drivepsviluppo\prjs\cpi win clima\versione_10\CARICHI\tamponamenti\usolomuri.pas","Grids",
"Tubazioni","C:\DOCUMENTI\bmsistemi\drivepsviluppo\prjs\cpi win clima\versione_10\CARICHI\tamponamenti\Wizardusolomuri.pas","Grids",
"Tubazioni","C:\DOCUMENTI\bmsistemi\drivepsviluppo\prjs\cpi win clima\versione_10\CARICHI\Ulettura.pas","Grids",
"Tubazioni","C:\DOCUMENTI\bmsistemi\drivepsviluppo\prjs\cpi win clima\versione_10\libreriedatabase\SceltaA.pas","Grids",
"Tubazioni","C:\DOCUMENTI\bmsistemi\drivepsviluppo\prjs\cpi win clima\versione_10\Tubi\UMain_CalcTubi.pas","Grids",
"Tubazioni","C:\DOCUMENTI\sd\sorgenti\bm-sd\librerie_generali\Gest_form.pas","Grids",
"Tubazioni","C:\DOCUMENTI\sd\sorgenti\bm-sd\CANALI\u_cvcan1.pas","halotp4",
"Tubazioni","C:\DOCUMENTI\bmsistemi\drivepsviluppo\prjs\cpi win clima\versione_10\3D\init_l10.pas","headerDlltermico",
"Tubazioni","C:\DOCUMENTI\bmsistemi\drivepsviluppo\prjs\cpi win clima\versione_10\3D\U3dsd.pas","headerDllTermico",
"Tubazioni","C:\DOCUMENTI\bmsistemi\drivepsviluppo\prjs\cpi win clima\versione_10\3D\UinitGeneral.pas","HeaderDllTermico",
"Tubazioni","C:\DOCUMENTI\bmsistemi\drivepsviluppo\prjs\cpi win clima\versione_10\3D\U3dsd.pas","ImgList",
"Tubazioni","C:\DOCUMENTI\bmsistemi\drivepsviluppo\prjs\cpi win clima\versione_10\CARICHI\calcoli\Legge10\Forms_12\UFormL10.pas","ImgList",
"Tubazioni","C:\DOCUMENTI\bmsistemi\drivepsviluppo\prjs\cpi win clima\versione_10\CARICHI\tamponamenti\usolomuri.pas","ImgList",
"Tubazioni","C:\DOCUMENTI\bmsistemi\drivepsviluppo\prjs\cpi win clima\versione_10\CARICHI\tamponamenti\Wizardusolomuri.pas","ImgList",
"Tubazioni","C:\DOCUMENTI\bmsistemi\drivepsviluppo\prjs\cpi win clima\versione_10\3D\LetturaInMemoria.pas","inifiles",
"Tubazioni","C:\DOCUMENTI\bmsistemi\drivepsviluppo\prjs\cpi win clima\versione_10\CARICHI\tamponamenti\UVariabiliPareti.pas","IniFiles",
"Tubazioni","C:\DOCUMENTI\bmsistemi\drivepsviluppo\prjs\cpi win clima\versione_10\comuni\libreriagenerale.pas","IniFiles",
"Tubazioni","C:\DOCUMENTI\bmsistemi\drivepsviluppo\prjs\cpi win clima\versione_10\3D\form\Cambiaelab.pas","init_Cad3d",
"Tubazioni","C:\DOCUMENTI\bmsistemi\drivepsviluppo\prjs\cpi win clima\versione_10\3D\form\controlla3d.pas","init_Cad3d",
"Tubazioni","C:\DOCUMENTI\bmsistemi\drivepsviluppo\prjs\cpi win clima\versione_10\3D\form\Edificio3D.pas","init_Cad3D",
"Tubazioni","C:\DOCUMENTI\bmsistemi\drivepsviluppo\prjs\cpi win clima\versione_10\3D\form\Piani3d.pas","Init_Cad3D",
"Tubazioni","C:\DOCUMENTI\bmsistemi\drivepsviluppo\prjs\cpi win clima\versione_10\Tubi\UStampe.pas","init_cad3d",
"Tubazioni","C:\DOCUMENTI\sd\sorgenti\bm-sd\projectbrowser\InterfDLL.pas","init_cad3d",
"Tubazioni","C:\DOCUMENTI\sd\sorgenti\bm-sd\projectbrowser\InterfDLL.pas","init_l10",
"Tubazioni","C:\DOCUMENTI\bmsistemi\drivepsviluppo\prjs\cpi win clima\versione_10\Tubi\DATITUBI.PAS","inizamb",
"Tubazioni","C:\DOCUMENTI\bmsistemi\drivepsviluppo\prjs\cpi win clima\versione_10\3D\form\Confineparete3D.pas","jpeg",
"Tubazioni","C:\DOCUMENTI\bmsistemi\drivepsviluppo\prjs\cpi win clima\versione_10\3D\form\Falde3D.pas","jpeg",
"Tubazioni","C:\DOCUMENTI\bmsistemi\drivepsviluppo\prjs\cpi win clima\versione_10\CARICHI\tamponamenti\Wizardusolomuri.pas","jpeg",
"Tubazioni","C:\DOCUMENTI\sd\sorgenti\bm-sd\gestioneclienti\DatiLicenza.pas","jpeg",
"Tubazioni","C:\DOCUMENTI\sd\sorgenti\bm-sd\componenti\kbmmem\bdenew\DbTables.pas","kbmMemCSVStreamFormat",
"Tubazioni","C:\DOCUMENTI\sd\sorgenti\bm-sd\componenti\kbmmem\bdenew\DbTables.pas","kbmMemTable",
"Tubazioni","C:\DOCUMENTI\bmsistemi\drivepsviluppo\prjs\cpi win clima\versione_10\Tubi\DATITUBI.PAS","key",
"Tubazioni","C:\DOCUMENTI\bmsistemi\drivepsviluppo\prjs\cpi win clima\versione_10\Tubi\INIT_TUB.PAS","key",
"Tubazioni","C:\DOCUMENTI\bmsistemi\drivepsviluppo\prjs\cpi win clima\versione_10\3D\U3dsd.pas","LbButton",
"Tubazioni","C:\DOCUMENTI\bmsistemi\drivepsviluppo\prjs\cpi win clima\versione_10\3D\U3dsdridotto.pas","LbButton",
"Tubazioni","C:\DOCUMENTI\bmsistemi\drivepsviluppo\prjs\cpi win clima\versione_10\3D\form\Cambiaelab.pas","LbSpeedButton",
"Tubazioni","C:\DOCUMENTI\bmsistemi\drivepsviluppo\prjs\cpi win clima\versione_10\3D\form\Carburanti3D.pas","LbSpeedButton",
"Tubazioni","C:\DOCUMENTI\bmsistemi\drivepsviluppo\prjs\cpi win clima\versione_10\3D\form\Conferma3d.pas","LbSpeedButton",
"Tubazioni","C:\DOCUMENTI\bmsistemi\drivepsviluppo\prjs\cpi win clima\versione_10\3D\form\Confineparete3D.pas","LbSpeedButton",
"Tubazioni","C:\DOCUMENTI\bmsistemi\drivepsviluppo\prjs\cpi win clima\versione_10\3D\form\controlla3d.pas","LbSpeedButton",
"Tubazioni","C:\DOCUMENTI\bmsistemi\drivepsviluppo\prjs\cpi win clima\versione_10\3D\form\Edificio3D.pas","LbSpeedButton",
"Tubazioni","C:\DOCUMENTI\bmsistemi\drivepsviluppo\prjs\cpi win clima\versione_10\3D\form\Errori3D.pas","LbSpeedButton",
"Tubazioni","C:\DOCUMENTI\bmsistemi\drivepsviluppo\prjs\cpi win clima\versione_10\3D\form\Falde3D.pas","LbSpeedButton",
"Tubazioni","C:\DOCUMENTI\bmsistemi\drivepsviluppo\prjs\cpi win clima\versione_10\3D\form\filedialog.pas","LbSpeedButton",
"Tubazioni","C:\DOCUMENTI\bmsistemi\drivepsviluppo\prjs\cpi win clima\versione_10\3D\form\Generatore3D.pas","LbSpeedButton",
"Tubazioni","C:\DOCUMENTI\bmsistemi\drivepsviluppo\prjs\cpi win clima\versione_10\3D\form\Generatori3D.pas","LbSpeedButton",
"Tubazioni","C:\DOCUMENTI\bmsistemi\drivepsviluppo\prjs\cpi win clima\versione_10\3D\form\Impianti3D.pas","LbSpeedButton",
"Tubazioni","C:\DOCUMENTI\bmsistemi\drivepsviluppo\prjs\cpi win clima\versione_10\3D\form\Piani3d.pas","LbSpeedButton",
"Tubazioni","C:\DOCUMENTI\bmsistemi\drivepsviluppo\prjs\cpi win clima\versione_10\3D\form\Reti3D.pas","LbSpeedButton",
"Tubazioni","C:\DOCUMENTI\bmsistemi\drivepsviluppo\prjs\cpi win clima\versione_10\3D\form\Selectdir.pas","LbSpeedButton",
"Tubazioni","C:\DOCUMENTI\bmsistemi\drivepsviluppo\prjs\cpi win clima\versione_10\3D\form\Terminali3d.pas","LbSpeedButton",
"Tubazioni","C:\DOCUMENTI\bmsistemi\drivepsviluppo\prjs\cpi win clima\versione_10\3D\form\Zone3D.pas","LbSpeedButton",
"Tubazioni","C:\DOCUMENTI\bmsistemi\drivepsviluppo\prjs\cpi win clima\versione_10\3D\U3dsd.pas","LbSpeedButton",
"Tubazioni","C:\DOCUMENTI\bmsistemi\drivepsviluppo\prjs\cpi win clima\versione_10\CARICHI\calcoli\Legge10\Forms_12\Carburanti.pas","LbSpeedButton",
"Tubazioni","C:\DOCUMENTI\bmsistemi\drivepsviluppo\prjs\cpi win clima\versione_10\CARICHI\calcoli\Legge10\Forms_12\FMessValLim.pas","LbSpeedButton",
"Tubazioni","C:\DOCUMENTI\bmsistemi\drivepsviluppo\prjs\cpi win clima\versione_10\CARICHI\calcoli\Legge10\Forms_12\FMessValLim3.pas","LbSpeedButton",
"Tubazioni","C:\DOCUMENTI\bmsistemi\drivepsviluppo\prjs\cpi win clima\versione_10\CARICHI\calcoli\Legge10\Forms_12\Risparmio.pas","LbSpeedButton",
"Tubazioni","C:\DOCUMENTI\bmsistemi\drivepsviluppo\prjs\cpi win clima\versione_10\CARICHI\calcoli\Legge10\Forms_12\UFormL10.pas","LbSpeedButton",
"Tubazioni","C:\DOCUMENTI\bmsistemi\drivepsviluppo\prjs\cpi win clima\versione_10\CARICHI\calcoli\Legge10\Forms_12\UVerifFinestre.pas","LbSpeedButton",
"Tubazioni","C:\DOCUMENTI\bmsistemi\drivepsviluppo\prjs\cpi win clima\versione_10\CARICHI\calcoli\Legge10\Forms_12\UVerifPareti.pas","LbSpeedButton",
"Tubazioni","C:\DOCUMENTI\bmsistemi\drivepsviluppo\prjs\cpi win clima\versione_10\CARICHI\tamponamenti\Calcolo.pas","LbSpeedButton",
"Tubazioni","C:\DOCUMENTI\bmsistemi\drivepsviluppo\prjs\cpi win clima\versione_10\CARICHI\tamponamenti\Wizardusolomuri.pas","LbSpeedButton",
"Tubazioni","C:\DOCUMENTI\bmsistemi\drivepsviluppo\prjs\cpi win clima\versione_10\libreriedatabase\SceltaA.pas","LbSpeedButton",
"Tubazioni","C:\DOCUMENTI\sd\sorgenti\bm-sd\librerie_generali\Gest_form.pas","LbSpeedButton",
"Tubazioni","C:\DOCUMENTI\bmsistemi\drivepsviluppo\prjs\cpi win clima\versione_10\3D\U3dsd.pas","LbStaticText",
"Tubazioni","C:\DOCUMENTI\bmsistemi\drivepsviluppo\prjs\cpi win clima\versione_10\CARICHI\calcoli\Legge10\Forms_12\UFormL10.pas","LbStaticText",
"Tubazioni","C:\DOCUMENTI\bmsistemi\drivepsviluppo\prjs\cpi win clima\versione_10\CARICHI\Gestionelettura.pas","leggidxf",
"Tubazioni","C:\DOCUMENTI\bmsistemi\drivepsviluppo\prjs\cpi win clima\versione_10\Tubi\collettori.pas","leggidxf",
"Tubazioni","C:\DOCUMENTI\bmsistemi\drivepsviluppo\prjs\cpi win clima\versione_10\Tubi\RITORNO.PAS","leggidxf",
"Tubazioni","C:\DOCUMENTI\bmsistemi\drivepsviluppo\prjs\cpi win clima\versione_10\Tubi\RITORNODXF 19-11-2010.pas","leggidxf",
"Tubazioni","C:\DOCUMENTI\bmsistemi\drivepsviluppo\prjs\cpi win clima\versione_10\Tubi\RITORNODXF.pas","leggidxf",
"Tubazioni","C:\DOCUMENTI\bmsistemi\drivepsviluppo\prjs\cpi win clima\versione_10\Tubi\UMain_CalcTubi.pas","Leggidxf",
"Tubazioni","C:\DOCUMENTI\bmsistemi\drivepsviluppo\prjs\cpi win clima\versione_10\3D\CopiaCaricatabelle.pas","letturaDisegnobidimensionale",
"Tubazioni","C:\DOCUMENTI\bmsistemi\drivepsviluppo\prjs\cpi win clima\versione_10\3D\copialetturadisegno3d.pas","LetturaDisegnoBidimensionale",
"Tubazioni","C:\DOCUMENTI\bmsistemi\drivepsviluppo\prjs\cpi win clima\versione_10\3D\Init_cad3D.pas","letturadisegnobidimensionale",
"Tubazioni","C:\DOCUMENTI\bmsistemi\drivepsviluppo\prjs\cpi win clima\versione_10\3D\LetturaInMemoria.pas","LetturaDisegnoBidimensionale",
"Tubazioni","C:\DOCUMENTI\bmsistemi\drivepsviluppo\prjs\cpi win clima\versione_10\CARICHI\Gestionelettura.pas","Letturadisegnobidimensionale",
"Tubazioni","C:\DOCUMENTI\bmsistemi\drivepsviluppo\prjs\cpi win clima\versione_10\CARICHI\Ucaricatabelle.pas","letturaDisegnobidimensionale",
"Tubazioni","C:\DOCUMENTI\bmsistemi\drivepsviluppo\prjs\cpi win clima\versione_10\CARICHI\Ulettura.pas","letturadisegnobidimensionale",
"Tubazioni","C:\DOCUMENTI\bmsistemi\drivepsviluppo\prjs\cpi win clima\versione_10\comuni\Grafica\Grafica.pas","LetturaDisegnoBidimensionale",
"Tubazioni","C:\DOCUMENTI\bmsistemi\drivepsviluppo\prjs\cpi win clima\versione_10\Tubi\DATITUBI.PAS","main_res",
"Tubazioni","C:\DOCUMENTI\sd\sorgenti\bm-sd\CANALI\Genproccan.pas","main_res",
"Tubazioni","C:\DOCUMENTI\bmsistemi\drivepsviluppo\prjs\cpi win clima\versione_10\3D\InitEstivo.pas","mainform",
"Tubazioni","C:\DOCUMENTI\bmsistemi\drivepsviluppo\prjs\cpi win clima\versione_10\CARICHI\calcoli\estivo\Esegui_estivo.pas","mainform",
"Tubazioni","C:\DOCUMENTI\bmsistemi\drivepsviluppo\prjs\cpi win clima\versione_10\CARICHI\UMessaggiCarichi.pas","MainForm",
"Tubazioni","C:\DOCUMENTI\bmsistemi\drivepsviluppo\prjs\cpi win clima\versione_10\3D\form\Cambiaelab.pas","Mask",
"Tubazioni","C:\DOCUMENTI\bmsistemi\drivepsviluppo\prjs\cpi win clima\versione_10\3D\form\Carburanti3D.pas","Mask",
"Tubazioni","C:\DOCUMENTI\bmsistemi\drivepsviluppo\prjs\cpi win clima\versione_10\3D\form\Confineparete3D.pas","Mask",
"Tubazioni","C:\DOCUMENTI\bmsistemi\drivepsviluppo\prjs\cpi win clima\versione_10\3D\form\Edificio3D.pas","Mask",
"Tubazioni","C:\DOCUMENTI\bmsistemi\drivepsviluppo\prjs\cpi win clima\versione_10\3D\form\Falde3D.pas","Mask",
"Tubazioni","C:\DOCUMENTI\bmsistemi\drivepsviluppo\prjs\cpi win clima\versione_10\3D\form\Generatore3D.pas","Mask",
"Tubazioni","C:\DOCUMENTI\bmsistemi\drivepsviluppo\prjs\cpi win clima\versione_10\3D\form\Generatori3D.pas","Mask",
"Tubazioni","C:\DOCUMENTI\bmsistemi\drivepsviluppo\prjs\cpi win clima\versione_10\3D\form\Impianti3D.pas","Mask",
"Tubazioni","C:\DOCUMENTI\bmsistemi\drivepsviluppo\prjs\cpi win clima\versione_10\3D\form\Piani3d.pas","Mask",
"Tubazioni","C:\DOCUMENTI\bmsistemi\drivepsviluppo\prjs\cpi win clima\versione_10\3D\form\Reti3D.pas","Mask",
"Tubazioni","C:\DOCUMENTI\bmsistemi\drivepsviluppo\prjs\cpi win clima\versione_10\3D\form\Terminali3d.pas","Mask",
"Tubazioni","C:\DOCUMENTI\bmsistemi\drivepsviluppo\prjs\cpi win clima\versione_10\3D\form\tratti_rete3d.pas","Mask",
"Tubazioni","C:\DOCUMENTI\bmsistemi\drivepsviluppo\prjs\cpi win clima\versione_10\3D\form\Zone3D.pas","Mask",
"Tubazioni","C:\DOCUMENTI\bmsistemi\drivepsviluppo\prjs\cpi win clima\versione_10\3D\U3dsd.pas","Mask",
"Tubazioni","C:\DOCUMENTI\bmsistemi\drivepsviluppo\prjs\cpi win clima\versione_10\3D\U3dsdridotto.pas","Mask",
"Tubazioni","C:\DOCUMENTI\bmsistemi\drivepsviluppo\prjs\cpi win clima\versione_10\CARICHI\calcoli\Legge10\Forms_12\Carburanti.pas","Mask",
"Tubazioni","C:\DOCUMENTI\bmsistemi\drivepsviluppo\prjs\cpi win clima\versione_10\CARICHI\calcoli\Legge10\Forms_12\Risparmio.pas","Mask",
"Tubazioni","C:\DOCUMENTI\bmsistemi\drivepsviluppo\prjs\cpi win clima\versione_10\CARICHI\calcoli\Legge10\Forms_12\UFormL10.pas","Mask",
"Tubazioni","C:\DOCUMENTI\bmsistemi\drivepsviluppo\prjs\cpi win clima\versione_10\CARICHI\tamponamenti\usolomuri.pas","Mask",
"Tubazioni","C:\DOCUMENTI\bmsistemi\drivepsviluppo\prjs\cpi win clima\versione_10\CARICHI\tamponamenti\Wizardusolomuri.pas","Mask",
"Tubazioni","C:\DOCUMENTI\bmsistemi\drivepsviluppo\prjs\cpi win clima\versione_10\CARICHI\Ulettura.pas","Mask",
"Tubazioni","C:\DOCUMENTI\bmsistemi\drivepsviluppo\prjs\cpi win clima\versione_10\Tubi\UMain_CalcTubi.pas","Mask",
"Tubazioni","C:\DOCUMENTI\sd\sorgenti\bm-sd\librerie_generali\Gest_form.pas","Mask",
"Tubazioni","C:\DOCUMENTI\bmsistemi\drivepsviluppo\prjs\cpi win clima\versione_10\3D\CopiaCaricatabelle.pas","Math",
"Tubazioni","C:\DOCUMENTI\bmsistemi\drivepsviluppo\prjs\cpi win clima\versione_10\CARICHI\calcoli\Legge10\calccd.pas","Math",
"Tubazioni","C:\DOCUMENTI\bmsistemi\drivepsviluppo\prjs\cpi win clima\versione_10\CARICHI\calcoli\Legge10\Forms_12\UFormL10.pas","Math",
"Tubazioni","C:\DOCUMENTI\bmsistemi\drivepsviluppo\prjs\cpi win clima\versione_10\CARICHI\calcoli\Legge10\procle11.pas","Math",
"Tubazioni","C:\DOCUMENTI\bmsistemi\drivepsviluppo\prjs\cpi win clima\versione_10\CARICHI\calcoli\Legge10\Terreno.pas","Math",
"Tubazioni","C:\DOCUMENTI\bmsistemi\drivepsviluppo\prjs\cpi win clima\versione_10\CARICHI\calcoli\Legge10\UmainL10.pas","Math",
"Tubazioni","C:\DOCUMENTI\bmsistemi\drivepsviluppo\prjs\cpi win clima\versione_10\CARICHI\tamponamenti\Calcolo.pas","Math",
"Tubazioni","C:\DOCUMENTI\bmsistemi\drivepsviluppo\prjs\cpi win clima\versione_10\CARICHI\tamponamenti\Udisegnafinestra.pas","Math",
"Tubazioni","C:\DOCUMENTI\bmsistemi\drivepsviluppo\prjs\cpi win clima\versione_10\CARICHI\tamponamenti\UVariabiliPareti.pas","Math",
"Tubazioni","C:\DOCUMENTI\bmsistemi\drivepsviluppo\prjs\cpi win clima\versione_10\CARICHI\tamponamenti\Wizardusolomuri.pas","Math",
"Tubazioni","C:\DOCUMENTI\bmsistemi\drivepsviluppo\prjs\cpi win clima\versione_10\CARICHI\Ucaricatabelle.pas","Math",
"Tubazioni","C:\DOCUMENTI\bmsistemi\drivepsviluppo\prjs\cpi win clima\versione_10\comuni\GestioneGrafico.pas","Math",
"Tubazioni","C:\DOCUMENTI\bmsistemi\drivepsviluppo\prjs\cpi win clima\versione_10\comuni\Grafica\Leggidxf.pas","math",
"Tubazioni","C:\DOCUMENTI\bmsistemi\drivepsviluppo\prjs\cpi win clima\versione_10\comuni\libreriagenerale.pas","Math",
"Tubazioni","C:\DOCUMENTI\bmsistemi\drivepsviluppo\prjs\cpi win clima\versione_10\comuni\report\Utireport.pas","Math",
"Tubazioni","C:\DOCUMENTI\bmsistemi\drivepsviluppo\prjs\cpi win clima\versione_10\Tubi\Calcolo_analitico_pannelli.pas","math",
"Tubazioni","C:\DOCUMENTI\bmsistemi\drivepsviluppo\prjs\cpi win clima\versione_10\Tubi\Calcolo_Tubi.pas","Math",
"Tubazioni","C:\DOCUMENTI\bmsistemi\drivepsviluppo\prjs\cpi win clima\versione_10\Tubi\impterm.pas","Math",
"Tubazioni","C:\DOCUMENTI\bmsistemi\drivepsviluppo\prjs\cpi win clima\versione_10\Tubi\RITORNODXF 19-11-2010.pas","math",
"Tubazioni","C:\DOCUMENTI\bmsistemi\drivepsviluppo\prjs\cpi win clima\versione_10\Tubi\RITORNODXF.pas","math",
"Tubazioni","C:\DOCUMENTI\bmsistemi\drivepsviluppo\prjs\cpi win clima\versione_10\Tubi\UStampe.pas","Math",
"Tubazioni","C:\DOCUMENTI\sd\sorgenti\bm-sd\utils\Geometria.pas","math",
"Tubazioni","C:\DOCUMENTI\bmsistemi\drivepsviluppo\prjs\cpi win clima\versione_10\3D\U3dsd.pas","Menus",
"Tubazioni","C:\DOCUMENTI\bmsistemi\drivepsviluppo\prjs\cpi win clima\versione_10\3D\UinitGeneral.pas","Menus",
"Tubazioni","C:\DOCUMENTI\bmsistemi\drivepsviluppo\prjs\cpi win clima\versione_10\CARICHI\tamponamenti\usolomuri.pas","Menus",
"Tubazioni","C:\DOCUMENTI\bmsistemi\drivepsviluppo\prjs\cpi win clima\versione_10\CARICHI\tamponamenti\Wizardusolomuri.pas","Menus",
"Tubazioni","C:\DOCUMENTI\sd\sorgenti\bm-sd\librerie_generali\Gest_form.pas","menus",
"Tubazioni","C:\DOCUMENTI\bmsistemi\drivepsviluppo\Comp\Source\UNIT_CONDIVISE\BMEureka.pas","Messages",
"Tubazioni","C:\DOCUMENTI\bmsistemi\drivepsviluppo\prjs\cpi win clima\versione_10\3D\Fconsigli.pas","Messages",
"Tubazioni","C:\DOCUMENTI\bmsistemi\drivepsviluppo\prjs\cpi win clima\versione_10\3D\form\Archpers3D.pas","Messages",
"Tubazioni","C:\DOCUMENTI\bmsistemi\drivepsviluppo\prjs\cpi win clima\versione_10\3D\form\Cambiaelab.pas","Messages",
"Tubazioni","C:\DOCUMENTI\bmsistemi\drivepsviluppo\prjs\cpi win clima\versione_10\3D\form\Carburanti3D.pas","Messages",
"Tubazioni","C:\DOCUMENTI\bmsistemi\drivepsviluppo\prjs\cpi win clima\versione_10\3D\form\Conferma3d.pas","Messages",
"Tubazioni","C:\DOCUMENTI\bmsistemi\drivepsviluppo\prjs\cpi win clima\versione_10\3D\form\Confineparete3D.pas","Messages",
"Tubazioni","C:\DOCUMENTI\bmsistemi\drivepsviluppo\prjs\cpi win clima\versione_10\3D\form\controlla3d.pas","Messages",
"Tubazioni","C:\DOCUMENTI\bmsistemi\drivepsviluppo\prjs\cpi win clima\versione_10\3D\form\Edificio3D.pas","Messages",
"Tubazioni","C:\DOCUMENTI\bmsistemi\drivepsviluppo\prjs\cpi win clima\versione_10\3D\form\Errori3D.pas","Messages",
"Tubazioni","C:\DOCUMENTI\bmsistemi\drivepsviluppo\prjs\cpi win clima\versione_10\3D\form\Falde3D.pas","Messages",
"Tubazioni","C:\DOCUMENTI\bmsistemi\drivepsviluppo\prjs\cpi win clima\versione_10\3D\form\filedialog.pas","Messages",
"Tubazioni","C:\DOCUMENTI\bmsistemi\drivepsviluppo\prjs\cpi win clima\versione_10\3D\form\Generatore3D.pas","Messages",
"Tubazioni","C:\DOCUMENTI\bmsistemi\drivepsviluppo\prjs\cpi win clima\versione_10\3D\form\Generatori3D.pas","Messages",
"Tubazioni","C:\DOCUMENTI\bmsistemi\drivepsviluppo\prjs\cpi win clima\versione_10\3D\form\Impianti3D.pas","Messages",
"Tubazioni","C:\DOCUMENTI\bmsistemi\drivepsviluppo\prjs\cpi win clima\versione_10\3D\form\Piani3d.pas","Messages",
"Tubazioni","C:\DOCUMENTI\bmsistemi\drivepsviluppo\prjs\cpi win clima\versione_10\3D\form\Reti3D.pas","Messages",
"Tubazioni","C:\DOCUMENTI\bmsistemi\drivepsviluppo\prjs\cpi win clima\versione_10\3D\form\Selectdir.pas","Messages",
"Tubazioni","C:\DOCUMENTI\bmsistemi\drivepsviluppo\prjs\cpi win clima\versione_10\3D\form\Terminali3d.pas","Messages",
"Tubazioni","C:\DOCUMENTI\bmsistemi\drivepsviluppo\prjs\cpi win clima\versione_10\3D\form\tipirete.pas","Messages",
"Tubazioni","C:\DOCUMENTI\bmsistemi\drivepsviluppo\prjs\cpi win clima\versione_10\3D\form\tratti_rete3d.pas","Messages",
"Tubazioni","C:\DOCUMENTI\bmsistemi\drivepsviluppo\prjs\cpi win clima\versione_10\3D\form\Zone3D.pas","Messages",
"Tubazioni","C:\DOCUMENTI\bmsistemi\drivepsviluppo\prjs\cpi win clima\versione_10\3D\progress3D.pas","Messages",
"Tubazioni","C:\DOCUMENTI\bmsistemi\drivepsviluppo\prjs\cpi win clima\versione_10\3D\Secondario.pas","Messages",
"Tubazioni","C:\DOCUMENTI\bmsistemi\drivepsviluppo\prjs\cpi win clima\versione_10\3D\Tool_visualizza3d.pas","Messages",
"Tubazioni","C:\DOCUMENTI\bmsistemi\drivepsviluppo\prjs\cpi win clima\versione_10\3D\U3dsd.pas","Messages",
"Tubazioni","C:\DOCUMENTI\bmsistemi\drivepsviluppo\prjs\cpi win clima\versione_10\3D\U3dsdridotto.pas","Messages",
"Tubazioni","C:\DOCUMENTI\bmsistemi\drivepsviluppo\prjs\cpi win clima\versione_10\3D\UinitGeneral.pas","Messages",
"Tubazioni","C:\DOCUMENTI\bmsistemi\drivepsviluppo\prjs\cpi win clima\versione_10\CARICHI\calcoli\estivo\Caricamento.pas","Messages",
"Tubazioni","C:\DOCUMENTI\bmsistemi\drivepsviluppo\prjs\cpi win clima\versione_10\CARICHI\calcoli\estivo\Diagramma.pas","Messages",
"Tubazioni","C:\DOCUMENTI\bmsistemi\drivepsviluppo\prjs\cpi win clima\versione_10\CARICHI\calcoli\Legge10\calccd.pas","Messages",
"Tubazioni","C:\DOCUMENTI\bmsistemi\drivepsviluppo\prjs\cpi win clima\versione_10\CARICHI\calcoli\Legge10\Forms_12\Carburanti.pas","Messages",
"Tubazioni","C:\DOCUMENTI\bmsistemi\drivepsviluppo\prjs\cpi win clima\versione_10\CARICHI\calcoli\Legge10\Forms_12\FMessValLim.pas","Messages",
"Tubazioni","C:\DOCUMENTI\bmsistemi\drivepsviluppo\prjs\cpi win clima\versione_10\CARICHI\calcoli\Legge10\Forms_12\FMessValLim3.pas","Messages",
"Tubazioni","C:\DOCUMENTI\bmsistemi\drivepsviluppo\prjs\cpi win clima\versione_10\CARICHI\calcoli\Legge10\Forms_12\Risparmio.pas","Messages",
"Tubazioni","C:\DOCUMENTI\bmsistemi\drivepsviluppo\prjs\cpi win clima\versione_10\CARICHI\calcoli\Legge10\Forms_12\UFormL10.pas","Messages",
"Tubazioni","C:\DOCUMENTI\bmsistemi\drivepsviluppo\prjs\cpi win clima\versione_10\CARICHI\calcoli\Legge10\Forms_12\UVerifFinestre.pas","Messages",
"Tubazioni","C:\DOCUMENTI\bmsistemi\drivepsviluppo\prjs\cpi win clima\versione_10\CARICHI\calcoli\Legge10\Forms_12\UVerifPareti.pas","Messages",
"Tubazioni","C:\DOCUMENTI\bmsistemi\drivepsviluppo\prjs\cpi win clima\versione_10\CARICHI\tamponamenti\Coefficienti.pas","Messages",
"Tubazioni","C:\DOCUMENTI\bmsistemi\drivepsviluppo\prjs\cpi win clima\versione_10\CARICHI\tamponamenti\UarchMat.pas","Messages",
"Tubazioni","C:\DOCUMENTI\bmsistemi\drivepsviluppo\prjs\cpi win clima\versione_10\CARICHI\tamponamenti\usolomuri.pas","Messages",
"Tubazioni","C:\DOCUMENTI\bmsistemi\drivepsviluppo\prjs\cpi win clima\versione_10\CARICHI\tamponamenti\Wizardusolomuri.pas","Messages",
"Tubazioni","C:\DOCUMENTI\bmsistemi\drivepsviluppo\prjs\cpi win clima\versione_10\CARICHI\Ulettura.pas","Messages",
"Tubazioni","C:\DOCUMENTI\bmsistemi\drivepsviluppo\prjs\cpi win clima\versione_10\ChiamateDLL\Messaggio.pas","Messages",
"Tubazioni","C:\DOCUMENTI\bmsistemi\drivepsviluppo\prjs\cpi win clima\versione_10\comuni\Tutor\UtilityGestioneTutor.pas","Messages",
"Tubazioni","C:\DOCUMENTI\bmsistemi\drivepsviluppo\prjs\cpi win clima\versione_10\DllPrincipaleTermico\forms\Tool_visualizza.pas","Messages",
"Tubazioni","C:\DOCUMENTI\bmsistemi\drivepsviluppo\prjs\cpi win clima\versione_10\libreriedatabase\SceltaA.pas","Messages",
"Tubazioni","C:\DOCUMENTI\bmsistemi\drivepsviluppo\prjs\cpi win clima\versione_10\Tubi\oldstampe.pas","messages",
"Tubazioni","C:\DOCUMENTI\bmsistemi\drivepsviluppo\prjs\cpi win clima\versione_10\Tubi\UMain_CalcTubi.pas","Messages",
"Tubazioni","C:\DOCUMENTI\bmsistemi\drivepsviluppo\prjs\cpi win clima\versione_10\Tubi\UProvatubi.pas","Messages",
"Tubazioni","C:\DOCUMENTI\bmsistemi\drivepsviluppo\prjs\cpi win clima\versione_10\Tubi\UTI_CALC.PAS","messages",
"Tubazioni","C:\DOCUMENTI\bmsistemi\drivepsviluppo\prjs\cpi win clima\versione_10\Tubi\UtilityZeta.pas","Messages",
"Tubazioni","C:\DOCUMENTI\sd\sorgenti\bm-sd\CANALI\interf3d.pas","messages",
"Tubazioni","C:\DOCUMENTI\sd\sorgenti\bm-sd\CANALI\prgduct.pas","messages",
"Tubazioni","C:\DOCUMENTI\sd\sorgenti\bm-sd\CANALI\UTILS\DEFUTI.PAS","messages",
"Tubazioni","C:\DOCUMENTI\sd\sorgenti\bm-sd\CANALI\UTILS\UTILITIE.PAS","messages",
"Tubazioni","C:\DOCUMENTI\sd\sorgenti\bm-sd\componenti\kbmmem\bdenew\DbTables.pas","Messages",
"Tubazioni","C:\DOCUMENTI\sd\sorgenti\bm-sd\gestioneclienti\chiedilicenza.pas","Messages",
"Tubazioni","C:\DOCUMENTI\sd\sorgenti\bm-sd\gestioneclienti\DatiLicenza.pas","Messages",
"Tubazioni","C:\DOCUMENTI\sd\sorgenti\bm-sd\librerie_generali\Gest_form.pas","Messages",
"Tubazioni","C:\DOCUMENTI\bmsistemi\drivepsviluppo\prjs\cpi win clima\versione_10\3D\U3dsd.pas","MPlayer",
"Tubazioni","C:\DOCUMENTI\bmsistemi\drivepsviluppo\prjs\cpi win clima\versione_10\CARICHI\calcoli\Legge10\UmainL10.pas","MSG",
"Tubazioni","C:\DOCUMENTI\bmsistemi\drivepsviluppo\prjs\cpi win clima\versione_10\CARICHI\tamponamenti\UVariabiliPareti.pas","MSG",
"Tubazioni","C:\DOCUMENTI\bmsistemi\drivepsviluppo\prjs\cpi win clima\versione_10\CARICHI\tamponamenti\Wizardusolomuri.pas","MSG",
"Tubazioni","C:\DOCUMENTI\bmsistemi\drivepsviluppo\prjs\cpi win clima\versione_10\Tubi\impterm.pas","Msg",
"Tubazioni","C:\DOCUMENTI\bmsistemi\drivepsviluppo\prjs\cpi win clima\versione_10\Tubi\UStampe.pas","Msg",
"Tubazioni","C:\DOCUMENTI\sd\sorgenti\bm-sd\CANALI\Genproccan.pas","multilin",
"Tubazioni","C:\DOCUMENTI\bmsistemi\drivepsviluppo\prjs\cpi win clima\versione_10\3D\U3dsd.pas","OleCtnrs",
"Tubazioni","C:\DOCUMENTI\bmsistemi\drivepsviluppo\prjs\cpi win clima\versione_10\3D\Ugest_cad.pas","olectnrs",
"Tubazioni","C:\DOCUMENTI\bmsistemi\drivepsviluppo\prjs\cpi win clima\versione_10\3D\Init_cad3D.pas","Piani3d",
"Tubazioni","C:\DOCUMENTI\sd\sorgenti\bm-sd\projectbrowser\InterfDLL.pas","Piani3d",
"Tubazioni","C:\DOCUMENTI\bmsistemi\drivepsviluppo\prjs\cpi win clima\versione_10\Tubi\DATITUBI.PAS","printer",
"Tubazioni","C:\DOCUMENTI\bmsistemi\drivepsviluppo\prjs\cpi win clima\versione_10\3D\copialetturadisegno3d.pas","proceduregrafiche",
"Tubazioni","C:\DOCUMENTI\bmsistemi\drivepsviluppo\prjs\cpi win clima\versione_10\CARICHI\letturaDisegno.pas","proceduregrafiche",
"Tubazioni","C:\DOCUMENTI\bmsistemi\drivepsviluppo\prjs\cpi win clima\versione_10\CARICHI\calcoli\estivo\Diagramma.pas","Psicrometrico",
"Tubazioni","C:\DOCUMENTI\bmsistemi\drivepsviluppo\Comp\Source\UNIT_CONDIVISE\BMEureka.pas","Registry",
"Tubazioni","C:\DOCUMENTI\bmsistemi\drivepsviluppo\prjs\cpi win clima\versione_10\3D\U3dsd.pas","reti3d",
"Tubazioni","C:\DOCUMENTI\sd\sorgenti\bm-sd\projectbrowser\InterfDLL.pas","reti3d",
"Tubazioni","C:\DOCUMENTI\bmsistemi\drivepsviluppo\prjs\cpi win clima\versione_10\CARICHI\tamponamenti\Wizardusolomuri.pas","RxRichEd",
"Tubazioni","C:\DOCUMENTI\bmsistemi\drivepsviluppo\prjs\cpi win clima\versione_10\3D\U3dsd.pas","Series",
"Tubazioni","C:\DOCUMENTI\bmsistemi\drivepsviluppo\prjs\cpi win clima\versione_10\CARICHI\calcoli\Legge10\Forms_12\Risparmio.pas","Series",
"Tubazioni","C:\DOCUMENTI\bmsistemi\drivepsviluppo\prjs\cpi win clima\versione_10\CARICHI\calcoli\Legge10\Forms_12\UFormL10.pas","Series",
"Tubazioni","C:\DOCUMENTI\bmsistemi\drivepsviluppo\prjs\cpi win clima\versione_10\comuni\GestioneGrafico.pas","Series",
"Tubazioni","C:\DOCUMENTI\bmsistemi\drivepsviluppo\prjs\cpi win clima\versione_10\comuni\Ustatistica.pas","Series",
"Tubazioni","C:\DOCUMENTI\bmsistemi\drivepsviluppo\prjs\cpi win clima\versione_10\3D\form\Reti3D.pas","setta_config_user",
"Tubazioni","C:\DOCUMENTI\bmsistemi\drivepsviluppo\prjs\cpi win clima\versione_10\Tubi\Pannelli.pas","setta_config_user",
"Tubazioni","C:\DOCUMENTI\bmsistemi\drivepsviluppo\prjs\cpi win clima\versione_10\Tubi\spirali vecchio.pas","setta_config_user",
"Tubazioni","C:\DOCUMENTI\bmsistemi\drivepsviluppo\prjs\cpi win clima\versione_10\Tubi\spirali.pas","setta_config_user",
"Tubazioni","C:\DOCUMENTI\sd\sorgenti\bm-sd\projectbrowser\InterfDLL.pas","setta_config_user",
"Tubazioni","C:\DOCUMENTI\bmsistemi\drivepsviluppo\prjs\cpi win clima\versione_10\Tubi\CalcTubiDll.dpr","ShareMem",
"Tubazioni","C:\DOCUMENTI\bmsistemi\drivepsviluppo\prjs\cpi win clima\versione_10\CARICHI\Gestionelettura.pas","ShellApi",
"Tubazioni","C:\DOCUMENTI\bmsistemi\drivepsviluppo\prjs\cpi win clima\versione_10\comuni\Tutor\UtilityGestioneTutor.pas","ShellApi",
"Tubazioni","C:\DOCUMENTI\bmsistemi\drivepsviluppo\prjs\cpi win clima\versione_10\3D\form\Reti3D.pas","Spin",
"Tubazioni","C:\DOCUMENTI\bmsistemi\drivepsviluppo\prjs\cpi win clima\versione_10\3D\U3dsd.pas","Spin",
"Tubazioni","C:\DOCUMENTI\bmsistemi\drivepsviluppo\prjs\cpi win clima\versione_10\3D\U3dsdridotto.pas","Spin",
"Tubazioni","C:\DOCUMENTI\bmsistemi\drivepsviluppo\prjs\cpi win clima\versione_10\CARICHI\tamponamenti\Wizardusolomuri.pas","Spin",
"Tubazioni","C:\DOCUMENTI\bmsistemi\drivepsviluppo\prjs\cpi win clima\versione_10\3D\U3dsd.pas","stampe3d",
"Tubazioni","C:\DOCUMENTI\bmsistemi\drivepsviluppo\Comp\Source\UNIT_CONDIVISE\BMEureka.pas","StdCtrls",
"Tubazioni","C:\DOCUMENTI\bmsistemi\drivepsviluppo\prjs\cpi win clima\versione_10\3D\Fconsigli.pas","StdCtrls",
"Tubazioni","C:\DOCUMENTI\bmsistemi\drivepsviluppo\prjs\cpi win clima\versione_10\3D\form\Archpers3D.pas","StdCtrls",
"Tubazioni","C:\DOCUMENTI\bmsistemi\drivepsviluppo\prjs\cpi win clima\versione_10\3D\form\Cambiaelab.pas","StdCtrls",
"Tubazioni","C:\DOCUMENTI\bmsistemi\drivepsviluppo\prjs\cpi win clima\versione_10\3D\form\Carburanti3D.pas","StdCtrls",
"Tubazioni","C:\DOCUMENTI\bmsistemi\drivepsviluppo\prjs\cpi win clima\versione_10\3D\form\Conferma3d.pas","StdCtrls",
"Tubazioni","C:\DOCUMENTI\bmsistemi\drivepsviluppo\prjs\cpi win clima\versione_10\3D\form\Confineparete3D.pas","StdCtrls",
"Tubazioni","C:\DOCUMENTI\bmsistemi\drivepsviluppo\prjs\cpi win clima\versione_10\3D\form\controlla3d.pas","StdCtrls",
"Tubazioni","C:\DOCUMENTI\bmsistemi\drivepsviluppo\prjs\cpi win clima\versione_10\3D\form\Edificio3D.pas","StdCtrls",
"Tubazioni","C:\DOCUMENTI\bmsistemi\drivepsviluppo\prjs\cpi win clima\versione_10\3D\form\Errori3D.pas","StdCtrls",
"Tubazioni","C:\DOCUMENTI\bmsistemi\drivepsviluppo\prjs\cpi win clima\versione_10\3D\form\Falde3D.pas","StdCtrls",
"Tubazioni","C:\DOCUMENTI\bmsistemi\drivepsviluppo\prjs\cpi win clima\versione_10\3D\form\filedialog.pas","StdCtrls",
"Tubazioni","C:\DOCUMENTI\bmsistemi\drivepsviluppo\prjs\cpi win clima\versione_10\3D\form\Generatore3D.pas","StdCtrls",
"Tubazioni","C:\DOCUMENTI\bmsistemi\drivepsviluppo\prjs\cpi win clima\versione_10\3D\form\Generatori3D.pas","StdCtrls",
"Tubazioni","C:\DOCUMENTI\bmsistemi\drivepsviluppo\prjs\cpi win clima\versione_10\3D\form\Impianti3D.pas","StdCtrls",
"Tubazioni","C:\DOCUMENTI\bmsistemi\drivepsviluppo\prjs\cpi win clima\versione_10\3D\form\Piani3d.pas","StdCtrls",
"Tubazioni","C:\DOCUMENTI\bmsistemi\drivepsviluppo\prjs\cpi win clima\versione_10\3D\form\Reti3D.pas","StdCtrls",
"Tubazioni","C:\DOCUMENTI\bmsistemi\drivepsviluppo\prjs\cpi win clima\versione_10\3D\form\Selectdir.pas","StdCtrls",
"Tubazioni","C:\DOCUMENTI\bmsistemi\drivepsviluppo\prjs\cpi win clima\versione_10\3D\form\Terminali3d.pas","StdCtrls",
"Tubazioni","C:\DOCUMENTI\bmsistemi\drivepsviluppo\prjs\cpi win clima\versione_10\3D\form\tipirete.pas","StdCtrls",
"Tubazioni","C:\DOCUMENTI\bmsistemi\drivepsviluppo\prjs\cpi win clima\versione_10\3D\form\tratti_rete3d.pas","StdCtrls",
"Tubazioni","C:\DOCUMENTI\bmsistemi\drivepsviluppo\prjs\cpi win clima\versione_10\3D\form\Zone3D.pas","StdCtrls",
"Tubazioni","C:\DOCUMENTI\bmsistemi\drivepsviluppo\prjs\cpi win clima\versione_10\3D\Init_cad3D.pas","stdctrls",
"Tubazioni","C:\DOCUMENTI\bmsistemi\drivepsviluppo\prjs\cpi win clima\versione_10\3D\progress3D.pas","StdCtrls",
"Tubazioni","C:\DOCUMENTI\bmsistemi\drivepsviluppo\prjs\cpi win clima\versione_10\3D\Secondario.pas","StdCtrls",
"Tubazioni","C:\DOCUMENTI\bmsistemi\drivepsviluppo\prjs\cpi win clima\versione_10\3D\Tool_visualizza3d.pas","StdCtrls",
"Tubazioni","C:\DOCUMENTI\bmsistemi\drivepsviluppo\prjs\cpi win clima\versione_10\3D\U3dsd.pas","StdCtrls",
"Tubazioni","C:\DOCUMENTI\bmsistemi\drivepsviluppo\prjs\cpi win clima\versione_10\3D\U3dsdridotto.pas","StdCtrls",
"Tubazioni","C:\DOCUMENTI\bmsistemi\drivepsviluppo\prjs\cpi win clima\versione_10\CARICHI\calcoli\estivo\Caricamento.pas","StdCtrls",
"Tubazioni","C:\DOCUMENTI\bmsistemi\drivepsviluppo\prjs\cpi win clima\versione_10\CARICHI\calcoli\estivo\Diagramma.pas","StdCtrls",
"Tubazioni","C:\DOCUMENTI\bmsistemi\drivepsviluppo\prjs\cpi win clima\versione_10\CARICHI\calcoli\Legge10\Forms_12\Carburanti.pas","StdCtrls",
"Tubazioni","C:\DOCUMENTI\bmsistemi\drivepsviluppo\prjs\cpi win clima\versione_10\CARICHI\calcoli\Legge10\Forms_12\FMessValLim.pas","StdCtrls",
"Tubazioni","C:\DOCUMENTI\bmsistemi\drivepsviluppo\prjs\cpi win clima\versione_10\CARICHI\calcoli\Legge10\Forms_12\FMessValLim3.pas","StdCtrls",
"Tubazioni","C:\DOCUMENTI\bmsistemi\drivepsviluppo\prjs\cpi win clima\versione_10\CARICHI\calcoli\Legge10\Forms_12\Risparmio.pas","StdCtrls",
"Tubazioni","C:\DOCUMENTI\bmsistemi\drivepsviluppo\prjs\cpi win clima\versione_10\CARICHI\calcoli\Legge10\Forms_12\UFormL10.pas","StdCtrls",
"Tubazioni","C:\DOCUMENTI\bmsistemi\drivepsviluppo\prjs\cpi win clima\versione_10\CARICHI\calcoli\Legge10\Forms_12\UVerifFinestre.pas","StdCtrls",
"Tubazioni","C:\DOCUMENTI\bmsistemi\drivepsviluppo\prjs\cpi win clima\versione_10\CARICHI\calcoli\Legge10\Forms_12\UVerifPareti.pas","StdCtrls",
"Tubazioni","C:\DOCUMENTI\bmsistemi\drivepsviluppo\prjs\cpi win clima\versione_10\CARICHI\tamponamenti\Coefficienti.pas","StdCtrls",
"Tubazioni","C:\DOCUMENTI\bmsistemi\drivepsviluppo\prjs\cpi win clima\versione_10\CARICHI\tamponamenti\UarchMat.pas","StdCtrls",
"Tubazioni","C:\DOCUMENTI\bmsistemi\drivepsviluppo\prjs\cpi win clima\versione_10\CARICHI\tamponamenti\usolomuri.pas","StdCtrls",
"Tubazioni","C:\DOCUMENTI\bmsistemi\drivepsviluppo\prjs\cpi win clima\versione_10\CARICHI\tamponamenti\Wizardusolomuri.pas","StdCtrls",
"Tubazioni","C:\DOCUMENTI\bmsistemi\drivepsviluppo\prjs\cpi win clima\versione_10\CARICHI\Ulettura.pas","StdCtrls",
"Tubazioni","C:\DOCUMENTI\bmsistemi\drivepsviluppo\prjs\cpi win clima\versione_10\CARICHI\UMessaggiCarichi.pas","stdctrls",
"Tubazioni","C:\DOCUMENTI\bmsistemi\drivepsviluppo\prjs\cpi win clima\versione_10\ChiamateDLL\Messaggio.pas","StdCtrls",
"Tubazioni","C:\DOCUMENTI\bmsistemi\drivepsviluppo\prjs\cpi win clima\versione_10\comuni\Tutor\UtilityGestioneTutor.pas","StdCtrls",
"Tubazioni","C:\DOCUMENTI\bmsistemi\drivepsviluppo\prjs\cpi win clima\versione_10\DllPrincipaleTermico\forms\Tool_visualizza.pas","StdCtrls",
"Tubazioni","C:\DOCUMENTI\bmsistemi\drivepsviluppo\prjs\cpi win clima\versione_10\libreriedatabase\gestudb.pas","stdctrls",
"Tubazioni","C:\DOCUMENTI\bmsistemi\drivepsviluppo\prjs\cpi win clima\versione_10\libreriedatabase\SceltaA.pas","StdCtrls",
"Tubazioni","C:\DOCUMENTI\bmsistemi\drivepsviluppo\prjs\cpi win clima\versione_10\libreriedatabase\UCompilaForm.pas","StdCtrls",
"Tubazioni","C:\DOCUMENTI\bmsistemi\drivepsviluppo\prjs\cpi win clima\versione_10\Tubi\UMain_CalcTubi.pas","StdCtrls",
"Tubazioni","C:\DOCUMENTI\bmsistemi\drivepsviluppo\prjs\cpi win clima\versione_10\Tubi\UProvatubi.pas","StdCtrls",
"Tubazioni","C:\DOCUMENTI\bmsistemi\drivepsviluppo\prjs\cpi win clima\versione_10\Tubi\UtilityZeta.pas","StdCtrls",
"Tubazioni","C:\DOCUMENTI\sd\sorgenti\bm-sd\gestioneclienti\chiedilicenza.pas","StdCtrls",
"Tubazioni","C:\DOCUMENTI\sd\sorgenti\bm-sd\gestioneclienti\DatiLicenza.pas","StdCtrls",
"Tubazioni","C:\DOCUMENTI\sd\sorgenti\bm-sd\librerie_generali\Gest_form.pas","StdCtrls",
"Tubazioni","C:\DOCUMENTI\bmsistemi\drivepsviluppo\prjs\cpi win clima\versione_10\Tubi\UTI_CALC.PAS","Strings",
"Tubazioni","C:\DOCUMENTI\bmsistemi\drivepsviluppo\Comp\Source\UNIT_CONDIVISE\BMEureka.pas","SysUtils",
"Tubazioni","C:\DOCUMENTI\bmsistemi\drivepsviluppo\prjs\cpi win clima\versione_10\3D\Config_Var.pas","sysutils",
"Tubazioni","C:\DOCUMENTI\bmsistemi\drivepsviluppo\prjs\cpi win clima\versione_10\3D\CopiaCaricatabelle.pas","sysutils",
"Tubazioni","C:\DOCUMENTI\bmsistemi\drivepsviluppo\prjs\cpi win clima\versione_10\3D\copialetturadisegno3d.pas","sysutils",
"Tubazioni","C:\DOCUMENTI\bmsistemi\drivepsviluppo\prjs\cpi win clima\versione_10\3D\copiaUCaricadati.pas","SysUtils",
"Tubazioni","C:\DOCUMENTI\bmsistemi\drivepsviluppo\prjs\cpi win clima\versione_10\3D\CreaDxfEdificio.pas","sysutils",
"Tubazioni","C:\DOCUMENTI\bmsistemi\drivepsviluppo\prjs\cpi win clima\versione_10\3D\disedificio.pas","sysutils",
"Tubazioni","C:\DOCUMENTI\bmsistemi\drivepsviluppo\prjs\cpi win clima\versione_10\3D\Fasi_progetto.pas","sysutils",
"Tubazioni","C:\DOCUMENTI\bmsistemi\drivepsviluppo\prjs\cpi win clima\versione_10\3D\Fconsigli.pas","SysUtils",
"Tubazioni","C:\DOCUMENTI\bmsistemi\drivepsviluppo\prjs\cpi win clima\versione_10\3D\form\Archpers3D.pas","SysUtils",
"Tubazioni","C:\DOCUMENTI\bmsistemi\drivepsviluppo\prjs\cpi win clima\versione_10\3D\form\Cambiaelab.pas","SysUtils",
"Tubazioni","C:\DOCUMENTI\bmsistemi\drivepsviluppo\prjs\cpi win clima\versione_10\3D\form\Carburanti3D.pas","SysUtils",
"Tubazioni","C:\DOCUMENTI\bmsistemi\drivepsviluppo\prjs\cpi win clima\versione_10\3D\form\Conferma3d.pas","SysUtils",
"Tubazioni","C:\DOCUMENTI\bmsistemi\drivepsviluppo\prjs\cpi win clima\versione_10\3D\form\Confineparete3D.pas","SysUtils",
"Tubazioni","C:\DOCUMENTI\bmsistemi\drivepsviluppo\prjs\cpi win clima\versione_10\3D\form\controlla3d.pas","SysUtils",
"Tubazioni","C:\DOCUMENTI\bmsistemi\drivepsviluppo\prjs\cpi win clima\versione_10\3D\form\Edificio3D.pas","SysUtils",
"Tubazioni","C:\DOCUMENTI\bmsistemi\drivepsviluppo\prjs\cpi win clima\versione_10\3D\form\Errori3D.pas","SysUtils",
"Tubazioni","C:\DOCUMENTI\bmsistemi\drivepsviluppo\prjs\cpi win clima\versione_10\3D\form\Falde3D.pas","SysUtils",
"Tubazioni","C:\DOCUMENTI\bmsistemi\drivepsviluppo\prjs\cpi win clima\versione_10\3D\form\filedialog.pas","SysUtils",
"Tubazioni","C:\DOCUMENTI\bmsistemi\drivepsviluppo\prjs\cpi win clima\versione_10\3D\form\Generatore3D.pas","SysUtils",
"Tubazioni","C:\DOCUMENTI\bmsistemi\drivepsviluppo\prjs\cpi win clima\versione_10\3D\form\Generatori3D.pas","SysUtils",
"Tubazioni","C:\DOCUMENTI\bmsistemi\drivepsviluppo\prjs\cpi win clima\versione_10\3D\form\Impianti3D.pas","SysUtils",
"Tubazioni","C:\DOCUMENTI\bmsistemi\drivepsviluppo\prjs\cpi win clima\versione_10\3D\form\Piani3d.pas","SysUtils",
"Tubazioni","C:\DOCUMENTI\bmsistemi\drivepsviluppo\prjs\cpi win clima\versione_10\3D\form\Reti3D.pas","SysUtils",
"Tubazioni","C:\DOCUMENTI\bmsistemi\drivepsviluppo\prjs\cpi win clima\versione_10\3D\form\Selectdir.pas","SysUtils",
"Tubazioni","C:\DOCUMENTI\bmsistemi\drivepsviluppo\prjs\cpi win clima\versione_10\3D\form\Terminali3d.pas","SysUtils",
"Tubazioni","C:\DOCUMENTI\bmsistemi\drivepsviluppo\prjs\cpi win clima\versione_10\3D\form\tipirete.pas","SysUtils",
"Tubazioni","C:\DOCUMENTI\bmsistemi\drivepsviluppo\prjs\cpi win clima\versione_10\3D\form\tratti_rete3d.pas","SysUtils",
"Tubazioni","C:\DOCUMENTI\bmsistemi\drivepsviluppo\prjs\cpi win clima\versione_10\3D\form\Zone3D.pas","SysUtils",
"Tubazioni","C:\DOCUMENTI\bmsistemi\drivepsviluppo\prjs\cpi win clima\versione_10\3D\Funz_reti.pas","sysutils",
"Tubazioni","C:\DOCUMENTI\bmsistemi\drivepsviluppo\prjs\cpi win clima\versione_10\3D\GestDim.pas","sysutils",
"Tubazioni","C:\DOCUMENTI\bmsistemi\drivepsviluppo\prjs\cpi win clima\versione_10\3D\gesterrori.pas","sysutils",
"Tubazioni","C:\DOCUMENTI\bmsistemi\drivepsviluppo\prjs\cpi win clima\versione_10\3D\gestione_dati.pas","sysutils",
"Tubazioni","C:\DOCUMENTI\bmsistemi\drivepsviluppo\prjs\cpi win clima\versione_10\3D\grafica2d.pas","sysutils",
"Tubazioni","C:\DOCUMENTI\bmsistemi\drivepsviluppo\prjs\cpi win clima\versione_10\3D\Init_cad3D.pas","sysutils",
"Tubazioni","C:\DOCUMENTI\bmsistemi\drivepsviluppo\prjs\cpi win clima\versione_10\3D\init_l10.pas","sysutils",
"Tubazioni","C:\DOCUMENTI\bmsistemi\drivepsviluppo\prjs\cpi win clima\versione_10\3D\Inport_climaenergia.pas","sysutils",
"Tubazioni","C:\DOCUMENTI\bmsistemi\drivepsviluppo\prjs\cpi win clima\versione_10\3D\leggidxf.pas","sysutils",
"Tubazioni","C:\DOCUMENTI\bmsistemi\drivepsviluppo\prjs\cpi win clima\versione_10\3D\LetturaInMemoria.pas","sysutils",
"Tubazioni","C:\DOCUMENTI\bmsistemi\drivepsviluppo\prjs\cpi win clima\versione_10\3D\progress3D.pas","SysUtils",
"Tubazioni","C:\DOCUMENTI\bmsistemi\drivepsviluppo\prjs\cpi win clima\versione_10\3D\Secondario.pas","SysUtils",
"Tubazioni","C:\DOCUMENTI\bmsistemi\drivepsviluppo\prjs\cpi win clima\versione_10\3D\setta_config_User.pas","sysutils",
"Tubazioni","C:\DOCUMENTI\bmsistemi\drivepsviluppo\prjs\cpi win clima\versione_10\3D\Tool_visualizza3d.pas","SysUtils",
"Tubazioni","C:\DOCUMENTI\bmsistemi\drivepsviluppo\prjs\cpi win clima\versione_10\3D\U3dsd.pas","SysUtils",
"Tubazioni","C:\DOCUMENTI\bmsistemi\drivepsviluppo\prjs\cpi win clima\versione_10\3D\U3dsdridotto.pas","SysUtils",
"Tubazioni","C:\DOCUMENTI\bmsistemi\drivepsviluppo\prjs\cpi win clima\versione_10\3D\Ugest_cad.pas","sysutils",
"Tubazioni","C:\DOCUMENTI\bmsistemi\drivepsviluppo\prjs\cpi win clima\versione_10\3D\UinitGeneral.pas","SysUtils",
"Tubazioni","C:\DOCUMENTI\bmsistemi\drivepsviluppo\prjs\cpi win clima\versione_10\3D\UnitCompilaDatiZona.pas","sysutils",
"Tubazioni","C:\DOCUMENTI\bmsistemi\drivepsviluppo\prjs\cpi win clima\versione_10\3D\visreportlocali.pas","sysutils",
"Tubazioni","C:\DOCUMENTI\bmsistemi\drivepsviluppo\prjs\cpi win clima\versione_10\allineamento emanuela\CodiciEstivo\Versione_10\CARICHI\calcoli\estivo\copiaLibreriaGenerale.pas","SysUtils",
"Tubazioni","C:\DOCUMENTI\bmsistemi\drivepsviluppo\prjs\cpi win clima\versione_10\CARICHI\calcoli\estivo\Caricamento.pas","SysUtils",
"Tubazioni","C:\DOCUMENTI\bmsistemi\drivepsviluppo\prjs\cpi win clima\versione_10\CARICHI\calcoli\estivo\Diagramma.pas","SysUtils",
"Tubazioni","C:\DOCUMENTI\bmsistemi\drivepsviluppo\prjs\cpi win clima\versione_10\CARICHI\calcoli\estivo\urisultestivo.pas","SysUtils",
"Tubazioni","C:\DOCUMENTI\bmsistemi\drivepsviluppo\prjs\cpi win clima\versione_10\CARICHI\calcoli\Legge10\calccd.pas","SysUtils",
"Tubazioni","C:\DOCUMENTI\bmsistemi\drivepsviluppo\prjs\cpi win clima\versione_10\CARICHI\calcoli\Legge10\calcHg.pas","SysUtils",
"Tubazioni","C:\DOCUMENTI\bmsistemi\drivepsviluppo\prjs\cpi win clima\versione_10\CARICHI\calcoli\Legge10\Calcl10.pas","SysUtils",
"Tubazioni","C:\DOCUMENTI\bmsistemi\drivepsviluppo\prjs\cpi win clima\versione_10\CARICHI\calcoli\Legge10\calcvent.pas","SysUtils",
"Tubazioni","C:\DOCUMENTI\bmsistemi\drivepsviluppo\prjs\cpi win clima\versione_10\CARICHI\calcoli\Legge10\CalkAll.pas","Sysutils",
"Tubazioni","C:\DOCUMENTI\bmsistemi\drivepsviluppo\prjs\cpi win clima\versione_10\CARICHI\calcoli\Legge10\Forms_12\Carburanti.pas","SysUtils",
"Tubazioni","C:\DOCUMENTI\bmsistemi\drivepsviluppo\prjs\cpi win clima\versione_10\CARICHI\calcoli\Legge10\Forms_12\FMessValLim.pas","SysUtils",
"Tubazioni","C:\DOCUMENTI\bmsistemi\drivepsviluppo\prjs\cpi win clima\versione_10\CARICHI\calcoli\Legge10\Forms_12\FMessValLim3.pas","SysUtils",
"Tubazioni","C:\DOCUMENTI\bmsistemi\drivepsviluppo\prjs\cpi win clima\versione_10\CARICHI\calcoli\Legge10\Forms_12\Risparmio.pas","SysUtils",
"Tubazioni","C:\DOCUMENTI\bmsistemi\drivepsviluppo\prjs\cpi win clima\versione_10\CARICHI\calcoli\Legge10\Forms_12\UFormL10.pas","SysUtils",
"Tubazioni","C:\DOCUMENTI\bmsistemi\drivepsviluppo\prjs\cpi win clima\versione_10\CARICHI\calcoli\Legge10\Forms_12\UVerifFinestre.pas","SysUtils",
"Tubazioni","C:\DOCUMENTI\bmsistemi\drivepsviluppo\prjs\cpi win clima\versione_10\CARICHI\calcoli\Legge10\Forms_12\UVerifPareti.pas","SysUtils",
"Tubazioni","C:\DOCUMENTI\bmsistemi\drivepsviluppo\prjs\cpi win clima\versione_10\CARICHI\calcoli\Legge10\FunzProc1.pas","SysUtils",
"Tubazioni","C:\DOCUMENTI\bmsistemi\drivepsviluppo\prjs\cpi win clima\versione_10\CARICHI\calcoli\Legge10\metod10.pas","SysUtils",
"Tubazioni","C:\DOCUMENTI\bmsistemi\drivepsviluppo\prjs\cpi win clima\versione_10\CARICHI\calcoli\Legge10\metodl10.pas","SysUtils",
"Tubazioni","C:\DOCUMENTI\bmsistemi\drivepsviluppo\prjs\cpi win clima\versione_10\CARICHI\calcoli\Legge10\procle10.pas","SysUtils",
"Tubazioni","C:\DOCUMENTI\bmsistemi\drivepsviluppo\prjs\cpi win clima\versione_10\CARICHI\calcoli\Legge10\procle11.pas","SysUtils",
"Tubazioni","C:\DOCUMENTI\bmsistemi\drivepsviluppo\prjs\cpi win clima\versione_10\CARICHI\calcoli\Legge10\procle13.pas","SysUtils",
"Tubazioni","C:\DOCUMENTI\bmsistemi\drivepsviluppo\prjs\cpi win clima\versione_10\CARICHI\calcoli\Legge10\Terreno.pas","SysUtils",
"Tubazioni","C:\DOCUMENTI\bmsistemi\drivepsviluppo\prjs\cpi win clima\versione_10\CARICHI\calcoli\Legge10\uFunzioniLegge10.pas","Sysutils",
"Tubazioni","C:\DOCUMENTI\bmsistemi\drivepsviluppo\prjs\cpi win clima\versione_10\CARICHI\calcoli\Legge10\UmainL10.pas","Sysutils",
"Tubazioni","C:\DOCUMENTI\bmsistemi\drivepsviluppo\prjs\cpi win clima\versione_10\CARICHI\calcoli\Legge10\Uvariabili.pas","SysUtils",
"Tubazioni","C:\DOCUMENTI\bmsistemi\drivepsviluppo\prjs\cpi win clima\versione_10\CARICHI\database\Udb.pas","SysUtils",
"Tubazioni","C:\DOCUMENTI\bmsistemi\drivepsviluppo\prjs\cpi win clima\versione_10\CARICHI\Gestionelettura.pas","sysutils",
"Tubazioni","C:\DOCUMENTI\bmsistemi\drivepsviluppo\prjs\cpi win clima\versione_10\CARICHI\letturaDisegno.pas","sysutils",
"Tubazioni","C:\DOCUMENTI\bmsistemi\drivepsviluppo\prjs\cpi win clima\versione_10\CARICHI\tamponamenti\Calcolo.pas","SysUtils",
"Tubazioni","C:\DOCUMENTI\bmsistemi\drivepsviluppo\prjs\cpi win clima\versione_10\CARICHI\tamponamenti\Coefficienti.pas","SysUtils",
"Tubazioni","C:\DOCUMENTI\bmsistemi\drivepsviluppo\prjs\cpi win clima\versione_10\CARICHI\tamponamenti\UarchMat.pas","SysUtils",
"Tubazioni","C:\DOCUMENTI\bmsistemi\drivepsviluppo\prjs\cpi win clima\versione_10\CARICHI\tamponamenti\Udisegnafinestra.pas","SysUtils",
"Tubazioni","C:\DOCUMENTI\bmsistemi\drivepsviluppo\prjs\cpi win clima\versione_10\CARICHI\tamponamenti\UGraficoigro.pas","sysutils",
"Tubazioni","C:\DOCUMENTI\bmsistemi\drivepsviluppo\prjs\cpi win clima\versione_10\CARICHI\tamponamenti\usolomuri.pas","SysUtils",
"Tubazioni","C:\DOCUMENTI\bmsistemi\drivepsviluppo\prjs\cpi win clima\versione_10\CARICHI\tamponamenti\UVariabiliPareti.pas","SysUtils",
"Tubazioni","C:\DOCUMENTI\bmsistemi\drivepsviluppo\prjs\cpi win clima\versione_10\CARICHI\tamponamenti\Wizardusolomuri.pas","SysUtils",
"Tubazioni","C:\DOCUMENTI\bmsistemi\drivepsviluppo\prjs\cpi win clima\versione_10\CARICHI\Ucaricatabelle.pas","sysutils",
"Tubazioni","C:\DOCUMENTI\bmsistemi\drivepsviluppo\prjs\cpi win clima\versione_10\CARICHI\Ulettura.pas","SysUtils",
"Tubazioni","C:\DOCUMENTI\bmsistemi\drivepsviluppo\prjs\cpi win clima\versione_10\CARICHI\varcarichi.pas","sysutils",
"Tubazioni","C:\DOCUMENTI\bmsistemi\drivepsviluppo\prjs\cpi win clima\versione_10\ChiamateDLL\Messaggio.pas","SysUtils",
"Tubazioni","C:\DOCUMENTI\bmsistemi\drivepsviluppo\prjs\cpi win clima\versione_10\ChiamateDLL\Uchiamatedll.pas","sysutils",
"Tubazioni","C:\DOCUMENTI\bmsistemi\drivepsviluppo\prjs\cpi win clima\versione_10\comuni\GestioneGrafico.pas","SysUtils",
"Tubazioni","C:\DOCUMENTI\bmsistemi\drivepsviluppo\prjs\cpi win clima\versione_10\comuni\Grafica\AggAttrDXF.pas","sysutils",
"Tubazioni","C:\DOCUMENTI\bmsistemi\drivepsviluppo\prjs\cpi win clima\versione_10\comuni\Grafica\dxf_in_out.pas","sysutils",
"Tubazioni","C:\DOCUMENTI\bmsistemi\drivepsviluppo\prjs\cpi win clima\versione_10\comuni\Grafica\Grafica.pas","sysutils",
"Tubazioni","C:\DOCUMENTI\bmsistemi\drivepsviluppo\prjs\cpi win clima\versione_10\comuni\Grafica\InterfDXF.pas","sysutils",
"Tubazioni","C:\DOCUMENTI\bmsistemi\drivepsviluppo\prjs\cpi win clima\versione_10\comuni\Grafica\Leggidxf.pas","sysutils",
"Tubazioni","C:\DOCUMENTI\bmsistemi\drivepsviluppo\prjs\cpi win clima\versione_10\comuni\libreriagenerale.pas","SysUtils",
"Tubazioni","C:\DOCUMENTI\bmsistemi\drivepsviluppo\prjs\cpi win clima\versione_10\comuni\report\UFileLog.pas","SysUtils",
"Tubazioni","C:\DOCUMENTI\bmsistemi\drivepsviluppo\prjs\cpi win clima\versione_10\comuni\report\Utireport.pas","SysUtils",
"Tubazioni","C:\DOCUMENTI\bmsistemi\drivepsviluppo\prjs\cpi win clima\versione_10\comuni\Tutor\UtilityGestioneTutor.pas","SysUtils",
"Tubazioni","C:\DOCUMENTI\bmsistemi\drivepsviluppo\prjs\cpi win clima\versione_10\DllPrincipaleTermico\forms\Tool_visualizza.pas","SysUtils",
"Tubazioni","C:\DOCUMENTI\bmsistemi\drivepsviluppo\prjs\cpi win clima\versione_10\libreriedatabase\gestudb.pas","sysutils",
"Tubazioni","C:\DOCUMENTI\bmsistemi\drivepsviluppo\prjs\cpi win clima\versione_10\libreriedatabase\SceltaA.pas","SysUtils",
"Tubazioni","C:\DOCUMENTI\bmsistemi\drivepsviluppo\prjs\cpi win clima\versione_10\libreriedatabase\UOpen_fileMulti.pas","SysUtils",
"Tubazioni","C:\DOCUMENTI\bmsistemi\drivepsviluppo\prjs\cpi win clima\versione_10\Tubi\Calcolo_Tubi.pas","SysUtils",
"Tubazioni","C:\DOCUMENTI\bmsistemi\drivepsviluppo\prjs\cpi win clima\versione_10\Tubi\CalcTubiDll.dpr","SysUtils",
"Tubazioni","C:\DOCUMENTI\bmsistemi\drivepsviluppo\prjs\cpi win clima\versione_10\Tubi\definiz.pas","sysutils",
"Tubazioni","C:\DOCUMENTI\bmsistemi\drivepsviluppo\prjs\cpi win clima\versione_10\Tubi\esplodigrafo.pas","sysutils",
"Tubazioni","C:\DOCUMENTI\bmsistemi\drivepsviluppo\prjs\cpi win clima\versione_10\Tubi\impterm.pas","sysutils",
"Tubazioni","C:\DOCUMENTI\bmsistemi\drivepsviluppo\prjs\cpi win clima\versione_10\Tubi\OutDXFBM.pas","SysUtils",
"Tubazioni","C:\DOCUMENTI\bmsistemi\drivepsviluppo\prjs\cpi win clima\versione_10\Tubi\Pannelli.pas","sysutils",
"Tubazioni","C:\DOCUMENTI\bmsistemi\drivepsviluppo\prjs\cpi win clima\versione_10\Tubi\RITORNODXF 19-11-2010.pas","sysutils",
"Tubazioni","C:\DOCUMENTI\bmsistemi\drivepsviluppo\prjs\cpi win clima\versione_10\Tubi\RITORNODXF.pas","sysutils",
"Tubazioni","C:\DOCUMENTI\bmsistemi\drivepsviluppo\prjs\cpi win clima\versione_10\Tubi\spirali vecchio.pas","sysutils",
"Tubazioni","C:\DOCUMENTI\bmsistemi\drivepsviluppo\prjs\cpi win clima\versione_10\Tubi\spirali.pas","sysutils",
"Tubazioni","C:\DOCUMENTI\bmsistemi\drivepsviluppo\prjs\cpi win clima\versione_10\Tubi\UGrafoDXF.pas","SysUtils",
"Tubazioni","C:\DOCUMENTI\bmsistemi\drivepsviluppo\prjs\cpi win clima\versione_10\Tubi\Uleggitxt.pas","SysUtils",
"Tubazioni","C:\DOCUMENTI\bmsistemi\drivepsviluppo\prjs\cpi win clima\versione_10\Tubi\UMain_CalcTubi.pas","SysUtils",
"Tubazioni","C:\DOCUMENTI\bmsistemi\drivepsviluppo\prjs\cpi win clima\versione_10\Tubi\UProvatubi.pas","SysUtils",
"Tubazioni","C:\DOCUMENTI\bmsistemi\drivepsviluppo\prjs\cpi win clima\versione_10\Tubi\UStampe.pas","SysUtils",
"Tubazioni","C:\DOCUMENTI\bmsistemi\drivepsviluppo\prjs\cpi win clima\versione_10\Tubi\UtilityZeta.pas","SysUtils",
"Tubazioni","C:\DOCUMENTI\bmsistemi\drivepsviluppo\prjs\cpi win clima\versione_10\Tubi\UUtigen.pas","sysutils",
"Tubazioni","C:\DOCUMENTI\sd\sorgenti\bm-sd\3dsd\Volumi.pas","sysutils",
"Tubazioni","C:\DOCUMENTI\sd\sorgenti\bm-sd\CANALI\CalcoloCanali.pas","sysutils",
"Tubazioni","C:\DOCUMENTI\sd\sorgenti\bm-sd\CANALI\CopiaTabelle.pas","sysutils",
"Tubazioni","C:\DOCUMENTI\sd\sorgenti\bm-sd\CANALI\dimens.pas","sysutils",
"Tubazioni","C:\DOCUMENTI\sd\sorgenti\bm-sd\CANALI\dummyfunction.pas","sysutils",
"Tubazioni","C:\DOCUMENTI\sd\sorgenti\bm-sd\CANALI\Genproccan.pas","sysutils",
"Tubazioni","C:\DOCUMENTI\sd\sorgenti\bm-sd\CANALI\IncludiTabelle.pas","sysutils",
"Tubazioni","C:\DOCUMENTI\sd\sorgenti\bm-sd\CANALI\interf3d.pas","sysutils",
"Tubazioni","C:\DOCUMENTI\sd\sorgenti\bm-sd\CANALI\load_p.pas","sysutils",
"Tubazioni","C:\DOCUMENTI\sd\sorgenti\bm-sd\CANALI\PEZZI.PAS","sysutils",
"Tubazioni","C:\DOCUMENTI\sd\sorgenti\bm-sd\CANALI\U_cvcan.pas","sysutils",
"Tubazioni","C:\DOCUMENTI\sd\sorgenti\bm-sd\CANALI\UCalcolareti.pas","sysutils",
"Tubazioni","C:\DOCUMENTI\sd\sorgenti\bm-sd\CANALI\UGestpezzi.pas","sysutils",
"Tubazioni","C:\DOCUMENTI\sd\sorgenti\bm-sd\CANALI\Utilitie.pas","sysutils",
"Tubazioni","C:\DOCUMENTI\sd\sorgenti\bm-sd\CANALI\WM.pas","sysutils",
"Tubazioni","C:\DOCUMENTI\sd\sorgenti\bm-sd\componenti\kbmmem\bdenew\DbTables.pas","SysUtils",
"Tubazioni","C:\DOCUMENTI\sd\sorgenti\bm-sd\gestioneclienti\chiedilicenza.pas","SysUtils",
"Tubazioni","C:\DOCUMENTI\sd\sorgenti\bm-sd\gestioneclienti\DatiLicenza.pas","SysUtils",
"Tubazioni","C:\DOCUMENTI\sd\sorgenti\bm-sd\gestioneclienti\utility_Mat.pas","sysutils",
"Tubazioni","C:\DOCUMENTI\sd\sorgenti\bm-sd\librerie_generali\Gest_form.pas","SysUtils",
"Tubazioni","C:\DOCUMENTI\sd\sorgenti\bm-sd\librerie_generali\Utility_dll.pas","sysutils",
"Tubazioni","C:\DOCUMENTI\sd\sorgenti\bm-sd\projectbrowser\InterfDLL.pas","sysutils",
"Tubazioni","C:\DOCUMENTI\sd\sorgenti\bm-sd\utils\Geometria.pas","sysutils",
"Tubazioni","C:\DOCUMENTI\bmsistemi\drivepsviluppo\prjs\cpi win clima\versione_10\3D\U3dsd.pas","TeEngine",
"Tubazioni","C:\DOCUMENTI\bmsistemi\drivepsviluppo\prjs\cpi win clima\versione_10\CARICHI\calcoli\Legge10\Forms_12\Risparmio.pas","TeEngine",
"Tubazioni","C:\DOCUMENTI\bmsistemi\drivepsviluppo\prjs\cpi win clima\versione_10\CARICHI\calcoli\Legge10\Forms_12\UFormL10.pas","TeEngine",
"Tubazioni","C:\DOCUMENTI\bmsistemi\drivepsviluppo\prjs\cpi win clima\versione_10\3D\U3dsd.pas","TeeProcs",
"Tubazioni","C:\DOCUMENTI\bmsistemi\drivepsviluppo\prjs\cpi win clima\versione_10\CARICHI\calcoli\Legge10\Forms_12\Risparmio.pas","TeeProcs",
"Tubazioni","C:\DOCUMENTI\bmsistemi\drivepsviluppo\prjs\cpi win clima\versione_10\CARICHI\calcoli\Legge10\Forms_12\UFormL10.pas","TeeProcs",
"Tubazioni","C:\DOCUMENTI\bmsistemi\drivepsviluppo\prjs\cpi win clima\versione_10\3D\U3dsd.pas","ToolWin",
"Tubazioni","C:\DOCUMENTI\bmsistemi\drivepsviluppo\prjs\cpi win clima\versione_10\Tubi\DATITUBI.PAS","Turbo3",
"Tubazioni","C:\DOCUMENTI\bmsistemi\drivepsviluppo\prjs\cpi win clima\versione_10\3D\grafica2d.pas","types",
"Tubazioni","C:\DOCUMENTI\bmsistemi\drivepsviluppo\prjs\cpi win clima\versione_10\comuni\Grafica\Grafica.pas","types",
"Tubazioni","C:\DOCUMENTI\bmsistemi\drivepsviluppo\prjs\cpi win clima\versione_10\Tubi\DATITUBI.PAS","u_winput",
"Tubazioni","C:\DOCUMENTI\sd\sorgenti\bm-sd\CANALI\prgduct.pas","u_winput",
"Tubazioni","C:\DOCUMENTI\bmsistemi\drivepsviluppo\prjs\cpi win clima\versione_10\3D\form\Cambiaelab.pas","u3dsd",
"Tubazioni","C:\DOCUMENTI\bmsistemi\drivepsviluppo\prjs\cpi win clima\versione_10\3D\form\controlla3d.pas","u3dsd",
"Tubazioni","C:\DOCUMENTI\bmsistemi\drivepsviluppo\prjs\cpi win clima\versione_10\3D\form\Piani3d.pas","U3dsd",
"Tubazioni","C:\DOCUMENTI\bmsistemi\drivepsviluppo\prjs\cpi win clima\versione_10\3D\form\Reti3D.pas","U3dsd",
"Tubazioni","C:\DOCUMENTI\sd\sorgenti\bm-sd\projectbrowser\InterfDLL.pas","U3DSD",
"Tubazioni","C:\DOCUMENTI\bmsistemi\drivepsviluppo\prjs\cpi win clima\versione_10\3D\U3dsd.pas","UCalcoloCanDll",
"Tubazioni","C:\DOCUMENTI\bmsistemi\drivepsviluppo\prjs\cpi win clima\versione_10\Tubi\CalcTubiDll.dpr","UCaricadati","database generati\UCaricadati.pas"
"Tubazioni","C:\DOCUMENTI\bmsistemi\drivepsviluppo\prjs\cpi win clima\versione_10\Tubi\UMain_CalcTubi.pas","UCaricadati",
"Tubazioni","C:\DOCUMENTI\bmsistemi\drivepsviluppo\prjs\cpi win clima\versione_10\comuni\Grafica\Grafica.pas","UcaricaTabelle",
"Tubazioni","C:\DOCUMENTI\bmsistemi\drivepsviluppo\prjs\cpi win clima\versione_10\CARICHI\database\Udb.pas","UClientform",
"Tubazioni","C:\DOCUMENTI\bmsistemi\drivepsviluppo\prjs\cpi win clima\versione_10\comuni\Grafica\Grafica.pas","UClientform",
"Tubazioni","C:\DOCUMENTI\bmsistemi\drivepsviluppo\prjs\cpi win clima\versione_10\3D\compila_form_database.pas","Ucompilaform",
"Tubazioni","C:\DOCUMENTI\bmsistemi\drivepsviluppo\prjs\cpi win clima\versione_10\3D\form\Cambiaelab.pas","Ucompilaform",
"Tubazioni","C:\DOCUMENTI\bmsistemi\drivepsviluppo\prjs\cpi win clima\versione_10\3D\form\Carburanti3D.pas","Ucompilaform",
"Tubazioni","C:\DOCUMENTI\bmsistemi\drivepsviluppo\prjs\cpi win clima\versione_10\3D\form\Edificio3D.pas","UCompilaForm",
"Tubazioni","C:\DOCUMENTI\bmsistemi\drivepsviluppo\prjs\cpi win clima\versione_10\3D\form\Falde3D.pas","Ucompilaform",
"Tubazioni","C:\DOCUMENTI\bmsistemi\drivepsviluppo\prjs\cpi win clima\versione_10\3D\form\Generatore3D.pas","UCompilaForm",
"Tubazioni","C:\DOCUMENTI\bmsistemi\drivepsviluppo\prjs\cpi win clima\versione_10\3D\form\Generatori3D.pas","Ucompilaform",
"Tubazioni","C:\DOCUMENTI\bmsistemi\drivepsviluppo\prjs\cpi win clima\versione_10\3D\form\Impianti3D.pas","Ucompilaform",
"Tubazioni","C:\DOCUMENTI\bmsistemi\drivepsviluppo\prjs\cpi win clima\versione_10\3D\form\Piani3d.pas","Ucompilaform",
"Tubazioni","C:\DOCUMENTI\bmsistemi\drivepsviluppo\prjs\cpi win clima\versione_10\3D\form\Reti3D.pas","ucompilaform",
"Tubazioni","C:\DOCUMENTI\bmsistemi\drivepsviluppo\prjs\cpi win clima\versione_10\3D\form\Terminali3d.pas","ucompilaform",
"Tubazioni","C:\DOCUMENTI\bmsistemi\drivepsviluppo\prjs\cpi win clima\versione_10\3D\form\tratti_rete3d.pas","ucompilaform",
"Tubazioni","C:\DOCUMENTI\bmsistemi\drivepsviluppo\prjs\cpi win clima\versione_10\3D\form\Zone3D.pas","Ucompilaform",
"Tubazioni","C:\DOCUMENTI\bmsistemi\drivepsviluppo\prjs\cpi win clima\versione_10\3D\Init_cad3D.pas","Ucompilaform",
"Tubazioni","C:\DOCUMENTI\bmsistemi\drivepsviluppo\prjs\cpi win clima\versione_10\3D\setta_config_User.pas","ucompilaform",
"Tubazioni","C:\DOCUMENTI\bmsistemi\drivepsviluppo\prjs\cpi win clima\versione_10\3D\U3dsd.pas","Ucompilaform",
"Tubazioni","C:\DOCUMENTI\bmsistemi\drivepsviluppo\prjs\cpi win clima\versione_10\CARICHI\calcoli\Legge10\Forms_12\Carburanti.pas","Ucompilaform",
"Tubazioni","C:\DOCUMENTI\bmsistemi\drivepsviluppo\prjs\cpi win clima\versione_10\CARICHI\calcoli\Legge10\Forms_12\Risparmio.pas","Ucompilaform",
"Tubazioni","C:\DOCUMENTI\bmsistemi\drivepsviluppo\prjs\cpi win clima\versione_10\CARICHI\calcoli\Legge10\Forms_12\UFormL10.pas","Ucompilaform",
"Tubazioni","C:\DOCUMENTI\bmsistemi\drivepsviluppo\prjs\cpi win clima\versione_10\CARICHI\tamponamenti\usolomuri.pas","Ucompilaform",
"Tubazioni","C:\DOCUMENTI\bmsistemi\drivepsviluppo\prjs\cpi win clima\versione_10\CARICHI\tamponamenti\Wizardusolomuri.pas","Ucompilaform",
"Tubazioni","C:\DOCUMENTI\bmsistemi\drivepsviluppo\prjs\cpi win clima\versione_10\CARICHI\Ulettura.pas","Ucompilaform",
"Tubazioni","C:\DOCUMENTI\bmsistemi\drivepsviluppo\prjs\cpi win clima\versione_10\Tubi\UMain_CalcTubi.pas","UCompilaform",
"Tubazioni","C:\DOCUMENTI\sd\sorgenti\bm-sd\librerie_generali\Gest_form.pas","ucompilaform",
"Tubazioni","C:\DOCUMENTI\bmsistemi\drivepsviluppo\prjs\cpi win clima\versione_10\CARICHI\calcoli\Legge10\Terreno.pas","UCompilaFrontiere",
"Tubazioni","C:\DOCUMENTI\bmsistemi\drivepsviluppo\prjs\cpi win clima\versione_10\CARICHI\calcoli\Legge10\UmainL10.pas","UCompilaFrontiere",
"Tubazioni","C:\DOCUMENTI\bmsistemi\drivepsviluppo\prjs\cpi win clima\versione_10\CARICHI\tamponamenti\Wizardusolomuri.pas","ucorrelato",
"Tubazioni","C:\DOCUMENTI\bmsistemi\drivepsviluppo\prjs\cpi win clima\versione_10\3D\CopiaCaricatabelle.pas","udatalink",
"Tubazioni","C:\DOCUMENTI\bmsistemi\drivepsviluppo\prjs\cpi win clima\versione_10\3D\copialetturadisegno3d.pas","udatalink",
"Tubazioni","C:\DOCUMENTI\bmsistemi\drivepsviluppo\prjs\cpi win clima\versione_10\3D\CreaDxfEdificio.pas","UDataLink",
"Tubazioni","C:\DOCUMENTI\bmsistemi\drivepsviluppo\prjs\cpi win clima\versione_10\3D\Fasi_progetto.pas","udatalink",
"Tubazioni","C:\DOCUMENTI\bmsistemi\drivepsviluppo\prjs\cpi win clima\versione_10\3D\form\Cambiaelab.pas","udatalink",
"Tubazioni","C:\DOCUMENTI\bmsistemi\drivepsviluppo\prjs\cpi win clima\versione_10\3D\form\Carburanti3D.pas","Udatalink",
"Tubazioni","C:\DOCUMENTI\bmsistemi\drivepsviluppo\prjs\cpi win clima\versione_10\3D\form\Confineparete3D.pas","udatalink",
"Tubazioni","C:\DOCUMENTI\bmsistemi\drivepsviluppo\prjs\cpi win clima\versione_10\3D\form\Edificio3D.pas","udatalink",
"Tubazioni","C:\DOCUMENTI\bmsistemi\drivepsviluppo\prjs\cpi win clima\versione_10\3D\form\Falde3D.pas","udatalink",
"Tubazioni","C:\DOCUMENTI\bmsistemi\drivepsviluppo\prjs\cpi win clima\versione_10\3D\form\Generatore3D.pas","udatalink",
"Tubazioni","C:\DOCUMENTI\bmsistemi\drivepsviluppo\prjs\cpi win clima\versione_10\3D\form\Generatori3D.pas","Udatalink",
"Tubazioni","C:\DOCUMENTI\bmsistemi\drivepsviluppo\prjs\cpi win clima\versione_10\3D\form\Impianti3D.pas","Udatalink",
"Tubazioni","C:\DOCUMENTI\bmsistemi\drivepsviluppo\prjs\cpi win clima\versione_10\3D\form\Piani3d.pas","UDataLink",
"Tubazioni","C:\DOCUMENTI\bmsistemi\drivepsviluppo\prjs\cpi win clima\versione_10\3D\form\Reti3D.pas","udatalink",
"Tubazioni","C:\DOCUMENTI\bmsistemi\drivepsviluppo\prjs\cpi win clima\versione_10\3D\form\tratti_rete3d.pas","udatalink",
"Tubazioni","C:\DOCUMENTI\bmsistemi\drivepsviluppo\prjs\cpi win clima\versione_10\3D\form\Zone3D.pas","Udatalink",
"Tubazioni","C:\DOCUMENTI\bmsistemi\drivepsviluppo\prjs\cpi win clima\versione_10\3D\Funz_reti.pas","Udatalink",
"Tubazioni","C:\DOCUMENTI\bmsistemi\drivepsviluppo\prjs\cpi win clima\versione_10\3D\gesterrori.pas","udatalink",
"Tubazioni","C:\DOCUMENTI\bmsistemi\drivepsviluppo\prjs\cpi win clima\versione_10\3D\gestione_dati.pas","udatalink",
"Tubazioni","C:\DOCUMENTI\bmsistemi\drivepsviluppo\prjs\cpi win clima\versione_10\3D\grafica2d.pas","UDataLink",
"Tubazioni","C:\DOCUMENTI\bmsistemi\drivepsviluppo\prjs\cpi win clima\versione_10\3D\Init_cad3D.pas","UdataLink",
"Tubazioni","C:\DOCUMENTI\bmsistemi\drivepsviluppo\prjs\cpi win clima\versione_10\3D\LetturaInMemoria.pas","Udatalink",
"Tubazioni","C:\DOCUMENTI\bmsistemi\drivepsviluppo\prjs\cpi win clima\versione_10\3D\Mess_reti.pas","Udatalink",
"Tubazioni","C:\DOCUMENTI\bmsistemi\drivepsviluppo\prjs\cpi win clima\versione_10\3D\U3dsd.pas","udatalink",
"Tubazioni","C:\DOCUMENTI\bmsistemi\drivepsviluppo\prjs\cpi win clima\versione_10\3D\Ugest_cad.pas","udatalink",
"Tubazioni","C:\DOCUMENTI\bmsistemi\drivepsviluppo\prjs\cpi win clima\versione_10\3D\visreportlocali.pas","Udatalink",
"Tubazioni","C:\DOCUMENTI\bmsistemi\drivepsviluppo\prjs\cpi win clima\versione_10\CARICHI\database\Udb.pas","udatalink",
"Tubazioni","C:\DOCUMENTI\bmsistemi\drivepsviluppo\prjs\cpi win clima\versione_10\CARICHI\Gestionelettura.pas","UDatalink",
"Tubazioni","C:\DOCUMENTI\bmsistemi\drivepsviluppo\prjs\cpi win clima\versione_10\CARICHI\tamponamenti\Calcolo.pas","UdataLink",
"Tubazioni","C:\DOCUMENTI\bmsistemi\drivepsviluppo\prjs\cpi win clima\versione_10\CARICHI\tamponamenti\Udisegnafinestra.pas","UDataLink",
"Tubazioni","C:\DOCUMENTI\bmsistemi\drivepsviluppo\prjs\cpi win clima\versione_10\CARICHI\tamponamenti\UGraficoigro.pas","UDataLink",
"Tubazioni","C:\DOCUMENTI\bmsistemi\drivepsviluppo\prjs\cpi win clima\versione_10\CARICHI\tamponamenti\usolomuri.pas","UdataLink",
"Tubazioni","C:\DOCUMENTI\bmsistemi\drivepsviluppo\prjs\cpi win clima\versione_10\CARICHI\tamponamenti\UVariabiliPareti.pas","UDataLink",
"Tubazioni","C:\DOCUMENTI\bmsistemi\drivepsviluppo\prjs\cpi win clima\versione_10\CARICHI\tamponamenti\Wizardusolomuri.pas","UdataLink",
"Tubazioni","C:\DOCUMENTI\bmsistemi\drivepsviluppo\prjs\cpi win clima\versione_10\CARICHI\Ucaricatabelle.pas","udatalink",
"Tubazioni","C:\DOCUMENTI\bmsistemi\drivepsviluppo\prjs\cpi win clima\versione_10\comuni\Grafica\Grafica.pas","UDataLink",
"Tubazioni","C:\DOCUMENTI\bmsistemi\drivepsviluppo\prjs\cpi win clima\versione_10\comuni\Grafica\InterfDXF.pas","udatalink",
"Tubazioni","C:\DOCUMENTI\bmsistemi\drivepsviluppo\prjs\cpi win clima\versione_10\Tubi\Calcolo_Tubi.pas","UdataLink",
"Tubazioni","C:\DOCUMENTI\bmsistemi\drivepsviluppo\prjs\cpi win clima\versione_10\Tubi\impterm.pas","udatalink",
"Tubazioni","C:\DOCUMENTI\bmsistemi\drivepsviluppo\prjs\cpi win clima\versione_10\Tubi\Pannelli.pas","udatalink",
"Tubazioni","C:\DOCUMENTI\bmsistemi\drivepsviluppo\prjs\cpi win clima\versione_10\Tubi\UGrafoDXF.pas","udatalink",
"Tubazioni","C:\DOCUMENTI\bmsistemi\drivepsviluppo\prjs\cpi win clima\versione_10\Tubi\Uleggitxt.pas","Udatalink",
"Tubazioni","C:\DOCUMENTI\bmsistemi\drivepsviluppo\prjs\cpi win clima\versione_10\Tubi\UMain_CalcTubi.pas","UdataLink",
"Tubazioni","C:\DOCUMENTI\bmsistemi\drivepsviluppo\prjs\cpi win clima\versione_10\Tubi\UStampe.pas","UdataLink",
"Tubazioni","C:\DOCUMENTI\sd\sorgenti\bm-sd\projectbrowser\InterfDLL.pas","UdataLink",
"Tubazioni","C:\DOCUMENTI\bmsistemi\drivepsviluppo\prjs\cpi win clima\versione_10\3D\copialetturadisegno3d.pas","UDataoutT",
"Tubazioni","C:\DOCUMENTI\bmsistemi\drivepsviluppo\prjs\cpi win clima\versione_10\3D\copiaUCaricadati.pas","UDataOutT",
"Tubazioni","C:\DOCUMENTI\bmsistemi\drivepsviluppo\prjs\cpi win clima\versione_10\3D\CreaDxfEdificio.pas","UDataoutT",
"Tubazioni","C:\DOCUMENTI\bmsistemi\drivepsviluppo\prjs\cpi win clima\versione_10\3D\gestione_dati.pas","UDataoutT",
"Tubazioni","C:\DOCUMENTI\bmsistemi\drivepsviluppo\prjs\cpi win clima\versione_10\3D\Init_cad3D.pas","UDataoutT",
"Tubazioni","C:\DOCUMENTI\bmsistemi\drivepsviluppo\prjs\cpi win clima\versione_10\3D\init_l10.pas","UDataOutT",
"Tubazioni","C:\DOCUMENTI\sd\sorgenti\bm-sd\projectbrowser\InterfDLL.pas","UDataoutT",
"Tubazioni","C:\DOCUMENTI\bmsistemi\drivepsviluppo\prjs\cpi win clima\versione_10\3D\CopiaCaricatabelle.pas","UDB",
"Tubazioni","C:\DOCUMENTI\bmsistemi\drivepsviluppo\prjs\cpi win clima\versione_10\3D\disedificio.pas","Udb",
"Tubazioni","C:\DOCUMENTI\bmsistemi\drivepsviluppo\prjs\cpi win clima\versione_10\3D\form\Edificio3D.pas","udb",
"Tubazioni","C:\DOCUMENTI\bmsistemi\drivepsviluppo\prjs\cpi win clima\versione_10\3D\grafica2d.pas","udb",
"Tubazioni","C:\DOCUMENTI\bmsistemi\drivepsviluppo\prjs\cpi win clima\versione_10\3D\Init_cad3D.pas","Udb",
"Tubazioni","C:\DOCUMENTI\bmsistemi\drivepsviluppo\prjs\cpi win clima\versione_10\3D\init_l10.pas","udb",
"Tubazioni","C:\DOCUMENTI\bmsistemi\drivepsviluppo\prjs\cpi win clima\versione_10\3D\InitEstivo.pas","udb",
"Tubazioni","C:\DOCUMENTI\bmsistemi\drivepsviluppo\prjs\cpi win clima\versione_10\3D\visreportlocali.pas","udb",
"Tubazioni","C:\DOCUMENTI\bmsistemi\drivepsviluppo\prjs\cpi win clima\versione_10\CARICHI\calcoli\Legge10\Forms_12\Carburanti.pas","udb",
"Tubazioni","C:\DOCUMENTI\bmsistemi\drivepsviluppo\prjs\cpi win clima\versione_10\CARICHI\calcoli\Legge10\Forms_12\Risparmio.pas","udb",
"Tubazioni","C:\DOCUMENTI\bmsistemi\drivepsviluppo\prjs\cpi win clima\versione_10\CARICHI\calcoli\Legge10\Forms_12\UFormL10.pas","udb",
"Tubazioni","C:\DOCUMENTI\bmsistemi\drivepsviluppo\prjs\cpi win clima\versione_10\CARICHI\calcoli\Legge10\procle13.pas","Udb",
"Tubazioni","C:\DOCUMENTI\bmsistemi\drivepsviluppo\prjs\cpi win clima\versione_10\CARICHI\calcoli\Legge10\uFunzioniLegge10.pas","udb",
"Tubazioni","C:\DOCUMENTI\bmsistemi\drivepsviluppo\prjs\cpi win clima\versione_10\CARICHI\calcoli\Legge10\UmainL10.pas","Udb",
"Tubazioni","C:\DOCUMENTI\bmsistemi\drivepsviluppo\prjs\cpi win clima\versione_10\CARICHI\Gestionelettura.pas","udb",
"Tubazioni","C:\DOCUMENTI\bmsistemi\drivepsviluppo\prjs\cpi win clima\versione_10\CARICHI\tamponamenti\Calcolo.pas","udb",
"Tubazioni","C:\DOCUMENTI\bmsistemi\drivepsviluppo\prjs\cpi win clima\versione_10\CARICHI\tamponamenti\Udisegnafinestra.pas","Udb",
"Tubazioni","C:\DOCUMENTI\bmsistemi\drivepsviluppo\prjs\cpi win clima\versione_10\CARICHI\tamponamenti\UGraficoigro.pas","Udb",
"Tubazioni","C:\DOCUMENTI\bmsistemi\drivepsviluppo\prjs\cpi win clima\versione_10\CARICHI\tamponamenti\usolomuri.pas","Udb",
"Tubazioni","C:\DOCUMENTI\bmsistemi\drivepsviluppo\prjs\cpi win clima\versione_10\CARICHI\tamponamenti\UVariabiliPareti.pas","UDB",
"Tubazioni","C:\DOCUMENTI\bmsistemi\drivepsviluppo\prjs\cpi win clima\versione_10\CARICHI\tamponamenti\Wizardusolomuri.pas","Udb",
"Tubazioni","C:\DOCUMENTI\bmsistemi\drivepsviluppo\prjs\cpi win clima\versione_10\CARICHI\Ucaricatabelle.pas","UDB",
"Tubazioni","C:\DOCUMENTI\bmsistemi\drivepsviluppo\prjs\cpi win clima\versione_10\CARICHI\Ulettura.pas","Udb",
"Tubazioni","C:\DOCUMENTI\bmsistemi\drivepsviluppo\prjs\cpi win clima\versione_10\comuni\Grafica\Grafica.pas","Udb",
"Tubazioni","C:\DOCUMENTI\bmsistemi\drivepsviluppo\prjs\cpi win clima\versione_10\comuni\Grafica\InterfDXF.pas","udb",
"Tubazioni","C:\DOCUMENTI\bmsistemi\drivepsviluppo\prjs\cpi win clima\versione_10\libreriedatabase\gestudb.pas","udb",
"Tubazioni","C:\DOCUMENTI\bmsistemi\drivepsviluppo\prjs\cpi win clima\versione_10\libreriedatabase\UCompilaForm.pas","Udb",
"Tubazioni","C:\DOCUMENTI\bmsistemi\drivepsviluppo\prjs\cpi win clima\versione_10\Tubi\Uleggitxt.pas","udb",
"Tubazioni","C:\DOCUMENTI\bmsistemi\drivepsviluppo\prjs\cpi win clima\versione_10\Tubi\UMain_CalcTubi.pas","UDB",
"Tubazioni","C:\DOCUMENTI\bmsistemi\drivepsviluppo\prjs\cpi win clima\versione_10\3D\compila_form_database.pas","UDBT",
"Tubazioni","C:\DOCUMENTI\bmsistemi\drivepsviluppo\prjs\cpi win clima\versione_10\3D\copialetturadisegno3d.pas","udbt",
"Tubazioni","C:\DOCUMENTI\bmsistemi\drivepsviluppo\prjs\cpi win clima\versione_10\3D\copiaUCaricadati.pas","UdbT",
"Tubazioni","C:\DOCUMENTI\bmsistemi\drivepsviluppo\prjs\cpi win clima\versione_10\3D\CreaDxfEdificio.pas","udbt",
"Tubazioni","C:\DOCUMENTI\bmsistemi\drivepsviluppo\prjs\cpi win clima\versione_10\3D\Fasi_progetto.pas","udbt",
"Tubazioni","C:\DOCUMENTI\bmsistemi\drivepsviluppo\prjs\cpi win clima\versione_10\3D\form\Cambiaelab.pas","udbt",
"Tubazioni","C:\DOCUMENTI\bmsistemi\drivepsviluppo\prjs\cpi win clima\versione_10\3D\form\Carburanti3D.pas","udbt",
"Tubazioni","C:\DOCUMENTI\bmsistemi\drivepsviluppo\prjs\cpi win clima\versione_10\3D\form\Confineparete3D.pas","Udbt",
"Tubazioni","C:\DOCUMENTI\bmsistemi\drivepsviluppo\prjs\cpi win clima\versione_10\3D\form\Edificio3D.pas","UdBT",
"Tubazioni","C:\DOCUMENTI\bmsistemi\drivepsviluppo\prjs\cpi win clima\versione_10\3D\form\Falde3D.pas","udbt",
"Tubazioni","C:\DOCUMENTI\bmsistemi\drivepsviluppo\prjs\cpi win clima\versione_10\3D\form\Generatore3D.pas","UdBT",
"Tubazioni","C:\DOCUMENTI\bmsistemi\drivepsviluppo\prjs\cpi win clima\versione_10\3D\form\Generatori3D.pas","udbt",
"Tubazioni","C:\DOCUMENTI\bmsistemi\drivepsviluppo\prjs\cpi win clima\versione_10\3D\form\Impianti3D.pas","udbt",
"Tubazioni","C:\DOCUMENTI\bmsistemi\drivepsviluppo\prjs\cpi win clima\versione_10\3D\form\Piani3d.pas","Udbt",
"Tubazioni","C:\DOCUMENTI\bmsistemi\drivepsviluppo\prjs\cpi win clima\versione_10\3D\form\Reti3D.pas","udbt",
"Tubazioni","C:\DOCUMENTI\bmsistemi\drivepsviluppo\prjs\cpi win clima\versione_10\3D\form\Terminali3d.pas","udbt",
"Tubazioni","C:\DOCUMENTI\bmsistemi\drivepsviluppo\prjs\cpi win clima\versione_10\3D\form\tratti_rete3d.pas","udbt",
"Tubazioni","C:\DOCUMENTI\bmsistemi\drivepsviluppo\prjs\cpi win clima\versione_10\3D\form\Zone3D.pas","udbt",
"Tubazioni","C:\DOCUMENTI\bmsistemi\drivepsviluppo\prjs\cpi win clima\versione_10\3D\Funz_reti.pas","UdbT",
"Tubazioni","C:\DOCUMENTI\bmsistemi\drivepsviluppo\prjs\cpi win clima\versione_10\3D\gesterrori.pas","udbt",
"Tubazioni","C:\DOCUMENTI\bmsistemi\drivepsviluppo\prjs\cpi win clima\versione_10\3D\gestione_dati.pas","udbt",
"Tubazioni","C:\DOCUMENTI\bmsistemi\drivepsviluppo\prjs\cpi win clima\versione_10\3D\grafica2d.pas","UDbT",
"Tubazioni","C:\DOCUMENTI\bmsistemi\drivepsviluppo\prjs\cpi win clima\versione_10\3D\Init_cad3D.pas","Udbt",
"Tubazioni","C:\DOCUMENTI\bmsistemi\drivepsviluppo\prjs\cpi win clima\versione_10\3D\init_l10.pas","UdbT",
"Tubazioni","C:\DOCUMENTI\bmsistemi\drivepsviluppo\prjs\cpi win clima\versione_10\3D\LetturaInMemoria.pas","udbt",
"Tubazioni","C:\DOCUMENTI\bmsistemi\drivepsviluppo\prjs\cpi win clima\versione_10\3D\Mess_reti.pas","udbt",
"Tubazioni","C:\DOCUMENTI\bmsistemi\drivepsviluppo\prjs\cpi win clima\versione_10\3D\setta_config_User.pas","udbt",
"Tubazioni","C:\DOCUMENTI\bmsistemi\drivepsviluppo\prjs\cpi win clima\versione_10\3D\U3dsd.pas","udbt",
"Tubazioni","C:\DOCUMENTI\bmsistemi\drivepsviluppo\prjs\cpi win clima\versione_10\3D\visreportlocali.pas","udbt",
"Tubazioni","C:\DOCUMENTI\bmsistemi\drivepsviluppo\prjs\cpi win clima\versione_10\CARICHI\calcoli\Legge10\Forms_12\UFormL10.pas","udbt",
"Tubazioni","C:\DOCUMENTI\bmsistemi\drivepsviluppo\prjs\cpi win clima\versione_10\CARICHI\calcoli\Legge10\UmainL10.pas","udbt",
"Tubazioni","C:\DOCUMENTI\bmsistemi\drivepsviluppo\prjs\cpi win clima\versione_10\libreriedatabase\gestudb.pas","udbT",
"Tubazioni","C:\DOCUMENTI\bmsistemi\drivepsviluppo\prjs\cpi win clima\versione_10\libreriedatabase\SceltaA.pas","UdBT",
"Tubazioni","C:\DOCUMENTI\bmsistemi\drivepsviluppo\prjs\cpi win clima\versione_10\libreriedatabase\UOpen_fileMulti.pas","UDBT",
"Tubazioni","C:\DOCUMENTI\bmsistemi\drivepsviluppo\prjs\cpi win clima\versione_10\Tubi\impterm.pas","udbt",
"Tubazioni","C:\DOCUMENTI\bmsistemi\drivepsviluppo\prjs\cpi win clima\versione_10\Tubi\UGrafoDXF.pas","udbt",
"Tubazioni","C:\DOCUMENTI\bmsistemi\drivepsviluppo\prjs\cpi win clima\versione_10\Tubi\Uleggitxt.pas","udbT",
"Tubazioni","C:\DOCUMENTI\sd\sorgenti\bm-sd\CANALI\UCalcolareti.pas","udbt",
"Tubazioni","C:\DOCUMENTI\sd\sorgenti\bm-sd\librerie_generali\Gest_form.pas","udbt",
"Tubazioni","C:\DOCUMENTI\sd\sorgenti\bm-sd\projectbrowser\InterfDLL.pas","udbt",
"Tubazioni","C:\DOCUMENTI\bmsistemi\drivepsviluppo\prjs\cpi win clima\versione_10\CARICHI\tamponamenti\usolomuri.pas","UDispersioni",
"Tubazioni","C:\DOCUMENTI\bmsistemi\drivepsviluppo\prjs\cpi win clima\versione_10\CARICHI\tamponamenti\Wizardusolomuri.pas","udispersioni",
"Tubazioni","C:\DOCUMENTI\bmsistemi\drivepsviluppo\prjs\cpi win clima\versione_10\3D\form\Cambiaelab.pas","ugest_cad",
"Tubazioni","C:\DOCUMENTI\sd\sorgenti\bm-sd\projectbrowser\InterfDLL.pas","Ugest_cad",
"Tubazioni","C:\DOCUMENTI\bmsistemi\drivepsviluppo\prjs\cpi win clima\versione_10\3D\copialetturadisegno3d.pas","ULeggiscrividati",
"Tubazioni","C:\DOCUMENTI\bmsistemi\drivepsviluppo\prjs\cpi win clima\versione_10\3D\copiaUCaricadati.pas","Uleggiscrividati",
"Tubazioni","C:\DOCUMENTI\bmsistemi\drivepsviluppo\prjs\cpi win clima\versione_10\3D\disedificio.pas","ULeggiscriviDati",
"Tubazioni","C:\DOCUMENTI\bmsistemi\drivepsviluppo\prjs\cpi win clima\versione_10\3D\form\Reti3D.pas","uleggiscrividati",
"Tubazioni","C:\DOCUMENTI\bmsistemi\drivepsviluppo\prjs\cpi win clima\versione_10\3D\Funz_reti.pas","uleggiscrividati",
"Tubazioni","C:\DOCUMENTI\bmsistemi\drivepsviluppo\prjs\cpi win clima\versione_10\3D\LetturaInMemoria.pas","uleggiscrividati",
"Tubazioni","C:\DOCUMENTI\bmsistemi\drivepsviluppo\prjs\cpi win clima\versione_10\3D\U3dsd.pas","ULeggiscriviDati",
"Tubazioni","C:\DOCUMENTI\bmsistemi\drivepsviluppo\prjs\cpi win clima\versione_10\3D\UnitCompilaDatiZona.pas","Uleggiscrividati",
"Tubazioni","C:\DOCUMENTI\bmsistemi\drivepsviluppo\prjs\cpi win clima\versione_10\CARICHI\calcoli\Legge10\UInizializza.pas","ULeggiscrividati",
"Tubazioni","C:\DOCUMENTI\bmsistemi\drivepsviluppo\prjs\cpi win clima\versione_10\CARICHI\calcoli\Legge10\UmainL10.pas","ULeggiscrividati",
"Tubazioni","C:\DOCUMENTI\bmsistemi\drivepsviluppo\prjs\cpi win clima\versione_10\CARICHI\Gestionelettura.pas","ULeggiscrividati",
"Tubazioni","C:\DOCUMENTI\bmsistemi\drivepsviluppo\prjs\cpi win clima\versione_10\Tubi\Calcolo_analitico_pannelli.pas","uleggiscrividati",
"Tubazioni","C:\DOCUMENTI\bmsistemi\drivepsviluppo\prjs\cpi win clima\versione_10\Tubi\impterm.pas","Uleggiscrividati",
"Tubazioni","C:\DOCUMENTI\sd\sorgenti\bm-sd\CANALI\UCalcolareti.pas","uleggiscrividati",
"Tubazioni","C:\DOCUMENTI\sd\sorgenti\bm-sd\projectbrowser\InterfDLL.pas","uleggiscrividati",
"Tubazioni","C:\DOCUMENTI\bmsistemi\drivepsviluppo\prjs\cpi win clima\versione_10\comuni\Grafica\Grafica.pas","Ulettura",
"Tubazioni","C:\DOCUMENTI\bmsistemi\drivepsviluppo\prjs\cpi win clima\versione_10\comuni\Grafica\Grafica.pas","umainform",
"Tubazioni","C:\DOCUMENTI\bmsistemi\drivepsviluppo\prjs\cpi win clima\versione_10\3D\chiamateOggetti.pas","Uoggetti",
"Tubazioni","C:\DOCUMENTI\bmsistemi\drivepsviluppo\prjs\cpi win clima\versione_10\3D\disedificio.pas","UOggetti",
"Tubazioni","C:\DOCUMENTI\bmsistemi\drivepsviluppo\prjs\cpi win clima\versione_10\3D\U3dsd.pas","UOggetti",
"Tubazioni","C:\DOCUMENTI\bmsistemi\drivepsviluppo\prjs\cpi win clima\versione_10\3D\U3dsdridotto.pas","uoggetti",
"Tubazioni","C:\DOCUMENTI\bmsistemi\drivepsviluppo\prjs\cpi win clima\versione_10\CARICHI\calcoli\Legge10\Calcl10.pas","URicercaDati",
"Tubazioni","C:\DOCUMENTI\bmsistemi\drivepsviluppo\prjs\cpi win clima\versione_10\CARICHI\calcoli\Legge10\calcvent.pas","URicercaDati",
"Tubazioni","C:\DOCUMENTI\bmsistemi\drivepsviluppo\prjs\cpi win clima\versione_10\CARICHI\calcoli\Legge10\Forms_12\UFormL10.pas","URicercaDati",
"Tubazioni","C:\DOCUMENTI\bmsistemi\drivepsviluppo\prjs\cpi win clima\versione_10\CARICHI\calcoli\Legge10\FunzProc1.pas","URicercaDati",
"Tubazioni","C:\DOCUMENTI\bmsistemi\drivepsviluppo\prjs\cpi win clima\versione_10\CARICHI\calcoli\Legge10\procle11.pas","URicercaDati",
"Tubazioni","C:\DOCUMENTI\bmsistemi\drivepsviluppo\prjs\cpi win clima\versione_10\CARICHI\calcoli\Legge10\Terreno.pas","URicercaDati",
"Tubazioni","C:\DOCUMENTI\bmsistemi\drivepsviluppo\prjs\cpi win clima\versione_10\CARICHI\calcoli\Legge10\UmainL10.pas","URicercaDati",
"Tubazioni","C:\DOCUMENTI\bmsistemi\drivepsviluppo\prjs\cpi win clima\versione_10\Tubi\collettori.pas","uses",
"Tubazioni","C:\DOCUMENTI\bmsistemi\drivepsviluppo\prjs\cpi win clima\versione_10\Tubi\DATITUBI.PAS","utilitie",
"Tubazioni","C:\DOCUMENTI\bmsistemi\drivepsviluppo\prjs\cpi win clima\versione_10\Tubi\INIT_TUB.PAS","utilitie",
"Tubazioni","C:\DOCUMENTI\bmsistemi\drivepsviluppo\prjs\cpi win clima\versione_10\3D\CopiaCaricatabelle.pas","Uvariabililettura",
"Tubazioni","C:\DOCUMENTI\bmsistemi\drivepsviluppo\prjs\cpi win clima\versione_10\3D\copialetturadisegno3d.pas","UvariabiliLettura",
"Tubazioni","C:\DOCUMENTI\bmsistemi\drivepsviluppo\prjs\cpi win clima\versione_10\3D\CreaDxfEdificio.pas","UvariabiliLettura",
"Tubazioni","C:\DOCUMENTI\bmsistemi\drivepsviluppo\prjs\cpi win clima\versione_10\3D\gesterrori.pas","Uvariabililettura",
"Tubazioni","C:\DOCUMENTI\bmsistemi\drivepsviluppo\prjs\cpi win clima\versione_10\3D\gestione_dati.pas","Uvariabililettura",
"Tubazioni","C:\DOCUMENTI\bmsistemi\drivepsviluppo\prjs\cpi win clima\versione_10\3D\grafica2d.pas","uVariabililettura",
"Tubazioni","C:\DOCUMENTI\bmsistemi\drivepsviluppo\prjs\cpi win clima\versione_10\3D\LetturaInMemoria.pas","Uvariabililettura",
"Tubazioni","C:\DOCUMENTI\bmsistemi\drivepsviluppo\prjs\cpi win clima\versione_10\3D\U3dsd.pas","uvariabililettura",
"Tubazioni","C:\DOCUMENTI\bmsistemi\drivepsviluppo\prjs\cpi win clima\versione_10\CARICHI\Gestionelettura.pas","UVariabililettura",
"Tubazioni","C:\DOCUMENTI\bmsistemi\drivepsviluppo\prjs\cpi win clima\versione_10\CARICHI\letturaDisegno.pas","UvariabiliLettura",
"Tubazioni","C:\DOCUMENTI\bmsistemi\drivepsviluppo\prjs\cpi win clima\versione_10\CARICHI\Ucaricatabelle.pas","Uvariabililettura",
"Tubazioni","C:\DOCUMENTI\bmsistemi\drivepsviluppo\prjs\cpi win clima\versione_10\comuni\Grafica\Grafica.pas","uVariabililettura",
"Tubazioni","C:\DOCUMENTI\bmsistemi\drivepsviluppo\prjs\cpi win clima\versione_10\comuni\Grafica\InterfDXF.pas","UVariabililettura",
"Tubazioni","C:\DOCUMENTI\sd\sorgenti\bm-sd\3dsd\Volumi.pas","Uvariabililettura",
"Tubazioni","C:\DOCUMENTI\bmsistemi\drivepsviluppo\prjs\cpi win clima\versione_10\3D\U3dsd.pas","ValEdit",
"Tubazioni","C:\DOCUMENTI\bmsistemi\drivepsviluppo\Comp\Source\UNIT_CONDIVISE\BMEureka.pas","Variants",
"Tubazioni","C:\DOCUMENTI\bmsistemi\drivepsviluppo\prjs\cpi win clima\versione_10\3D\CopiaCaricatabelle.pas","Variants",
"Tubazioni","C:\DOCUMENTI\bmsistemi\drivepsviluppo\prjs\cpi win clima\versione_10\3D\Fconsigli.pas","Variants",
"Tubazioni","C:\DOCUMENTI\bmsistemi\drivepsviluppo\prjs\cpi win clima\versione_10\3D\form\Archpers3D.pas","Variants",
"Tubazioni","C:\DOCUMENTI\bmsistemi\drivepsviluppo\prjs\cpi win clima\versione_10\3D\form\Cambiaelab.pas","Variants",
"Tubazioni","C:\DOCUMENTI\bmsistemi\drivepsviluppo\prjs\cpi win clima\versione_10\3D\form\Carburanti3D.pas","Variants",
"Tubazioni","C:\DOCUMENTI\bmsistemi\drivepsviluppo\prjs\cpi win clima\versione_10\3D\form\Conferma3d.pas","Variants",
"Tubazioni","C:\DOCUMENTI\bmsistemi\drivepsviluppo\prjs\cpi win clima\versione_10\3D\form\Confineparete3D.pas","Variants",
"Tubazioni","C:\DOCUMENTI\bmsistemi\drivepsviluppo\prjs\cpi win clima\versione_10\3D\form\controlla3d.pas","Variants",
"Tubazioni","C:\DOCUMENTI\bmsistemi\drivepsviluppo\prjs\cpi win clima\versione_10\3D\form\Edificio3D.pas","Variants",
"Tubazioni","C:\DOCUMENTI\bmsistemi\drivepsviluppo\prjs\cpi win clima\versione_10\3D\form\Errori3D.pas","Variants",
"Tubazioni","C:\DOCUMENTI\bmsistemi\drivepsviluppo\prjs\cpi win clima\versione_10\3D\form\Falde3D.pas","Variants",
"Tubazioni","C:\DOCUMENTI\bmsistemi\drivepsviluppo\prjs\cpi win clima\versione_10\3D\form\filedialog.pas","Variants",
"Tubazioni","C:\DOCUMENTI\bmsistemi\drivepsviluppo\prjs\cpi win clima\versione_10\3D\form\Generatore3D.pas","Variants",
"Tubazioni","C:\DOCUMENTI\bmsistemi\drivepsviluppo\prjs\cpi win clima\versione_10\3D\form\Generatori3D.pas","Variants",
"Tubazioni","C:\DOCUMENTI\bmsistemi\drivepsviluppo\prjs\cpi win clima\versione_10\3D\form\Impianti3D.pas","Variants",
"Tubazioni","C:\DOCUMENTI\bmsistemi\drivepsviluppo\prjs\cpi win clima\versione_10\3D\form\Piani3d.pas","Variants",
"Tubazioni","C:\DOCUMENTI\bmsistemi\drivepsviluppo\prjs\cpi win clima\versione_10\3D\form\Reti3D.pas","Variants",
"Tubazioni","C:\DOCUMENTI\bmsistemi\drivepsviluppo\prjs\cpi win clima\versione_10\3D\form\Selectdir.pas","Variants",
"Tubazioni","C:\DOCUMENTI\bmsistemi\drivepsviluppo\prjs\cpi win clima\versione_10\3D\form\Terminali3d.pas","Variants",
"Tubazioni","C:\DOCUMENTI\bmsistemi\drivepsviluppo\prjs\cpi win clima\versione_10\3D\form\tipirete.pas","Variants",
"Tubazioni","C:\DOCUMENTI\bmsistemi\drivepsviluppo\prjs\cpi win clima\versione_10\3D\form\tratti_rete3d.pas","Variants",
"Tubazioni","C:\DOCUMENTI\bmsistemi\drivepsviluppo\prjs\cpi win clima\versione_10\3D\form\Zone3D.pas","Variants",
"Tubazioni","C:\DOCUMENTI\bmsistemi\drivepsviluppo\prjs\cpi win clima\versione_10\3D\progress3D.pas","Variants",
"Tubazioni","C:\DOCUMENTI\bmsistemi\drivepsviluppo\prjs\cpi win clima\versione_10\3D\Secondario.pas","Variants",
"Tubazioni","C:\DOCUMENTI\bmsistemi\drivepsviluppo\prjs\cpi win clima\versione_10\3D\Tool_visualizza3d.pas","Variants",
"Tubazioni","C:\DOCUMENTI\bmsistemi\drivepsviluppo\prjs\cpi win clima\versione_10\3D\U3dsd.pas","Variants",
"Tubazioni","C:\DOCUMENTI\bmsistemi\drivepsviluppo\prjs\cpi win clima\versione_10\3D\U3dsdridotto.pas","Variants",
"Tubazioni","C:\DOCUMENTI\bmsistemi\drivepsviluppo\prjs\cpi win clima\versione_10\3D\UinitGeneral.pas","Variants",
"Tubazioni","C:\DOCUMENTI\bmsistemi\drivepsviluppo\prjs\cpi win clima\versione_10\CARICHI\calcoli\estivo\Caricamento.pas","Variants",
"Tubazioni","C:\DOCUMENTI\bmsistemi\drivepsviluppo\prjs\cpi win clima\versione_10\CARICHI\calcoli\estivo\Diagramma.pas","Variants",
"Tubazioni","C:\DOCUMENTI\bmsistemi\drivepsviluppo\prjs\cpi win clima\versione_10\CARICHI\calcoli\Legge10\Forms_12\Carburanti.pas","Variants",
"Tubazioni","C:\DOCUMENTI\bmsistemi\drivepsviluppo\prjs\cpi win clima\versione_10\CARICHI\calcoli\Legge10\Forms_12\FMessValLim.pas","Variants",
"Tubazioni","C:\DOCUMENTI\bmsistemi\drivepsviluppo\prjs\cpi win clima\versione_10\CARICHI\calcoli\Legge10\Forms_12\FMessValLim3.pas","Variants",
"Tubazioni","C:\DOCUMENTI\bmsistemi\drivepsviluppo\prjs\cpi win clima\versione_10\CARICHI\calcoli\Legge10\Forms_12\Risparmio.pas","Variants",
"Tubazioni","C:\DOCUMENTI\bmsistemi\drivepsviluppo\prjs\cpi win clima\versione_10\CARICHI\calcoli\Legge10\Forms_12\UFormL10.pas","Variants",
"Tubazioni","C:\DOCUMENTI\bmsistemi\drivepsviluppo\prjs\cpi win clima\versione_10\CARICHI\calcoli\Legge10\Forms_12\UVerifFinestre.pas","Variants",
"Tubazioni","C:\DOCUMENTI\bmsistemi\drivepsviluppo\prjs\cpi win clima\versione_10\CARICHI\calcoli\Legge10\Forms_12\UVerifPareti.pas","Variants",
"Tubazioni","C:\DOCUMENTI\bmsistemi\drivepsviluppo\prjs\cpi win clima\versione_10\CARICHI\tamponamenti\Coefficienti.pas","Variants",
"Tubazioni","C:\DOCUMENTI\bmsistemi\drivepsviluppo\prjs\cpi win clima\versione_10\CARICHI\tamponamenti\UarchMat.pas","Variants",
"Tubazioni","C:\DOCUMENTI\bmsistemi\drivepsviluppo\prjs\cpi win clima\versione_10\CARICHI\tamponamenti\usolomuri.pas","Variants",
"Tubazioni","C:\DOCUMENTI\bmsistemi\drivepsviluppo\prjs\cpi win clima\versione_10\CARICHI\tamponamenti\Wizardusolomuri.pas","Variants",
"Tubazioni","C:\DOCUMENTI\bmsistemi\drivepsviluppo\prjs\cpi win clima\versione_10\CARICHI\Ucaricatabelle.pas","Variants",
"Tubazioni","C:\DOCUMENTI\bmsistemi\drivepsviluppo\prjs\cpi win clima\versione_10\CARICHI\Ulettura.pas","Variants",
"Tubazioni","C:\DOCUMENTI\bmsistemi\drivepsviluppo\prjs\cpi win clima\versione_10\ChiamateDLL\Messaggio.pas","Variants",
"Tubazioni","C:\DOCUMENTI\bmsistemi\drivepsviluppo\prjs\cpi win clima\versione_10\comuni\Tutor\UtilityGestioneTutor.pas","Variants",
"Tubazioni","C:\DOCUMENTI\bmsistemi\drivepsviluppo\prjs\cpi win clima\versione_10\DllPrincipaleTermico\forms\Tool_visualizza.pas","Variants",
"Tubazioni","C:\DOCUMENTI\bmsistemi\drivepsviluppo\prjs\cpi win clima\versione_10\libreriedatabase\SceltaA.pas","Variants",
"Tubazioni","C:\DOCUMENTI\bmsistemi\drivepsviluppo\prjs\cpi win clima\versione_10\Tubi\UProvatubi.pas","Variants",
"Tubazioni","C:\DOCUMENTI\bmsistemi\drivepsviluppo\prjs\cpi win clima\versione_10\Tubi\UtilityZeta.pas","Variants",
"Tubazioni","C:\DOCUMENTI\sd\sorgenti\bm-sd\gestioneclienti\chiedilicenza.pas","Variants",
"Tubazioni","C:\DOCUMENTI\sd\sorgenti\bm-sd\gestioneclienti\DatiLicenza.pas","Variants",
"Tubazioni","C:\DOCUMENTI\sd\sorgenti\bm-sd\librerie_generali\Gest_form.pas","Variants",
"Tubazioni","C:\DOCUMENTI\bmsistemi\drivepsviluppo\prjs\cpi win clima\versione_10\3D\U3dsd.pas","vispareti3d",
"Tubazioni","C:\DOCUMENTI\bmsistemi\drivepsviluppo\prjs\cpi win clima\versione_10\CARICHI\Ucaricatabelle.pas","VisualizzaErrori",
"Tubazioni","C:\DOCUMENTI\bmsistemi\drivepsviluppo\prjs\cpi win clima\versione_10\3D\InitEstivo.pas","warning",
"Tubazioni","C:\DOCUMENTI\bmsistemi\drivepsviluppo\prjs\cpi win clima\versione_10\CARICHI\calcoli\estivo\Esegui_estivo.pas","Warning",
"Tubazioni","C:\DOCUMENTI\bmsistemi\drivepsviluppo\prjs\cpi win clima\versione_10\Tubi\DATITUBI.PAS","win_uti",
"Tubazioni","C:\DOCUMENTI\bmsistemi\drivepsviluppo\prjs\cpi win clima\versione_10\Tubi\UTI_CALC.PAS","windos",
"Tubazioni","C:\DOCUMENTI\bmsistemi\drivepsviluppo\Comp\Source\UNIT_CONDIVISE\BMEureka.pas","Windows",
"Tubazioni","C:\DOCUMENTI\bmsistemi\drivepsviluppo\prjs\cpi win clima\versione_10\3D\copialetturadisegno3d.pas","windows",
"Tubazioni","C:\DOCUMENTI\bmsistemi\drivepsviluppo\prjs\cpi win clima\versione_10\3D\Fconsigli.pas","Windows",
"Tubazioni","C:\DOCUMENTI\bmsistemi\drivepsviluppo\prjs\cpi win clima\versione_10\3D\form\Archpers3D.pas","Windows",
"Tubazioni","C:\DOCUMENTI\bmsistemi\drivepsviluppo\prjs\cpi win clima\versione_10\3D\form\Cambiaelab.pas","Windows",
"Tubazioni","C:\DOCUMENTI\bmsistemi\drivepsviluppo\prjs\cpi win clima\versione_10\3D\form\Carburanti3D.pas","Windows",
"Tubazioni","C:\DOCUMENTI\bmsistemi\drivepsviluppo\prjs\cpi win clima\versione_10\3D\form\Conferma3d.pas","Windows",
"Tubazioni","C:\DOCUMENTI\bmsistemi\drivepsviluppo\prjs\cpi win clima\versione_10\3D\form\Confineparete3D.pas","Windows",
"Tubazioni","C:\DOCUMENTI\bmsistemi\drivepsviluppo\prjs\cpi win clima\versione_10\3D\form\controlla3d.pas","Windows",
"Tubazioni","C:\DOCUMENTI\bmsistemi\drivepsviluppo\prjs\cpi win clima\versione_10\3D\form\Edificio3D.pas","Windows",
"Tubazioni","C:\DOCUMENTI\bmsistemi\drivepsviluppo\prjs\cpi win clima\versione_10\3D\form\Errori3D.pas","Windows",
"Tubazioni","C:\DOCUMENTI\bmsistemi\drivepsviluppo\prjs\cpi win clima\versione_10\3D\form\Falde3D.pas","Windows",
"Tubazioni","C:\DOCUMENTI\bmsistemi\drivepsviluppo\prjs\cpi win clima\versione_10\3D\form\filedialog.pas","Windows",
"Tubazioni","C:\DOCUMENTI\bmsistemi\drivepsviluppo\prjs\cpi win clima\versione_10\3D\form\Generatore3D.pas","Windows",
"Tubazioni","C:\DOCUMENTI\bmsistemi\drivepsviluppo\prjs\cpi win clima\versione_10\3D\form\Generatori3D.pas","Windows",
"Tubazioni","C:\DOCUMENTI\bmsistemi\drivepsviluppo\prjs\cpi win clima\versione_10\3D\form\Impianti3D.pas","Windows",
"Tubazioni","C:\DOCUMENTI\bmsistemi\drivepsviluppo\prjs\cpi win clima\versione_10\3D\form\Piani3d.pas","Windows",
"Tubazioni","C:\DOCUMENTI\bmsistemi\drivepsviluppo\prjs\cpi win clima\versione_10\3D\form\Reti3D.pas","Windows",
"Tubazioni","C:\DOCUMENTI\bmsistemi\drivepsviluppo\prjs\cpi win clima\versione_10\3D\form\Selectdir.pas","Windows",
"Tubazioni","C:\DOCUMENTI\bmsistemi\drivepsviluppo\prjs\cpi win clima\versione_10\3D\form\Terminali3d.pas","Windows",
"Tubazioni","C:\DOCUMENTI\bmsistemi\drivepsviluppo\prjs\cpi win clima\versione_10\3D\form\tipirete.pas","Windows",
"Tubazioni","C:\DOCUMENTI\bmsistemi\drivepsviluppo\prjs\cpi win clima\versione_10\3D\form\tratti_rete3d.pas","Windows",
"Tubazioni","C:\DOCUMENTI\bmsistemi\drivepsviluppo\prjs\cpi win clima\versione_10\3D\form\Zone3D.pas","Windows",
"Tubazioni","C:\DOCUMENTI\bmsistemi\drivepsviluppo\prjs\cpi win clima\versione_10\3D\Funz_reti.pas","windows",
"Tubazioni","C:\DOCUMENTI\bmsistemi\drivepsviluppo\prjs\cpi win clima\versione_10\3D\grafica2d.pas","Windows",
"Tubazioni","C:\DOCUMENTI\bmsistemi\drivepsviluppo\prjs\cpi win clima\versione_10\3D\Init_cad3D.pas","windows",
"Tubazioni","C:\DOCUMENTI\bmsistemi\drivepsviluppo\prjs\cpi win clima\versione_10\3D\init_l10.pas","windows",
"Tubazioni","C:\DOCUMENTI\bmsistemi\drivepsviluppo\prjs\cpi win clima\versione_10\3D\leggidxf.pas","windows",
"Tubazioni","C:\DOCUMENTI\bmsistemi\drivepsviluppo\prjs\cpi win clima\versione_10\3D\LetturaInMemoria.pas","windows",
"Tubazioni","C:\DOCUMENTI\bmsistemi\drivepsviluppo\prjs\cpi win clima\versione_10\3D\progress3D.pas","Windows",
"Tubazioni","C:\DOCUMENTI\bmsistemi\drivepsviluppo\prjs\cpi win clima\versione_10\3D\Secondario.pas","Windows",
"Tubazioni","C:\DOCUMENTI\bmsistemi\drivepsviluppo\prjs\cpi win clima\versione_10\3D\setta_config_User.pas","windows",
"Tubazioni","C:\DOCUMENTI\bmsistemi\drivepsviluppo\prjs\cpi win clima\versione_10\3D\Tool_visualizza3d.pas","Windows",
"Tubazioni","C:\DOCUMENTI\bmsistemi\drivepsviluppo\prjs\cpi win clima\versione_10\3D\U3dsd.pas","Windows",
"Tubazioni","C:\DOCUMENTI\bmsistemi\drivepsviluppo\prjs\cpi win clima\versione_10\3D\U3dsdridotto.pas","Windows",
"Tubazioni","C:\DOCUMENTI\bmsistemi\drivepsviluppo\prjs\cpi win clima\versione_10\3D\Ugest_cad.pas","windows",
"Tubazioni","C:\DOCUMENTI\bmsistemi\drivepsviluppo\prjs\cpi win clima\versione_10\3D\UinitGeneral.pas","Windows",
"Tubazioni","C:\DOCUMENTI\bmsistemi\drivepsviluppo\prjs\cpi win clima\versione_10\allineamento emanuela\CodiciEstivo\Versione_10\CARICHI\calcoli\estivo\copiaLibreriaGenerale.pas","Windows",
"Tubazioni","C:\DOCUMENTI\bmsistemi\drivepsviluppo\prjs\cpi win clima\versione_10\CARICHI\calcoli\estivo\Caricamento.pas","Windows",
"Tubazioni","C:\DOCUMENTI\bmsistemi\drivepsviluppo\prjs\cpi win clima\versione_10\CARICHI\calcoli\estivo\Diagramma.pas","Windows",
"Tubazioni","C:\DOCUMENTI\bmsistemi\drivepsviluppo\prjs\cpi win clima\versione_10\CARICHI\calcoli\Legge10\Forms_12\Carburanti.pas","Windows",
"Tubazioni","C:\DOCUMENTI\bmsistemi\drivepsviluppo\prjs\cpi win clima\versione_10\CARICHI\calcoli\Legge10\Forms_12\FMessValLim.pas","Windows",
"Tubazioni","C:\DOCUMENTI\bmsistemi\drivepsviluppo\prjs\cpi win clima\versione_10\CARICHI\calcoli\Legge10\Forms_12\FMessValLim3.pas","Windows",
"Tubazioni","C:\DOCUMENTI\bmsistemi\drivepsviluppo\prjs\cpi win clima\versione_10\CARICHI\calcoli\Legge10\Forms_12\Risparmio.pas","Windows",
"Tubazioni","C:\DOCUMENTI\bmsistemi\drivepsviluppo\prjs\cpi win clima\versione_10\CARICHI\calcoli\Legge10\Forms_12\UFormL10.pas","Windows",
"Tubazioni","C:\DOCUMENTI\bmsistemi\drivepsviluppo\prjs\cpi win clima\versione_10\CARICHI\calcoli\Legge10\Forms_12\UVerifFinestre.pas","Windows",
"Tubazioni","C:\DOCUMENTI\bmsistemi\drivepsviluppo\prjs\cpi win clima\versione_10\CARICHI\calcoli\Legge10\Forms_12\UVerifPareti.pas","Windows",
"Tubazioni","C:\DOCUMENTI\bmsistemi\drivepsviluppo\prjs\cpi win clima\versione_10\CARICHI\Gestionelettura.pas","windows",
"Tubazioni","C:\DOCUMENTI\bmsistemi\drivepsviluppo\prjs\cpi win clima\versione_10\CARICHI\tamponamenti\Coefficienti.pas","Windows",
"Tubazioni","C:\DOCUMENTI\bmsistemi\drivepsviluppo\prjs\cpi win clima\versione_10\CARICHI\tamponamenti\UarchMat.pas","Windows",
"Tubazioni","C:\DOCUMENTI\bmsistemi\drivepsviluppo\prjs\cpi win clima\versione_10\CARICHI\tamponamenti\Udisegnafinestra.pas","Windows",
"Tubazioni","C:\DOCUMENTI\bmsistemi\drivepsviluppo\prjs\cpi win clima\versione_10\CARICHI\tamponamenti\UGraficoigro.pas","windows",
"Tubazioni","C:\DOCUMENTI\bmsistemi\drivepsviluppo\prjs\cpi win clima\versione_10\CARICHI\tamponamenti\usolomuri.pas","Windows",
"Tubazioni","C:\DOCUMENTI\bmsistemi\drivepsviluppo\prjs\cpi win clima\versione_10\CARICHI\tamponamenti\Wizardusolomuri.pas","Windows",
"Tubazioni","C:\DOCUMENTI\bmsistemi\drivepsviluppo\prjs\cpi win clima\versione_10\CARICHI\Ulettura.pas","Windows",
"Tubazioni","C:\DOCUMENTI\bmsistemi\drivepsviluppo\prjs\cpi win clima\versione_10\ChiamateDLL\Messaggio.pas","Windows",
"Tubazioni","C:\DOCUMENTI\bmsistemi\drivepsviluppo\prjs\cpi win clima\versione_10\ChiamateDLL\Uchiamatedll.pas","windows",
"Tubazioni","C:\DOCUMENTI\bmsistemi\drivepsviluppo\prjs\cpi win clima\versione_10\comuni\Grafica\AggAttrDXF.pas","windows",
"Tubazioni","C:\DOCUMENTI\bmsistemi\drivepsviluppo\prjs\cpi win clima\versione_10\comuni\Grafica\Grafica.pas","Windows",
"Tubazioni","C:\DOCUMENTI\bmsistemi\drivepsviluppo\prjs\cpi win clima\versione_10\comuni\Grafica\Leggidxf.pas","windows",
"Tubazioni","C:\DOCUMENTI\bmsistemi\drivepsviluppo\prjs\cpi win clima\versione_10\comuni\libreriagenerale.pas","Windows",
"Tubazioni","C:\DOCUMENTI\bmsistemi\drivepsviluppo\prjs\cpi win clima\versione_10\comuni\report\UFileLog.pas","Windows",
"Tubazioni","C:\DOCUMENTI\bmsistemi\drivepsviluppo\prjs\cpi win clima\versione_10\comuni\report\Utireport.pas","Windows",
"Tubazioni","C:\DOCUMENTI\bmsistemi\drivepsviluppo\prjs\cpi win clima\versione_10\comuni\Tutor\UtilityGestioneTutor.pas","Windows",
"Tubazioni","C:\DOCUMENTI\bmsistemi\drivepsviluppo\prjs\cpi win clima\versione_10\DllPrincipaleTermico\forms\Tool_visualizza.pas","Windows",
"Tubazioni","C:\DOCUMENTI\bmsistemi\drivepsviluppo\prjs\cpi win clima\versione_10\libreriedatabase\SceltaA.pas","Windows",
"Tubazioni","C:\DOCUMENTI\bmsistemi\drivepsviluppo\prjs\cpi win clima\versione_10\Tubi\UMain_CalcTubi.pas","Windows",
"Tubazioni","C:\DOCUMENTI\bmsistemi\drivepsviluppo\prjs\cpi win clima\versione_10\Tubi\UProvatubi.pas","Windows",
"Tubazioni","C:\DOCUMENTI\bmsistemi\drivepsviluppo\prjs\cpi win clima\versione_10\Tubi\UtilityZeta.pas","Windows",
"Tubazioni","C:\DOCUMENTI\sd\sorgenti\bm-sd\componenti\kbmmem\bdenew\DbTables.pas","Windows",
"Tubazioni","C:\DOCUMENTI\sd\sorgenti\bm-sd\gestioneclienti\chiedilicenza.pas","Windows",
"Tubazioni","C:\DOCUMENTI\sd\sorgenti\bm-sd\gestioneclienti\DatiLicenza.pas","Windows",
"Tubazioni","C:\DOCUMENTI\sd\sorgenti\bm-sd\librerie_generali\Gest_form.pas","Windows",
"Tubazioni","C:\DOCUMENTI\sd\sorgenti\bm-sd\librerie_generali\Utility_dll.pas","windows",
"Tubazioni","C:\DOCUMENTI\sd\sorgenti\bm-sd\projectbrowser\InterfDLL.pas","windows",
"Tubazioni","C:\DOCUMENTI\bmsistemi\drivepsviluppo\prjs\cpi win clima\versione_10\Tubi\DATITUBI.PAS","winprocs",
"Tubazioni","C:\DOCUMENTI\bmsistemi\drivepsviluppo\prjs\cpi win clima\versione_10\Tubi\UTI_CALC.PAS","WinProcs",
"Tubazioni","C:\DOCUMENTI\sd\sorgenti\bm-sd\CANALI\GLOBFUNZcan.pas","winprocs",
"Tubazioni","C:\DOCUMENTI\sd\sorgenti\bm-sd\CANALI\interf3d.pas","winprocs",
"Tubazioni","C:\DOCUMENTI\sd\sorgenti\bm-sd\CANALI\prgduct.pas","winprocs",
"Tubazioni","C:\DOCUMENTI\sd\sorgenti\bm-sd\CANALI\UTILS\UTILITIE.PAS","Wm",
"Tubazioni","C:\DOCUMENTI\bmsistemi\drivepsviluppo\prjs\cpi win clima\versione_10\Tubi\DATITUBI.PAS","wp",
"Tubazioni","C:\DOCUMENTI\bmsistemi\drivepsviluppo\prjs\cpi win clima\versione_10\Tubi\INIT_TUB.PAS","wp",
"Tubazioni","C:\DOCUMENTI\sd\sorgenti\bm-sd\CANALI\UTILS\UTILITIE.PAS","wp",
