"Sottosistema","Sorgente","Unita","DipendenzaRisolta"
"CanaliAria","C:\documenti\bmsistemi\FASTMM_490\FastMM4.pas","FastMM4Messages","C:\DOCUMENTI\bmsistemi\FASTMM_490\FastMM4Messages.pas"
"CanaliAria","C:\DOCUMENTI\sd\sorgenti\bm-sd\3dCAD\Uoggetti.pas","geometria","C:\DOCUMENTI\sd\sorgenti\bm-sd\utils\Geometria.pas"
"CanaliAria","C:\DOCUMENTI\sd\sorgenti\bm-sd\3dCAD\Uoggetti.pas","geometry","C:\DOCUMENTI\sd\sorgenti\bm-sd\GLScene\Source\Base\Geometry.pas"
"CanaliAria","C:\DOCUMENTI\sd\sorgenti\bm-sd\3dCAD\Uoggetti.pas","u3dsd","C:\DOCUMENTI\sd\sorgenti\bm-sd\CANALI\pezzi3d\U3dsd.pas"
"CanaliAria","C:\DOCUMENTI\sd\sorgenti\bm-sd\3dCAD\Uoggetti.pas","variabili3d","C:\DOCUMENTI\sd\sorgenti\bm-sd\3dsd\variabili3d.pas"
"CanaliAria","C:\DOCUMENTI\sd\sorgenti\bm-sd\CANALI\27.PAS","crt","C:\DOCUMENTI\sd\sorgenti\bm-sd\CANALI\CRT.pas"
"CanaliAria","C:\DOCUMENTI\sd\sorgenti\bm-sd\CANALI\27.PAS","dos","C:\DOCUMENTI\sd\sorgenti\bm-sd\CANALI\DOS.pas"
"CanaliAria","C:\DOCUMENTI\sd\sorgenti\bm-sd\CANALI\ANGOLI.PAS","Definizcan","C:\DOCUMENTI\sd\sorgenti\bm-sd\CANALI\definizcan.pas"
"CanaliAria","C:\DOCUMENTI\sd\sorgenti\bm-sd\CANALI\ARCPEZZI.PAS","Crt","C:\DOCUMENTI\sd\sorgenti\bm-sd\CANALI\CRT.pas"
"CanaliAria","C:\DOCUMENTI\sd\sorgenti\bm-sd\CANALI\ARCPEZZI.PAS","defuti","C:\DOCUMENTI\sd\sorgenti\bm-sd\CANALI\DEFUTI.pas"
"CanaliAria","C:\DOCUMENTI\sd\sorgenti\bm-sd\CANALI\ARCPEZZI.PAS","Dos","C:\DOCUMENTI\sd\sorgenti\bm-sd\CANALI\DOS.pas"
"CanaliAria","C:\DOCUMENTI\sd\sorgenti\bm-sd\CANALI\ARCPEZZI.PAS","Owindows","C:\DOCUMENTI\sd\sorgenti\bm-sd\CANALI\Owindows.pas"
"CanaliAria","C:\DOCUMENTI\sd\sorgenti\bm-sd\CANALI\ARCPEZZI.PAS","Turbo3","C:\DOCUMENTI\sd\sorgenti\bm-sd\CANALI\Turbo3.pas"
"CanaliAria","C:\DOCUMENTI\sd\sorgenti\bm-sd\CANALI\ARCPEZZI.PAS","utilitie","C:\DOCUMENTI\sd\sorgenti\bm-sd\CANALI\Utilitie.pas"
"CanaliAria","C:\DOCUMENTI\sd\sorgenti\bm-sd\CANALI\ARCPEZZI.PAS","WinTypes","C:\DOCUMENTI\sd\sorgenti\bm-sd\CANALI\wintypes.pas"
"CanaliAria","C:\DOCUMENTI\sd\sorgenti\bm-sd\CANALI\ARCPEZZI.PAS","WM","C:\DOCUMENTI\sd\sorgenti\bm-sd\CANALI\WM.pas"
"CanaliAria","C:\DOCUMENTI\sd\sorgenti\bm-sd\CANALI\CalcoloCan.dpr","calcoloCanali","C:\DOCUMENTI\sd\sorgenti\bm-sd\CANALI\CalcoloCanali.pas"
"CanaliAria","C:\DOCUMENTI\sd\sorgenti\bm-sd\CANALI\CalcoloCan.dpr","CopiaLibreriaGenerale","C:\DOCUMENTI\sd\sorgenti\bm-sd\estivo\copiaLibreriaGenerale.pas"
"CanaliAria","C:\DOCUMENTI\sd\sorgenti\bm-sd\CANALI\CalcoloCan.dpr","FastMM4","C:\documenti\bmsistemi\FASTMM_490\FastMM4.pas"
"CanaliAria","C:\DOCUMENTI\sd\sorgenti\bm-sd\CANALI\CalcoloCan.dpr","FastMM4Messages","C:\documenti\bmsistemi\FASTMM_490\FastMM4Messages.pas"
"CanaliAria","C:\DOCUMENTI\sd\sorgenti\bm-sd\CANALI\CalcoloCan.dpr","Interf3D","C:\DOCUMENTI\sd\sorgenti\bm-sd\CANALI\interf3d.pas"
"CanaliAria","C:\DOCUMENTI\sd\sorgenti\bm-sd\CANALI\CalcoloCan.dpr","U3dsd","C:\DOCUMENTI\sd\sorgenti\bm-sd\CANALI\pezzi3d\U3dsd.pas"
"CanaliAria","C:\DOCUMENTI\sd\sorgenti\bm-sd\CANALI\CalcoloCan.dpr","Uarchpezzi","C:\DOCUMENTI\sd\sorgenti\bm-sd\CANALI\pezzi3d\uarchpezzi.pas"
"CanaliAria","C:\DOCUMENTI\sd\sorgenti\bm-sd\CANALI\CalcoloCan.dpr","UCalcolareti","C:\DOCUMENTI\sd\sorgenti\bm-sd\CANALI\UCalcolareti.pas"
"CanaliAria","C:\DOCUMENTI\sd\sorgenti\bm-sd\CANALI\CalcoloCan.dpr","UOggetti","C:\DOCUMENTI\sd\sorgenti\bm-sd\3dCAD\Uoggetti.pas"
"CanaliAria","C:\DOCUMENTI\sd\sorgenti\bm-sd\CANALI\CalcoloCan.dpr","Uselcodice","C:\DOCUMENTI\sd\sorgenti\bm-sd\CANALI\Uselcodice.pas"
"CanaliAria","C:\DOCUMENTI\sd\sorgenti\bm-sd\CANALI\CalcoloCan.dpr","varcarichi","C:\DOCUMENTI\bmsistemi\drivep\prjs\cpi win clima\versione_10\CARICHI\varcarichi.pas"
"CanaliAria","C:\DOCUMENTI\sd\sorgenti\bm-sd\CANALI\CalcoloCanali.pas","definizcan","C:\DOCUMENTI\sd\sorgenti\bm-sd\CANALI\definizcan.pas"
"CanaliAria","C:\DOCUMENTI\sd\sorgenti\bm-sd\CANALI\CalcoloCanali.pas","dimens","C:\DOCUMENTI\sd\sorgenti\bm-sd\CANALI\dimens.pas"
"CanaliAria","C:\DOCUMENTI\sd\sorgenti\bm-sd\CANALI\CalcoloCanali.pas","disperrori","C:\DOCUMENTI\sd\sorgenti\bm-sd\CANALI\disperrori.pas"
"CanaliAria","C:\DOCUMENTI\sd\sorgenti\bm-sd\CANALI\CalcoloCanali.pas","includitabelle","C:\DOCUMENTI\sd\sorgenti\bm-sd\CANALI\IncludiTabelle.pas"
"CanaliAria","C:\DOCUMENTI\sd\sorgenti\bm-sd\CANALI\CalcoloCanali.pas","U_cvcan","C:\DOCUMENTI\sd\sorgenti\bm-sd\CANALI\U_cvcan.pas"
"CanaliAria","C:\DOCUMENTI\sd\sorgenti\bm-sd\CANALI\CalcoloCanali.pas","u_cvcan1","C:\DOCUMENTI\sd\sorgenti\bm-sd\CANALI\u_cvcan1.pas"
"CanaliAria","C:\DOCUMENTI\sd\sorgenti\bm-sd\CANALI\CalcoloCanali.pas","unitcan","C:\DOCUMENTI\sd\sorgenti\bm-sd\CANALI\unitcan.pas"
"CanaliAria","C:\DOCUMENTI\sd\sorgenti\bm-sd\CANALI\CANALI.PAS","crt","C:\DOCUMENTI\sd\sorgenti\bm-sd\CANALI\CRT.pas"
"CanaliAria","C:\DOCUMENTI\sd\sorgenti\bm-sd\CANALI\CANALI.PAS","init_CCA","C:\DOCUMENTI\sd\sorgenti\bm-sd\CANALI\init_cca.pas"
"CanaliAria","C:\DOCUMENTI\sd\sorgenti\bm-sd\CANALI\CANALI.PAS","inituti","C:\DOCUMENTI\sd\sorgenti\bm-sd\CANALI\UTILS\INITUTI.PAS"
"CanaliAria","C:\DOCUMENTI\sd\sorgenti\bm-sd\CANALI\CANALI.PAS","U_cvcan","C:\DOCUMENTI\sd\sorgenti\bm-sd\CANALI\U_cvcan.pas"
"CanaliAria","C:\DOCUMENTI\sd\sorgenti\bm-sd\CANALI\CANALI.PAS","u_cvcan1","C:\DOCUMENTI\sd\sorgenti\bm-sd\CANALI\u_cvcan1.pas"
"CanaliAria","C:\DOCUMENTI\sd\sorgenti\bm-sd\CANALI\CANALI.PAS","unitcan","C:\DOCUMENTI\sd\sorgenti\bm-sd\CANALI\unitcan.pas"
"CanaliAria","C:\DOCUMENTI\sd\sorgenti\bm-sd\CANALI\CANALI.PAS","UTILITIE","C:\DOCUMENTI\sd\sorgenti\bm-sd\CANALI\Utilitie.pas"
"CanaliAria","C:\DOCUMENTI\sd\sorgenti\bm-sd\CANALI\COMMET.PAS","Crt","C:\DOCUMENTI\sd\sorgenti\bm-sd\CANALI\CRT.pas"
"CanaliAria","C:\DOCUMENTI\sd\sorgenti\bm-sd\CANALI\COMMET.PAS","defcom","C:\DOCUMENTI\sd\sorgenti\bm-sd\CANALI\DEFCOM.PAS"
"CanaliAria","C:\DOCUMENTI\sd\sorgenti\bm-sd\CANALI\COMMET.PAS","Defuti","C:\DOCUMENTI\sd\sorgenti\bm-sd\CANALI\DEFUTI.pas"
"CanaliAria","C:\DOCUMENTI\sd\sorgenti\bm-sd\CANALI\COMMET.PAS","Dos","C:\DOCUMENTI\sd\sorgenti\bm-sd\CANALI\DOS.pas"
"CanaliAria","C:\DOCUMENTI\sd\sorgenti\bm-sd\CANALI\COMMET.PAS","overproc","C:\DOCUMENTI\sd\sorgenti\bm-sd\CANALI\OVERPROC.PAS"
"CanaliAria","C:\DOCUMENTI\sd\sorgenti\bm-sd\CANALI\COMMET.PAS","print","C:\DOCUMENTI\sd\sorgenti\bm-sd\CANALI\Print.pas"
"CanaliAria","C:\DOCUMENTI\sd\sorgenti\bm-sd\CANALI\COMMET.PAS","Turbo3","C:\DOCUMENTI\sd\sorgenti\bm-sd\CANALI\Turbo3.pas"
"CanaliAria","C:\DOCUMENTI\sd\sorgenti\bm-sd\CANALI\COMMET.PAS","utilitie","C:\DOCUMENTI\sd\sorgenti\bm-sd\CANALI\Utilitie.pas"
"CanaliAria","C:\DOCUMENTI\sd\sorgenti\bm-sd\CANALI\Compiladcucanali.dpr","calcoloCanali","C:\DOCUMENTI\sd\sorgenti\bm-sd\CANALI\CalcoloCanali.pas"
"CanaliAria","C:\DOCUMENTI\sd\sorgenti\bm-sd\CANALI\Compiladcucanali.dpr","Dimens","C:\DOCUMENTI\sd\sorgenti\bm-sd\CANALI\dimens.pas"
"CanaliAria","C:\DOCUMENTI\sd\sorgenti\bm-sd\CANALI\Compiladcucanali.dpr","Interf3D","C:\DOCUMENTI\sd\sorgenti\bm-sd\CANALI\interf3d.pas"
"CanaliAria","C:\DOCUMENTI\sd\sorgenti\bm-sd\CANALI\Compiladcucanali.dpr","pezzi","C:\DOCUMENTI\sd\sorgenti\bm-sd\CANALI\PEZZI.PAS"
"CanaliAria","C:\DOCUMENTI\sd\sorgenti\bm-sd\CANALI\Compiladcucanali.dpr","U3dsd","C:\DOCUMENTI\sd\sorgenti\bm-sd\CANALI\pezzi3d\U3dsd.pas"
"CanaliAria","C:\DOCUMENTI\sd\sorgenti\bm-sd\CANALI\Compiladcucanali.dpr","Uarchpezzi","C:\DOCUMENTI\sd\sorgenti\bm-sd\CANALI\pezzi3d\Uarchpezzi.pas"
"CanaliAria","C:\DOCUMENTI\sd\sorgenti\bm-sd\CANALI\Compiladcucanali.dpr","UCalcoloCanDLL","C:\DOCUMENTI\sd\sorgenti\bm-sd\CANALI\UCalcoloCanDLL.pas"
"CanaliAria","C:\DOCUMENTI\sd\sorgenti\bm-sd\CANALI\Compiladcucanali.dpr","UOggetti","C:\DOCUMENTI\sd\sorgenti\bm-sd\3dCAD\Uoggetti.pas"
"CanaliAria","C:\DOCUMENTI\sd\sorgenti\bm-sd\CANALI\CopiaTabelle.pas","DefinizCan","C:\DOCUMENTI\sd\sorgenti\bm-sd\CANALI\definizcan.pas"
"CanaliAria","C:\DOCUMENTI\sd\sorgenti\bm-sd\CANALI\D_GEST.PAS","gestduct","C:\DOCUMENTI\sd\sorgenti\bm-sd\CANALI\GESTDUCT.PAS"
"CanaliAria","C:\DOCUMENTI\sd\sorgenti\bm-sd\CANALI\D_GEST.PAS","inituti","C:\DOCUMENTI\sd\sorgenti\bm-sd\CANALI\UTILS\INITUTI.PAS"
"CanaliAria","C:\DOCUMENTI\sd\sorgenti\bm-sd\CANALI\DATIDUCT.PAS","Crt","C:\DOCUMENTI\sd\sorgenti\bm-sd\CANALI\CRT.pas"
"CanaliAria","C:\DOCUMENTI\sd\sorgenti\bm-sd\CANALI\DATIDUCT.PAS","defuti","C:\DOCUMENTI\sd\sorgenti\bm-sd\CANALI\DEFUTI.pas"
"CanaliAria","C:\DOCUMENTI\sd\sorgenti\bm-sd\CANALI\DATIDUCT.PAS","Dos","C:\DOCUMENTI\sd\sorgenti\bm-sd\CANALI\DOS.pas"
"CanaliAria","C:\DOCUMENTI\sd\sorgenti\bm-sd\CANALI\DATIDUCT.PAS","ioDuct","C:\DOCUMENTI\sd\sorgenti\bm-sd\CANALI\ioduct.pas"
"CanaliAria","C:\DOCUMENTI\sd\sorgenti\bm-sd\CANALI\DATIDUCT.PAS","key","C:\DOCUMENTI\sd\sorgenti\bm-sd\CANALI\key.pas"
"CanaliAria","C:\DOCUMENTI\sd\sorgenti\bm-sd\CANALI\DATIDUCT.PAS","Turbo3","C:\DOCUMENTI\sd\sorgenti\bm-sd\CANALI\Turbo3.pas"
"CanaliAria","C:\DOCUMENTI\sd\sorgenti\bm-sd\CANALI\DATIDUCT.PAS","utilitie","C:\DOCUMENTI\sd\sorgenti\bm-sd\CANALI\Utilitie.pas"
"CanaliAria","C:\DOCUMENTI\sd\sorgenti\bm-sd\CANALI\DATIDUCT.PAS","wintypes","C:\DOCUMENTI\sd\sorgenti\bm-sd\CANALI\wintypes.pas"
"CanaliAria","C:\DOCUMENTI\sd\sorgenti\bm-sd\CANALI\DEFCOM.PAS","defuti","C:\DOCUMENTI\sd\sorgenti\bm-sd\CANALI\DEFUTI.pas"
"CanaliAria","C:\DOCUMENTI\sd\sorgenti\bm-sd\CANALI\DEFDATI.PAS","Crt","C:\DOCUMENTI\sd\sorgenti\bm-sd\CANALI\CRT.pas"
"CanaliAria","C:\DOCUMENTI\sd\sorgenti\bm-sd\CANALI\DEFDATI.PAS","Dos","C:\DOCUMENTI\sd\sorgenti\bm-sd\CANALI\DOS.pas"
"CanaliAria","C:\DOCUMENTI\sd\sorgenti\bm-sd\CANALI\DEFDATI.PAS","Turbo3","C:\DOCUMENTI\sd\sorgenti\bm-sd\CANALI\Turbo3.pas"
"CanaliAria","C:\DOCUMENTI\sd\sorgenti\bm-sd\CANALI\definizcan.pas","defuti","C:\DOCUMENTI\sd\sorgenti\bm-sd\CANALI\DEFUTI.pas"
"CanaliAria","C:\DOCUMENTI\sd\sorgenti\bm-sd\CANALI\definizcan.pas","Turbo3","C:\DOCUMENTI\sd\sorgenti\bm-sd\CANALI\Turbo3.pas"
"CanaliAria","C:\DOCUMENTI\sd\sorgenti\bm-sd\CANALI\Del_STAMPE.PAS","Crt","C:\DOCUMENTI\sd\sorgenti\bm-sd\CANALI\CRT.pas"
"CanaliAria","C:\DOCUMENTI\sd\sorgenti\bm-sd\CANALI\Del_STAMPE.PAS","Defuti","C:\DOCUMENTI\sd\sorgenti\bm-sd\CANALI\DEFUTI.pas"
"CanaliAria","C:\DOCUMENTI\sd\sorgenti\bm-sd\CANALI\Del_STAMPE.PAS","Dos","C:\DOCUMENTI\sd\sorgenti\bm-sd\CANALI\DOS.pas"
"CanaliAria","C:\DOCUMENTI\sd\sorgenti\bm-sd\CANALI\Del_STAMPE.PAS","utilitie","C:\DOCUMENTI\sd\sorgenti\bm-sd\CANALI\Utilitie.pas"
"CanaliAria","C:\DOCUMENTI\sd\sorgenti\bm-sd\CANALI\DEMO.PAS","Dos","C:\DOCUMENTI\sd\sorgenti\bm-sd\CANALI\DOS.pas"
"CanaliAria","C:\DOCUMENTI\sd\sorgenti\bm-sd\CANALI\DEMOCRT.PAS","Crt","C:\DOCUMENTI\sd\sorgenti\bm-sd\CANALI\CRT.pas"
"CanaliAria","C:\DOCUMENTI\sd\sorgenti\bm-sd\CANALI\DEMOCRT.PAS","Dos","C:\DOCUMENTI\sd\sorgenti\bm-sd\CANALI\DOS.pas"
"CanaliAria","C:\DOCUMENTI\sd\sorgenti\bm-sd\CANALI\DEMOCRT.PAS","Turbo3","C:\DOCUMENTI\sd\sorgenti\bm-sd\CANALI\Turbo3.pas"
"CanaliAria","C:\DOCUMENTI\sd\sorgenti\bm-sd\CANALI\dimens.pas","Angoli","C:\DOCUMENTI\sd\sorgenti\bm-sd\CANALI\ANGOLI.PAS"
"CanaliAria","C:\DOCUMENTI\sd\sorgenti\bm-sd\CANALI\dimens.pas","crdummy","C:\DOCUMENTI\sd\sorgenti\bm-sd\CANALI\CRDUMMY.PAS"
"CanaliAria","C:\DOCUMENTI\sd\sorgenti\bm-sd\CANALI\dimens.pas","definizcan","C:\DOCUMENTI\sd\sorgenti\bm-sd\CANALI\definizcan.pas"
"CanaliAria","C:\DOCUMENTI\sd\sorgenti\bm-sd\CANALI\dimens.pas","dummyfunction","C:\DOCUMENTI\sd\sorgenti\bm-sd\CANALI\dummyfunction.pas"
"CanaliAria","C:\DOCUMENTI\sd\sorgenti\bm-sd\CANALI\dimens.pas","FunzDim","C:\DOCUMENTI\sd\sorgenti\bm-sd\CANALI\funzdim.pas"
"CanaliAria","C:\DOCUMENTI\sd\sorgenti\bm-sd\CANALI\dimens.pas","FunzOver","C:\DOCUMENTI\sd\sorgenti\bm-sd\CANALI\FUNZOVER.PAS"
"CanaliAria","C:\DOCUMENTI\sd\sorgenti\bm-sd\CANALI\dimens.pas","init_cca","C:\DOCUMENTI\sd\sorgenti\bm-sd\CANALI\init_cca.pas"
"CanaliAria","C:\DOCUMENTI\sd\sorgenti\bm-sd\CANALI\dimens.pas","intcr","C:\DOCUMENTI\sd\sorgenti\bm-sd\CANALI\INTCR.PAS"
"CanaliAria","C:\DOCUMENTI\sd\sorgenti\bm-sd\CANALI\dimens.pas","interf3d","C:\DOCUMENTI\sd\sorgenti\bm-sd\CANALI\interf3d.pas"
"CanaliAria","C:\DOCUMENTI\sd\sorgenti\bm-sd\CANALI\dimens.pas","key","C:\DOCUMENTI\sd\sorgenti\bm-sd\CANALI\key.pas"
"CanaliAria","C:\DOCUMENTI\sd\sorgenti\bm-sd\CANALI\dimens.pas","Load_d","C:\DOCUMENTI\sd\sorgenti\bm-sd\CANALI\LOad_d.pas"
"CanaliAria","C:\DOCUMENTI\sd\sorgenti\bm-sd\CANALI\dimens.pas","percento","C:\DOCUMENTI\sd\sorgenti\bm-sd\CANALI\PERCENTO.PAS"
"CanaliAria","C:\DOCUMENTI\sd\sorgenti\bm-sd\CANALI\dimens.pas","pezzi","C:\DOCUMENTI\sd\sorgenti\bm-sd\CANALI\PEZZI.PAS"
"CanaliAria","C:\DOCUMENTI\sd\sorgenti\bm-sd\CANALI\dimens.pas","RuotaSez","C:\DOCUMENTI\sd\sorgenti\bm-sd\CANALI\RuotaSez.pas"
"CanaliAria","C:\DOCUMENTI\sd\sorgenti\bm-sd\CANALI\dimens.pas","U_310F","C:\DOCUMENTI\sd\sorgenti\bm-sd\CANALI\U_310F.pas"
"CanaliAria","C:\DOCUMENTI\sd\sorgenti\bm-sd\CANALI\dimens.pas","wm","C:\DOCUMENTI\sd\sorgenti\bm-sd\CANALI\WM.pas"
"CanaliAria","C:\DOCUMENTI\sd\sorgenti\bm-sd\CANALI\DRIVER.PAS","crt","C:\DOCUMENTI\sd\sorgenti\bm-sd\CANALI\CRT.pas"
"CanaliAria","C:\DOCUMENTI\sd\sorgenti\bm-sd\CANALI\DRIVER.PAS","dos","C:\DOCUMENTI\sd\sorgenti\bm-sd\CANALI\DOS.pas"
"CanaliAria","C:\DOCUMENTI\sd\sorgenti\bm-sd\CANALI\ENTER.PAS","Crt","C:\DOCUMENTI\sd\sorgenti\bm-sd\CANALI\CRT.pas"
"CanaliAria","C:\DOCUMENTI\sd\sorgenti\bm-sd\CANALI\ENTER.PAS","defuti","C:\DOCUMENTI\sd\sorgenti\bm-sd\CANALI\DEFUTI.pas"
"CanaliAria","C:\DOCUMENTI\sd\sorgenti\bm-sd\CANALI\ENTER.PAS","demo","C:\DOCUMENTI\sd\sorgenti\bm-sd\CANALI\DEMO.PAS"
"CanaliAria","C:\DOCUMENTI\sd\sorgenti\bm-sd\CANALI\ENTER.PAS","Dos","C:\DOCUMENTI\sd\sorgenti\bm-sd\CANALI\DOS.pas"
"CanaliAria","C:\DOCUMENTI\sd\sorgenti\bm-sd\CANALI\ENTER.PAS","Turbo3","C:\DOCUMENTI\sd\sorgenti\bm-sd\CANALI\Turbo3.pas"
"CanaliAria","C:\DOCUMENTI\sd\sorgenti\bm-sd\CANALI\ENTER.PAS","WM","C:\DOCUMENTI\sd\sorgenti\bm-sd\CANALI\WM.pas"
"CanaliAria","C:\DOCUMENTI\sd\sorgenti\bm-sd\CANALI\ESEC1.PAS","crt","C:\DOCUMENTI\sd\sorgenti\bm-sd\CANALI\CRT.pas"
"CanaliAria","C:\DOCUMENTI\sd\sorgenti\bm-sd\CANALI\ESEC1.PAS","defuti","C:\DOCUMENTI\sd\sorgenti\bm-sd\CANALI\DEFUTI.pas"
"CanaliAria","C:\DOCUMENTI\sd\sorgenti\bm-sd\CANALI\ESEC1.PAS","dos","C:\DOCUMENTI\sd\sorgenti\bm-sd\CANALI\DOS.pas"
"CanaliAria","C:\DOCUMENTI\sd\sorgenti\bm-sd\CANALI\ESEC1.PAS","utilitie","C:\DOCUMENTI\sd\sorgenti\bm-sd\CANALI\Utilitie.pas"
"CanaliAria","C:\DOCUMENTI\sd\sorgenti\bm-sd\CANALI\ESECSTAM.PAS","crt","C:\DOCUMENTI\sd\sorgenti\bm-sd\CANALI\CRT.pas"
"CanaliAria","C:\DOCUMENTI\sd\sorgenti\bm-sd\CANALI\ESECSTAM.PAS","defuti","C:\DOCUMENTI\sd\sorgenti\bm-sd\CANALI\DEFUTI.pas"
"CanaliAria","C:\DOCUMENTI\sd\sorgenti\bm-sd\CANALI\ESECSTAM.PAS","dos","C:\DOCUMENTI\sd\sorgenti\bm-sd\CANALI\DOS.pas"
"CanaliAria","C:\DOCUMENTI\sd\sorgenti\bm-sd\CANALI\ESECSTAM.PAS","utilitie","C:\DOCUMENTI\sd\sorgenti\bm-sd\CANALI\Utilitie.pas"
"CanaliAria","C:\DOCUMENTI\sd\sorgenti\bm-sd\CANALI\formpezzi.pas","u3dsd","C:\DOCUMENTI\sd\sorgenti\bm-sd\CANALI\pezzi3d\U3dsd.pas"
"CanaliAria","C:\DOCUMENTI\sd\sorgenti\bm-sd\CANALI\FUNZBASE.PAS","definizcan","C:\DOCUMENTI\sd\sorgenti\bm-sd\CANALI\definizcan.pas"
"CanaliAria","C:\DOCUMENTI\sd\sorgenti\bm-sd\CANALI\FUNZBASE.PAS","dummyfunction","C:\DOCUMENTI\sd\sorgenti\bm-sd\CANALI\dummyfunction.pas"
"CanaliAria","C:\DOCUMENTI\sd\sorgenti\bm-sd\CANALI\FUNZBASE.PAS","esiste","C:\DOCUMENTI\sd\sorgenti\bm-sd\CANALI\ESISTE.PAS"
"CanaliAria","C:\DOCUMENTI\sd\sorgenti\bm-sd\CANALI\funzdim.pas","Angoli","C:\DOCUMENTI\sd\sorgenti\bm-sd\CANALI\ANGOLI.PAS"
"CanaliAria","C:\DOCUMENTI\sd\sorgenti\bm-sd\CANALI\funzdim.pas","DefinizCan","C:\DOCUMENTI\sd\sorgenti\bm-sd\CANALI\definizcan.pas"
"CanaliAria","C:\DOCUMENTI\sd\sorgenti\bm-sd\CANALI\FUNZOVER.PAS","Angoli","C:\DOCUMENTI\sd\sorgenti\bm-sd\CANALI\ANGOLI.PAS"
"CanaliAria","C:\DOCUMENTI\sd\sorgenti\bm-sd\CANALI\FUNZOVER.PAS","definizcan","C:\DOCUMENTI\sd\sorgenti\bm-sd\CANALI\definizcan.pas"
"CanaliAria","C:\DOCUMENTI\sd\sorgenti\bm-sd\CANALI\FUNZOVER.PAS","FunzDim","C:\DOCUMENTI\sd\sorgenti\bm-sd\CANALI\funzdim.pas"
"CanaliAria","C:\DOCUMENTI\sd\sorgenti\bm-sd\CANALI\GENPROC.PAS","crt","C:\DOCUMENTI\sd\sorgenti\bm-sd\CANALI\CRT.pas"
"CanaliAria","C:\DOCUMENTI\sd\sorgenti\bm-sd\CANALI\GENPROC.PAS","dos","C:\DOCUMENTI\sd\sorgenti\bm-sd\CANALI\DOS.pas"
"CanaliAria","C:\DOCUMENTI\sd\sorgenti\bm-sd\CANALI\GENPROC.PAS","globfunz","C:\DOCUMENTI\sd\sorgenti\bm-sd\CANALI\GLOBFUNZ.PAS"
"CanaliAria","C:\DOCUMENTI\sd\sorgenti\bm-sd\CANALI\Genproccan.pas","angoli","C:\DOCUMENTI\sd\sorgenti\bm-sd\CANALI\ANGOLI.PAS"
"CanaliAria","C:\DOCUMENTI\sd\sorgenti\bm-sd\CANALI\Genproccan.pas","definizcan","C:\DOCUMENTI\sd\sorgenti\bm-sd\CANALI\definizcan.pas"
"CanaliAria","C:\DOCUMENTI\sd\sorgenti\bm-sd\CANALI\Genproccan.pas","esiste","C:\DOCUMENTI\sd\sorgenti\bm-sd\CANALI\ESISTE.PAS"
"CanaliAria","C:\DOCUMENTI\sd\sorgenti\bm-sd\CANALI\Genproccan.pas","funzbase","C:\DOCUMENTI\sd\sorgenti\bm-sd\CANALI\FUNZBASE.PAS"
"CanaliAria","C:\DOCUMENTI\sd\sorgenti\bm-sd\CANALI\Genproccan.pas","WM","C:\DOCUMENTI\sd\sorgenti\bm-sd\CANALI\WM.pas"
"CanaliAria","C:\DOCUMENTI\sd\sorgenti\bm-sd\CANALI\GESTDUCT.PAS","arcpezzi","C:\DOCUMENTI\sd\sorgenti\bm-sd\CANALI\ARCPEZZI.PAS"
"CanaliAria","C:\DOCUMENTI\sd\sorgenti\bm-sd\CANALI\GESTDUCT.PAS","Crt","C:\DOCUMENTI\sd\sorgenti\bm-sd\CANALI\CRT.pas"
"CanaliAria","C:\DOCUMENTI\sd\sorgenti\bm-sd\CANALI\GESTDUCT.PAS","datiDuct","C:\DOCUMENTI\sd\sorgenti\bm-sd\CANALI\DATIDUCT.PAS"
"CanaliAria","C:\DOCUMENTI\sd\sorgenti\bm-sd\CANALI\GESTDUCT.PAS","Defuti","C:\DOCUMENTI\sd\sorgenti\bm-sd\CANALI\DEFUTI.pas"
"CanaliAria","C:\DOCUMENTI\sd\sorgenti\bm-sd\CANALI\GESTDUCT.PAS","demo","C:\DOCUMENTI\sd\sorgenti\bm-sd\CANALI\DEMO.PAS"
"CanaliAria","C:\DOCUMENTI\sd\sorgenti\bm-sd\CANALI\GESTDUCT.PAS","Dos","C:\DOCUMENTI\sd\sorgenti\bm-sd\CANALI\DOS.pas"
"CanaliAria","C:\DOCUMENTI\sd\sorgenti\bm-sd\CANALI\GESTDUCT.PAS","init_cca","C:\DOCUMENTI\sd\sorgenti\bm-sd\CANALI\init_cca.pas"
"CanaliAria","C:\DOCUMENTI\sd\sorgenti\bm-sd\CANALI\GESTDUCT.PAS","installa","C:\DOCUMENTI\sd\sorgenti\bm-sd\CANALI\INSTALLA.PAS"
"CanaliAria","C:\DOCUMENTI\sd\sorgenti\bm-sd\CANALI\GESTDUCT.PAS","IODuct","C:\DOCUMENTI\sd\sorgenti\bm-sd\CANALI\ioduct.pas"
"CanaliAria","C:\DOCUMENTI\sd\sorgenti\bm-sd\CANALI\GESTDUCT.PAS","key","C:\DOCUMENTI\sd\sorgenti\bm-sd\CANALI\key.pas"
"CanaliAria","C:\DOCUMENTI\sd\sorgenti\bm-sd\CANALI\GESTDUCT.PAS","maskcomp","C:\DOCUMENTI\sd\sorgenti\bm-sd\CANALI\MASKCOMP.PAS"
"CanaliAria","C:\DOCUMENTI\sd\sorgenti\bm-sd\CANALI\GESTDUCT.PAS","prgDuct","C:\DOCUMENTI\sd\sorgenti\bm-sd\CANALI\prgduct.pas"
"CanaliAria","C:\DOCUMENTI\sd\sorgenti\bm-sd\CANALI\GESTDUCT.PAS","utilitie","C:\DOCUMENTI\sd\sorgenti\bm-sd\CANALI\Utilitie.pas"
"CanaliAria","C:\DOCUMENTI\sd\sorgenti\bm-sd\CANALI\GESTDUCT.PAS","WM","C:\DOCUMENTI\sd\sorgenti\bm-sd\CANALI\WM.pas"
"CanaliAria","C:\DOCUMENTI\sd\sorgenti\bm-sd\CANALI\GLOBFUNZ.PAS","crt","C:\DOCUMENTI\sd\sorgenti\bm-sd\CANALI\CRT.pas"
"CanaliAria","C:\DOCUMENTI\sd\sorgenti\bm-sd\CANALI\GLOBFUNZ.PAS","dos","C:\DOCUMENTI\sd\sorgenti\bm-sd\CANALI\DOS.pas"
"CanaliAria","C:\DOCUMENTI\sd\sorgenti\bm-sd\CANALI\GLOBFUNZcan.pas","angoli","C:\DOCUMENTI\sd\sorgenti\bm-sd\CANALI\ANGOLI.PAS"
"CanaliAria","C:\DOCUMENTI\sd\sorgenti\bm-sd\CANALI\GLOBFUNZcan.pas","definizcan","C:\DOCUMENTI\sd\sorgenti\bm-sd\CANALI\definizcan.pas"
"CanaliAria","C:\DOCUMENTI\sd\sorgenti\bm-sd\CANALI\GLOBFUNZcan.pas","dummyfunction","C:\DOCUMENTI\sd\sorgenti\bm-sd\CANALI\dummyfunction.pas"
"CanaliAria","C:\DOCUMENTI\sd\sorgenti\bm-sd\CANALI\GLOBFUNZcan.pas","funzbase","C:\DOCUMENTI\sd\sorgenti\bm-sd\CANALI\FUNZBASE.PAS"
"CanaliAria","C:\DOCUMENTI\sd\sorgenti\bm-sd\CANALI\GLOBFUNZcan.pas","Genproccan","C:\DOCUMENTI\sd\sorgenti\bm-sd\CANALI\Genproccan.pas"
"CanaliAria","C:\DOCUMENTI\sd\sorgenti\bm-sd\CANALI\GLOBFUNZcan.pas","WM","C:\DOCUMENTI\sd\sorgenti\bm-sd\CANALI\WM.pas"
"CanaliAria","C:\DOCUMENTI\sd\sorgenti\bm-sd\CANALI\GRMOUSE.PAS","crt","C:\DOCUMENTI\sd\sorgenti\bm-sd\CANALI\CRT.pas"
"CanaliAria","C:\DOCUMENTI\sd\sorgenti\bm-sd\CANALI\GRMOUSE.PAS","DOS","C:\DOCUMENTI\sd\sorgenti\bm-sd\CANALI\DOS.pas"
"CanaliAria","C:\DOCUMENTI\sd\sorgenti\bm-sd\CANALI\GRMOUSE.PAS","turbo3","C:\DOCUMENTI\sd\sorgenti\bm-sd\CANALI\Turbo3.pas"
"CanaliAria","C:\DOCUMENTI\sd\sorgenti\bm-sd\CANALI\IncludiTabelle.pas","DefinizCan","C:\DOCUMENTI\sd\sorgenti\bm-sd\CANALI\definizcan.pas"
"CanaliAria","C:\DOCUMENTI\sd\sorgenti\bm-sd\CANALI\init_cca.pas","crt","C:\DOCUMENTI\sd\sorgenti\bm-sd\CANALI\CRT.pas"
"CanaliAria","C:\DOCUMENTI\sd\sorgenti\bm-sd\CANALI\init_cca.pas","definizcan","C:\DOCUMENTI\sd\sorgenti\bm-sd\CANALI\definizcan.pas"
"CanaliAria","C:\DOCUMENTI\sd\sorgenti\bm-sd\CANALI\init_cca.pas","defuti","C:\DOCUMENTI\sd\sorgenti\bm-sd\CANALI\DEFUTI.pas"
"CanaliAria","C:\DOCUMENTI\sd\sorgenti\bm-sd\CANALI\init_cca.pas","demo","C:\DOCUMENTI\sd\sorgenti\bm-sd\CANALI\DEMO.PAS"
"CanaliAria","C:\DOCUMENTI\sd\sorgenti\bm-sd\CANALI\init_cca.pas","key","C:\DOCUMENTI\sd\sorgenti\bm-sd\CANALI\key.pas"
"CanaliAria","C:\DOCUMENTI\sd\sorgenti\bm-sd\CANALI\init_cca.pas","prgduct","C:\DOCUMENTI\sd\sorgenti\bm-sd\CANALI\prgduct.pas"
"CanaliAria","C:\DOCUMENTI\sd\sorgenti\bm-sd\CANALI\init_cca.pas","u_canfst","C:\DOCUMENTI\sd\sorgenti\bm-sd\CANALI\U_canfst.pas"
"CanaliAria","C:\DOCUMENTI\sd\sorgenti\bm-sd\CANALI\init_cca.pas","utilitie","C:\DOCUMENTI\sd\sorgenti\bm-sd\CANALI\Utilitie.pas"
"CanaliAria","C:\DOCUMENTI\sd\sorgenti\bm-sd\CANALI\init_cca.pas","wm","C:\DOCUMENTI\sd\sorgenti\bm-sd\CANALI\WM.pas"
"CanaliAria","C:\DOCUMENTI\sd\sorgenti\bm-sd\CANALI\INPGRAF\BLOCCO.PAS","controll","C:\DOCUMENTI\sd\sorgenti\bm-sd\CANALI\CONTROLL.PAS"
"CanaliAria","C:\DOCUMENTI\sd\sorgenti\bm-sd\CANALI\INPGRAF\BLOCCO.PAS","esiste","C:\DOCUMENTI\sd\sorgenti\bm-sd\CANALI\INPGRAF\ESISTE.PAS"
"CanaliAria","C:\DOCUMENTI\sd\sorgenti\bm-sd\CANALI\INPGRAF\BLOCCO.PAS","Genproc","C:\DOCUMENTI\sd\sorgenti\bm-sd\CANALI\INPGRAF\GENPROC.PAS"
"CanaliAria","C:\DOCUMENTI\sd\sorgenti\bm-sd\CANALI\INPGRAF\BLOCCO.PAS","globfunz","C:\DOCUMENTI\sd\sorgenti\bm-sd\CANALI\INPGRAF\GLOBFUNZ.PAS"
"CanaliAria","C:\DOCUMENTI\sd\sorgenti\bm-sd\CANALI\INPGRAF\BLOCCO.PAS","Turbo3","C:\DOCUMENTI\sd\sorgenti\bm-sd\CANALI\INPGRAF\TURBO3.PAS"
"CanaliAria","C:\DOCUMENTI\sd\sorgenti\bm-sd\CANALI\INPGRAF\BLOCCO.PAS","WM","C:\DOCUMENTI\sd\sorgenti\bm-sd\CANALI\WM.pas"
"CanaliAria","C:\DOCUMENTI\sd\sorgenti\bm-sd\CANALI\INPGRAF\CERCHIO.PAS","crt","C:\DOCUMENTI\sd\sorgenti\bm-sd\CANALI\CRT.pas"
"CanaliAria","C:\DOCUMENTI\sd\sorgenti\bm-sd\CANALI\INPGRAF\CERCHIO.PAS","globfunz","C:\DOCUMENTI\sd\sorgenti\bm-sd\CANALI\INPGRAF\GLOBFUNZ.PAS"
"CanaliAria","C:\DOCUMENTI\sd\sorgenti\bm-sd\CANALI\INPGRAF\CIPZOOM.PAS","genproc","C:\DOCUMENTI\sd\sorgenti\bm-sd\CANALI\INPGRAF\GENPROC.PAS"
"CanaliAria","C:\DOCUMENTI\sd\sorgenti\bm-sd\CANALI\INPGRAF\CIPZOOM.PAS","ridis_u","C:\DOCUMENTI\sd\sorgenti\bm-sd\CANALI\INPGRAF\RIDIS_U.PAS"
"CanaliAria","C:\DOCUMENTI\sd\sorgenti\bm-sd\CANALI\INPGRAF\CONVCAN.PAS","U_cvcan","C:\DOCUMENTI\sd\sorgenti\bm-sd\CANALI\INPGRAF\U_CVCAN.PAS"
"CanaliAria","C:\DOCUMENTI\sd\sorgenti\bm-sd\CANALI\INPGRAF\CONVCAN1.PAS","U_cvcan1","C:\DOCUMENTI\sd\sorgenti\bm-sd\CANALI\INPGRAF\U_CVCAN1.PAS"
"CanaliAria","C:\DOCUMENTI\sd\sorgenti\bm-sd\CANALI\INPGRAF\D_DIMENS.PAS","dimens","C:\DOCUMENTI\sd\sorgenti\bm-sd\CANALI\INPGRAF\DIMENS.PAS"
"CanaliAria","C:\DOCUMENTI\sd\sorgenti\bm-sd\CANALI\INPGRAF\DAVGLOB.PAS","angoli","C:\DOCUMENTI\sd\sorgenti\bm-sd\CANALI\INPGRAF\ANGOLI.PAS"
"CanaliAria","C:\DOCUMENTI\sd\sorgenti\bm-sd\CANALI\INPGRAF\DAVGLOB.PAS","crt","C:\DOCUMENTI\sd\sorgenti\bm-sd\CANALI\CRT.pas"
"CanaliAria","C:\DOCUMENTI\sd\sorgenti\bm-sd\CANALI\INPGRAF\DAVGLOB.PAS","dos","C:\DOCUMENTI\sd\sorgenti\bm-sd\CANALI\DOS.pas"
"CanaliAria","C:\DOCUMENTI\sd\sorgenti\bm-sd\CANALI\INPGRAF\DAVGLOB.PAS","Genproc","C:\DOCUMENTI\sd\sorgenti\bm-sd\CANALI\INPGRAF\GENPROC.PAS"
"CanaliAria","C:\DOCUMENTI\sd\sorgenti\bm-sd\CANALI\INPGRAF\DAVGLOB.PAS","piante","C:\DOCUMENTI\sd\sorgenti\bm-sd\CANALI\INPGRAF\PIANTE.PAS"
"CanaliAria","C:\DOCUMENTI\sd\sorgenti\bm-sd\CANALI\INPGRAF\DAVGLOB.PAS","Turbo3","C:\DOCUMENTI\sd\sorgenti\bm-sd\CANALI\INPGRAF\TURBO3.PAS"
"CanaliAria","C:\DOCUMENTI\sd\sorgenti\bm-sd\CANALI\INPGRAF\DAVGLOB.PAS","WM","C:\DOCUMENTI\sd\sorgenti\bm-sd\CANALI\WM.pas"
"CanaliAria","C:\DOCUMENTI\sd\sorgenti\bm-sd\CANALI\INPGRAF\DAVINPUT.PAS","Angoli","C:\DOCUMENTI\sd\sorgenti\bm-sd\CANALI\INPGRAF\ANGOLI.PAS"
"CanaliAria","C:\DOCUMENTI\sd\sorgenti\bm-sd\CANALI\INPGRAF\DAVINPUT.PAS","Blocco","C:\DOCUMENTI\sd\sorgenti\bm-sd\CANALI\INPGRAF\BLOCCO.PAS"
"CanaliAria","C:\DOCUMENTI\sd\sorgenti\bm-sd\CANALI\INPGRAF\DAVINPUT.PAS","crt","C:\DOCUMENTI\sd\sorgenti\bm-sd\CANALI\CRT.pas"
"CanaliAria","C:\DOCUMENTI\sd\sorgenti\bm-sd\CANALI\INPGRAF\DAVINPUT.PAS","Debug","C:\DOCUMENTI\sd\sorgenti\bm-sd\CANALI\INPGRAF\DEBUG.PAS"
"CanaliAria","C:\DOCUMENTI\sd\sorgenti\bm-sd\CANALI\INPGRAF\DAVINPUT.PAS","dos","C:\DOCUMENTI\sd\sorgenti\bm-sd\CANALI\DOS.pas"
"CanaliAria","C:\DOCUMENTI\sd\sorgenti\bm-sd\CANALI\INPGRAF\DAVINPUT.PAS","dxfoutu","C:\DOCUMENTI\sd\sorgenti\bm-sd\CANALI\INPGRAF\DXFOUTU.PAS"
"CanaliAria","C:\DOCUMENTI\sd\sorgenti\bm-sd\CANALI\INPGRAF\DAVINPUT.PAS","Edit","C:\DOCUMENTI\sd\sorgenti\bm-sd\CANALI\INPGRAF\EDIT.PAS"
"CanaliAria","C:\DOCUMENTI\sd\sorgenti\bm-sd\CANALI\INPGRAF\DAVINPUT.PAS","genproc","C:\DOCUMENTI\sd\sorgenti\bm-sd\CANALI\INPGRAF\GENPROC.PAS"
"CanaliAria","C:\DOCUMENTI\sd\sorgenti\bm-sd\CANALI\INPGRAF\DAVINPUT.PAS","globfunz","C:\DOCUMENTI\sd\sorgenti\bm-sd\CANALI\INPGRAF\GLOBFUNZ.PAS"
"CanaliAria","C:\DOCUMENTI\sd\sorgenti\bm-sd\CANALI\INPGRAF\DAVINPUT.PAS","init","C:\DOCUMENTI\sd\sorgenti\bm-sd\CANALI\INPGRAF\INIT.PAS"
"CanaliAria","C:\DOCUMENTI\sd\sorgenti\bm-sd\CANALI\INPGRAF\DAVINPUT.PAS","Inser","C:\DOCUMENTI\sd\sorgenti\bm-sd\CANALI\INPGRAF\INSER.PAS"
"CanaliAria","C:\DOCUMENTI\sd\sorgenti\bm-sd\CANALI\INPGRAF\DAVINPUT.PAS","Load_D","C:\DOCUMENTI\sd\sorgenti\bm-sd\CANALI\INPGRAF\LOAD_D.PAS"
"CanaliAria","C:\DOCUMENTI\sd\sorgenti\bm-sd\CANALI\INPGRAF\DAVINPUT.PAS","Load_P","C:\DOCUMENTI\sd\sorgenti\bm-sd\CANALI\INPGRAF\LOAD_P.PAS"
"CanaliAria","C:\DOCUMENTI\sd\sorgenti\bm-sd\CANALI\INPGRAF\DAVINPUT.PAS","plot","C:\DOCUMENTI\sd\sorgenti\bm-sd\CANALI\INPGRAF\PLOT.PAS"
"CanaliAria","C:\DOCUMENTI\sd\sorgenti\bm-sd\CANALI\INPGRAF\DAVINPUT.PAS","Ridis_U","C:\DOCUMENTI\sd\sorgenti\bm-sd\CANALI\INPGRAF\RIDIS_U.PAS"
"CanaliAria","C:\DOCUMENTI\sd\sorgenti\bm-sd\CANALI\INPGRAF\DAVINPUT.PAS","riduz","C:\DOCUMENTI\sd\sorgenti\bm-sd\CANALI\INPGRAF\RIDUZ.PAS"
"CanaliAria","C:\DOCUMENTI\sd\sorgenti\bm-sd\CANALI\INPGRAF\DAVINPUT.PAS","tronco","C:\DOCUMENTI\sd\sorgenti\bm-sd\CANALI\INPGRAF\TRONCO.PAS"
"CanaliAria","C:\DOCUMENTI\sd\sorgenti\bm-sd\CANALI\INPGRAF\DAVINPUT.PAS","Vsez","C:\DOCUMENTI\sd\sorgenti\bm-sd\CANALI\INPGRAF\VSEZ.PAS"
"CanaliAria","C:\DOCUMENTI\sd\sorgenti\bm-sd\CANALI\INPGRAF\DAVINPUT.PAS","WM","C:\DOCUMENTI\sd\sorgenti\bm-sd\CANALI\WM.pas"
"CanaliAria","C:\DOCUMENTI\sd\sorgenti\bm-sd\CANALI\INPGRAF\DAVRIDIS.PAS","angoli","C:\DOCUMENTI\sd\sorgenti\bm-sd\CANALI\INPGRAF\ANGOLI.PAS"
"CanaliAria","C:\DOCUMENTI\sd\sorgenti\bm-sd\CANALI\INPGRAF\DAVRIDIS.PAS","debug","C:\DOCUMENTI\sd\sorgenti\bm-sd\CANALI\INPGRAF\DEBUG.PAS"
"CanaliAria","C:\DOCUMENTI\sd\sorgenti\bm-sd\CANALI\INPGRAF\DAVRIDIS.PAS","genproc","C:\DOCUMENTI\sd\sorgenti\bm-sd\CANALI\INPGRAF\GENPROC.PAS"
"CanaliAria","C:\DOCUMENTI\sd\sorgenti\bm-sd\CANALI\INPGRAF\DAVRIDIS.PAS","globfunz","C:\DOCUMENTI\sd\sorgenti\bm-sd\CANALI\INPGRAF\GLOBFUNZ.PAS"
"CanaliAria","C:\DOCUMENTI\sd\sorgenti\bm-sd\CANALI\INPGRAF\DAVRIDIS.PAS","piante","C:\DOCUMENTI\sd\sorgenti\bm-sd\CANALI\INPGRAF\PIANTE.PAS"
"CanaliAria","C:\DOCUMENTI\sd\sorgenti\bm-sd\CANALI\INPGRAF\DAVRIDIS.PAS","WM","C:\DOCUMENTI\sd\sorgenti\bm-sd\CANALI\WM.pas"
"CanaliAria","C:\DOCUMENTI\sd\sorgenti\bm-sd\CANALI\INPGRAF\DEBUG.PAS","genproc","C:\DOCUMENTI\sd\sorgenti\bm-sd\CANALI\INPGRAF\GENPROC.PAS"
"CanaliAria","C:\DOCUMENTI\sd\sorgenti\bm-sd\CANALI\INPGRAF\DEBUG.PAS","globfunz","C:\DOCUMENTI\sd\sorgenti\bm-sd\CANALI\INPGRAF\GLOBFUNZ.PAS"
"CanaliAria","C:\DOCUMENTI\sd\sorgenti\bm-sd\CANALI\INPGRAF\DEMOCRT.PAS","Crt","C:\DOCUMENTI\sd\sorgenti\bm-sd\CANALI\CRT.pas"
"CanaliAria","C:\DOCUMENTI\sd\sorgenti\bm-sd\CANALI\INPGRAF\DEMOCRT.PAS","Dos","C:\DOCUMENTI\sd\sorgenti\bm-sd\CANALI\DOS.pas"
"CanaliAria","C:\DOCUMENTI\sd\sorgenti\bm-sd\CANALI\INPGRAF\DEMOCRT.PAS","Turbo3","C:\DOCUMENTI\sd\sorgenti\bm-sd\CANALI\INPGRAF\TURBO3.PAS"
"CanaliAria","C:\DOCUMENTI\sd\sorgenti\bm-sd\CANALI\INPGRAF\DFM\INGLESE\MAINEDIT.PAS","DBTables","C:\DOCUMENTI\sd\sorgenti\bm-sd\componenti\kbmmem\bdenew\DbTables.pas"
"CanaliAria","C:\DOCUMENTI\sd\sorgenti\bm-sd\CANALI\INPGRAF\DFM\INGLESE\MAINEDIT.PAS","WinTypes","C:\DOCUMENTI\sd\sorgenti\bm-sd\CANALI\wintypes.pas"
"CanaliAria","C:\DOCUMENTI\sd\sorgenti\bm-sd\CANALI\INPGRAF\DIMDLT.PAS","esiste","C:\DOCUMENTI\sd\sorgenti\bm-sd\CANALI\INPGRAF\ESISTE.PAS"
"CanaliAria","C:\DOCUMENTI\sd\sorgenti\bm-sd\CANALI\INPGRAF\DIMENS.PAS","Angoli","C:\DOCUMENTI\sd\sorgenti\bm-sd\CANALI\INPGRAF\ANGOLI.PAS"
"CanaliAria","C:\DOCUMENTI\sd\sorgenti\bm-sd\CANALI\INPGRAF\DIMENS.PAS","crdummy","C:\DOCUMENTI\sd\sorgenti\bm-sd\CANALI\INPGRAF\CRDUMMY.PAS"
"CanaliAria","C:\DOCUMENTI\sd\sorgenti\bm-sd\CANALI\INPGRAF\DIMENS.PAS","FunzDim","C:\DOCUMENTI\sd\sorgenti\bm-sd\CANALI\INPGRAF\FUNZDIM.PAS"
"CanaliAria","C:\DOCUMENTI\sd\sorgenti\bm-sd\CANALI\INPGRAF\DIMENS.PAS","FunzOver","C:\DOCUMENTI\sd\sorgenti\bm-sd\CANALI\INPGRAF\FUNZOVER.PAS"
"CanaliAria","C:\DOCUMENTI\sd\sorgenti\bm-sd\CANALI\INPGRAF\DIMENS.PAS","init_cca","C:\DOCUMENTI\sd\sorgenti\bm-sd\CANALI\INPGRAF\INIT_CCA.PAS"
"CanaliAria","C:\DOCUMENTI\sd\sorgenti\bm-sd\CANALI\INPGRAF\DIMENS.PAS","intcr","C:\DOCUMENTI\sd\sorgenti\bm-sd\CANALI\INPGRAF\INTCR.PAS"
"CanaliAria","C:\DOCUMENTI\sd\sorgenti\bm-sd\CANALI\INPGRAF\DIMENS.PAS","Load_d","C:\DOCUMENTI\sd\sorgenti\bm-sd\CANALI\INPGRAF\LOAD_D.PAS"
"CanaliAria","C:\DOCUMENTI\sd\sorgenti\bm-sd\CANALI\INPGRAF\DIMENS.PAS","novitplt","C:\DOCUMENTI\sd\sorgenti\bm-sd\CANALI\INPGRAF\NOVITPLT.PAS"
"CanaliAria","C:\DOCUMENTI\sd\sorgenti\bm-sd\CANALI\INPGRAF\DIMENS.PAS","percento","C:\DOCUMENTI\sd\sorgenti\bm-sd\CANALI\INPGRAF\PERCENTO.PAS"
"CanaliAria","C:\DOCUMENTI\sd\sorgenti\bm-sd\CANALI\INPGRAF\DIMENS.PAS","pezzi","C:\DOCUMENTI\sd\sorgenti\bm-sd\CANALI\INPGRAF\PEZZI.PAS"
"CanaliAria","C:\DOCUMENTI\sd\sorgenti\bm-sd\CANALI\INPGRAF\DIMENS.PAS","RuotaSez","C:\DOCUMENTI\sd\sorgenti\bm-sd\CANALI\INPGRAF\RUOTASEZ.PAS"
"CanaliAria","C:\DOCUMENTI\sd\sorgenti\bm-sd\CANALI\INPGRAF\DIMENS.PAS","U_310F","C:\DOCUMENTI\sd\sorgenti\bm-sd\CANALI\INPGRAF\U_310F.PAS"
"CanaliAria","C:\DOCUMENTI\sd\sorgenti\bm-sd\CANALI\INPGRAF\DIMENS.PAS","wm","C:\DOCUMENTI\sd\sorgenti\bm-sd\CANALI\WM.pas"
"CanaliAria","C:\DOCUMENTI\sd\sorgenti\bm-sd\CANALI\INPGRAF\DIMPLT.PAS","angoli","C:\DOCUMENTI\sd\sorgenti\bm-sd\CANALI\INPGRAF\ANGOLI.PAS"
"CanaliAria","C:\DOCUMENTI\sd\sorgenti\bm-sd\CANALI\INPGRAF\DIMPLT.PAS","diseg","C:\DOCUMENTI\sd\sorgenti\bm-sd\CANALI\INPGRAF\DISEG.PAS"
"CanaliAria","C:\DOCUMENTI\sd\sorgenti\bm-sd\CANALI\INPGRAF\DIMPLT.PAS","esiste","C:\DOCUMENTI\sd\sorgenti\bm-sd\CANALI\INPGRAF\ESISTE.PAS"
"CanaliAria","C:\DOCUMENTI\sd\sorgenti\bm-sd\CANALI\INPGRAF\DIMPLT.PAS","genproc","C:\DOCUMENTI\sd\sorgenti\bm-sd\CANALI\INPGRAF\GENPROC.PAS"
"CanaliAria","C:\DOCUMENTI\sd\sorgenti\bm-sd\CANALI\INPGRAF\DIMPLT.PAS","globfunz","C:\DOCUMENTI\sd\sorgenti\bm-sd\CANALI\INPGRAF\GLOBFUNZ.PAS"
"CanaliAria","C:\DOCUMENTI\sd\sorgenti\bm-sd\CANALI\INPGRAF\DIMPLT.PAS","percento","C:\DOCUMENTI\sd\sorgenti\bm-sd\CANALI\INPGRAF\PERCENTO.PAS"
"CanaliAria","C:\DOCUMENTI\sd\sorgenti\bm-sd\CANALI\INPGRAF\DISDIM.PAS","diseg","C:\DOCUMENTI\sd\sorgenti\bm-sd\CANALI\INPGRAF\DISEG.PAS"
"CanaliAria","C:\DOCUMENTI\sd\sorgenti\bm-sd\CANALI\INPGRAF\DISDIM.PAS","genproc","C:\DOCUMENTI\sd\sorgenti\bm-sd\CANALI\INPGRAF\GENPROC.PAS"
"CanaliAria","C:\DOCUMENTI\sd\sorgenti\bm-sd\CANALI\INPGRAF\DISEG.PAS","angoli","C:\DOCUMENTI\sd\sorgenti\bm-sd\CANALI\INPGRAF\ANGOLI.PAS"
"CanaliAria","C:\DOCUMENTI\sd\sorgenti\bm-sd\CANALI\INPGRAF\DISEG.PAS","genproc","C:\DOCUMENTI\sd\sorgenti\bm-sd\CANALI\INPGRAF\GENPROC.PAS"
"CanaliAria","C:\DOCUMENTI\sd\sorgenti\bm-sd\CANALI\INPGRAF\DISEG.PAS","wm","C:\DOCUMENTI\sd\sorgenti\bm-sd\CANALI\WM.pas"
"CanaliAria","C:\DOCUMENTI\sd\sorgenti\bm-sd\CANALI\INPGRAF\DRIVER.PAS","crt","C:\DOCUMENTI\sd\sorgenti\bm-sd\CANALI\CRT.pas"
"CanaliAria","C:\DOCUMENTI\sd\sorgenti\bm-sd\CANALI\INPGRAF\DRIVER.PAS","dos","C:\DOCUMENTI\sd\sorgenti\bm-sd\CANALI\DOS.pas"
"CanaliAria","C:\DOCUMENTI\sd\sorgenti\bm-sd\CANALI\INPGRAF\DXFOUTU.PAS","diseg","C:\DOCUMENTI\sd\sorgenti\bm-sd\CANALI\INPGRAF\DISEG.PAS"
"CanaliAria","C:\DOCUMENTI\sd\sorgenti\bm-sd\CANALI\INPGRAF\DXFOUTU.PAS","globfunz","C:\DOCUMENTI\sd\sorgenti\bm-sd\CANALI\INPGRAF\GLOBFUNZ.PAS"
"CanaliAria","C:\DOCUMENTI\sd\sorgenti\bm-sd\CANALI\INPGRAF\EDIT.PAS","controll","C:\DOCUMENTI\sd\sorgenti\bm-sd\CANALI\CONTROLL.PAS"
"CanaliAria","C:\DOCUMENTI\sd\sorgenti\bm-sd\CANALI\INPGRAF\EDIT.PAS","editquo","C:\DOCUMENTI\sd\sorgenti\bm-sd\CANALI\INPGRAF\EDITQUO.PAS"
"CanaliAria","C:\DOCUMENTI\sd\sorgenti\bm-sd\CANALI\INPGRAF\EDIT.PAS","esiste","C:\DOCUMENTI\sd\sorgenti\bm-sd\CANALI\INPGRAF\ESISTE.PAS"
"CanaliAria","C:\DOCUMENTI\sd\sorgenti\bm-sd\CANALI\INPGRAF\EDIT.PAS","genproc","C:\DOCUMENTI\sd\sorgenti\bm-sd\CANALI\INPGRAF\GENPROC.PAS"
"CanaliAria","C:\DOCUMENTI\sd\sorgenti\bm-sd\CANALI\INPGRAF\EDIT.PAS","globfunz","C:\DOCUMENTI\sd\sorgenti\bm-sd\CANALI\INPGRAF\GLOBFUNZ.PAS"
"CanaliAria","C:\DOCUMENTI\sd\sorgenti\bm-sd\CANALI\INPGRAF\EDIT.PAS","WM","C:\DOCUMENTI\sd\sorgenti\bm-sd\CANALI\WM.pas"
"CanaliAria","C:\DOCUMENTI\sd\sorgenti\bm-sd\CANALI\INPGRAF\EDITPZZ.DPR","MainEdit","C:\DOCUMENTI\sd\sorgenti\bm-sd\CANALI\INPGRAF\MAINEDIT.PAS"
"CanaliAria","C:\DOCUMENTI\sd\sorgenti\bm-sd\CANALI\INPGRAF\EDITQUO.PAS","angoli","C:\DOCUMENTI\sd\sorgenti\bm-sd\CANALI\INPGRAF\ANGOLI.PAS"
"CanaliAria","C:\DOCUMENTI\sd\sorgenti\bm-sd\CANALI\INPGRAF\EDITQUO.PAS","controll","C:\DOCUMENTI\sd\sorgenti\bm-sd\CANALI\CONTROLL.PAS"
"CanaliAria","C:\DOCUMENTI\sd\sorgenti\bm-sd\CANALI\INPGRAF\EDITQUO.PAS","disdim","C:\DOCUMENTI\sd\sorgenti\bm-sd\CANALI\INPGRAF\DISDIM.PAS"
"CanaliAria","C:\DOCUMENTI\sd\sorgenti\bm-sd\CANALI\INPGRAF\EDITQUO.PAS","esiste","C:\DOCUMENTI\sd\sorgenti\bm-sd\CANALI\INPGRAF\ESISTE.PAS"
"CanaliAria","C:\DOCUMENTI\sd\sorgenti\bm-sd\CANALI\INPGRAF\EDITQUO.PAS","genproc","C:\DOCUMENTI\sd\sorgenti\bm-sd\CANALI\INPGRAF\GENPROC.PAS"
"CanaliAria","C:\DOCUMENTI\sd\sorgenti\bm-sd\CANALI\INPGRAF\EDITQUO.PAS","globfunz","C:\DOCUMENTI\sd\sorgenti\bm-sd\CANALI\INPGRAF\GLOBFUNZ.PAS"
"CanaliAria","C:\DOCUMENTI\sd\sorgenti\bm-sd\CANALI\INPGRAF\EDITQUO.PAS","ut_deb","C:\DOCUMENTI\sd\sorgenti\bm-sd\CANALI\INPGRAF\UT_DEB.PAS"
"CanaliAria","C:\DOCUMENTI\sd\sorgenti\bm-sd\CANALI\INPGRAF\EDITQUO.PAS","wm","C:\DOCUMENTI\sd\sorgenti\bm-sd\CANALI\WM.pas"
"CanaliAria","C:\DOCUMENTI\sd\sorgenti\bm-sd\CANALI\INPGRAF\ENTER.PAS","Crt","C:\DOCUMENTI\sd\sorgenti\bm-sd\CANALI\CRT.pas"
"CanaliAria","C:\DOCUMENTI\sd\sorgenti\bm-sd\CANALI\INPGRAF\ENTER.PAS","Dos","C:\DOCUMENTI\sd\sorgenti\bm-sd\CANALI\DOS.pas"
"CanaliAria","C:\DOCUMENTI\sd\sorgenti\bm-sd\CANALI\INPGRAF\ENTER.PAS","Turbo3","C:\DOCUMENTI\sd\sorgenti\bm-sd\CANALI\INPGRAF\TURBO3.PAS"
"CanaliAria","C:\DOCUMENTI\sd\sorgenti\bm-sd\CANALI\INPGRAF\ENTER.PAS","WM","C:\DOCUMENTI\sd\sorgenti\bm-sd\CANALI\WM.pas"
"CanaliAria","C:\DOCUMENTI\sd\sorgenti\bm-sd\CANALI\INPGRAF\FUNZBASE.PAS","esiste","C:\DOCUMENTI\sd\sorgenti\bm-sd\CANALI\INPGRAF\ESISTE.PAS"
"CanaliAria","C:\DOCUMENTI\sd\sorgenti\bm-sd\CANALI\INPGRAF\FUNZDIM.PAS","Angoli","C:\DOCUMENTI\sd\sorgenti\bm-sd\CANALI\INPGRAF\ANGOLI.PAS"
"CanaliAria","C:\DOCUMENTI\sd\sorgenti\bm-sd\CANALI\INPGRAF\FUNZOVER.PAS","Angoli","C:\DOCUMENTI\sd\sorgenti\bm-sd\CANALI\INPGRAF\ANGOLI.PAS"
"CanaliAria","C:\DOCUMENTI\sd\sorgenti\bm-sd\CANALI\INPGRAF\FUNZOVER.PAS","FunzDim","C:\DOCUMENTI\sd\sorgenti\bm-sd\CANALI\INPGRAF\FUNZDIM.PAS"
"CanaliAria","C:\DOCUMENTI\sd\sorgenti\bm-sd\CANALI\INPGRAF\GENPROC.PAS","angoli","C:\DOCUMENTI\sd\sorgenti\bm-sd\CANALI\INPGRAF\ANGOLI.PAS"
"CanaliAria","C:\DOCUMENTI\sd\sorgenti\bm-sd\CANALI\INPGRAF\GENPROC.PAS","controll","C:\DOCUMENTI\sd\sorgenti\bm-sd\CANALI\CONTROLL.PAS"
"CanaliAria","C:\DOCUMENTI\sd\sorgenti\bm-sd\CANALI\INPGRAF\GENPROC.PAS","esiste","C:\DOCUMENTI\sd\sorgenti\bm-sd\CANALI\INPGRAF\ESISTE.PAS"
"CanaliAria","C:\DOCUMENTI\sd\sorgenti\bm-sd\CANALI\INPGRAF\GENPROC.PAS","funzbase","C:\DOCUMENTI\sd\sorgenti\bm-sd\CANALI\INPGRAF\FUNZBASE.PAS"
"CanaliAria","C:\DOCUMENTI\sd\sorgenti\bm-sd\CANALI\INPGRAF\GENPROC.PAS","WM","C:\DOCUMENTI\sd\sorgenti\bm-sd\CANALI\WM.pas"
"CanaliAria","C:\DOCUMENTI\sd\sorgenti\bm-sd\CANALI\INPGRAF\GLOBFUNZ.PAS","angoli","C:\DOCUMENTI\sd\sorgenti\bm-sd\CANALI\INPGRAF\ANGOLI.PAS"
"CanaliAria","C:\DOCUMENTI\sd\sorgenti\bm-sd\CANALI\INPGRAF\GLOBFUNZ.PAS","controll","C:\DOCUMENTI\sd\sorgenti\bm-sd\CANALI\CONTROLL.PAS"
"CanaliAria","C:\DOCUMENTI\sd\sorgenti\bm-sd\CANALI\INPGRAF\GLOBFUNZ.PAS","diseg","C:\DOCUMENTI\sd\sorgenti\bm-sd\CANALI\INPGRAF\DISEG.PAS"
"CanaliAria","C:\DOCUMENTI\sd\sorgenti\bm-sd\CANALI\INPGRAF\GLOBFUNZ.PAS","funzbase","C:\DOCUMENTI\sd\sorgenti\bm-sd\CANALI\INPGRAF\FUNZBASE.PAS"
"CanaliAria","C:\DOCUMENTI\sd\sorgenti\bm-sd\CANALI\INPGRAF\GLOBFUNZ.PAS","Genproc","C:\DOCUMENTI\sd\sorgenti\bm-sd\CANALI\INPGRAF\GENPROC.PAS"
"CanaliAria","C:\DOCUMENTI\sd\sorgenti\bm-sd\CANALI\INPGRAF\GLOBFUNZ.PAS","piante","C:\DOCUMENTI\sd\sorgenti\bm-sd\CANALI\INPGRAF\PIANTE.PAS"
"CanaliAria","C:\DOCUMENTI\sd\sorgenti\bm-sd\CANALI\INPGRAF\GLOBFUNZ.PAS","WM","C:\DOCUMENTI\sd\sorgenti\bm-sd\CANALI\WM.pas"
"CanaliAria","C:\DOCUMENTI\sd\sorgenti\bm-sd\CANALI\INPGRAF\GRAFER.PAS","esiste","C:\DOCUMENTI\sd\sorgenti\bm-sd\CANALI\INPGRAF\ESISTE.PAS"
"CanaliAria","C:\DOCUMENTI\sd\sorgenti\bm-sd\CANALI\INPGRAF\GRAFER.PAS","genproc","C:\DOCUMENTI\sd\sorgenti\bm-sd\CANALI\INPGRAF\GENPROC.PAS"
"CanaliAria","C:\DOCUMENTI\sd\sorgenti\bm-sd\CANALI\INPGRAF\GRAFER.PAS","Load_d","C:\DOCUMENTI\sd\sorgenti\bm-sd\CANALI\INPGRAF\LOAD_D.PAS"
"CanaliAria","C:\DOCUMENTI\sd\sorgenti\bm-sd\CANALI\INPGRAF\GRMOUSE.PAS","crt","C:\DOCUMENTI\sd\sorgenti\bm-sd\CANALI\CRT.pas"
"CanaliAria","C:\DOCUMENTI\sd\sorgenti\bm-sd\CANALI\INPGRAF\GRMOUSE.PAS","DOS","C:\DOCUMENTI\sd\sorgenti\bm-sd\CANALI\DOS.pas"
"CanaliAria","C:\DOCUMENTI\sd\sorgenti\bm-sd\CANALI\INPGRAF\GRMOUSE.PAS","turbo3","C:\DOCUMENTI\sd\sorgenti\bm-sd\CANALI\INPGRAF\TURBO3.PAS"
"CanaliAria","C:\DOCUMENTI\sd\sorgenti\bm-sd\CANALI\INPGRAF\IMPTERM.PAS","esiste","C:\DOCUMENTI\sd\sorgenti\bm-sd\CANALI\INPGRAF\ESISTE.PAS"
"CanaliAria","C:\DOCUMENTI\sd\sorgenti\bm-sd\CANALI\INPGRAF\IMPTERM.PAS","genproc","C:\DOCUMENTI\sd\sorgenti\bm-sd\CANALI\INPGRAF\GENPROC.PAS"
"CanaliAria","C:\DOCUMENTI\sd\sorgenti\bm-sd\CANALI\INPGRAF\INIT.PAS","crt","C:\DOCUMENTI\sd\sorgenti\bm-sd\CANALI\CRT.pas"
"CanaliAria","C:\DOCUMENTI\sd\sorgenti\bm-sd\CANALI\INPGRAF\INIT.PAS","esiste","C:\DOCUMENTI\sd\sorgenti\bm-sd\CANALI\INPGRAF\ESISTE.PAS"
"CanaliAria","C:\DOCUMENTI\sd\sorgenti\bm-sd\CANALI\INPGRAF\INIT.PAS","genproc","C:\DOCUMENTI\sd\sorgenti\bm-sd\CANALI\INPGRAF\GENPROC.PAS"
"CanaliAria","C:\DOCUMENTI\sd\sorgenti\bm-sd\CANALI\INPGRAF\INIT.PAS","globfunz","C:\DOCUMENTI\sd\sorgenti\bm-sd\CANALI\INPGRAF\GLOBFUNZ.PAS"
"CanaliAria","C:\DOCUMENTI\sd\sorgenti\bm-sd\CANALI\INPGRAF\INIT.PAS","init_cca","C:\DOCUMENTI\sd\sorgenti\bm-sd\CANALI\INPGRAF\INIT_CCA.PAS"
"CanaliAria","C:\DOCUMENTI\sd\sorgenti\bm-sd\CANALI\INPGRAF\INIT.PAS","WM","C:\DOCUMENTI\sd\sorgenti\bm-sd\CANALI\WM.pas"
"CanaliAria","C:\DOCUMENTI\sd\sorgenti\bm-sd\CANALI\INPGRAF\INIT_CAR.PAS","Crt","C:\DOCUMENTI\sd\sorgenti\bm-sd\CANALI\CRT.pas"
"CanaliAria","C:\DOCUMENTI\sd\sorgenti\bm-sd\CANALI\INPGRAF\INIT_CAR.PAS","datigen","C:\DOCUMENTI\sd\sorgenti\bm-sd\CANALI\DATIGEN.PAS"
"CanaliAria","C:\DOCUMENTI\sd\sorgenti\bm-sd\CANALI\INPGRAF\INIT_CAR.PAS","Dos","C:\DOCUMENTI\sd\sorgenti\bm-sd\CANALI\DOS.pas"
"CanaliAria","C:\DOCUMENTI\sd\sorgenti\bm-sd\CANALI\INPGRAF\INIT_CAR.PAS","Turbo3","C:\DOCUMENTI\sd\sorgenti\bm-sd\CANALI\INPGRAF\TURBO3.PAS"
"CanaliAria","C:\DOCUMENTI\sd\sorgenti\bm-sd\CANALI\INPGRAF\INIT_CAR.PAS","WM","C:\DOCUMENTI\sd\sorgenti\bm-sd\CANALI\WM.pas"
"CanaliAria","C:\DOCUMENTI\sd\sorgenti\bm-sd\CANALI\INPGRAF\INIT_CCA.PAS","crt","C:\DOCUMENTI\sd\sorgenti\bm-sd\CANALI\CRT.pas"
"CanaliAria","C:\DOCUMENTI\sd\sorgenti\bm-sd\CANALI\INPGRAF\INIT_CCA.PAS","wm","C:\DOCUMENTI\sd\sorgenti\bm-sd\CANALI\WM.pas"
"CanaliAria","C:\DOCUMENTI\sd\sorgenti\bm-sd\CANALI\INPGRAF\INIT_DUC.PAS","Crt","C:\DOCUMENTI\sd\sorgenti\bm-sd\CANALI\CRT.pas"
"CanaliAria","C:\DOCUMENTI\sd\sorgenti\bm-sd\CANALI\INPGRAF\INIT_DUC.PAS","datigen","C:\DOCUMENTI\sd\sorgenti\bm-sd\CANALI\DATIGEN.PAS"
"CanaliAria","C:\DOCUMENTI\sd\sorgenti\bm-sd\CANALI\INPGRAF\INIT_DUC.PAS","Dos","C:\DOCUMENTI\sd\sorgenti\bm-sd\CANALI\DOS.pas"
"CanaliAria","C:\DOCUMENTI\sd\sorgenti\bm-sd\CANALI\INPGRAF\INIT_DUC.PAS","Turbo3","C:\DOCUMENTI\sd\sorgenti\bm-sd\CANALI\INPGRAF\TURBO3.PAS"
"CanaliAria","C:\DOCUMENTI\sd\sorgenti\bm-sd\CANALI\INPGRAF\INIT_DUC.PAS","WM","C:\DOCUMENTI\sd\sorgenti\bm-sd\CANALI\WM.pas"
"CanaliAria","C:\DOCUMENTI\sd\sorgenti\bm-sd\CANALI\INPGRAF\INPUTC.PAS","Angoli","C:\DOCUMENTI\sd\sorgenti\bm-sd\CANALI\INPGRAF\ANGOLI.PAS"
"CanaliAria","C:\DOCUMENTI\sd\sorgenti\bm-sd\CANALI\INPGRAF\INPUTC.PAS","Blocco","C:\DOCUMENTI\sd\sorgenti\bm-sd\CANALI\INPGRAF\BLOCCO.PAS"
"CanaliAria","C:\DOCUMENTI\sd\sorgenti\bm-sd\CANALI\INPGRAF\INPUTC.PAS","controll","C:\DOCUMENTI\sd\sorgenti\bm-sd\CANALI\CONTROLL.PAS"
"CanaliAria","C:\DOCUMENTI\sd\sorgenti\bm-sd\CANALI\INPGRAF\INPUTC.PAS","crt","C:\DOCUMENTI\sd\sorgenti\bm-sd\CANALI\CRT.pas"
"CanaliAria","C:\DOCUMENTI\sd\sorgenti\bm-sd\CANALI\INPGRAF\INPUTC.PAS","Debug","C:\DOCUMENTI\sd\sorgenti\bm-sd\CANALI\INPGRAF\DEBUG.PAS"
"CanaliAria","C:\DOCUMENTI\sd\sorgenti\bm-sd\CANALI\INPGRAF\INPUTC.PAS","diseg","C:\DOCUMENTI\sd\sorgenti\bm-sd\CANALI\INPGRAF\DISEG.PAS"
"CanaliAria","C:\DOCUMENTI\sd\sorgenti\bm-sd\CANALI\INPGRAF\INPUTC.PAS","dxfoutu","C:\DOCUMENTI\sd\sorgenti\bm-sd\CANALI\INPGRAF\DXFOUTU.PAS"
"CanaliAria","C:\DOCUMENTI\sd\sorgenti\bm-sd\CANALI\INPGRAF\INPUTC.PAS","Edit","C:\DOCUMENTI\sd\sorgenti\bm-sd\CANALI\INPGRAF\EDIT.PAS"
"CanaliAria","C:\DOCUMENTI\sd\sorgenti\bm-sd\CANALI\INPGRAF\INPUTC.PAS","esiste","C:\DOCUMENTI\sd\sorgenti\bm-sd\CANALI\INPGRAF\ESISTE.PAS"
"CanaliAria","C:\DOCUMENTI\sd\sorgenti\bm-sd\CANALI\INPGRAF\INPUTC.PAS","funzbase","C:\DOCUMENTI\sd\sorgenti\bm-sd\CANALI\INPGRAF\FUNZBASE.PAS"
"CanaliAria","C:\DOCUMENTI\sd\sorgenti\bm-sd\CANALI\INPGRAF\INPUTC.PAS","genproc","C:\DOCUMENTI\sd\sorgenti\bm-sd\CANALI\INPGRAF\GENPROC.PAS"
"CanaliAria","C:\DOCUMENTI\sd\sorgenti\bm-sd\CANALI\INPGRAF\INPUTC.PAS","globfunz","C:\DOCUMENTI\sd\sorgenti\bm-sd\CANALI\INPGRAF\GLOBFUNZ.PAS"
"CanaliAria","C:\DOCUMENTI\sd\sorgenti\bm-sd\CANALI\INPGRAF\INPUTC.PAS","init","C:\DOCUMENTI\sd\sorgenti\bm-sd\CANALI\INPGRAF\INIT.PAS"
"CanaliAria","C:\DOCUMENTI\sd\sorgenti\bm-sd\CANALI\INPGRAF\INPUTC.PAS","init_cca","C:\DOCUMENTI\sd\sorgenti\bm-sd\CANALI\INPGRAF\INIT_CCA.PAS"
"CanaliAria","C:\DOCUMENTI\sd\sorgenti\bm-sd\CANALI\INPGRAF\INPUTC.PAS","Inser","C:\DOCUMENTI\sd\sorgenti\bm-sd\CANALI\INPGRAF\INSER.PAS"
"CanaliAria","C:\DOCUMENTI\sd\sorgenti\bm-sd\CANALI\INPGRAF\INPUTC.PAS","Load_D","C:\DOCUMENTI\sd\sorgenti\bm-sd\CANALI\INPGRAF\LOAD_D.PAS"
"CanaliAria","C:\DOCUMENTI\sd\sorgenti\bm-sd\CANALI\INPGRAF\INPUTC.PAS","Load_P","C:\DOCUMENTI\sd\sorgenti\bm-sd\CANALI\INPGRAF\LOAD_P.PAS"
"CanaliAria","C:\DOCUMENTI\sd\sorgenti\bm-sd\CANALI\INPGRAF\INPUTC.PAS","Ridis_U","C:\DOCUMENTI\sd\sorgenti\bm-sd\CANALI\INPGRAF\RIDIS_U.PAS"
"CanaliAria","C:\DOCUMENTI\sd\sorgenti\bm-sd\CANALI\INPGRAF\INPUTC.PAS","riduz","C:\DOCUMENTI\sd\sorgenti\bm-sd\CANALI\INPGRAF\RIDUZ.PAS"
"CanaliAria","C:\DOCUMENTI\sd\sorgenti\bm-sd\CANALI\INPGRAF\INPUTC.PAS","tronco","C:\DOCUMENTI\sd\sorgenti\bm-sd\CANALI\INPGRAF\TRONCO.PAS"
"CanaliAria","C:\DOCUMENTI\sd\sorgenti\bm-sd\CANALI\INPGRAF\INPUTC.PAS","Vsez","C:\DOCUMENTI\sd\sorgenti\bm-sd\CANALI\INPGRAF\VSEZ.PAS"
"CanaliAria","C:\DOCUMENTI\sd\sorgenti\bm-sd\CANALI\INPGRAF\INPUTC.PAS","WM","C:\DOCUMENTI\sd\sorgenti\bm-sd\CANALI\WM.pas"
"CanaliAria","C:\DOCUMENTI\sd\sorgenti\bm-sd\CANALI\INPGRAF\INPUTCAN.PAS","inputc","C:\DOCUMENTI\sd\sorgenti\bm-sd\CANALI\INPGRAF\INPUTC.PAS"
"CanaliAria","C:\DOCUMENTI\sd\sorgenti\bm-sd\CANALI\INPGRAF\INSER.PAS","angoli","C:\DOCUMENTI\sd\sorgenti\bm-sd\CANALI\INPGRAF\ANGOLI.PAS"
"CanaliAria","C:\DOCUMENTI\sd\sorgenti\bm-sd\CANALI\INPGRAF\INSER.PAS","controll","C:\DOCUMENTI\sd\sorgenti\bm-sd\CANALI\CONTROLL.PAS"
"CanaliAria","C:\DOCUMENTI\sd\sorgenti\bm-sd\CANALI\INPGRAF\INSER.PAS","debug","C:\DOCUMENTI\sd\sorgenti\bm-sd\CANALI\INPGRAF\DEBUG.PAS"
"CanaliAria","C:\DOCUMENTI\sd\sorgenti\bm-sd\CANALI\INPGRAF\INSER.PAS","diseg","C:\DOCUMENTI\sd\sorgenti\bm-sd\CANALI\INPGRAF\DISEG.PAS"
"CanaliAria","C:\DOCUMENTI\sd\sorgenti\bm-sd\CANALI\INPGRAF\INSER.PAS","genproc","C:\DOCUMENTI\sd\sorgenti\bm-sd\CANALI\INPGRAF\GENPROC.PAS"
"CanaliAria","C:\DOCUMENTI\sd\sorgenti\bm-sd\CANALI\INPGRAF\INSER.PAS","globfunz","C:\DOCUMENTI\sd\sorgenti\bm-sd\CANALI\INPGRAF\GLOBFUNZ.PAS"
"CanaliAria","C:\DOCUMENTI\sd\sorgenti\bm-sd\CANALI\INPGRAF\INSER.PAS","osnap","C:\DOCUMENTI\sd\sorgenti\bm-sd\CANALI\INPGRAF\OSNAP.PAS"
"CanaliAria","C:\DOCUMENTI\sd\sorgenti\bm-sd\CANALI\INPGRAF\INSER.PAS","spazio","C:\DOCUMENTI\sd\sorgenti\bm-sd\CANALI\INPGRAF\SPAZIO.PAS"
"CanaliAria","C:\DOCUMENTI\sd\sorgenti\bm-sd\CANALI\INPGRAF\INSER.PAS","verifica","C:\DOCUMENTI\sd\sorgenti\bm-sd\CANALI\INPGRAF\VERIFICA.PAS"
"CanaliAria","C:\DOCUMENTI\sd\sorgenti\bm-sd\CANALI\INPGRAF\INSER.PAS","WM","C:\DOCUMENTI\sd\sorgenti\bm-sd\CANALI\WM.pas"
"CanaliAria","C:\DOCUMENTI\sd\sorgenti\bm-sd\CANALI\INPGRAF\INSTALLA.PAS","crt","C:\DOCUMENTI\sd\sorgenti\bm-sd\CANALI\CRT.pas"
"CanaliAria","C:\DOCUMENTI\sd\sorgenti\bm-sd\CANALI\INPGRAF\INSTALLA.PAS","dos","C:\DOCUMENTI\sd\sorgenti\bm-sd\CANALI\DOS.pas"
"CanaliAria","C:\DOCUMENTI\sd\sorgenti\bm-sd\CANALI\INPGRAF\INTERESS.PAS","crt","C:\DOCUMENTI\sd\sorgenti\bm-sd\CANALI\CRT.pas"
"CanaliAria","C:\DOCUMENTI\sd\sorgenti\bm-sd\CANALI\INPGRAF\INTERF3D.PAS","angoli","C:\DOCUMENTI\sd\sorgenti\bm-sd\CANALI\INPGRAF\ANGOLI.PAS"
"CanaliAria","C:\DOCUMENTI\sd\sorgenti\bm-sd\CANALI\INPGRAF\INTERF3D.PAS","funzdim","C:\DOCUMENTI\sd\sorgenti\bm-sd\CANALI\INPGRAF\FUNZDIM.PAS"
"CanaliAria","C:\DOCUMENTI\sd\sorgenti\bm-sd\CANALI\INPGRAF\INTERF3D.PAS","U_varpezzi","C:\DOCUMENTI\sd\sorgenti\bm-sd\CANALI\INPGRAF\U_VARPEZZI.pas"
"CanaliAria","C:\DOCUMENTI\sd\sorgenti\bm-sd\CANALI\INPGRAF\INTERF3D.PAS","wintypes","C:\DOCUMENTI\sd\sorgenti\bm-sd\CANALI\wintypes.pas"
"CanaliAria","C:\DOCUMENTI\sd\sorgenti\bm-sd\CANALI\INPGRAF\LOAD_D.PAS","controll","C:\DOCUMENTI\sd\sorgenti\bm-sd\CANALI\CONTROLL.PAS"
"CanaliAria","C:\DOCUMENTI\sd\sorgenti\bm-sd\CANALI\INPGRAF\LOAD_D.PAS","funzbase","C:\DOCUMENTI\sd\sorgenti\bm-sd\CANALI\INPGRAF\FUNZBASE.PAS"
"CanaliAria","C:\DOCUMENTI\sd\sorgenti\bm-sd\CANALI\INPGRAF\LOAD_D.PAS","genproc","C:\DOCUMENTI\sd\sorgenti\bm-sd\CANALI\INPGRAF\GENPROC.PAS"
"CanaliAria","C:\DOCUMENTI\sd\sorgenti\bm-sd\CANALI\INPGRAF\LOAD_D.PAS","WM","C:\DOCUMENTI\sd\sorgenti\bm-sd\CANALI\WM.pas"
"CanaliAria","C:\DOCUMENTI\sd\sorgenti\bm-sd\CANALI\INPGRAF\LOAD_P.PAS","Angoli","C:\DOCUMENTI\sd\sorgenti\bm-sd\CANALI\INPGRAF\ANGOLI.PAS"
"CanaliAria","C:\DOCUMENTI\sd\sorgenti\bm-sd\CANALI\INPGRAF\LOAD_P.PAS","controll","C:\DOCUMENTI\sd\sorgenti\bm-sd\CANALI\CONTROLL.PAS"
"CanaliAria","C:\DOCUMENTI\sd\sorgenti\bm-sd\CANALI\INPGRAF\LOAD_P.PAS","diseg","C:\DOCUMENTI\sd\sorgenti\bm-sd\CANALI\INPGRAF\DISEG.PAS"
"CanaliAria","C:\DOCUMENTI\sd\sorgenti\bm-sd\CANALI\INPGRAF\LOAD_P.PAS","esiste","C:\DOCUMENTI\sd\sorgenti\bm-sd\CANALI\INPGRAF\ESISTE.PAS"
"CanaliAria","C:\DOCUMENTI\sd\sorgenti\bm-sd\CANALI\INPGRAF\LOAD_P.PAS","genproc","C:\DOCUMENTI\sd\sorgenti\bm-sd\CANALI\INPGRAF\GENPROC.PAS"
"CanaliAria","C:\DOCUMENTI\sd\sorgenti\bm-sd\CANALI\INPGRAF\LOAD_P.PAS","globfunz","C:\DOCUMENTI\sd\sorgenti\bm-sd\CANALI\INPGRAF\GLOBFUNZ.PAS"
"CanaliAria","C:\DOCUMENTI\sd\sorgenti\bm-sd\CANALI\INPGRAF\LOAD_P.PAS","ImpTerm","C:\DOCUMENTI\sd\sorgenti\bm-sd\CANALI\INPGRAF\IMPTERM.PAS"
"CanaliAria","C:\DOCUMENTI\sd\sorgenti\bm-sd\CANALI\INPGRAF\LOAD_P.PAS","inituti","C:\DOCUMENTI\sd\sorgenti\bm-sd\CANALI\UTILS\INITUTI.PAS"
"CanaliAria","C:\DOCUMENTI\sd\sorgenti\bm-sd\CANALI\INPGRAF\LOAD_P.PAS","minicalc","C:\DOCUMENTI\sd\sorgenti\bm-sd\CANALI\INPGRAF\MINICALC.PAS"
"CanaliAria","C:\DOCUMENTI\sd\sorgenti\bm-sd\CANALI\INPGRAF\LOAD_P.PAS","Ridis_U","C:\DOCUMENTI\sd\sorgenti\bm-sd\CANALI\INPGRAF\RIDIS_U.PAS"
"CanaliAria","C:\DOCUMENTI\sd\sorgenti\bm-sd\CANALI\INPGRAF\LOAD_P.PAS","WM","C:\DOCUMENTI\sd\sorgenti\bm-sd\CANALI\WM.pas"
"CanaliAria","C:\DOCUMENTI\sd\sorgenti\bm-sd\CANALI\INPGRAF\LOADDIS.PAS","genproc","C:\DOCUMENTI\sd\sorgenti\bm-sd\CANALI\INPGRAF\GENPROC.PAS"
"CanaliAria","C:\DOCUMENTI\sd\sorgenti\bm-sd\CANALI\INPGRAF\LOADDIS.PAS","globfunz","C:\DOCUMENTI\sd\sorgenti\bm-sd\CANALI\INPGRAF\GLOBFUNZ.PAS"
"CanaliAria","C:\DOCUMENTI\sd\sorgenti\bm-sd\CANALI\INPGRAF\MAIN_DOS.PAS","inputc","C:\DOCUMENTI\sd\sorgenti\bm-sd\CANALI\INPGRAF\INPUTC.PAS"
"CanaliAria","C:\DOCUMENTI\sd\sorgenti\bm-sd\CANALI\INPGRAF\MAINEDIT.PAS","DBTables","C:\DOCUMENTI\sd\sorgenti\bm-sd\componenti\kbmmem\bdenew\DbTables.pas"
"CanaliAria","C:\DOCUMENTI\sd\sorgenti\bm-sd\CANALI\INPGRAF\MAINEDIT.PAS","WinTypes","C:\DOCUMENTI\sd\sorgenti\bm-sd\CANALI\wintypes.pas"
"CanaliAria","C:\DOCUMENTI\sd\sorgenti\bm-sd\CANALI\INPGRAF\MAINEDIT.PAS","wm","C:\DOCUMENTI\sd\sorgenti\bm-sd\CANALI\WM.pas"
"CanaliAria","C:\DOCUMENTI\sd\sorgenti\bm-sd\CANALI\INPGRAF\MENU.PAS","crt","C:\DOCUMENTI\sd\sorgenti\bm-sd\CANALI\CRT.pas"
"CanaliAria","C:\DOCUMENTI\sd\sorgenti\bm-sd\CANALI\INPGRAF\MENU.PAS","dos","C:\DOCUMENTI\sd\sorgenti\bm-sd\CANALI\DOS.pas"
"CanaliAria","C:\DOCUMENTI\sd\sorgenti\bm-sd\CANALI\INPGRAF\MINICALC.PAS","angoli","C:\DOCUMENTI\sd\sorgenti\bm-sd\CANALI\INPGRAF\ANGOLI.PAS"
"CanaliAria","C:\DOCUMENTI\sd\sorgenti\bm-sd\CANALI\INPGRAF\MINICALC.PAS","genproc","C:\DOCUMENTI\sd\sorgenti\bm-sd\CANALI\INPGRAF\GENPROC.PAS"
"CanaliAria","C:\DOCUMENTI\sd\sorgenti\bm-sd\CANALI\INPGRAF\MINICALC.PAS","ioduct","C:\DOCUMENTI\sd\sorgenti\bm-sd\CANALI\ioduct.pas"
"CanaliAria","C:\DOCUMENTI\sd\sorgenti\bm-sd\CANALI\INPGRAF\MINICALC.PAS","N_disdim","C:\DOCUMENTI\sd\sorgenti\bm-sd\CANALI\INPGRAF\N_DISDIM.PAS"
"CanaliAria","C:\DOCUMENTI\sd\sorgenti\bm-sd\CANALI\INPGRAF\MINICALC.PAS","RIDIS_U","C:\DOCUMENTI\sd\sorgenti\bm-sd\CANALI\INPGRAF\RIDIS_U.PAS"
"CanaliAria","C:\DOCUMENTI\sd\sorgenti\bm-sd\CANALI\INPGRAF\MINICALC.PAS","Wm","C:\DOCUMENTI\sd\sorgenti\bm-sd\CANALI\WM.pas"
"CanaliAria","C:\DOCUMENTI\sd\sorgenti\bm-sd\CANALI\INPGRAF\N_DISDIM.PAS","Angoli","C:\DOCUMENTI\sd\sorgenti\bm-sd\CANALI\INPGRAF\ANGOLI.PAS"
"CanaliAria","C:\DOCUMENTI\sd\sorgenti\bm-sd\CANALI\INPGRAF\N_DISDIM.PAS","crdummy","C:\DOCUMENTI\sd\sorgenti\bm-sd\CANALI\INPGRAF\CRDUMMY.PAS"
"CanaliAria","C:\DOCUMENTI\sd\sorgenti\bm-sd\CANALI\INPGRAF\N_DISDIM.PAS","crt","C:\DOCUMENTI\sd\sorgenti\bm-sd\CANALI\CRT.pas"
"CanaliAria","C:\DOCUMENTI\sd\sorgenti\bm-sd\CANALI\INPGRAF\N_DISDIM.PAS","dos","C:\DOCUMENTI\sd\sorgenti\bm-sd\CANALI\DOS.pas"
"CanaliAria","C:\DOCUMENTI\sd\sorgenti\bm-sd\CANALI\INPGRAF\N_DISDIM.PAS","FunzDim","C:\DOCUMENTI\sd\sorgenti\bm-sd\CANALI\INPGRAF\FUNZDIM.PAS"
"CanaliAria","C:\DOCUMENTI\sd\sorgenti\bm-sd\CANALI\INPGRAF\N_DISDIM.PAS","FunzOver","C:\DOCUMENTI\sd\sorgenti\bm-sd\CANALI\INPGRAF\FUNZOVER.PAS"
"CanaliAria","C:\DOCUMENTI\sd\sorgenti\bm-sd\CANALI\INPGRAF\N_DISDIM.PAS","init_cca","C:\DOCUMENTI\sd\sorgenti\bm-sd\CANALI\INPGRAF\INIT_CCA.PAS"
"CanaliAria","C:\DOCUMENTI\sd\sorgenti\bm-sd\CANALI\INPGRAF\N_DISDIM.PAS","intcr","C:\DOCUMENTI\sd\sorgenti\bm-sd\CANALI\INPGRAF\INTCR.PAS"
"CanaliAria","C:\DOCUMENTI\sd\sorgenti\bm-sd\CANALI\INPGRAF\N_DISDIM.PAS","interf3d","C:\DOCUMENTI\sd\sorgenti\bm-sd\CANALI\INPGRAF\INTERF3D.PAS"
"CanaliAria","C:\DOCUMENTI\sd\sorgenti\bm-sd\CANALI\INPGRAF\N_DISDIM.PAS","Load_d","C:\DOCUMENTI\sd\sorgenti\bm-sd\CANALI\INPGRAF\LOAD_D.PAS"
"CanaliAria","C:\DOCUMENTI\sd\sorgenti\bm-sd\CANALI\INPGRAF\N_DISDIM.PAS","novitplt","C:\DOCUMENTI\sd\sorgenti\bm-sd\CANALI\INPGRAF\NOVITPLT.PAS"
"CanaliAria","C:\DOCUMENTI\sd\sorgenti\bm-sd\CANALI\INPGRAF\N_DISDIM.PAS","pezzi","C:\DOCUMENTI\sd\sorgenti\bm-sd\CANALI\INPGRAF\PEZZI.PAS"
"CanaliAria","C:\DOCUMENTI\sd\sorgenti\bm-sd\CANALI\INPGRAF\N_DISDIM.PAS","RuotaSez","C:\DOCUMENTI\sd\sorgenti\bm-sd\CANALI\INPGRAF\RUOTASEZ.PAS"
"CanaliAria","C:\DOCUMENTI\sd\sorgenti\bm-sd\CANALI\INPGRAF\N_DISDIM.PAS","U_310F","C:\DOCUMENTI\sd\sorgenti\bm-sd\CANALI\INPGRAF\U_310F.PAS"
"CanaliAria","C:\DOCUMENTI\sd\sorgenti\bm-sd\CANALI\INPGRAF\N_DISDIM.PAS","wm","C:\DOCUMENTI\sd\sorgenti\bm-sd\CANALI\WM.pas"
"CanaliAria","C:\DOCUMENTI\sd\sorgenti\bm-sd\CANALI\INPGRAF\NOVITDIM.PAS","diseg","C:\DOCUMENTI\sd\sorgenti\bm-sd\CANALI\INPGRAF\DISEG.PAS"
"CanaliAria","C:\DOCUMENTI\sd\sorgenti\bm-sd\CANALI\INPGRAF\NOVITDIM.PAS","esiste","C:\DOCUMENTI\sd\sorgenti\bm-sd\CANALI\INPGRAF\ESISTE.PAS"
"CanaliAria","C:\DOCUMENTI\sd\sorgenti\bm-sd\CANALI\INPGRAF\NOVITDIM.PAS","genproc","C:\DOCUMENTI\sd\sorgenti\bm-sd\CANALI\INPGRAF\GENPROC.PAS"
"CanaliAria","C:\DOCUMENTI\sd\sorgenti\bm-sd\CANALI\INPGRAF\NOVITDIM.PAS","wintypes","C:\DOCUMENTI\sd\sorgenti\bm-sd\CANALI\wintypes.pas"
"CanaliAria","C:\DOCUMENTI\sd\sorgenti\bm-sd\CANALI\INPGRAF\NOVITPLT.PAS","angoli","C:\DOCUMENTI\sd\sorgenti\bm-sd\CANALI\INPGRAF\ANGOLI.PAS"
"CanaliAria","C:\DOCUMENTI\sd\sorgenti\bm-sd\CANALI\INPGRAF\NOVITPLT.PAS","diseg","C:\DOCUMENTI\sd\sorgenti\bm-sd\CANALI\INPGRAF\DISEG.PAS"
"CanaliAria","C:\DOCUMENTI\sd\sorgenti\bm-sd\CANALI\INPGRAF\NOVITPLT.PAS","esiste","C:\DOCUMENTI\sd\sorgenti\bm-sd\CANALI\INPGRAF\ESISTE.PAS"
"CanaliAria","C:\DOCUMENTI\sd\sorgenti\bm-sd\CANALI\INPGRAF\NOVITPLT.PAS","genproc","C:\DOCUMENTI\sd\sorgenti\bm-sd\CANALI\INPGRAF\GENPROC.PAS"
"CanaliAria","C:\DOCUMENTI\sd\sorgenti\bm-sd\CANALI\INPGRAF\NOVITPLT.PAS","globfunz","C:\DOCUMENTI\sd\sorgenti\bm-sd\CANALI\INPGRAF\GLOBFUNZ.PAS"
"CanaliAria","C:\DOCUMENTI\sd\sorgenti\bm-sd\CANALI\INPGRAF\NOVITPLT.PAS","percento","C:\DOCUMENTI\sd\sorgenti\bm-sd\CANALI\INPGRAF\PERCENTO.PAS"
"CanaliAria","C:\DOCUMENTI\sd\sorgenti\bm-sd\CANALI\INPGRAF\NOVITPLT.PAS","wm","C:\DOCUMENTI\sd\sorgenti\bm-sd\CANALI\WM.pas"
"CanaliAria","C:\DOCUMENTI\sd\sorgenti\bm-sd\CANALI\INPGRAF\NUOVE_F.PAS","genproc","C:\DOCUMENTI\sd\sorgenti\bm-sd\CANALI\INPGRAF\GENPROC.PAS"
"CanaliAria","C:\DOCUMENTI\sd\sorgenti\bm-sd\CANALI\INPGRAF\OLD_GRU.PAS","Turbo3","C:\DOCUMENTI\sd\sorgenti\bm-sd\CANALI\INPGRAF\TURBO3.PAS"
"CanaliAria","C:\DOCUMENTI\sd\sorgenti\bm-sd\CANALI\INPGRAF\OLD_GRU.PAS","WM","C:\DOCUMENTI\sd\sorgenti\bm-sd\CANALI\WM.pas"
"CanaliAria","C:\DOCUMENTI\sd\sorgenti\bm-sd\CANALI\INPGRAF\OLDKEY.PAS","crt","C:\DOCUMENTI\sd\sorgenti\bm-sd\CANALI\CRT.pas"
"CanaliAria","C:\DOCUMENTI\sd\sorgenti\bm-sd\CANALI\INPGRAF\OLDKEY.PAS","dos","C:\DOCUMENTI\sd\sorgenti\bm-sd\CANALI\DOS.pas"
"CanaliAria","C:\DOCUMENTI\sd\sorgenti\bm-sd\CANALI\INPGRAF\OLDKEY.PAS","WM","C:\DOCUMENTI\sd\sorgenti\bm-sd\CANALI\WM.pas"
"CanaliAria","C:\DOCUMENTI\sd\sorgenti\bm-sd\CANALI\INPGRAF\OS_GEN.PAS","crt","C:\DOCUMENTI\sd\sorgenti\bm-sd\CANALI\CRT.pas"
"CanaliAria","C:\DOCUMENTI\sd\sorgenti\bm-sd\CANALI\INPGRAF\OS_GEN.PAS","dos","C:\DOCUMENTI\sd\sorgenti\bm-sd\CANALI\DOS.pas"
"CanaliAria","C:\DOCUMENTI\sd\sorgenti\bm-sd\CANALI\INPGRAF\OS_GEN.PAS","genproc","C:\DOCUMENTI\sd\sorgenti\bm-sd\CANALI\INPGRAF\GENPROC.PAS"
"CanaliAria","C:\DOCUMENTI\sd\sorgenti\bm-sd\CANALI\INPGRAF\OS_GEN.PAS","ut_deb","C:\DOCUMENTI\sd\sorgenti\bm-sd\CANALI\INPGRAF\UT_DEB.PAS"
"CanaliAria","C:\DOCUMENTI\sd\sorgenti\bm-sd\CANALI\INPGRAF\OSN_GEN.PAS","crt","C:\DOCUMENTI\sd\sorgenti\bm-sd\CANALI\CRT.pas"
"CanaliAria","C:\DOCUMENTI\sd\sorgenti\bm-sd\CANALI\INPGRAF\OSN_GEN.PAS","dos","C:\DOCUMENTI\sd\sorgenti\bm-sd\CANALI\DOS.pas"
"CanaliAria","C:\DOCUMENTI\sd\sorgenti\bm-sd\CANALI\INPGRAF\OSN_GEN.PAS","genproc","C:\DOCUMENTI\sd\sorgenti\bm-sd\CANALI\INPGRAF\GENPROC.PAS"
"CanaliAria","C:\DOCUMENTI\sd\sorgenti\bm-sd\CANALI\INPGRAF\OSN_GEN.PAS","ut_deb","C:\DOCUMENTI\sd\sorgenti\bm-sd\CANALI\INPGRAF\UT_DEB.PAS"
"CanaliAria","C:\DOCUMENTI\sd\sorgenti\bm-sd\CANALI\INPGRAF\OSNAP.PAS","esiste","C:\DOCUMENTI\sd\sorgenti\bm-sd\CANALI\INPGRAF\ESISTE.PAS"
"CanaliAria","C:\DOCUMENTI\sd\sorgenti\bm-sd\CANALI\INPGRAF\OSNAP.PAS","genproc","C:\DOCUMENTI\sd\sorgenti\bm-sd\CANALI\INPGRAF\GENPROC.PAS"
"CanaliAria","C:\DOCUMENTI\sd\sorgenti\bm-sd\CANALI\INPGRAF\OSNAPTRO.PAS","angoli","C:\DOCUMENTI\sd\sorgenti\bm-sd\CANALI\INPGRAF\ANGOLI.PAS"
"CanaliAria","C:\DOCUMENTI\sd\sorgenti\bm-sd\CANALI\INPGRAF\OSNAPTRO.PAS","genproc","C:\DOCUMENTI\sd\sorgenti\bm-sd\CANALI\INPGRAF\GENPROC.PAS"
"CanaliAria","C:\DOCUMENTI\sd\sorgenti\bm-sd\CANALI\INPGRAF\OUTPLT.PAS","globfunz","C:\DOCUMENTI\sd\sorgenti\bm-sd\CANALI\INPGRAF\GLOBFUNZ.PAS"
"CanaliAria","C:\DOCUMENTI\sd\sorgenti\bm-sd\CANALI\INPGRAF\PERCENTO.PAS","textc","C:\DOCUMENTI\sd\sorgenti\bm-sd\CANALI\INPGRAF\TEXTC.PAS"
"CanaliAria","C:\DOCUMENTI\sd\sorgenti\bm-sd\CANALI\INPGRAF\PEZZI.PAS","crdummy","C:\DOCUMENTI\sd\sorgenti\bm-sd\CANALI\INPGRAF\CRDUMMY.PAS"
"CanaliAria","C:\DOCUMENTI\sd\sorgenti\bm-sd\CANALI\INPGRAF\PEZZI.PAS","crt","C:\DOCUMENTI\sd\sorgenti\bm-sd\CANALI\CRT.pas"
"CanaliAria","C:\DOCUMENTI\sd\sorgenti\bm-sd\CANALI\INPGRAF\PEZZI.PAS","dos","C:\DOCUMENTI\sd\sorgenti\bm-sd\CANALI\DOS.pas"
"CanaliAria","C:\DOCUMENTI\sd\sorgenti\bm-sd\CANALI\INPGRAF\PEZZI.PAS","interf3d","C:\DOCUMENTI\sd\sorgenti\bm-sd\CANALI\INPGRAF\INTERF3D.PAS"
"CanaliAria","C:\DOCUMENTI\sd\sorgenti\bm-sd\CANALI\INPGRAF\PEZZI.PAS","U_05LR","C:\DOCUMENTI\sd\sorgenti\bm-sd\CANALI\INPGRAF\U_05LR.PAS"
"CanaliAria","C:\DOCUMENTI\sd\sorgenti\bm-sd\CANALI\INPGRAF\PEZZI.PAS","U_079R","C:\DOCUMENTI\sd\sorgenti\bm-sd\CANALI\INPGRAF\U_079R.PAS"
"CanaliAria","C:\DOCUMENTI\sd\sorgenti\bm-sd\CANALI\INPGRAF\PEZZI.PAS","U_10RA","C:\DOCUMENTI\sd\sorgenti\bm-sd\CANALI\INPGRAF\U_10RA.PAS"
"CanaliAria","C:\DOCUMENTI\sd\sorgenti\bm-sd\CANALI\INPGRAF\PEZZI.PAS","U_13CB","C:\DOCUMENTI\sd\sorgenti\bm-sd\CANALI\INPGRAF\U_13CB.PAS"
"CanaliAria","C:\DOCUMENTI\sd\sorgenti\bm-sd\CANALI\INPGRAF\PEZZI.PAS","U_13RBT","C:\DOCUMENTI\sd\sorgenti\bm-sd\CANALI\INPGRAF\U_13RBT.PAS"
"CanaliAria","C:\DOCUMENTI\sd\sorgenti\bm-sd\CANALI\INPGRAF\PEZZI.PAS","U_15RBT","C:\DOCUMENTI\sd\sorgenti\bm-sd\CANALI\INPGRAF\U_15RBT.PAS"
"CanaliAria","C:\DOCUMENTI\sd\sorgenti\bm-sd\CANALI\INPGRAF\PEZZI.PAS","U_180R","C:\DOCUMENTI\sd\sorgenti\bm-sd\CANALI\INPGRAF\U_180R.PAS"
"CanaliAria","C:\DOCUMENTI\sd\sorgenti\bm-sd\CANALI\INPGRAF\PEZZI.PAS","U_271R","C:\DOCUMENTI\sd\sorgenti\bm-sd\CANALI\INPGRAF\U_271R.PAS"
"CanaliAria","C:\DOCUMENTI\sd\sorgenti\bm-sd\CANALI\INPGRAF\PEZZI.PAS","U_31CC","C:\DOCUMENTI\sd\sorgenti\bm-sd\CANALI\INPGRAF\U_31CC.PAS"
"CanaliAria","C:\DOCUMENTI\sd\sorgenti\bm-sd\CANALI\INPGRAF\PEZZI.PAS","U_362R","C:\DOCUMENTI\sd\sorgenti\bm-sd\CANALI\INPGRAF\U_362R.PAS"
"CanaliAria","C:\DOCUMENTI\sd\sorgenti\bm-sd\CANALI\INPGRAF\PEZZI.PAS","U_3710","C:\DOCUMENTI\sd\sorgenti\bm-sd\CANALI\INPGRAF\U_3710.PAS"
"CanaliAria","C:\DOCUMENTI\sd\sorgenti\bm-sd\CANALI\INPGRAF\PEZZI.PAS","U_3722","C:\DOCUMENTI\sd\sorgenti\bm-sd\CANALI\INPGRAF\U_3722.PAS"
"CanaliAria","C:\DOCUMENTI\sd\sorgenti\bm-sd\CANALI\INPGRAF\PEZZI.PAS","U_3733","C:\DOCUMENTI\sd\sorgenti\bm-sd\CANALI\INPGRAF\U_3733.PAS"
"CanaliAria","C:\DOCUMENTI\sd\sorgenti\bm-sd\CANALI\INPGRAF\PEZZI.PAS","U_VARPEZZI","C:\DOCUMENTI\sd\sorgenti\bm-sd\CANALI\INPGRAF\U_VARPEZZI.pas"
"CanaliAria","C:\DOCUMENTI\sd\sorgenti\bm-sd\CANALI\INPGRAF\PIANTE.PAS","crt","C:\DOCUMENTI\sd\sorgenti\bm-sd\CANALI\CRT.pas"
"CanaliAria","C:\DOCUMENTI\sd\sorgenti\bm-sd\CANALI\INPGRAF\PIANTE.PAS","dos","C:\DOCUMENTI\sd\sorgenti\bm-sd\CANALI\DOS.pas"
"CanaliAria","C:\DOCUMENTI\sd\sorgenti\bm-sd\CANALI\INPGRAF\PILOTAS.PAS","crt","C:\DOCUMENTI\sd\sorgenti\bm-sd\CANALI\CRT.pas"
"CanaliAria","C:\DOCUMENTI\sd\sorgenti\bm-sd\CANALI\INPGRAF\PILOTAS.PAS","dos","C:\DOCUMENTI\sd\sorgenti\bm-sd\CANALI\DOS.pas"
"CanaliAria","C:\DOCUMENTI\sd\sorgenti\bm-sd\CANALI\INPGRAF\PLOT.PAS","angoli","C:\DOCUMENTI\sd\sorgenti\bm-sd\CANALI\INPGRAF\ANGOLI.PAS"
"CanaliAria","C:\DOCUMENTI\sd\sorgenti\bm-sd\CANALI\INPGRAF\PLOT.PAS","diseg","C:\DOCUMENTI\sd\sorgenti\bm-sd\CANALI\INPGRAF\DISEG.PAS"
"CanaliAria","C:\DOCUMENTI\sd\sorgenti\bm-sd\CANALI\INPGRAF\PLOT.PAS","esiste","C:\DOCUMENTI\sd\sorgenti\bm-sd\CANALI\INPGRAF\ESISTE.PAS"
"CanaliAria","C:\DOCUMENTI\sd\sorgenti\bm-sd\CANALI\INPGRAF\PLOT.PAS","genproc","C:\DOCUMENTI\sd\sorgenti\bm-sd\CANALI\INPGRAF\GENPROC.PAS"
"CanaliAria","C:\DOCUMENTI\sd\sorgenti\bm-sd\CANALI\INPGRAF\PLOT.PAS","globfunz","C:\DOCUMENTI\sd\sorgenti\bm-sd\CANALI\INPGRAF\GLOBFUNZ.PAS"
"CanaliAria","C:\DOCUMENTI\sd\sorgenti\bm-sd\CANALI\INPGRAF\PORTA.PAS","crt","C:\DOCUMENTI\sd\sorgenti\bm-sd\CANALI\CRT.pas"
"CanaliAria","C:\DOCUMENTI\sd\sorgenti\bm-sd\CANALI\INPGRAF\PORTA.PAS","dos","C:\DOCUMENTI\sd\sorgenti\bm-sd\CANALI\DOS.pas"
"CanaliAria","C:\DOCUMENTI\sd\sorgenti\bm-sd\CANALI\INPGRAF\PR.PAS","crt","C:\DOCUMENTI\sd\sorgenti\bm-sd\CANALI\CRT.pas"
"CanaliAria","C:\DOCUMENTI\sd\sorgenti\bm-sd\CANALI\INPGRAF\PR.PAS","dos","C:\DOCUMENTI\sd\sorgenti\bm-sd\CANALI\DOS.pas"
"CanaliAria","C:\DOCUMENTI\sd\sorgenti\bm-sd\CANALI\INPGRAF\PROV.PAS","owindows","C:\DOCUMENTI\sd\sorgenti\bm-sd\CANALI\Owindows.pas"
"CanaliAria","C:\DOCUMENTI\sd\sorgenti\bm-sd\CANALI\INPGRAF\PROV.PAS","utiwin","C:\DOCUMENTI\sd\sorgenti\bm-sd\CANALI\UTIWIN.PAS"
"CanaliAria","C:\DOCUMENTI\sd\sorgenti\bm-sd\CANALI\INPGRAF\PROV.PAS","wintypes","C:\DOCUMENTI\sd\sorgenti\bm-sd\CANALI\wintypes.pas"
"CanaliAria","C:\DOCUMENTI\sd\sorgenti\bm-sd\CANALI\INPGRAF\PROVA.DPR","Uprova","C:\DOCUMENTI\sd\sorgenti\bm-sd\CANALI\INPGRAF\UPROVA.PAS"
"CanaliAria","C:\DOCUMENTI\sd\sorgenti\bm-sd\CANALI\INPGRAF\Provadim.dpr","Uprovadim","C:\DOCUMENTI\sd\sorgenti\bm-sd\CANALI\INPGRAF\Uprovadim.pas"
"CanaliAria","C:\DOCUMENTI\sd\sorgenti\bm-sd\CANALI\INPGRAF\PROVAP.PAS","dos","C:\DOCUMENTI\sd\sorgenti\bm-sd\CANALI\DOS.pas"
"CanaliAria","C:\DOCUMENTI\sd\sorgenti\bm-sd\CANALI\INPGRAF\RADDRIZ.PAS","FunzDim","C:\DOCUMENTI\sd\sorgenti\bm-sd\CANALI\INPGRAF\FUNZDIM.PAS"
"CanaliAria","C:\DOCUMENTI\sd\sorgenti\bm-sd\CANALI\INPGRAF\READPLT.PAS","crt","C:\DOCUMENTI\sd\sorgenti\bm-sd\CANALI\CRT.pas"
"CanaliAria","C:\DOCUMENTI\sd\sorgenti\bm-sd\CANALI\INPGRAF\READPLT.PAS","dos","C:\DOCUMENTI\sd\sorgenti\bm-sd\CANALI\DOS.pas"
"CanaliAria","C:\DOCUMENTI\sd\sorgenti\bm-sd\CANALI\INPGRAF\RIDI.PAS","angoli","C:\DOCUMENTI\sd\sorgenti\bm-sd\CANALI\INPGRAF\ANGOLI.PAS"
"CanaliAria","C:\DOCUMENTI\sd\sorgenti\bm-sd\CANALI\INPGRAF\RIDI.PAS","controll","C:\DOCUMENTI\sd\sorgenti\bm-sd\CANALI\CONTROLL.PAS"
"CanaliAria","C:\DOCUMENTI\sd\sorgenti\bm-sd\CANALI\INPGRAF\RIDI.PAS","disdim","C:\DOCUMENTI\sd\sorgenti\bm-sd\CANALI\INPGRAF\DISDIM.PAS"
"CanaliAria","C:\DOCUMENTI\sd\sorgenti\bm-sd\CANALI\INPGRAF\RIDI.PAS","diseg","C:\DOCUMENTI\sd\sorgenti\bm-sd\CANALI\INPGRAF\DISEG.PAS"
"CanaliAria","C:\DOCUMENTI\sd\sorgenti\bm-sd\CANALI\INPGRAF\RIDI.PAS","esiste","C:\DOCUMENTI\sd\sorgenti\bm-sd\CANALI\INPGRAF\ESISTE.PAS"
"CanaliAria","C:\DOCUMENTI\sd\sorgenti\bm-sd\CANALI\INPGRAF\RIDI.PAS","genproc","C:\DOCUMENTI\sd\sorgenti\bm-sd\CANALI\INPGRAF\GENPROC.PAS"
"CanaliAria","C:\DOCUMENTI\sd\sorgenti\bm-sd\CANALI\INPGRAF\RIDI.PAS","piante","C:\DOCUMENTI\sd\sorgenti\bm-sd\CANALI\INPGRAF\PIANTE.PAS"
"CanaliAria","C:\DOCUMENTI\sd\sorgenti\bm-sd\CANALI\INPGRAF\RIDI.PAS","WM","C:\DOCUMENTI\sd\sorgenti\bm-sd\CANALI\WM.pas"
"CanaliAria","C:\DOCUMENTI\sd\sorgenti\bm-sd\CANALI\INPGRAF\RIDIS_U.PAS","angoli","C:\DOCUMENTI\sd\sorgenti\bm-sd\CANALI\INPGRAF\ANGOLI.PAS"
"CanaliAria","C:\DOCUMENTI\sd\sorgenti\bm-sd\CANALI\INPGRAF\RIDIS_U.PAS","controll","C:\DOCUMENTI\sd\sorgenti\bm-sd\CANALI\CONTROLL.PAS"
"CanaliAria","C:\DOCUMENTI\sd\sorgenti\bm-sd\CANALI\INPGRAF\RIDIS_U.PAS","diseg","C:\DOCUMENTI\sd\sorgenti\bm-sd\CANALI\INPGRAF\DISEG.PAS"
"CanaliAria","C:\DOCUMENTI\sd\sorgenti\bm-sd\CANALI\INPGRAF\RIDIS_U.PAS","esiste","C:\DOCUMENTI\sd\sorgenti\bm-sd\CANALI\INPGRAF\ESISTE.PAS"
"CanaliAria","C:\DOCUMENTI\sd\sorgenti\bm-sd\CANALI\INPGRAF\RIDIS_U.PAS","genproc","C:\DOCUMENTI\sd\sorgenti\bm-sd\CANALI\INPGRAF\GENPROC.PAS"
"CanaliAria","C:\DOCUMENTI\sd\sorgenti\bm-sd\CANALI\INPGRAF\RIDIS_U.PAS","novitdim","C:\DOCUMENTI\sd\sorgenti\bm-sd\CANALI\INPGRAF\NOVITDIM.PAS"
"CanaliAria","C:\DOCUMENTI\sd\sorgenti\bm-sd\CANALI\INPGRAF\RIDIS_U.PAS","piante","C:\DOCUMENTI\sd\sorgenti\bm-sd\CANALI\INPGRAF\PIANTE.PAS"
"CanaliAria","C:\DOCUMENTI\sd\sorgenti\bm-sd\CANALI\INPGRAF\RIDIS_U.PAS","WM","C:\DOCUMENTI\sd\sorgenti\bm-sd\CANALI\WM.pas"
"CanaliAria","C:\DOCUMENTI\sd\sorgenti\bm-sd\CANALI\INPGRAF\RIDUZ.PAS","controll","C:\DOCUMENTI\sd\sorgenti\bm-sd\CANALI\CONTROLL.PAS"
"CanaliAria","C:\DOCUMENTI\sd\sorgenti\bm-sd\CANALI\INPGRAF\RIDUZ.PAS","diseg","C:\DOCUMENTI\sd\sorgenti\bm-sd\CANALI\INPGRAF\DISEG.PAS"
"CanaliAria","C:\DOCUMENTI\sd\sorgenti\bm-sd\CANALI\INPGRAF\RIDUZ.PAS","genproc","C:\DOCUMENTI\sd\sorgenti\bm-sd\CANALI\INPGRAF\GENPROC.PAS"
"CanaliAria","C:\DOCUMENTI\sd\sorgenti\bm-sd\CANALI\INPGRAF\RIDUZ.PAS","globfunz","C:\DOCUMENTI\sd\sorgenti\bm-sd\CANALI\INPGRAF\GLOBFUNZ.PAS"
"CanaliAria","C:\DOCUMENTI\sd\sorgenti\bm-sd\CANALI\INPGRAF\RIDUZ.PAS","WM","C:\DOCUMENTI\sd\sorgenti\bm-sd\CANALI\WM.pas"
"CanaliAria","C:\DOCUMENTI\sd\sorgenti\bm-sd\CANALI\INPGRAF\RTMRES.PAS","Dos","C:\DOCUMENTI\sd\sorgenti\bm-sd\CANALI\DOS.pas"
"CanaliAria","C:\DOCUMENTI\sd\sorgenti\bm-sd\CANALI\INPGRAF\RUOTASEZ.PAS","FunzDim","C:\DOCUMENTI\sd\sorgenti\bm-sd\CANALI\INPGRAF\FUNZDIM.PAS"
"CanaliAria","C:\DOCUMENTI\sd\sorgenti\bm-sd\CANALI\INPGRAF\SALVAPI1.PAS","funzbase","C:\DOCUMENTI\sd\sorgenti\bm-sd\CANALI\INPGRAF\FUNZBASE.PAS"
"CanaliAria","C:\DOCUMENTI\sd\sorgenti\bm-sd\CANALI\INPGRAF\SALVAPI1.PAS","genproc","C:\DOCUMENTI\sd\sorgenti\bm-sd\CANALI\INPGRAF\GENPROC.PAS"
"CanaliAria","C:\DOCUMENTI\sd\sorgenti\bm-sd\CANALI\INPGRAF\SALVAPI1.PAS","inputcan","C:\DOCUMENTI\sd\sorgenti\bm-sd\CANALI\INPGRAF\INPUTCAN.PAS"
"CanaliAria","C:\DOCUMENTI\sd\sorgenti\bm-sd\CANALI\INPGRAF\SALVAPI1.PAS","load_d","C:\DOCUMENTI\sd\sorgenti\bm-sd\CANALI\INPGRAF\LOAD_D.PAS"
"CanaliAria","C:\DOCUMENTI\sd\sorgenti\bm-sd\CANALI\INPGRAF\SALVAPI1.PAS","odialogs","C:\DOCUMENTI\sd\sorgenti\bm-sd\CANALI\Odialogs.pas"
"CanaliAria","C:\DOCUMENTI\sd\sorgenti\bm-sd\CANALI\INPGRAF\SALVAPI1.PAS","owindows","C:\DOCUMENTI\sd\sorgenti\bm-sd\CANALI\Owindows.pas"
"CanaliAria","C:\DOCUMENTI\sd\sorgenti\bm-sd\CANALI\INPGRAF\SALVAPI1.PAS","Ridis_u","C:\DOCUMENTI\sd\sorgenti\bm-sd\CANALI\INPGRAF\RIDIS_U.PAS"
"CanaliAria","C:\DOCUMENTI\sd\sorgenti\bm-sd\CANALI\INPGRAF\SALVAPI1.PAS","WinTypes","C:\DOCUMENTI\sd\sorgenti\bm-sd\CANALI\wintypes.pas"
"CanaliAria","C:\DOCUMENTI\sd\sorgenti\bm-sd\CANALI\INPGRAF\SALVAPI2.PAS","ODialogs","C:\DOCUMENTI\sd\sorgenti\bm-sd\CANALI\Odialogs.pas"
"CanaliAria","C:\DOCUMENTI\sd\sorgenti\bm-sd\CANALI\INPGRAF\SALVAPI2.PAS","OWindows","C:\DOCUMENTI\sd\sorgenti\bm-sd\CANALI\Owindows.pas"
"CanaliAria","C:\DOCUMENTI\sd\sorgenti\bm-sd\CANALI\INPGRAF\SALVAPI2.PAS","WinTypes","C:\DOCUMENTI\sd\sorgenti\bm-sd\CANALI\wintypes.pas"
"CanaliAria","C:\DOCUMENTI\sd\sorgenti\bm-sd\CANALI\INPGRAF\SPAZIO.PAS","blocco","C:\DOCUMENTI\sd\sorgenti\bm-sd\CANALI\INPGRAF\BLOCCO.PAS"
"CanaliAria","C:\DOCUMENTI\sd\sorgenti\bm-sd\CANALI\INPGRAF\SPAZIO.PAS","controll","C:\DOCUMENTI\sd\sorgenti\bm-sd\CANALI\CONTROLL.PAS"
"CanaliAria","C:\DOCUMENTI\sd\sorgenti\bm-sd\CANALI\INPGRAF\SPAZIO.PAS","esiste","C:\DOCUMENTI\sd\sorgenti\bm-sd\CANALI\INPGRAF\ESISTE.PAS"
"CanaliAria","C:\DOCUMENTI\sd\sorgenti\bm-sd\CANALI\INPGRAF\SPAZIO.PAS","genproc","C:\DOCUMENTI\sd\sorgenti\bm-sd\CANALI\INPGRAF\GENPROC.PAS"
"CanaliAria","C:\DOCUMENTI\sd\sorgenti\bm-sd\CANALI\INPGRAF\SPAZIO.PAS","globfunz","C:\DOCUMENTI\sd\sorgenti\bm-sd\CANALI\INPGRAF\GLOBFUNZ.PAS"
"CanaliAria","C:\DOCUMENTI\sd\sorgenti\bm-sd\CANALI\INPGRAF\SPAZIO.PAS","load_d","C:\DOCUMENTI\sd\sorgenti\bm-sd\CANALI\INPGRAF\LOAD_D.PAS"
"CanaliAria","C:\DOCUMENTI\sd\sorgenti\bm-sd\CANALI\INPGRAF\SPAZIO.PAS","Wm","C:\DOCUMENTI\sd\sorgenti\bm-sd\CANALI\WM.pas"
"CanaliAria","C:\DOCUMENTI\sd\sorgenti\bm-sd\CANALI\INPGRAF\TERESA.PAS","crt","C:\DOCUMENTI\sd\sorgenti\bm-sd\CANALI\CRT.pas"
"CanaliAria","C:\DOCUMENTI\sd\sorgenti\bm-sd\CANALI\INPGRAF\TRONCO.PAS","angoli","C:\DOCUMENTI\sd\sorgenti\bm-sd\CANALI\INPGRAF\ANGOLI.PAS"
"CanaliAria","C:\DOCUMENTI\sd\sorgenti\bm-sd\CANALI\INPGRAF\TRONCO.PAS","controll","C:\DOCUMENTI\sd\sorgenti\bm-sd\CANALI\CONTROLL.PAS"
"CanaliAria","C:\DOCUMENTI\sd\sorgenti\bm-sd\CANALI\INPGRAF\TRONCO.PAS","funzbase","C:\DOCUMENTI\sd\sorgenti\bm-sd\CANALI\INPGRAF\FUNZBASE.PAS"
"CanaliAria","C:\DOCUMENTI\sd\sorgenti\bm-sd\CANALI\INPGRAF\TRONCO.PAS","GenProc","C:\DOCUMENTI\sd\sorgenti\bm-sd\CANALI\INPGRAF\GENPROC.PAS"
"CanaliAria","C:\DOCUMENTI\sd\sorgenti\bm-sd\CANALI\INPGRAF\TRONCO.PAS","globfunz","C:\DOCUMENTI\sd\sorgenti\bm-sd\CANALI\INPGRAF\GLOBFUNZ.PAS"
"CanaliAria","C:\DOCUMENTI\sd\sorgenti\bm-sd\CANALI\INPGRAF\TRONCO.PAS","osnap","C:\DOCUMENTI\sd\sorgenti\bm-sd\CANALI\INPGRAF\OSNAP.PAS"
"CanaliAria","C:\DOCUMENTI\sd\sorgenti\bm-sd\CANALI\INPGRAF\TRONCO.PAS","verifica","C:\DOCUMENTI\sd\sorgenti\bm-sd\CANALI\INPGRAF\VERIFICA.PAS"
"CanaliAria","C:\DOCUMENTI\sd\sorgenti\bm-sd\CANALI\INPGRAF\TRONCO.PAS","WM","C:\DOCUMENTI\sd\sorgenti\bm-sd\CANALI\WM.pas"
"CanaliAria","C:\DOCUMENTI\sd\sorgenti\bm-sd\CANALI\INPGRAF\TURBO3.PAS","crt","C:\DOCUMENTI\sd\sorgenti\bm-sd\CANALI\CRT.pas"
"CanaliAria","C:\DOCUMENTI\sd\sorgenti\bm-sd\CANALI\INPGRAF\U_05LR.PAS","crt","C:\DOCUMENTI\sd\sorgenti\bm-sd\CANALI\CRT.pas"
"CanaliAria","C:\DOCUMENTI\sd\sorgenti\bm-sd\CANALI\INPGRAF\U_05LR.PAS","dos","C:\DOCUMENTI\sd\sorgenti\bm-sd\CANALI\DOS.pas"
"CanaliAria","C:\DOCUMENTI\sd\sorgenti\bm-sd\CANALI\INPGRAF\U_05LR.PAS","U_VARPEZZI","C:\DOCUMENTI\sd\sorgenti\bm-sd\CANALI\INPGRAF\U_VARPEZZI.pas"
"CanaliAria","C:\DOCUMENTI\sd\sorgenti\bm-sd\CANALI\INPGRAF\U_079R.PAS","crt","C:\DOCUMENTI\sd\sorgenti\bm-sd\CANALI\CRT.pas"
"CanaliAria","C:\DOCUMENTI\sd\sorgenti\bm-sd\CANALI\INPGRAF\U_079R.PAS","dos","C:\DOCUMENTI\sd\sorgenti\bm-sd\CANALI\DOS.pas"
"CanaliAria","C:\DOCUMENTI\sd\sorgenti\bm-sd\CANALI\INPGRAF\U_079R.PAS","interf3d","C:\DOCUMENTI\sd\sorgenti\bm-sd\CANALI\INPGRAF\INTERF3D.PAS"
"CanaliAria","C:\DOCUMENTI\sd\sorgenti\bm-sd\CANALI\INPGRAF\U_079R.PAS","U_VARPEZZI","C:\DOCUMENTI\sd\sorgenti\bm-sd\CANALI\INPGRAF\U_VARPEZZI.pas"
"CanaliAria","C:\DOCUMENTI\sd\sorgenti\bm-sd\CANALI\INPGRAF\U_10RA.PAS","crt","C:\DOCUMENTI\sd\sorgenti\bm-sd\CANALI\CRT.pas"
"CanaliAria","C:\DOCUMENTI\sd\sorgenti\bm-sd\CANALI\INPGRAF\U_10RA.PAS","dos","C:\DOCUMENTI\sd\sorgenti\bm-sd\CANALI\DOS.pas"
"CanaliAria","C:\DOCUMENTI\sd\sorgenti\bm-sd\CANALI\INPGRAF\U_10RA.PAS","interf3d","C:\DOCUMENTI\sd\sorgenti\bm-sd\CANALI\INPGRAF\INTERF3D.PAS"
"CanaliAria","C:\DOCUMENTI\sd\sorgenti\bm-sd\CANALI\INPGRAF\U_10RA.PAS","U_VARPEZZI","C:\DOCUMENTI\sd\sorgenti\bm-sd\CANALI\INPGRAF\U_VARPEZZI.pas"
"CanaliAria","C:\DOCUMENTI\sd\sorgenti\bm-sd\CANALI\INPGRAF\U_13CB.PAS","crt","C:\DOCUMENTI\sd\sorgenti\bm-sd\CANALI\CRT.pas"
"CanaliAria","C:\DOCUMENTI\sd\sorgenti\bm-sd\CANALI\INPGRAF\U_13CB.PAS","dos","C:\DOCUMENTI\sd\sorgenti\bm-sd\CANALI\DOS.pas"
"CanaliAria","C:\DOCUMENTI\sd\sorgenti\bm-sd\CANALI\INPGRAF\U_13CB.PAS","interf3d","C:\DOCUMENTI\sd\sorgenti\bm-sd\CANALI\INPGRAF\INTERF3D.PAS"
"CanaliAria","C:\DOCUMENTI\sd\sorgenti\bm-sd\CANALI\INPGRAF\U_13CB.PAS","U_VARPEZZI","C:\DOCUMENTI\sd\sorgenti\bm-sd\CANALI\INPGRAF\U_VARPEZZI.pas"
"CanaliAria","C:\DOCUMENTI\sd\sorgenti\bm-sd\CANALI\INPGRAF\U_13RBT.PAS","crt","C:\DOCUMENTI\sd\sorgenti\bm-sd\CANALI\CRT.pas"
"CanaliAria","C:\DOCUMENTI\sd\sorgenti\bm-sd\CANALI\INPGRAF\U_13RBT.PAS","dos","C:\DOCUMENTI\sd\sorgenti\bm-sd\CANALI\DOS.pas"
"CanaliAria","C:\DOCUMENTI\sd\sorgenti\bm-sd\CANALI\INPGRAF\U_13RBT.PAS","U_VARPEZZI","C:\DOCUMENTI\sd\sorgenti\bm-sd\CANALI\INPGRAF\U_VARPEZZI.pas"
"CanaliAria","C:\DOCUMENTI\sd\sorgenti\bm-sd\CANALI\INPGRAF\U_15RBT.PAS","crt","C:\DOCUMENTI\sd\sorgenti\bm-sd\CANALI\CRT.pas"
"CanaliAria","C:\DOCUMENTI\sd\sorgenti\bm-sd\CANALI\INPGRAF\U_15RBT.PAS","dos","C:\DOCUMENTI\sd\sorgenti\bm-sd\CANALI\DOS.pas"
"CanaliAria","C:\DOCUMENTI\sd\sorgenti\bm-sd\CANALI\INPGRAF\U_15RBT.PAS","U_VARPEZZI","C:\DOCUMENTI\sd\sorgenti\bm-sd\CANALI\INPGRAF\U_VARPEZZI.pas"
"CanaliAria","C:\DOCUMENTI\sd\sorgenti\bm-sd\CANALI\INPGRAF\U_180R.PAS","crt","C:\DOCUMENTI\sd\sorgenti\bm-sd\CANALI\CRT.pas"
"CanaliAria","C:\DOCUMENTI\sd\sorgenti\bm-sd\CANALI\INPGRAF\U_180R.PAS","dos","C:\DOCUMENTI\sd\sorgenti\bm-sd\CANALI\DOS.pas"
"CanaliAria","C:\DOCUMENTI\sd\sorgenti\bm-sd\CANALI\INPGRAF\U_180R.PAS","U_VARPEZZI","C:\DOCUMENTI\sd\sorgenti\bm-sd\CANALI\INPGRAF\U_VARPEZZI.pas"
"CanaliAria","C:\DOCUMENTI\sd\sorgenti\bm-sd\CANALI\INPGRAF\U_271R.PAS","crt","C:\DOCUMENTI\sd\sorgenti\bm-sd\CANALI\CRT.pas"
"CanaliAria","C:\DOCUMENTI\sd\sorgenti\bm-sd\CANALI\INPGRAF\U_271R.PAS","dos","C:\DOCUMENTI\sd\sorgenti\bm-sd\CANALI\DOS.pas"
"CanaliAria","C:\DOCUMENTI\sd\sorgenti\bm-sd\CANALI\INPGRAF\U_271R.PAS","interf3d","C:\DOCUMENTI\sd\sorgenti\bm-sd\CANALI\INPGRAF\INTERF3D.PAS"
"CanaliAria","C:\DOCUMENTI\sd\sorgenti\bm-sd\CANALI\INPGRAF\U_271R.PAS","U_VARPEZZI","C:\DOCUMENTI\sd\sorgenti\bm-sd\CANALI\INPGRAF\U_VARPEZZI.pas"
"CanaliAria","C:\DOCUMENTI\sd\sorgenti\bm-sd\CANALI\INPGRAF\U_310F.PAS","angoli","C:\DOCUMENTI\sd\sorgenti\bm-sd\CANALI\INPGRAF\ANGOLI.PAS"
"CanaliAria","C:\DOCUMENTI\sd\sorgenti\bm-sd\CANALI\INPGRAF\U_310F.PAS","crt","C:\DOCUMENTI\sd\sorgenti\bm-sd\CANALI\CRT.pas"
"CanaliAria","C:\DOCUMENTI\sd\sorgenti\bm-sd\CANALI\INPGRAF\U_310F.PAS","dos","C:\DOCUMENTI\sd\sorgenti\bm-sd\CANALI\DOS.pas"
"CanaliAria","C:\DOCUMENTI\sd\sorgenti\bm-sd\CANALI\INPGRAF\U_310F.PAS","funzdim","C:\DOCUMENTI\sd\sorgenti\bm-sd\CANALI\INPGRAF\FUNZDIM.PAS"
"CanaliAria","C:\DOCUMENTI\sd\sorgenti\bm-sd\CANALI\INPGRAF\U_310F.PAS","turbo3","C:\DOCUMENTI\sd\sorgenti\bm-sd\CANALI\INPGRAF\TURBO3.PAS"
"CanaliAria","C:\DOCUMENTI\sd\sorgenti\bm-sd\CANALI\INPGRAF\U_31CC.PAS","crt","C:\DOCUMENTI\sd\sorgenti\bm-sd\CANALI\CRT.pas"
"CanaliAria","C:\DOCUMENTI\sd\sorgenti\bm-sd\CANALI\INPGRAF\U_31CC.PAS","dos","C:\DOCUMENTI\sd\sorgenti\bm-sd\CANALI\DOS.pas"
"CanaliAria","C:\DOCUMENTI\sd\sorgenti\bm-sd\CANALI\INPGRAF\U_31CC.PAS","interf3d","C:\DOCUMENTI\sd\sorgenti\bm-sd\CANALI\INPGRAF\INTERF3D.PAS"
"CanaliAria","C:\DOCUMENTI\sd\sorgenti\bm-sd\CANALI\INPGRAF\U_31CC.PAS","U_VARPEZZI","C:\DOCUMENTI\sd\sorgenti\bm-sd\CANALI\INPGRAF\U_VARPEZZI.pas"
"CanaliAria","C:\DOCUMENTI\sd\sorgenti\bm-sd\CANALI\INPGRAF\U_337R.PAS","crt","C:\DOCUMENTI\sd\sorgenti\bm-sd\CANALI\CRT.pas"
"CanaliAria","C:\DOCUMENTI\sd\sorgenti\bm-sd\CANALI\INPGRAF\U_337R.PAS","dos","C:\DOCUMENTI\sd\sorgenti\bm-sd\CANALI\DOS.pas"
"CanaliAria","C:\DOCUMENTI\sd\sorgenti\bm-sd\CANALI\INPGRAF\U_337R.PAS","U_VARPEZZI","C:\DOCUMENTI\sd\sorgenti\bm-sd\CANALI\INPGRAF\U_VARPEZZI.pas"
"CanaliAria","C:\DOCUMENTI\sd\sorgenti\bm-sd\CANALI\INPGRAF\U_358.PAS","crt","C:\DOCUMENTI\sd\sorgenti\bm-sd\CANALI\CRT.pas"
"CanaliAria","C:\DOCUMENTI\sd\sorgenti\bm-sd\CANALI\INPGRAF\U_358.PAS","dos","C:\DOCUMENTI\sd\sorgenti\bm-sd\CANALI\DOS.pas"
"CanaliAria","C:\DOCUMENTI\sd\sorgenti\bm-sd\CANALI\INPGRAF\U_358.PAS","U_VARPEZZI","C:\DOCUMENTI\sd\sorgenti\bm-sd\CANALI\INPGRAF\U_VARPEZZI.pas"
"CanaliAria","C:\DOCUMENTI\sd\sorgenti\bm-sd\CANALI\INPGRAF\U_362R.PAS","crt","C:\DOCUMENTI\sd\sorgenti\bm-sd\CANALI\CRT.pas"
"CanaliAria","C:\DOCUMENTI\sd\sorgenti\bm-sd\CANALI\INPGRAF\U_362R.PAS","dos","C:\DOCUMENTI\sd\sorgenti\bm-sd\CANALI\DOS.pas"
"CanaliAria","C:\DOCUMENTI\sd\sorgenti\bm-sd\CANALI\INPGRAF\U_362R.PAS","U_VARPEZZI","C:\DOCUMENTI\sd\sorgenti\bm-sd\CANALI\INPGRAF\U_VARPEZZI.pas"
"CanaliAria","C:\DOCUMENTI\sd\sorgenti\bm-sd\CANALI\INPGRAF\U_3710.PAS","crt","C:\DOCUMENTI\sd\sorgenti\bm-sd\CANALI\CRT.pas"
"CanaliAria","C:\DOCUMENTI\sd\sorgenti\bm-sd\CANALI\INPGRAF\U_3710.PAS","dos","C:\DOCUMENTI\sd\sorgenti\bm-sd\CANALI\DOS.pas"
"CanaliAria","C:\DOCUMENTI\sd\sorgenti\bm-sd\CANALI\INPGRAF\U_3710.PAS","U_VARPEZZI","C:\DOCUMENTI\sd\sorgenti\bm-sd\CANALI\INPGRAF\U_VARPEZZI.pas"
"CanaliAria","C:\DOCUMENTI\sd\sorgenti\bm-sd\CANALI\INPGRAF\U_3722.PAS","crt","C:\DOCUMENTI\sd\sorgenti\bm-sd\CANALI\CRT.pas"
"CanaliAria","C:\DOCUMENTI\sd\sorgenti\bm-sd\CANALI\INPGRAF\U_3722.PAS","dos","C:\DOCUMENTI\sd\sorgenti\bm-sd\CANALI\DOS.pas"
"CanaliAria","C:\DOCUMENTI\sd\sorgenti\bm-sd\CANALI\INPGRAF\U_3722.PAS","interf3d","C:\DOCUMENTI\sd\sorgenti\bm-sd\CANALI\INPGRAF\INTERF3D.PAS"
"CanaliAria","C:\DOCUMENTI\sd\sorgenti\bm-sd\CANALI\INPGRAF\U_3722.PAS","U_VARPEZZI","C:\DOCUMENTI\sd\sorgenti\bm-sd\CANALI\INPGRAF\U_VARPEZZI.pas"
"CanaliAria","C:\DOCUMENTI\sd\sorgenti\bm-sd\CANALI\INPGRAF\U_3733.PAS","crt","C:\DOCUMENTI\sd\sorgenti\bm-sd\CANALI\CRT.pas"
"CanaliAria","C:\DOCUMENTI\sd\sorgenti\bm-sd\CANALI\INPGRAF\U_3733.PAS","dos","C:\DOCUMENTI\sd\sorgenti\bm-sd\CANALI\DOS.pas"
"CanaliAria","C:\DOCUMENTI\sd\sorgenti\bm-sd\CANALI\INPGRAF\U_3733.PAS","interf3d","C:\DOCUMENTI\sd\sorgenti\bm-sd\CANALI\INPGRAF\INTERF3D.PAS"
"CanaliAria","C:\DOCUMENTI\sd\sorgenti\bm-sd\CANALI\INPGRAF\U_3733.PAS","U_VARPEZZI","C:\DOCUMENTI\sd\sorgenti\bm-sd\CANALI\INPGRAF\U_VARPEZZI.pas"
"CanaliAria","C:\DOCUMENTI\sd\sorgenti\bm-sd\CANALI\INPGRAF\U_CVCAN.PAS","Angoli","C:\DOCUMENTI\sd\sorgenti\bm-sd\CANALI\INPGRAF\ANGOLI.PAS"
"CanaliAria","C:\DOCUMENTI\sd\sorgenti\bm-sd\CANALI\INPGRAF\U_CVCAN.PAS","Crt","C:\DOCUMENTI\sd\sorgenti\bm-sd\CANALI\CRT.pas"
"CanaliAria","C:\DOCUMENTI\sd\sorgenti\bm-sd\CANALI\INPGRAF\U_CVCAN.PAS","Dos","C:\DOCUMENTI\sd\sorgenti\bm-sd\CANALI\DOS.pas"
"CanaliAria","C:\DOCUMENTI\sd\sorgenti\bm-sd\CANALI\INPGRAF\U_CVCAN.PAS","esiste","C:\DOCUMENTI\sd\sorgenti\bm-sd\CANALI\INPGRAF\ESISTE.PAS"
"CanaliAria","C:\DOCUMENTI\sd\sorgenti\bm-sd\CANALI\INPGRAF\U_CVCAN.PAS","LOad_d","C:\DOCUMENTI\sd\sorgenti\bm-sd\CANALI\INPGRAF\LOAD_D.PAS"
"CanaliAria","C:\DOCUMENTI\sd\sorgenti\bm-sd\CANALI\INPGRAF\U_CVCAN.PAS","textc","C:\DOCUMENTI\sd\sorgenti\bm-sd\CANALI\INPGRAF\TEXTC.PAS"
"CanaliAria","C:\DOCUMENTI\sd\sorgenti\bm-sd\CANALI\INPGRAF\U_CVCAN.PAS","WM","C:\DOCUMENTI\sd\sorgenti\bm-sd\CANALI\WM.pas"
"CanaliAria","C:\DOCUMENTI\sd\sorgenti\bm-sd\CANALI\INPGRAF\U_CVCAN1.PAS","Angoli","C:\DOCUMENTI\sd\sorgenti\bm-sd\CANALI\INPGRAF\ANGOLI.PAS"
"CanaliAria","C:\DOCUMENTI\sd\sorgenti\bm-sd\CANALI\INPGRAF\U_CVCAN1.PAS","Crt","C:\DOCUMENTI\sd\sorgenti\bm-sd\CANALI\CRT.pas"
"CanaliAria","C:\DOCUMENTI\sd\sorgenti\bm-sd\CANALI\INPGRAF\U_CVCAN1.PAS","Dos","C:\DOCUMENTI\sd\sorgenti\bm-sd\CANALI\DOS.pas"
"CanaliAria","C:\DOCUMENTI\sd\sorgenti\bm-sd\CANALI\INPGRAF\U_CVCAN1.PAS","esiste","C:\DOCUMENTI\sd\sorgenti\bm-sd\CANALI\INPGRAF\ESISTE.PAS"
"CanaliAria","C:\DOCUMENTI\sd\sorgenti\bm-sd\CANALI\INPGRAF\U_CVCAN1.PAS","funzbase","C:\DOCUMENTI\sd\sorgenti\bm-sd\CANALI\INPGRAF\FUNZBASE.PAS"
"CanaliAria","C:\DOCUMENTI\sd\sorgenti\bm-sd\CANALI\INPGRAF\U_CVCAN1.PAS","Load_d","C:\DOCUMENTI\sd\sorgenti\bm-sd\CANALI\INPGRAF\LOAD_D.PAS"
"CanaliAria","C:\DOCUMENTI\sd\sorgenti\bm-sd\CANALI\INPGRAF\U_CVCAN1.PAS","textc","C:\DOCUMENTI\sd\sorgenti\bm-sd\CANALI\INPGRAF\TEXTC.PAS"
"CanaliAria","C:\DOCUMENTI\sd\sorgenti\bm-sd\CANALI\INPGRAF\U_CVCAN1.PAS","WM","C:\DOCUMENTI\sd\sorgenti\bm-sd\CANALI\WM.pas"
"CanaliAria","C:\DOCUMENTI\sd\sorgenti\bm-sd\CANALI\INPGRAF\U_INPUTC.PAS","Angoli","C:\DOCUMENTI\sd\sorgenti\bm-sd\CANALI\INPGRAF\ANGOLI.PAS"
"CanaliAria","C:\DOCUMENTI\sd\sorgenti\bm-sd\CANALI\INPGRAF\U_INPUTC.PAS","Blocco","C:\DOCUMENTI\sd\sorgenti\bm-sd\CANALI\INPGRAF\BLOCCO.PAS"
"CanaliAria","C:\DOCUMENTI\sd\sorgenti\bm-sd\CANALI\INPGRAF\U_INPUTC.PAS","controll","C:\DOCUMENTI\sd\sorgenti\bm-sd\CANALI\CONTROLL.PAS"
"CanaliAria","C:\DOCUMENTI\sd\sorgenti\bm-sd\CANALI\INPGRAF\U_INPUTC.PAS","Debug","C:\DOCUMENTI\sd\sorgenti\bm-sd\CANALI\INPGRAF\DEBUG.PAS"
"CanaliAria","C:\DOCUMENTI\sd\sorgenti\bm-sd\CANALI\INPGRAF\U_INPUTC.PAS","diseg","C:\DOCUMENTI\sd\sorgenti\bm-sd\CANALI\INPGRAF\DISEG.PAS"
"CanaliAria","C:\DOCUMENTI\sd\sorgenti\bm-sd\CANALI\INPGRAF\U_INPUTC.PAS","dxfoutu","C:\DOCUMENTI\sd\sorgenti\bm-sd\CANALI\INPGRAF\DXFOUTU.PAS"
"CanaliAria","C:\DOCUMENTI\sd\sorgenti\bm-sd\CANALI\INPGRAF\U_INPUTC.PAS","Edit","C:\DOCUMENTI\sd\sorgenti\bm-sd\CANALI\INPGRAF\EDIT.PAS"
"CanaliAria","C:\DOCUMENTI\sd\sorgenti\bm-sd\CANALI\INPGRAF\U_INPUTC.PAS","editquo","C:\DOCUMENTI\sd\sorgenti\bm-sd\CANALI\INPGRAF\EDITQUO.PAS"
"CanaliAria","C:\DOCUMENTI\sd\sorgenti\bm-sd\CANALI\INPGRAF\U_INPUTC.PAS","esiste","C:\DOCUMENTI\sd\sorgenti\bm-sd\CANALI\INPGRAF\ESISTE.PAS"
"CanaliAria","C:\DOCUMENTI\sd\sorgenti\bm-sd\CANALI\INPGRAF\U_INPUTC.PAS","funzbase","C:\DOCUMENTI\sd\sorgenti\bm-sd\CANALI\INPGRAF\FUNZBASE.PAS"
"CanaliAria","C:\DOCUMENTI\sd\sorgenti\bm-sd\CANALI\INPGRAF\U_INPUTC.PAS","genproc","C:\DOCUMENTI\sd\sorgenti\bm-sd\CANALI\INPGRAF\GENPROC.PAS"
"CanaliAria","C:\DOCUMENTI\sd\sorgenti\bm-sd\CANALI\INPGRAF\U_INPUTC.PAS","globfunz","C:\DOCUMENTI\sd\sorgenti\bm-sd\CANALI\INPGRAF\GLOBFUNZ.PAS"
"CanaliAria","C:\DOCUMENTI\sd\sorgenti\bm-sd\CANALI\INPGRAF\U_INPUTC.PAS","grafer","C:\DOCUMENTI\sd\sorgenti\bm-sd\CANALI\INPGRAF\GRAFER.PAS"
"CanaliAria","C:\DOCUMENTI\sd\sorgenti\bm-sd\CANALI\INPGRAF\U_INPUTC.PAS","init","C:\DOCUMENTI\sd\sorgenti\bm-sd\CANALI\INPGRAF\INIT.PAS"
"CanaliAria","C:\DOCUMENTI\sd\sorgenti\bm-sd\CANALI\INPGRAF\U_INPUTC.PAS","Inser","C:\DOCUMENTI\sd\sorgenti\bm-sd\CANALI\INPGRAF\INSER.PAS"
"CanaliAria","C:\DOCUMENTI\sd\sorgenti\bm-sd\CANALI\INPGRAF\U_INPUTC.PAS","Load_D","C:\DOCUMENTI\sd\sorgenti\bm-sd\CANALI\INPGRAF\LOAD_D.PAS"
"CanaliAria","C:\DOCUMENTI\sd\sorgenti\bm-sd\CANALI\INPGRAF\U_INPUTC.PAS","Load_P","C:\DOCUMENTI\sd\sorgenti\bm-sd\CANALI\INPGRAF\LOAD_P.PAS"
"CanaliAria","C:\DOCUMENTI\sd\sorgenti\bm-sd\CANALI\INPGRAF\U_INPUTC.PAS","plot","C:\DOCUMENTI\sd\sorgenti\bm-sd\CANALI\INPGRAF\PLOT.PAS"
"CanaliAria","C:\DOCUMENTI\sd\sorgenti\bm-sd\CANALI\INPGRAF\U_INPUTC.PAS","Ridis_U","C:\DOCUMENTI\sd\sorgenti\bm-sd\CANALI\INPGRAF\RIDIS_U.PAS"
"CanaliAria","C:\DOCUMENTI\sd\sorgenti\bm-sd\CANALI\INPGRAF\U_INPUTC.PAS","riduz","C:\DOCUMENTI\sd\sorgenti\bm-sd\CANALI\INPGRAF\RIDUZ.PAS"
"CanaliAria","C:\DOCUMENTI\sd\sorgenti\bm-sd\CANALI\INPGRAF\U_INPUTC.PAS","tronco","C:\DOCUMENTI\sd\sorgenti\bm-sd\CANALI\INPGRAF\TRONCO.PAS"
"CanaliAria","C:\DOCUMENTI\sd\sorgenti\bm-sd\CANALI\INPGRAF\U_INPUTC.PAS","Vsez","C:\DOCUMENTI\sd\sorgenti\bm-sd\CANALI\INPGRAF\VSEZ.PAS"
"CanaliAria","C:\DOCUMENTI\sd\sorgenti\bm-sd\CANALI\INPGRAF\U_INPUTC.PAS","WM","C:\DOCUMENTI\sd\sorgenti\bm-sd\CANALI\WM.pas"
"CanaliAria","C:\DOCUMENTI\sd\sorgenti\bm-sd\CANALI\INPGRAF\U_VARPEZ.PAS","crt","C:\DOCUMENTI\sd\sorgenti\bm-sd\CANALI\CRT.pas"
"CanaliAria","C:\DOCUMENTI\sd\sorgenti\bm-sd\CANALI\INPGRAF\U_VARPEZ.PAS","dos","C:\DOCUMENTI\sd\sorgenti\bm-sd\CANALI\DOS.pas"
"CanaliAria","C:\DOCUMENTI\sd\sorgenti\bm-sd\CANALI\INPGRAF\U_VARPEZZI.pas","crt","C:\DOCUMENTI\sd\sorgenti\bm-sd\CANALI\CRT.pas"
"CanaliAria","C:\DOCUMENTI\sd\sorgenti\bm-sd\CANALI\INPGRAF\U_VARPEZZI.pas","dos","C:\DOCUMENTI\sd\sorgenti\bm-sd\CANALI\DOS.pas"
"CanaliAria","C:\DOCUMENTI\sd\sorgenti\bm-sd\CANALI\INPGRAF\UPROVA.PAS","WinTypes","C:\DOCUMENTI\sd\sorgenti\bm-sd\CANALI\wintypes.pas"
"CanaliAria","C:\DOCUMENTI\sd\sorgenti\bm-sd\CANALI\INPGRAF\Uprovadim.pas","dimens","C:\DOCUMENTI\sd\sorgenti\bm-sd\CANALI\INPGRAF\DIMENS.PAS"
"CanaliAria","C:\DOCUMENTI\sd\sorgenti\bm-sd\CANALI\INPGRAF\UTIWINDL.PAS","ODialogs","C:\DOCUMENTI\sd\sorgenti\bm-sd\CANALI\Odialogs.pas"
"CanaliAria","C:\DOCUMENTI\sd\sorgenti\bm-sd\CANALI\INPGRAF\UTIWINDL.PAS","OWindows","C:\DOCUMENTI\sd\sorgenti\bm-sd\CANALI\Owindows.pas"
"CanaliAria","C:\DOCUMENTI\sd\sorgenti\bm-sd\CANALI\INPGRAF\UTIWINDL.PAS","WinTypes","C:\DOCUMENTI\sd\sorgenti\bm-sd\CANALI\wintypes.pas"
"CanaliAria","C:\DOCUMENTI\sd\sorgenti\bm-sd\CANALI\INPGRAF\UVPEZZI.PAS","DBTables","C:\DOCUMENTI\sd\sorgenti\bm-sd\componenti\kbmmem\bdenew\DbTables.pas"
"CanaliAria","C:\DOCUMENTI\sd\sorgenti\bm-sd\CANALI\INPGRAF\UVPEZZI.PAS","WinTypes","C:\DOCUMENTI\sd\sorgenti\bm-sd\CANALI\wintypes.pas"
"CanaliAria","C:\DOCUMENTI\sd\sorgenti\bm-sd\CANALI\INPGRAF\VERIFICA.PAS","angoli","C:\DOCUMENTI\sd\sorgenti\bm-sd\CANALI\INPGRAF\ANGOLI.PAS"
"CanaliAria","C:\DOCUMENTI\sd\sorgenti\bm-sd\CANALI\INPGRAF\VERIFICA.PAS","controll","C:\DOCUMENTI\sd\sorgenti\bm-sd\CANALI\CONTROLL.PAS"
"CanaliAria","C:\DOCUMENTI\sd\sorgenti\bm-sd\CANALI\INPGRAF\VERIFICA.PAS","genproc","C:\DOCUMENTI\sd\sorgenti\bm-sd\CANALI\INPGRAF\GENPROC.PAS"
"CanaliAria","C:\DOCUMENTI\sd\sorgenti\bm-sd\CANALI\INPGRAF\VERIFICA.PAS","globfunz","C:\DOCUMENTI\sd\sorgenti\bm-sd\CANALI\INPGRAF\GLOBFUNZ.PAS"
"CanaliAria","C:\DOCUMENTI\sd\sorgenti\bm-sd\CANALI\INPGRAF\VERIFICA.PAS","WM","C:\DOCUMENTI\sd\sorgenti\bm-sd\CANALI\WM.pas"
"CanaliAria","C:\DOCUMENTI\sd\sorgenti\bm-sd\CANALI\INPGRAF\VPEZZI.DPR","uvpezzi","C:\DOCUMENTI\sd\sorgenti\bm-sd\CANALI\INPGRAF\UVPEZZI.PAS"
"CanaliAria","C:\DOCUMENTI\sd\sorgenti\bm-sd\CANALI\INPGRAF\VSEZ.PAS","Angoli","C:\DOCUMENTI\sd\sorgenti\bm-sd\CANALI\INPGRAF\ANGOLI.PAS"
"CanaliAria","C:\DOCUMENTI\sd\sorgenti\bm-sd\CANALI\INPGRAF\VSEZ.PAS","controll","C:\DOCUMENTI\sd\sorgenti\bm-sd\CANALI\CONTROLL.PAS"
"CanaliAria","C:\DOCUMENTI\sd\sorgenti\bm-sd\CANALI\INPGRAF\VSEZ.PAS","crt","C:\DOCUMENTI\sd\sorgenti\bm-sd\CANALI\CRT.pas"
"CanaliAria","C:\DOCUMENTI\sd\sorgenti\bm-sd\CANALI\INPGRAF\VSEZ.PAS","esiste","C:\DOCUMENTI\sd\sorgenti\bm-sd\CANALI\INPGRAF\ESISTE.PAS"
"CanaliAria","C:\DOCUMENTI\sd\sorgenti\bm-sd\CANALI\INPGRAF\VSEZ.PAS","funzbase","C:\DOCUMENTI\sd\sorgenti\bm-sd\CANALI\INPGRAF\FUNZBASE.PAS"
"CanaliAria","C:\DOCUMENTI\sd\sorgenti\bm-sd\CANALI\INPGRAF\VSEZ.PAS","genproc","C:\DOCUMENTI\sd\sorgenti\bm-sd\CANALI\INPGRAF\GENPROC.PAS"
"CanaliAria","C:\DOCUMENTI\sd\sorgenti\bm-sd\CANALI\INPGRAF\VSEZ.PAS","globfunz","C:\DOCUMENTI\sd\sorgenti\bm-sd\CANALI\INPGRAF\GLOBFUNZ.PAS"
"CanaliAria","C:\DOCUMENTI\sd\sorgenti\bm-sd\CANALI\INPGRAF\VSEZ.PAS","Ridis_U","C:\DOCUMENTI\sd\sorgenti\bm-sd\CANALI\INPGRAF\RIDIS_U.PAS"
"CanaliAria","C:\DOCUMENTI\sd\sorgenti\bm-sd\CANALI\INPGRAF\VSEZ.PAS","turbo3","C:\DOCUMENTI\sd\sorgenti\bm-sd\CANALI\INPGRAF\TURBO3.PAS"
"CanaliAria","C:\DOCUMENTI\sd\sorgenti\bm-sd\CANALI\INPGRAF\VSEZ.PAS","WM","C:\DOCUMENTI\sd\sorgenti\bm-sd\CANALI\WM.pas"
"CanaliAria","C:\DOCUMENTI\sd\sorgenti\bm-sd\CANALI\INPGRAF\W_DIMENS.PAS","dimens","C:\DOCUMENTI\sd\sorgenti\bm-sd\CANALI\INPGRAF\DIMENS.PAS"
"CanaliAria","C:\DOCUMENTI\sd\sorgenti\bm-sd\CANALI\INPGRAF\W_DIMENS.PAS","inituti","C:\DOCUMENTI\sd\sorgenti\bm-sd\CANALI\UTILS\INITUTI.PAS"
"CanaliAria","C:\DOCUMENTI\sd\sorgenti\bm-sd\CANALI\INPGRAF\W_DIMENS.PAS","Interf3d","C:\DOCUMENTI\sd\sorgenti\bm-sd\CANALI\INPGRAF\INTERF3D.PAS"
"CanaliAria","C:\DOCUMENTI\sd\sorgenti\bm-sd\CANALI\INPGRAF\W_DIMENS.PAS","wintypes","C:\DOCUMENTI\sd\sorgenti\bm-sd\CANALI\wintypes.pas"
"CanaliAria","C:\DOCUMENTI\sd\sorgenti\bm-sd\CANALI\INPGRAF\W_ICART.PAS","genproc","C:\DOCUMENTI\sd\sorgenti\bm-sd\CANALI\INPGRAF\GENPROC.PAS"
"CanaliAria","C:\DOCUMENTI\sd\sorgenti\bm-sd\CANALI\INPGRAF\W_ICART.PAS","Load_D","C:\DOCUMENTI\sd\sorgenti\bm-sd\CANALI\INPGRAF\LOAD_D.PAS"
"CanaliAria","C:\DOCUMENTI\sd\sorgenti\bm-sd\CANALI\INPGRAF\W_ICART.PAS","odialogs","C:\DOCUMENTI\sd\sorgenti\bm-sd\CANALI\Odialogs.pas"
"CanaliAria","C:\DOCUMENTI\sd\sorgenti\bm-sd\CANALI\INPGRAF\W_ICART.PAS","owindows","C:\DOCUMENTI\sd\sorgenti\bm-sd\CANALI\Owindows.pas"
"CanaliAria","C:\DOCUMENTI\sd\sorgenti\bm-sd\CANALI\INPGRAF\W_ICART.PAS","u_inputc","C:\DOCUMENTI\sd\sorgenti\bm-sd\CANALI\INPGRAF\U_INPUTC.PAS"
"CanaliAria","C:\DOCUMENTI\sd\sorgenti\bm-sd\CANALI\INPGRAF\W_ICART.PAS","wintypes","C:\DOCUMENTI\sd\sorgenti\bm-sd\CANALI\wintypes.pas"
"CanaliAria","C:\DOCUMENTI\sd\sorgenti\bm-sd\CANALI\INPGRAF\W_ICART.PAS","Wm","C:\DOCUMENTI\sd\sorgenti\bm-sd\CANALI\WM.pas"
"CanaliAria","C:\DOCUMENTI\sd\sorgenti\bm-sd\CANALI\INPGRAF\W_INPGRA.PAS","owindows","C:\DOCUMENTI\sd\sorgenti\bm-sd\CANALI\Owindows.pas"
"CanaliAria","C:\DOCUMENTI\sd\sorgenti\bm-sd\CANALI\INPGRAF\W_INPUTC.PAS","genproc","C:\DOCUMENTI\sd\sorgenti\bm-sd\CANALI\INPGRAF\GENPROC.PAS"
"CanaliAria","C:\DOCUMENTI\sd\sorgenti\bm-sd\CANALI\INPGRAF\W_INPUTC.PAS","gestduct","C:\DOCUMENTI\sd\sorgenti\bm-sd\CANALI\GESTDUCT.PAS"
"CanaliAria","C:\DOCUMENTI\sd\sorgenti\bm-sd\CANALI\INPGRAF\W_INPUTC.PAS","inituti","C:\DOCUMENTI\sd\sorgenti\bm-sd\CANALI\UTILS\INITUTI.PAS"
"CanaliAria","C:\DOCUMENTI\sd\sorgenti\bm-sd\CANALI\INPGRAF\W_INPUTC.PAS","inputc","C:\DOCUMENTI\sd\sorgenti\bm-sd\CANALI\INPGRAF\INPUTC.PAS"
"CanaliAria","C:\DOCUMENTI\sd\sorgenti\bm-sd\CANALI\INPGRAF\W_INPUTC.PAS","Load_D","C:\DOCUMENTI\sd\sorgenti\bm-sd\CANALI\INPGRAF\LOAD_D.PAS"
"CanaliAria","C:\DOCUMENTI\sd\sorgenti\bm-sd\CANALI\INPGRAF\W_INPUTC.PAS","load_p","C:\DOCUMENTI\sd\sorgenti\bm-sd\CANALI\INPGRAF\LOAD_P.PAS"
"CanaliAria","C:\DOCUMENTI\sd\sorgenti\bm-sd\CANALI\INPGRAF\W_INPUTC.PAS","Minicalc","C:\DOCUMENTI\sd\sorgenti\bm-sd\CANALI\INPGRAF\MINICALC.PAS"
"CanaliAria","C:\DOCUMENTI\sd\sorgenti\bm-sd\CANALI\INPGRAF\W_INPUTC.PAS","odialogs","C:\DOCUMENTI\sd\sorgenti\bm-sd\CANALI\Odialogs.pas"
"CanaliAria","C:\DOCUMENTI\sd\sorgenti\bm-sd\CANALI\INPGRAF\W_INPUTC.PAS","owindows","C:\DOCUMENTI\sd\sorgenti\bm-sd\CANALI\Owindows.pas"
"CanaliAria","C:\DOCUMENTI\sd\sorgenti\bm-sd\CANALI\INPGRAF\W_INPUTC.PAS","prgduct","C:\DOCUMENTI\sd\sorgenti\bm-sd\CANALI\prgduct.pas"
"CanaliAria","C:\DOCUMENTI\sd\sorgenti\bm-sd\CANALI\INPGRAF\W_INPUTC.PAS","prntesto","C:\DOCUMENTI\sd\sorgenti\bm-sd\CANALI\UTILS\PRNTESTO.PAS"
"CanaliAria","C:\DOCUMENTI\sd\sorgenti\bm-sd\CANALI\INPGRAF\W_INPUTC.PAS","toolbar","C:\DOCUMENTI\sd\sorgenti\bm-sd\CANALI\UTILS\TOOLBAR.PAS"
"CanaliAria","C:\DOCUMENTI\sd\sorgenti\bm-sd\CANALI\INPGRAF\W_INPUTC.PAS","wintypes","C:\DOCUMENTI\sd\sorgenti\bm-sd\CANALI\wintypes.pas"
"CanaliAria","C:\DOCUMENTI\sd\sorgenti\bm-sd\CANALI\INPGRAF\W_INPUTC.PAS","Wm","C:\DOCUMENTI\sd\sorgenti\bm-sd\CANALI\WM.pas"
"CanaliAria","C:\DOCUMENTI\sd\sorgenti\bm-sd\CANALI\INPGRAF\WIN_MENU.PAS","odialogs","C:\DOCUMENTI\sd\sorgenti\bm-sd\CANALI\Odialogs.pas"
"CanaliAria","C:\DOCUMENTI\sd\sorgenti\bm-sd\CANALI\INPGRAF\WIN_MENU.PAS","OWindows","C:\DOCUMENTI\sd\sorgenti\bm-sd\CANALI\Owindows.pas"
"CanaliAria","C:\DOCUMENTI\sd\sorgenti\bm-sd\CANALI\INPGRAF\WINTR.PAS","angoli","C:\DOCUMENTI\sd\sorgenti\bm-sd\CANALI\INPGRAF\ANGOLI.PAS"
"CanaliAria","C:\DOCUMENTI\sd\sorgenti\bm-sd\CANALI\INPGRAF\WINTR.PAS","crt","C:\DOCUMENTI\sd\sorgenti\bm-sd\CANALI\CRT.pas"
"CanaliAria","C:\DOCUMENTI\sd\sorgenti\bm-sd\CANALI\INPGRAF\WINTR.PAS","GenProc","C:\DOCUMENTI\sd\sorgenti\bm-sd\CANALI\INPGRAF\GENPROC.PAS"
"CanaliAria","C:\DOCUMENTI\sd\sorgenti\bm-sd\CANALI\INPGRAF\WINTR.PAS","globfunz","C:\DOCUMENTI\sd\sorgenti\bm-sd\CANALI\INPGRAF\GLOBFUNZ.PAS"
"CanaliAria","C:\DOCUMENTI\sd\sorgenti\bm-sd\CANALI\INPGRAF\WINTR.PAS","osnap","C:\DOCUMENTI\sd\sorgenti\bm-sd\CANALI\INPGRAF\OSNAP.PAS"
"CanaliAria","C:\DOCUMENTI\sd\sorgenti\bm-sd\CANALI\INPGRAF\WINTR.PAS","verifica","C:\DOCUMENTI\sd\sorgenti\bm-sd\CANALI\INPGRAF\VERIFICA.PAS"
"CanaliAria","C:\DOCUMENTI\sd\sorgenti\bm-sd\CANALI\INPGRAF\WINTR.PAS","WM","C:\DOCUMENTI\sd\sorgenti\bm-sd\CANALI\WM.pas"
"CanaliAria","C:\DOCUMENTI\sd\sorgenti\bm-sd\CANALI\INSTALLA.PAS","crt","C:\DOCUMENTI\sd\sorgenti\bm-sd\CANALI\CRT.pas"
"CanaliAria","C:\DOCUMENTI\sd\sorgenti\bm-sd\CANALI\INSTALLA.PAS","defuti","C:\DOCUMENTI\sd\sorgenti\bm-sd\CANALI\DEFUTI.pas"
"CanaliAria","C:\DOCUMENTI\sd\sorgenti\bm-sd\CANALI\INSTALLA.PAS","dos","C:\DOCUMENTI\sd\sorgenti\bm-sd\CANALI\DOS.pas"
"CanaliAria","C:\DOCUMENTI\sd\sorgenti\bm-sd\CANALI\INSTALLA.PAS","utilitie","C:\DOCUMENTI\sd\sorgenti\bm-sd\CANALI\Utilitie.pas"
"CanaliAria","C:\DOCUMENTI\sd\sorgenti\bm-sd\CANALI\INSTALLA.PAS","WM","C:\DOCUMENTI\sd\sorgenti\bm-sd\CANALI\WM.pas"
"CanaliAria","C:\DOCUMENTI\sd\sorgenti\bm-sd\CANALI\INTCR.PAS","Definizcan","C:\DOCUMENTI\sd\sorgenti\bm-sd\CANALI\definizcan.pas"
"CanaliAria","C:\DOCUMENTI\sd\sorgenti\bm-sd\CANALI\interf3d.pas","angoli","C:\DOCUMENTI\sd\sorgenti\bm-sd\CANALI\ANGOLI.PAS"
"CanaliAria","C:\DOCUMENTI\sd\sorgenti\bm-sd\CANALI\interf3d.pas","definizcan","C:\DOCUMENTI\sd\sorgenti\bm-sd\CANALI\definizcan.pas"
"CanaliAria","C:\DOCUMENTI\sd\sorgenti\bm-sd\CANALI\interf3d.pas","funzdim","C:\DOCUMENTI\sd\sorgenti\bm-sd\CANALI\funzdim.pas"
"CanaliAria","C:\DOCUMENTI\sd\sorgenti\bm-sd\CANALI\interf3d.pas","pezzi","C:\DOCUMENTI\sd\sorgenti\bm-sd\CANALI\PEZZI.PAS"
"CanaliAria","C:\DOCUMENTI\sd\sorgenti\bm-sd\CANALI\interf3d.pas","U_funz","C:\DOCUMENTI\sd\sorgenti\bm-sd\CANALI\u_funz.pas"
"CanaliAria","C:\DOCUMENTI\sd\sorgenti\bm-sd\CANALI\interf3d.pas","U_varpezzi","C:\DOCUMENTI\sd\sorgenti\bm-sd\CANALI\U_VARPEZZI.pas"
"CanaliAria","C:\DOCUMENTI\sd\sorgenti\bm-sd\CANALI\interf3d.pas","ugestpezzi","C:\DOCUMENTI\sd\sorgenti\bm-sd\CANALI\UGestpezzi.pas"
"CanaliAria","C:\DOCUMENTI\sd\sorgenti\bm-sd\CANALI\interf3d.pas","wintypes","C:\DOCUMENTI\sd\sorgenti\bm-sd\CANALI\wintypes.pas"
"CanaliAria","C:\DOCUMENTI\sd\sorgenti\bm-sd\CANALI\ioduct.pas","Crt","C:\DOCUMENTI\sd\sorgenti\bm-sd\CANALI\CRT.pas"
"CanaliAria","C:\DOCUMENTI\sd\sorgenti\bm-sd\CANALI\ioduct.pas","definizcan","C:\DOCUMENTI\sd\sorgenti\bm-sd\CANALI\definizcan.pas"
"CanaliAria","C:\DOCUMENTI\sd\sorgenti\bm-sd\CANALI\ioduct.pas","Defuti","C:\DOCUMENTI\sd\sorgenti\bm-sd\CANALI\DEFUTI.pas"
"CanaliAria","C:\DOCUMENTI\sd\sorgenti\bm-sd\CANALI\ioduct.pas","Dos","C:\DOCUMENTI\sd\sorgenti\bm-sd\CANALI\DOS.pas"
"CanaliAria","C:\DOCUMENTI\sd\sorgenti\bm-sd\CANALI\ioduct.pas","Dummyfunction","C:\DOCUMENTI\sd\sorgenti\bm-sd\CANALI\dummyfunction.pas"
"CanaliAria","C:\DOCUMENTI\sd\sorgenti\bm-sd\CANALI\ioduct.pas","turbo3","C:\DOCUMENTI\sd\sorgenti\bm-sd\CANALI\Turbo3.pas"
"CanaliAria","C:\DOCUMENTI\sd\sorgenti\bm-sd\CANALI\ioduct.pas","utilitie","C:\DOCUMENTI\sd\sorgenti\bm-sd\CANALI\Utilitie.pas"
"CanaliAria","C:\DOCUMENTI\sd\sorgenti\bm-sd\CANALI\ioduct.pas","wm","C:\DOCUMENTI\sd\sorgenti\bm-sd\CANALI\WM.pas"
"CanaliAria","C:\DOCUMENTI\sd\sorgenti\bm-sd\CANALI\key_old.pas","crt","C:\DOCUMENTI\sd\sorgenti\bm-sd\CANALI\CRT.pas"
"CanaliAria","C:\DOCUMENTI\sd\sorgenti\bm-sd\CANALI\key_old.pas","dos","C:\DOCUMENTI\sd\sorgenti\bm-sd\CANALI\DOS.pas"
"CanaliAria","C:\DOCUMENTI\sd\sorgenti\bm-sd\CANALI\key_old.pas","mphar","C:\DOCUMENTI\sd\sorgenti\bm-sd\CANALI\Mphar.pas"
"CanaliAria","C:\DOCUMENTI\sd\sorgenti\bm-sd\CANALI\key_old.pas","owindows","C:\DOCUMENTI\sd\sorgenti\bm-sd\CANALI\Owindows.pas"
"CanaliAria","C:\DOCUMENTI\sd\sorgenti\bm-sd\CANALI\key_old.pas","Scribe","C:\DOCUMENTI\sd\sorgenti\bm-sd\CANALI\scribe.pas"
"CanaliAria","C:\DOCUMENTI\sd\sorgenti\bm-sd\CANALI\key_old.pas","utigen","C:\DOCUMENTI\sd\sorgenti\bm-sd\CANALI\UTILS\UTIGEN.PAS"
"CanaliAria","C:\DOCUMENTI\sd\sorgenti\bm-sd\CANALI\key_old.pas","utilitie","C:\DOCUMENTI\sd\sorgenti\bm-sd\CANALI\Utilitie.pas"
"CanaliAria","C:\DOCUMENTI\sd\sorgenti\bm-sd\CANALI\key_old.pas","wintypes","C:\DOCUMENTI\sd\sorgenti\bm-sd\CANALI\wintypes.pas"
"CanaliAria","C:\DOCUMENTI\sd\sorgenti\bm-sd\CANALI\key_old.pas","Wm","C:\DOCUMENTI\sd\sorgenti\bm-sd\CANALI\WM.pas"
"CanaliAria","C:\DOCUMENTI\sd\sorgenti\bm-sd\CANALI\LEGGIER.PAS","crt","C:\DOCUMENTI\sd\sorgenti\bm-sd\CANALI\CRT.pas"
"CanaliAria","C:\DOCUMENTI\sd\sorgenti\bm-sd\CANALI\LEGGIER.PAS","dos","C:\DOCUMENTI\sd\sorgenti\bm-sd\CANALI\DOS.pas"
"CanaliAria","C:\DOCUMENTI\sd\sorgenti\bm-sd\CANALI\LEGGIER.PAS","utilitie","C:\DOCUMENTI\sd\sorgenti\bm-sd\CANALI\Utilitie.pas"
"CanaliAria","C:\DOCUMENTI\sd\sorgenti\bm-sd\CANALI\LEGGIPLT.PAS","crt","C:\DOCUMENTI\sd\sorgenti\bm-sd\CANALI\CRT.pas"
"CanaliAria","C:\DOCUMENTI\sd\sorgenti\bm-sd\CANALI\LEGGIPLT.PAS","dos","C:\DOCUMENTI\sd\sorgenti\bm-sd\CANALI\DOS.pas"
"CanaliAria","C:\DOCUMENTI\sd\sorgenti\bm-sd\CANALI\LOad_d.pas","definizcan","C:\DOCUMENTI\sd\sorgenti\bm-sd\CANALI\definizcan.pas"
"CanaliAria","C:\DOCUMENTI\sd\sorgenti\bm-sd\CANALI\LOad_d.pas","WM","C:\DOCUMENTI\sd\sorgenti\bm-sd\CANALI\WM.pas"
"CanaliAria","C:\DOCUMENTI\sd\sorgenti\bm-sd\CANALI\load_p.pas","Angoli","C:\DOCUMENTI\sd\sorgenti\bm-sd\CANALI\ANGOLI.PAS"
"CanaliAria","C:\DOCUMENTI\sd\sorgenti\bm-sd\CANALI\load_p.pas","definizcan","C:\DOCUMENTI\sd\sorgenti\bm-sd\CANALI\definizcan.pas"
"CanaliAria","C:\DOCUMENTI\sd\sorgenti\bm-sd\CANALI\load_p.pas","dummyfunction","C:\DOCUMENTI\sd\sorgenti\bm-sd\CANALI\dummyfunction.pas"
"CanaliAria","C:\DOCUMENTI\sd\sorgenti\bm-sd\CANALI\load_p.pas","genproccan","C:\DOCUMENTI\sd\sorgenti\bm-sd\CANALI\Genproccan.pas"
"CanaliAria","C:\DOCUMENTI\sd\sorgenti\bm-sd\CANALI\load_p.pas","globfunzcan","C:\DOCUMENTI\sd\sorgenti\bm-sd\CANALI\GLOBFUNZcan.pas"
"CanaliAria","C:\DOCUMENTI\sd\sorgenti\bm-sd\CANALI\load_p.pas","WM","C:\DOCUMENTI\sd\sorgenti\bm-sd\CANALI\WM.pas"
"CanaliAria","C:\DOCUMENTI\sd\sorgenti\bm-sd\CANALI\MAIN.PAS","WinTypes","C:\DOCUMENTI\sd\sorgenti\bm-sd\CANALI\wintypes.pas"
"CanaliAria","C:\DOCUMENTI\sd\sorgenti\bm-sd\CANALI\MASKCOMP.PAS","Crt","C:\DOCUMENTI\sd\sorgenti\bm-sd\CANALI\CRT.pas"
"CanaliAria","C:\DOCUMENTI\sd\sorgenti\bm-sd\CANALI\MASKCOMP.PAS","Defuti","C:\DOCUMENTI\sd\sorgenti\bm-sd\CANALI\DEFUTI.pas"
"CanaliAria","C:\DOCUMENTI\sd\sorgenti\bm-sd\CANALI\MASKCOMP.PAS","Dos","C:\DOCUMENTI\sd\sorgenti\bm-sd\CANALI\DOS.pas"
"CanaliAria","C:\DOCUMENTI\sd\sorgenti\bm-sd\CANALI\MASKCOMP.PAS","inituti","C:\DOCUMENTI\sd\sorgenti\bm-sd\CANALI\UTILS\INITUTI.PAS"
"CanaliAria","C:\DOCUMENTI\sd\sorgenti\bm-sd\CANALI\MASKCOMP.PAS","Turbo3","C:\DOCUMENTI\sd\sorgenti\bm-sd\CANALI\Turbo3.pas"
"CanaliAria","C:\DOCUMENTI\sd\sorgenti\bm-sd\CANALI\MASKCOMP.PAS","utilitie","C:\DOCUMENTI\sd\sorgenti\bm-sd\CANALI\Utilitie.pas"
"CanaliAria","C:\DOCUMENTI\sd\sorgenti\bm-sd\CANALI\MASKCOMP.PAS","wintypes","C:\DOCUMENTI\sd\sorgenti\bm-sd\CANALI\wintypes.pas"
"CanaliAria","C:\DOCUMENTI\sd\sorgenti\bm-sd\CANALI\MASKCOMP.PAS","WM","C:\DOCUMENTI\sd\sorgenti\bm-sd\CANALI\WM.pas"
"CanaliAria","C:\DOCUMENTI\sd\sorgenti\bm-sd\CANALI\MENU.PAS","crt","C:\DOCUMENTI\sd\sorgenti\bm-sd\CANALI\CRT.pas"
"CanaliAria","C:\DOCUMENTI\sd\sorgenti\bm-sd\CANALI\MENU.PAS","dos","C:\DOCUMENTI\sd\sorgenti\bm-sd\CANALI\DOS.pas"
"CanaliAria","C:\DOCUMENTI\sd\sorgenti\bm-sd\CANALI\OLD1.PAS","Crt","C:\DOCUMENTI\sd\sorgenti\bm-sd\CANALI\CRT.pas"
"CanaliAria","C:\DOCUMENTI\sd\sorgenti\bm-sd\CANALI\OLD1.PAS","definizcan","C:\DOCUMENTI\sd\sorgenti\bm-sd\CANALI\definizcan.pas"
"CanaliAria","C:\DOCUMENTI\sd\sorgenti\bm-sd\CANALI\OLD1.PAS","Defuti","C:\DOCUMENTI\sd\sorgenti\bm-sd\CANALI\DEFUTI.pas"
"CanaliAria","C:\DOCUMENTI\sd\sorgenti\bm-sd\CANALI\OLD1.PAS","Dos","C:\DOCUMENTI\sd\sorgenti\bm-sd\CANALI\DOS.pas"
"CanaliAria","C:\DOCUMENTI\sd\sorgenti\bm-sd\CANALI\OLD1.PAS","scritte","C:\DOCUMENTI\sd\sorgenti\bm-sd\CANALI\scritte.pas"
"CanaliAria","C:\DOCUMENTI\sd\sorgenti\bm-sd\CANALI\OLD1.PAS","Turbo3","C:\DOCUMENTI\sd\sorgenti\bm-sd\CANALI\Turbo3.pas"
"CanaliAria","C:\DOCUMENTI\sd\sorgenti\bm-sd\CANALI\OLD1.PAS","U_canfst","C:\DOCUMENTI\sd\sorgenti\bm-sd\CANALI\U_canfst.pas"
"CanaliAria","C:\DOCUMENTI\sd\sorgenti\bm-sd\CANALI\OLD1.PAS","U_funz","C:\DOCUMENTI\sd\sorgenti\bm-sd\CANALI\u_funz.pas"
"CanaliAria","C:\DOCUMENTI\sd\sorgenti\bm-sd\CANALI\OLD1.PAS","U_riduz1","C:\DOCUMENTI\sd\sorgenti\bm-sd\CANALI\U_riduz1.pas"
"CanaliAria","C:\DOCUMENTI\sd\sorgenti\bm-sd\CANALI\OLD1.PAS","U_selc0","C:\DOCUMENTI\sd\sorgenti\bm-sd\CANALI\U_selc0.pas"
"CanaliAria","C:\DOCUMENTI\sd\sorgenti\bm-sd\CANALI\OLD1.PAS","U_serram","C:\DOCUMENTI\sd\sorgenti\bm-sd\CANALI\U_SERRAM.PAS"
"CanaliAria","C:\DOCUMENTI\sd\sorgenti\bm-sd\CANALI\OLD1.PAS","U_serter","C:\DOCUMENTI\sd\sorgenti\bm-sd\CANALI\U_SERTER.PAS"
"CanaliAria","C:\DOCUMENTI\sd\sorgenti\bm-sd\CANALI\OLD1.PAS","WM","C:\DOCUMENTI\sd\sorgenti\bm-sd\CANALI\WM.pas"
"CanaliAria","C:\DOCUMENTI\sd\sorgenti\bm-sd\CANALI\OLDUTI.PAS","Crt","C:\DOCUMENTI\sd\sorgenti\bm-sd\CANALI\CRT.pas"
"CanaliAria","C:\DOCUMENTI\sd\sorgenti\bm-sd\CANALI\OLDUTI.PAS","defuti","C:\DOCUMENTI\sd\sorgenti\bm-sd\CANALI\DEFUTI.pas"
"CanaliAria","C:\DOCUMENTI\sd\sorgenti\bm-sd\CANALI\OLDUTI.PAS","Dos","C:\DOCUMENTI\sd\sorgenti\bm-sd\CANALI\DOS.pas"
"CanaliAria","C:\DOCUMENTI\sd\sorgenti\bm-sd\CANALI\OLDUTI.PAS","Turbo3","C:\DOCUMENTI\sd\sorgenti\bm-sd\CANALI\Turbo3.pas"
"CanaliAria","C:\DOCUMENTI\sd\sorgenti\bm-sd\CANALI\OLDUTI.PAS","WM","C:\DOCUMENTI\sd\sorgenti\bm-sd\CANALI\WM.pas"
"CanaliAria","C:\DOCUMENTI\sd\sorgenti\bm-sd\CANALI\OVERPROC.PAS","crt","C:\DOCUMENTI\sd\sorgenti\bm-sd\CANALI\CRT.pas"
"CanaliAria","C:\DOCUMENTI\sd\sorgenti\bm-sd\CANALI\OVERPROC.PAS","defcom","C:\DOCUMENTI\sd\sorgenti\bm-sd\CANALI\DEFCOM.PAS"
"CanaliAria","C:\DOCUMENTI\sd\sorgenti\bm-sd\CANALI\OVERPROC.PAS","defuti","C:\DOCUMENTI\sd\sorgenti\bm-sd\CANALI\DEFUTI.pas"
"CanaliAria","C:\DOCUMENTI\sd\sorgenti\bm-sd\CANALI\OVERPROC.PAS","print","C:\DOCUMENTI\sd\sorgenti\bm-sd\CANALI\Print.pas"
"CanaliAria","C:\DOCUMENTI\sd\sorgenti\bm-sd\CANALI\OVERPROC.PAS","utilitie","C:\DOCUMENTI\sd\sorgenti\bm-sd\CANALI\Utilitie.pas"
"CanaliAria","C:\DOCUMENTI\sd\sorgenti\bm-sd\CANALI\PERCENTO.PAS","dummyfunction","C:\DOCUMENTI\sd\sorgenti\bm-sd\CANALI\dummyfunction.pas"
"CanaliAria","C:\DOCUMENTI\sd\sorgenti\bm-sd\CANALI\PERCENTO.PAS","textc","C:\DOCUMENTI\sd\sorgenti\bm-sd\CANALI\TEXTC.PAS"
"CanaliAria","C:\DOCUMENTI\sd\sorgenti\bm-sd\CANALI\PEZZI.PAS","crdummy","C:\DOCUMENTI\sd\sorgenti\bm-sd\CANALI\CRDUMMY.PAS"
"CanaliAria","C:\DOCUMENTI\sd\sorgenti\bm-sd\CANALI\PEZZI.PAS","definizcan","C:\DOCUMENTI\sd\sorgenti\bm-sd\CANALI\definizcan.pas"
"CanaliAria","C:\DOCUMENTI\sd\sorgenti\bm-sd\CANALI\PEZZI.PAS","interf3d","C:\DOCUMENTI\sd\sorgenti\bm-sd\CANALI\interf3d.pas"
"CanaliAria","C:\DOCUMENTI\sd\sorgenti\bm-sd\CANALI\PEZZI.PAS","U_05LR","C:\DOCUMENTI\sd\sorgenti\bm-sd\CANALI\U_05LR.PAS"
"CanaliAria","C:\DOCUMENTI\sd\sorgenti\bm-sd\CANALI\PEZZI.PAS","U_079R","C:\DOCUMENTI\sd\sorgenti\bm-sd\CANALI\U_079R.PAS"
"CanaliAria","C:\DOCUMENTI\sd\sorgenti\bm-sd\CANALI\PEZZI.PAS","U_10RA","C:\DOCUMENTI\sd\sorgenti\bm-sd\CANALI\U_10RA.PAS"
"CanaliAria","C:\DOCUMENTI\sd\sorgenti\bm-sd\CANALI\PEZZI.PAS","U_13CB","C:\DOCUMENTI\sd\sorgenti\bm-sd\CANALI\U_13CB.PAS"
"CanaliAria","C:\DOCUMENTI\sd\sorgenti\bm-sd\CANALI\PEZZI.PAS","U_13RBT","C:\DOCUMENTI\sd\sorgenti\bm-sd\CANALI\U_13RBT.PAS"
"CanaliAria","C:\DOCUMENTI\sd\sorgenti\bm-sd\CANALI\PEZZI.PAS","U_15RBT","C:\DOCUMENTI\sd\sorgenti\bm-sd\CANALI\U_15RBT.PAS"
"CanaliAria","C:\DOCUMENTI\sd\sorgenti\bm-sd\CANALI\PEZZI.PAS","U_180R","C:\DOCUMENTI\sd\sorgenti\bm-sd\CANALI\U_180R.PAS"
"CanaliAria","C:\DOCUMENTI\sd\sorgenti\bm-sd\CANALI\PEZZI.PAS","U_271R","C:\DOCUMENTI\sd\sorgenti\bm-sd\CANALI\U_271R.PAS"
"CanaliAria","C:\DOCUMENTI\sd\sorgenti\bm-sd\CANALI\PEZZI.PAS","U_31CC","C:\DOCUMENTI\sd\sorgenti\bm-sd\CANALI\U_31CC.PAS"
"CanaliAria","C:\DOCUMENTI\sd\sorgenti\bm-sd\CANALI\PEZZI.PAS","U_362R","C:\DOCUMENTI\sd\sorgenti\bm-sd\CANALI\U_362R.PAS"
"CanaliAria","C:\DOCUMENTI\sd\sorgenti\bm-sd\CANALI\PEZZI.PAS","U_3710","C:\DOCUMENTI\sd\sorgenti\bm-sd\CANALI\U_3710.PAS"
"CanaliAria","C:\DOCUMENTI\sd\sorgenti\bm-sd\CANALI\PEZZI.PAS","U_3722","C:\DOCUMENTI\sd\sorgenti\bm-sd\CANALI\U_3722.PAS"
"CanaliAria","C:\DOCUMENTI\sd\sorgenti\bm-sd\CANALI\PEZZI.PAS","U_3733","C:\DOCUMENTI\sd\sorgenti\bm-sd\CANALI\U_3733.pas"
"CanaliAria","C:\DOCUMENTI\sd\sorgenti\bm-sd\CANALI\PEZZI.PAS","U_VARPEZZI","C:\DOCUMENTI\sd\sorgenti\bm-sd\CANALI\U_VARPEZZI.pas"
"CanaliAria","C:\DOCUMENTI\sd\sorgenti\bm-sd\CANALI\pezzi3d\U3dsd.pas","uarchpezzi","C:\DOCUMENTI\sd\sorgenti\bm-sd\CANALI\pezzi3d\uarchpezzi.pas"
"CanaliAria","C:\DOCUMENTI\sd\sorgenti\bm-sd\CANALI\pezzi3d\uarchpezzi.pas","dummyfunction","C:\DOCUMENTI\sd\sorgenti\bm-sd\CANALI\dummyfunction.pas"
"CanaliAria","C:\DOCUMENTI\sd\sorgenti\bm-sd\CANALI\pezzi3d\uarchpezzi.pas","u3dsd","C:\DOCUMENTI\sd\sorgenti\bm-sd\CANALI\pezzi3d\U3dsd.pas"
"CanaliAria","C:\DOCUMENTI\sd\sorgenti\bm-sd\CANALI\pezzi3d\uarchpezzi.pas","Variabili3d","C:\DOCUMENTI\sd\sorgenti\bm-sd\3dsd\variabili3d.pas"
"CanaliAria","C:\DOCUMENTI\sd\sorgenti\bm-sd\CANALI\PFdaticalc.dpr","UFDaticalc","C:\DOCUMENTI\sd\sorgenti\bm-sd\CANALI\UFDaticalc.pas"
"CanaliAria","C:\DOCUMENTI\sd\sorgenti\bm-sd\CANALI\PIANTE.PAS","Crt","C:\DOCUMENTI\sd\sorgenti\bm-sd\CANALI\CRT.pas"
"CanaliAria","C:\DOCUMENTI\sd\sorgenti\bm-sd\CANALI\PIANTE.PAS","defuti","C:\DOCUMENTI\sd\sorgenti\bm-sd\CANALI\DEFUTI.pas"
"CanaliAria","C:\DOCUMENTI\sd\sorgenti\bm-sd\CANALI\PIANTE.PAS","Dos","C:\DOCUMENTI\sd\sorgenti\bm-sd\CANALI\DOS.pas"
"CanaliAria","C:\DOCUMENTI\sd\sorgenti\bm-sd\CANALI\PIANTE.PAS","key","C:\DOCUMENTI\sd\sorgenti\bm-sd\CANALI\key.pas"
"CanaliAria","C:\DOCUMENTI\sd\sorgenti\bm-sd\CANALI\PIANTE.PAS","Turbo3","C:\DOCUMENTI\sd\sorgenti\bm-sd\CANALI\Turbo3.pas"
"CanaliAria","C:\DOCUMENTI\sd\sorgenti\bm-sd\CANALI\PIANTE.PAS","utilitie","C:\DOCUMENTI\sd\sorgenti\bm-sd\CANALI\Utilitie.pas"
"CanaliAria","C:\DOCUMENTI\sd\sorgenti\bm-sd\CANALI\PR.PAS","Objects","C:\DOCUMENTI\sd\sorgenti\bm-sd\CANALI\Objects.pas"
"CanaliAria","C:\DOCUMENTI\sd\sorgenti\bm-sd\CANALI\PR.PAS","ODialogs","C:\DOCUMENTI\sd\sorgenti\bm-sd\CANALI\Odialogs.pas"
"CanaliAria","C:\DOCUMENTI\sd\sorgenti\bm-sd\CANALI\PR.PAS","OWindows","C:\DOCUMENTI\sd\sorgenti\bm-sd\CANALI\Owindows.pas"
"CanaliAria","C:\DOCUMENTI\sd\sorgenti\bm-sd\CANALI\PR.PAS","Toolbar","C:\DOCUMENTI\sd\sorgenti\bm-sd\CANALI\UTILS\TOOLBAR.PAS"
"CanaliAria","C:\DOCUMENTI\sd\sorgenti\bm-sd\CANALI\PR.PAS","WinTypes","C:\DOCUMENTI\sd\sorgenti\bm-sd\CANALI\wintypes.pas"
"CanaliAria","C:\DOCUMENTI\sd\sorgenti\bm-sd\CANALI\prgduct.pas","definizcan","C:\DOCUMENTI\sd\sorgenti\bm-sd\CANALI\definizcan.pas"
"CanaliAria","C:\DOCUMENTI\sd\sorgenti\bm-sd\CANALI\prgduct.pas","defuti","C:\DOCUMENTI\sd\sorgenti\bm-sd\CANALI\DEFUTI.pas"
"CanaliAria","C:\DOCUMENTI\sd\sorgenti\bm-sd\CANALI\prgduct.pas","dummyfunction","C:\DOCUMENTI\sd\sorgenti\bm-sd\CANALI\dummyfunction.pas"
"CanaliAria","C:\DOCUMENTI\sd\sorgenti\bm-sd\CANALI\prgduct.pas","ioduct","C:\DOCUMENTI\sd\sorgenti\bm-sd\CANALI\ioduct.pas"
"CanaliAria","C:\DOCUMENTI\sd\sorgenti\bm-sd\CANALI\prgduct.pas","load_P","C:\DOCUMENTI\sd\sorgenti\bm-sd\CANALI\load_p.pas"
"CanaliAria","C:\DOCUMENTI\sd\sorgenti\bm-sd\CANALI\prgduct.pas","owindows","C:\DOCUMENTI\sd\sorgenti\bm-sd\CANALI\Owindows.pas"
"CanaliAria","C:\DOCUMENTI\sd\sorgenti\bm-sd\CANALI\prgduct.pas","utilitie","C:\DOCUMENTI\sd\sorgenti\bm-sd\CANALI\Utilitie.pas"
"CanaliAria","C:\DOCUMENTI\sd\sorgenti\bm-sd\CANALI\prgduct.pas","WINtypes","C:\DOCUMENTI\sd\sorgenti\bm-sd\CANALI\wintypes.pas"
"CanaliAria","C:\DOCUMENTI\sd\sorgenti\bm-sd\CANALI\prgduct.pas","WM","C:\DOCUMENTI\sd\sorgenti\bm-sd\CANALI\WM.pas"
"CanaliAria","C:\DOCUMENTI\sd\sorgenti\bm-sd\CANALI\PRINT_old.pas","defutig","C:\DOCUMENTI\sd\sorgenti\bm-sd\CANALI\UTILS\DEFUTIG.PAS"
"CanaliAria","C:\DOCUMENTI\sd\sorgenti\bm-sd\CANALI\PRINT_old.pas","dummyfunction","C:\DOCUMENTI\sd\sorgenti\bm-sd\CANALI\dummyfunction.pas"
"CanaliAria","C:\DOCUMENTI\sd\sorgenti\bm-sd\CANALI\PRINT_old.pas","utigen","C:\DOCUMENTI\sd\sorgenti\bm-sd\CANALI\UTILS\UTIGEN.PAS"
"CanaliAria","C:\DOCUMENTI\sd\sorgenti\bm-sd\CANALI\Provacanali.dpr","Print","C:\DOCUMENTI\sd\sorgenti\bm-sd\CANALI\Print.pas"
"CanaliAria","C:\DOCUMENTI\sd\sorgenti\bm-sd\CANALI\Provacanali.dpr","UProvacanali","C:\DOCUMENTI\sd\sorgenti\bm-sd\CANALI\UProvacanali.pas"
"CanaliAria","C:\DOCUMENTI\sd\sorgenti\bm-sd\CANALI\PROVAUTI.PAS","defuti","C:\DOCUMENTI\sd\sorgenti\bm-sd\CANALI\DEFUTI.pas"
"CanaliAria","C:\DOCUMENTI\sd\sorgenti\bm-sd\CANALI\PROVAUTI.PAS","Objects","C:\DOCUMENTI\sd\sorgenti\bm-sd\CANALI\Objects.pas"
"CanaliAria","C:\DOCUMENTI\sd\sorgenti\bm-sd\CANALI\PROVAUTI.PAS","ODialogs","C:\DOCUMENTI\sd\sorgenti\bm-sd\CANALI\Odialogs.pas"
"CanaliAria","C:\DOCUMENTI\sd\sorgenti\bm-sd\CANALI\PROVAUTI.PAS","OWindows","C:\DOCUMENTI\sd\sorgenti\bm-sd\CANALI\Owindows.pas"
"CanaliAria","C:\DOCUMENTI\sd\sorgenti\bm-sd\CANALI\PROVAUTI.PAS","utiwin","C:\DOCUMENTI\sd\sorgenti\bm-sd\CANALI\UTIWIN.PAS"
"CanaliAria","C:\DOCUMENTI\sd\sorgenti\bm-sd\CANALI\PROVAUTI.PAS","WinTypes","C:\DOCUMENTI\sd\sorgenti\bm-sd\CANALI\wintypes.pas"
"CanaliAria","C:\DOCUMENTI\sd\sorgenti\bm-sd\CANALI\READPLT.PAS","crt","C:\DOCUMENTI\sd\sorgenti\bm-sd\CANALI\CRT.pas"
"CanaliAria","C:\DOCUMENTI\sd\sorgenti\bm-sd\CANALI\READPLT.PAS","dos","C:\DOCUMENTI\sd\sorgenti\bm-sd\CANALI\DOS.pas"
"CanaliAria","C:\DOCUMENTI\sd\sorgenti\bm-sd\CANALI\ren Copialibreriagenerale.pas","CopiaVariabiliGenerali","C:\DOCUMENTI\sd\sorgenti\bm-sd\CANALI\copiaVariabiliGenerali.pas"
"CanaliAria","C:\DOCUMENTI\sd\sorgenti\bm-sd\CANALI\ren Copialibreriagenerale.pas","dbtables","C:\DOCUMENTI\sd\sorgenti\bm-sd\componenti\kbmmem\bdenew\DbTables.pas"
"CanaliAria","C:\DOCUMENTI\sd\sorgenti\bm-sd\CANALI\RuotaSez.pas","definizcan","C:\DOCUMENTI\sd\sorgenti\bm-sd\CANALI\definizcan.pas"
"CanaliAria","C:\DOCUMENTI\sd\sorgenti\bm-sd\CANALI\RuotaSez.pas","FunzDim","C:\DOCUMENTI\sd\sorgenti\bm-sd\CANALI\funzdim.pas"
"CanaliAria","C:\DOCUMENTI\sd\sorgenti\bm-sd\CANALI\scritte.pas","Crt","C:\DOCUMENTI\sd\sorgenti\bm-sd\CANALI\CRT.pas"
"CanaliAria","C:\DOCUMENTI\sd\sorgenti\bm-sd\CANALI\scritte.pas","definizcan","C:\DOCUMENTI\sd\sorgenti\bm-sd\CANALI\definizcan.pas"
"CanaliAria","C:\DOCUMENTI\sd\sorgenti\bm-sd\CANALI\scritte.pas","Dos","C:\DOCUMENTI\sd\sorgenti\bm-sd\CANALI\DOS.pas"
"CanaliAria","C:\DOCUMENTI\sd\sorgenti\bm-sd\CANALI\scritte.pas","dummyfunction","C:\DOCUMENTI\sd\sorgenti\bm-sd\CANALI\dummyfunction.pas"
"CanaliAria","C:\DOCUMENTI\sd\sorgenti\bm-sd\CANALI\scritte.pas","utilitie","C:\DOCUMENTI\sd\sorgenti\bm-sd\CANALI\Utilitie.pas"
"CanaliAria","C:\DOCUMENTI\sd\sorgenti\bm-sd\CANALI\scritte.pas","wm","C:\DOCUMENTI\sd\sorgenti\bm-sd\CANALI\WM.pas"
"CanaliAria","C:\DOCUMENTI\sd\sorgenti\bm-sd\CANALI\Selcodice.dpr","UOggetti","C:\DOCUMENTI\sd\sorgenti\bm-sd\3dCAD\Uoggetti.pas"
"CanaliAria","C:\DOCUMENTI\sd\sorgenti\bm-sd\CANALI\Selcodice.dpr","Uselcodice","C:\DOCUMENTI\sd\sorgenti\bm-sd\CANALI\Uselcodice.pas"
"CanaliAria","C:\DOCUMENTI\sd\sorgenti\bm-sd\CANALI\U_05LR.PAS","definizcan","C:\DOCUMENTI\sd\sorgenti\bm-sd\CANALI\definizcan.pas"
"CanaliAria","C:\DOCUMENTI\sd\sorgenti\bm-sd\CANALI\U_05LR.PAS","U_VARPEZZI","C:\DOCUMENTI\sd\sorgenti\bm-sd\CANALI\U_VARPEZZI.pas"
"CanaliAria","C:\DOCUMENTI\sd\sorgenti\bm-sd\CANALI\U_079R.PAS","crt","C:\DOCUMENTI\sd\sorgenti\bm-sd\CANALI\CRT.pas"
"CanaliAria","C:\DOCUMENTI\sd\sorgenti\bm-sd\CANALI\U_079R.PAS","definizcan","C:\DOCUMENTI\sd\sorgenti\bm-sd\CANALI\definizcan.pas"
"CanaliAria","C:\DOCUMENTI\sd\sorgenti\bm-sd\CANALI\U_079R.PAS","dos","C:\DOCUMENTI\sd\sorgenti\bm-sd\CANALI\DOS.pas"
"CanaliAria","C:\DOCUMENTI\sd\sorgenti\bm-sd\CANALI\U_079R.PAS","interf3d","C:\DOCUMENTI\sd\sorgenti\bm-sd\CANALI\interf3d.pas"
"CanaliAria","C:\DOCUMENTI\sd\sorgenti\bm-sd\CANALI\U_079R.PAS","U_VARPEZZI","C:\DOCUMENTI\sd\sorgenti\bm-sd\CANALI\U_VARPEZZI.pas"
"CanaliAria","C:\DOCUMENTI\sd\sorgenti\bm-sd\CANALI\U_10RA.PAS","crt","C:\DOCUMENTI\sd\sorgenti\bm-sd\CANALI\CRT.pas"
"CanaliAria","C:\DOCUMENTI\sd\sorgenti\bm-sd\CANALI\U_10RA.PAS","definizcan","C:\DOCUMENTI\sd\sorgenti\bm-sd\CANALI\definizcan.pas"
"CanaliAria","C:\DOCUMENTI\sd\sorgenti\bm-sd\CANALI\U_10RA.PAS","dos","C:\DOCUMENTI\sd\sorgenti\bm-sd\CANALI\DOS.pas"
"CanaliAria","C:\DOCUMENTI\sd\sorgenti\bm-sd\CANALI\U_10RA.PAS","interf3d","C:\DOCUMENTI\sd\sorgenti\bm-sd\CANALI\interf3d.pas"
"CanaliAria","C:\DOCUMENTI\sd\sorgenti\bm-sd\CANALI\U_10RA.PAS","U_VARPEZZI","C:\DOCUMENTI\sd\sorgenti\bm-sd\CANALI\U_VARPEZZI.pas"
"CanaliAria","C:\DOCUMENTI\sd\sorgenti\bm-sd\CANALI\U_13CB.PAS","definizcan","C:\DOCUMENTI\sd\sorgenti\bm-sd\CANALI\definizcan.pas"
"CanaliAria","C:\DOCUMENTI\sd\sorgenti\bm-sd\CANALI\U_13CB.PAS","interf3d","C:\DOCUMENTI\sd\sorgenti\bm-sd\CANALI\interf3d.pas"
"CanaliAria","C:\DOCUMENTI\sd\sorgenti\bm-sd\CANALI\U_13CB.PAS","U_VARPEZZI","C:\DOCUMENTI\sd\sorgenti\bm-sd\CANALI\U_VARPEZZI.pas"
"CanaliAria","C:\DOCUMENTI\sd\sorgenti\bm-sd\CANALI\U_13RBT.PAS","definizcan","C:\DOCUMENTI\sd\sorgenti\bm-sd\CANALI\definizcan.pas"
"CanaliAria","C:\DOCUMENTI\sd\sorgenti\bm-sd\CANALI\U_13RBT.PAS","U_VARPEZZI","C:\DOCUMENTI\sd\sorgenti\bm-sd\CANALI\U_VARPEZZI.pas"
"CanaliAria","C:\DOCUMENTI\sd\sorgenti\bm-sd\CANALI\U_15RBT.PAS","definizcan","C:\DOCUMENTI\sd\sorgenti\bm-sd\CANALI\definizcan.pas"
"CanaliAria","C:\DOCUMENTI\sd\sorgenti\bm-sd\CANALI\U_15RBT.PAS","U_VARPEZZI","C:\DOCUMENTI\sd\sorgenti\bm-sd\CANALI\U_VARPEZZI.pas"
"CanaliAria","C:\DOCUMENTI\sd\sorgenti\bm-sd\CANALI\U_180R.PAS","definizcan","C:\DOCUMENTI\sd\sorgenti\bm-sd\CANALI\definizcan.pas"
"CanaliAria","C:\DOCUMENTI\sd\sorgenti\bm-sd\CANALI\U_180R.PAS","U_VARPEZZI","C:\DOCUMENTI\sd\sorgenti\bm-sd\CANALI\U_VARPEZZI.pas"
"CanaliAria","C:\DOCUMENTI\sd\sorgenti\bm-sd\CANALI\U_271R.PAS","crt","C:\DOCUMENTI\sd\sorgenti\bm-sd\CANALI\CRT.pas"
"CanaliAria","C:\DOCUMENTI\sd\sorgenti\bm-sd\CANALI\U_271R.PAS","definizcan","C:\DOCUMENTI\sd\sorgenti\bm-sd\CANALI\definizcan.pas"
"CanaliAria","C:\DOCUMENTI\sd\sorgenti\bm-sd\CANALI\U_271R.PAS","dos","C:\DOCUMENTI\sd\sorgenti\bm-sd\CANALI\DOS.pas"
"CanaliAria","C:\DOCUMENTI\sd\sorgenti\bm-sd\CANALI\U_271R.PAS","interf3d","C:\DOCUMENTI\sd\sorgenti\bm-sd\CANALI\interf3d.pas"
"CanaliAria","C:\DOCUMENTI\sd\sorgenti\bm-sd\CANALI\U_271R.PAS","U_VARPEZZI","C:\DOCUMENTI\sd\sorgenti\bm-sd\CANALI\U_VARPEZZI.pas"
"CanaliAria","C:\DOCUMENTI\sd\sorgenti\bm-sd\CANALI\U_310F.pas","angoli","C:\DOCUMENTI\sd\sorgenti\bm-sd\CANALI\ANGOLI.PAS"
"CanaliAria","C:\DOCUMENTI\sd\sorgenti\bm-sd\CANALI\U_310F.pas","definizcan","C:\DOCUMENTI\sd\sorgenti\bm-sd\CANALI\definizcan.pas"
"CanaliAria","C:\DOCUMENTI\sd\sorgenti\bm-sd\CANALI\U_310F.pas","funzdim","C:\DOCUMENTI\sd\sorgenti\bm-sd\CANALI\funzdim.pas"
"CanaliAria","C:\DOCUMENTI\sd\sorgenti\bm-sd\CANALI\U_31CC.PAS","crt","C:\DOCUMENTI\sd\sorgenti\bm-sd\CANALI\CRT.pas"
"CanaliAria","C:\DOCUMENTI\sd\sorgenti\bm-sd\CANALI\U_31CC.PAS","definizcan","C:\DOCUMENTI\sd\sorgenti\bm-sd\CANALI\definizcan.pas"
"CanaliAria","C:\DOCUMENTI\sd\sorgenti\bm-sd\CANALI\U_31CC.PAS","dos","C:\DOCUMENTI\sd\sorgenti\bm-sd\CANALI\DOS.pas"
"CanaliAria","C:\DOCUMENTI\sd\sorgenti\bm-sd\CANALI\U_31CC.PAS","interf3d","C:\DOCUMENTI\sd\sorgenti\bm-sd\CANALI\interf3d.pas"
"CanaliAria","C:\DOCUMENTI\sd\sorgenti\bm-sd\CANALI\U_31CC.PAS","U_VARPEZZI","C:\DOCUMENTI\sd\sorgenti\bm-sd\CANALI\U_VARPEZZI.pas"
"CanaliAria","C:\DOCUMENTI\sd\sorgenti\bm-sd\CANALI\U_362R.PAS","crt","C:\DOCUMENTI\sd\sorgenti\bm-sd\CANALI\CRT.pas"
"CanaliAria","C:\DOCUMENTI\sd\sorgenti\bm-sd\CANALI\U_362R.PAS","definizcan","C:\DOCUMENTI\sd\sorgenti\bm-sd\CANALI\definizcan.pas"
"CanaliAria","C:\DOCUMENTI\sd\sorgenti\bm-sd\CANALI\U_362R.PAS","dos","C:\DOCUMENTI\sd\sorgenti\bm-sd\CANALI\DOS.pas"
"CanaliAria","C:\DOCUMENTI\sd\sorgenti\bm-sd\CANALI\U_362R.PAS","U_VARPEZZI","C:\DOCUMENTI\sd\sorgenti\bm-sd\CANALI\U_VARPEZZI.pas"
"CanaliAria","C:\DOCUMENTI\sd\sorgenti\bm-sd\CANALI\U_3710.PAS","definizcan","C:\DOCUMENTI\sd\sorgenti\bm-sd\CANALI\definizcan.pas"
"CanaliAria","C:\DOCUMENTI\sd\sorgenti\bm-sd\CANALI\U_3710.PAS","U_VARPEZZI","C:\DOCUMENTI\sd\sorgenti\bm-sd\CANALI\U_VARPEZZI.pas"
"CanaliAria","C:\DOCUMENTI\sd\sorgenti\bm-sd\CANALI\U_3722.PAS","definizcan","C:\DOCUMENTI\sd\sorgenti\bm-sd\CANALI\definizcan.pas"
"CanaliAria","C:\DOCUMENTI\sd\sorgenti\bm-sd\CANALI\U_3722.PAS","interf3d","C:\DOCUMENTI\sd\sorgenti\bm-sd\CANALI\interf3d.pas"
"CanaliAria","C:\DOCUMENTI\sd\sorgenti\bm-sd\CANALI\U_3722.PAS","U_VARPEZZI","C:\DOCUMENTI\sd\sorgenti\bm-sd\CANALI\U_VARPEZZI.pas"
"CanaliAria","C:\DOCUMENTI\sd\sorgenti\bm-sd\CANALI\U_3733.pas","crt","C:\DOCUMENTI\sd\sorgenti\bm-sd\CANALI\CRT.pas"
"CanaliAria","C:\DOCUMENTI\sd\sorgenti\bm-sd\CANALI\U_3733.pas","definizcan","C:\DOCUMENTI\sd\sorgenti\bm-sd\CANALI\definizcan.pas"
"CanaliAria","C:\DOCUMENTI\sd\sorgenti\bm-sd\CANALI\U_3733.pas","dos","C:\DOCUMENTI\sd\sorgenti\bm-sd\CANALI\DOS.pas"
"CanaliAria","C:\DOCUMENTI\sd\sorgenti\bm-sd\CANALI\U_3733.pas","U_VARPEZZI","C:\DOCUMENTI\sd\sorgenti\bm-sd\CANALI\U_VARPEZZI.pas"
"CanaliAria","C:\DOCUMENTI\sd\sorgenti\bm-sd\CANALI\U_canfst.pas","copiatabelle","C:\DOCUMENTI\sd\sorgenti\bm-sd\CANALI\CopiaTabelle.pas"
"CanaliAria","C:\DOCUMENTI\sd\sorgenti\bm-sd\CANALI\U_canfst.pas","dummyfunction","C:\DOCUMENTI\sd\sorgenti\bm-sd\CANALI\dummyfunction.pas"
"CanaliAria","C:\DOCUMENTI\sd\sorgenti\bm-sd\CANALI\U_CREA3D.PAS","Crt","C:\DOCUMENTI\sd\sorgenti\bm-sd\CANALI\CRT.pas"
"CanaliAria","C:\DOCUMENTI\sd\sorgenti\bm-sd\CANALI\U_CREA3D.PAS","defuti","C:\DOCUMENTI\sd\sorgenti\bm-sd\CANALI\DEFUTI.pas"
"CanaliAria","C:\DOCUMENTI\sd\sorgenti\bm-sd\CANALI\U_CREA3D.PAS","Dos","C:\DOCUMENTI\sd\sorgenti\bm-sd\CANALI\DOS.pas"
"CanaliAria","C:\DOCUMENTI\sd\sorgenti\bm-sd\CANALI\U_CREA3D.PAS","Turbo3","C:\DOCUMENTI\sd\sorgenti\bm-sd\CANALI\Turbo3.pas"
"CanaliAria","C:\DOCUMENTI\sd\sorgenti\bm-sd\CANALI\U_CREA3D.PAS","utilitie","C:\DOCUMENTI\sd\sorgenti\bm-sd\CANALI\Utilitie.pas"
"CanaliAria","C:\DOCUMENTI\sd\sorgenti\bm-sd\CANALI\U_CREASC.PAS","Crt","C:\DOCUMENTI\sd\sorgenti\bm-sd\CANALI\CRT.pas"
"CanaliAria","C:\DOCUMENTI\sd\sorgenti\bm-sd\CANALI\U_CREASC.PAS","defuti","C:\DOCUMENTI\sd\sorgenti\bm-sd\CANALI\DEFUTI.pas"
"CanaliAria","C:\DOCUMENTI\sd\sorgenti\bm-sd\CANALI\U_CREASC.PAS","Dos","C:\DOCUMENTI\sd\sorgenti\bm-sd\CANALI\DOS.pas"
"CanaliAria","C:\DOCUMENTI\sd\sorgenti\bm-sd\CANALI\U_CREASC.PAS","Turbo3","C:\DOCUMENTI\sd\sorgenti\bm-sd\CANALI\Turbo3.pas"
"CanaliAria","C:\DOCUMENTI\sd\sorgenti\bm-sd\CANALI\U_CREASC.PAS","utilitie","C:\DOCUMENTI\sd\sorgenti\bm-sd\CANALI\Utilitie.pas"
"CanaliAria","C:\DOCUMENTI\sd\sorgenti\bm-sd\CANALI\U_cvcan.pas","Angoli","C:\DOCUMENTI\sd\sorgenti\bm-sd\CANALI\ANGOLI.PAS"
"CanaliAria","C:\DOCUMENTI\sd\sorgenti\bm-sd\CANALI\U_cvcan.pas","Crt","C:\DOCUMENTI\sd\sorgenti\bm-sd\CANALI\CRT.pas"
"CanaliAria","C:\DOCUMENTI\sd\sorgenti\bm-sd\CANALI\U_cvcan.pas","definizcan","C:\DOCUMENTI\sd\sorgenti\bm-sd\CANALI\definizcan.pas"
"CanaliAria","C:\DOCUMENTI\sd\sorgenti\bm-sd\CANALI\U_cvcan.pas","defuti","C:\DOCUMENTI\sd\sorgenti\bm-sd\CANALI\DEFUTI.pas"
"CanaliAria","C:\DOCUMENTI\sd\sorgenti\bm-sd\CANALI\U_cvcan.pas","disperrori","C:\DOCUMENTI\sd\sorgenti\bm-sd\CANALI\disperrori.pas"
"CanaliAria","C:\DOCUMENTI\sd\sorgenti\bm-sd\CANALI\U_cvcan.pas","Dos","C:\DOCUMENTI\sd\sorgenti\bm-sd\CANALI\DOS.pas"
"CanaliAria","C:\DOCUMENTI\sd\sorgenti\bm-sd\CANALI\U_cvcan.pas","Dummyfunction","C:\DOCUMENTI\sd\sorgenti\bm-sd\CANALI\dummyfunction.pas"
"CanaliAria","C:\DOCUMENTI\sd\sorgenti\bm-sd\CANALI\U_cvcan.pas","init_cca","C:\DOCUMENTI\sd\sorgenti\bm-sd\CANALI\init_cca.pas"
"CanaliAria","C:\DOCUMENTI\sd\sorgenti\bm-sd\CANALI\U_cvcan.pas","LOad_d","C:\DOCUMENTI\sd\sorgenti\bm-sd\CANALI\LOad_d.pas"
"CanaliAria","C:\DOCUMENTI\sd\sorgenti\bm-sd\CANALI\U_cvcan.pas","load_p","C:\DOCUMENTI\sd\sorgenti\bm-sd\CANALI\load_p.pas"
"CanaliAria","C:\DOCUMENTI\sd\sorgenti\bm-sd\CANALI\U_cvcan.pas","UGestpezzi","C:\DOCUMENTI\sd\sorgenti\bm-sd\CANALI\UGestpezzi.pas"
"CanaliAria","C:\DOCUMENTI\sd\sorgenti\bm-sd\CANALI\U_cvcan.pas","WM","C:\DOCUMENTI\sd\sorgenti\bm-sd\CANALI\WM.pas"
"CanaliAria","C:\DOCUMENTI\sd\sorgenti\bm-sd\CANALI\u_cvcan1.pas","Angoli","C:\DOCUMENTI\sd\sorgenti\bm-sd\CANALI\ANGOLI.PAS"
"CanaliAria","C:\DOCUMENTI\sd\sorgenti\bm-sd\CANALI\u_cvcan1.pas","Crt","C:\DOCUMENTI\sd\sorgenti\bm-sd\CANALI\CRT.pas"
"CanaliAria","C:\DOCUMENTI\sd\sorgenti\bm-sd\CANALI\u_cvcan1.pas","definizcan","C:\DOCUMENTI\sd\sorgenti\bm-sd\CANALI\definizcan.pas"
"CanaliAria","C:\DOCUMENTI\sd\sorgenti\bm-sd\CANALI\u_cvcan1.pas","defuti","C:\DOCUMENTI\sd\sorgenti\bm-sd\CANALI\DEFUTI.pas"
"CanaliAria","C:\DOCUMENTI\sd\sorgenti\bm-sd\CANALI\u_cvcan1.pas","Dos","C:\DOCUMENTI\sd\sorgenti\bm-sd\CANALI\DOS.pas"
"CanaliAria","C:\DOCUMENTI\sd\sorgenti\bm-sd\CANALI\u_cvcan1.pas","dummyfunction","C:\DOCUMENTI\sd\sorgenti\bm-sd\CANALI\dummyfunction.pas"
"CanaliAria","C:\DOCUMENTI\sd\sorgenti\bm-sd\CANALI\u_cvcan1.pas","esiste","C:\DOCUMENTI\sd\sorgenti\bm-sd\CANALI\ESISTE.PAS"
"CanaliAria","C:\DOCUMENTI\sd\sorgenti\bm-sd\CANALI\u_cvcan1.pas","funzbase","C:\DOCUMENTI\sd\sorgenti\bm-sd\CANALI\FUNZBASE.PAS"
"CanaliAria","C:\DOCUMENTI\sd\sorgenti\bm-sd\CANALI\u_cvcan1.pas","Load_d","C:\DOCUMENTI\sd\sorgenti\bm-sd\CANALI\LOad_d.pas"
"CanaliAria","C:\DOCUMENTI\sd\sorgenti\bm-sd\CANALI\u_cvcan1.pas","textc","C:\DOCUMENTI\sd\sorgenti\bm-sd\CANALI\TEXTC.PAS"
"CanaliAria","C:\DOCUMENTI\sd\sorgenti\bm-sd\CANALI\u_cvcan1.pas","u_cvcan","C:\DOCUMENTI\sd\sorgenti\bm-sd\CANALI\U_cvcan.pas"
"CanaliAria","C:\DOCUMENTI\sd\sorgenti\bm-sd\CANALI\u_cvcan1.pas","WM","C:\DOCUMENTI\sd\sorgenti\bm-sd\CANALI\WM.pas"
"CanaliAria","C:\DOCUMENTI\sd\sorgenti\bm-sd\CANALI\U_FUNC0.PAS","Crt","C:\DOCUMENTI\sd\sorgenti\bm-sd\CANALI\CRT.pas"
"CanaliAria","C:\DOCUMENTI\sd\sorgenti\bm-sd\CANALI\U_FUNC0.PAS","defuti","C:\DOCUMENTI\sd\sorgenti\bm-sd\CANALI\DEFUTI.pas"
"CanaliAria","C:\DOCUMENTI\sd\sorgenti\bm-sd\CANALI\U_FUNC0.PAS","Dos","C:\DOCUMENTI\sd\sorgenti\bm-sd\CANALI\DOS.pas"
"CanaliAria","C:\DOCUMENTI\sd\sorgenti\bm-sd\CANALI\U_FUNC0.PAS","Turbo3","C:\DOCUMENTI\sd\sorgenti\bm-sd\CANALI\Turbo3.pas"
"CanaliAria","C:\DOCUMENTI\sd\sorgenti\bm-sd\CANALI\U_FUNC0.PAS","utilitie","C:\DOCUMENTI\sd\sorgenti\bm-sd\CANALI\Utilitie.pas"
"CanaliAria","C:\DOCUMENTI\sd\sorgenti\bm-sd\CANALI\u_funz.pas","Crt","C:\DOCUMENTI\sd\sorgenti\bm-sd\CANALI\CRT.pas"
"CanaliAria","C:\DOCUMENTI\sd\sorgenti\bm-sd\CANALI\u_funz.pas","definizcan","C:\DOCUMENTI\sd\sorgenti\bm-sd\CANALI\definizcan.pas"
"CanaliAria","C:\DOCUMENTI\sd\sorgenti\bm-sd\CANALI\u_funz.pas","defuti","C:\DOCUMENTI\sd\sorgenti\bm-sd\CANALI\DEFUTI.pas"
"CanaliAria","C:\DOCUMENTI\sd\sorgenti\bm-sd\CANALI\u_funz.pas","Dos","C:\DOCUMENTI\sd\sorgenti\bm-sd\CANALI\DOS.pas"
"CanaliAria","C:\DOCUMENTI\sd\sorgenti\bm-sd\CANALI\u_funz.pas","dummyfunction","C:\DOCUMENTI\sd\sorgenti\bm-sd\CANALI\dummyfunction.pas"
"CanaliAria","C:\DOCUMENTI\sd\sorgenti\bm-sd\CANALI\u_funz.pas","scritte","C:\DOCUMENTI\sd\sorgenti\bm-sd\CANALI\scritte.pas"
"CanaliAria","C:\DOCUMENTI\sd\sorgenti\bm-sd\CANALI\u_funz.pas","Turbo3","C:\DOCUMENTI\sd\sorgenti\bm-sd\CANALI\Turbo3.pas"
"CanaliAria","C:\DOCUMENTI\sd\sorgenti\bm-sd\CANALI\u_funz.pas","utilitie","C:\DOCUMENTI\sd\sorgenti\bm-sd\CANALI\Utilitie.pas"
"CanaliAria","C:\DOCUMENTI\sd\sorgenti\bm-sd\CANALI\u_funz.pas","WM","C:\DOCUMENTI\sd\sorgenti\bm-sd\CANALI\WM.pas"
"CanaliAria","C:\DOCUMENTI\sd\sorgenti\bm-sd\CANALI\U_RIDUZ.PAS","Crt","C:\DOCUMENTI\sd\sorgenti\bm-sd\CANALI\CRT.pas"
"CanaliAria","C:\DOCUMENTI\sd\sorgenti\bm-sd\CANALI\U_RIDUZ.PAS","defuti","C:\DOCUMENTI\sd\sorgenti\bm-sd\CANALI\DEFUTI.pas"
"CanaliAria","C:\DOCUMENTI\sd\sorgenti\bm-sd\CANALI\U_RIDUZ.PAS","Dos","C:\DOCUMENTI\sd\sorgenti\bm-sd\CANALI\DOS.pas"
"CanaliAria","C:\DOCUMENTI\sd\sorgenti\bm-sd\CANALI\U_RIDUZ.PAS","Turbo3","C:\DOCUMENTI\sd\sorgenti\bm-sd\CANALI\Turbo3.pas"
"CanaliAria","C:\DOCUMENTI\sd\sorgenti\bm-sd\CANALI\U_RIDUZ.PAS","u_funz","C:\DOCUMENTI\sd\sorgenti\bm-sd\CANALI\u_funz.pas"
"CanaliAria","C:\DOCUMENTI\sd\sorgenti\bm-sd\CANALI\U_RIDUZ.PAS","utilitie","C:\DOCUMENTI\sd\sorgenti\bm-sd\CANALI\Utilitie.pas"
"CanaliAria","C:\DOCUMENTI\sd\sorgenti\bm-sd\CANALI\U_riduz1.pas","Crt","C:\DOCUMENTI\sd\sorgenti\bm-sd\CANALI\CRT.pas"
"CanaliAria","C:\DOCUMENTI\sd\sorgenti\bm-sd\CANALI\U_riduz1.pas","definizcan","C:\DOCUMENTI\sd\sorgenti\bm-sd\CANALI\definizcan.pas"
"CanaliAria","C:\DOCUMENTI\sd\sorgenti\bm-sd\CANALI\U_riduz1.pas","defuti","C:\DOCUMENTI\sd\sorgenti\bm-sd\CANALI\DEFUTI.pas"
"CanaliAria","C:\DOCUMENTI\sd\sorgenti\bm-sd\CANALI\U_riduz1.pas","Dos","C:\DOCUMENTI\sd\sorgenti\bm-sd\CANALI\DOS.pas"
"CanaliAria","C:\DOCUMENTI\sd\sorgenti\bm-sd\CANALI\U_riduz1.pas","dummyfunction","C:\DOCUMENTI\sd\sorgenti\bm-sd\CANALI\dummyfunction.pas"
"CanaliAria","C:\DOCUMENTI\sd\sorgenti\bm-sd\CANALI\U_riduz1.pas","scritte","C:\DOCUMENTI\sd\sorgenti\bm-sd\CANALI\scritte.pas"
"CanaliAria","C:\DOCUMENTI\sd\sorgenti\bm-sd\CANALI\U_riduz1.pas","Turbo3","C:\DOCUMENTI\sd\sorgenti\bm-sd\CANALI\Turbo3.pas"
"CanaliAria","C:\DOCUMENTI\sd\sorgenti\bm-sd\CANALI\U_riduz1.pas","u_funz","C:\DOCUMENTI\sd\sorgenti\bm-sd\CANALI\u_funz.pas"
"CanaliAria","C:\DOCUMENTI\sd\sorgenti\bm-sd\CANALI\U_riduz1.pas","utilitie","C:\DOCUMENTI\sd\sorgenti\bm-sd\CANALI\Utilitie.pas"
"CanaliAria","C:\DOCUMENTI\sd\sorgenti\bm-sd\CANALI\U_riduz1.pas","wm","C:\DOCUMENTI\sd\sorgenti\bm-sd\CANALI\WM.pas"
"CanaliAria","C:\DOCUMENTI\sd\sorgenti\bm-sd\CANALI\U_selc0.pas","Crt","C:\DOCUMENTI\sd\sorgenti\bm-sd\CANALI\CRT.pas"
"CanaliAria","C:\DOCUMENTI\sd\sorgenti\bm-sd\CANALI\U_selc0.pas","definizcan","C:\DOCUMENTI\sd\sorgenti\bm-sd\CANALI\definizcan.pas"
"CanaliAria","C:\DOCUMENTI\sd\sorgenti\bm-sd\CANALI\U_selc0.pas","defuti","C:\DOCUMENTI\sd\sorgenti\bm-sd\CANALI\DEFUTI.pas"
"CanaliAria","C:\DOCUMENTI\sd\sorgenti\bm-sd\CANALI\U_selc0.pas","Dos","C:\DOCUMENTI\sd\sorgenti\bm-sd\CANALI\DOS.pas"
"CanaliAria","C:\DOCUMENTI\sd\sorgenti\bm-sd\CANALI\U_selc0.pas","Turbo3","C:\DOCUMENTI\sd\sorgenti\bm-sd\CANALI\Turbo3.pas"
"CanaliAria","C:\DOCUMENTI\sd\sorgenti\bm-sd\CANALI\U_selc0.pas","U_canfst","C:\DOCUMENTI\sd\sorgenti\bm-sd\CANALI\U_canfst.pas"
"CanaliAria","C:\DOCUMENTI\sd\sorgenti\bm-sd\CANALI\U_selc0.pas","U_funz","C:\DOCUMENTI\sd\sorgenti\bm-sd\CANALI\u_funz.pas"
"CanaliAria","C:\DOCUMENTI\sd\sorgenti\bm-sd\CANALI\U_selc0.pas","utilitie","C:\DOCUMENTI\sd\sorgenti\bm-sd\CANALI\Utilitie.pas"
"CanaliAria","C:\DOCUMENTI\sd\sorgenti\bm-sd\CANALI\U_selc0.pas","WM","C:\DOCUMENTI\sd\sorgenti\bm-sd\CANALI\WM.pas"
"CanaliAria","C:\DOCUMENTI\sd\sorgenti\bm-sd\CANALI\U_SERRAM.PAS","Crt","C:\DOCUMENTI\sd\sorgenti\bm-sd\CANALI\CRT.pas"
"CanaliAria","C:\DOCUMENTI\sd\sorgenti\bm-sd\CANALI\U_SERRAM.PAS","definIzcan","C:\DOCUMENTI\sd\sorgenti\bm-sd\CANALI\definizcan.pas"
"CanaliAria","C:\DOCUMENTI\sd\sorgenti\bm-sd\CANALI\U_SERRAM.PAS","defuti","C:\DOCUMENTI\sd\sorgenti\bm-sd\CANALI\DEFUTI.pas"
"CanaliAria","C:\DOCUMENTI\sd\sorgenti\bm-sd\CANALI\U_SERRAM.PAS","Dos","C:\DOCUMENTI\sd\sorgenti\bm-sd\CANALI\DOS.pas"
"CanaliAria","C:\DOCUMENTI\sd\sorgenti\bm-sd\CANALI\U_SERRAM.PAS","dummyfunction","C:\DOCUMENTI\sd\sorgenti\bm-sd\CANALI\dummyfunction.pas"
"CanaliAria","C:\DOCUMENTI\sd\sorgenti\bm-sd\CANALI\U_SERRAM.PAS","scritte","C:\DOCUMENTI\sd\sorgenti\bm-sd\CANALI\scritte.pas"
"CanaliAria","C:\DOCUMENTI\sd\sorgenti\bm-sd\CANALI\U_SERRAM.PAS","Turbo3","C:\DOCUMENTI\sd\sorgenti\bm-sd\CANALI\Turbo3.pas"
"CanaliAria","C:\DOCUMENTI\sd\sorgenti\bm-sd\CANALI\U_SERRAM.PAS","u_funz","C:\DOCUMENTI\sd\sorgenti\bm-sd\CANALI\u_funz.pas"
"CanaliAria","C:\DOCUMENTI\sd\sorgenti\bm-sd\CANALI\U_SERRAM.PAS","utilitie","C:\DOCUMENTI\sd\sorgenti\bm-sd\CANALI\Utilitie.pas"
"CanaliAria","C:\DOCUMENTI\sd\sorgenti\bm-sd\CANALI\U_SERRAM.PAS","WM","C:\DOCUMENTI\sd\sorgenti\bm-sd\CANALI\WM.pas"
"CanaliAria","C:\DOCUMENTI\sd\sorgenti\bm-sd\CANALI\U_SERTER.PAS","Crt","C:\DOCUMENTI\sd\sorgenti\bm-sd\CANALI\CRT.pas"
"CanaliAria","C:\DOCUMENTI\sd\sorgenti\bm-sd\CANALI\U_SERTER.PAS","definIZcan","C:\DOCUMENTI\sd\sorgenti\bm-sd\CANALI\definizcan.pas"
"CanaliAria","C:\DOCUMENTI\sd\sorgenti\bm-sd\CANALI\U_SERTER.PAS","defuti","C:\DOCUMENTI\sd\sorgenti\bm-sd\CANALI\DEFUTI.pas"
"CanaliAria","C:\DOCUMENTI\sd\sorgenti\bm-sd\CANALI\U_SERTER.PAS","Dos","C:\DOCUMENTI\sd\sorgenti\bm-sd\CANALI\DOS.pas"
"CanaliAria","C:\DOCUMENTI\sd\sorgenti\bm-sd\CANALI\U_SERTER.PAS","Dummyfunction","C:\DOCUMENTI\sd\sorgenti\bm-sd\CANALI\dummyfunction.pas"
"CanaliAria","C:\DOCUMENTI\sd\sorgenti\bm-sd\CANALI\U_SERTER.PAS","scritte","C:\DOCUMENTI\sd\sorgenti\bm-sd\CANALI\scritte.pas"
"CanaliAria","C:\DOCUMENTI\sd\sorgenti\bm-sd\CANALI\U_SERTER.PAS","Turbo3","C:\DOCUMENTI\sd\sorgenti\bm-sd\CANALI\Turbo3.pas"
"CanaliAria","C:\DOCUMENTI\sd\sorgenti\bm-sd\CANALI\U_SERTER.PAS","u_funz","C:\DOCUMENTI\sd\sorgenti\bm-sd\CANALI\u_funz.pas"
"CanaliAria","C:\DOCUMENTI\sd\sorgenti\bm-sd\CANALI\U_SERTER.PAS","utilitie","C:\DOCUMENTI\sd\sorgenti\bm-sd\CANALI\Utilitie.pas"
"CanaliAria","C:\DOCUMENTI\sd\sorgenti\bm-sd\CANALI\U_SERTER.PAS","WM","C:\DOCUMENTI\sd\sorgenti\bm-sd\CANALI\WM.pas"
"CanaliAria","C:\DOCUMENTI\sd\sorgenti\bm-sd\CANALI\U_TABELL.PAS","Crt","C:\DOCUMENTI\sd\sorgenti\bm-sd\CANALI\CRT.pas"
"CanaliAria","C:\DOCUMENTI\sd\sorgenti\bm-sd\CANALI\U_TABELL.PAS","defuti","C:\DOCUMENTI\sd\sorgenti\bm-sd\CANALI\DEFUTI.pas"
"CanaliAria","C:\DOCUMENTI\sd\sorgenti\bm-sd\CANALI\U_TABELL.PAS","Dos","C:\DOCUMENTI\sd\sorgenti\bm-sd\CANALI\DOS.pas"
"CanaliAria","C:\DOCUMENTI\sd\sorgenti\bm-sd\CANALI\U_TABELL.PAS","Turbo3","C:\DOCUMENTI\sd\sorgenti\bm-sd\CANALI\Turbo3.pas"
"CanaliAria","C:\DOCUMENTI\sd\sorgenti\bm-sd\CANALI\U_TABELL.PAS","u_funz","C:\DOCUMENTI\sd\sorgenti\bm-sd\CANALI\u_funz.pas"
"CanaliAria","C:\DOCUMENTI\sd\sorgenti\bm-sd\CANALI\U_TABELL.PAS","utilitie","C:\DOCUMENTI\sd\sorgenti\bm-sd\CANALI\Utilitie.pas"
"CanaliAria","C:\DOCUMENTI\sd\sorgenti\bm-sd\CANALI\U_VARPEZZI.pas","crt","C:\DOCUMENTI\sd\sorgenti\bm-sd\CANALI\CRT.pas"
"CanaliAria","C:\DOCUMENTI\sd\sorgenti\bm-sd\CANALI\U_VARPEZZI.pas","definizcan","C:\DOCUMENTI\sd\sorgenti\bm-sd\CANALI\definizcan.pas"
"CanaliAria","C:\DOCUMENTI\sd\sorgenti\bm-sd\CANALI\U_VARPEZZI.pas","dos","C:\DOCUMENTI\sd\sorgenti\bm-sd\CANALI\DOS.pas"
"CanaliAria","C:\DOCUMENTI\sd\sorgenti\bm-sd\CANALI\UCalcolareti.pas","calcolocanali","C:\DOCUMENTI\sd\sorgenti\bm-sd\CANALI\CalcoloCanali.pas"
"CanaliAria","C:\DOCUMENTI\sd\sorgenti\bm-sd\CANALI\UCalcolareti.pas","dbtables","C:\DOCUMENTI\sd\sorgenti\bm-sd\componenti\kbmmem\bdenew\DbTables.pas"
"CanaliAria","C:\DOCUMENTI\sd\sorgenti\bm-sd\CANALI\UCalcolareti.pas","definizcan","C:\DOCUMENTI\sd\sorgenti\bm-sd\CANALI\definizcan.pas"
"CanaliAria","C:\DOCUMENTI\sd\sorgenti\bm-sd\CANALI\UGestpezzi.pas","definizcan","C:\DOCUMENTI\sd\sorgenti\bm-sd\CANALI\definizcan.pas"
"CanaliAria","C:\DOCUMENTI\sd\sorgenti\bm-sd\CANALI\UNIT1.PAS","init_cca","C:\DOCUMENTI\sd\sorgenti\bm-sd\CANALI\init_cca.pas"
"CanaliAria","C:\DOCUMENTI\sd\sorgenti\bm-sd\CANALI\UNIT1.PAS","inituti","C:\DOCUMENTI\sd\sorgenti\bm-sd\CANALI\UTILS\INITUTI.PAS"
"CanaliAria","C:\DOCUMENTI\sd\sorgenti\bm-sd\CANALI\UNIT1.PAS","U_cvcan","C:\DOCUMENTI\sd\sorgenti\bm-sd\CANALI\U_cvcan.pas"
"CanaliAria","C:\DOCUMENTI\sd\sorgenti\bm-sd\CANALI\UNIT1.PAS","u_cvcan1","C:\DOCUMENTI\sd\sorgenti\bm-sd\CANALI\u_cvcan1.pas"
"CanaliAria","C:\DOCUMENTI\sd\sorgenti\bm-sd\CANALI\UNIT1.PAS","unitcan","C:\DOCUMENTI\sd\sorgenti\bm-sd\CANALI\unitcan.pas"
"CanaliAria","C:\DOCUMENTI\sd\sorgenti\bm-sd\CANALI\UNIT1.PAS","UTILITIE","C:\DOCUMENTI\sd\sorgenti\bm-sd\CANALI\Utilitie.pas"
"CanaliAria","C:\DOCUMENTI\sd\sorgenti\bm-sd\CANALI\UNIT1.PAS","wintypes","C:\DOCUMENTI\sd\sorgenti\bm-sd\CANALI\wintypes.pas"
"CanaliAria","C:\DOCUMENTI\sd\sorgenti\bm-sd\CANALI\UNIT1.PAS","wm","C:\DOCUMENTI\sd\sorgenti\bm-sd\CANALI\WM.pas"
"CanaliAria","C:\DOCUMENTI\sd\sorgenti\bm-sd\CANALI\unitcan.pas","definizcan","C:\DOCUMENTI\sd\sorgenti\bm-sd\CANALI\definizcan.pas"
"CanaliAria","C:\DOCUMENTI\sd\sorgenti\bm-sd\CANALI\unitcan.pas","Defuti","C:\DOCUMENTI\sd\sorgenti\bm-sd\CANALI\DEFUTI.pas"
"CanaliAria","C:\DOCUMENTI\sd\sorgenti\bm-sd\CANALI\unitcan.pas","disperrori","C:\DOCUMENTI\sd\sorgenti\bm-sd\CANALI\disperrori.pas"
"CanaliAria","C:\DOCUMENTI\sd\sorgenti\bm-sd\CANALI\unitcan.pas","dummyfunction","C:\DOCUMENTI\sd\sorgenti\bm-sd\CANALI\dummyfunction.pas"
"CanaliAria","C:\DOCUMENTI\sd\sorgenti\bm-sd\CANALI\unitcan.pas","init_cca","C:\DOCUMENTI\sd\sorgenti\bm-sd\CANALI\init_cca.pas"
"CanaliAria","C:\DOCUMENTI\sd\sorgenti\bm-sd\CANALI\unitcan.pas","key","C:\DOCUMENTI\sd\sorgenti\bm-sd\CANALI\key.pas"
"CanaliAria","C:\DOCUMENTI\sd\sorgenti\bm-sd\CANALI\unitcan.pas","print","C:\DOCUMENTI\sd\sorgenti\bm-sd\CANALI\Print.pas"
"CanaliAria","C:\DOCUMENTI\sd\sorgenti\bm-sd\CANALI\unitcan.pas","scritte","C:\DOCUMENTI\sd\sorgenti\bm-sd\CANALI\scritte.pas"
"CanaliAria","C:\DOCUMENTI\sd\sorgenti\bm-sd\CANALI\unitcan.pas","Turbo3","C:\DOCUMENTI\sd\sorgenti\bm-sd\CANALI\Turbo3.pas"
"CanaliAria","C:\DOCUMENTI\sd\sorgenti\bm-sd\CANALI\unitcan.pas","U_canfst","C:\DOCUMENTI\sd\sorgenti\bm-sd\CANALI\U_canfst.pas"
"CanaliAria","C:\DOCUMENTI\sd\sorgenti\bm-sd\CANALI\unitcan.pas","U_funz","C:\DOCUMENTI\sd\sorgenti\bm-sd\CANALI\u_funz.pas"
"CanaliAria","C:\DOCUMENTI\sd\sorgenti\bm-sd\CANALI\unitcan.pas","U_riduz1","C:\DOCUMENTI\sd\sorgenti\bm-sd\CANALI\U_riduz1.pas"
"CanaliAria","C:\DOCUMENTI\sd\sorgenti\bm-sd\CANALI\unitcan.pas","U_selc0","C:\DOCUMENTI\sd\sorgenti\bm-sd\CANALI\U_selc0.pas"
"CanaliAria","C:\DOCUMENTI\sd\sorgenti\bm-sd\CANALI\unitcan.pas","U_serram","C:\DOCUMENTI\sd\sorgenti\bm-sd\CANALI\U_SERRAM.PAS"
"CanaliAria","C:\DOCUMENTI\sd\sorgenti\bm-sd\CANALI\unitcan.pas","U_serter","C:\DOCUMENTI\sd\sorgenti\bm-sd\CANALI\U_SERTER.PAS"
"CanaliAria","C:\DOCUMENTI\sd\sorgenti\bm-sd\CANALI\unitcan.pas","utilitie","C:\DOCUMENTI\sd\sorgenti\bm-sd\CANALI\Utilitie.pas"
"CanaliAria","C:\DOCUMENTI\sd\sorgenti\bm-sd\CANALI\unitcan.pas","WM","C:\DOCUMENTI\sd\sorgenti\bm-sd\CANALI\WM.pas"
"CanaliAria","C:\DOCUMENTI\sd\sorgenti\bm-sd\CANALI\Uselcodice.pas","u3dsd","C:\DOCUMENTI\sd\sorgenti\bm-sd\CANALI\pezzi3d\U3dsd.pas"
"CanaliAria","C:\DOCUMENTI\sd\sorgenti\bm-sd\CANALI\Utilitie.pas","defuti","C:\DOCUMENTI\sd\sorgenti\bm-sd\CANALI\DEFUTI.pas"
"CanaliAria","C:\DOCUMENTI\sd\sorgenti\bm-sd\CANALI\UTILS\A2O.PAS","crt","C:\DOCUMENTI\sd\sorgenti\bm-sd\CANALI\CRT.pas"
"CanaliAria","C:\DOCUMENTI\sd\sorgenti\bm-sd\CANALI\UTILS\A2O.PAS","dos","C:\DOCUMENTI\sd\sorgenti\bm-sd\CANALI\DOS.pas"
"CanaliAria","C:\DOCUMENTI\sd\sorgenti\bm-sd\CANALI\UTILS\CONVMASK.PAS","defuti","C:\DOCUMENTI\sd\sorgenti\bm-sd\CANALI\UTILS\DEFUTI.PAS"
"CanaliAria","C:\DOCUMENTI\sd\sorgenti\bm-sd\CANALI\UTILS\CONVRC.DPR","Main","C:\DOCUMENTI\sd\sorgenti\bm-sd\CANALI\UTILS\MAIN.PAS"
"CanaliAria","C:\DOCUMENTI\sd\sorgenti\bm-sd\CANALI\UTILS\DEFUTI.PAS","objects","C:\DOCUMENTI\sd\sorgenti\bm-sd\CANALI\Objects.pas"
"CanaliAria","C:\DOCUMENTI\sd\sorgenti\bm-sd\CANALI\UTILS\DEFUTI.PAS","odialogs","C:\DOCUMENTI\sd\sorgenti\bm-sd\CANALI\Odialogs.pas"
"CanaliAria","C:\DOCUMENTI\sd\sorgenti\bm-sd\CANALI\UTILS\DEFUTI.PAS","OWindows","C:\DOCUMENTI\sd\sorgenti\bm-sd\CANALI\Owindows.pas"
"CanaliAria","C:\DOCUMENTI\sd\sorgenti\bm-sd\CANALI\UTILS\DEFUTI.PAS","wintypes","C:\DOCUMENTI\sd\sorgenti\bm-sd\CANALI\wintypes.pas"
"CanaliAria","C:\DOCUMENTI\sd\sorgenti\bm-sd\CANALI\UTILS\DEFUTIG.PAS","wintypes","C:\DOCUMENTI\sd\sorgenti\bm-sd\CANALI\wintypes.pas"
"CanaliAria","C:\DOCUMENTI\sd\sorgenti\bm-sd\CANALI\UTILS\DEFUTIWI.PAS","Crt","C:\DOCUMENTI\sd\sorgenti\bm-sd\CANALI\CRT.pas"
"CanaliAria","C:\DOCUMENTI\sd\sorgenti\bm-sd\CANALI\UTILS\DEFUTIWI.PAS","Dos","C:\DOCUMENTI\sd\sorgenti\bm-sd\CANALI\DOS.pas"
"CanaliAria","C:\DOCUMENTI\sd\sorgenti\bm-sd\CANALI\UTILS\DEFUTIWI.PAS","OWindows","C:\DOCUMENTI\sd\sorgenti\bm-sd\CANALI\Owindows.pas"
"CanaliAria","C:\DOCUMENTI\sd\sorgenti\bm-sd\CANALI\UTILS\DEFUTIWI.PAS","Turbo3","C:\DOCUMENTI\sd\sorgenti\bm-sd\CANALI\UTILS\TURBO3.PAS"
"CanaliAria","C:\DOCUMENTI\sd\sorgenti\bm-sd\CANALI\UTILS\DEMO.PAS","crt","C:\DOCUMENTI\sd\sorgenti\bm-sd\CANALI\CRT.pas"
"CanaliAria","C:\DOCUMENTI\sd\sorgenti\bm-sd\CANALI\UTILS\DEMO.PAS","Dos","C:\DOCUMENTI\sd\sorgenti\bm-sd\CANALI\DOS.pas"
"CanaliAria","C:\DOCUMENTI\sd\sorgenti\bm-sd\CANALI\UTILS\DEMOCRT.PAS","Crt","C:\DOCUMENTI\sd\sorgenti\bm-sd\CANALI\CRT.pas"
"CanaliAria","C:\DOCUMENTI\sd\sorgenti\bm-sd\CANALI\UTILS\DEMOCRT.PAS","Dos","C:\DOCUMENTI\sd\sorgenti\bm-sd\CANALI\DOS.pas"
"CanaliAria","C:\DOCUMENTI\sd\sorgenti\bm-sd\CANALI\UTILS\DEMOCRT.PAS","Turbo3","C:\DOCUMENTI\sd\sorgenti\bm-sd\CANALI\UTILS\TURBO3.PAS"
"CanaliAria","C:\DOCUMENTI\sd\sorgenti\bm-sd\CANALI\UTILS\EXECSTAM.DPR","Mainst","C:\DOCUMENTI\sd\sorgenti\bm-sd\CANALI\UTILS\MAINST.PAS"
"CanaliAria","C:\DOCUMENTI\sd\sorgenti\bm-sd\CANALI\UTILS\FINS.PAS","WinTypes","C:\DOCUMENTI\sd\sorgenti\bm-sd\CANALI\wintypes.pas"
"CanaliAria","C:\DOCUMENTI\sd\sorgenti\bm-sd\CANALI\UTILS\IGRIGRO.PAS","WM","C:\DOCUMENTI\sd\sorgenti\bm-sd\CANALI\WM.pas"
"CanaliAria","C:\DOCUMENTI\sd\sorgenti\bm-sd\CANALI\UTILS\INITUTI.PAS","crt","C:\DOCUMENTI\sd\sorgenti\bm-sd\CANALI\CRT.pas"
"CanaliAria","C:\DOCUMENTI\sd\sorgenti\bm-sd\CANALI\UTILS\INITUTI.PAS","defuti","C:\DOCUMENTI\sd\sorgenti\bm-sd\CANALI\UTILS\DEFUTI.PAS"
"CanaliAria","C:\DOCUMENTI\sd\sorgenti\bm-sd\CANALI\UTILS\INITUTI.PAS","misure","C:\DOCUMENTI\sd\sorgenti\bm-sd\CANALI\UTILS\MISURE.PAS"
"CanaliAria","C:\DOCUMENTI\sd\sorgenti\bm-sd\CANALI\UTILS\INITUTI.PAS","utilitie","C:\DOCUMENTI\sd\sorgenti\bm-sd\CANALI\UTILS\UTILITIE.PAS"
"CanaliAria","C:\DOCUMENTI\sd\sorgenti\bm-sd\CANALI\UTILS\INITUTIG.PAS","crt","C:\DOCUMENTI\sd\sorgenti\bm-sd\CANALI\CRT.pas"
"CanaliAria","C:\DOCUMENTI\sd\sorgenti\bm-sd\CANALI\UTILS\INITUTIG.PAS","defutig","C:\DOCUMENTI\sd\sorgenti\bm-sd\CANALI\UTILS\DEFUTIG.PAS"
"CanaliAria","C:\DOCUMENTI\sd\sorgenti\bm-sd\CANALI\UTILS\INITUTIG.PAS","utigen","C:\DOCUMENTI\sd\sorgenti\bm-sd\CANALI\UTILS\UTIGEN.PAS"
"CanaliAria","C:\DOCUMENTI\sd\sorgenti\bm-sd\CANALI\UTILS\KEY.PAS","crt","C:\DOCUMENTI\sd\sorgenti\bm-sd\CANALI\CRT.pas"
"CanaliAria","C:\DOCUMENTI\sd\sorgenti\bm-sd\CANALI\UTILS\KEY.PAS","dos","C:\DOCUMENTI\sd\sorgenti\bm-sd\CANALI\DOS.pas"
"CanaliAria","C:\DOCUMENTI\sd\sorgenti\bm-sd\CANALI\UTILS\KEY.PAS","mphar","C:\DOCUMENTI\sd\sorgenti\bm-sd\CANALI\UTILS\MPHAR.PAS"
"CanaliAria","C:\DOCUMENTI\sd\sorgenti\bm-sd\CANALI\UTILS\KEY.PAS","owindows","C:\DOCUMENTI\sd\sorgenti\bm-sd\CANALI\Owindows.pas"
"CanaliAria","C:\DOCUMENTI\sd\sorgenti\bm-sd\CANALI\UTILS\KEY.PAS","Scribe","C:\DOCUMENTI\sd\sorgenti\bm-sd\CANALI\UTILS\SCRIBE.PAS"
"CanaliAria","C:\DOCUMENTI\sd\sorgenti\bm-sd\CANALI\UTILS\KEY.PAS","utigen","C:\DOCUMENTI\sd\sorgenti\bm-sd\CANALI\UTILS\UTIGEN.PAS"
"CanaliAria","C:\DOCUMENTI\sd\sorgenti\bm-sd\CANALI\UTILS\KEY.PAS","utilitie","C:\DOCUMENTI\sd\sorgenti\bm-sd\CANALI\UTILS\UTILITIE.PAS"
"CanaliAria","C:\DOCUMENTI\sd\sorgenti\bm-sd\CANALI\UTILS\KEY.PAS","wintypes","C:\DOCUMENTI\sd\sorgenti\bm-sd\CANALI\wintypes.pas"
"CanaliAria","C:\DOCUMENTI\sd\sorgenti\bm-sd\CANALI\UTILS\KEY.PAS","Wm","C:\DOCUMENTI\sd\sorgenti\bm-sd\CANALI\WM.pas"
"CanaliAria","C:\DOCUMENTI\sd\sorgenti\bm-sd\CANALI\UTILS\KEYENG.PAS","crt","C:\DOCUMENTI\sd\sorgenti\bm-sd\CANALI\CRT.pas"
"CanaliAria","C:\DOCUMENTI\sd\sorgenti\bm-sd\CANALI\UTILS\KEYENG.PAS","dos","C:\DOCUMENTI\sd\sorgenti\bm-sd\CANALI\DOS.pas"
"CanaliAria","C:\DOCUMENTI\sd\sorgenti\bm-sd\CANALI\UTILS\KEYENG.PAS","mphar","C:\DOCUMENTI\sd\sorgenti\bm-sd\CANALI\UTILS\MPHAR.PAS"
"CanaliAria","C:\DOCUMENTI\sd\sorgenti\bm-sd\CANALI\UTILS\KEYENG.PAS","SKTPWF","C:\DOCUMENTI\sd\sorgenti\bm-sd\CANALI\UTILS\SKTPWF.PAS"
"CanaliAria","C:\DOCUMENTI\sd\sorgenti\bm-sd\CANALI\UTILS\KEYENG.PAS","wintypes","C:\DOCUMENTI\sd\sorgenti\bm-sd\CANALI\wintypes.pas"
"CanaliAria","C:\DOCUMENTI\sd\sorgenti\bm-sd\CANALI\UTILS\KEYENG.PAS","Wm","C:\DOCUMENTI\sd\sorgenti\bm-sd\CANALI\WM.pas"
"CanaliAria","C:\DOCUMENTI\sd\sorgenti\bm-sd\CANALI\UTILS\MAIN.PAS","WinTypes","C:\DOCUMENTI\sd\sorgenti\bm-sd\CANALI\wintypes.pas"
"CanaliAria","C:\DOCUMENTI\sd\sorgenti\bm-sd\CANALI\UTILS\MAIN_W.PAS","defuti","C:\DOCUMENTI\sd\sorgenti\bm-sd\CANALI\UTILS\DEFUTI.PAS"
"CanaliAria","C:\DOCUMENTI\sd\sorgenti\bm-sd\CANALI\UTILS\MAIN_W.PAS","inituti","C:\DOCUMENTI\sd\sorgenti\bm-sd\CANALI\UTILS\INITUTI.PAS"
"CanaliAria","C:\DOCUMENTI\sd\sorgenti\bm-sd\CANALI\UTILS\MAIN_W.PAS","objects","C:\DOCUMENTI\sd\sorgenti\bm-sd\CANALI\Objects.pas"
"CanaliAria","C:\DOCUMENTI\sd\sorgenti\bm-sd\CANALI\UTILS\MAIN_W.PAS","owindows","C:\DOCUMENTI\sd\sorgenti\bm-sd\CANALI\Owindows.pas"
"CanaliAria","C:\DOCUMENTI\sd\sorgenti\bm-sd\CANALI\UTILS\MAIN_W.PAS","utilitie","C:\DOCUMENTI\sd\sorgenti\bm-sd\CANALI\UTILS\UTILITIE.PAS"
"CanaliAria","C:\DOCUMENTI\sd\sorgenti\bm-sd\CANALI\UTILS\MAIN_W.PAS","wintypes","C:\DOCUMENTI\sd\sorgenti\bm-sd\CANALI\wintypes.pas"
"CanaliAria","C:\DOCUMENTI\sd\sorgenti\bm-sd\CANALI\UTILS\MAIN_W.PAS","wm","C:\DOCUMENTI\sd\sorgenti\bm-sd\CANALI\WM.pas"
"CanaliAria","C:\DOCUMENTI\sd\sorgenti\bm-sd\CANALI\UTILS\MAINST.PAS","igrigro","C:\DOCUMENTI\sd\sorgenti\bm-sd\CANALI\UTILS\IGRIGRO.PAS"
"CanaliAria","C:\DOCUMENTI\sd\sorgenti\bm-sd\CANALI\UTILS\MAINST.PAS","WinTypes","C:\DOCUMENTI\sd\sorgenti\bm-sd\CANALI\wintypes.pas"
"CanaliAria","C:\DOCUMENTI\sd\sorgenti\bm-sd\CANALI\UTILS\MC4EDIT.PAS","WinTypes","C:\DOCUMENTI\sd\sorgenti\bm-sd\CANALI\wintypes.pas"
"CanaliAria","C:\DOCUMENTI\sd\sorgenti\bm-sd\CANALI\UTILS\MENU.PAS","ODialogs","C:\DOCUMENTI\sd\sorgenti\bm-sd\CANALI\Odialogs.pas"
"CanaliAria","C:\DOCUMENTI\sd\sorgenti\bm-sd\CANALI\UTILS\MENU.PAS","OWindows","C:\DOCUMENTI\sd\sorgenti\bm-sd\CANALI\Owindows.pas"
"CanaliAria","C:\DOCUMENTI\sd\sorgenti\bm-sd\CANALI\UTILS\MENU.PAS","WinTypes","C:\DOCUMENTI\sd\sorgenti\bm-sd\CANALI\wintypes.pas"
"CanaliAria","C:\DOCUMENTI\sd\sorgenti\bm-sd\CANALI\UTILS\MESSWIN.PAS","WinTypes","C:\DOCUMENTI\sd\sorgenti\bm-sd\CANALI\wintypes.pas"
"CanaliAria","C:\DOCUMENTI\sd\sorgenti\bm-sd\CANALI\UTILS\MISURE.PAS","crt","C:\DOCUMENTI\sd\sorgenti\bm-sd\CANALI\CRT.pas"
"CanaliAria","C:\DOCUMENTI\sd\sorgenti\bm-sd\CANALI\UTILS\MISURE.PAS","defuti","C:\DOCUMENTI\sd\sorgenti\bm-sd\CANALI\UTILS\DEFUTI.PAS"
"CanaliAria","C:\DOCUMENTI\sd\sorgenti\bm-sd\CANALI\UTILS\MISURE.PAS","utilitie","C:\DOCUMENTI\sd\sorgenti\bm-sd\CANALI\UTILS\UTILITIE.PAS"
"CanaliAria","C:\DOCUMENTI\sd\sorgenti\bm-sd\CANALI\UTILS\MPHKEY.PAS","WinTypes","C:\DOCUMENTI\sd\sorgenti\bm-sd\CANALI\wintypes.pas"
"CanaliAria","C:\DOCUMENTI\sd\sorgenti\bm-sd\CANALI\UTILS\O2A.PAS","crt","C:\DOCUMENTI\sd\sorgenti\bm-sd\CANALI\CRT.pas"
"CanaliAria","C:\DOCUMENTI\sd\sorgenti\bm-sd\CANALI\UTILS\O2A.PAS","dos","C:\DOCUMENTI\sd\sorgenti\bm-sd\CANALI\DOS.pas"
"CanaliAria","C:\DOCUMENTI\sd\sorgenti\bm-sd\CANALI\UTILS\OLDST.PAS","igrigro","C:\DOCUMENTI\sd\sorgenti\bm-sd\CANALI\UTILS\IGRIGRO.PAS"
"CanaliAria","C:\DOCUMENTI\sd\sorgenti\bm-sd\CANALI\UTILS\OLDST.PAS","WinTypes","C:\DOCUMENTI\sd\sorgenti\bm-sd\CANALI\wintypes.pas"
"CanaliAria","C:\DOCUMENTI\sd\sorgenti\bm-sd\CANALI\UTILS\POPUP.PAS","OWindows","C:\DOCUMENTI\sd\sorgenti\bm-sd\CANALI\Owindows.pas"
"CanaliAria","C:\DOCUMENTI\sd\sorgenti\bm-sd\CANALI\UTILS\POPUP.PAS","WinTypes","C:\DOCUMENTI\sd\sorgenti\bm-sd\CANALI\wintypes.pas"
"CanaliAria","C:\DOCUMENTI\sd\sorgenti\bm-sd\CANALI\UTILS\PPDLL.DPR","Prdll","C:\DOCUMENTI\sd\sorgenti\bm-sd\CANALI\UTILS\PRDLL.PAS"
"CanaliAria","C:\DOCUMENTI\sd\sorgenti\bm-sd\CANALI\UTILS\PRDLL.PAS","WinTypes","C:\DOCUMENTI\sd\sorgenti\bm-sd\CANALI\wintypes.pas"
"CanaliAria","C:\DOCUMENTI\sd\sorgenti\bm-sd\CANALI\UTILS\PRINT.PAS","defutig","C:\DOCUMENTI\sd\sorgenti\bm-sd\CANALI\UTILS\DEFUTIG.PAS"
"CanaliAria","C:\DOCUMENTI\sd\sorgenti\bm-sd\CANALI\UTILS\PRINT.PAS","utigen","C:\DOCUMENTI\sd\sorgenti\bm-sd\CANALI\UTILS\UTIGEN.PAS"
"CanaliAria","C:\DOCUMENTI\sd\sorgenti\bm-sd\CANALI\UTILS\PRNTESTO.PAS","defuti","C:\DOCUMENTI\sd\sorgenti\bm-sd\CANALI\UTILS\DEFUTI.PAS"
"CanaliAria","C:\DOCUMENTI\sd\sorgenti\bm-sd\CANALI\UTILS\PRNTESTO.PAS","main_w","C:\DOCUMENTI\sd\sorgenti\bm-sd\CANALI\UTILS\MAIN_W.PAS"
"CanaliAria","C:\DOCUMENTI\sd\sorgenti\bm-sd\CANALI\UTILS\PRNTESTO.PAS","Objects","C:\DOCUMENTI\sd\sorgenti\bm-sd\CANALI\Objects.pas"
"CanaliAria","C:\DOCUMENTI\sd\sorgenti\bm-sd\CANALI\UTILS\PRNTESTO.PAS","odialogs","C:\DOCUMENTI\sd\sorgenti\bm-sd\CANALI\Odialogs.pas"
"CanaliAria","C:\DOCUMENTI\sd\sorgenti\bm-sd\CANALI\UTILS\PRNTESTO.PAS","OWindows","C:\DOCUMENTI\sd\sorgenti\bm-sd\CANALI\Owindows.pas"
"CanaliAria","C:\DOCUMENTI\sd\sorgenti\bm-sd\CANALI\UTILS\PRNTESTO.PAS","utilitie","C:\DOCUMENTI\sd\sorgenti\bm-sd\CANALI\UTILS\UTILITIE.PAS"
"CanaliAria","C:\DOCUMENTI\sd\sorgenti\bm-sd\CANALI\UTILS\PRNTESTO.PAS","WinTypes","C:\DOCUMENTI\sd\sorgenti\bm-sd\CANALI\wintypes.pas"
"CanaliAria","C:\DOCUMENTI\sd\sorgenti\bm-sd\CANALI\UTILS\PRNTESTO.PAS","WM","C:\DOCUMENTI\sd\sorgenti\bm-sd\CANALI\WM.pas"
"CanaliAria","C:\DOCUMENTI\sd\sorgenti\bm-sd\CANALI\UTILS\PRNWIN.PAS","defuti","C:\DOCUMENTI\sd\sorgenti\bm-sd\CANALI\UTILS\DEFUTI.PAS"
"CanaliAria","C:\DOCUMENTI\sd\sorgenti\bm-sd\CANALI\UTILS\PRNWIN.PAS","inituti","C:\DOCUMENTI\sd\sorgenti\bm-sd\CANALI\UTILS\INITUTI.PAS"
"CanaliAria","C:\DOCUMENTI\sd\sorgenti\bm-sd\CANALI\UTILS\PRNWIN.PAS","main_w","C:\DOCUMENTI\sd\sorgenti\bm-sd\CANALI\UTILS\MAIN_W.PAS"
"CanaliAria","C:\DOCUMENTI\sd\sorgenti\bm-sd\CANALI\UTILS\PRNWIN.PAS","Objects","C:\DOCUMENTI\sd\sorgenti\bm-sd\CANALI\Objects.pas"
"CanaliAria","C:\DOCUMENTI\sd\sorgenti\bm-sd\CANALI\UTILS\PRNWIN.PAS","ODialogs","C:\DOCUMENTI\sd\sorgenti\bm-sd\CANALI\Odialogs.pas"
"CanaliAria","C:\DOCUMENTI\sd\sorgenti\bm-sd\CANALI\UTILS\PRNWIN.PAS","OWindows","C:\DOCUMENTI\sd\sorgenti\bm-sd\CANALI\Owindows.pas"
"CanaliAria","C:\DOCUMENTI\sd\sorgenti\bm-sd\CANALI\UTILS\PRNWIN.PAS","prntesto","C:\DOCUMENTI\sd\sorgenti\bm-sd\CANALI\UTILS\PRNTESTO.PAS"
"CanaliAria","C:\DOCUMENTI\sd\sorgenti\bm-sd\CANALI\UTILS\PRNWIN.PAS","utilitie","C:\DOCUMENTI\sd\sorgenti\bm-sd\CANALI\UTILS\UTILITIE.PAS"
"CanaliAria","C:\DOCUMENTI\sd\sorgenti\bm-sd\CANALI\UTILS\PRNWIN.PAS","WinTypes","C:\DOCUMENTI\sd\sorgenti\bm-sd\CANALI\wintypes.pas"
"CanaliAria","C:\DOCUMENTI\sd\sorgenti\bm-sd\CANALI\UTILS\PRNWIN.PAS","wm","C:\DOCUMENTI\sd\sorgenti\bm-sd\CANALI\WM.pas"
"CanaliAria","C:\DOCUMENTI\sd\sorgenti\bm-sd\CANALI\UTILS\PROTOTIP.PAS","WinTypes","C:\DOCUMENTI\sd\sorgenti\bm-sd\CANALI\wintypes.pas"
"CanaliAria","C:\DOCUMENTI\sd\sorgenti\bm-sd\CANALI\UTILS\PROVA.PAS","Objects","C:\DOCUMENTI\sd\sorgenti\bm-sd\CANALI\Objects.pas"
"CanaliAria","C:\DOCUMENTI\sd\sorgenti\bm-sd\CANALI\UTILS\PROVA.PAS","ODialogs","C:\DOCUMENTI\sd\sorgenti\bm-sd\CANALI\Odialogs.pas"
"CanaliAria","C:\DOCUMENTI\sd\sorgenti\bm-sd\CANALI\UTILS\PROVA.PAS","OWindows","C:\DOCUMENTI\sd\sorgenti\bm-sd\CANALI\Owindows.pas"
"CanaliAria","C:\DOCUMENTI\sd\sorgenti\bm-sd\CANALI\UTILS\PROVA.PAS","WinTypes","C:\DOCUMENTI\sd\sorgenti\bm-sd\CANALI\wintypes.pas"
"CanaliAria","C:\DOCUMENTI\sd\sorgenti\bm-sd\CANALI\UTILS\PSICRO.PAS","ODialogs","C:\DOCUMENTI\sd\sorgenti\bm-sd\CANALI\Odialogs.pas"
"CanaliAria","C:\DOCUMENTI\sd\sorgenti\bm-sd\CANALI\UTILS\PSICRO.PAS","OWindows","C:\DOCUMENTI\sd\sorgenti\bm-sd\CANALI\Owindows.pas"
"CanaliAria","C:\DOCUMENTI\sd\sorgenti\bm-sd\CANALI\UTILS\PSICRO.PAS","WinTypes","C:\DOCUMENTI\sd\sorgenti\bm-sd\CANALI\wintypes.pas"
"CanaliAria","C:\DOCUMENTI\sd\sorgenti\bm-sd\CANALI\UTILS\SEL_LINE.PAS","Crt","C:\DOCUMENTI\sd\sorgenti\bm-sd\CANALI\CRT.pas"
"CanaliAria","C:\DOCUMENTI\sd\sorgenti\bm-sd\CANALI\UTILS\SEL_LINE.PAS","defuti","C:\DOCUMENTI\sd\sorgenti\bm-sd\CANALI\UTILS\DEFUTI.PAS"
"CanaliAria","C:\DOCUMENTI\sd\sorgenti\bm-sd\CANALI\UTILS\SEL_LINE.PAS","demo","C:\DOCUMENTI\sd\sorgenti\bm-sd\CANALI\UTILS\DEMO.PAS"
"CanaliAria","C:\DOCUMENTI\sd\sorgenti\bm-sd\CANALI\UTILS\SEL_LINE.PAS","Dos","C:\DOCUMENTI\sd\sorgenti\bm-sd\CANALI\DOS.pas"
"CanaliAria","C:\DOCUMENTI\sd\sorgenti\bm-sd\CANALI\UTILS\SEL_LINE.PAS","Turbo3","C:\DOCUMENTI\sd\sorgenti\bm-sd\CANALI\UTILS\TURBO3.PAS"
"CanaliAria","C:\DOCUMENTI\sd\sorgenti\bm-sd\CANALI\UTILS\SELCAMPO.PAS","Crt","C:\DOCUMENTI\sd\sorgenti\bm-sd\CANALI\CRT.pas"
"CanaliAria","C:\DOCUMENTI\sd\sorgenti\bm-sd\CANALI\UTILS\SELCAMPO.PAS","defuti","C:\DOCUMENTI\sd\sorgenti\bm-sd\CANALI\UTILS\DEFUTI.PAS"
"CanaliAria","C:\DOCUMENTI\sd\sorgenti\bm-sd\CANALI\UTILS\SELCAMPO.PAS","demo","C:\DOCUMENTI\sd\sorgenti\bm-sd\CANALI\UTILS\DEMO.PAS"
"CanaliAria","C:\DOCUMENTI\sd\sorgenti\bm-sd\CANALI\UTILS\SELCAMPO.PAS","Dos","C:\DOCUMENTI\sd\sorgenti\bm-sd\CANALI\DOS.pas"
"CanaliAria","C:\DOCUMENTI\sd\sorgenti\bm-sd\CANALI\UTILS\SELCAMPO.PAS","sel_line","C:\DOCUMENTI\sd\sorgenti\bm-sd\CANALI\UTILS\SEL_LINE.PAS"
"CanaliAria","C:\DOCUMENTI\sd\sorgenti\bm-sd\CANALI\UTILS\SELCAMPO.PAS","Turbo3","C:\DOCUMENTI\sd\sorgenti\bm-sd\CANALI\UTILS\TURBO3.PAS"
"CanaliAria","C:\DOCUMENTI\sd\sorgenti\bm-sd\CANALI\UTILS\SELCAMPO.PAS","utilitie","C:\DOCUMENTI\sd\sorgenti\bm-sd\CANALI\UTILS\UTILITIE.PAS"
"CanaliAria","C:\DOCUMENTI\sd\sorgenti\bm-sd\CANALI\UTILS\SELCAMPO.PAS","WM","C:\DOCUMENTI\sd\sorgenti\bm-sd\CANALI\WM.pas"
"CanaliAria","C:\DOCUMENTI\sd\sorgenti\bm-sd\CANALI\UTILS\SETTA.PAS","CRT","C:\DOCUMENTI\sd\sorgenti\bm-sd\CANALI\CRT.pas"
"CanaliAria","C:\DOCUMENTI\sd\sorgenti\bm-sd\CANALI\UTILS\SETTA.PAS","defuti","C:\DOCUMENTI\sd\sorgenti\bm-sd\CANALI\UTILS\DEFUTI.PAS"
"CanaliAria","C:\DOCUMENTI\sd\sorgenti\bm-sd\CANALI\UTILS\SETTA.PAS","demo","C:\DOCUMENTI\sd\sorgenti\bm-sd\CANALI\UTILS\DEMO.PAS"
"CanaliAria","C:\DOCUMENTI\sd\sorgenti\bm-sd\CANALI\UTILS\SETTA.PAS","dos","C:\DOCUMENTI\sd\sorgenti\bm-sd\CANALI\DOS.pas"
"CanaliAria","C:\DOCUMENTI\sd\sorgenti\bm-sd\CANALI\UTILS\SETTA.PAS","inituti","C:\DOCUMENTI\sd\sorgenti\bm-sd\CANALI\UTILS\INITUTI.PAS"
"CanaliAria","C:\DOCUMENTI\sd\sorgenti\bm-sd\CANALI\UTILS\SETTA.PAS","key","C:\DOCUMENTI\sd\sorgenti\bm-sd\CANALI\UTILS\KEY.PAS"
"CanaliAria","C:\DOCUMENTI\sd\sorgenti\bm-sd\CANALI\UTILS\SETTA.PAS","mphar","C:\DOCUMENTI\sd\sorgenti\bm-sd\CANALI\UTILS\MPHAR.PAS"
"CanaliAria","C:\DOCUMENTI\sd\sorgenti\bm-sd\CANALI\UTILS\SETTA.PAS","utilitie","C:\DOCUMENTI\sd\sorgenti\bm-sd\CANALI\UTILS\UTILITIE.PAS"
"CanaliAria","C:\DOCUMENTI\sd\sorgenti\bm-sd\CANALI\UTILS\SKEVAL.PAS","CRT","C:\DOCUMENTI\sd\sorgenti\bm-sd\CANALI\CRT.pas"
"CanaliAria","C:\DOCUMENTI\sd\sorgenti\bm-sd\CANALI\UTILS\SKEVAL.PAS","SKWINDLL","C:\DOCUMENTI\sd\sorgenti\bm-sd\CANALI\UTILS\SKWINDLL.PAS"
"CanaliAria","C:\DOCUMENTI\sd\sorgenti\bm-sd\CANALI\UTILS\STAMPA.PAS","wintypes","C:\DOCUMENTI\sd\sorgenti\bm-sd\CANALI\wintypes.pas"
"CanaliAria","C:\DOCUMENTI\sd\sorgenti\bm-sd\CANALI\UTILS\SYSINFO.PAS","ODialogs","C:\DOCUMENTI\sd\sorgenti\bm-sd\CANALI\Odialogs.pas"
"CanaliAria","C:\DOCUMENTI\sd\sorgenti\bm-sd\CANALI\UTILS\SYSINFO.PAS","OWindows","C:\DOCUMENTI\sd\sorgenti\bm-sd\CANALI\Owindows.pas"
"CanaliAria","C:\DOCUMENTI\sd\sorgenti\bm-sd\CANALI\UTILS\SYSINFO.PAS","WinTypes","C:\DOCUMENTI\sd\sorgenti\bm-sd\CANALI\wintypes.pas"
"CanaliAria","C:\DOCUMENTI\sd\sorgenti\bm-sd\CANALI\UTILS\TOOLBAR.PAS","Objects","C:\DOCUMENTI\sd\sorgenti\bm-sd\CANALI\Objects.pas"
"CanaliAria","C:\DOCUMENTI\sd\sorgenti\bm-sd\CANALI\UTILS\TOOLBAR.PAS","odialogs","C:\DOCUMENTI\sd\sorgenti\bm-sd\CANALI\Odialogs.pas"
"CanaliAria","C:\DOCUMENTI\sd\sorgenti\bm-sd\CANALI\UTILS\TOOLBAR.PAS","OWindows","C:\DOCUMENTI\sd\sorgenti\bm-sd\CANALI\Owindows.pas"
"CanaliAria","C:\DOCUMENTI\sd\sorgenti\bm-sd\CANALI\UTILS\TOOLBAR.PAS","utilitie","C:\DOCUMENTI\sd\sorgenti\bm-sd\CANALI\UTILS\UTILITIE.PAS"
"CanaliAria","C:\DOCUMENTI\sd\sorgenti\bm-sd\CANALI\UTILS\TOOLBAR.PAS","Wintypes","C:\DOCUMENTI\sd\sorgenti\bm-sd\CANALI\wintypes.pas"
"CanaliAria","C:\DOCUMENTI\sd\sorgenti\bm-sd\CANALI\UTILS\TOOLBAR.PAS","wm","C:\DOCUMENTI\sd\sorgenti\bm-sd\CANALI\WM.pas"
"CanaliAria","C:\DOCUMENTI\sd\sorgenti\bm-sd\CANALI\UTILS\TRMAIN.PAS","uldati10","C:\DOCUMENTI\sd\sorgenti\bm-sd\CANALI\UTILS\ULDATI10.PAS"
"CanaliAria","C:\DOCUMENTI\sd\sorgenti\bm-sd\CANALI\UTILS\TRMAIN.PAS","WinTypes","C:\DOCUMENTI\sd\sorgenti\bm-sd\CANALI\wintypes.pas"
"CanaliAria","C:\DOCUMENTI\sd\sorgenti\bm-sd\CANALI\UTILS\TURBO3.PAS","Crt","C:\DOCUMENTI\sd\sorgenti\bm-sd\CANALI\CRT.pas"
"CanaliAria","C:\DOCUMENTI\sd\sorgenti\bm-sd\CANALI\UTILS\TURBO3.PAS","Dos","C:\DOCUMENTI\sd\sorgenti\bm-sd\CANALI\DOS.pas"
"CanaliAria","C:\DOCUMENTI\sd\sorgenti\bm-sd\CANALI\UTILS\UCEDIFIC.PAS","WinTypes","C:\DOCUMENTI\sd\sorgenti\bm-sd\CANALI\wintypes.pas"
"CanaliAria","C:\DOCUMENTI\sd\sorgenti\bm-sd\CANALI\UTILS\UFROM.PAS","uti_dlf","C:\DOCUMENTI\sd\sorgenti\bm-sd\CANALI\UTILS\UTI_DLF.PAS"
"CanaliAria","C:\DOCUMENTI\sd\sorgenti\bm-sd\CANALI\UTILS\UFROM.PAS","WinTypes","C:\DOCUMENTI\sd\sorgenti\bm-sd\CANALI\wintypes.pas"
"CanaliAria","C:\DOCUMENTI\sd\sorgenti\bm-sd\CANALI\UTILS\ULDATI10.PAS","WinTypes","C:\DOCUMENTI\sd\sorgenti\bm-sd\CANALI\wintypes.pas"
"CanaliAria","C:\DOCUMENTI\sd\sorgenti\bm-sd\CANALI\UTILS\UMC4F.PAS","WinTypes","C:\DOCUMENTI\sd\sorgenti\bm-sd\CANALI\wintypes.pas"
"CanaliAria","C:\DOCUMENTI\sd\sorgenti\bm-sd\CANALI\UTILS\UREC.PAS","WinTypes","C:\DOCUMENTI\sd\sorgenti\bm-sd\CANALI\wintypes.pas"
"CanaliAria","C:\DOCUMENTI\sd\sorgenti\bm-sd\CANALI\UTILS\UT_DEB.PAS","crt","C:\DOCUMENTI\sd\sorgenti\bm-sd\CANALI\CRT.pas"
"CanaliAria","C:\DOCUMENTI\sd\sorgenti\bm-sd\CANALI\UTILS\UT_DEB.PAS","dos","C:\DOCUMENTI\sd\sorgenti\bm-sd\CANALI\DOS.pas"
"CanaliAria","C:\DOCUMENTI\sd\sorgenti\bm-sd\CANALI\UTILS\UTI_DLF.PAS","mc4edit","C:\DOCUMENTI\sd\sorgenti\bm-sd\CANALI\UTILS\MC4EDIT.PAS"
"CanaliAria","C:\DOCUMENTI\sd\sorgenti\bm-sd\CANALI\UTILS\UTIGEN.PAS","defutig","C:\DOCUMENTI\sd\sorgenti\bm-sd\CANALI\UTILS\DEFUTIG.PAS"
"CanaliAria","C:\DOCUMENTI\sd\sorgenti\bm-sd\CANALI\UTILS\UTIGEN.PAS","wintypes","C:\DOCUMENTI\sd\sorgenti\bm-sd\CANALI\wintypes.pas"
"CanaliAria","C:\DOCUMENTI\sd\sorgenti\bm-sd\CANALI\UTILS\UTIGEN.PAS","wm","C:\DOCUMENTI\sd\sorgenti\bm-sd\CANALI\WM.pas"
"CanaliAria","C:\DOCUMENTI\sd\sorgenti\bm-sd\CANALI\UTILS\UTILITIE.PAS","defuti","C:\DOCUMENTI\sd\sorgenti\bm-sd\CANALI\UTILS\DEFUTI.PAS"
"CanaliAria","C:\DOCUMENTI\sd\sorgenti\bm-sd\CANALI\UTILS\UTILITIE.PAS","misure","C:\DOCUMENTI\sd\sorgenti\bm-sd\CANALI\UTILS\MISURE.PAS"
"CanaliAria","C:\DOCUMENTI\sd\sorgenti\bm-sd\CANALI\UTILS\UTILITIE.PAS","Wm","C:\DOCUMENTI\sd\sorgenti\bm-sd\CANALI\WM.pas"
"CanaliAria","C:\DOCUMENTI\sd\sorgenti\bm-sd\CANALI\UTILS\UTIWINDL.PAS","ODialogs","C:\DOCUMENTI\sd\sorgenti\bm-sd\CANALI\Odialogs.pas"
"CanaliAria","C:\DOCUMENTI\sd\sorgenti\bm-sd\CANALI\UTILS\UTIWINDL.PAS","OWindows","C:\DOCUMENTI\sd\sorgenti\bm-sd\CANALI\Owindows.pas"
"CanaliAria","C:\DOCUMENTI\sd\sorgenti\bm-sd\CANALI\UTILS\UTIWINDL.PAS","WinTypes","C:\DOCUMENTI\sd\sorgenti\bm-sd\CANALI\wintypes.pas"
"CanaliAria","C:\DOCUMENTI\sd\sorgenti\bm-sd\CANALI\UTILS\UVIDEO.PAS","WinTypes","C:\DOCUMENTI\sd\sorgenti\bm-sd\CANALI\wintypes.pas"
"CanaliAria","C:\DOCUMENTI\sd\sorgenti\bm-sd\CANALI\UTILS\UVKEY.PAS","key","C:\DOCUMENTI\sd\sorgenti\bm-sd\CANALI\UTILS\KEY.PAS"
"CanaliAria","C:\DOCUMENTI\sd\sorgenti\bm-sd\CANALI\UTILS\UVKEY.PAS","WinTypes","C:\DOCUMENTI\sd\sorgenti\bm-sd\CANALI\wintypes.pas"
"CanaliAria","C:\DOCUMENTI\sd\sorgenti\bm-sd\CANALI\UTILS\VIDEO.PAS","Crt","C:\DOCUMENTI\sd\sorgenti\bm-sd\CANALI\CRT.pas"
"CanaliAria","C:\DOCUMENTI\sd\sorgenti\bm-sd\CANALI\UTILS\VIDEO.PAS","Defuti","C:\DOCUMENTI\sd\sorgenti\bm-sd\CANALI\UTILS\DEFUTI.PAS"
"CanaliAria","C:\DOCUMENTI\sd\sorgenti\bm-sd\CANALI\UTILS\VIDEO.PAS","Dos","C:\DOCUMENTI\sd\sorgenti\bm-sd\CANALI\DOS.pas"
"CanaliAria","C:\DOCUMENTI\sd\sorgenti\bm-sd\CANALI\UTILS\VIDEO.PAS","Turbo3","C:\DOCUMENTI\sd\sorgenti\bm-sd\CANALI\UTILS\TURBO3.PAS"
"CanaliAria","C:\DOCUMENTI\sd\sorgenti\bm-sd\CANALI\UTILS\VIDEO.PAS","UTilitie","C:\DOCUMENTI\sd\sorgenti\bm-sd\CANALI\UTILS\UTILITIE.PAS"
"CanaliAria","C:\DOCUMENTI\sd\sorgenti\bm-sd\CANALI\UTILS\W_MES.DPR","Messwin","C:\DOCUMENTI\sd\sorgenti\bm-sd\CANALI\UTILS\MESSWIN.PAS"
"CanaliAria","C:\DOCUMENTI\sd\sorgenti\bm-sd\CANALI\UTILS\WM1.PAS","crt","C:\DOCUMENTI\sd\sorgenti\bm-sd\CANALI\CRT.pas"
"CanaliAria","C:\DOCUMENTI\sd\sorgenti\bm-sd\CANALI\UTILS\WM1.PAS","dos","C:\DOCUMENTI\sd\sorgenti\bm-sd\CANALI\DOS.pas"
"CanaliAria","C:\DOCUMENTI\sd\sorgenti\bm-sd\CANALI\UTILS\WM1.PAS","Turbo3","C:\DOCUMENTI\sd\sorgenti\bm-sd\CANALI\UTILS\TURBO3.PAS"
"CanaliAria","C:\DOCUMENTI\sd\sorgenti\bm-sd\CANALI\UTIWIN.PAS","defuti","C:\DOCUMENTI\sd\sorgenti\bm-sd\CANALI\DEFUTI.pas"
"CanaliAria","C:\DOCUMENTI\sd\sorgenti\bm-sd\CANALI\UTIWIN.PAS","ODialogs","C:\DOCUMENTI\sd\sorgenti\bm-sd\CANALI\Odialogs.pas"
"CanaliAria","C:\DOCUMENTI\sd\sorgenti\bm-sd\CANALI\UTIWIN.PAS","OWindows","C:\DOCUMENTI\sd\sorgenti\bm-sd\CANALI\Owindows.pas"
"CanaliAria","C:\DOCUMENTI\sd\sorgenti\bm-sd\CANALI\UTIWIN.PAS","WinTypes","C:\DOCUMENTI\sd\sorgenti\bm-sd\CANALI\wintypes.pas"
"CanaliAria","C:\DOCUMENTI\sd\sorgenti\bm-sd\CANALI\W_CALC.DPR","Main","C:\DOCUMENTI\sd\sorgenti\bm-sd\CANALI\MAIN.PAS"
"CanaliAria","C:\DOCUMENTI\sd\sorgenti\bm-sd\CANALI\W_CALC.PAS","defuti","C:\DOCUMENTI\sd\sorgenti\bm-sd\CANALI\DEFUTI.pas"
"CanaliAria","C:\DOCUMENTI\sd\sorgenti\bm-sd\CANALI\W_CALC.PAS","init_cca","C:\DOCUMENTI\sd\sorgenti\bm-sd\CANALI\init_cca.pas"
"CanaliAria","C:\DOCUMENTI\sd\sorgenti\bm-sd\CANALI\W_CALC.PAS","inituti","C:\DOCUMENTI\sd\sorgenti\bm-sd\CANALI\UTILS\INITUTI.PAS"
"CanaliAria","C:\DOCUMENTI\sd\sorgenti\bm-sd\CANALI\W_CALC.PAS","U_cvcan","C:\DOCUMENTI\sd\sorgenti\bm-sd\CANALI\U_cvcan.pas"
"CanaliAria","C:\DOCUMENTI\sd\sorgenti\bm-sd\CANALI\W_CALC.PAS","u_cvcan1","C:\DOCUMENTI\sd\sorgenti\bm-sd\CANALI\u_cvcan1.pas"
"CanaliAria","C:\DOCUMENTI\sd\sorgenti\bm-sd\CANALI\W_CALC.PAS","unitcan","C:\DOCUMENTI\sd\sorgenti\bm-sd\CANALI\unitcan.pas"
"CanaliAria","C:\DOCUMENTI\sd\sorgenti\bm-sd\CANALI\W_CALC.PAS","UTILITIE","C:\DOCUMENTI\sd\sorgenti\bm-sd\CANALI\Utilitie.pas"
"CanaliAria","C:\DOCUMENTI\sd\sorgenti\bm-sd\CANALI\W_CALC.PAS","wintypes","C:\DOCUMENTI\sd\sorgenti\bm-sd\CANALI\wintypes.pas"
"CanaliAria","C:\DOCUMENTI\sd\sorgenti\bm-sd\CANALI\W_CALC.PAS","wm","C:\DOCUMENTI\sd\sorgenti\bm-sd\CANALI\WM.pas"
"CanaliAria","C:\DOCUMENTI\sd\sorgenti\bm-sd\CANALI\W_GEST.PAS","defuti","C:\DOCUMENTI\sd\sorgenti\bm-sd\CANALI\DEFUTI.pas"
"CanaliAria","C:\DOCUMENTI\sd\sorgenti\bm-sd\CANALI\W_GEST.PAS","gestduct","C:\DOCUMENTI\sd\sorgenti\bm-sd\CANALI\GESTDUCT.PAS"
"CanaliAria","C:\DOCUMENTI\sd\sorgenti\bm-sd\CANALI\W_GEST.PAS","init_cca","C:\DOCUMENTI\sd\sorgenti\bm-sd\CANALI\init_cca.pas"
"CanaliAria","C:\DOCUMENTI\sd\sorgenti\bm-sd\CANALI\W_GEST.PAS","main_w","C:\DOCUMENTI\sd\sorgenti\bm-sd\CANALI\UTILS\MAIN_W.PAS"
"CanaliAria","C:\DOCUMENTI\sd\sorgenti\bm-sd\CANALI\W_GEST.PAS","Objects","C:\DOCUMENTI\sd\sorgenti\bm-sd\CANALI\Objects.pas"
"CanaliAria","C:\DOCUMENTI\sd\sorgenti\bm-sd\CANALI\W_GEST.PAS","ODialogs","C:\DOCUMENTI\sd\sorgenti\bm-sd\CANALI\Odialogs.pas"
"CanaliAria","C:\DOCUMENTI\sd\sorgenti\bm-sd\CANALI\W_GEST.PAS","OWindows","C:\DOCUMENTI\sd\sorgenti\bm-sd\CANALI\Owindows.pas"
"CanaliAria","C:\DOCUMENTI\sd\sorgenti\bm-sd\CANALI\W_GEST.PAS","prgduct","C:\DOCUMENTI\sd\sorgenti\bm-sd\CANALI\prgduct.pas"
"CanaliAria","C:\DOCUMENTI\sd\sorgenti\bm-sd\CANALI\W_GEST.PAS","prntesto","C:\DOCUMENTI\sd\sorgenti\bm-sd\CANALI\UTILS\PRNTESTO.PAS"
"CanaliAria","C:\DOCUMENTI\sd\sorgenti\bm-sd\CANALI\W_GEST.PAS","utilitie","C:\DOCUMENTI\sd\sorgenti\bm-sd\CANALI\Utilitie.pas"
"CanaliAria","C:\DOCUMENTI\sd\sorgenti\bm-sd\CANALI\W_GEST.PAS","WinTypes","C:\DOCUMENTI\sd\sorgenti\bm-sd\CANALI\wintypes.pas"
"CanaliAria","C:\DOCUMENTI\sd\sorgenti\bm-sd\CANALI\W_GEST.PAS","wm","C:\DOCUMENTI\sd\sorgenti\bm-sd\CANALI\WM.pas"
"CanaliAria","C:\DOCUMENTI\sd\sorgenti\bm-sd\CANALI\W_NCALC.DPR","Main","C:\DOCUMENTI\sd\sorgenti\bm-sd\CANALI\MAIN.PAS"
"CanaliAria","C:\DOCUMENTI\sd\sorgenti\bm-sd\estivo\copiaLibreriaGenerale.pas","CopiaVariabiliGenerali","C:\DOCUMENTI\sd\sorgenti\bm-sd\estivo\CopiaVariabiligenerali.pas"
"CanaliAria","C:\DOCUMENTI\sd\sorgenti\bm-sd\estivo\copiaLibreriaGenerale.pas","dbtables","C:\DOCUMENTI\sd\sorgenti\bm-sd\componenti\kbmmem\bdenew\DbTables.pas"
"CanaliAria","C:\DOCUMENTI\sd\sorgenti\bm-sd\GLScene\Source\Base\Geometry.pas","VectorTypes","C:\DOCUMENTI\sd\sorgenti\bm-sd\GLScene\Source\Base\VectorTypes.pas"
"CarichiTermici","C:\DOCUMENTI\bmsistemi\drivep\prjs\cpi win clima\VERSIONE_10\CARICHI\Varcarichi_estivo_14.pas","Copiavariabiligenerali","C:\DOCUMENTI\sd\sorgenti\bm-sd\estivo_13\CopiaVariabiligenerali.pas"
"CarichiTermici","C:\DOCUMENTI\bmsistemi\drivep\prjs\cpi win clima\VERSIONE_10\CARICHI\Varcarichi_estivo_14.pas","Varcarichi","C:\DOCUMENTI\bmsistemi\drivep\prjs\cpi win clima\Versione_10\CARICHI\varcarichi.pas"
"CarichiTermici","C:\DOCUMENTI\sd\sorgenti\bm-sd\CANALI\UTILS\DEFUTI.PAS","objects","C:\DOCUMENTI\sd\sorgenti\bm-sd\CANALI\Objects.pas"
"CarichiTermici","C:\DOCUMENTI\sd\sorgenti\bm-sd\CANALI\UTILS\DEFUTI.PAS","odialogs","C:\DOCUMENTI\sd\sorgenti\bm-sd\CANALI\Odialogs.pas"
"CarichiTermici","C:\DOCUMENTI\sd\sorgenti\bm-sd\CANALI\UTILS\DEFUTI.PAS","OWindows","C:\DOCUMENTI\sd\sorgenti\bm-sd\CANALI\Owindows.pas"
"CarichiTermici","C:\DOCUMENTI\sd\sorgenti\bm-sd\CANALI\UTILS\DEFUTI.PAS","wintypes","C:\DOCUMENTI\sd\sorgenti\bm-sd\CANALI\wintypes.pas"
"CarichiTermici","C:\DOCUMENTI\sd\sorgenti\bm-sd\CANALI\UTILS\INITUTI.PAS","crt","C:\DOCUMENTI\sd\sorgenti\bm-sd\CANALI\CRT.pas"
"CarichiTermici","C:\DOCUMENTI\sd\sorgenti\bm-sd\CANALI\UTILS\INITUTI.PAS","defuti","C:\DOCUMENTI\sd\sorgenti\bm-sd\CANALI\UTILS\DEFUTI.PAS"
"CarichiTermici","C:\DOCUMENTI\sd\sorgenti\bm-sd\CANALI\UTILS\INITUTI.PAS","misure","C:\DOCUMENTI\sd\sorgenti\bm-sd\CANALI\UTILS\MISURE.PAS"
"CarichiTermici","C:\DOCUMENTI\sd\sorgenti\bm-sd\CANALI\UTILS\INITUTI.PAS","utilitie","C:\DOCUMENTI\sd\sorgenti\bm-sd\CANALI\UTILS\UTILITIE.PAS"
"CarichiTermici","C:\DOCUMENTI\sd\sorgenti\bm-sd\CANALI\UTILS\MISURE.PAS","crt","C:\DOCUMENTI\sd\sorgenti\bm-sd\CANALI\CRT.pas"
"CarichiTermici","C:\DOCUMENTI\sd\sorgenti\bm-sd\CANALI\UTILS\MISURE.PAS","defuti","C:\DOCUMENTI\sd\sorgenti\bm-sd\CANALI\UTILS\DEFUTI.PAS"
"CarichiTermici","C:\DOCUMENTI\sd\sorgenti\bm-sd\CANALI\UTILS\MISURE.PAS","utilitie","C:\DOCUMENTI\sd\sorgenti\bm-sd\CANALI\UTILS\UTILITIE.PAS"
"CarichiTermici","C:\DOCUMENTI\sd\sorgenti\bm-sd\CANALI\UTILS\UTILITIE.PAS","definiz","C:\DOCUMENTI\sd\sorgenti\bm-sd\estivo_13\DEFINIZ.PAS"
"CarichiTermici","C:\DOCUMENTI\sd\sorgenti\bm-sd\CANALI\UTILS\UTILITIE.PAS","defuti","C:\DOCUMENTI\sd\sorgenti\bm-sd\CANALI\UTILS\DEFUTI.PAS"
"CarichiTermici","C:\DOCUMENTI\sd\sorgenti\bm-sd\CANALI\UTILS\UTILITIE.PAS","misure","C:\DOCUMENTI\sd\sorgenti\bm-sd\CANALI\UTILS\MISURE.PAS"
"CarichiTermici","C:\DOCUMENTI\sd\sorgenti\bm-sd\estivo_13\CalcFun.pas","CopiaVariabiligenerali","C:\DOCUMENTI\sd\sorgenti\bm-sd\estivo_13\CopiaVariabiligenerali.pas"
"CarichiTermici","C:\DOCUMENTI\sd\sorgenti\bm-sd\estivo_13\Compiladcuestivo.dpr","F1","C:\DOCUMENTI\sd\sorgenti\bm-sd\estivo_13\F1.pas"
"CarichiTermici","C:\DOCUMENTI\sd\sorgenti\bm-sd\estivo_13\Compiladcuestivo.dpr","f2","C:\DOCUMENTI\sd\sorgenti\bm-sd\estivo_13\F2.pas"
"CarichiTermici","C:\DOCUMENTI\sd\sorgenti\bm-sd\estivo_13\Compiladcuestivo.dpr","f3","C:\DOCUMENTI\sd\sorgenti\bm-sd\estivo_13\F3.pas"
"CarichiTermici","C:\DOCUMENTI\sd\sorgenti\bm-sd\estivo_13\Compiladcuestivo.dpr","funztrasfmuri","C:\DOCUMENTI\sd\sorgenti\bm-sd\estivo_13\funztrasfmuri.pas"
"CarichiTermici","C:\DOCUMENTI\sd\sorgenti\bm-sd\estivo_13\Compiladcuestivo.dpr","psicrometrico","C:\DOCUMENTI\sd\sorgenti\bm-sd\estivo_13\psicrometrico.pas"
"CarichiTermici","C:\DOCUMENTI\sd\sorgenti\bm-sd\estivo_13\Compiladcuestivo.dpr","toted","C:\DOCUMENTI\sd\sorgenti\bm-sd\estivo_13\toted.pas"
"CarichiTermici","C:\DOCUMENTI\sd\sorgenti\bm-sd\estivo_13\Compiladcuestivo.dpr","varcarichi","C:\DOCUMENTI\bmsistemi\drivep\prjs\cpi win clima\VERSIONE_10\CARICHI\varcarichi.pas"
"CarichiTermici","C:\DOCUMENTI\sd\sorgenti\bm-sd\estivo_13\Compiladcuestivo.dpr","Varcarichi_estivo_14","C:\DOCUMENTI\bmsistemi\drivep\prjs\cpi win clima\VERSIONE_10\CARICHI\Varcarichi_estivo_14.pas"
"CarichiTermici","C:\DOCUMENTI\sd\sorgenti\bm-sd\estivo_13\Compiladcuestivo_14.dpr","F1","C:\DOCUMENTI\sd\sorgenti\bm-sd\estivo_13\F1.pas"
"CarichiTermici","C:\DOCUMENTI\sd\sorgenti\bm-sd\estivo_13\Compiladcuestivo_14.dpr","f2","C:\DOCUMENTI\sd\sorgenti\bm-sd\estivo_13\F2.pas"
"CarichiTermici","C:\DOCUMENTI\sd\sorgenti\bm-sd\estivo_13\Compiladcuestivo_14.dpr","f3","C:\DOCUMENTI\sd\sorgenti\bm-sd\estivo_13\F3.pas"
"CarichiTermici","C:\DOCUMENTI\sd\sorgenti\bm-sd\estivo_13\Compiladcuestivo_14.dpr","funztrasfmuri","C:\DOCUMENTI\sd\sorgenti\bm-sd\estivo_13\funztrasfmuri.pas"
"CarichiTermici","C:\DOCUMENTI\sd\sorgenti\bm-sd\estivo_13\Compiladcuestivo_14.dpr","psicrometrico","C:\DOCUMENTI\sd\sorgenti\bm-sd\estivo_13\psicrometrico.pas"
"CarichiTermici","C:\DOCUMENTI\sd\sorgenti\bm-sd\estivo_13\Compiladcuestivo_14.dpr","toted","C:\DOCUMENTI\sd\sorgenti\bm-sd\estivo_13\toted.pas"
"CarichiTermici","C:\DOCUMENTI\sd\sorgenti\bm-sd\estivo_13\Compiladcuestivo_14.dpr","varcarichi","C:\DOCUMENTI\bmsistemi\drivep\prjs\cpi win clima\VERSIONE_10\CARICHI\varcarichi.pas"
"CarichiTermici","C:\DOCUMENTI\sd\sorgenti\bm-sd\estivo_13\Compiladcuestivo_14.dpr","Varcarichi_estivo_14","C:\DOCUMENTI\bmsistemi\drivep\prjs\cpi win clima\VERSIONE_10\CARICHI\Varcarichi_estivo_14.pas"
"CarichiTermici","C:\DOCUMENTI\sd\sorgenti\bm-sd\estivo_13\EstivoDLL.dpr","MainForm","C:\DOCUMENTI\sd\sorgenti\bm-sd\estivo_13\MainForm.pas"
"CarichiTermici","C:\DOCUMENTI\sd\sorgenti\bm-sd\estivo_13\F1.pas","CalcFun","C:\DOCUMENTI\sd\sorgenti\bm-sd\estivo_13\CalcFun.pas"
"CarichiTermici","C:\DOCUMENTI\sd\sorgenti\bm-sd\estivo_13\F1.pas","psicrometrico","C:\DOCUMENTI\sd\sorgenti\bm-sd\estivo_13\psicrometrico.pas"
"CarichiTermici","C:\DOCUMENTI\sd\sorgenti\bm-sd\estivo_13\F1.pas","Risultati","C:\DOCUMENTI\sd\sorgenti\bm-sd\estivo_13\Risultati.pas"
"CarichiTermici","C:\DOCUMENTI\sd\sorgenti\bm-sd\estivo_13\F1.pas","warning","C:\DOCUMENTI\sd\sorgenti\bm-sd\estivo_13\warning.pas"
"CarichiTermici","C:\DOCUMENTI\sd\sorgenti\bm-sd\estivo_13\F2.pas","CalcFun","C:\DOCUMENTI\sd\sorgenti\bm-sd\estivo_13\CalcFun.pas"
"CarichiTermici","C:\DOCUMENTI\sd\sorgenti\bm-sd\estivo_13\F2.pas","Risultati","C:\DOCUMENTI\sd\sorgenti\bm-sd\estivo_13\Risultati.pas"
"CarichiTermici","C:\DOCUMENTI\sd\sorgenti\bm-sd\estivo_13\F2.pas","warning","C:\DOCUMENTI\sd\sorgenti\bm-sd\estivo_13\warning.pas"
"CarichiTermici","C:\DOCUMENTI\sd\sorgenti\bm-sd\estivo_13\F3.pas","Calcfun","C:\DOCUMENTI\sd\sorgenti\bm-sd\estivo_13\CalcFun.pas"
"CarichiTermici","C:\DOCUMENTI\sd\sorgenti\bm-sd\estivo_13\F3.pas","Risultati","C:\DOCUMENTI\sd\sorgenti\bm-sd\estivo_13\Risultati.pas"
"CarichiTermici","C:\DOCUMENTI\sd\sorgenti\bm-sd\estivo_13\F3.pas","warning","C:\DOCUMENTI\sd\sorgenti\bm-sd\estivo_13\warning.pas"
"CarichiTermici","C:\DOCUMENTI\sd\sorgenti\bm-sd\estivo_13\MainForm.pas","DBTables","C:\DOCUMENTI\sd\sorgenti\bm-sd\componenti\kbmmem\bdenew\DbTables.pas"
"CarichiTermici","C:\DOCUMENTI\sd\sorgenti\bm-sd\estivo_13\Messaggi.pas","MainForm","C:\DOCUMENTI\sd\sorgenti\bm-sd\estivo_13\MainForm.pas"
"CarichiTermici","C:\DOCUMENTI\sd\sorgenti\bm-sd\estivo_13\NuovoProvaEstivo.dpr","MainForm","C:\DOCUMENTI\sd\sorgenti\bm-sd\estivo_13\MainForm.pas"
"CarichiTermici","C:\DOCUMENTI\sd\sorgenti\bm-sd\estivo_13\Provaestivo.dpr","CALCFUN","C:\DOCUMENTI\sd\sorgenti\bm-sd\estivo_13\CALCFUN.PAS"
"CarichiTermici","C:\DOCUMENTI\sd\sorgenti\bm-sd\estivo_13\Provaestivo.dpr","F1","C:\DOCUMENTI\sd\sorgenti\bm-sd\estivo_13\F1.PAS"
"CarichiTermici","C:\DOCUMENTI\sd\sorgenti\bm-sd\estivo_13\Provaestivo.dpr","F2","C:\DOCUMENTI\sd\sorgenti\bm-sd\estivo_13\F2.PAS"
"CarichiTermici","C:\DOCUMENTI\sd\sorgenti\bm-sd\estivo_13\Provaestivo.dpr","F3","C:\DOCUMENTI\sd\sorgenti\bm-sd\estivo_13\F3.PAS"
"CarichiTermici","C:\DOCUMENTI\sd\sorgenti\bm-sd\estivo_13\Provaestivo.dpr","FunztrasfMuri","C:\DOCUMENTI\sd\sorgenti\bm-sd\estivo_13\FunztrasfMuri.pas"
"CarichiTermici","C:\DOCUMENTI\sd\sorgenti\bm-sd\estivo_13\Provaestivo.dpr","Risultati","C:\DOCUMENTI\sd\sorgenti\bm-sd\estivo_13\Risultati.pas"
"CarichiTermici","C:\DOCUMENTI\sd\sorgenti\bm-sd\estivo_13\Provaestivo.dpr","UMaskgen","C:\DOCUMENTI\sd\sorgenti\bm-sd\GENERA\Rebuli modificato CAD\UMaskgen.pas"
"CarichiTermici","C:\DOCUMENTI\sd\sorgenti\bm-sd\estivo_13\Provaestivo.dpr","UTabellare","C:\DOCUMENTI\sd\sorgenti\bm-sd\estivo_13\UTabellare.pas"
"CarichiTermici","C:\DOCUMENTI\sd\sorgenti\bm-sd\estivo_13\Provapsicro.dpr","UProvapsicro","C:\DOCUMENTI\sd\sorgenti\bm-sd\estivo_13\UProvapsicro.pas"
"CarichiTermici","C:\DOCUMENTI\sd\sorgenti\bm-sd\estivo_13\PsicroDia.dpr","Psicrometrico","C:\DOCUMENTI\sd\sorgenti\bm-sd\estivo_13\Psicrometrico.pas"
"CarichiTermici","C:\DOCUMENTI\sd\sorgenti\bm-sd\estivo_13\ren copiaLibreriaGenerale.pas","CopiaVariabiliGenerali","C:\DOCUMENTI\sd\sorgenti\bm-sd\estivo_13\CopiaVariabiligenerali.pas"
"CarichiTermici","C:\DOCUMENTI\sd\sorgenti\bm-sd\estivo_13\ren copiaLibreriaGenerale.pas","dbtables","C:\DOCUMENTI\sd\sorgenti\bm-sd\componenti\kbmmem\bdenew\DbTables.pas"
"CarichiTermici","C:\DOCUMENTI\sd\sorgenti\bm-sd\estivo_13\Risultati.pas","copiaVariabiliGenerali","C:\DOCUMENTI\sd\sorgenti\bm-sd\estivo_13\CopiaVariabiligenerali.pas"
"CarichiTermici","C:\DOCUMENTI\sd\sorgenti\bm-sd\estivo_13\Risultati.pas","DbTables","C:\DOCUMENTI\sd\sorgenti\bm-sd\componenti\kbmmem\bdenew\DbTables.pas"
"CarichiTermici","C:\DOCUMENTI\sd\sorgenti\bm-sd\estivo_13\STRUTTUR.PAS","Crt","C:\DOCUMENTI\sd\sorgenti\bm-sd\CANALI\CRT.pas"
"CarichiTermici","C:\DOCUMENTI\sd\sorgenti\bm-sd\estivo_13\STRUTTUR.PAS","definiz","C:\DOCUMENTI\sd\sorgenti\bm-sd\estivo_13\DEFINIZ.PAS"
"CarichiTermici","C:\DOCUMENTI\sd\sorgenti\bm-sd\estivo_13\STRUTTUR.PAS","Dos","C:\DOCUMENTI\sd\sorgenti\bm-sd\CANALI\DOS.pas"
"CarichiTermici","C:\DOCUMENTI\sd\sorgenti\bm-sd\estivo_13\STRUTTUR.PAS","inituti","C:\DOCUMENTI\sd\sorgenti\bm-sd\CANALI\UTILS\INITUTI.PAS"
"CarichiTermici","C:\DOCUMENTI\sd\sorgenti\bm-sd\estivo_13\STRUTTUR.PAS","Owindows","C:\DOCUMENTI\sd\sorgenti\bm-sd\CANALI\Owindows.pas"
"CarichiTermici","C:\DOCUMENTI\sd\sorgenti\bm-sd\estivo_13\STRUTTUR.PAS","wintypes","C:\DOCUMENTI\sd\sorgenti\bm-sd\CANALI\wintypes.pas"
"CarichiTermici","C:\DOCUMENTI\sd\sorgenti\bm-sd\estivo_13\Sun_trace.dpr","F1","C:\DOCUMENTI\sd\sorgenti\bm-sd\estivo_13\F1.pas"
"CarichiTermici","C:\DOCUMENTI\sd\sorgenti\bm-sd\estivo_13\Sun_trace.dpr","f2","C:\DOCUMENTI\sd\sorgenti\bm-sd\estivo_13\F2.pas"
"CarichiTermici","C:\DOCUMENTI\sd\sorgenti\bm-sd\estivo_13\Sun_trace.dpr","f3","C:\DOCUMENTI\sd\sorgenti\bm-sd\estivo_13\F3.pas"
"CarichiTermici","C:\DOCUMENTI\sd\sorgenti\bm-sd\estivo_13\Sun_trace.dpr","funztrasfmuri","C:\DOCUMENTI\sd\sorgenti\bm-sd\estivo_13\funztrasfmuri.pas"
"CarichiTermici","C:\DOCUMENTI\sd\sorgenti\bm-sd\estivo_13\Sun_trace.dpr","Main_suntrace","C:\DOCUMENTI\sd\sorgenti\bm-sd\Sun-Trace\Main_suntrace.pas"
"CarichiTermici","C:\DOCUMENTI\sd\sorgenti\bm-sd\estivo_13\Sun_trace.dpr","psicrometrico","C:\DOCUMENTI\sd\sorgenti\bm-sd\estivo_13\psicrometrico.pas"
"CarichiTermici","C:\DOCUMENTI\sd\sorgenti\bm-sd\estivo_13\Sun_trace.dpr","toted","C:\DOCUMENTI\sd\sorgenti\bm-sd\estivo_13\toted.pas"
"CarichiTermici","C:\DOCUMENTI\sd\sorgenti\bm-sd\estivo_13\Sun_trace.dpr","varcarichi","C:\DOCUMENTI\bmsistemi\drivep\prjs\cpi win clima\VERSIONE_10\CARICHI\VarCarichi.pas"
"CarichiTermici","C:\DOCUMENTI\sd\sorgenti\bm-sd\estivo_13\toted.pas","CalcFun","C:\DOCUMENTI\sd\sorgenti\bm-sd\estivo_13\CalcFun.pas"
"CarichiTermici","C:\DOCUMENTI\sd\sorgenti\bm-sd\estivo_13\toted.pas","Risultati","C:\DOCUMENTI\sd\sorgenti\bm-sd\estivo_13\Risultati.pas"
"CarichiTermici","C:\DOCUMENTI\sd\sorgenti\bm-sd\estivo_13\UTabellare.pas","DBTables","C:\DOCUMENTI\sd\sorgenti\bm-sd\componenti\kbmmem\bdenew\DbTables.pas"
"CarichiTermici","C:\DOCUMENTI\sd\sorgenti\bm-sd\estivo_13\UTabellare.pas","UMaskgen","C:\DOCUMENTI\sd\sorgenti\bm-sd\GENERA\Rebuli modificato CAD\UMaskgen.pas"
"CarichiTermici","C:\DOCUMENTI\sd\sorgenti\bm-sd\estivo_13\vecchiocalcoli.pas","definiz","C:\DOCUMENTI\sd\sorgenti\bm-sd\estivo_13\DEFINIZ.PAS"
"CarichiTermici","C:\DOCUMENTI\sd\sorgenti\bm-sd\GENERA\Rebuli modificato CAD\UDati.pas","DbTables","C:\DOCUMENTI\sd\sorgenti\bm-sd\componenti\kbmmem\bdenew\DbTables.pas"
"CarichiTermici","C:\DOCUMENTI\sd\sorgenti\bm-sd\GENERA\Rebuli modificato CAD\UMaskgen.pas","DBTables","C:\DOCUMENTI\sd\sorgenti\bm-sd\componenti\kbmmem\bdenew\DbTables.pas"
"CarichiTermici","C:\DOCUMENTI\sd\sorgenti\bm-sd\GENERA\Rebuli modificato CAD\UMaskgen.pas","Udati","C:\DOCUMENTI\sd\sorgenti\bm-sd\GENERA\Rebuli modificato CAD\UDati.pas"
"CarichiTermici","C:\DOCUMENTI\sd\sorgenti\bm-sd\Sun-Trace\Main_suntrace.pas","dbtables","C:\DOCUMENTI\sd\sorgenti\bm-sd\componenti\kbmmem\bdenew\DbTables.pas"
"CarichiTermici","C:\DOCUMENTI\sd\sorgenti\bm-sd\Sun-Trace\Main_suntrace.pas","solare","C:\DOCUMENTI\sd\sorgenti\bm-sd\estivo_13\Solare.pas"
"CarichiTermici","C:\DOCUMENTI\sd\sorgenti\bm-sd\Sun-Trace\Main_suntrace.pas","varcarichi","C:\DOCUMENTI\sd\sorgenti\bm-sd\Sun-Trace\Varcarichi.pas"
"Tubazioni","C:\DOCUMENTI\bmsistemi\drivepsviluppo\prjs\cpi win clima\versione_10\3D\chiamateOggetti.pas","u3dsd","C:\DOCUMENTI\bmsistemi\drivepsviluppo\prjs\cpi win clima\versione_10\3D\U3dsd.pas"
"Tubazioni","C:\DOCUMENTI\bmsistemi\drivepsviluppo\prjs\cpi win clima\versione_10\3D\chiamateOggetti.pas","variabili3d","C:\DOCUMENTI\sd\sorgenti\bm-sd\3dsd\variabili3d.pas"
"Tubazioni","C:\DOCUMENTI\bmsistemi\drivepsviluppo\prjs\cpi win clima\versione_10\3D\compila_form_database.pas","U3dsd","C:\DOCUMENTI\bmsistemi\drivepsviluppo\prjs\cpi win clima\versione_10\3D\U3dsd.pas"
"Tubazioni","C:\DOCUMENTI\bmsistemi\drivepsviluppo\prjs\cpi win clima\versione_10\3D\Config_Var.pas","libreriagenerale","C:\DOCUMENTI\bmsistemi\drivepsviluppo\prjs\cpi win clima\versione_10\comuni\libreriagenerale.pas"
"Tubazioni","C:\DOCUMENTI\bmsistemi\drivepsviluppo\prjs\cpi win clima\versione_10\3D\CopiaCaricatabelle.pas","angoli","C:\DOCUMENTI\bmsistemi\drivepsviluppo\prjs\cpi win clima\versione_10\Tubi\Angoli.pas"
"Tubazioni","C:\DOCUMENTI\bmsistemi\drivepsviluppo\prjs\cpi win clima\versione_10\3D\CopiaCaricatabelle.pas","CopialetturaDisegno3d","C:\DOCUMENTI\bmsistemi\drivepsviluppo\prjs\cpi win clima\versione_10\3D\copialetturadisegno3d.pas"
"Tubazioni","C:\DOCUMENTI\bmsistemi\drivepsviluppo\prjs\cpi win clima\versione_10\3D\CopiaCaricatabelle.pas","dbtables","C:\DOCUMENTI\sd\sorgenti\bm-sd\componenti\kbmmem\bdenew\DbTables.pas"
"Tubazioni","C:\DOCUMENTI\bmsistemi\drivepsviluppo\prjs\cpi win clima\versione_10\3D\CopiaCaricatabelle.pas","geometria","C:\DOCUMENTI\sd\sorgenti\bm-sd\utils\Geometria.pas"
"Tubazioni","C:\DOCUMENTI\bmsistemi\drivepsviluppo\prjs\cpi win clima\versione_10\3D\CopiaCaricatabelle.pas","grafica2d","C:\DOCUMENTI\bmsistemi\drivepsviluppo\prjs\cpi win clima\versione_10\3D\grafica2d.pas"
"Tubazioni","C:\DOCUMENTI\bmsistemi\drivepsviluppo\prjs\cpi win clima\versione_10\3D\CopiaCaricatabelle.pas","Libreriagenerale","C:\DOCUMENTI\bmsistemi\drivepsviluppo\prjs\cpi win clima\versione_10\comuni\libreriagenerale.pas"
"Tubazioni","C:\DOCUMENTI\bmsistemi\drivepsviluppo\prjs\cpi win clima\versione_10\3D\CopiaCaricatabelle.pas","setta_config_user","C:\DOCUMENTI\bmsistemi\drivepsviluppo\prjs\cpi win clima\versione_10\3D\setta_config_User.pas"
"Tubazioni","C:\DOCUMENTI\bmsistemi\drivepsviluppo\prjs\cpi win clima\versione_10\3D\CopiaCaricatabelle.pas","UnitCompilaDatiZona","C:\DOCUMENTI\bmsistemi\drivepsviluppo\prjs\cpi win clima\versione_10\3D\UnitCompilaDatiZona.pas"
"Tubazioni","C:\DOCUMENTI\bmsistemi\drivepsviluppo\prjs\cpi win clima\versione_10\3D\CopiaCaricatabelle.pas","varcarichi","C:\DOCUMENTI\bmsistemi\drivepsviluppo\prjs\cpi win clima\versione_10\CARICHI\varcarichi.pas"
"Tubazioni","C:\DOCUMENTI\bmsistemi\drivepsviluppo\prjs\cpi win clima\versione_10\3D\CopiaCaricatabelle.pas","VariabiliGenerali","C:\DOCUMENTI\bmsistemi\drivepsviluppo\prjs\cpi win clima\versione_10\comuni\VariabiliGenerali.pas"
"Tubazioni","C:\DOCUMENTI\bmsistemi\drivepsviluppo\prjs\cpi win clima\versione_10\3D\CopiaCaricatabelle.pas","Volumi","C:\DOCUMENTI\sd\sorgenti\bm-sd\3dsd\Volumi.pas"
"Tubazioni","C:\DOCUMENTI\bmsistemi\drivepsviluppo\prjs\cpi win clima\versione_10\3D\copialetturadisegno3d.pas","angoli","C:\DOCUMENTI\bmsistemi\drivepsviluppo\prjs\cpi win clima\versione_10\Tubi\Angoli.pas"
"Tubazioni","C:\DOCUMENTI\bmsistemi\drivepsviluppo\prjs\cpi win clima\versione_10\3D\copialetturadisegno3d.pas","CopiaCaricatabelle","C:\DOCUMENTI\bmsistemi\drivepsviluppo\prjs\cpi win clima\versione_10\3D\CopiaCaricatabelle.pas"
"Tubazioni","C:\DOCUMENTI\bmsistemi\drivepsviluppo\prjs\cpi win clima\versione_10\3D\copialetturadisegno3d.pas","dbtables","C:\DOCUMENTI\sd\sorgenti\bm-sd\componenti\kbmmem\bdenew\DbTables.pas"
"Tubazioni","C:\DOCUMENTI\bmsistemi\drivepsviluppo\prjs\cpi win clima\versione_10\3D\copialetturadisegno3d.pas","dxf_In_out","C:\DOCUMENTI\bmsistemi\drivepsviluppo\prjs\cpi win clima\versione_10\comuni\Grafica\dxf_in_out.pas"
"Tubazioni","C:\DOCUMENTI\bmsistemi\drivepsviluppo\prjs\cpi win clima\versione_10\3D\copialetturadisegno3d.pas","Funz_reti","C:\DOCUMENTI\bmsistemi\drivepsviluppo\prjs\cpi win clima\versione_10\3D\Funz_reti.pas"
"Tubazioni","C:\DOCUMENTI\bmsistemi\drivepsviluppo\prjs\cpi win clima\versione_10\3D\copialetturadisegno3d.pas","gestione_dati","C:\DOCUMENTI\bmsistemi\drivepsviluppo\prjs\cpi win clima\versione_10\3D\gestione_dati.pas"
"Tubazioni","C:\DOCUMENTI\bmsistemi\drivepsviluppo\prjs\cpi win clima\versione_10\3D\copialetturadisegno3d.pas","gestudb","C:\DOCUMENTI\bmsistemi\drivepsviluppo\prjs\cpi win clima\versione_10\libreriedatabase\gestudb.pas"
"Tubazioni","C:\DOCUMENTI\bmsistemi\drivepsviluppo\prjs\cpi win clima\versione_10\3D\copialetturadisegno3d.pas","grafica2d","C:\DOCUMENTI\bmsistemi\drivepsviluppo\prjs\cpi win clima\versione_10\3D\grafica2d.pas"
"Tubazioni","C:\DOCUMENTI\bmsistemi\drivepsviluppo\prjs\cpi win clima\versione_10\3D\copialetturadisegno3d.pas","init_cad3d","C:\DOCUMENTI\bmsistemi\drivepsviluppo\prjs\cpi win clima\versione_10\3D\Init_cad3D.pas"
"Tubazioni","C:\DOCUMENTI\bmsistemi\drivepsviluppo\prjs\cpi win clima\versione_10\3D\copialetturadisegno3d.pas","letturainmemoria","C:\DOCUMENTI\bmsistemi\drivepsviluppo\prjs\cpi win clima\versione_10\3D\LetturaInMemoria.pas"
"Tubazioni","C:\DOCUMENTI\bmsistemi\drivepsviluppo\prjs\cpi win clima\versione_10\3D\copialetturadisegno3d.pas","Libreriagenerale","C:\DOCUMENTI\bmsistemi\drivepsviluppo\prjs\cpi win clima\versione_10\comuni\libreriagenerale.pas"
"Tubazioni","C:\DOCUMENTI\bmsistemi\drivepsviluppo\prjs\cpi win clima\versione_10\3D\copialetturadisegno3d.pas","log","C:\DOCUMENTI\bmsistemi\drivepsviluppo\prjs\cpi win clima\versione_10\3D\Log.pas"
"Tubazioni","C:\DOCUMENTI\bmsistemi\drivepsviluppo\prjs\cpi win clima\versione_10\3D\copialetturadisegno3d.pas","progress3d","C:\DOCUMENTI\bmsistemi\drivepsviluppo\prjs\cpi win clima\versione_10\3D\progress3D.pas"
"Tubazioni","C:\DOCUMENTI\bmsistemi\drivepsviluppo\prjs\cpi win clima\versione_10\3D\copialetturadisegno3d.pas","U3dsd","C:\DOCUMENTI\bmsistemi\drivepsviluppo\prjs\cpi win clima\versione_10\3D\U3dsd.pas"
"Tubazioni","C:\DOCUMENTI\bmsistemi\drivepsviluppo\prjs\cpi win clima\versione_10\3D\copialetturadisegno3d.pas","Varcarichi","C:\DOCUMENTI\bmsistemi\drivepsviluppo\prjs\cpi win clima\versione_10\CARICHI\varcarichi.pas"
"Tubazioni","C:\DOCUMENTI\bmsistemi\drivepsviluppo\prjs\cpi win clima\versione_10\3D\copiaUCaricadati.pas","dbtables","C:\DOCUMENTI\sd\sorgenti\bm-sd\componenti\kbmmem\bdenew\DbTables.pas"
"Tubazioni","C:\DOCUMENTI\bmsistemi\drivepsviluppo\prjs\cpi win clima\versione_10\3D\copiaUCaricadati.pas","Definiz","C:\DOCUMENTI\bmsistemi\drivepsviluppo\prjs\cpi win clima\versione_10\Tubi\definiz.pas"
"Tubazioni","C:\DOCUMENTI\bmsistemi\drivepsviluppo\prjs\cpi win clima\versione_10\3D\copiaUCaricadati.pas","LibreriaGenerale","C:\DOCUMENTI\bmsistemi\drivepsviluppo\prjs\cpi win clima\versione_10\comuni\libreriagenerale.pas"
"Tubazioni","C:\DOCUMENTI\bmsistemi\drivepsviluppo\prjs\cpi win clima\versione_10\3D\copiaUCaricadati.pas","varcarichi","C:\DOCUMENTI\bmsistemi\drivepsviluppo\prjs\cpi win clima\versione_10\CARICHI\varcarichi.pas"
"Tubazioni","C:\DOCUMENTI\bmsistemi\drivepsviluppo\prjs\cpi win clima\versione_10\3D\CreaDxfEdificio.pas","angoli","C:\DOCUMENTI\bmsistemi\drivepsviluppo\prjs\cpi win clima\versione_10\Tubi\Angoli.pas"
"Tubazioni","C:\DOCUMENTI\bmsistemi\drivepsviluppo\prjs\cpi win clima\versione_10\3D\CreaDxfEdificio.pas","config_var","C:\DOCUMENTI\bmsistemi\drivepsviluppo\prjs\cpi win clima\versione_10\3D\Config_Var.pas"
"Tubazioni","C:\DOCUMENTI\bmsistemi\drivepsviluppo\prjs\cpi win clima\versione_10\3D\CreaDxfEdificio.pas","copialetturadisegno3d","C:\DOCUMENTI\bmsistemi\drivepsviluppo\prjs\cpi win clima\versione_10\3D\copialetturadisegno3d.pas"
"Tubazioni","C:\DOCUMENTI\bmsistemi\drivepsviluppo\prjs\cpi win clima\versione_10\3D\CreaDxfEdificio.pas","definiz","C:\DOCUMENTI\bmsistemi\drivepsviluppo\prjs\cpi win clima\versione_10\Tubi\definiz.pas"
"Tubazioni","C:\DOCUMENTI\bmsistemi\drivepsviluppo\prjs\cpi win clima\versione_10\3D\CreaDxfEdificio.pas","dxf_in_out","C:\DOCUMENTI\bmsistemi\drivepsviluppo\prjs\cpi win clima\versione_10\comuni\Grafica\dxf_in_out.pas"
"Tubazioni","C:\DOCUMENTI\bmsistemi\drivepsviluppo\prjs\cpi win clima\versione_10\3D\CreaDxfEdificio.pas","Funz_reti","C:\DOCUMENTI\bmsistemi\drivepsviluppo\prjs\cpi win clima\versione_10\3D\Funz_reti.pas"
"Tubazioni","C:\DOCUMENTI\bmsistemi\drivepsviluppo\prjs\cpi win clima\versione_10\3D\CreaDxfEdificio.pas","gestdim","C:\DOCUMENTI\bmsistemi\drivepsviluppo\prjs\cpi win clima\versione_10\3D\GestDim.pas"
"Tubazioni","C:\DOCUMENTI\bmsistemi\drivepsviluppo\prjs\cpi win clima\versione_10\3D\CreaDxfEdificio.pas","grafica2d","C:\DOCUMENTI\bmsistemi\drivepsviluppo\prjs\cpi win clima\versione_10\3D\grafica2d.pas"
"Tubazioni","C:\DOCUMENTI\bmsistemi\drivepsviluppo\prjs\cpi win clima\versione_10\3D\CreaDxfEdificio.pas","impterm","C:\DOCUMENTI\bmsistemi\drivepsviluppo\prjs\cpi win clima\versione_10\Tubi\impterm.pas"
"Tubazioni","C:\DOCUMENTI\bmsistemi\drivepsviluppo\prjs\cpi win clima\versione_10\3D\CreaDxfEdificio.pas","init_cad3d","C:\DOCUMENTI\bmsistemi\drivepsviluppo\prjs\cpi win clima\versione_10\3D\Init_cad3D.pas"
"Tubazioni","C:\DOCUMENTI\bmsistemi\drivepsviluppo\prjs\cpi win clima\versione_10\3D\CreaDxfEdificio.pas","libreriagenerale","C:\DOCUMENTI\bmsistemi\drivepsviluppo\prjs\cpi win clima\versione_10\comuni\libreriagenerale.pas"
"Tubazioni","C:\DOCUMENTI\bmsistemi\drivepsviluppo\prjs\cpi win clima\versione_10\3D\CreaDxfEdificio.pas","Varcarichi","C:\DOCUMENTI\bmsistemi\drivepsviluppo\prjs\cpi win clima\versione_10\CARICHI\varcarichi.pas"
"Tubazioni","C:\DOCUMENTI\bmsistemi\drivepsviluppo\prjs\cpi win clima\versione_10\3D\disedificio.pas","chiamateOggetti","C:\DOCUMENTI\bmsistemi\drivepsviluppo\prjs\cpi win clima\versione_10\3D\chiamateOggetti.pas"
"Tubazioni","C:\DOCUMENTI\bmsistemi\drivepsviluppo\prjs\cpi win clima\versione_10\3D\disedificio.pas","definiz","C:\DOCUMENTI\bmsistemi\drivepsviluppo\prjs\cpi win clima\versione_10\Tubi\definiz.pas"
"Tubazioni","C:\DOCUMENTI\bmsistemi\drivepsviluppo\prjs\cpi win clima\versione_10\3D\disedificio.pas","funz_reti","C:\DOCUMENTI\bmsistemi\drivepsviluppo\prjs\cpi win clima\versione_10\3D\Funz_reti.pas"
"Tubazioni","C:\DOCUMENTI\bmsistemi\drivepsviluppo\prjs\cpi win clima\versione_10\3D\disedificio.pas","geometria","C:\DOCUMENTI\sd\sorgenti\bm-sd\utils\Geometria.pas"
"Tubazioni","C:\DOCUMENTI\bmsistemi\drivepsviluppo\prjs\cpi win clima\versione_10\3D\disedificio.pas","libreriagenerale","C:\DOCUMENTI\bmsistemi\drivepsviluppo\prjs\cpi win clima\versione_10\comuni\libreriagenerale.pas"
"Tubazioni","C:\DOCUMENTI\bmsistemi\drivepsviluppo\prjs\cpi win clima\versione_10\3D\disedificio.pas","progress3D","C:\DOCUMENTI\bmsistemi\drivepsviluppo\prjs\cpi win clima\versione_10\3D\progress3D.pas"
"Tubazioni","C:\DOCUMENTI\bmsistemi\drivepsviluppo\prjs\cpi win clima\versione_10\3D\disedificio.pas","U3dsd","C:\DOCUMENTI\bmsistemi\drivepsviluppo\prjs\cpi win clima\versione_10\3D\U3dsd.pas"
"Tubazioni","C:\DOCUMENTI\bmsistemi\drivepsviluppo\prjs\cpi win clima\versione_10\3D\disedificio.pas","varcarichi","C:\DOCUMENTI\bmsistemi\drivepsviluppo\prjs\cpi win clima\versione_10\CARICHI\varcarichi.pas"
"Tubazioni","C:\DOCUMENTI\bmsistemi\drivepsviluppo\prjs\cpi win clima\versione_10\3D\disedificio.pas","variabili3d","C:\DOCUMENTI\sd\sorgenti\bm-sd\3dsd\variabili3d.pas"
"Tubazioni","C:\DOCUMENTI\bmsistemi\drivepsviluppo\prjs\cpi win clima\versione_10\3D\Fasi_progetto.pas","u3dsd","C:\DOCUMENTI\bmsistemi\drivepsviluppo\prjs\cpi win clima\versione_10\3D\U3dsd.pas"
"Tubazioni","C:\DOCUMENTI\bmsistemi\drivepsviluppo\prjs\cpi win clima\versione_10\3D\Fconsigli.pas","gesterrori","C:\DOCUMENTI\bmsistemi\drivepsviluppo\prjs\cpi win clima\versione_10\3D\gesterrori.pas"
"Tubazioni","C:\DOCUMENTI\bmsistemi\drivepsviluppo\prjs\cpi win clima\versione_10\3D\Fconsigli.pas","Init_cad3d","C:\DOCUMENTI\bmsistemi\drivepsviluppo\prjs\cpi win clima\versione_10\3D\Init_cad3D.pas"
"Tubazioni","C:\DOCUMENTI\bmsistemi\drivepsviluppo\prjs\cpi win clima\versione_10\3D\Fconsigli.pas","libreriagenerale","C:\DOCUMENTI\bmsistemi\drivepsviluppo\prjs\cpi win clima\versione_10\comuni\libreriagenerale.pas"
"Tubazioni","C:\DOCUMENTI\bmsistemi\drivepsviluppo\prjs\cpi win clima\versione_10\3D\Fconsigli.pas","U3dsd","C:\DOCUMENTI\bmsistemi\drivepsviluppo\prjs\cpi win clima\versione_10\3D\U3dsd.pas"
"Tubazioni","C:\DOCUMENTI\bmsistemi\drivepsviluppo\prjs\cpi win clima\versione_10\3D\form\Archpers3D.pas","config_var","C:\DOCUMENTI\bmsistemi\drivepsviluppo\prjs\cpi win clima\versione_10\3D\Config_Var.pas"
"Tubazioni","C:\DOCUMENTI\bmsistemi\drivepsviluppo\prjs\cpi win clima\versione_10\3D\form\Archpers3D.pas","sceltaA","C:\DOCUMENTI\bmsistemi\drivepsviluppo\prjs\cpi win clima\versione_10\libreriedatabase\SceltaA.pas"
"Tubazioni","C:\DOCUMENTI\bmsistemi\drivepsviluppo\prjs\cpi win clima\versione_10\3D\form\Cambiaelab.pas","config_var","C:\DOCUMENTI\bmsistemi\drivepsviluppo\prjs\cpi win clima\versione_10\3D\Config_Var.pas"
"Tubazioni","C:\DOCUMENTI\bmsistemi\drivepsviluppo\prjs\cpi win clima\versione_10\3D\form\Cambiaelab.pas","gestudb","C:\DOCUMENTI\bmsistemi\drivepsviluppo\prjs\cpi win clima\versione_10\libreriedatabase\gestudb.pas"
"Tubazioni","C:\DOCUMENTI\bmsistemi\drivepsviluppo\prjs\cpi win clima\versione_10\3D\form\Cambiaelab.pas","interfdll","C:\DOCUMENTI\sd\sorgenti\bm-sd\projectbrowser\InterfDLL.pas"
"Tubazioni","C:\DOCUMENTI\bmsistemi\drivepsviluppo\prjs\cpi win clima\versione_10\3D\form\Cambiaelab.pas","libreriagenerale","C:\DOCUMENTI\bmsistemi\drivepsviluppo\prjs\cpi win clima\versione_10\comuni\libreriagenerale.pas"
"Tubazioni","C:\DOCUMENTI\bmsistemi\drivepsviluppo\prjs\cpi win clima\versione_10\3D\form\Cambiaelab.pas","Piani3d","C:\DOCUMENTI\bmsistemi\drivepsviluppo\prjs\cpi win clima\versione_10\3D\form\Piani3d.pas"
"Tubazioni","C:\DOCUMENTI\bmsistemi\drivepsviluppo\prjs\cpi win clima\versione_10\3D\form\Cambiaelab.pas","Reti3d","C:\DOCUMENTI\bmsistemi\drivepsviluppo\prjs\cpi win clima\versione_10\3D\form\Reti3D.pas"
"Tubazioni","C:\DOCUMENTI\bmsistemi\drivepsviluppo\prjs\cpi win clima\versione_10\3D\form\Carburanti3D.pas","dbtables","C:\DOCUMENTI\sd\sorgenti\bm-sd\componenti\kbmmem\bdenew\DbTables.pas"
"Tubazioni","C:\DOCUMENTI\bmsistemi\drivepsviluppo\prjs\cpi win clima\versione_10\3D\form\Carburanti3D.pas","gest_form","C:\DOCUMENTI\sd\sorgenti\bm-sd\librerie_generali\Gest_form.pas"
"Tubazioni","C:\DOCUMENTI\bmsistemi\drivepsviluppo\prjs\cpi win clima\versione_10\3D\form\Carburanti3D.pas","libreriagenerale","C:\DOCUMENTI\bmsistemi\drivepsviluppo\prjs\cpi win clima\versione_10\comuni\libreriagenerale.pas"
"Tubazioni","C:\DOCUMENTI\bmsistemi\drivepsviluppo\prjs\cpi win clima\versione_10\3D\form\Confineparete3D.pas","Gest_form","C:\DOCUMENTI\sd\sorgenti\bm-sd\librerie_generali\Gest_form.pas"
"Tubazioni","C:\DOCUMENTI\bmsistemi\drivepsviluppo\prjs\cpi win clima\versione_10\3D\form\Confineparete3D.pas","libreriagenerale","C:\DOCUMENTI\bmsistemi\drivepsviluppo\prjs\cpi win clima\versione_10\comuni\libreriagenerale.pas"
"Tubazioni","C:\DOCUMENTI\bmsistemi\drivepsviluppo\prjs\cpi win clima\versione_10\3D\form\controlla3d.pas","gestudb","C:\DOCUMENTI\bmsistemi\drivepsviluppo\prjs\cpi win clima\versione_10\libreriedatabase\gestudb.pas"
"Tubazioni","C:\DOCUMENTI\bmsistemi\drivepsviluppo\prjs\cpi win clima\versione_10\3D\form\Edificio3D.pas","dbtables","C:\DOCUMENTI\sd\sorgenti\bm-sd\componenti\kbmmem\bdenew\DbTables.pas"
"Tubazioni","C:\DOCUMENTI\bmsistemi\drivepsviluppo\prjs\cpi win clima\versione_10\3D\form\Edificio3D.pas","generatore3D","C:\DOCUMENTI\bmsistemi\drivepsviluppo\prjs\cpi win clima\versione_10\3D\form\Generatore3D.pas"
"Tubazioni","C:\DOCUMENTI\bmsistemi\drivepsviluppo\prjs\cpi win clima\versione_10\3D\form\Edificio3D.pas","libreriagenerale","C:\DOCUMENTI\bmsistemi\drivepsviluppo\prjs\cpi win clima\versione_10\comuni\libreriagenerale.pas"
"Tubazioni","C:\DOCUMENTI\bmsistemi\drivepsviluppo\prjs\cpi win clima\versione_10\3D\form\Edificio3D.pas","sceltaA","C:\DOCUMENTI\bmsistemi\drivepsviluppo\prjs\cpi win clima\versione_10\libreriedatabase\SceltaA.pas"
"Tubazioni","C:\DOCUMENTI\bmsistemi\drivepsviluppo\prjs\cpi win clima\versione_10\3D\form\Edificio3D.pas","terminali3d","C:\DOCUMENTI\bmsistemi\drivepsviluppo\prjs\cpi win clima\versione_10\3D\form\Terminali3d.pas"
"Tubazioni","C:\DOCUMENTI\bmsistemi\drivepsviluppo\prjs\cpi win clima\versione_10\3D\form\filedialog.pas","conferma3d","C:\DOCUMENTI\bmsistemi\drivepsviluppo\prjs\cpi win clima\versione_10\3D\form\Conferma3d.pas"
"Tubazioni","C:\DOCUMENTI\bmsistemi\drivepsviluppo\prjs\cpi win clima\versione_10\3D\form\filedialog.pas","config_var","C:\DOCUMENTI\bmsistemi\drivepsviluppo\prjs\cpi win clima\versione_10\3D\Config_Var.pas"
"Tubazioni","C:\DOCUMENTI\bmsistemi\drivepsviluppo\prjs\cpi win clima\versione_10\3D\form\filedialog.pas","libreriagenerale","C:\DOCUMENTI\bmsistemi\drivepsviluppo\prjs\cpi win clima\versione_10\comuni\libreriagenerale.pas"
"Tubazioni","C:\DOCUMENTI\bmsistemi\drivepsviluppo\prjs\cpi win clima\versione_10\3D\form\filedialog.pas","selectdir","C:\DOCUMENTI\bmsistemi\drivepsviluppo\prjs\cpi win clima\versione_10\3D\form\Selectdir.pas"
"Tubazioni","C:\DOCUMENTI\bmsistemi\drivepsviluppo\prjs\cpi win clima\versione_10\3D\form\Generatore3D.pas","sceltaA","C:\DOCUMENTI\bmsistemi\drivepsviluppo\prjs\cpi win clima\versione_10\libreriedatabase\SceltaA.pas"
"Tubazioni","C:\DOCUMENTI\bmsistemi\drivepsviluppo\prjs\cpi win clima\versione_10\3D\form\Generatori3D.pas","dbtables","C:\DOCUMENTI\sd\sorgenti\bm-sd\componenti\kbmmem\bdenew\DbTables.pas"
"Tubazioni","C:\DOCUMENTI\bmsistemi\drivepsviluppo\prjs\cpi win clima\versione_10\3D\form\Generatori3D.pas","edificio3d","C:\DOCUMENTI\bmsistemi\drivepsviluppo\prjs\cpi win clima\versione_10\3D\form\Edificio3D.pas"
"Tubazioni","C:\DOCUMENTI\bmsistemi\drivepsviluppo\prjs\cpi win clima\versione_10\3D\form\Generatori3D.pas","gest_form","C:\DOCUMENTI\sd\sorgenti\bm-sd\librerie_generali\Gest_form.pas"
"Tubazioni","C:\DOCUMENTI\bmsistemi\drivepsviluppo\prjs\cpi win clima\versione_10\3D\form\Generatori3D.pas","libreriagenerale","C:\DOCUMENTI\bmsistemi\drivepsviluppo\prjs\cpi win clima\versione_10\comuni\libreriagenerale.pas"
"Tubazioni","C:\DOCUMENTI\bmsistemi\drivepsviluppo\prjs\cpi win clima\versione_10\3D\form\Generatori3D.pas","sceltaA","C:\DOCUMENTI\bmsistemi\drivepsviluppo\prjs\cpi win clima\versione_10\libreriedatabase\SceltaA.pas"
"Tubazioni","C:\DOCUMENTI\bmsistemi\drivepsviluppo\prjs\cpi win clima\versione_10\3D\form\Impianti3D.pas","dbtables","C:\DOCUMENTI\sd\sorgenti\bm-sd\componenti\kbmmem\bdenew\DbTables.pas"
"Tubazioni","C:\DOCUMENTI\bmsistemi\drivepsviluppo\prjs\cpi win clima\versione_10\3D\form\Impianti3D.pas","generatori3D","C:\DOCUMENTI\bmsistemi\drivepsviluppo\prjs\cpi win clima\versione_10\3D\form\Generatori3D.pas"
"Tubazioni","C:\DOCUMENTI\bmsistemi\drivepsviluppo\prjs\cpi win clima\versione_10\3D\form\Impianti3D.pas","gest_form","C:\DOCUMENTI\sd\sorgenti\bm-sd\librerie_generali\Gest_form.pas"
"Tubazioni","C:\DOCUMENTI\bmsistemi\drivepsviluppo\prjs\cpi win clima\versione_10\3D\form\Impianti3D.pas","libreriagenerale","C:\DOCUMENTI\bmsistemi\drivepsviluppo\prjs\cpi win clima\versione_10\comuni\libreriagenerale.pas"
"Tubazioni","C:\DOCUMENTI\bmsistemi\drivepsviluppo\prjs\cpi win clima\versione_10\3D\form\Piani3d.pas","gest_form","C:\DOCUMENTI\sd\sorgenti\bm-sd\librerie_generali\Gest_form.pas"
"Tubazioni","C:\DOCUMENTI\bmsistemi\drivepsviluppo\prjs\cpi win clima\versione_10\3D\form\Piani3d.pas","varcarichi","C:\DOCUMENTI\bmsistemi\drivepsviluppo\prjs\cpi win clima\versione_10\CARICHI\varcarichi.pas"
"Tubazioni","C:\DOCUMENTI\bmsistemi\drivepsviluppo\prjs\cpi win clima\versione_10\3D\form\Reti3D.pas","Gest_Form","C:\DOCUMENTI\sd\sorgenti\bm-sd\librerie_generali\Gest_form.pas"
"Tubazioni","C:\DOCUMENTI\bmsistemi\drivepsviluppo\prjs\cpi win clima\versione_10\3D\form\Reti3D.pas","gestudb","C:\DOCUMENTI\bmsistemi\drivepsviluppo\prjs\cpi win clima\versione_10\libreriedatabase\gestudb.pas"
"Tubazioni","C:\DOCUMENTI\bmsistemi\drivepsviluppo\prjs\cpi win clima\versione_10\3D\form\Reti3D.pas","libreriagenerale","C:\DOCUMENTI\bmsistemi\drivepsviluppo\prjs\cpi win clima\versione_10\comuni\libreriagenerale.pas"
"Tubazioni","C:\DOCUMENTI\bmsistemi\drivepsviluppo\prjs\cpi win clima\versione_10\3D\form\Reti3D.pas","tipirete","C:\DOCUMENTI\bmsistemi\drivepsviluppo\prjs\cpi win clima\versione_10\3D\form\tipirete.pas"
"Tubazioni","C:\DOCUMENTI\bmsistemi\drivepsviluppo\prjs\cpi win clima\versione_10\3D\form\Reti3D.pas","utility_dll","C:\DOCUMENTI\sd\sorgenti\bm-sd\librerie_generali\Utility_dll.pas"
"Tubazioni","C:\DOCUMENTI\bmsistemi\drivepsviluppo\prjs\cpi win clima\versione_10\3D\form\Reti3D.pas","varcarichi","C:\DOCUMENTI\bmsistemi\drivepsviluppo\prjs\cpi win clima\versione_10\CARICHI\varcarichi.pas"
"Tubazioni","C:\DOCUMENTI\bmsistemi\drivepsviluppo\prjs\cpi win clima\versione_10\3D\form\Selectdir.pas","libreriagenerale","C:\DOCUMENTI\bmsistemi\drivepsviluppo\prjs\cpi win clima\versione_10\comuni\libreriagenerale.pas"
"Tubazioni","C:\DOCUMENTI\bmsistemi\drivepsviluppo\prjs\cpi win clima\versione_10\3D\form\Terminali3d.pas","gest_form","C:\DOCUMENTI\sd\sorgenti\bm-sd\librerie_generali\Gest_form.pas"
"Tubazioni","C:\DOCUMENTI\bmsistemi\drivepsviluppo\prjs\cpi win clima\versione_10\3D\form\tipirete.pas","Gest_form","C:\DOCUMENTI\sd\sorgenti\bm-sd\librerie_generali\Gest_form.pas"
"Tubazioni","C:\DOCUMENTI\bmsistemi\drivepsviluppo\prjs\cpi win clima\versione_10\3D\form\tipirete.pas","varcarichi","C:\DOCUMENTI\bmsistemi\drivepsviluppo\prjs\cpi win clima\versione_10\CARICHI\varcarichi.pas"
"Tubazioni","C:\DOCUMENTI\bmsistemi\drivepsviluppo\prjs\cpi win clima\versione_10\3D\form\tratti_rete3d.pas","definiz","C:\DOCUMENTI\bmsistemi\drivepsviluppo\prjs\cpi win clima\versione_10\Tubi\definiz.pas"
"Tubazioni","C:\DOCUMENTI\bmsistemi\drivepsviluppo\prjs\cpi win clima\versione_10\3D\form\tratti_rete3d.pas","Libreriagenerale","C:\DOCUMENTI\bmsistemi\drivepsviluppo\prjs\cpi win clima\versione_10\comuni\libreriagenerale.pas"
"Tubazioni","C:\DOCUMENTI\bmsistemi\drivepsviluppo\prjs\cpi win clima\versione_10\3D\form\Zone3D.pas","dbtables","C:\DOCUMENTI\sd\sorgenti\bm-sd\componenti\kbmmem\bdenew\DbTables.pas"
"Tubazioni","C:\DOCUMENTI\bmsistemi\drivepsviluppo\prjs\cpi win clima\versione_10\3D\form\Zone3D.pas","generatori3D","C:\DOCUMENTI\bmsistemi\drivepsviluppo\prjs\cpi win clima\versione_10\3D\form\Generatori3D.pas"
"Tubazioni","C:\DOCUMENTI\bmsistemi\drivepsviluppo\prjs\cpi win clima\versione_10\3D\form\Zone3D.pas","gest_form","C:\DOCUMENTI\sd\sorgenti\bm-sd\librerie_generali\Gest_form.pas"
"Tubazioni","C:\DOCUMENTI\bmsistemi\drivepsviluppo\prjs\cpi win clima\versione_10\3D\form\Zone3D.pas","libreriagenerale","C:\DOCUMENTI\bmsistemi\drivepsviluppo\prjs\cpi win clima\versione_10\comuni\libreriagenerale.pas"
"Tubazioni","C:\DOCUMENTI\bmsistemi\drivepsviluppo\prjs\cpi win clima\versione_10\3D\Funz_reti.pas","angoli","C:\DOCUMENTI\bmsistemi\drivepsviluppo\prjs\cpi win clima\versione_10\Tubi\Angoli.pas"
"Tubazioni","C:\DOCUMENTI\bmsistemi\drivepsviluppo\prjs\cpi win clima\versione_10\3D\Funz_reti.pas","calcolo_tubi","C:\DOCUMENTI\bmsistemi\drivepsviluppo\prjs\cpi win clima\versione_10\Tubi\Calcolo_Tubi.pas"
"Tubazioni","C:\DOCUMENTI\bmsistemi\drivepsviluppo\prjs\cpi win clima\versione_10\3D\Funz_reti.pas","config_var","C:\DOCUMENTI\bmsistemi\drivepsviluppo\prjs\cpi win clima\versione_10\3D\Config_Var.pas"
"Tubazioni","C:\DOCUMENTI\bmsistemi\drivepsviluppo\prjs\cpi win clima\versione_10\3D\Funz_reti.pas","CopiaLetturadisegno3d","C:\DOCUMENTI\bmsistemi\drivepsviluppo\prjs\cpi win clima\versione_10\3D\copialetturadisegno3d.pas"
"Tubazioni","C:\DOCUMENTI\bmsistemi\drivepsviluppo\prjs\cpi win clima\versione_10\3D\Funz_reti.pas","copiaUCaricadati","C:\DOCUMENTI\bmsistemi\drivepsviluppo\prjs\cpi win clima\versione_10\3D\copiaUCaricadati.pas"
"Tubazioni","C:\DOCUMENTI\bmsistemi\drivepsviluppo\prjs\cpi win clima\versione_10\3D\Funz_reti.pas","CreaDXFEdificio","C:\DOCUMENTI\bmsistemi\drivepsviluppo\prjs\cpi win clima\versione_10\3D\CreaDxfEdificio.pas"
"Tubazioni","C:\DOCUMENTI\bmsistemi\drivepsviluppo\prjs\cpi win clima\versione_10\3D\Funz_reti.pas","dbtables","C:\DOCUMENTI\sd\sorgenti\bm-sd\componenti\kbmmem\bdenew\DbTables.pas"
"Tubazioni","C:\DOCUMENTI\bmsistemi\drivepsviluppo\prjs\cpi win clima\versione_10\3D\Funz_reti.pas","definiz","C:\DOCUMENTI\bmsistemi\drivepsviluppo\prjs\cpi win clima\versione_10\Tubi\definiz.pas"
"Tubazioni","C:\DOCUMENTI\bmsistemi\drivepsviluppo\prjs\cpi win clima\versione_10\3D\Funz_reti.pas","dxf_in_out","C:\DOCUMENTI\bmsistemi\drivepsviluppo\prjs\cpi win clima\versione_10\comuni\Grafica\dxf_in_out.pas"
"Tubazioni","C:\DOCUMENTI\bmsistemi\drivepsviluppo\prjs\cpi win clima\versione_10\3D\Funz_reti.pas","gestdim","C:\DOCUMENTI\bmsistemi\drivepsviluppo\prjs\cpi win clima\versione_10\3D\GestDim.pas"
"Tubazioni","C:\DOCUMENTI\bmsistemi\drivepsviluppo\prjs\cpi win clima\versione_10\3D\Funz_reti.pas","grafica2d","C:\DOCUMENTI\bmsistemi\drivepsviluppo\prjs\cpi win clima\versione_10\3D\grafica2d.pas"
"Tubazioni","C:\DOCUMENTI\bmsistemi\drivepsviluppo\prjs\cpi win clima\versione_10\3D\Funz_reti.pas","impterm","C:\DOCUMENTI\bmsistemi\drivepsviluppo\prjs\cpi win clima\versione_10\Tubi\impterm.pas"
"Tubazioni","C:\DOCUMENTI\bmsistemi\drivepsviluppo\prjs\cpi win clima\versione_10\3D\Funz_reti.pas","init_cad3d","C:\DOCUMENTI\bmsistemi\drivepsviluppo\prjs\cpi win clima\versione_10\3D\Init_cad3D.pas"
"Tubazioni","C:\DOCUMENTI\bmsistemi\drivepsviluppo\prjs\cpi win clima\versione_10\3D\Funz_reti.pas","InitPunt_Tubi","C:\DOCUMENTI\bmsistemi\drivepsviluppo\prjs\cpi win clima\versione_10\Tubi\InitPunt_Tubi.pas"
"Tubazioni","C:\DOCUMENTI\bmsistemi\drivepsviluppo\prjs\cpi win clima\versione_10\3D\Funz_reti.pas","leggidxf","C:\DOCUMENTI\bmsistemi\drivepsviluppo\prjs\cpi win clima\versione_10\3D\leggidxf.pas"
"Tubazioni","C:\DOCUMENTI\bmsistemi\drivepsviluppo\prjs\cpi win clima\versione_10\3D\Funz_reti.pas","libreriagenerale","C:\DOCUMENTI\bmsistemi\drivepsviluppo\prjs\cpi win clima\versione_10\comuni\libreriagenerale.pas"
"Tubazioni","C:\DOCUMENTI\bmsistemi\drivepsviluppo\prjs\cpi win clima\versione_10\3D\Funz_reti.pas","mess_reti","C:\DOCUMENTI\bmsistemi\drivepsviluppo\prjs\cpi win clima\versione_10\3D\Mess_reti.pas"
"Tubazioni","C:\DOCUMENTI\bmsistemi\drivepsviluppo\prjs\cpi win clima\versione_10\3D\Funz_reti.pas","OutDXFBM","C:\DOCUMENTI\bmsistemi\drivepsviluppo\prjs\cpi win clima\versione_10\Tubi\OutDXFBM.pas"
"Tubazioni","C:\DOCUMENTI\bmsistemi\drivepsviluppo\prjs\cpi win clima\versione_10\3D\Funz_reti.pas","pannelli","C:\DOCUMENTI\bmsistemi\drivepsviluppo\prjs\cpi win clima\versione_10\Tubi\Pannelli.pas"
"Tubazioni","C:\DOCUMENTI\bmsistemi\drivepsviluppo\prjs\cpi win clima\versione_10\3D\Funz_reti.pas","ritornodxf","C:\DOCUMENTI\bmsistemi\drivepsviluppo\prjs\cpi win clima\versione_10\Tubi\RITORNODXF.pas"
"Tubazioni","C:\DOCUMENTI\bmsistemi\drivepsviluppo\prjs\cpi win clima\versione_10\3D\Funz_reti.pas","ucalcolareti","C:\DOCUMENTI\sd\sorgenti\bm-sd\CANALI\UCalcolareti.pas"
"Tubazioni","C:\DOCUMENTI\bmsistemi\drivepsviluppo\prjs\cpi win clima\versione_10\3D\Funz_reti.pas","UGrafodxf","C:\DOCUMENTI\bmsistemi\drivepsviluppo\prjs\cpi win clima\versione_10\Tubi\UGrafoDXF.pas"
"Tubazioni","C:\DOCUMENTI\bmsistemi\drivepsviluppo\prjs\cpi win clima\versione_10\3D\Funz_reti.pas","Ustampe","C:\DOCUMENTI\bmsistemi\drivepsviluppo\prjs\cpi win clima\versione_10\Tubi\UStampe.pas"
"Tubazioni","C:\DOCUMENTI\bmsistemi\drivepsviluppo\prjs\cpi win clima\versione_10\3D\Funz_reti.pas","utireport","C:\DOCUMENTI\bmsistemi\drivepsviluppo\prjs\cpi win clima\versione_10\comuni\report\Utireport.pas"
"Tubazioni","C:\DOCUMENTI\bmsistemi\drivepsviluppo\prjs\cpi win clima\versione_10\3D\Funz_reti.pas","varcarichi","C:\DOCUMENTI\bmsistemi\drivepsviluppo\prjs\cpi win clima\versione_10\CARICHI\varcarichi.pas"
"Tubazioni","C:\DOCUMENTI\bmsistemi\drivepsviluppo\prjs\cpi win clima\versione_10\3D\GestDim.pas","angoli","C:\DOCUMENTI\bmsistemi\drivepsviluppo\prjs\cpi win clima\versione_10\Tubi\Angoli.pas"
"Tubazioni","C:\DOCUMENTI\bmsistemi\drivepsviluppo\prjs\cpi win clima\versione_10\3D\GestDim.pas","Dxf_in_out","C:\DOCUMENTI\bmsistemi\drivepsviluppo\prjs\cpi win clima\versione_10\comuni\Grafica\dxf_in_out.pas"
"Tubazioni","C:\DOCUMENTI\bmsistemi\drivepsviluppo\prjs\cpi win clima\versione_10\3D\GestDim.pas","libreriagenerale","C:\DOCUMENTI\bmsistemi\drivepsviluppo\prjs\cpi win clima\versione_10\comuni\libreriagenerale.pas"
"Tubazioni","C:\DOCUMENTI\bmsistemi\drivepsviluppo\prjs\cpi win clima\versione_10\3D\GestDim.pas","Varcarichi","C:\DOCUMENTI\bmsistemi\drivepsviluppo\prjs\cpi win clima\versione_10\CARICHI\varcarichi.pas"
"Tubazioni","C:\DOCUMENTI\bmsistemi\drivepsviluppo\prjs\cpi win clima\versione_10\3D\gesterrori.pas","CopiaLetturadisegno3d","C:\DOCUMENTI\bmsistemi\drivepsviluppo\prjs\cpi win clima\versione_10\3D\copialetturadisegno3d.pas"
"Tubazioni","C:\DOCUMENTI\bmsistemi\drivepsviluppo\prjs\cpi win clima\versione_10\3D\gesterrori.pas","grafica2d","C:\DOCUMENTI\bmsistemi\drivepsviluppo\prjs\cpi win clima\versione_10\3D\grafica2d.pas"
"Tubazioni","C:\DOCUMENTI\bmsistemi\drivepsviluppo\prjs\cpi win clima\versione_10\3D\gesterrori.pas","libreriagenerale","C:\DOCUMENTI\bmsistemi\drivepsviluppo\prjs\cpi win clima\versione_10\comuni\libreriagenerale.pas"
"Tubazioni","C:\DOCUMENTI\bmsistemi\drivepsviluppo\prjs\cpi win clima\versione_10\3D\gesterrori.pas","u3dsd","C:\DOCUMENTI\bmsistemi\drivepsviluppo\prjs\cpi win clima\versione_10\3D\U3dsd.pas"
"Tubazioni","C:\DOCUMENTI\bmsistemi\drivepsviluppo\prjs\cpi win clima\versione_10\3D\gestione_dati.pas","gestudb","C:\DOCUMENTI\bmsistemi\drivepsviluppo\prjs\cpi win clima\versione_10\libreriedatabase\gestudb.pas"
"Tubazioni","C:\DOCUMENTI\bmsistemi\drivepsviluppo\prjs\cpi win clima\versione_10\3D\gestione_dati.pas","libreriagenerale","C:\DOCUMENTI\bmsistemi\drivepsviluppo\prjs\cpi win clima\versione_10\comuni\libreriagenerale.pas"
"Tubazioni","C:\DOCUMENTI\bmsistemi\drivepsviluppo\prjs\cpi win clima\versione_10\3D\gestione_dati.pas","varcarichi","C:\DOCUMENTI\bmsistemi\drivepsviluppo\prjs\cpi win clima\versione_10\CARICHI\varcarichi.pas"
"Tubazioni","C:\DOCUMENTI\bmsistemi\drivepsviluppo\prjs\cpi win clima\versione_10\3D\grafica2d.pas","copialetturadisegno3d","C:\DOCUMENTI\bmsistemi\drivepsviluppo\prjs\cpi win clima\versione_10\3D\copialetturadisegno3d.pas"
"Tubazioni","C:\DOCUMENTI\bmsistemi\drivepsviluppo\prjs\cpi win clima\versione_10\3D\grafica2d.pas","Definiz","C:\DOCUMENTI\bmsistemi\drivepsviluppo\prjs\cpi win clima\versione_10\Tubi\definiz.pas"
"Tubazioni","C:\DOCUMENTI\bmsistemi\drivepsviluppo\prjs\cpi win clima\versione_10\3D\grafica2d.pas","init_cad3d","C:\DOCUMENTI\bmsistemi\drivepsviluppo\prjs\cpi win clima\versione_10\3D\Init_cad3D.pas"
"Tubazioni","C:\DOCUMENTI\bmsistemi\drivepsviluppo\prjs\cpi win clima\versione_10\3D\grafica2d.pas","libreriagenerale","C:\DOCUMENTI\bmsistemi\drivepsviluppo\prjs\cpi win clima\versione_10\comuni\libreriagenerale.pas"
"Tubazioni","C:\DOCUMENTI\bmsistemi\drivepsviluppo\prjs\cpi win clima\versione_10\3D\grafica2d.pas","Tool_Visualizza3d","C:\DOCUMENTI\bmsistemi\drivepsviluppo\prjs\cpi win clima\versione_10\3D\Tool_visualizza3d.pas"
"Tubazioni","C:\DOCUMENTI\bmsistemi\drivepsviluppo\prjs\cpi win clima\versione_10\3D\grafica2d.pas","u3dsd","C:\DOCUMENTI\bmsistemi\drivepsviluppo\prjs\cpi win clima\versione_10\3D\U3dsd.pas"
"Tubazioni","C:\DOCUMENTI\bmsistemi\drivepsviluppo\prjs\cpi win clima\versione_10\3D\Init_cad3D.pas","cambiaelab","C:\DOCUMENTI\bmsistemi\drivepsviluppo\prjs\cpi win clima\versione_10\3D\form\Cambiaelab.pas"
"Tubazioni","C:\DOCUMENTI\bmsistemi\drivepsviluppo\prjs\cpi win clima\versione_10\3D\Init_cad3D.pas","colore_pareti","C:\DOCUMENTI\bmsistemi\drivepsviluppo\prjs\cpi win clima\versione_10\3D\temp\semplificate\colore_pareti.pas"
"Tubazioni","C:\DOCUMENTI\bmsistemi\drivepsviluppo\prjs\cpi win clima\versione_10\3D\Init_cad3D.pas","config_var","C:\DOCUMENTI\bmsistemi\drivepsviluppo\prjs\cpi win clima\versione_10\3D\Config_Var.pas"
"Tubazioni","C:\DOCUMENTI\bmsistemi\drivepsviluppo\prjs\cpi win clima\versione_10\3D\Init_cad3D.pas","confineparete3d","C:\DOCUMENTI\bmsistemi\drivepsviluppo\prjs\cpi win clima\versione_10\3D\form\Confineparete3D.pas"
"Tubazioni","C:\DOCUMENTI\bmsistemi\drivepsviluppo\prjs\cpi win clima\versione_10\3D\Init_cad3D.pas","copialetturadisegno3d","C:\DOCUMENTI\bmsistemi\drivepsviluppo\prjs\cpi win clima\versione_10\3D\copialetturadisegno3d.pas"
"Tubazioni","C:\DOCUMENTI\bmsistemi\drivepsviluppo\prjs\cpi win clima\versione_10\3D\Init_cad3D.pas","CreaDxfEdificio","C:\DOCUMENTI\bmsistemi\drivepsviluppo\prjs\cpi win clima\versione_10\3D\CreaDxfEdificio.pas"
"Tubazioni","C:\DOCUMENTI\bmsistemi\drivepsviluppo\prjs\cpi win clima\versione_10\3D\Init_cad3D.pas","dbtables","C:\DOCUMENTI\sd\sorgenti\bm-sd\componenti\kbmmem\bdenew\DbTables.pas"
"Tubazioni","C:\DOCUMENTI\bmsistemi\drivepsviluppo\prjs\cpi win clima\versione_10\3D\Init_cad3D.pas","Dxf_in_out","C:\DOCUMENTI\bmsistemi\drivepsviluppo\prjs\cpi win clima\versione_10\comuni\Grafica\dxf_in_out.pas"
"Tubazioni","C:\DOCUMENTI\bmsistemi\drivepsviluppo\prjs\cpi win clima\versione_10\3D\Init_cad3D.pas","Errori3d","C:\DOCUMENTI\bmsistemi\drivepsviluppo\prjs\cpi win clima\versione_10\3D\form\Errori3D.pas"
"Tubazioni","C:\DOCUMENTI\bmsistemi\drivepsviluppo\prjs\cpi win clima\versione_10\3D\Init_cad3D.pas","Falde3D","C:\DOCUMENTI\bmsistemi\drivepsviluppo\prjs\cpi win clima\versione_10\3D\form\Falde3D.pas"
"Tubazioni","C:\DOCUMENTI\bmsistemi\drivepsviluppo\prjs\cpi win clima\versione_10\3D\Init_cad3D.pas","Fasi_progetto","C:\DOCUMENTI\bmsistemi\drivepsviluppo\prjs\cpi win clima\versione_10\3D\Fasi_progetto.pas"
"Tubazioni","C:\DOCUMENTI\bmsistemi\drivepsviluppo\prjs\cpi win clima\versione_10\3D\Init_cad3D.pas","filedialog","C:\DOCUMENTI\bmsistemi\drivepsviluppo\prjs\cpi win clima\versione_10\3D\form\filedialog.pas"
"Tubazioni","C:\DOCUMENTI\bmsistemi\drivepsviluppo\prjs\cpi win clima\versione_10\3D\Init_cad3D.pas","Funz_reti","C:\DOCUMENTI\bmsistemi\drivepsviluppo\prjs\cpi win clima\versione_10\3D\Funz_reti.pas"
"Tubazioni","C:\DOCUMENTI\bmsistemi\drivepsviluppo\prjs\cpi win clima\versione_10\3D\Init_cad3D.pas","Generatori3D","C:\DOCUMENTI\bmsistemi\drivepsviluppo\prjs\cpi win clima\versione_10\3D\form\Generatori3D.pas"
"Tubazioni","C:\DOCUMENTI\bmsistemi\drivepsviluppo\prjs\cpi win clima\versione_10\3D\Init_cad3D.pas","gest_form","C:\DOCUMENTI\sd\sorgenti\bm-sd\librerie_generali\Gest_form.pas"
"Tubazioni","C:\DOCUMENTI\bmsistemi\drivepsviluppo\prjs\cpi win clima\versione_10\3D\Init_cad3D.pas","gesterrori","C:\DOCUMENTI\bmsistemi\drivepsviluppo\prjs\cpi win clima\versione_10\3D\gesterrori.pas"
"Tubazioni","C:\DOCUMENTI\bmsistemi\drivepsviluppo\prjs\cpi win clima\versione_10\3D\Init_cad3D.pas","Gestione_dati","C:\DOCUMENTI\bmsistemi\drivepsviluppo\prjs\cpi win clima\versione_10\3D\gestione_dati.pas"
"Tubazioni","C:\DOCUMENTI\bmsistemi\drivepsviluppo\prjs\cpi win clima\versione_10\3D\Init_cad3D.pas","gestudb","C:\DOCUMENTI\bmsistemi\drivepsviluppo\prjs\cpi win clima\versione_10\libreriedatabase\gestudb.pas"
"Tubazioni","C:\DOCUMENTI\bmsistemi\drivepsviluppo\prjs\cpi win clima\versione_10\3D\Init_cad3D.pas","grafica2d","C:\DOCUMENTI\bmsistemi\drivepsviluppo\prjs\cpi win clima\versione_10\3D\grafica2d.pas"
"Tubazioni","C:\DOCUMENTI\bmsistemi\drivepsviluppo\prjs\cpi win clima\versione_10\3D\Init_cad3D.pas","Impianti3D","C:\DOCUMENTI\bmsistemi\drivepsviluppo\prjs\cpi win clima\versione_10\3D\form\Impianti3D.pas"
"Tubazioni","C:\DOCUMENTI\bmsistemi\drivepsviluppo\prjs\cpi win clima\versione_10\3D\Init_cad3D.pas","init_l10","C:\DOCUMENTI\bmsistemi\drivepsviluppo\prjs\cpi win clima\versione_10\3D\init_l10.pas"
"Tubazioni","C:\DOCUMENTI\bmsistemi\drivepsviluppo\prjs\cpi win clima\versione_10\3D\Init_cad3D.pas","initestivo","C:\DOCUMENTI\bmsistemi\drivepsviluppo\prjs\cpi win clima\versione_10\3D\InitEstivo.pas"
"Tubazioni","C:\DOCUMENTI\bmsistemi\drivepsviluppo\prjs\cpi win clima\versione_10\3D\Init_cad3D.pas","Interf3D_reti","C:\DOCUMENTI\bmsistemi\drivepsviluppo\prjs\cpi win clima\versione_10\Tubi\Interf3d_reti.pas"
"Tubazioni","C:\DOCUMENTI\bmsistemi\drivepsviluppo\prjs\cpi win clima\versione_10\3D\Init_cad3D.pas","interfdll","C:\DOCUMENTI\sd\sorgenti\bm-sd\projectbrowser\InterfDLL.pas"
"Tubazioni","C:\DOCUMENTI\bmsistemi\drivepsviluppo\prjs\cpi win clima\versione_10\3D\Init_cad3D.pas","libreriagenerale","C:\DOCUMENTI\bmsistemi\drivepsviluppo\prjs\cpi win clima\versione_10\comuni\libreriagenerale.pas"
"Tubazioni","C:\DOCUMENTI\bmsistemi\drivepsviluppo\prjs\cpi win clima\versione_10\3D\Init_cad3D.pas","progress3d","C:\DOCUMENTI\bmsistemi\drivepsviluppo\prjs\cpi win clima\versione_10\3D\progress3D.pas"
"Tubazioni","C:\DOCUMENTI\bmsistemi\drivepsviluppo\prjs\cpi win clima\versione_10\3D\Init_cad3D.pas","secondario","C:\DOCUMENTI\bmsistemi\drivepsviluppo\prjs\cpi win clima\versione_10\3D\Secondario.pas"
"Tubazioni","C:\DOCUMENTI\bmsistemi\drivepsviluppo\prjs\cpi win clima\versione_10\3D\Init_cad3D.pas","setta_config_User","C:\DOCUMENTI\bmsistemi\drivepsviluppo\prjs\cpi win clima\versione_10\3D\setta_config_User.pas"
"Tubazioni","C:\DOCUMENTI\bmsistemi\drivepsviluppo\prjs\cpi win clima\versione_10\3D\Init_cad3D.pas","U3dsd","C:\DOCUMENTI\bmsistemi\drivepsviluppo\prjs\cpi win clima\versione_10\3D\U3dsd.pas"
"Tubazioni","C:\DOCUMENTI\bmsistemi\drivepsviluppo\prjs\cpi win clima\versione_10\3D\Init_cad3D.pas","Ugest_cad","C:\DOCUMENTI\bmsistemi\drivepsviluppo\prjs\cpi win clima\versione_10\3D\Ugest_cad.pas"
"Tubazioni","C:\DOCUMENTI\bmsistemi\drivepsviluppo\prjs\cpi win clima\versione_10\3D\Init_cad3D.pas","UinitGeneral","C:\DOCUMENTI\bmsistemi\drivepsviluppo\prjs\cpi win clima\versione_10\3D\UinitGeneral.pas"
"Tubazioni","C:\DOCUMENTI\bmsistemi\drivepsviluppo\prjs\cpi win clima\versione_10\3D\Init_cad3D.pas","UOpen_filemulti","C:\DOCUMENTI\bmsistemi\drivepsviluppo\prjs\cpi win clima\versione_10\libreriedatabase\UOpen_fileMulti.pas"
"Tubazioni","C:\DOCUMENTI\bmsistemi\drivepsviluppo\prjs\cpi win clima\versione_10\3D\Init_cad3D.pas","varcarichi","C:\DOCUMENTI\bmsistemi\drivepsviluppo\prjs\cpi win clima\versione_10\CARICHI\varcarichi.pas"
"Tubazioni","C:\DOCUMENTI\bmsistemi\drivepsviluppo\prjs\cpi win clima\versione_10\3D\Init_cad3D.pas","Zone3D","C:\DOCUMENTI\bmsistemi\drivepsviluppo\prjs\cpi win clima\versione_10\3D\form\Zone3D.pas"
"Tubazioni","C:\DOCUMENTI\bmsistemi\drivepsviluppo\prjs\cpi win clima\versione_10\3D\init_l10.pas","gestione_dati","C:\DOCUMENTI\bmsistemi\drivepsviluppo\prjs\cpi win clima\versione_10\3D\gestione_dati.pas"
"Tubazioni","C:\DOCUMENTI\bmsistemi\drivepsviluppo\prjs\cpi win clima\versione_10\3D\init_l10.pas","gestudb","C:\DOCUMENTI\bmsistemi\drivepsviluppo\prjs\cpi win clima\versione_10\libreriedatabase\gestudb.pas"
"Tubazioni","C:\DOCUMENTI\bmsistemi\drivepsviluppo\prjs\cpi win clima\versione_10\3D\init_l10.pas","init_Cad3d","C:\DOCUMENTI\bmsistemi\drivepsviluppo\prjs\cpi win clima\versione_10\3D\Init_cad3D.pas"
"Tubazioni","C:\DOCUMENTI\bmsistemi\drivepsviluppo\prjs\cpi win clima\versione_10\3D\init_l10.pas","libreriagenerale","C:\DOCUMENTI\bmsistemi\drivepsviluppo\prjs\cpi win clima\versione_10\comuni\libreriagenerale.pas"
"Tubazioni","C:\DOCUMENTI\bmsistemi\drivepsviluppo\prjs\cpi win clima\versione_10\3D\init_l10.pas","progress3d","C:\DOCUMENTI\bmsistemi\drivepsviluppo\prjs\cpi win clima\versione_10\3D\progress3D.pas"
"Tubazioni","C:\DOCUMENTI\bmsistemi\drivepsviluppo\prjs\cpi win clima\versione_10\3D\init_l10.pas","u3dsd","C:\DOCUMENTI\bmsistemi\drivepsviluppo\prjs\cpi win clima\versione_10\3D\U3dsd.pas"
"Tubazioni","C:\DOCUMENTI\bmsistemi\drivepsviluppo\prjs\cpi win clima\versione_10\3D\init_l10.pas","uInizializza","C:\DOCUMENTI\bmsistemi\drivepsviluppo\prjs\cpi win clima\versione_10\CARICHI\calcoli\Legge10\UInizializza.pas"
"Tubazioni","C:\DOCUMENTI\bmsistemi\drivepsviluppo\prjs\cpi win clima\versione_10\3D\init_l10.pas","Uvariabili","C:\DOCUMENTI\bmsistemi\drivepsviluppo\prjs\cpi win clima\versione_10\CARICHI\calcoli\Legge10\Uvariabili.pas"
"Tubazioni","C:\DOCUMENTI\bmsistemi\drivepsviluppo\prjs\cpi win clima\versione_10\3D\init_l10.pas","varcarichi","C:\DOCUMENTI\bmsistemi\drivepsviluppo\prjs\cpi win clima\versione_10\CARICHI\varcarichi.pas"
"Tubazioni","C:\DOCUMENTI\bmsistemi\drivepsviluppo\prjs\cpi win clima\versione_10\3D\InitEstivo.pas","UmessaggiCarichi","C:\DOCUMENTI\bmsistemi\drivepsviluppo\prjs\cpi win clima\versione_10\CARICHI\UMessaggiCarichi.pas"
"Tubazioni","C:\DOCUMENTI\bmsistemi\drivepsviluppo\prjs\cpi win clima\versione_10\3D\InitEstivo.pas","Varcarichi","C:\DOCUMENTI\bmsistemi\drivepsviluppo\prjs\cpi win clima\versione_10\CARICHI\varcarichi.pas"
"Tubazioni","C:\DOCUMENTI\bmsistemi\drivepsviluppo\prjs\cpi win clima\versione_10\3D\InitEstivo.pas","Varcarichi_estivo_14","C:\DOCUMENTI\bmsistemi\drivepsviluppo\prjs\cpi win clima\versione_10\CARICHI\Varcarichi_estivo_14.pas"
"Tubazioni","C:\DOCUMENTI\bmsistemi\drivepsviluppo\prjs\cpi win clima\versione_10\3D\Inport_climaenergia.pas","angoli","C:\DOCUMENTI\bmsistemi\drivepsviluppo\prjs\cpi win clima\versione_10\Tubi\Angoli.pas"
"Tubazioni","C:\DOCUMENTI\bmsistemi\drivepsviluppo\prjs\cpi win clima\versione_10\3D\Inport_climaenergia.pas","dxf_in_out","C:\DOCUMENTI\bmsistemi\drivepsviluppo\prjs\cpi win clima\versione_10\comuni\Grafica\dxf_in_out.pas"
"Tubazioni","C:\DOCUMENTI\bmsistemi\drivepsviluppo\prjs\cpi win clima\versione_10\3D\Inport_climaenergia.pas","grafica2d","C:\DOCUMENTI\bmsistemi\drivepsviluppo\prjs\cpi win clima\versione_10\3D\grafica2d.pas"
"Tubazioni","C:\DOCUMENTI\bmsistemi\drivepsviluppo\prjs\cpi win clima\versione_10\3D\Inport_climaenergia.pas","init_cad3d","C:\DOCUMENTI\bmsistemi\drivepsviluppo\prjs\cpi win clima\versione_10\3D\Init_cad3D.pas"
"Tubazioni","C:\DOCUMENTI\bmsistemi\drivepsviluppo\prjs\cpi win clima\versione_10\3D\Inport_climaenergia.pas","letturainmemoria","C:\DOCUMENTI\bmsistemi\drivepsviluppo\prjs\cpi win clima\versione_10\3D\LetturaInMemoria.pas"
"Tubazioni","C:\DOCUMENTI\bmsistemi\drivepsviluppo\prjs\cpi win clima\versione_10\3D\Inport_climaenergia.pas","libreriagenerale","C:\DOCUMENTI\bmsistemi\drivepsviluppo\prjs\cpi win clima\versione_10\comuni\libreriagenerale.pas"
"Tubazioni","C:\DOCUMENTI\bmsistemi\drivepsviluppo\prjs\cpi win clima\versione_10\3D\Inport_climaenergia.pas","varcarichi","C:\DOCUMENTI\bmsistemi\drivepsviluppo\prjs\cpi win clima\versione_10\CARICHI\varcarichi.pas"
"Tubazioni","C:\DOCUMENTI\bmsistemi\drivepsviluppo\prjs\cpi win clima\versione_10\3D\leggidxf.pas","definiz","C:\DOCUMENTI\bmsistemi\drivepsviluppo\prjs\cpi win clima\versione_10\Tubi\definiz.pas"
"Tubazioni","C:\DOCUMENTI\bmsistemi\drivepsviluppo\prjs\cpi win clima\versione_10\3D\leggidxf.pas","dxf_In_Out","C:\DOCUMENTI\bmsistemi\drivepsviluppo\prjs\cpi win clima\versione_10\comuni\Grafica\dxf_in_out.pas"
"Tubazioni","C:\DOCUMENTI\bmsistemi\drivepsviluppo\prjs\cpi win clima\versione_10\3D\leggidxf.pas","gestdim","C:\DOCUMENTI\bmsistemi\drivepsviluppo\prjs\cpi win clima\versione_10\3D\GestDim.pas"
"Tubazioni","C:\DOCUMENTI\bmsistemi\drivepsviluppo\prjs\cpi win clima\versione_10\3D\leggidxf.pas","libreriagenerale","C:\DOCUMENTI\bmsistemi\drivepsviluppo\prjs\cpi win clima\versione_10\comuni\libreriagenerale.pas"
"Tubazioni","C:\DOCUMENTI\bmsistemi\drivepsviluppo\prjs\cpi win clima\versione_10\3D\leggidxf.pas","OutDXFBM","C:\DOCUMENTI\bmsistemi\drivepsviluppo\prjs\cpi win clima\versione_10\Tubi\OutDXFBM.pas"
"Tubazioni","C:\DOCUMENTI\bmsistemi\drivepsviluppo\prjs\cpi win clima\versione_10\3D\LetturaInMemoria.pas","angoli","C:\DOCUMENTI\bmsistemi\drivepsviluppo\prjs\cpi win clima\versione_10\Tubi\Angoli.pas"
"Tubazioni","C:\DOCUMENTI\bmsistemi\drivepsviluppo\prjs\cpi win clima\versione_10\3D\LetturaInMemoria.pas","chiedilicenza","C:\DOCUMENTI\sd\sorgenti\bm-sd\gestioneclienti\chiedilicenza.pas"
"Tubazioni","C:\DOCUMENTI\bmsistemi\drivepsviluppo\prjs\cpi win clima\versione_10\3D\LetturaInMemoria.pas","config_var","C:\DOCUMENTI\bmsistemi\drivepsviluppo\prjs\cpi win clima\versione_10\3D\Config_Var.pas"
"Tubazioni","C:\DOCUMENTI\bmsistemi\drivepsviluppo\prjs\cpi win clima\versione_10\3D\LetturaInMemoria.pas","copiacaricatabelle","C:\DOCUMENTI\bmsistemi\drivepsviluppo\prjs\cpi win clima\versione_10\3D\CopiaCaricatabelle.pas"
"Tubazioni","C:\DOCUMENTI\bmsistemi\drivepsviluppo\prjs\cpi win clima\versione_10\3D\LetturaInMemoria.pas","copialetturadisegno3d","C:\DOCUMENTI\bmsistemi\drivepsviluppo\prjs\cpi win clima\versione_10\3D\copialetturadisegno3d.pas"
"Tubazioni","C:\DOCUMENTI\bmsistemi\drivepsviluppo\prjs\cpi win clima\versione_10\3D\LetturaInMemoria.pas","creaDxfEdificio","C:\DOCUMENTI\bmsistemi\drivepsviluppo\prjs\cpi win clima\versione_10\3D\CreaDxfEdificio.pas"
"Tubazioni","C:\DOCUMENTI\bmsistemi\drivepsviluppo\prjs\cpi win clima\versione_10\3D\LetturaInMemoria.pas","disedificio","C:\DOCUMENTI\bmsistemi\drivepsviluppo\prjs\cpi win clima\versione_10\3D\disedificio.pas"
"Tubazioni","C:\DOCUMENTI\bmsistemi\drivepsviluppo\prjs\cpi win clima\versione_10\3D\LetturaInMemoria.pas","Dxf_in_out","C:\DOCUMENTI\bmsistemi\drivepsviluppo\prjs\cpi win clima\versione_10\comuni\Grafica\dxf_in_out.pas"
"Tubazioni","C:\DOCUMENTI\bmsistemi\drivepsviluppo\prjs\cpi win clima\versione_10\3D\LetturaInMemoria.pas","funz_reti","C:\DOCUMENTI\bmsistemi\drivepsviluppo\prjs\cpi win clima\versione_10\3D\Funz_reti.pas"
"Tubazioni","C:\DOCUMENTI\bmsistemi\drivepsviluppo\prjs\cpi win clima\versione_10\3D\LetturaInMemoria.pas","gestudb","C:\DOCUMENTI\bmsistemi\drivepsviluppo\prjs\cpi win clima\versione_10\libreriedatabase\gestudb.pas"
"Tubazioni","C:\DOCUMENTI\bmsistemi\drivepsviluppo\prjs\cpi win clima\versione_10\3D\LetturaInMemoria.pas","grafica2d","C:\DOCUMENTI\bmsistemi\drivepsviluppo\prjs\cpi win clima\versione_10\3D\grafica2d.pas"
"Tubazioni","C:\DOCUMENTI\bmsistemi\drivepsviluppo\prjs\cpi win clima\versione_10\3D\LetturaInMemoria.pas","init_cad3d","C:\DOCUMENTI\bmsistemi\drivepsviluppo\prjs\cpi win clima\versione_10\3D\Init_cad3D.pas"
"Tubazioni","C:\DOCUMENTI\bmsistemi\drivepsviluppo\prjs\cpi win clima\versione_10\3D\LetturaInMemoria.pas","libreriagenerale","C:\DOCUMENTI\bmsistemi\drivepsviluppo\prjs\cpi win clima\versione_10\comuni\libreriagenerale.pas"
"Tubazioni","C:\DOCUMENTI\bmsistemi\drivepsviluppo\prjs\cpi win clima\versione_10\3D\LetturaInMemoria.pas","progress3d","C:\DOCUMENTI\bmsistemi\drivepsviluppo\prjs\cpi win clima\versione_10\3D\progress3D.pas"
"Tubazioni","C:\DOCUMENTI\bmsistemi\drivepsviluppo\prjs\cpi win clima\versione_10\3D\LetturaInMemoria.pas","setta_config_user","C:\DOCUMENTI\bmsistemi\drivepsviluppo\prjs\cpi win clima\versione_10\3D\setta_config_User.pas"
"Tubazioni","C:\DOCUMENTI\bmsistemi\drivepsviluppo\prjs\cpi win clima\versione_10\3D\LetturaInMemoria.pas","u3dsd","C:\DOCUMENTI\bmsistemi\drivepsviluppo\prjs\cpi win clima\versione_10\3D\U3dsd.pas"
"Tubazioni","C:\DOCUMENTI\bmsistemi\drivepsviluppo\prjs\cpi win clima\versione_10\3D\LetturaInMemoria.pas","ugrafodxf","C:\DOCUMENTI\bmsistemi\drivepsviluppo\prjs\cpi win clima\versione_10\Tubi\UGrafoDXF.pas"
"Tubazioni","C:\DOCUMENTI\bmsistemi\drivepsviluppo\prjs\cpi win clima\versione_10\3D\LetturaInMemoria.pas","UOpen_fileMulti","C:\DOCUMENTI\bmsistemi\drivepsviluppo\prjs\cpi win clima\versione_10\libreriedatabase\UOpen_fileMulti.pas"
"Tubazioni","C:\DOCUMENTI\bmsistemi\drivepsviluppo\prjs\cpi win clima\versione_10\3D\LetturaInMemoria.pas","varcarichi","C:\DOCUMENTI\bmsistemi\drivepsviluppo\prjs\cpi win clima\versione_10\CARICHI\varcarichi.pas"
"Tubazioni","C:\DOCUMENTI\bmsistemi\drivepsviluppo\prjs\cpi win clima\versione_10\3D\Log.pas","libreriagenerale","C:\DOCUMENTI\bmsistemi\drivepsviluppo\prjs\cpi win clima\versione_10\comuni\libreriagenerale.pas"
"Tubazioni","C:\DOCUMENTI\bmsistemi\drivepsviluppo\prjs\cpi win clima\versione_10\3D\progress3D.pas","libreriagenerale","C:\DOCUMENTI\bmsistemi\drivepsviluppo\prjs\cpi win clima\versione_10\comuni\libreriagenerale.pas"
"Tubazioni","C:\DOCUMENTI\bmsistemi\drivepsviluppo\prjs\cpi win clima\versione_10\3D\Secondario.pas","config_var","C:\DOCUMENTI\bmsistemi\drivepsviluppo\prjs\cpi win clima\versione_10\3D\Config_Var.pas"
"Tubazioni","C:\DOCUMENTI\bmsistemi\drivepsviluppo\prjs\cpi win clima\versione_10\3D\Secondario.pas","u3dsd","C:\DOCUMENTI\bmsistemi\drivepsviluppo\prjs\cpi win clima\versione_10\3D\U3dsd.pas"
"Tubazioni","C:\DOCUMENTI\bmsistemi\drivepsviluppo\prjs\cpi win clima\versione_10\3D\setta_config_User.pas","config_var","C:\DOCUMENTI\bmsistemi\drivepsviluppo\prjs\cpi win clima\versione_10\3D\Config_Var.pas"
"Tubazioni","C:\DOCUMENTI\bmsistemi\drivepsviluppo\prjs\cpi win clima\versione_10\3D\setta_config_User.pas","filedialog","C:\DOCUMENTI\bmsistemi\drivepsviluppo\prjs\cpi win clima\versione_10\3D\form\filedialog.pas"
"Tubazioni","C:\DOCUMENTI\bmsistemi\drivepsviluppo\prjs\cpi win clima\versione_10\3D\setta_config_User.pas","grafica2D","C:\DOCUMENTI\bmsistemi\drivepsviluppo\prjs\cpi win clima\versione_10\3D\grafica2d.pas"
"Tubazioni","C:\DOCUMENTI\bmsistemi\drivepsviluppo\prjs\cpi win clima\versione_10\3D\setta_config_User.pas","init_Cad3d","C:\DOCUMENTI\bmsistemi\drivepsviluppo\prjs\cpi win clima\versione_10\3D\Init_cad3D.pas"
"Tubazioni","C:\DOCUMENTI\bmsistemi\drivepsviluppo\prjs\cpi win clima\versione_10\3D\setta_config_User.pas","libreriagenerale","C:\DOCUMENTI\bmsistemi\drivepsviluppo\prjs\cpi win clima\versione_10\comuni\libreriagenerale.pas"
"Tubazioni","C:\DOCUMENTI\bmsistemi\drivepsviluppo\prjs\cpi win clima\versione_10\3D\setta_config_User.pas","u3dsd","C:\DOCUMENTI\bmsistemi\drivepsviluppo\prjs\cpi win clima\versione_10\3D\U3dsd.pas"
"Tubazioni","C:\DOCUMENTI\bmsistemi\drivepsviluppo\prjs\cpi win clima\versione_10\3D\Tool_visualizza3d.pas","grafica2d","C:\DOCUMENTI\bmsistemi\drivepsviluppo\prjs\cpi win clima\versione_10\3D\grafica2d.pas"
"Tubazioni","C:\DOCUMENTI\bmsistemi\drivepsviluppo\prjs\cpi win clima\versione_10\3D\U3dsd.pas","archpers3d","C:\DOCUMENTI\bmsistemi\drivepsviluppo\prjs\cpi win clima\versione_10\3D\form\Archpers3D.pas"
"Tubazioni","C:\DOCUMENTI\bmsistemi\drivepsviluppo\prjs\cpi win clima\versione_10\3D\U3dsd.pas","Carburanti3D","C:\DOCUMENTI\bmsistemi\drivepsviluppo\prjs\cpi win clima\versione_10\3D\form\Carburanti3D.pas"
"Tubazioni","C:\DOCUMENTI\bmsistemi\drivepsviluppo\prjs\cpi win clima\versione_10\3D\U3dsd.pas","chiamateoggetti","C:\DOCUMENTI\bmsistemi\drivepsviluppo\prjs\cpi win clima\versione_10\3D\chiamateOggetti.pas"
"Tubazioni","C:\DOCUMENTI\bmsistemi\drivepsviluppo\prjs\cpi win clima\versione_10\3D\U3dsd.pas","chiedilicenza","C:\DOCUMENTI\sd\sorgenti\bm-sd\gestioneclienti\chiedilicenza.pas"
"Tubazioni","C:\DOCUMENTI\bmsistemi\drivepsviluppo\prjs\cpi win clima\versione_10\3D\U3dsd.pas","compila_form_database","C:\DOCUMENTI\bmsistemi\drivepsviluppo\prjs\cpi win clima\versione_10\3D\compila_form_database.pas"
"Tubazioni","C:\DOCUMENTI\bmsistemi\drivepsviluppo\prjs\cpi win clima\versione_10\3D\U3dsd.pas","conferma3d","C:\DOCUMENTI\bmsistemi\drivepsviluppo\prjs\cpi win clima\versione_10\3D\form\Conferma3d.pas"
"Tubazioni","C:\DOCUMENTI\bmsistemi\drivepsviluppo\prjs\cpi win clima\versione_10\3D\U3dsd.pas","config_var","C:\DOCUMENTI\bmsistemi\drivepsviluppo\prjs\cpi win clima\versione_10\3D\Config_Var.pas"
"Tubazioni","C:\DOCUMENTI\bmsistemi\drivepsviluppo\prjs\cpi win clima\versione_10\3D\U3dsd.pas","CopiaLetturadisegno3d","C:\DOCUMENTI\bmsistemi\drivepsviluppo\prjs\cpi win clima\versione_10\3D\copialetturadisegno3d.pas"
"Tubazioni","C:\DOCUMENTI\bmsistemi\drivepsviluppo\prjs\cpi win clima\versione_10\3D\U3dsd.pas","datilicenza","C:\DOCUMENTI\sd\sorgenti\bm-sd\gestioneclienti\DatiLicenza.pas"
"Tubazioni","C:\DOCUMENTI\bmsistemi\drivepsviluppo\prjs\cpi win clima\versione_10\3D\U3dsd.pas","DBTables","C:\DOCUMENTI\sd\sorgenti\bm-sd\componenti\kbmmem\bdenew\DbTables.pas"
"Tubazioni","C:\DOCUMENTI\bmsistemi\drivepsviluppo\prjs\cpi win clima\versione_10\3D\U3dsd.pas","disedificio","C:\DOCUMENTI\bmsistemi\drivepsviluppo\prjs\cpi win clima\versione_10\3D\disedificio.pas"
"Tubazioni","C:\DOCUMENTI\bmsistemi\drivepsviluppo\prjs\cpi win clima\versione_10\3D\U3dsd.pas","dxf_in_out","C:\DOCUMENTI\bmsistemi\drivepsviluppo\prjs\cpi win clima\versione_10\comuni\Grafica\dxf_in_out.pas"
"Tubazioni","C:\DOCUMENTI\bmsistemi\drivepsviluppo\prjs\cpi win clima\versione_10\3D\U3dsd.pas","Edificio3D","C:\DOCUMENTI\bmsistemi\drivepsviluppo\prjs\cpi win clima\versione_10\3D\form\Edificio3D.pas"
"Tubazioni","C:\DOCUMENTI\bmsistemi\drivepsviluppo\prjs\cpi win clima\versione_10\3D\U3dsd.pas","falde3d","C:\DOCUMENTI\bmsistemi\drivepsviluppo\prjs\cpi win clima\versione_10\3D\form\Falde3D.pas"
"Tubazioni","C:\DOCUMENTI\bmsistemi\drivepsviluppo\prjs\cpi win clima\versione_10\3D\U3dsd.pas","fasi_progetto","C:\DOCUMENTI\bmsistemi\drivepsviluppo\prjs\cpi win clima\versione_10\3D\Fasi_progetto.pas"
"Tubazioni","C:\DOCUMENTI\bmsistemi\drivepsviluppo\prjs\cpi win clima\versione_10\3D\U3dsd.pas","fconsigli","C:\DOCUMENTI\bmsistemi\drivepsviluppo\prjs\cpi win clima\versione_10\3D\Fconsigli.pas"
"Tubazioni","C:\DOCUMENTI\bmsistemi\drivepsviluppo\prjs\cpi win clima\versione_10\3D\U3dsd.pas","filedialog","C:\DOCUMENTI\bmsistemi\drivepsviluppo\prjs\cpi win clima\versione_10\3D\form\filedialog.pas"
"Tubazioni","C:\DOCUMENTI\bmsistemi\drivepsviluppo\prjs\cpi win clima\versione_10\3D\U3dsd.pas","Funz_reti","C:\DOCUMENTI\bmsistemi\drivepsviluppo\prjs\cpi win clima\versione_10\3D\Funz_reti.pas"
"Tubazioni","C:\DOCUMENTI\bmsistemi\drivepsviluppo\prjs\cpi win clima\versione_10\3D\U3dsd.pas","gesterrori","C:\DOCUMENTI\bmsistemi\drivepsviluppo\prjs\cpi win clima\versione_10\3D\gesterrori.pas"
"Tubazioni","C:\DOCUMENTI\bmsistemi\drivepsviluppo\prjs\cpi win clima\versione_10\3D\U3dsd.pas","gestudb","C:\DOCUMENTI\bmsistemi\drivepsviluppo\prjs\cpi win clima\versione_10\libreriedatabase\gestudb.pas"
"Tubazioni","C:\DOCUMENTI\bmsistemi\drivepsviluppo\prjs\cpi win clima\versione_10\3D\U3dsd.pas","grafica2d","C:\DOCUMENTI\bmsistemi\drivepsviluppo\prjs\cpi win clima\versione_10\3D\grafica2d.pas"
"Tubazioni","C:\DOCUMENTI\bmsistemi\drivepsviluppo\prjs\cpi win clima\versione_10\3D\U3dsd.pas","init_cad3d","C:\DOCUMENTI\bmsistemi\drivepsviluppo\prjs\cpi win clima\versione_10\3D\Init_cad3D.pas"
"Tubazioni","C:\DOCUMENTI\bmsistemi\drivepsviluppo\prjs\cpi win clima\versione_10\3D\U3dsd.pas","init_l10","C:\DOCUMENTI\bmsistemi\drivepsviluppo\prjs\cpi win clima\versione_10\3D\init_l10.pas"
"Tubazioni","C:\DOCUMENTI\bmsistemi\drivepsviluppo\prjs\cpi win clima\versione_10\3D\U3dsd.pas","Interf3D_reti","C:\DOCUMENTI\bmsistemi\drivepsviluppo\prjs\cpi win clima\versione_10\Tubi\Interf3d_reti.pas"
"Tubazioni","C:\DOCUMENTI\bmsistemi\drivepsviluppo\prjs\cpi win clima\versione_10\3D\U3dsd.pas","interfDLL","C:\DOCUMENTI\sd\sorgenti\bm-sd\projectbrowser\InterfDLL.pas"
"Tubazioni","C:\DOCUMENTI\bmsistemi\drivepsviluppo\prjs\cpi win clima\versione_10\3D\U3dsd.pas","libreriagenerale","C:\DOCUMENTI\bmsistemi\drivepsviluppo\prjs\cpi win clima\versione_10\comuni\libreriagenerale.pas"
"Tubazioni","C:\DOCUMENTI\bmsistemi\drivepsviluppo\prjs\cpi win clima\versione_10\3D\U3dsd.pas","progress3D","C:\DOCUMENTI\bmsistemi\drivepsviluppo\prjs\cpi win clima\versione_10\3D\progress3D.pas"
"Tubazioni","C:\DOCUMENTI\bmsistemi\drivepsviluppo\prjs\cpi win clima\versione_10\3D\U3dsd.pas","sceltaA","C:\DOCUMENTI\bmsistemi\drivepsviluppo\prjs\cpi win clima\versione_10\libreriedatabase\SceltaA.pas"
"Tubazioni","C:\DOCUMENTI\bmsistemi\drivepsviluppo\prjs\cpi win clima\versione_10\3D\U3dsd.pas","secondario","C:\DOCUMENTI\bmsistemi\drivepsviluppo\prjs\cpi win clima\versione_10\3D\Secondario.pas"
"Tubazioni","C:\DOCUMENTI\bmsistemi\drivepsviluppo\prjs\cpi win clima\versione_10\3D\U3dsd.pas","selectdir","C:\DOCUMENTI\bmsistemi\drivepsviluppo\prjs\cpi win clima\versione_10\3D\form\Selectdir.pas"
"Tubazioni","C:\DOCUMENTI\bmsistemi\drivepsviluppo\prjs\cpi win clima\versione_10\3D\U3dsd.pas","setta_config_user","C:\DOCUMENTI\bmsistemi\drivepsviluppo\prjs\cpi win clima\versione_10\3D\setta_config_User.pas"
"Tubazioni","C:\DOCUMENTI\bmsistemi\drivepsviluppo\prjs\cpi win clima\versione_10\3D\U3dsd.pas","tratti_rete3d","C:\DOCUMENTI\bmsistemi\drivepsviluppo\prjs\cpi win clima\versione_10\3D\form\tratti_rete3d.pas"
"Tubazioni","C:\DOCUMENTI\bmsistemi\drivepsviluppo\prjs\cpi win clima\versione_10\3D\U3dsd.pas","varcarichi","C:\DOCUMENTI\bmsistemi\drivepsviluppo\prjs\cpi win clima\versione_10\CARICHI\varcarichi.pas"
"Tubazioni","C:\DOCUMENTI\bmsistemi\drivepsviluppo\prjs\cpi win clima\versione_10\3D\U3dsd.pas","variabili3d","C:\DOCUMENTI\sd\sorgenti\bm-sd\3dsd\variabili3d.pas"
"Tubazioni","C:\DOCUMENTI\bmsistemi\drivepsviluppo\prjs\cpi win clima\versione_10\3D\U3dsd.pas","visreportlocali","C:\DOCUMENTI\bmsistemi\drivepsviluppo\prjs\cpi win clima\versione_10\3D\visreportlocali.pas"
"Tubazioni","C:\DOCUMENTI\bmsistemi\drivepsviluppo\prjs\cpi win clima\versione_10\3D\U3dsdridotto.pas","chiamateoggetti","C:\DOCUMENTI\bmsistemi\drivepsviluppo\prjs\cpi win clima\versione_10\3D\chiamateOggetti.pas"
"Tubazioni","C:\DOCUMENTI\bmsistemi\drivepsviluppo\prjs\cpi win clima\versione_10\3D\U3dsdridotto.pas","disedificio","C:\DOCUMENTI\bmsistemi\drivepsviluppo\prjs\cpi win clima\versione_10\3D\disedificio.pas"
"Tubazioni","C:\DOCUMENTI\bmsistemi\drivepsviluppo\prjs\cpi win clima\versione_10\3D\U3dsdridotto.pas","libreriagenerale","C:\DOCUMENTI\bmsistemi\drivepsviluppo\prjs\cpi win clima\versione_10\comuni\libreriagenerale.pas"
"Tubazioni","C:\DOCUMENTI\bmsistemi\drivepsviluppo\prjs\cpi win clima\versione_10\3D\U3dsdridotto.pas","variabili3d","C:\DOCUMENTI\sd\sorgenti\bm-sd\3dsd\variabili3d.pas"
"Tubazioni","C:\DOCUMENTI\bmsistemi\drivepsviluppo\prjs\cpi win clima\versione_10\3D\Ugest_cad.pas","config_var","C:\DOCUMENTI\bmsistemi\drivepsviluppo\prjs\cpi win clima\versione_10\3D\Config_Var.pas"
"Tubazioni","C:\DOCUMENTI\bmsistemi\drivepsviluppo\prjs\cpi win clima\versione_10\3D\Ugest_cad.pas","init_cad3d","C:\DOCUMENTI\bmsistemi\drivepsviluppo\prjs\cpi win clima\versione_10\3D\Init_cad3D.pas"
"Tubazioni","C:\DOCUMENTI\bmsistemi\drivepsviluppo\prjs\cpi win clima\versione_10\3D\Ugest_cad.pas","interfdll","C:\DOCUMENTI\sd\sorgenti\bm-sd\projectbrowser\InterfDLL.pas"
"Tubazioni","C:\DOCUMENTI\bmsistemi\drivepsviluppo\prjs\cpi win clima\versione_10\3D\Ugest_cad.pas","libreriagenerale","C:\DOCUMENTI\bmsistemi\drivepsviluppo\prjs\cpi win clima\versione_10\comuni\libreriagenerale.pas"
"Tubazioni","C:\DOCUMENTI\bmsistemi\drivepsviluppo\prjs\cpi win clima\versione_10\3D\Ugest_cad.pas","u3dsd","C:\DOCUMENTI\bmsistemi\drivepsviluppo\prjs\cpi win clima\versione_10\3D\U3dsd.pas"
"Tubazioni","C:\DOCUMENTI\bmsistemi\drivepsviluppo\prjs\cpi win clima\versione_10\3D\UinitGeneral.pas","libreriagenerale","C:\DOCUMENTI\bmsistemi\drivepsviluppo\prjs\cpi win clima\versione_10\comuni\libreriagenerale.pas"
"Tubazioni","C:\DOCUMENTI\bmsistemi\drivepsviluppo\prjs\cpi win clima\versione_10\3D\UinitGeneral.pas","Uchiamatedll","C:\DOCUMENTI\bmsistemi\drivepsviluppo\prjs\cpi win clima\versione_10\ChiamateDLL\Uchiamatedll.pas"
"Tubazioni","C:\DOCUMENTI\bmsistemi\drivepsviluppo\prjs\cpi win clima\versione_10\3D\UnitCompilaDatiZona.pas","varcarichi","C:\DOCUMENTI\bmsistemi\drivepsviluppo\prjs\cpi win clima\versione_10\CARICHI\varcarichi.pas"
"Tubazioni","C:\DOCUMENTI\bmsistemi\drivepsviluppo\prjs\cpi win clima\versione_10\3D\visreportlocali.pas","definiz","C:\DOCUMENTI\bmsistemi\drivepsviluppo\prjs\cpi win clima\versione_10\Tubi\definiz.pas"
"Tubazioni","C:\DOCUMENTI\bmsistemi\drivepsviluppo\prjs\cpi win clima\versione_10\3D\visreportlocali.pas","libreriagenerale","C:\DOCUMENTI\bmsistemi\drivepsviluppo\prjs\cpi win clima\versione_10\comuni\libreriagenerale.pas"
"Tubazioni","C:\DOCUMENTI\bmsistemi\drivepsviluppo\prjs\cpi win clima\versione_10\3D\visreportlocali.pas","U3dsd","C:\DOCUMENTI\bmsistemi\drivepsviluppo\prjs\cpi win clima\versione_10\3D\U3dsd.pas"
"Tubazioni","C:\DOCUMENTI\bmsistemi\drivepsviluppo\prjs\cpi win clima\versione_10\allineamento emanuela\CodiciEstivo\Versione_10\CARICHI\calcoli\estivo\copiaLibreriaGenerale.pas","dbtables","C:\DOCUMENTI\sd\sorgenti\bm-sd\componenti\kbmmem\bdenew\DbTables.pas"
"Tubazioni","C:\DOCUMENTI\bmsistemi\drivepsviluppo\prjs\cpi win clima\versione_10\allineamento emanuela\CodiciEstivo\Versione_10\CARICHI\calcoli\estivo\copiaLibreriaGenerale.pas","VariabiliGenerali","C:\DOCUMENTI\bmsistemi\drivepsviluppo\prjs\cpi win clima\versione_10\comuni\VariabiliGenerali.pas"
"Tubazioni","C:\DOCUMENTI\bmsistemi\drivepsviluppo\prjs\cpi win clima\versione_10\CARICHI\calcoli\estivo\Esegui_estivo.pas","caricamento","C:\DOCUMENTI\bmsistemi\drivepsviluppo\prjs\cpi win clima\versione_10\CARICHI\calcoli\estivo\Caricamento.pas"
"Tubazioni","C:\DOCUMENTI\bmsistemi\drivepsviluppo\prjs\cpi win clima\versione_10\CARICHI\calcoli\estivo\Esegui_estivo.pas","diagramma","C:\DOCUMENTI\bmsistemi\drivepsviluppo\prjs\cpi win clima\versione_10\CARICHI\calcoli\estivo\Diagramma.pas"
"Tubazioni","C:\DOCUMENTI\bmsistemi\drivepsviluppo\prjs\cpi win clima\versione_10\CARICHI\calcoli\estivo\Esegui_estivo.pas","UrisultEstivo","C:\DOCUMENTI\bmsistemi\drivepsviluppo\prjs\cpi win clima\versione_10\CARICHI\calcoli\estivo\urisultestivo.pas"
"Tubazioni","C:\DOCUMENTI\bmsistemi\drivepsviluppo\prjs\cpi win clima\versione_10\CARICHI\calcoli\estivo\urisultestivo.pas","DBTables","C:\DOCUMENTI\sd\sorgenti\bm-sd\componenti\kbmmem\bdenew\DbTables.pas"
"Tubazioni","C:\DOCUMENTI\bmsistemi\drivepsviluppo\prjs\cpi win clima\versione_10\CARICHI\calcoli\estivo\urisultestivo.pas","varcarichi","C:\DOCUMENTI\bmsistemi\drivepsviluppo\prjs\cpi win clima\versione_10\CARICHI\varcarichi.pas"
"Tubazioni","C:\DOCUMENTI\bmsistemi\drivepsviluppo\prjs\cpi win clima\versione_10\CARICHI\calcoli\Legge10\calccd.pas","CalcVent","C:\DOCUMENTI\bmsistemi\drivepsviluppo\prjs\cpi win clima\versione_10\CARICHI\calcoli\Legge10\calcvent.pas"
"Tubazioni","C:\DOCUMENTI\bmsistemi\drivepsviluppo\prjs\cpi win clima\versione_10\CARICHI\calcoli\Legge10\calccd.pas","FunzProc1","C:\DOCUMENTI\bmsistemi\drivepsviluppo\prjs\cpi win clima\versione_10\CARICHI\calcoli\Legge10\FunzProc1.pas"
"Tubazioni","C:\DOCUMENTI\bmsistemi\drivepsviluppo\prjs\cpi win clima\versione_10\CARICHI\calcoli\Legge10\calccd.pas","LibreriaGenerale","C:\DOCUMENTI\bmsistemi\drivepsviluppo\prjs\cpi win clima\versione_10\comuni\libreriagenerale.pas"
"Tubazioni","C:\DOCUMENTI\bmsistemi\drivepsviluppo\prjs\cpi win clima\versione_10\CARICHI\calcoli\Legge10\calccd.pas","metod10","C:\DOCUMENTI\bmsistemi\drivepsviluppo\prjs\cpi win clima\versione_10\CARICHI\calcoli\Legge10\metod10.pas"
"Tubazioni","C:\DOCUMENTI\bmsistemi\drivepsviluppo\prjs\cpi win clima\versione_10\CARICHI\calcoli\Legge10\calccd.pas","Procle10","C:\DOCUMENTI\bmsistemi\drivepsviluppo\prjs\cpi win clima\versione_10\CARICHI\calcoli\Legge10\procle10.pas"
"Tubazioni","C:\DOCUMENTI\bmsistemi\drivepsviluppo\prjs\cpi win clima\versione_10\CARICHI\calcoli\Legge10\calccd.pas","UVariabili","C:\DOCUMENTI\bmsistemi\drivepsviluppo\prjs\cpi win clima\versione_10\CARICHI\calcoli\Legge10\Uvariabili.pas"
"Tubazioni","C:\DOCUMENTI\bmsistemi\drivepsviluppo\prjs\cpi win clima\versione_10\CARICHI\calcoli\Legge10\calccd.pas","VarCarichi","C:\DOCUMENTI\bmsistemi\drivepsviluppo\prjs\cpi win clima\versione_10\CARICHI\varcarichi.pas"
"Tubazioni","C:\DOCUMENTI\bmsistemi\drivepsviluppo\prjs\cpi win clima\versione_10\CARICHI\calcoli\Legge10\calcHg.pas","LibreriaGenerale","C:\DOCUMENTI\bmsistemi\drivepsviluppo\prjs\cpi win clima\versione_10\comuni\libreriagenerale.pas"
"Tubazioni","C:\DOCUMENTI\bmsistemi\drivepsviluppo\prjs\cpi win clima\versione_10\CARICHI\calcoli\Legge10\calcHg.pas","Metodl10","C:\DOCUMENTI\bmsistemi\drivepsviluppo\prjs\cpi win clima\versione_10\CARICHI\calcoli\Legge10\metodl10.pas"
"Tubazioni","C:\DOCUMENTI\bmsistemi\drivepsviluppo\prjs\cpi win clima\versione_10\CARICHI\calcoli\Legge10\calcHg.pas","UFunzioniLegge10","C:\DOCUMENTI\bmsistemi\drivepsviluppo\prjs\cpi win clima\versione_10\CARICHI\calcoli\Legge10\uFunzioniLegge10.pas"
"Tubazioni","C:\DOCUMENTI\bmsistemi\drivepsviluppo\prjs\cpi win clima\versione_10\CARICHI\calcoli\Legge10\calcHg.pas","Uvariabili","C:\DOCUMENTI\bmsistemi\drivepsviluppo\prjs\cpi win clima\versione_10\CARICHI\calcoli\Legge10\Uvariabili.pas"
"Tubazioni","C:\DOCUMENTI\bmsistemi\drivepsviluppo\prjs\cpi win clima\versione_10\CARICHI\calcoli\Legge10\calcHg.pas","VarCarichi","C:\DOCUMENTI\bmsistemi\drivepsviluppo\prjs\cpi win clima\versione_10\CARICHI\varcarichi.pas"
"Tubazioni","C:\DOCUMENTI\bmsistemi\drivepsviluppo\prjs\cpi win clima\versione_10\CARICHI\calcoli\Legge10\Calcl10.pas","DBtables","C:\DOCUMENTI\sd\sorgenti\bm-sd\componenti\kbmmem\bdenew\DbTables.pas"
"Tubazioni","C:\DOCUMENTI\bmsistemi\drivepsviluppo\prjs\cpi win clima\versione_10\CARICHI\calcoli\Legge10\Calcl10.pas","FunzProc1","C:\DOCUMENTI\bmsistemi\drivepsviluppo\prjs\cpi win clima\versione_10\CARICHI\calcoli\Legge10\FunzProc1.pas"
"Tubazioni","C:\DOCUMENTI\bmsistemi\drivepsviluppo\prjs\cpi win clima\versione_10\CARICHI\calcoli\Legge10\Calcl10.pas","Libreriagenerale","C:\DOCUMENTI\bmsistemi\drivepsviluppo\prjs\cpi win clima\versione_10\comuni\libreriagenerale.pas"
"Tubazioni","C:\DOCUMENTI\bmsistemi\drivepsviluppo\prjs\cpi win clima\versione_10\CARICHI\calcoli\Legge10\Calcl10.pas","metod10","C:\DOCUMENTI\bmsistemi\drivepsviluppo\prjs\cpi win clima\versione_10\CARICHI\calcoli\Legge10\metod10.pas"
"Tubazioni","C:\DOCUMENTI\bmsistemi\drivepsviluppo\prjs\cpi win clima\versione_10\CARICHI\calcoli\Legge10\Calcl10.pas","metodL10","C:\DOCUMENTI\bmsistemi\drivepsviluppo\prjs\cpi win clima\versione_10\CARICHI\calcoli\Legge10\metodl10.pas"
"Tubazioni","C:\DOCUMENTI\bmsistemi\drivepsviluppo\prjs\cpi win clima\versione_10\CARICHI\calcoli\Legge10\Calcl10.pas","Terreno","C:\DOCUMENTI\bmsistemi\drivepsviluppo\prjs\cpi win clima\versione_10\CARICHI\calcoli\Legge10\Terreno.pas"
"Tubazioni","C:\DOCUMENTI\bmsistemi\drivepsviluppo\prjs\cpi win clima\versione_10\CARICHI\calcoli\Legge10\Calcl10.pas","UFunzioniLegge10","C:\DOCUMENTI\bmsistemi\drivepsviluppo\prjs\cpi win clima\versione_10\CARICHI\calcoli\Legge10\uFunzioniLegge10.pas"
"Tubazioni","C:\DOCUMENTI\bmsistemi\drivepsviluppo\prjs\cpi win clima\versione_10\CARICHI\calcoli\Legge10\Calcl10.pas","Utireport","C:\DOCUMENTI\bmsistemi\drivepsviluppo\prjs\cpi win clima\versione_10\comuni\report\Utireport.pas"
"Tubazioni","C:\DOCUMENTI\bmsistemi\drivepsviluppo\prjs\cpi win clima\versione_10\CARICHI\calcoli\Legge10\Calcl10.pas","Uvariabili","C:\DOCUMENTI\bmsistemi\drivepsviluppo\prjs\cpi win clima\versione_10\CARICHI\calcoli\Legge10\Uvariabili.pas"
"Tubazioni","C:\DOCUMENTI\bmsistemi\drivepsviluppo\prjs\cpi win clima\versione_10\CARICHI\calcoli\Legge10\Calcl10.pas","Varcarichi","C:\DOCUMENTI\bmsistemi\drivepsviluppo\prjs\cpi win clima\versione_10\CARICHI\varcarichi.pas"
"Tubazioni","C:\DOCUMENTI\bmsistemi\drivepsviluppo\prjs\cpi win clima\versione_10\CARICHI\calcoli\Legge10\calcvent.pas","LibreriaGenerale","C:\DOCUMENTI\bmsistemi\drivepsviluppo\prjs\cpi win clima\versione_10\comuni\libreriagenerale.pas"
"Tubazioni","C:\DOCUMENTI\bmsistemi\drivepsviluppo\prjs\cpi win clima\versione_10\CARICHI\calcoli\Legge10\calcvent.pas","metod10","C:\DOCUMENTI\bmsistemi\drivepsviluppo\prjs\cpi win clima\versione_10\CARICHI\calcoli\Legge10\metod10.pas"
"Tubazioni","C:\DOCUMENTI\bmsistemi\drivepsviluppo\prjs\cpi win clima\versione_10\CARICHI\calcoli\Legge10\calcvent.pas","procle13","C:\DOCUMENTI\bmsistemi\drivepsviluppo\prjs\cpi win clima\versione_10\CARICHI\calcoli\Legge10\procle13.pas"
"Tubazioni","C:\DOCUMENTI\bmsistemi\drivepsviluppo\prjs\cpi win clima\versione_10\CARICHI\calcoli\Legge10\calcvent.pas","Utireport","C:\DOCUMENTI\bmsistemi\drivepsviluppo\prjs\cpi win clima\versione_10\comuni\report\Utireport.pas"
"Tubazioni","C:\DOCUMENTI\bmsistemi\drivepsviluppo\prjs\cpi win clima\versione_10\CARICHI\calcoli\Legge10\calcvent.pas","uVariabili","C:\DOCUMENTI\bmsistemi\drivepsviluppo\prjs\cpi win clima\versione_10\CARICHI\calcoli\Legge10\Uvariabili.pas"
"Tubazioni","C:\DOCUMENTI\bmsistemi\drivepsviluppo\prjs\cpi win clima\versione_10\CARICHI\calcoli\Legge10\calcvent.pas","Varcarichi","C:\DOCUMENTI\bmsistemi\drivepsviluppo\prjs\cpi win clima\versione_10\CARICHI\varcarichi.pas"
"Tubazioni","C:\DOCUMENTI\bmsistemi\drivepsviluppo\prjs\cpi win clima\versione_10\CARICHI\calcoli\Legge10\CalkAll.pas","calccd","C:\DOCUMENTI\bmsistemi\drivepsviluppo\prjs\cpi win clima\versione_10\CARICHI\calcoli\Legge10\calccd.pas"
"Tubazioni","C:\DOCUMENTI\bmsistemi\drivepsviluppo\prjs\cpi win clima\versione_10\CARICHI\calcoli\Legge10\CalkAll.pas","calchg","C:\DOCUMENTI\bmsistemi\drivepsviluppo\prjs\cpi win clima\versione_10\CARICHI\calcoli\Legge10\calcHg.pas"
"Tubazioni","C:\DOCUMENTI\bmsistemi\drivepsviluppo\prjs\cpi win clima\versione_10\CARICHI\calcoli\Legge10\CalkAll.pas","LibreriaGenerale","C:\DOCUMENTI\bmsistemi\drivepsviluppo\prjs\cpi win clima\versione_10\comuni\libreriagenerale.pas"
"Tubazioni","C:\DOCUMENTI\bmsistemi\drivepsviluppo\prjs\cpi win clima\versione_10\CARICHI\calcoli\Legge10\CalkAll.pas","metod10","C:\DOCUMENTI\bmsistemi\drivepsviluppo\prjs\cpi win clima\versione_10\CARICHI\calcoli\Legge10\metod10.pas"
"Tubazioni","C:\DOCUMENTI\bmsistemi\drivepsviluppo\prjs\cpi win clima\versione_10\CARICHI\calcoli\Legge10\CalkAll.pas","UVariabili","C:\DOCUMENTI\bmsistemi\drivepsviluppo\prjs\cpi win clima\versione_10\CARICHI\calcoli\Legge10\Uvariabili.pas"
"Tubazioni","C:\DOCUMENTI\bmsistemi\drivepsviluppo\prjs\cpi win clima\versione_10\CARICHI\calcoli\Legge10\CalkAll.pas","Varcarichi","C:\DOCUMENTI\bmsistemi\drivepsviluppo\prjs\cpi win clima\versione_10\CARICHI\varcarichi.pas"
"Tubazioni","C:\DOCUMENTI\bmsistemi\drivepsviluppo\prjs\cpi win clima\versione_10\CARICHI\calcoli\Legge10\Forms_12\Carburanti.pas","dbtables","C:\DOCUMENTI\sd\sorgenti\bm-sd\componenti\kbmmem\bdenew\DbTables.pas"
"Tubazioni","C:\DOCUMENTI\bmsistemi\drivepsviluppo\prjs\cpi win clima\versione_10\CARICHI\calcoli\Legge10\Forms_12\Carburanti.pas","libreriagenerale","C:\DOCUMENTI\bmsistemi\drivepsviluppo\prjs\cpi win clima\versione_10\comuni\libreriagenerale.pas"
"Tubazioni","C:\DOCUMENTI\bmsistemi\drivepsviluppo\prjs\cpi win clima\versione_10\CARICHI\calcoli\Legge10\Forms_12\Risparmio.pas","Carburanti","C:\DOCUMENTI\bmsistemi\drivepsviluppo\prjs\cpi win clima\versione_10\CARICHI\calcoli\Legge10\Forms_12\Carburanti.pas"
"Tubazioni","C:\DOCUMENTI\bmsistemi\drivepsviluppo\prjs\cpi win clima\versione_10\CARICHI\calcoli\Legge10\Forms_12\Risparmio.pas","dbtables","C:\DOCUMENTI\sd\sorgenti\bm-sd\componenti\kbmmem\bdenew\DbTables.pas"
"Tubazioni","C:\DOCUMENTI\bmsistemi\drivepsviluppo\prjs\cpi win clima\versione_10\CARICHI\calcoli\Legge10\Forms_12\Risparmio.pas","libreriagenerale","C:\DOCUMENTI\bmsistemi\drivepsviluppo\prjs\cpi win clima\versione_10\comuni\libreriagenerale.pas"
"Tubazioni","C:\DOCUMENTI\bmsistemi\drivepsviluppo\prjs\cpi win clima\versione_10\CARICHI\calcoli\Legge10\Forms_12\UFormL10.pas","DBTables","C:\DOCUMENTI\sd\sorgenti\bm-sd\componenti\kbmmem\bdenew\DbTables.pas"
"Tubazioni","C:\DOCUMENTI\bmsistemi\drivepsviluppo\prjs\cpi win clima\versione_10\CARICHI\calcoli\Legge10\Forms_12\UFormL10.pas","FMessValLim","C:\DOCUMENTI\bmsistemi\drivepsviluppo\prjs\cpi win clima\versione_10\CARICHI\calcoli\Legge10\Forms_12\FMessValLim.pas"
"Tubazioni","C:\DOCUMENTI\bmsistemi\drivepsviluppo\prjs\cpi win clima\versione_10\CARICHI\calcoli\Legge10\Forms_12\UFormL10.pas","FMessValLim3","C:\DOCUMENTI\bmsistemi\drivepsviluppo\prjs\cpi win clima\versione_10\CARICHI\calcoli\Legge10\Forms_12\FMessValLim3.pas"
"Tubazioni","C:\DOCUMENTI\bmsistemi\drivepsviluppo\prjs\cpi win clima\versione_10\CARICHI\calcoli\Legge10\Forms_12\UFormL10.pas","GestioneGrafico","C:\DOCUMENTI\bmsistemi\drivepsviluppo\prjs\cpi win clima\versione_10\comuni\GestioneGrafico.pas"
"Tubazioni","C:\DOCUMENTI\bmsistemi\drivepsviluppo\prjs\cpi win clima\versione_10\CARICHI\calcoli\Legge10\Forms_12\UFormL10.pas","LibreriaGenerale","C:\DOCUMENTI\bmsistemi\drivepsviluppo\prjs\cpi win clima\versione_10\comuni\libreriagenerale.pas"
"Tubazioni","C:\DOCUMENTI\bmsistemi\drivepsviluppo\prjs\cpi win clima\versione_10\CARICHI\calcoli\Legge10\Forms_12\UFormL10.pas","miglioramenti","C:\DOCUMENTI\sd\sorgenti\bm-sd\consumi\Miglioramenti.pas"
"Tubazioni","C:\DOCUMENTI\bmsistemi\drivepsviluppo\prjs\cpi win clima\versione_10\CARICHI\calcoli\Legge10\Forms_12\UFormL10.pas","Risparmio","C:\DOCUMENTI\bmsistemi\drivepsviluppo\prjs\cpi win clima\versione_10\CARICHI\calcoli\Legge10\Forms_12\Risparmio.pas"
"Tubazioni","C:\DOCUMENTI\bmsistemi\drivepsviluppo\prjs\cpi win clima\versione_10\CARICHI\calcoli\Legge10\Forms_12\UFormL10.pas","UFileLog","C:\DOCUMENTI\bmsistemi\drivepsviluppo\prjs\cpi win clima\versione_10\comuni\report\UFileLog.pas"
"Tubazioni","C:\DOCUMENTI\bmsistemi\drivepsviluppo\prjs\cpi win clima\versione_10\CARICHI\calcoli\Legge10\Forms_12\UFormL10.pas","UInizializza","C:\DOCUMENTI\bmsistemi\drivepsviluppo\prjs\cpi win clima\versione_10\CARICHI\calcoli\Legge10\UInizializza.pas"
"Tubazioni","C:\DOCUMENTI\bmsistemi\drivepsviluppo\prjs\cpi win clima\versione_10\CARICHI\calcoli\Legge10\Forms_12\UFormL10.pas","UmainL10","C:\DOCUMENTI\bmsistemi\drivepsviluppo\prjs\cpi win clima\versione_10\CARICHI\calcoli\Legge10\UmainL10.pas"
"Tubazioni","C:\DOCUMENTI\bmsistemi\drivepsviluppo\prjs\cpi win clima\versione_10\CARICHI\calcoli\Legge10\Forms_12\UFormL10.pas","UtilityGestioneTutor","C:\DOCUMENTI\bmsistemi\drivepsviluppo\prjs\cpi win clima\versione_10\comuni\Tutor\UtilityGestioneTutor.pas"
"Tubazioni","C:\DOCUMENTI\bmsistemi\drivepsviluppo\prjs\cpi win clima\versione_10\CARICHI\calcoli\Legge10\Forms_12\UFormL10.pas","Utireport","C:\DOCUMENTI\bmsistemi\drivepsviluppo\prjs\cpi win clima\versione_10\comuni\report\Utireport.pas"
"Tubazioni","C:\DOCUMENTI\bmsistemi\drivepsviluppo\prjs\cpi win clima\versione_10\CARICHI\calcoli\Legge10\Forms_12\UFormL10.pas","Uvariabili","C:\DOCUMENTI\bmsistemi\drivepsviluppo\prjs\cpi win clima\versione_10\CARICHI\calcoli\Legge10\Uvariabili.pas"
"Tubazioni","C:\DOCUMENTI\bmsistemi\drivepsviluppo\prjs\cpi win clima\versione_10\CARICHI\calcoli\Legge10\Forms_12\UFormL10.pas","UVerifFinestre","C:\DOCUMENTI\bmsistemi\drivepsviluppo\prjs\cpi win clima\versione_10\CARICHI\calcoli\Legge10\Forms_12\UVerifFinestre.pas"
"Tubazioni","C:\DOCUMENTI\bmsistemi\drivepsviluppo\prjs\cpi win clima\versione_10\CARICHI\calcoli\Legge10\Forms_12\UFormL10.pas","UVerifPareti","C:\DOCUMENTI\bmsistemi\drivepsviluppo\prjs\cpi win clima\versione_10\CARICHI\calcoli\Legge10\Forms_12\UVerifPareti.pas"
"Tubazioni","C:\DOCUMENTI\bmsistemi\drivepsviluppo\prjs\cpi win clima\versione_10\CARICHI\calcoli\Legge10\Forms_12\UFormL10.pas","Varcarichi","C:\DOCUMENTI\bmsistemi\drivepsviluppo\prjs\cpi win clima\versione_10\CARICHI\varcarichi.pas"
"Tubazioni","C:\DOCUMENTI\bmsistemi\drivepsviluppo\prjs\cpi win clima\versione_10\CARICHI\calcoli\Legge10\Forms_12\UVerifFinestre.pas","VarCarichi","C:\DOCUMENTI\bmsistemi\drivepsviluppo\prjs\cpi win clima\versione_10\CARICHI\varcarichi.pas"
"Tubazioni","C:\DOCUMENTI\bmsistemi\drivepsviluppo\prjs\cpi win clima\versione_10\CARICHI\calcoli\Legge10\Forms_12\UVerifPareti.pas","DBTables","C:\DOCUMENTI\sd\sorgenti\bm-sd\componenti\kbmmem\bdenew\DbTables.pas"
"Tubazioni","C:\DOCUMENTI\bmsistemi\drivepsviluppo\prjs\cpi win clima\versione_10\CARICHI\calcoli\Legge10\Forms_12\UVerifPareti.pas","VarCarichi","C:\DOCUMENTI\bmsistemi\drivepsviluppo\prjs\cpi win clima\versione_10\CARICHI\varcarichi.pas"
"Tubazioni","C:\DOCUMENTI\bmsistemi\drivepsviluppo\prjs\cpi win clima\versione_10\CARICHI\calcoli\Legge10\FunzProc1.pas","LibreriaGenerale","C:\DOCUMENTI\bmsistemi\drivepsviluppo\prjs\cpi win clima\versione_10\comuni\libreriagenerale.pas"
"Tubazioni","C:\DOCUMENTI\bmsistemi\drivepsviluppo\prjs\cpi win clima\versione_10\CARICHI\calcoli\Legge10\FunzProc1.pas","Metod10","C:\DOCUMENTI\bmsistemi\drivepsviluppo\prjs\cpi win clima\versione_10\CARICHI\calcoli\Legge10\metod10.pas"
"Tubazioni","C:\DOCUMENTI\bmsistemi\drivepsviluppo\prjs\cpi win clima\versione_10\CARICHI\calcoli\Legge10\FunzProc1.pas","utireport","C:\DOCUMENTI\bmsistemi\drivepsviluppo\prjs\cpi win clima\versione_10\comuni\report\Utireport.pas"
"Tubazioni","C:\DOCUMENTI\bmsistemi\drivepsviluppo\prjs\cpi win clima\versione_10\CARICHI\calcoli\Legge10\FunzProc1.pas","UVariabili","C:\DOCUMENTI\bmsistemi\drivepsviluppo\prjs\cpi win clima\versione_10\CARICHI\calcoli\Legge10\Uvariabili.pas"
"Tubazioni","C:\DOCUMENTI\bmsistemi\drivepsviluppo\prjs\cpi win clima\versione_10\CARICHI\calcoli\Legge10\FunzProc1.pas","Varcarichi","C:\DOCUMENTI\bmsistemi\drivepsviluppo\prjs\cpi win clima\versione_10\CARICHI\varcarichi.pas"
"Tubazioni","C:\DOCUMENTI\bmsistemi\drivepsviluppo\prjs\cpi win clima\versione_10\CARICHI\calcoli\Legge10\metod10.pas","FunzProc1","C:\DOCUMENTI\bmsistemi\drivepsviluppo\prjs\cpi win clima\versione_10\CARICHI\calcoli\Legge10\FunzProc1.pas"
"Tubazioni","C:\DOCUMENTI\bmsistemi\drivepsviluppo\prjs\cpi win clima\versione_10\CARICHI\calcoli\Legge10\metod10.pas","LibreriaGenerale","C:\DOCUMENTI\bmsistemi\drivepsviluppo\prjs\cpi win clima\versione_10\comuni\libreriagenerale.pas"
"Tubazioni","C:\DOCUMENTI\bmsistemi\drivepsviluppo\prjs\cpi win clima\versione_10\CARICHI\calcoli\Legge10\metod10.pas","procle10","C:\DOCUMENTI\bmsistemi\drivepsviluppo\prjs\cpi win clima\versione_10\CARICHI\calcoli\Legge10\procle10.pas"
"Tubazioni","C:\DOCUMENTI\bmsistemi\drivepsviluppo\prjs\cpi win clima\versione_10\CARICHI\calcoli\Legge10\metod10.pas","UMessaggiCarichi","C:\DOCUMENTI\bmsistemi\drivepsviluppo\prjs\cpi win clima\versione_10\CARICHI\UMessaggiCarichi.pas"
"Tubazioni","C:\DOCUMENTI\bmsistemi\drivepsviluppo\prjs\cpi win clima\versione_10\CARICHI\calcoli\Legge10\metod10.pas","Uvariabili","C:\DOCUMENTI\bmsistemi\drivepsviluppo\prjs\cpi win clima\versione_10\CARICHI\calcoli\Legge10\Uvariabili.pas"
"Tubazioni","C:\DOCUMENTI\bmsistemi\drivepsviluppo\prjs\cpi win clima\versione_10\CARICHI\calcoli\Legge10\metod10.pas","Varcarichi","C:\DOCUMENTI\bmsistemi\drivepsviluppo\prjs\cpi win clima\versione_10\CARICHI\varcarichi.pas"
"Tubazioni","C:\DOCUMENTI\bmsistemi\drivepsviluppo\prjs\cpi win clima\versione_10\CARICHI\calcoli\Legge10\metodl10.pas","LibreriaGenerale","C:\DOCUMENTI\bmsistemi\drivepsviluppo\prjs\cpi win clima\versione_10\comuni\libreriagenerale.pas"
"Tubazioni","C:\DOCUMENTI\bmsistemi\drivepsviluppo\prjs\cpi win clima\versione_10\CARICHI\calcoli\Legge10\metodl10.pas","Uvariabili","C:\DOCUMENTI\bmsistemi\drivepsviluppo\prjs\cpi win clima\versione_10\CARICHI\calcoli\Legge10\Uvariabili.pas"
"Tubazioni","C:\DOCUMENTI\bmsistemi\drivepsviluppo\prjs\cpi win clima\versione_10\CARICHI\calcoli\Legge10\metodl10.pas","Varcarichi","C:\DOCUMENTI\bmsistemi\drivepsviluppo\prjs\cpi win clima\versione_10\CARICHI\varcarichi.pas"
"Tubazioni","C:\DOCUMENTI\bmsistemi\drivepsviluppo\prjs\cpi win clima\versione_10\CARICHI\calcoli\Legge10\procle10.pas","calccd","C:\DOCUMENTI\bmsistemi\drivepsviluppo\prjs\cpi win clima\versione_10\CARICHI\calcoli\Legge10\calccd.pas"
"Tubazioni","C:\DOCUMENTI\bmsistemi\drivepsviluppo\prjs\cpi win clima\versione_10\CARICHI\calcoli\Legge10\procle10.pas","calcHg","C:\DOCUMENTI\bmsistemi\drivepsviluppo\prjs\cpi win clima\versione_10\CARICHI\calcoli\Legge10\calcHg.pas"
"Tubazioni","C:\DOCUMENTI\bmsistemi\drivepsviluppo\prjs\cpi win clima\versione_10\CARICHI\calcoli\Legge10\procle10.pas","FunzProc1","C:\DOCUMENTI\bmsistemi\drivepsviluppo\prjs\cpi win clima\versione_10\CARICHI\calcoli\Legge10\FunzProc1.pas"
"Tubazioni","C:\DOCUMENTI\bmsistemi\drivepsviluppo\prjs\cpi win clima\versione_10\CARICHI\calcoli\Legge10\procle10.pas","Metod10","C:\DOCUMENTI\bmsistemi\drivepsviluppo\prjs\cpi win clima\versione_10\CARICHI\calcoli\Legge10\metod10.pas"
"Tubazioni","C:\DOCUMENTI\bmsistemi\drivepsviluppo\prjs\cpi win clima\versione_10\CARICHI\calcoli\Legge10\procle10.pas","metodL10","C:\DOCUMENTI\bmsistemi\drivepsviluppo\prjs\cpi win clima\versione_10\CARICHI\calcoli\Legge10\metodl10.pas"
"Tubazioni","C:\DOCUMENTI\bmsistemi\drivepsviluppo\prjs\cpi win clima\versione_10\CARICHI\calcoli\Legge10\procle10.pas","procle13","C:\DOCUMENTI\bmsistemi\drivepsviluppo\prjs\cpi win clima\versione_10\CARICHI\calcoli\Legge10\procle13.pas"
"Tubazioni","C:\DOCUMENTI\bmsistemi\drivepsviluppo\prjs\cpi win clima\versione_10\CARICHI\calcoli\Legge10\procle10.pas","UFunzioniLegge10","C:\DOCUMENTI\bmsistemi\drivepsviluppo\prjs\cpi win clima\versione_10\CARICHI\calcoli\Legge10\uFunzioniLegge10.pas"
"Tubazioni","C:\DOCUMENTI\bmsistemi\drivepsviluppo\prjs\cpi win clima\versione_10\CARICHI\calcoli\Legge10\procle10.pas","Utireport","C:\DOCUMENTI\bmsistemi\drivepsviluppo\prjs\cpi win clima\versione_10\comuni\report\Utireport.pas"
"Tubazioni","C:\DOCUMENTI\bmsistemi\drivepsviluppo\prjs\cpi win clima\versione_10\CARICHI\calcoli\Legge10\procle10.pas","Uvariabili","C:\DOCUMENTI\bmsistemi\drivepsviluppo\prjs\cpi win clima\versione_10\CARICHI\calcoli\Legge10\Uvariabili.pas"
"Tubazioni","C:\DOCUMENTI\bmsistemi\drivepsviluppo\prjs\cpi win clima\versione_10\CARICHI\calcoli\Legge10\procle10.pas","Varcarichi","C:\DOCUMENTI\bmsistemi\drivepsviluppo\prjs\cpi win clima\versione_10\CARICHI\varcarichi.pas"
"Tubazioni","C:\DOCUMENTI\bmsistemi\drivepsviluppo\prjs\cpi win clima\versione_10\CARICHI\calcoli\Legge10\procle11.pas","CalcCD","C:\DOCUMENTI\bmsistemi\drivepsviluppo\prjs\cpi win clima\versione_10\CARICHI\calcoli\Legge10\calccd.pas"
"Tubazioni","C:\DOCUMENTI\bmsistemi\drivepsviluppo\prjs\cpi win clima\versione_10\CARICHI\calcoli\Legge10\procle11.pas","CalcHg","C:\DOCUMENTI\bmsistemi\drivepsviluppo\prjs\cpi win clima\versione_10\CARICHI\calcoli\Legge10\calcHg.pas"
"Tubazioni","C:\DOCUMENTI\bmsistemi\drivepsviluppo\prjs\cpi win clima\versione_10\CARICHI\calcoli\Legge10\procle11.pas","CalkAll","C:\DOCUMENTI\bmsistemi\drivepsviluppo\prjs\cpi win clima\versione_10\CARICHI\calcoli\Legge10\CalkAll.pas"
"Tubazioni","C:\DOCUMENTI\bmsistemi\drivepsviluppo\prjs\cpi win clima\versione_10\CARICHI\calcoli\Legge10\procle11.pas","FunzProc1","C:\DOCUMENTI\bmsistemi\drivepsviluppo\prjs\cpi win clima\versione_10\CARICHI\calcoli\Legge10\FunzProc1.pas"
"Tubazioni","C:\DOCUMENTI\bmsistemi\drivepsviluppo\prjs\cpi win clima\versione_10\CARICHI\calcoli\Legge10\procle11.pas","LibreriaGenerale","C:\DOCUMENTI\bmsistemi\drivepsviluppo\prjs\cpi win clima\versione_10\comuni\libreriagenerale.pas"
"Tubazioni","C:\DOCUMENTI\bmsistemi\drivepsviluppo\prjs\cpi win clima\versione_10\CARICHI\calcoli\Legge10\procle11.pas","metod10","C:\DOCUMENTI\bmsistemi\drivepsviluppo\prjs\cpi win clima\versione_10\CARICHI\calcoli\Legge10\metod10.pas"
"Tubazioni","C:\DOCUMENTI\bmsistemi\drivepsviluppo\prjs\cpi win clima\versione_10\CARICHI\calcoli\Legge10\procle11.pas","MetodL10","C:\DOCUMENTI\bmsistemi\drivepsviluppo\prjs\cpi win clima\versione_10\CARICHI\calcoli\Legge10\metodl10.pas"
"Tubazioni","C:\DOCUMENTI\bmsistemi\drivepsviluppo\prjs\cpi win clima\versione_10\CARICHI\calcoli\Legge10\procle11.pas","procle13","C:\DOCUMENTI\bmsistemi\drivepsviluppo\prjs\cpi win clima\versione_10\CARICHI\calcoli\Legge10\procle13.pas"
"Tubazioni","C:\DOCUMENTI\bmsistemi\drivepsviluppo\prjs\cpi win clima\versione_10\CARICHI\calcoli\Legge10\procle11.pas","UFunzioniLegge10","C:\DOCUMENTI\bmsistemi\drivepsviluppo\prjs\cpi win clima\versione_10\CARICHI\calcoli\Legge10\uFunzioniLegge10.pas"
"Tubazioni","C:\DOCUMENTI\bmsistemi\drivepsviluppo\prjs\cpi win clima\versione_10\CARICHI\calcoli\Legge10\procle11.pas","Utireport","C:\DOCUMENTI\bmsistemi\drivepsviluppo\prjs\cpi win clima\versione_10\comuni\report\Utireport.pas"
"Tubazioni","C:\DOCUMENTI\bmsistemi\drivepsviluppo\prjs\cpi win clima\versione_10\CARICHI\calcoli\Legge10\procle11.pas","UVariabili","C:\DOCUMENTI\bmsistemi\drivepsviluppo\prjs\cpi win clima\versione_10\CARICHI\calcoli\Legge10\Uvariabili.pas"
"Tubazioni","C:\DOCUMENTI\bmsistemi\drivepsviluppo\prjs\cpi win clima\versione_10\CARICHI\calcoli\Legge10\procle11.pas","Varcarichi","C:\DOCUMENTI\bmsistemi\drivepsviluppo\prjs\cpi win clima\versione_10\CARICHI\varcarichi.pas"
"Tubazioni","C:\DOCUMENTI\bmsistemi\drivepsviluppo\prjs\cpi win clima\versione_10\CARICHI\calcoli\Legge10\procle13.pas","FunzProc1","C:\DOCUMENTI\bmsistemi\drivepsviluppo\prjs\cpi win clima\versione_10\CARICHI\calcoli\Legge10\FunzProc1.pas"
"Tubazioni","C:\DOCUMENTI\bmsistemi\drivepsviluppo\prjs\cpi win clima\versione_10\CARICHI\calcoli\Legge10\procle13.pas","LibreriaGenerale","C:\DOCUMENTI\bmsistemi\drivepsviluppo\prjs\cpi win clima\versione_10\comuni\libreriagenerale.pas"
"Tubazioni","C:\DOCUMENTI\bmsistemi\drivepsviluppo\prjs\cpi win clima\versione_10\CARICHI\calcoli\Legge10\procle13.pas","metod10","C:\DOCUMENTI\bmsistemi\drivepsviluppo\prjs\cpi win clima\versione_10\CARICHI\calcoli\Legge10\metod10.pas"
"Tubazioni","C:\DOCUMENTI\bmsistemi\drivepsviluppo\prjs\cpi win clima\versione_10\CARICHI\calcoli\Legge10\procle13.pas","Procle10","C:\DOCUMENTI\bmsistemi\drivepsviluppo\prjs\cpi win clima\versione_10\CARICHI\calcoli\Legge10\procle10.pas"
"Tubazioni","C:\DOCUMENTI\bmsistemi\drivepsviluppo\prjs\cpi win clima\versione_10\CARICHI\calcoli\Legge10\procle13.pas","utireport","C:\DOCUMENTI\bmsistemi\drivepsviluppo\prjs\cpi win clima\versione_10\comuni\report\Utireport.pas"
"Tubazioni","C:\DOCUMENTI\bmsistemi\drivepsviluppo\prjs\cpi win clima\versione_10\CARICHI\calcoli\Legge10\procle13.pas","UVariabili","C:\DOCUMENTI\bmsistemi\drivepsviluppo\prjs\cpi win clima\versione_10\CARICHI\calcoli\Legge10\Uvariabili.pas"
"Tubazioni","C:\DOCUMENTI\bmsistemi\drivepsviluppo\prjs\cpi win clima\versione_10\CARICHI\calcoli\Legge10\procle13.pas","Varcarichi","C:\DOCUMENTI\bmsistemi\drivepsviluppo\prjs\cpi win clima\versione_10\CARICHI\varcarichi.pas"
"Tubazioni","C:\DOCUMENTI\bmsistemi\drivepsviluppo\prjs\cpi win clima\versione_10\CARICHI\calcoli\Legge10\Terreno.pas","libreriagenerale","C:\DOCUMENTI\bmsistemi\drivepsviluppo\prjs\cpi win clima\versione_10\comuni\libreriagenerale.pas"
"Tubazioni","C:\DOCUMENTI\bmsistemi\drivepsviluppo\prjs\cpi win clima\versione_10\CARICHI\calcoli\Legge10\Terreno.pas","metodL10","C:\DOCUMENTI\bmsistemi\drivepsviluppo\prjs\cpi win clima\versione_10\CARICHI\calcoli\Legge10\metodl10.pas"
"Tubazioni","C:\DOCUMENTI\bmsistemi\drivepsviluppo\prjs\cpi win clima\versione_10\CARICHI\calcoli\Legge10\Terreno.pas","UtiReport","C:\DOCUMENTI\bmsistemi\drivepsviluppo\prjs\cpi win clima\versione_10\comuni\report\Utireport.pas"
"Tubazioni","C:\DOCUMENTI\bmsistemi\drivepsviluppo\prjs\cpi win clima\versione_10\CARICHI\calcoli\Legge10\Terreno.pas","Uvariabili","C:\DOCUMENTI\bmsistemi\drivepsviluppo\prjs\cpi win clima\versione_10\CARICHI\calcoli\Legge10\Uvariabili.pas"
"Tubazioni","C:\DOCUMENTI\bmsistemi\drivepsviluppo\prjs\cpi win clima\versione_10\CARICHI\calcoli\Legge10\Terreno.pas","Varcarichi","C:\DOCUMENTI\bmsistemi\drivepsviluppo\prjs\cpi win clima\versione_10\CARICHI\varcarichi.pas"
"Tubazioni","C:\DOCUMENTI\bmsistemi\drivepsviluppo\prjs\cpi win clima\versione_10\CARICHI\calcoli\Legge10\Terreno.pas","variabiligenerali","C:\DOCUMENTI\bmsistemi\drivepsviluppo\prjs\cpi win clima\versione_10\comuni\VariabiliGenerali.pas"
"Tubazioni","C:\DOCUMENTI\bmsistemi\drivepsviluppo\prjs\cpi win clima\versione_10\CARICHI\calcoli\Legge10\uFunzioniLegge10.pas","dbtables","C:\DOCUMENTI\sd\sorgenti\bm-sd\componenti\kbmmem\bdenew\DbTables.pas"
"Tubazioni","C:\DOCUMENTI\bmsistemi\drivepsviluppo\prjs\cpi win clima\versione_10\CARICHI\calcoli\Legge10\uFunzioniLegge10.pas","LibreriaGenerale","C:\DOCUMENTI\bmsistemi\drivepsviluppo\prjs\cpi win clima\versione_10\comuni\libreriagenerale.pas"
"Tubazioni","C:\DOCUMENTI\bmsistemi\drivepsviluppo\prjs\cpi win clima\versione_10\CARICHI\calcoli\Legge10\uFunzioniLegge10.pas","Metod10","C:\DOCUMENTI\bmsistemi\drivepsviluppo\prjs\cpi win clima\versione_10\CARICHI\calcoli\Legge10\metod10.pas"
"Tubazioni","C:\DOCUMENTI\bmsistemi\drivepsviluppo\prjs\cpi win clima\versione_10\CARICHI\calcoli\Legge10\uFunzioniLegge10.pas","utireport","C:\DOCUMENTI\bmsistemi\drivepsviluppo\prjs\cpi win clima\versione_10\comuni\report\Utireport.pas"
"Tubazioni","C:\DOCUMENTI\bmsistemi\drivepsviluppo\prjs\cpi win clima\versione_10\CARICHI\calcoli\Legge10\uFunzioniLegge10.pas","Uvariabili","C:\DOCUMENTI\bmsistemi\drivepsviluppo\prjs\cpi win clima\versione_10\CARICHI\calcoli\Legge10\Uvariabili.pas"
"Tubazioni","C:\DOCUMENTI\bmsistemi\drivepsviluppo\prjs\cpi win clima\versione_10\CARICHI\calcoli\Legge10\uFunzioniLegge10.pas","Varcarichi","C:\DOCUMENTI\bmsistemi\drivepsviluppo\prjs\cpi win clima\versione_10\CARICHI\varcarichi.pas"
"Tubazioni","C:\DOCUMENTI\bmsistemi\drivepsviluppo\prjs\cpi win clima\versione_10\CARICHI\calcoli\Legge10\UInizializza.pas","libreriagenerale","C:\DOCUMENTI\bmsistemi\drivepsviluppo\prjs\cpi win clima\versione_10\comuni\libreriagenerale.pas"
"Tubazioni","C:\DOCUMENTI\bmsistemi\drivepsviluppo\prjs\cpi win clima\versione_10\CARICHI\calcoli\Legge10\UInizializza.pas","metod10","C:\DOCUMENTI\bmsistemi\drivepsviluppo\prjs\cpi win clima\versione_10\CARICHI\calcoli\Legge10\metod10.pas"
"Tubazioni","C:\DOCUMENTI\bmsistemi\drivepsviluppo\prjs\cpi win clima\versione_10\CARICHI\calcoli\Legge10\UInizializza.pas","MetodL10","C:\DOCUMENTI\bmsistemi\drivepsviluppo\prjs\cpi win clima\versione_10\CARICHI\calcoli\Legge10\metodl10.pas"
"Tubazioni","C:\DOCUMENTI\bmsistemi\drivepsviluppo\prjs\cpi win clima\versione_10\CARICHI\calcoli\Legge10\UInizializza.pas","Ustatistica","C:\DOCUMENTI\bmsistemi\drivepsviluppo\prjs\cpi win clima\versione_10\comuni\Ustatistica.pas"
"Tubazioni","C:\DOCUMENTI\bmsistemi\drivepsviluppo\prjs\cpi win clima\versione_10\CARICHI\calcoli\Legge10\UInizializza.pas","Uvariabili","C:\DOCUMENTI\bmsistemi\drivepsviluppo\prjs\cpi win clima\versione_10\CARICHI\calcoli\Legge10\Uvariabili.pas"
"Tubazioni","C:\DOCUMENTI\bmsistemi\drivepsviluppo\prjs\cpi win clima\versione_10\CARICHI\calcoli\Legge10\UInizializza.pas","VarCarichi","C:\DOCUMENTI\bmsistemi\drivepsviluppo\prjs\cpi win clima\versione_10\CARICHI\varcarichi.pas"
"Tubazioni","C:\DOCUMENTI\bmsistemi\drivepsviluppo\prjs\cpi win clima\versione_10\CARICHI\calcoli\Legge10\UmainL10.pas","CalcCD","C:\DOCUMENTI\bmsistemi\drivepsviluppo\prjs\cpi win clima\versione_10\CARICHI\calcoli\Legge10\calccd.pas"
"Tubazioni","C:\DOCUMENTI\bmsistemi\drivepsviluppo\prjs\cpi win clima\versione_10\CARICHI\calcoli\Legge10\UmainL10.pas","CalcL10","C:\DOCUMENTI\bmsistemi\drivepsviluppo\prjs\cpi win clima\versione_10\CARICHI\calcoli\Legge10\Calcl10.pas"
"Tubazioni","C:\DOCUMENTI\bmsistemi\drivepsviluppo\prjs\cpi win clima\versione_10\CARICHI\calcoli\Legge10\UmainL10.pas","CalcVent","C:\DOCUMENTI\bmsistemi\drivepsviluppo\prjs\cpi win clima\versione_10\CARICHI\calcoli\Legge10\calcvent.pas"
"Tubazioni","C:\DOCUMENTI\bmsistemi\drivepsviluppo\prjs\cpi win clima\versione_10\CARICHI\calcoli\Legge10\UmainL10.pas","DBTables","C:\DOCUMENTI\sd\sorgenti\bm-sd\componenti\kbmmem\bdenew\DbTables.pas"
"Tubazioni","C:\DOCUMENTI\bmsistemi\drivepsviluppo\prjs\cpi win clima\versione_10\CARICHI\calcoli\Legge10\UmainL10.pas","FunzProc1","C:\DOCUMENTI\bmsistemi\drivepsviluppo\prjs\cpi win clima\versione_10\CARICHI\calcoli\Legge10\FunzProc1.pas"
"Tubazioni","C:\DOCUMENTI\bmsistemi\drivepsviluppo\prjs\cpi win clima\versione_10\CARICHI\calcoli\Legge10\UmainL10.pas","GestioneGrafico","C:\DOCUMENTI\bmsistemi\drivepsviluppo\prjs\cpi win clima\versione_10\comuni\GestioneGrafico.pas"
"Tubazioni","C:\DOCUMENTI\bmsistemi\drivepsviluppo\prjs\cpi win clima\versione_10\CARICHI\calcoli\Legge10\UmainL10.pas","LibreriaGenerale","C:\DOCUMENTI\bmsistemi\drivepsviluppo\prjs\cpi win clima\versione_10\comuni\libreriagenerale.pas"
"Tubazioni","C:\DOCUMENTI\bmsistemi\drivepsviluppo\prjs\cpi win clima\versione_10\CARICHI\calcoli\Legge10\UmainL10.pas","Procle10","C:\DOCUMENTI\bmsistemi\drivepsviluppo\prjs\cpi win clima\versione_10\CARICHI\calcoli\Legge10\procle10.pas"
"Tubazioni","C:\DOCUMENTI\bmsistemi\drivepsviluppo\prjs\cpi win clima\versione_10\CARICHI\calcoli\Legge10\UmainL10.pas","procle11","C:\DOCUMENTI\bmsistemi\drivepsviluppo\prjs\cpi win clima\versione_10\CARICHI\calcoli\Legge10\procle11.pas"
"Tubazioni","C:\DOCUMENTI\bmsistemi\drivepsviluppo\prjs\cpi win clima\versione_10\CARICHI\calcoli\Legge10\UmainL10.pas","procle13","C:\DOCUMENTI\bmsistemi\drivepsviluppo\prjs\cpi win clima\versione_10\CARICHI\calcoli\Legge10\procle13.pas"
"Tubazioni","C:\DOCUMENTI\bmsistemi\drivepsviluppo\prjs\cpi win clima\versione_10\CARICHI\calcoli\Legge10\UmainL10.pas","Terreno","C:\DOCUMENTI\bmsistemi\drivepsviluppo\prjs\cpi win clima\versione_10\CARICHI\calcoli\Legge10\Terreno.pas"
"Tubazioni","C:\DOCUMENTI\bmsistemi\drivepsviluppo\prjs\cpi win clima\versione_10\CARICHI\calcoli\Legge10\UmainL10.pas","uFormL10","C:\DOCUMENTI\bmsistemi\drivepsviluppo\prjs\cpi win clima\versione_10\CARICHI\calcoli\Legge10\Forms_12\UFormL10.pas"
"Tubazioni","C:\DOCUMENTI\bmsistemi\drivepsviluppo\prjs\cpi win clima\versione_10\CARICHI\calcoli\Legge10\UmainL10.pas","UfunzioniLegge10","C:\DOCUMENTI\bmsistemi\drivepsviluppo\prjs\cpi win clima\versione_10\CARICHI\calcoli\Legge10\uFunzioniLegge10.pas"
"Tubazioni","C:\DOCUMENTI\bmsistemi\drivepsviluppo\prjs\cpi win clima\versione_10\CARICHI\calcoli\Legge10\UmainL10.pas","UInizializza","C:\DOCUMENTI\bmsistemi\drivepsviluppo\prjs\cpi win clima\versione_10\CARICHI\calcoli\Legge10\UInizializza.pas"
"Tubazioni","C:\DOCUMENTI\bmsistemi\drivepsviluppo\prjs\cpi win clima\versione_10\CARICHI\calcoli\Legge10\UmainL10.pas","UmessaggiCarichi","C:\DOCUMENTI\bmsistemi\drivepsviluppo\prjs\cpi win clima\versione_10\CARICHI\UMessaggiCarichi.pas"
"Tubazioni","C:\DOCUMENTI\bmsistemi\drivepsviluppo\prjs\cpi win clima\versione_10\CARICHI\calcoli\Legge10\UmainL10.pas","Uti_Term","C:\DOCUMENTI\bmsistemi\drivepsviluppo\prjs\cpi win clima\versione_10\comuni\Uti_term.pas"
"Tubazioni","C:\DOCUMENTI\bmsistemi\drivepsviluppo\prjs\cpi win clima\versione_10\CARICHI\calcoli\Legge10\UmainL10.pas","Utireport","C:\DOCUMENTI\bmsistemi\drivepsviluppo\prjs\cpi win clima\versione_10\comuni\report\Utireport.pas"
"Tubazioni","C:\DOCUMENTI\bmsistemi\drivepsviluppo\prjs\cpi win clima\versione_10\CARICHI\calcoli\Legge10\UmainL10.pas","UVariabili","C:\DOCUMENTI\bmsistemi\drivepsviluppo\prjs\cpi win clima\versione_10\CARICHI\calcoli\Legge10\Uvariabili.pas"
"Tubazioni","C:\DOCUMENTI\bmsistemi\drivepsviluppo\prjs\cpi win clima\versione_10\CARICHI\calcoli\Legge10\UmainL10.pas","Varcarichi","C:\DOCUMENTI\bmsistemi\drivepsviluppo\prjs\cpi win clima\versione_10\CARICHI\varcarichi.pas"
"Tubazioni","C:\DOCUMENTI\bmsistemi\drivepsviluppo\prjs\cpi win clima\versione_10\CARICHI\calcoli\Legge10\UmainL10.pas","Variabiligenerali","C:\DOCUMENTI\bmsistemi\drivepsviluppo\prjs\cpi win clima\versione_10\comuni\VariabiliGenerali.pas"
"Tubazioni","C:\DOCUMENTI\bmsistemi\drivepsviluppo\prjs\cpi win clima\versione_10\CARICHI\calcoli\Legge10\Uvariabili.pas","varcarichi","C:\DOCUMENTI\bmsistemi\drivepsviluppo\prjs\cpi win clima\versione_10\CARICHI\varcarichi.pas"
"Tubazioni","C:\DOCUMENTI\bmsistemi\drivepsviluppo\prjs\cpi win clima\versione_10\CARICHI\database\Udb.pas","DBTables","C:\DOCUMENTI\sd\sorgenti\bm-sd\componenti\kbmmem\bdenew\DbTables.pas"
"Tubazioni","C:\DOCUMENTI\bmsistemi\drivepsviluppo\prjs\cpi win clima\versione_10\CARICHI\database\Udb.pas","libreriagenerale","C:\DOCUMENTI\bmsistemi\drivepsviluppo\prjs\cpi win clima\versione_10\comuni\libreriagenerale.pas"
"Tubazioni","C:\DOCUMENTI\bmsistemi\drivepsviluppo\prjs\cpi win clima\versione_10\CARICHI\Gestionelettura.pas","letturadisegno","C:\DOCUMENTI\bmsistemi\drivepsviluppo\prjs\cpi win clima\versione_10\CARICHI\letturaDisegno.pas"
"Tubazioni","C:\DOCUMENTI\bmsistemi\drivepsviluppo\prjs\cpi win clima\versione_10\CARICHI\Gestionelettura.pas","libreriagenerale","C:\DOCUMENTI\bmsistemi\drivepsviluppo\prjs\cpi win clima\versione_10\comuni\libreriagenerale.pas"
"Tubazioni","C:\DOCUMENTI\bmsistemi\drivepsviluppo\prjs\cpi win clima\versione_10\CARICHI\Gestionelettura.pas","Ucaricatabelle","C:\DOCUMENTI\bmsistemi\drivepsviluppo\prjs\cpi win clima\versione_10\CARICHI\Ucaricatabelle.pas"
"Tubazioni","C:\DOCUMENTI\bmsistemi\drivepsviluppo\prjs\cpi win clima\versione_10\CARICHI\Gestionelettura.pas","Ulettura","C:\DOCUMENTI\bmsistemi\drivepsviluppo\prjs\cpi win clima\versione_10\CARICHI\Ulettura.pas"
"Tubazioni","C:\DOCUMENTI\bmsistemi\drivepsviluppo\prjs\cpi win clima\versione_10\CARICHI\Gestionelettura.pas","varcarichi","C:\DOCUMENTI\bmsistemi\drivepsviluppo\prjs\cpi win clima\versione_10\CARICHI\varcarichi.pas"
"Tubazioni","C:\DOCUMENTI\bmsistemi\drivepsviluppo\prjs\cpi win clima\versione_10\CARICHI\letturaDisegno.pas","interfdxf","C:\DOCUMENTI\bmsistemi\drivepsviluppo\prjs\cpi win clima\versione_10\comuni\Grafica\InterfDXF.pas"
"Tubazioni","C:\DOCUMENTI\bmsistemi\drivepsviluppo\prjs\cpi win clima\versione_10\CARICHI\letturaDisegno.pas","Libreriagenerale","C:\DOCUMENTI\bmsistemi\drivepsviluppo\prjs\cpi win clima\versione_10\comuni\libreriagenerale.pas"
"Tubazioni","C:\DOCUMENTI\bmsistemi\drivepsviluppo\prjs\cpi win clima\versione_10\CARICHI\letturaDisegno.pas","ulettura","C:\DOCUMENTI\bmsistemi\drivepsviluppo\prjs\cpi win clima\versione_10\CARICHI\Ulettura.pas"
"Tubazioni","C:\DOCUMENTI\bmsistemi\drivepsviluppo\prjs\cpi win clima\versione_10\CARICHI\letturaDisegno.pas","varcarichi","C:\DOCUMENTI\bmsistemi\drivepsviluppo\prjs\cpi win clima\versione_10\CARICHI\varcarichi.pas"
"Tubazioni","C:\DOCUMENTI\bmsistemi\drivepsviluppo\prjs\cpi win clima\versione_10\CARICHI\letturaDisegno.pas","VariabiliGenerali","C:\DOCUMENTI\bmsistemi\drivepsviluppo\prjs\cpi win clima\versione_10\comuni\VariabiliGenerali.pas"
"Tubazioni","C:\DOCUMENTI\bmsistemi\drivepsviluppo\prjs\cpi win clima\versione_10\CARICHI\tamponamenti\Calcolo.pas","LibreriaGenerale","C:\DOCUMENTI\bmsistemi\drivepsviluppo\prjs\cpi win clima\versione_10\comuni\libreriagenerale.pas"
"Tubazioni","C:\DOCUMENTI\bmsistemi\drivepsviluppo\prjs\cpi win clima\versione_10\CARICHI\tamponamenti\Calcolo.pas","UgraficoIgro","C:\DOCUMENTI\bmsistemi\drivepsviluppo\prjs\cpi win clima\versione_10\CARICHI\tamponamenti\UGraficoigro.pas"
"Tubazioni","C:\DOCUMENTI\bmsistemi\drivepsviluppo\prjs\cpi win clima\versione_10\CARICHI\tamponamenti\Calcolo.pas","Usolomuri","C:\DOCUMENTI\bmsistemi\drivepsviluppo\prjs\cpi win clima\versione_10\CARICHI\tamponamenti\usolomuri.pas"
"Tubazioni","C:\DOCUMENTI\bmsistemi\drivepsviluppo\prjs\cpi win clima\versione_10\CARICHI\tamponamenti\Calcolo.pas","UVariabiliPareti","C:\DOCUMENTI\bmsistemi\drivepsviluppo\prjs\cpi win clima\versione_10\CARICHI\tamponamenti\UVariabiliPareti.pas"
"Tubazioni","C:\DOCUMENTI\bmsistemi\drivepsviluppo\prjs\cpi win clima\versione_10\CARICHI\tamponamenti\Calcolo.pas","Wizardusolomuri","C:\DOCUMENTI\bmsistemi\drivepsviluppo\prjs\cpi win clima\versione_10\CARICHI\tamponamenti\Wizardusolomuri.pas"
"Tubazioni","C:\DOCUMENTI\bmsistemi\drivepsviluppo\prjs\cpi win clima\versione_10\CARICHI\tamponamenti\Coefficienti.pas","DBTables","C:\DOCUMENTI\sd\sorgenti\bm-sd\componenti\kbmmem\bdenew\DbTables.pas"
"Tubazioni","C:\DOCUMENTI\bmsistemi\drivepsviluppo\prjs\cpi win clima\versione_10\CARICHI\tamponamenti\UarchMat.pas","Usolomuri","C:\DOCUMENTI\bmsistemi\drivepsviluppo\prjs\cpi win clima\versione_10\CARICHI\tamponamenti\usolomuri.pas"
"Tubazioni","C:\DOCUMENTI\bmsistemi\drivepsviluppo\prjs\cpi win clima\versione_10\CARICHI\tamponamenti\UarchMat.pas","Wizardusolomuri","C:\DOCUMENTI\bmsistemi\drivepsviluppo\prjs\cpi win clima\versione_10\CARICHI\tamponamenti\Wizardusolomuri.pas"
"Tubazioni","C:\DOCUMENTI\bmsistemi\drivepsviluppo\prjs\cpi win clima\versione_10\CARICHI\tamponamenti\Udisegnafinestra.pas","Calcolo","C:\DOCUMENTI\bmsistemi\drivepsviluppo\prjs\cpi win clima\versione_10\CARICHI\tamponamenti\Calcolo.pas"
"Tubazioni","C:\DOCUMENTI\bmsistemi\drivepsviluppo\prjs\cpi win clima\versione_10\CARICHI\tamponamenti\Udisegnafinestra.pas","dbtables","C:\DOCUMENTI\sd\sorgenti\bm-sd\componenti\kbmmem\bdenew\DbTables.pas"
"Tubazioni","C:\DOCUMENTI\bmsistemi\drivepsviluppo\prjs\cpi win clima\versione_10\CARICHI\tamponamenti\Udisegnafinestra.pas","LibreriaGenerale","C:\DOCUMENTI\bmsistemi\drivepsviluppo\prjs\cpi win clima\versione_10\comuni\libreriagenerale.pas"
"Tubazioni","C:\DOCUMENTI\bmsistemi\drivepsviluppo\prjs\cpi win clima\versione_10\CARICHI\tamponamenti\Udisegnafinestra.pas","USolomuri","C:\DOCUMENTI\bmsistemi\drivepsviluppo\prjs\cpi win clima\versione_10\CARICHI\tamponamenti\usolomuri.pas"
"Tubazioni","C:\DOCUMENTI\bmsistemi\drivepsviluppo\prjs\cpi win clima\versione_10\CARICHI\tamponamenti\Udisegnafinestra.pas","UVariabiliPareti","C:\DOCUMENTI\bmsistemi\drivepsviluppo\prjs\cpi win clima\versione_10\CARICHI\tamponamenti\UVariabiliPareti.pas"
"Tubazioni","C:\DOCUMENTI\bmsistemi\drivepsviluppo\prjs\cpi win clima\versione_10\CARICHI\tamponamenti\Udisegnafinestra.pas","Wizardusolomuri","C:\DOCUMENTI\bmsistemi\drivepsviluppo\prjs\cpi win clima\versione_10\CARICHI\tamponamenti\Wizardusolomuri.pas"
"Tubazioni","C:\DOCUMENTI\bmsistemi\drivepsviluppo\prjs\cpi win clima\versione_10\CARICHI\tamponamenti\UGraficoigro.pas","calcolo","C:\DOCUMENTI\bmsistemi\drivepsviluppo\prjs\cpi win clima\versione_10\CARICHI\tamponamenti\Calcolo.pas"
"Tubazioni","C:\DOCUMENTI\bmsistemi\drivepsviluppo\prjs\cpi win clima\versione_10\CARICHI\tamponamenti\UGraficoigro.pas","dbtables","C:\DOCUMENTI\sd\sorgenti\bm-sd\componenti\kbmmem\bdenew\DbTables.pas"
"Tubazioni","C:\DOCUMENTI\bmsistemi\drivepsviluppo\prjs\cpi win clima\versione_10\CARICHI\tamponamenti\UGraficoigro.pas","LibreriaGenerale","C:\DOCUMENTI\bmsistemi\drivepsviluppo\prjs\cpi win clima\versione_10\comuni\libreriagenerale.pas"
"Tubazioni","C:\DOCUMENTI\bmsistemi\drivepsviluppo\prjs\cpi win clima\versione_10\CARICHI\tamponamenti\UGraficoigro.pas","UDisegnafinestra","C:\DOCUMENTI\bmsistemi\drivepsviluppo\prjs\cpi win clima\versione_10\CARICHI\tamponamenti\Udisegnafinestra.pas"
"Tubazioni","C:\DOCUMENTI\bmsistemi\drivepsviluppo\prjs\cpi win clima\versione_10\CARICHI\tamponamenti\UGraficoigro.pas","USolomuri","C:\DOCUMENTI\bmsistemi\drivepsviluppo\prjs\cpi win clima\versione_10\CARICHI\tamponamenti\usolomuri.pas"
"Tubazioni","C:\DOCUMENTI\bmsistemi\drivepsviluppo\prjs\cpi win clima\versione_10\CARICHI\tamponamenti\UGraficoigro.pas","Wizardusolomuri","C:\DOCUMENTI\bmsistemi\drivepsviluppo\prjs\cpi win clima\versione_10\CARICHI\tamponamenti\Wizardusolomuri.pas"
"Tubazioni","C:\DOCUMENTI\bmsistemi\drivepsviluppo\prjs\cpi win clima\versione_10\CARICHI\tamponamenti\usolomuri.pas","Calcolo","C:\DOCUMENTI\bmsistemi\drivepsviluppo\prjs\cpi win clima\versione_10\CARICHI\tamponamenti\Calcolo.pas"
"Tubazioni","C:\DOCUMENTI\bmsistemi\drivepsviluppo\prjs\cpi win clima\versione_10\CARICHI\tamponamenti\usolomuri.pas","Coefficienti","C:\DOCUMENTI\bmsistemi\drivepsviluppo\prjs\cpi win clima\versione_10\CARICHI\tamponamenti\Coefficienti.pas"
"Tubazioni","C:\DOCUMENTI\bmsistemi\drivepsviluppo\prjs\cpi win clima\versione_10\CARICHI\tamponamenti\usolomuri.pas","DBTables","C:\DOCUMENTI\sd\sorgenti\bm-sd\componenti\kbmmem\bdenew\DbTables.pas"
"Tubazioni","C:\DOCUMENTI\bmsistemi\drivepsviluppo\prjs\cpi win clima\versione_10\CARICHI\tamponamenti\usolomuri.pas","LibreriaGenerale","C:\DOCUMENTI\bmsistemi\drivepsviluppo\prjs\cpi win clima\versione_10\comuni\libreriagenerale.pas"
"Tubazioni","C:\DOCUMENTI\bmsistemi\drivepsviluppo\prjs\cpi win clima\versione_10\CARICHI\tamponamenti\usolomuri.pas","Udisegnafinestra","C:\DOCUMENTI\bmsistemi\drivepsviluppo\prjs\cpi win clima\versione_10\CARICHI\tamponamenti\Udisegnafinestra.pas"
"Tubazioni","C:\DOCUMENTI\bmsistemi\drivepsviluppo\prjs\cpi win clima\versione_10\CARICHI\tamponamenti\usolomuri.pas","UGraficoIgro","C:\DOCUMENTI\bmsistemi\drivepsviluppo\prjs\cpi win clima\versione_10\CARICHI\tamponamenti\UGraficoigro.pas"
"Tubazioni","C:\DOCUMENTI\bmsistemi\drivepsviluppo\prjs\cpi win clima\versione_10\CARICHI\tamponamenti\usolomuri.pas","UVariabili","C:\DOCUMENTI\bmsistemi\drivepsviluppo\prjs\cpi win clima\versione_10\CARICHI\calcoli\Legge10\Uvariabili.pas"
"Tubazioni","C:\DOCUMENTI\bmsistemi\drivepsviluppo\prjs\cpi win clima\versione_10\CARICHI\tamponamenti\usolomuri.pas","Wizardusolomuri","C:\DOCUMENTI\bmsistemi\drivepsviluppo\prjs\cpi win clima\versione_10\CARICHI\tamponamenti\Wizardusolomuri.pas"
"Tubazioni","C:\DOCUMENTI\bmsistemi\drivepsviluppo\prjs\cpi win clima\versione_10\CARICHI\tamponamenti\UVariabiliPareti.pas","dbtables","C:\DOCUMENTI\sd\sorgenti\bm-sd\componenti\kbmmem\bdenew\DbTables.pas"
"Tubazioni","C:\DOCUMENTI\bmsistemi\drivepsviluppo\prjs\cpi win clima\versione_10\CARICHI\tamponamenti\UVariabiliPareti.pas","LibreriaGenerale","C:\DOCUMENTI\bmsistemi\drivepsviluppo\prjs\cpi win clima\versione_10\comuni\libreriagenerale.pas"
"Tubazioni","C:\DOCUMENTI\bmsistemi\drivepsviluppo\prjs\cpi win clima\versione_10\CARICHI\tamponamenti\Wizardusolomuri.pas","Calcolo","C:\DOCUMENTI\bmsistemi\drivepsviluppo\prjs\cpi win clima\versione_10\CARICHI\tamponamenti\Calcolo.pas"
"Tubazioni","C:\DOCUMENTI\bmsistemi\drivepsviluppo\prjs\cpi win clima\versione_10\CARICHI\tamponamenti\Wizardusolomuri.pas","Coefficienti","C:\DOCUMENTI\bmsistemi\drivepsviluppo\prjs\cpi win clima\versione_10\CARICHI\tamponamenti\Coefficienti.pas"
"Tubazioni","C:\DOCUMENTI\bmsistemi\drivepsviluppo\prjs\cpi win clima\versione_10\CARICHI\tamponamenti\Wizardusolomuri.pas","DBTables","C:\DOCUMENTI\sd\sorgenti\bm-sd\componenti\kbmmem\bdenew\DbTables.pas"
"Tubazioni","C:\DOCUMENTI\bmsistemi\drivepsviluppo\prjs\cpi win clima\versione_10\CARICHI\tamponamenti\Wizardusolomuri.pas","LibreriaGenerale","C:\DOCUMENTI\bmsistemi\drivepsviluppo\prjs\cpi win clima\versione_10\comuni\libreriagenerale.pas"
"Tubazioni","C:\DOCUMENTI\bmsistemi\drivepsviluppo\prjs\cpi win clima\versione_10\CARICHI\tamponamenti\Wizardusolomuri.pas","UArchMat","C:\DOCUMENTI\bmsistemi\drivepsviluppo\prjs\cpi win clima\versione_10\CARICHI\tamponamenti\UarchMat.pas"
"Tubazioni","C:\DOCUMENTI\bmsistemi\drivepsviluppo\prjs\cpi win clima\versione_10\CARICHI\tamponamenti\Wizardusolomuri.pas","Udisegnafinestra","C:\DOCUMENTI\bmsistemi\drivepsviluppo\prjs\cpi win clima\versione_10\CARICHI\tamponamenti\Udisegnafinestra.pas"
"Tubazioni","C:\DOCUMENTI\bmsistemi\drivepsviluppo\prjs\cpi win clima\versione_10\CARICHI\tamponamenti\Wizardusolomuri.pas","UGraficoIgro","C:\DOCUMENTI\bmsistemi\drivepsviluppo\prjs\cpi win clima\versione_10\CARICHI\tamponamenti\UGraficoigro.pas"
"Tubazioni","C:\DOCUMENTI\bmsistemi\drivepsviluppo\prjs\cpi win clima\versione_10\CARICHI\tamponamenti\Wizardusolomuri.pas","USolomuri","C:\DOCUMENTI\bmsistemi\drivepsviluppo\prjs\cpi win clima\versione_10\CARICHI\tamponamenti\usolomuri.pas"
"Tubazioni","C:\DOCUMENTI\bmsistemi\drivepsviluppo\prjs\cpi win clima\versione_10\CARICHI\tamponamenti\Wizardusolomuri.pas","UtilityGestioneTutor","C:\DOCUMENTI\bmsistemi\drivepsviluppo\prjs\cpi win clima\versione_10\comuni\Tutor\UtilityGestioneTutor.pas"
"Tubazioni","C:\DOCUMENTI\bmsistemi\drivepsviluppo\prjs\cpi win clima\versione_10\CARICHI\tamponamenti\Wizardusolomuri.pas","UVariabili","C:\DOCUMENTI\bmsistemi\drivepsviluppo\prjs\cpi win clima\versione_10\CARICHI\calcoli\Legge10\Uvariabili.pas"
"Tubazioni","C:\DOCUMENTI\bmsistemi\drivepsviluppo\prjs\cpi win clima\versione_10\CARICHI\Ucaricatabelle.pas","dbtables","C:\DOCUMENTI\sd\sorgenti\bm-sd\componenti\kbmmem\bdenew\DbTables.pas"
"Tubazioni","C:\DOCUMENTI\bmsistemi\drivepsviluppo\prjs\cpi win clima\versione_10\CARICHI\Ucaricatabelle.pas","Geometria","C:\DOCUMENTI\sd\sorgenti\bm-sd\utils\Geometria.pas"
"Tubazioni","C:\DOCUMENTI\bmsistemi\drivepsviluppo\prjs\cpi win clima\versione_10\CARICHI\Ucaricatabelle.pas","grafica","C:\DOCUMENTI\bmsistemi\drivepsviluppo\prjs\cpi win clima\versione_10\comuni\Grafica\Grafica.pas"
"Tubazioni","C:\DOCUMENTI\bmsistemi\drivepsviluppo\prjs\cpi win clima\versione_10\CARICHI\Ucaricatabelle.pas","letturaDisegno","C:\DOCUMENTI\bmsistemi\drivepsviluppo\prjs\cpi win clima\versione_10\CARICHI\letturaDisegno.pas"
"Tubazioni","C:\DOCUMENTI\bmsistemi\drivepsviluppo\prjs\cpi win clima\versione_10\CARICHI\Ucaricatabelle.pas","Libreriagenerale","C:\DOCUMENTI\bmsistemi\drivepsviluppo\prjs\cpi win clima\versione_10\comuni\libreriagenerale.pas"
"Tubazioni","C:\DOCUMENTI\bmsistemi\drivepsviluppo\prjs\cpi win clima\versione_10\CARICHI\Ucaricatabelle.pas","Ulettura","C:\DOCUMENTI\bmsistemi\drivepsviluppo\prjs\cpi win clima\versione_10\CARICHI\Ulettura.pas"
"Tubazioni","C:\DOCUMENTI\bmsistemi\drivepsviluppo\prjs\cpi win clima\versione_10\CARICHI\Ucaricatabelle.pas","varcarichi","C:\DOCUMENTI\bmsistemi\drivepsviluppo\prjs\cpi win clima\versione_10\CARICHI\varcarichi.pas"
"Tubazioni","C:\DOCUMENTI\bmsistemi\drivepsviluppo\prjs\cpi win clima\versione_10\CARICHI\Ucaricatabelle.pas","VariabiliGenerali","C:\DOCUMENTI\bmsistemi\drivepsviluppo\prjs\cpi win clima\versione_10\comuni\VariabiliGenerali.pas"
"Tubazioni","C:\DOCUMENTI\bmsistemi\drivepsviluppo\prjs\cpi win clima\versione_10\CARICHI\Ucaricatabelle.pas","Volumi","C:\DOCUMENTI\sd\sorgenti\bm-sd\3dsd\Volumi.pas"
"Tubazioni","C:\DOCUMENTI\bmsistemi\drivepsviluppo\prjs\cpi win clima\versione_10\CARICHI\Ulettura.pas","DBTables","C:\DOCUMENTI\sd\sorgenti\bm-sd\componenti\kbmmem\bdenew\DbTables.pas"
"Tubazioni","C:\DOCUMENTI\bmsistemi\drivepsviluppo\prjs\cpi win clima\versione_10\CARICHI\Ulettura.pas","Gestionelettura","C:\DOCUMENTI\bmsistemi\drivepsviluppo\prjs\cpi win clima\versione_10\CARICHI\Gestionelettura.pas"
"Tubazioni","C:\DOCUMENTI\bmsistemi\drivepsviluppo\prjs\cpi win clima\versione_10\CARICHI\Ulettura.pas","grafica","C:\DOCUMENTI\bmsistemi\drivepsviluppo\prjs\cpi win clima\versione_10\comuni\Grafica\Grafica.pas"
"Tubazioni","C:\DOCUMENTI\bmsistemi\drivepsviluppo\prjs\cpi win clima\versione_10\CARICHI\Ulettura.pas","libreriagenerale","C:\DOCUMENTI\bmsistemi\drivepsviluppo\prjs\cpi win clima\versione_10\comuni\libreriagenerale.pas"
"Tubazioni","C:\DOCUMENTI\bmsistemi\drivepsviluppo\prjs\cpi win clima\versione_10\CARICHI\Ulettura.pas","Tool_visualizza","C:\DOCUMENTI\bmsistemi\drivepsviluppo\prjs\cpi win clima\versione_10\DllPrincipaleTermico\forms\Tool_visualizza.pas"
"Tubazioni","C:\DOCUMENTI\bmsistemi\drivepsviluppo\prjs\cpi win clima\versione_10\CARICHI\Ulettura.pas","Ucaricatabelle","C:\DOCUMENTI\bmsistemi\drivepsviluppo\prjs\cpi win clima\versione_10\CARICHI\Ucaricatabelle.pas"
"Tubazioni","C:\DOCUMENTI\bmsistemi\drivepsviluppo\prjs\cpi win clima\versione_10\CARICHI\UMessaggiCarichi.pas","UFileLog","C:\DOCUMENTI\bmsistemi\drivepsviluppo\prjs\cpi win clima\versione_10\comuni\report\UFileLog.pas"
"Tubazioni","C:\DOCUMENTI\bmsistemi\drivepsviluppo\prjs\cpi win clima\versione_10\CARICHI\UMessaggiCarichi.pas","UFormL10","C:\DOCUMENTI\bmsistemi\drivepsviluppo\prjs\cpi win clima\versione_10\CARICHI\calcoli\Legge10\Forms_12\UFormL10.pas"
"Tubazioni","C:\DOCUMENTI\bmsistemi\drivepsviluppo\prjs\cpi win clima\versione_10\CARICHI\UMessaggiCarichi.pas","Uvariabili","C:\DOCUMENTI\bmsistemi\drivepsviluppo\prjs\cpi win clima\versione_10\CARICHI\calcoli\Legge10\Uvariabili.pas"
"Tubazioni","C:\DOCUMENTI\bmsistemi\drivepsviluppo\prjs\cpi win clima\versione_10\CARICHI\UMessaggiCarichi.pas","varcarichi","C:\DOCUMENTI\bmsistemi\drivepsviluppo\prjs\cpi win clima\versione_10\CARICHI\varcarichi.pas"
"Tubazioni","C:\DOCUMENTI\bmsistemi\drivepsviluppo\prjs\cpi win clima\versione_10\CARICHI\UMessaggiCarichi.pas","VariabiliGenerali","C:\DOCUMENTI\bmsistemi\drivepsviluppo\prjs\cpi win clima\versione_10\comuni\VariabiliGenerali.pas"
"Tubazioni","C:\DOCUMENTI\bmsistemi\drivepsviluppo\prjs\cpi win clima\versione_10\CARICHI\varcarichi.pas","libreriagenerale","C:\DOCUMENTI\bmsistemi\drivepsviluppo\prjs\cpi win clima\versione_10\comuni\libreriagenerale.pas"
"Tubazioni","C:\DOCUMENTI\bmsistemi\drivepsviluppo\prjs\cpi win clima\versione_10\CARICHI\varcarichi.pas","utility_dll","C:\DOCUMENTI\sd\sorgenti\bm-sd\librerie_generali\Utility_dll.pas"
"Tubazioni","C:\DOCUMENTI\bmsistemi\drivepsviluppo\prjs\cpi win clima\versione_10\CARICHI\Varcarichi_estivo_14.pas","Varcarichi","C:\DOCUMENTI\bmsistemi\drivepsviluppo\prjs\cpi win clima\versione_10\CARICHI\varcarichi.pas"
"Tubazioni","C:\DOCUMENTI\bmsistemi\drivepsviluppo\prjs\cpi win clima\versione_10\ChiamateDLL\Uchiamatedll.pas","dbtables","C:\DOCUMENTI\sd\sorgenti\bm-sd\componenti\kbmmem\bdenew\DbTables.pas"
"Tubazioni","C:\DOCUMENTI\bmsistemi\drivepsviluppo\prjs\cpi win clima\versione_10\ChiamateDLL\Uchiamatedll.pas","HeaderDllTermico","C:\DOCUMENTI\bmsistemi\drivepsviluppo\prjs\cpi win clima\versione_10\ChiamateDLL\HeaderDllTermico.pas"
"Tubazioni","C:\DOCUMENTI\bmsistemi\drivepsviluppo\prjs\cpi win clima\versione_10\ChiamateDLL\Uchiamatedll.pas","messaggio","C:\DOCUMENTI\bmsistemi\drivepsviluppo\prjs\cpi win clima\versione_10\ChiamateDLL\Messaggio.pas"
"Tubazioni","C:\DOCUMENTI\bmsistemi\drivepsviluppo\prjs\cpi win clima\versione_10\comuni\GestioneGrafico.pas","Libreriagenerale","C:\DOCUMENTI\bmsistemi\drivepsviluppo\prjs\cpi win clima\versione_10\comuni\libreriagenerale.pas"
"Tubazioni","C:\DOCUMENTI\bmsistemi\drivepsviluppo\prjs\cpi win clima\versione_10\comuni\GestioneGrafico.pas","UFormL10","C:\DOCUMENTI\bmsistemi\drivepsviluppo\prjs\cpi win clima\versione_10\CARICHI\calcoli\Legge10\Forms_12\UFormL10.pas"
"Tubazioni","C:\DOCUMENTI\bmsistemi\drivepsviluppo\prjs\cpi win clima\versione_10\comuni\GestioneGrafico.pas","Varcarichi","C:\DOCUMENTI\bmsistemi\drivepsviluppo\prjs\cpi win clima\versione_10\CARICHI\varcarichi.pas"
"Tubazioni","C:\DOCUMENTI\bmsistemi\drivepsviluppo\prjs\cpi win clima\versione_10\comuni\Grafica\AggAttrDXF.pas","dbtables","C:\DOCUMENTI\sd\sorgenti\bm-sd\componenti\kbmmem\bdenew\DbTables.pas"
"Tubazioni","C:\DOCUMENTI\bmsistemi\drivepsviluppo\prjs\cpi win clima\versione_10\comuni\Grafica\AggAttrDXF.pas","Definiz","C:\DOCUMENTI\bmsistemi\drivepsviluppo\prjs\cpi win clima\versione_10\Tubi\definiz.pas"
"Tubazioni","C:\DOCUMENTI\bmsistemi\drivepsviluppo\prjs\cpi win clima\versione_10\comuni\Grafica\AggAttrDXF.pas","libreriagenerale","C:\DOCUMENTI\bmsistemi\drivepsviluppo\prjs\cpi win clima\versione_10\comuni\libreriagenerale.pas"
"Tubazioni","C:\DOCUMENTI\bmsistemi\drivepsviluppo\prjs\cpi win clima\versione_10\comuni\Grafica\dxf_in_out.pas","angoli","C:\DOCUMENTI\bmsistemi\drivepsviluppo\prjs\cpi win clima\versione_10\Tubi\Angoli.pas"
"Tubazioni","C:\DOCUMENTI\bmsistemi\drivepsviluppo\prjs\cpi win clima\versione_10\comuni\Grafica\dxf_in_out.pas","Definiz","C:\DOCUMENTI\bmsistemi\drivepsviluppo\prjs\cpi win clima\versione_10\Tubi\definiz.pas"
"Tubazioni","C:\DOCUMENTI\bmsistemi\drivepsviluppo\prjs\cpi win clima\versione_10\comuni\Grafica\dxf_in_out.pas","libreriagenerale","C:\DOCUMENTI\bmsistemi\drivepsviluppo\prjs\cpi win clima\versione_10\comuni\libreriagenerale.pas"
"Tubazioni","C:\DOCUMENTI\bmsistemi\drivepsviluppo\prjs\cpi win clima\versione_10\comuni\Grafica\dxf_in_out.pas","Varcarichi","C:\DOCUMENTI\bmsistemi\drivepsviluppo\prjs\cpi win clima\versione_10\CARICHI\varcarichi.pas"
"Tubazioni","C:\DOCUMENTI\bmsistemi\drivepsviluppo\prjs\cpi win clima\versione_10\comuni\Grafica\Grafica.pas","collettori","C:\DOCUMENTI\bmsistemi\drivepsviluppo\prjs\cpi win clima\versione_10\Tubi\collettori.pas"
"Tubazioni","C:\DOCUMENTI\bmsistemi\drivepsviluppo\prjs\cpi win clima\versione_10\comuni\Grafica\Grafica.pas","dbtables","C:\DOCUMENTI\sd\sorgenti\bm-sd\componenti\kbmmem\bdenew\DbTables.pas"
"Tubazioni","C:\DOCUMENTI\bmsistemi\drivepsviluppo\prjs\cpi win clima\versione_10\comuni\Grafica\Grafica.pas","Definiz","C:\DOCUMENTI\bmsistemi\drivepsviluppo\prjs\cpi win clima\versione_10\Tubi\definiz.pas"
"Tubazioni","C:\DOCUMENTI\bmsistemi\drivepsviluppo\prjs\cpi win clima\versione_10\comuni\Grafica\Grafica.pas","Letturadisegno","C:\DOCUMENTI\bmsistemi\drivepsviluppo\prjs\cpi win clima\versione_10\CARICHI\letturaDisegno.pas"
"Tubazioni","C:\DOCUMENTI\bmsistemi\drivepsviluppo\prjs\cpi win clima\versione_10\comuni\Grafica\Grafica.pas","libreriagenerale","C:\DOCUMENTI\bmsistemi\drivepsviluppo\prjs\cpi win clima\versione_10\comuni\libreriagenerale.pas"
"Tubazioni","C:\DOCUMENTI\bmsistemi\drivepsviluppo\prjs\cpi win clima\versione_10\comuni\Grafica\Grafica.pas","UMain_CalcTubi","C:\DOCUMENTI\bmsistemi\drivepsviluppo\prjs\cpi win clima\versione_10\Tubi\UMain_CalcTubi.pas"
"Tubazioni","C:\DOCUMENTI\bmsistemi\drivepsviluppo\prjs\cpi win clima\versione_10\comuni\Grafica\InterfDXF.pas","definiz","C:\DOCUMENTI\bmsistemi\drivepsviluppo\prjs\cpi win clima\versione_10\Tubi\definiz.pas"
"Tubazioni","C:\DOCUMENTI\bmsistemi\drivepsviluppo\prjs\cpi win clima\versione_10\comuni\Grafica\InterfDXF.pas","libreriagenerale","C:\DOCUMENTI\bmsistemi\drivepsviluppo\prjs\cpi win clima\versione_10\comuni\libreriagenerale.pas"
"Tubazioni","C:\DOCUMENTI\bmsistemi\drivepsviluppo\prjs\cpi win clima\versione_10\comuni\Grafica\Leggidxf.pas","aggattrdxf","C:\DOCUMENTI\bmsistemi\drivepsviluppo\prjs\cpi win clima\versione_10\comuni\Grafica\AggAttrDXF.pas"
"Tubazioni","C:\DOCUMENTI\bmsistemi\drivepsviluppo\prjs\cpi win clima\versione_10\comuni\Grafica\Leggidxf.pas","dbtables","C:\DOCUMENTI\sd\sorgenti\bm-sd\componenti\kbmmem\bdenew\DbTables.pas"
"Tubazioni","C:\DOCUMENTI\bmsistemi\drivepsviluppo\prjs\cpi win clima\versione_10\comuni\Grafica\Leggidxf.pas","definiz","C:\DOCUMENTI\bmsistemi\drivepsviluppo\prjs\cpi win clima\versione_10\Tubi\definiz.pas"
"Tubazioni","C:\DOCUMENTI\bmsistemi\drivepsviluppo\prjs\cpi win clima\versione_10\comuni\Grafica\Leggidxf.pas","dxf_in_out","C:\DOCUMENTI\bmsistemi\drivepsviluppo\prjs\cpi win clima\versione_10\comuni\Grafica\dxf_in_out.pas"
"Tubazioni","C:\DOCUMENTI\bmsistemi\drivepsviluppo\prjs\cpi win clima\versione_10\comuni\Grafica\Leggidxf.pas","impterm","C:\DOCUMENTI\bmsistemi\drivepsviluppo\prjs\cpi win clima\versione_10\Tubi\impterm.pas"
"Tubazioni","C:\DOCUMENTI\bmsistemi\drivepsviluppo\prjs\cpi win clima\versione_10\comuni\Grafica\Leggidxf.pas","interfdxf","C:\DOCUMENTI\bmsistemi\drivepsviluppo\prjs\cpi win clima\versione_10\comuni\Grafica\InterfDXF.pas"
"Tubazioni","C:\DOCUMENTI\bmsistemi\drivepsviluppo\prjs\cpi win clima\versione_10\comuni\Grafica\Leggidxf.pas","Libreriagenerale","C:\DOCUMENTI\bmsistemi\drivepsviluppo\prjs\cpi win clima\versione_10\comuni\libreriagenerale.pas"
"Tubazioni","C:\DOCUMENTI\bmsistemi\drivepsviluppo\prjs\cpi win clima\versione_10\comuni\Grafica\Leggidxf.pas","OutDxfBM","C:\DOCUMENTI\bmsistemi\drivepsviluppo\prjs\cpi win clima\versione_10\Tubi\OutDXFBM.pas"
"Tubazioni","C:\DOCUMENTI\bmsistemi\drivepsviluppo\prjs\cpi win clima\versione_10\comuni\Grafica\Leggidxf.pas","ritorno","C:\DOCUMENTI\bmsistemi\drivepsviluppo\prjs\cpi win clima\versione_10\Tubi\RITORNO.PAS"
"Tubazioni","C:\DOCUMENTI\bmsistemi\drivepsviluppo\prjs\cpi win clima\versione_10\comuni\Grafica\Leggidxf.pas","UGrafoDXF","C:\DOCUMENTI\bmsistemi\drivepsviluppo\prjs\cpi win clima\versione_10\Tubi\UGrafoDXF.pas"
"Tubazioni","C:\DOCUMENTI\bmsistemi\drivepsviluppo\prjs\cpi win clima\versione_10\comuni\Grafica\Leggidxf.pas","Uleggitxt","C:\DOCUMENTI\bmsistemi\drivepsviluppo\prjs\cpi win clima\versione_10\Tubi\Uleggitxt.pas"
"Tubazioni","C:\DOCUMENTI\bmsistemi\drivepsviluppo\prjs\cpi win clima\versione_10\comuni\libreriagenerale.pas","dbtables","C:\DOCUMENTI\sd\sorgenti\bm-sd\componenti\kbmmem\bdenew\DbTables.pas"
"Tubazioni","C:\DOCUMENTI\bmsistemi\drivepsviluppo\prjs\cpi win clima\versione_10\comuni\report\Utireport.pas","LibreriaGenerale","C:\DOCUMENTI\bmsistemi\drivepsviluppo\prjs\cpi win clima\versione_10\comuni\libreriagenerale.pas"
"Tubazioni","C:\DOCUMENTI\bmsistemi\drivepsviluppo\prjs\cpi win clima\versione_10\comuni\Ustatistica.pas","Libreriagenerale","C:\DOCUMENTI\bmsistemi\drivepsviluppo\prjs\cpi win clima\versione_10\comuni\libreriagenerale.pas"
"Tubazioni","C:\DOCUMENTI\bmsistemi\drivepsviluppo\prjs\cpi win clima\versione_10\comuni\Uti_term.pas","libreriagenerale","C:\DOCUMENTI\bmsistemi\drivepsviluppo\prjs\cpi win clima\versione_10\comuni\libreriagenerale.pas"
"Tubazioni","C:\DOCUMENTI\bmsistemi\drivepsviluppo\prjs\cpi win clima\versione_10\DllPrincipaleTermico\forms\Tool_visualizza.pas","grafica","C:\DOCUMENTI\bmsistemi\drivepsviluppo\prjs\cpi win clima\versione_10\comuni\Grafica\Grafica.pas"
"Tubazioni","C:\DOCUMENTI\bmsistemi\drivepsviluppo\prjs\cpi win clima\versione_10\libreriedatabase\Funzudbt.pas","dbtables","C:\DOCUMENTI\sd\sorgenti\bm-sd\componenti\kbmmem\bdenew\DbTables.pas"
"Tubazioni","C:\DOCUMENTI\bmsistemi\drivepsviluppo\prjs\cpi win clima\versione_10\libreriedatabase\gestudb.pas","dbtables","C:\DOCUMENTI\sd\sorgenti\bm-sd\componenti\kbmmem\bdenew\DbTables.pas"
"Tubazioni","C:\DOCUMENTI\bmsistemi\drivepsviluppo\prjs\cpi win clima\versione_10\libreriedatabase\gestudb.pas","funzudbt","C:\DOCUMENTI\bmsistemi\drivepsviluppo\prjs\cpi win clima\versione_10\libreriedatabase\Funzudbt.pas"
"Tubazioni","C:\DOCUMENTI\bmsistemi\drivepsviluppo\prjs\cpi win clima\versione_10\libreriedatabase\gestudb.pas","libreriagenerale","C:\DOCUMENTI\bmsistemi\drivepsviluppo\prjs\cpi win clima\versione_10\comuni\libreriagenerale.pas"
"Tubazioni","C:\DOCUMENTI\bmsistemi\drivepsviluppo\prjs\cpi win clima\versione_10\libreriedatabase\gestudb.pas","ucompilaform","C:\DOCUMENTI\bmsistemi\drivepsviluppo\prjs\cpi win clima\versione_10\libreriedatabase\UCompilaForm.pas"
"Tubazioni","C:\DOCUMENTI\bmsistemi\drivepsviluppo\prjs\cpi win clima\versione_10\libreriedatabase\Init_puntatori.pas","varcarichi","C:\DOCUMENTI\bmsistemi\drivepsviluppo\prjs\cpi win clima\versione_10\CARICHI\varcarichi.pas"
"Tubazioni","C:\DOCUMENTI\bmsistemi\drivepsviluppo\prjs\cpi win clima\versione_10\libreriedatabase\SceltaA.pas","config_var","C:\DOCUMENTI\bmsistemi\drivepsviluppo\prjs\cpi win clima\versione_10\3D\Config_Var.pas"
"Tubazioni","C:\DOCUMENTI\bmsistemi\drivepsviluppo\prjs\cpi win clima\versione_10\libreriedatabase\SceltaA.pas","DBTables","C:\DOCUMENTI\sd\sorgenti\bm-sd\componenti\kbmmem\bdenew\DbTables.pas"
"Tubazioni","C:\DOCUMENTI\bmsistemi\drivepsviluppo\prjs\cpi win clima\versione_10\libreriedatabase\SceltaA.pas","libreriagenerale","C:\DOCUMENTI\bmsistemi\drivepsviluppo\prjs\cpi win clima\versione_10\comuni\libreriagenerale.pas"
"Tubazioni","C:\DOCUMENTI\bmsistemi\drivepsviluppo\prjs\cpi win clima\versione_10\libreriedatabase\SceltaA.pas","UCompilaForm","C:\DOCUMENTI\bmsistemi\drivepsviluppo\prjs\cpi win clima\versione_10\libreriedatabase\UCompilaForm.pas"
"Tubazioni","C:\DOCUMENTI\bmsistemi\drivepsviluppo\prjs\cpi win clima\versione_10\libreriedatabase\SceltaA.pas","varcarichi","C:\DOCUMENTI\bmsistemi\drivepsviluppo\prjs\cpi win clima\versione_10\CARICHI\varcarichi.pas"
"Tubazioni","C:\DOCUMENTI\bmsistemi\drivepsviluppo\prjs\cpi win clima\versione_10\libreriedatabase\UCompilaForm.pas","DbTables","C:\DOCUMENTI\sd\sorgenti\bm-sd\componenti\kbmmem\bdenew\DbTables.pas"
"Tubazioni","C:\DOCUMENTI\bmsistemi\drivepsviluppo\prjs\cpi win clima\versione_10\libreriedatabase\UCompilaForm.pas","LibreriaGenerale","C:\DOCUMENTI\bmsistemi\drivepsviluppo\prjs\cpi win clima\versione_10\comuni\libreriagenerale.pas"
"Tubazioni","C:\DOCUMENTI\bmsistemi\drivepsviluppo\prjs\cpi win clima\versione_10\libreriedatabase\UOpen_fileMulti.pas","DBtables","C:\DOCUMENTI\sd\sorgenti\bm-sd\componenti\kbmmem\bdenew\DbTables.pas"
"Tubazioni","C:\DOCUMENTI\bmsistemi\drivepsviluppo\prjs\cpi win clima\versione_10\libreriedatabase\UOpen_fileMulti.pas","funzudbT","C:\DOCUMENTI\bmsistemi\drivepsviluppo\prjs\cpi win clima\versione_10\libreriedatabase\Funzudbt.pas"
"Tubazioni","C:\DOCUMENTI\bmsistemi\drivepsviluppo\prjs\cpi win clima\versione_10\libreriedatabase\UOpen_fileMulti.pas","gestudb","C:\DOCUMENTI\bmsistemi\drivepsviluppo\prjs\cpi win clima\versione_10\libreriedatabase\gestudb.pas"
"Tubazioni","C:\DOCUMENTI\bmsistemi\drivepsviluppo\prjs\cpi win clima\versione_10\libreriedatabase\UOpen_fileMulti.pas","progress3d","C:\DOCUMENTI\bmsistemi\drivepsviluppo\prjs\cpi win clima\versione_10\3D\progress3D.pas"
"Tubazioni","C:\DOCUMENTI\bmsistemi\drivepsviluppo\prjs\cpi win clima\versione_10\Tubi\Angoli.pas","Definiz","C:\DOCUMENTI\bmsistemi\drivepsviluppo\prjs\cpi win clima\versione_10\Tubi\definiz.pas"
"Tubazioni","C:\DOCUMENTI\bmsistemi\drivepsviluppo\prjs\cpi win clima\versione_10\Tubi\Angoli.pas","libreriagenerale","C:\DOCUMENTI\bmsistemi\drivepsviluppo\prjs\cpi win clima\versione_10\comuni\libreriagenerale.pas"
"Tubazioni","C:\DOCUMENTI\bmsistemi\drivepsviluppo\prjs\cpi win clima\versione_10\Tubi\Calcolo_analitico_pannelli.pas","varcarichi","C:\DOCUMENTI\bmsistemi\drivepsviluppo\prjs\cpi win clima\versione_10\CARICHI\varcarichi.pas"
"Tubazioni","C:\DOCUMENTI\bmsistemi\drivepsviluppo\prjs\cpi win clima\versione_10\Tubi\Calcolo_Tubi.pas","definiz","C:\DOCUMENTI\bmsistemi\drivepsviluppo\prjs\cpi win clima\versione_10\Tubi\definiz.pas"
"Tubazioni","C:\DOCUMENTI\bmsistemi\drivepsviluppo\prjs\cpi win clima\versione_10\Tubi\Calcolo_Tubi.pas","equil","C:\DOCUMENTI\bmsistemi\drivepsviluppo\prjs\cpi win clima\versione_10\Tubi\EQUIL.PAS"
"Tubazioni","C:\DOCUMENTI\bmsistemi\drivepsviluppo\prjs\cpi win clima\versione_10\Tubi\Calcolo_Tubi.pas","iotubi","C:\DOCUMENTI\bmsistemi\drivepsviluppo\prjs\cpi win clima\versione_10\Tubi\iotubi.pas"
"Tubazioni","C:\DOCUMENTI\bmsistemi\drivepsviluppo\prjs\cpi win clima\versione_10\Tubi\Calcolo_Tubi.pas","Libreriagenerale","C:\DOCUMENTI\bmsistemi\drivepsviluppo\prjs\cpi win clima\versione_10\comuni\libreriagenerale.pas"
"Tubazioni","C:\DOCUMENTI\bmsistemi\drivepsviluppo\prjs\cpi win clima\versione_10\Tubi\Calcolo_Tubi.pas","mess_reti","C:\DOCUMENTI\bmsistemi\drivepsviluppo\prjs\cpi win clima\versione_10\3D\Mess_reti.pas"
"Tubazioni","C:\DOCUMENTI\bmsistemi\drivepsviluppo\prjs\cpi win clima\versione_10\Tubi\Calcolo_Tubi.pas","Uleggitxt","C:\DOCUMENTI\bmsistemi\drivepsviluppo\prjs\cpi win clima\versione_10\Tubi\Uleggitxt.pas"
"Tubazioni","C:\DOCUMENTI\bmsistemi\drivepsviluppo\prjs\cpi win clima\versione_10\Tubi\Calcolo_Tubi.pas","UMain_calcTubi","C:\DOCUMENTI\bmsistemi\drivepsviluppo\prjs\cpi win clima\versione_10\Tubi\UMain_CalcTubi.pas"
"Tubazioni","C:\DOCUMENTI\bmsistemi\drivepsviluppo\prjs\cpi win clima\versione_10\Tubi\Calcolo_Tubi.pas","uti_calc","C:\DOCUMENTI\bmsistemi\drivepsviluppo\prjs\cpi win clima\versione_10\Tubi\UTI_CALC.PAS"
"Tubazioni","C:\DOCUMENTI\bmsistemi\drivepsviluppo\prjs\cpi win clima\versione_10\Tubi\Calcolo_Tubi.pas","uutigen","C:\DOCUMENTI\bmsistemi\drivepsviluppo\prjs\cpi win clima\versione_10\Tubi\UUtigen.pas"
"Tubazioni","C:\DOCUMENTI\bmsistemi\drivepsviluppo\prjs\cpi win clima\versione_10\Tubi\Calcolo_Tubi.pas","varcarichi","C:\DOCUMENTI\bmsistemi\drivepsviluppo\prjs\cpi win clima\versione_10\CARICHI\varcarichi.pas"
"Tubazioni","C:\DOCUMENTI\bmsistemi\drivepsviluppo\prjs\cpi win clima\versione_10\Tubi\CalcTubiDll.dpr","AggAttrDXF","C:\DOCUMENTI\bmsistemi\drivepsviluppo\prjs\cpi win clima\versione_10\comuni\Grafica\AggAttrDXF.pas"
"Tubazioni","C:\DOCUMENTI\bmsistemi\drivepsviluppo\prjs\cpi win clima\versione_10\Tubi\CalcTubiDll.dpr","BMEureka","C:\DOCUMENTI\bmsistemi\drivepsviluppo\Comp\Source\UNIT_CONDIVISE\BMEureka.pas"
"Tubazioni","C:\DOCUMENTI\bmsistemi\drivepsviluppo\prjs\cpi win clima\versione_10\Tubi\CalcTubiDll.dpr","Calcolo","C:\DOCUMENTI\bmsistemi\drivepsviluppo\prjs\cpi win clima\versione_10\CARICHI\tamponamenti\Calcolo.pas"
"Tubazioni","C:\DOCUMENTI\bmsistemi\drivepsviluppo\prjs\cpi win clima\versione_10\Tubi\CalcTubiDll.dpr","definiz","C:\DOCUMENTI\bmsistemi\drivepsviluppo\prjs\cpi win clima\versione_10\Tubi\definiz.pas"
"Tubazioni","C:\DOCUMENTI\bmsistemi\drivepsviluppo\prjs\cpi win clima\versione_10\Tubi\CalcTubiDll.dpr","DispErrori","C:\DOCUMENTI\sd\sorgenti\bm-sd\CANALI\disperrori.pas"
"Tubazioni","C:\DOCUMENTI\bmsistemi\drivepsviluppo\prjs\cpi win clima\versione_10\Tubi\CalcTubiDll.dpr","Grafica","C:\DOCUMENTI\bmsistemi\drivepsviluppo\prjs\cpi win clima\versione_10\comuni\Grafica\Grafica.pas"
"Tubazioni","C:\DOCUMENTI\bmsistemi\drivepsviluppo\prjs\cpi win clima\versione_10\Tubi\CalcTubiDll.dpr","ImpTerm","C:\DOCUMENTI\bmsistemi\drivepsviluppo\prjs\cpi win clima\versione_10\Tubi\impterm.pas"
"Tubazioni","C:\DOCUMENTI\bmsistemi\drivepsviluppo\prjs\cpi win clima\versione_10\Tubi\CalcTubiDll.dpr","InitPunt_Tubi","C:\DOCUMENTI\bmsistemi\drivepsviluppo\prjs\cpi win clima\versione_10\Tubi\InitPunt_Tubi.pas"
"Tubazioni","C:\DOCUMENTI\bmsistemi\drivepsviluppo\prjs\cpi win clima\versione_10\Tubi\CalcTubiDll.dpr","Leggidxf","C:\DOCUMENTI\bmsistemi\drivepsviluppo\prjs\cpi win clima\versione_10\comuni\Grafica\Leggidxf.pas"
"Tubazioni","C:\DOCUMENTI\bmsistemi\drivepsviluppo\prjs\cpi win clima\versione_10\Tubi\CalcTubiDll.dpr","LibreriaGenerale","C:\DOCUMENTI\bmsistemi\drivepsviluppo\prjs\cpi win clima\versione_10\comuni\LibreriaGenerale.pas"
"Tubazioni","C:\DOCUMENTI\bmsistemi\drivepsviluppo\prjs\cpi win clima\versione_10\Tubi\CalcTubiDll.dpr","OutDXFBM","C:\DOCUMENTI\bmsistemi\drivepsviluppo\prjs\cpi win clima\versione_10\Tubi\OutDXFBM.pas"
"Tubazioni","C:\DOCUMENTI\bmsistemi\drivepsviluppo\prjs\cpi win clima\versione_10\Tubi\CalcTubiDll.dpr","Ritorno","C:\DOCUMENTI\bmsistemi\drivepsviluppo\prjs\cpi win clima\versione_10\Tubi\RITORNO.PAS"
"Tubazioni","C:\DOCUMENTI\bmsistemi\drivepsviluppo\prjs\cpi win clima\versione_10\Tubi\CalcTubiDll.dpr","RITORNODXF","C:\DOCUMENTI\bmsistemi\drivepsviluppo\prjs\cpi win clima\versione_10\Tubi\RITORNODXF.pas"
"Tubazioni","C:\DOCUMENTI\bmsistemi\drivepsviluppo\prjs\cpi win clima\versione_10\Tubi\CalcTubiDll.dpr","Tool_visualizza","C:\DOCUMENTI\bmsistemi\drivepsviluppo\prjs\cpi win clima\versione_10\DllPrincipaleTermico\forms\Tool_visualizza.pas"
"Tubazioni","C:\DOCUMENTI\bmsistemi\drivepsviluppo\prjs\cpi win clima\versione_10\Tubi\CalcTubiDll.dpr","UDB","C:\DOCUMENTI\bmsistemi\drivepsviluppo\prjs\cpi win clima\versione_10\CARICHI\database\Udb.pas"
"Tubazioni","C:\DOCUMENTI\bmsistemi\drivepsviluppo\prjs\cpi win clima\versione_10\Tubi\CalcTubiDll.dpr","UGrafoDXF","C:\DOCUMENTI\bmsistemi\drivepsviluppo\prjs\cpi win clima\versione_10\Tubi\UGrafoDXF.pas"
"Tubazioni","C:\DOCUMENTI\bmsistemi\drivepsviluppo\prjs\cpi win clima\versione_10\Tubi\CalcTubiDll.dpr","ULeggitxt","C:\DOCUMENTI\bmsistemi\drivepsviluppo\prjs\cpi win clima\versione_10\Tubi\Uleggitxt.pas"
"Tubazioni","C:\DOCUMENTI\bmsistemi\drivepsviluppo\prjs\cpi win clima\versione_10\Tubi\CalcTubiDll.dpr","UMain_CalcTubi","C:\DOCUMENTI\bmsistemi\drivepsviluppo\prjs\cpi win clima\versione_10\Tubi\UMain_CalcTubi.pas"
"Tubazioni","C:\DOCUMENTI\bmsistemi\drivepsviluppo\prjs\cpi win clima\versione_10\Tubi\CalcTubiDll.dpr","UStampe","C:\DOCUMENTI\bmsistemi\drivepsviluppo\prjs\cpi win clima\versione_10\Tubi\UStampe.pas"
"Tubazioni","C:\DOCUMENTI\bmsistemi\drivepsviluppo\prjs\cpi win clima\versione_10\Tubi\CalcTubiDll.dpr","Utireport","C:\DOCUMENTI\bmsistemi\drivepsviluppo\prjs\cpi win clima\versione_10\comuni\report\Utireport.pas"
"Tubazioni","C:\DOCUMENTI\bmsistemi\drivepsviluppo\prjs\cpi win clima\versione_10\Tubi\CalcTubiDll.dpr","VariabiliGenerali","C:\DOCUMENTI\bmsistemi\drivepsviluppo\prjs\cpi win clima\versione_10\comuni\VariabiliGenerali.pas"
"Tubazioni","C:\DOCUMENTI\bmsistemi\drivepsviluppo\prjs\cpi win clima\versione_10\Tubi\collettori.pas","definiz","C:\DOCUMENTI\bmsistemi\drivepsviluppo\prjs\cpi win clima\versione_10\Tubi\definiz.pas"
"Tubazioni","C:\DOCUMENTI\bmsistemi\drivepsviluppo\prjs\cpi win clima\versione_10\Tubi\collettori.pas","geometria","C:\DOCUMENTI\sd\sorgenti\bm-sd\utils\Geometria.pas"
"Tubazioni","C:\DOCUMENTI\bmsistemi\drivepsviluppo\prjs\cpi win clima\versione_10\Tubi\collettori.pas","gestdim","C:\DOCUMENTI\bmsistemi\drivepsviluppo\prjs\cpi win clima\versione_10\3D\GestDim.pas"
"Tubazioni","C:\DOCUMENTI\bmsistemi\drivepsviluppo\prjs\cpi win clima\versione_10\Tubi\collettori.pas","libreriagenerale","C:\DOCUMENTI\bmsistemi\drivepsviluppo\prjs\cpi win clima\versione_10\comuni\libreriagenerale.pas"
"Tubazioni","C:\DOCUMENTI\bmsistemi\drivepsviluppo\prjs\cpi win clima\versione_10\Tubi\DATITUBI.PAS","Crt","C:\DOCUMENTI\sd\sorgenti\bm-sd\CANALI\CRT.pas"
"Tubazioni","C:\DOCUMENTI\bmsistemi\drivepsviluppo\prjs\cpi win clima\versione_10\Tubi\DATITUBI.PAS","definiz","C:\DOCUMENTI\bmsistemi\drivepsviluppo\prjs\cpi win clima\versione_10\Tubi\definiz.pas"
"Tubazioni","C:\DOCUMENTI\bmsistemi\drivepsviluppo\prjs\cpi win clima\versione_10\Tubi\DATITUBI.PAS","Dos","C:\DOCUMENTI\sd\sorgenti\bm-sd\CANALI\DOS.pas"
"Tubazioni","C:\DOCUMENTI\bmsistemi\drivepsviluppo\prjs\cpi win clima\versione_10\Tubi\DATITUBI.PAS","inituti","C:\DOCUMENTI\sd\sorgenti\bm-sd\CANALI\UTILS\INITUTI.PAS"
"Tubazioni","C:\DOCUMENTI\bmsistemi\drivepsviluppo\prjs\cpi win clima\versione_10\Tubi\DATITUBI.PAS","iotubi","C:\DOCUMENTI\bmsistemi\drivepsviluppo\prjs\cpi win clima\versione_10\Tubi\iotubi.pas"
"Tubazioni","C:\DOCUMENTI\bmsistemi\drivepsviluppo\prjs\cpi win clima\versione_10\Tubi\DATITUBI.PAS","wintypes","C:\DOCUMENTI\sd\sorgenti\bm-sd\CANALI\wintypes.pas"
"Tubazioni","C:\DOCUMENTI\bmsistemi\drivepsviluppo\prjs\cpi win clima\versione_10\Tubi\definiz.pas","varcarichi","C:\DOCUMENTI\bmsistemi\drivepsviluppo\prjs\cpi win clima\versione_10\CARICHI\varcarichi.pas"
"Tubazioni","C:\DOCUMENTI\bmsistemi\drivepsviluppo\prjs\cpi win clima\versione_10\Tubi\EQUIL.PAS","definiz","C:\DOCUMENTI\bmsistemi\drivepsviluppo\prjs\cpi win clima\versione_10\Tubi\definiz.pas"
"Tubazioni","C:\DOCUMENTI\bmsistemi\drivepsviluppo\prjs\cpi win clima\versione_10\Tubi\EQUIL.PAS","iotubi","C:\DOCUMENTI\bmsistemi\drivepsviluppo\prjs\cpi win clima\versione_10\Tubi\iotubi.pas"
"Tubazioni","C:\DOCUMENTI\bmsistemi\drivepsviluppo\prjs\cpi win clima\versione_10\Tubi\EQUIL.PAS","LibreriaGenerale","C:\DOCUMENTI\bmsistemi\drivepsviluppo\prjs\cpi win clima\versione_10\comuni\libreriagenerale.pas"
"Tubazioni","C:\DOCUMENTI\bmsistemi\drivepsviluppo\prjs\cpi win clima\versione_10\Tubi\EQUIL.PAS","UUtigen","C:\DOCUMENTI\bmsistemi\drivepsviluppo\prjs\cpi win clima\versione_10\Tubi\UUtigen.pas"
"Tubazioni","C:\DOCUMENTI\bmsistemi\drivepsviluppo\prjs\cpi win clima\versione_10\Tubi\EQUIL.PAS","varcarichi","C:\DOCUMENTI\bmsistemi\drivepsviluppo\prjs\cpi win clima\versione_10\CARICHI\varcarichi.pas"
"Tubazioni","C:\DOCUMENTI\bmsistemi\drivepsviluppo\prjs\cpi win clima\versione_10\Tubi\esplodigrafo.pas","Definiz","C:\DOCUMENTI\bmsistemi\drivepsviluppo\prjs\cpi win clima\versione_10\Tubi\definiz.pas"
"Tubazioni","C:\DOCUMENTI\bmsistemi\drivepsviluppo\prjs\cpi win clima\versione_10\Tubi\esplodigrafo.pas","LibreriaGenerale","C:\DOCUMENTI\bmsistemi\drivepsviluppo\prjs\cpi win clima\versione_10\comuni\libreriagenerale.pas"
"Tubazioni","C:\DOCUMENTI\bmsistemi\drivepsviluppo\prjs\cpi win clima\versione_10\Tubi\esplodigrafo.pas","varcarichi","C:\DOCUMENTI\bmsistemi\drivepsviluppo\prjs\cpi win clima\versione_10\CARICHI\varcarichi.pas"
"Tubazioni","C:\DOCUMENTI\bmsistemi\drivepsviluppo\prjs\cpi win clima\versione_10\Tubi\impterm.pas","angoli","C:\DOCUMENTI\bmsistemi\drivepsviluppo\prjs\cpi win clima\versione_10\Tubi\Angoli.pas"
"Tubazioni","C:\DOCUMENTI\bmsistemi\drivepsviluppo\prjs\cpi win clima\versione_10\Tubi\impterm.pas","calcolo_tubi","C:\DOCUMENTI\bmsistemi\drivepsviluppo\prjs\cpi win clima\versione_10\Tubi\Calcolo_Tubi.pas"
"Tubazioni","C:\DOCUMENTI\bmsistemi\drivepsviluppo\prjs\cpi win clima\versione_10\Tubi\impterm.pas","DBTables","C:\DOCUMENTI\sd\sorgenti\bm-sd\componenti\kbmmem\bdenew\DbTables.pas"
"Tubazioni","C:\DOCUMENTI\bmsistemi\drivepsviluppo\prjs\cpi win clima\versione_10\Tubi\impterm.pas","definiz","C:\DOCUMENTI\bmsistemi\drivepsviluppo\prjs\cpi win clima\versione_10\Tubi\definiz.pas"
"Tubazioni","C:\DOCUMENTI\bmsistemi\drivepsviluppo\prjs\cpi win clima\versione_10\Tubi\impterm.pas","dxf_in_out","C:\DOCUMENTI\bmsistemi\drivepsviluppo\prjs\cpi win clima\versione_10\comuni\Grafica\dxf_in_out.pas"
"Tubazioni","C:\DOCUMENTI\bmsistemi\drivepsviluppo\prjs\cpi win clima\versione_10\Tubi\impterm.pas","gestdim","C:\DOCUMENTI\bmsistemi\drivepsviluppo\prjs\cpi win clima\versione_10\3D\GestDim.pas"
"Tubazioni","C:\DOCUMENTI\bmsistemi\drivepsviluppo\prjs\cpi win clima\versione_10\Tubi\impterm.pas","grafica","C:\DOCUMENTI\bmsistemi\drivepsviluppo\prjs\cpi win clima\versione_10\comuni\Grafica\Grafica.pas"
"Tubazioni","C:\DOCUMENTI\bmsistemi\drivepsviluppo\prjs\cpi win clima\versione_10\Tubi\impterm.pas","libreriagenerale","C:\DOCUMENTI\bmsistemi\drivepsviluppo\prjs\cpi win clima\versione_10\comuni\libreriagenerale.pas"
"Tubazioni","C:\DOCUMENTI\bmsistemi\drivepsviluppo\prjs\cpi win clima\versione_10\Tubi\impterm.pas","pannelli","C:\DOCUMENTI\bmsistemi\drivepsviluppo\prjs\cpi win clima\versione_10\Tubi\Pannelli.pas"
"Tubazioni","C:\DOCUMENTI\bmsistemi\drivepsviluppo\prjs\cpi win clima\versione_10\Tubi\impterm.pas","ritornodxf","C:\DOCUMENTI\bmsistemi\drivepsviluppo\prjs\cpi win clima\versione_10\Tubi\RITORNODXF.pas"
"Tubazioni","C:\DOCUMENTI\bmsistemi\drivepsviluppo\prjs\cpi win clima\versione_10\Tubi\impterm.pas","ugrafodxf","C:\DOCUMENTI\bmsistemi\drivepsviluppo\prjs\cpi win clima\versione_10\Tubi\UGrafoDXF.pas"
"Tubazioni","C:\DOCUMENTI\bmsistemi\drivepsviluppo\prjs\cpi win clima\versione_10\Tubi\impterm.pas","UMain_CalcTubi","C:\DOCUMENTI\bmsistemi\drivepsviluppo\prjs\cpi win clima\versione_10\Tubi\UMain_CalcTubi.pas"
"Tubazioni","C:\DOCUMENTI\bmsistemi\drivepsviluppo\prjs\cpi win clima\versione_10\Tubi\impterm.pas","varcarichi","C:\DOCUMENTI\bmsistemi\drivepsviluppo\prjs\cpi win clima\versione_10\CARICHI\varcarichi.pas"
"Tubazioni","C:\DOCUMENTI\bmsistemi\drivepsviluppo\prjs\cpi win clima\versione_10\Tubi\INIT_TUB.PAS","crt","C:\DOCUMENTI\sd\sorgenti\bm-sd\CANALI\CRT.pas"
"Tubazioni","C:\DOCUMENTI\bmsistemi\drivepsviluppo\prjs\cpi win clima\versione_10\Tubi\INIT_TUB.PAS","definiz","C:\DOCUMENTI\bmsistemi\drivepsviluppo\prjs\cpi win clima\versione_10\Tubi\definiz.pas"
"Tubazioni","C:\DOCUMENTI\bmsistemi\drivepsviluppo\prjs\cpi win clima\versione_10\Tubi\INIT_TUB.PAS","iotubi","C:\DOCUMENTI\bmsistemi\drivepsviluppo\prjs\cpi win clima\versione_10\Tubi\iotubi.pas"
"Tubazioni","C:\DOCUMENTI\bmsistemi\drivepsviluppo\prjs\cpi win clima\versione_10\Tubi\InitPunt_Tubi.pas","Definiz","C:\DOCUMENTI\bmsistemi\drivepsviluppo\prjs\cpi win clima\versione_10\Tubi\definiz.pas"
"Tubazioni","C:\DOCUMENTI\bmsistemi\drivepsviluppo\prjs\cpi win clima\versione_10\Tubi\InitPunt_Tubi.pas","Init_Puntatori","C:\DOCUMENTI\bmsistemi\drivepsviluppo\prjs\cpi win clima\versione_10\libreriedatabase\Init_puntatori.pas"
"Tubazioni","C:\DOCUMENTI\bmsistemi\drivepsviluppo\prjs\cpi win clima\versione_10\Tubi\InitPunt_Tubi.pas","varcarichi","C:\DOCUMENTI\bmsistemi\drivepsviluppo\prjs\cpi win clima\versione_10\CARICHI\varcarichi.pas"
"Tubazioni","C:\DOCUMENTI\bmsistemi\drivepsviluppo\prjs\cpi win clima\versione_10\Tubi\iotubi.pas","definiz","C:\DOCUMENTI\bmsistemi\drivepsviluppo\prjs\cpi win clima\versione_10\Tubi\definiz.pas"
"Tubazioni","C:\DOCUMENTI\bmsistemi\drivepsviluppo\prjs\cpi win clima\versione_10\Tubi\iotubi.pas","LibreriaGenerale","C:\DOCUMENTI\bmsistemi\drivepsviluppo\prjs\cpi win clima\versione_10\comuni\libreriagenerale.pas"
"Tubazioni","C:\DOCUMENTI\bmsistemi\drivepsviluppo\prjs\cpi win clima\versione_10\Tubi\iotubi.pas","UUtigen","C:\DOCUMENTI\bmsistemi\drivepsviluppo\prjs\cpi win clima\versione_10\Tubi\UUtigen.pas"
"Tubazioni","C:\DOCUMENTI\bmsistemi\drivepsviluppo\prjs\cpi win clima\versione_10\Tubi\iotubi.pas","varcarichi","C:\DOCUMENTI\bmsistemi\drivepsviluppo\prjs\cpi win clima\versione_10\CARICHI\varcarichi.pas"
"Tubazioni","C:\DOCUMENTI\bmsistemi\drivepsviluppo\prjs\cpi win clima\versione_10\Tubi\LOAD.PAS","definiz","C:\DOCUMENTI\bmsistemi\drivepsviluppo\prjs\cpi win clima\versione_10\Tubi\definiz.pas"
"Tubazioni","C:\DOCUMENTI\bmsistemi\drivepsviluppo\prjs\cpi win clima\versione_10\Tubi\LOAD.PAS","iotubi","C:\DOCUMENTI\bmsistemi\drivepsviluppo\prjs\cpi win clima\versione_10\Tubi\iotubi.pas"
"Tubazioni","C:\DOCUMENTI\bmsistemi\drivepsviluppo\prjs\cpi win clima\versione_10\Tubi\LOAD.PAS","LibreriaGenerale","C:\DOCUMENTI\bmsistemi\drivepsviluppo\prjs\cpi win clima\versione_10\comuni\libreriagenerale.pas"
"Tubazioni","C:\DOCUMENTI\bmsistemi\drivepsviluppo\prjs\cpi win clima\versione_10\Tubi\LOAD.PAS","UUtigen","C:\DOCUMENTI\bmsistemi\drivepsviluppo\prjs\cpi win clima\versione_10\Tubi\UUtigen.pas"
"Tubazioni","C:\DOCUMENTI\bmsistemi\drivepsviluppo\prjs\cpi win clima\versione_10\Tubi\LOAD.PAS","varcarichi","C:\DOCUMENTI\bmsistemi\drivepsviluppo\prjs\cpi win clima\versione_10\CARICHI\varcarichi.pas"
"Tubazioni","C:\DOCUMENTI\bmsistemi\drivepsviluppo\prjs\cpi win clima\versione_10\Tubi\oldstampe.pas","definiz","C:\DOCUMENTI\bmsistemi\drivepsviluppo\prjs\cpi win clima\versione_10\Tubi\definiz.pas"
"Tubazioni","C:\DOCUMENTI\bmsistemi\drivepsviluppo\prjs\cpi win clima\versione_10\Tubi\oldstampe.pas","iotubi","C:\DOCUMENTI\bmsistemi\drivepsviluppo\prjs\cpi win clima\versione_10\Tubi\iotubi.pas"
"Tubazioni","C:\DOCUMENTI\bmsistemi\drivepsviluppo\prjs\cpi win clima\versione_10\Tubi\oldstampe.pas","LibreriaGenerale","C:\DOCUMENTI\bmsistemi\drivepsviluppo\prjs\cpi win clima\versione_10\comuni\libreriagenerale.pas"
"Tubazioni","C:\DOCUMENTI\bmsistemi\drivepsviluppo\prjs\cpi win clima\versione_10\Tubi\oldstampe.pas","load","C:\DOCUMENTI\bmsistemi\drivepsviluppo\prjs\cpi win clima\versione_10\Tubi\LOAD.PAS"
"Tubazioni","C:\DOCUMENTI\bmsistemi\drivepsviluppo\prjs\cpi win clima\versione_10\Tubi\oldstampe.pas","stampa3","C:\DOCUMENTI\bmsistemi\drivepsviluppo\prjs\cpi win clima\versione_10\Tubi\STAMPA3.PAS"
"Tubazioni","C:\DOCUMENTI\bmsistemi\drivepsviluppo\prjs\cpi win clima\versione_10\Tubi\oldstampe.pas","stampa4","C:\DOCUMENTI\bmsistemi\drivepsviluppo\prjs\cpi win clima\versione_10\Tubi\STAMPA4.PAS"
"Tubazioni","C:\DOCUMENTI\bmsistemi\drivepsviluppo\prjs\cpi win clima\versione_10\Tubi\oldstampe.pas","uti_calc","C:\DOCUMENTI\bmsistemi\drivepsviluppo\prjs\cpi win clima\versione_10\Tubi\UTI_CALC.PAS"
"Tubazioni","C:\DOCUMENTI\bmsistemi\drivepsviluppo\prjs\cpi win clima\versione_10\Tubi\oldstampe.pas","varcarichi","C:\DOCUMENTI\bmsistemi\drivepsviluppo\prjs\cpi win clima\versione_10\CARICHI\varcarichi.pas"
"Tubazioni","C:\DOCUMENTI\bmsistemi\drivepsviluppo\prjs\cpi win clima\versione_10\Tubi\OutDXFBM.pas","LibreriaGenerale","C:\DOCUMENTI\bmsistemi\drivepsviluppo\prjs\cpi win clima\versione_10\comuni\libreriagenerale.pas"
"Tubazioni","C:\DOCUMENTI\bmsistemi\drivepsviluppo\prjs\cpi win clima\versione_10\Tubi\Pannelli.pas","calcolo_tubi","C:\DOCUMENTI\bmsistemi\drivepsviluppo\prjs\cpi win clima\versione_10\Tubi\Calcolo_Tubi.pas"
"Tubazioni","C:\DOCUMENTI\bmsistemi\drivepsviluppo\prjs\cpi win clima\versione_10\Tubi\Pannelli.pas","copiacaricatabelle","C:\DOCUMENTI\bmsistemi\drivepsviluppo\prjs\cpi win clima\versione_10\3D\CopiaCaricatabelle.pas"
"Tubazioni","C:\DOCUMENTI\bmsistemi\drivepsviluppo\prjs\cpi win clima\versione_10\Tubi\Pannelli.pas","definiz","C:\DOCUMENTI\bmsistemi\drivepsviluppo\prjs\cpi win clima\versione_10\Tubi\definiz.pas"
"Tubazioni","C:\DOCUMENTI\bmsistemi\drivepsviluppo\prjs\cpi win clima\versione_10\Tubi\Pannelli.pas","impterm","C:\DOCUMENTI\bmsistemi\drivepsviluppo\prjs\cpi win clima\versione_10\Tubi\impterm.pas"
"Tubazioni","C:\DOCUMENTI\bmsistemi\drivepsviluppo\prjs\cpi win clima\versione_10\Tubi\Pannelli.pas","libreriagenerale","C:\DOCUMENTI\bmsistemi\drivepsviluppo\prjs\cpi win clima\versione_10\comuni\libreriagenerale.pas"
"Tubazioni","C:\DOCUMENTI\bmsistemi\drivepsviluppo\prjs\cpi win clima\versione_10\Tubi\Pannelli.pas","progress3d","C:\DOCUMENTI\bmsistemi\drivepsviluppo\prjs\cpi win clima\versione_10\3D\progress3D.pas"
"Tubazioni","C:\DOCUMENTI\bmsistemi\drivepsviluppo\prjs\cpi win clima\versione_10\Tubi\Pannelli.pas","ugrafodxf","C:\DOCUMENTI\bmsistemi\drivepsviluppo\prjs\cpi win clima\versione_10\Tubi\UGrafoDXF.pas"
"Tubazioni","C:\DOCUMENTI\bmsistemi\drivepsviluppo\prjs\cpi win clima\versione_10\Tubi\Pannelli.pas","utireport","C:\DOCUMENTI\bmsistemi\drivepsviluppo\prjs\cpi win clima\versione_10\comuni\report\Utireport.pas"
"Tubazioni","C:\DOCUMENTI\bmsistemi\drivepsviluppo\prjs\cpi win clima\versione_10\Tubi\Pannelli.pas","varcarichi","C:\DOCUMENTI\bmsistemi\drivepsviluppo\prjs\cpi win clima\versione_10\CARICHI\varcarichi.pas"
"Tubazioni","C:\DOCUMENTI\bmsistemi\drivepsviluppo\prjs\cpi win clima\versione_10\Tubi\PUtilityzeta.dpr","LibreriaGenerale","C:\DOCUMENTI\bmsistemi\drivepsviluppo\prjs\cpi win clima\versione_10\comuni\LibreriaGenerale.pas"
"Tubazioni","C:\DOCUMENTI\bmsistemi\drivepsviluppo\prjs\cpi win clima\versione_10\Tubi\PUtilityzeta.dpr","UtilityZeta","C:\DOCUMENTI\bmsistemi\drivepsviluppo\prjs\cpi win clima\versione_10\Tubi\UtilityZeta.pas"
"Tubazioni","C:\DOCUMENTI\bmsistemi\drivepsviluppo\prjs\cpi win clima\versione_10\Tubi\RITORNO.PAS","angoli","C:\DOCUMENTI\bmsistemi\drivepsviluppo\prjs\cpi win clima\versione_10\Tubi\Angoli.pas"
"Tubazioni","C:\DOCUMENTI\bmsistemi\drivepsviluppo\prjs\cpi win clima\versione_10\Tubi\RITORNO.PAS","Definiz","C:\DOCUMENTI\bmsistemi\drivepsviluppo\prjs\cpi win clima\versione_10\Tubi\definiz.pas"
"Tubazioni","C:\DOCUMENTI\bmsistemi\drivepsviluppo\prjs\cpi win clima\versione_10\Tubi\RITORNO.PAS","UGrafoDXF","C:\DOCUMENTI\bmsistemi\drivepsviluppo\prjs\cpi win clima\versione_10\Tubi\UGrafoDXF.pas"
"Tubazioni","C:\DOCUMENTI\bmsistemi\drivepsviluppo\prjs\cpi win clima\versione_10\Tubi\RITORNODXF 19-11-2010.pas","angoli","C:\DOCUMENTI\bmsistemi\drivepsviluppo\prjs\cpi win clima\versione_10\Tubi\Angoli.pas"
"Tubazioni","C:\DOCUMENTI\bmsistemi\drivepsviluppo\prjs\cpi win clima\versione_10\Tubi\RITORNODXF 19-11-2010.pas","collettori","C:\DOCUMENTI\bmsistemi\drivepsviluppo\prjs\cpi win clima\versione_10\Tubi\collettori.pas"
"Tubazioni","C:\DOCUMENTI\bmsistemi\drivepsviluppo\prjs\cpi win clima\versione_10\Tubi\RITORNODXF 19-11-2010.pas","Definiz","C:\DOCUMENTI\bmsistemi\drivepsviluppo\prjs\cpi win clima\versione_10\Tubi\definiz.pas"
"Tubazioni","C:\DOCUMENTI\bmsistemi\drivepsviluppo\prjs\cpi win clima\versione_10\Tubi\RITORNODXF 19-11-2010.pas","gestdim","C:\DOCUMENTI\bmsistemi\drivepsviluppo\prjs\cpi win clima\versione_10\3D\GestDim.pas"
"Tubazioni","C:\DOCUMENTI\bmsistemi\drivepsviluppo\prjs\cpi win clima\versione_10\Tubi\RITORNODXF 19-11-2010.pas","libreriagenerale","C:\DOCUMENTI\bmsistemi\drivepsviluppo\prjs\cpi win clima\versione_10\comuni\libreriagenerale.pas"
"Tubazioni","C:\DOCUMENTI\bmsistemi\drivepsviluppo\prjs\cpi win clima\versione_10\Tubi\RITORNODXF 19-11-2010.pas","spirali","C:\DOCUMENTI\bmsistemi\drivepsviluppo\prjs\cpi win clima\versione_10\Tubi\spirali.pas"
"Tubazioni","C:\DOCUMENTI\bmsistemi\drivepsviluppo\prjs\cpi win clima\versione_10\Tubi\RITORNODXF 19-11-2010.pas","ugrafodxf","C:\DOCUMENTI\bmsistemi\drivepsviluppo\prjs\cpi win clima\versione_10\Tubi\UGrafoDXF.pas"
"Tubazioni","C:\DOCUMENTI\bmsistemi\drivepsviluppo\prjs\cpi win clima\versione_10\Tubi\RITORNODXF 19-11-2010.pas","varcarichi","C:\DOCUMENTI\bmsistemi\drivepsviluppo\prjs\cpi win clima\versione_10\CARICHI\varcarichi.pas"
"Tubazioni","C:\DOCUMENTI\bmsistemi\drivepsviluppo\prjs\cpi win clima\versione_10\Tubi\RITORNODXF.pas","angoli","C:\DOCUMENTI\bmsistemi\drivepsviluppo\prjs\cpi win clima\versione_10\Tubi\Angoli.pas"
"Tubazioni","C:\DOCUMENTI\bmsistemi\drivepsviluppo\prjs\cpi win clima\versione_10\Tubi\RITORNODXF.pas","collettori","C:\DOCUMENTI\bmsistemi\drivepsviluppo\prjs\cpi win clima\versione_10\Tubi\collettori.pas"
"Tubazioni","C:\DOCUMENTI\bmsistemi\drivepsviluppo\prjs\cpi win clima\versione_10\Tubi\RITORNODXF.pas","Definiz","C:\DOCUMENTI\bmsistemi\drivepsviluppo\prjs\cpi win clima\versione_10\Tubi\definiz.pas"
"Tubazioni","C:\DOCUMENTI\bmsistemi\drivepsviluppo\prjs\cpi win clima\versione_10\Tubi\RITORNODXF.pas","gestdim","C:\DOCUMENTI\bmsistemi\drivepsviluppo\prjs\cpi win clima\versione_10\3D\GestDim.pas"
"Tubazioni","C:\DOCUMENTI\bmsistemi\drivepsviluppo\prjs\cpi win clima\versione_10\Tubi\RITORNODXF.pas","libreriagenerale","C:\DOCUMENTI\bmsistemi\drivepsviluppo\prjs\cpi win clima\versione_10\comuni\libreriagenerale.pas"
"Tubazioni","C:\DOCUMENTI\bmsistemi\drivepsviluppo\prjs\cpi win clima\versione_10\Tubi\RITORNODXF.pas","spirali","C:\DOCUMENTI\bmsistemi\drivepsviluppo\prjs\cpi win clima\versione_10\Tubi\spirali.pas"
"Tubazioni","C:\DOCUMENTI\bmsistemi\drivepsviluppo\prjs\cpi win clima\versione_10\Tubi\RITORNODXF.pas","ugrafodxf","C:\DOCUMENTI\bmsistemi\drivepsviluppo\prjs\cpi win clima\versione_10\Tubi\UGrafoDXF.pas"
"Tubazioni","C:\DOCUMENTI\bmsistemi\drivepsviluppo\prjs\cpi win clima\versione_10\Tubi\RITORNODXF.pas","varcarichi","C:\DOCUMENTI\bmsistemi\drivepsviluppo\prjs\cpi win clima\versione_10\CARICHI\varcarichi.pas"
"Tubazioni","C:\DOCUMENTI\bmsistemi\drivepsviluppo\prjs\cpi win clima\versione_10\Tubi\spirali vecchio.pas","angoli","C:\DOCUMENTI\bmsistemi\drivepsviluppo\prjs\cpi win clima\versione_10\Tubi\Angoli.pas"
"Tubazioni","C:\DOCUMENTI\bmsistemi\drivepsviluppo\prjs\cpi win clima\versione_10\Tubi\spirali vecchio.pas","definiz","C:\DOCUMENTI\bmsistemi\drivepsviluppo\prjs\cpi win clima\versione_10\Tubi\definiz.pas"
"Tubazioni","C:\DOCUMENTI\bmsistemi\drivepsviluppo\prjs\cpi win clima\versione_10\Tubi\spirali vecchio.pas","gestdim","C:\DOCUMENTI\bmsistemi\drivepsviluppo\prjs\cpi win clima\versione_10\3D\GestDim.pas"
"Tubazioni","C:\DOCUMENTI\bmsistemi\drivepsviluppo\prjs\cpi win clima\versione_10\Tubi\spirali vecchio.pas","impterm","C:\DOCUMENTI\bmsistemi\drivepsviluppo\prjs\cpi win clima\versione_10\Tubi\impterm.pas"
"Tubazioni","C:\DOCUMENTI\bmsistemi\drivepsviluppo\prjs\cpi win clima\versione_10\Tubi\spirali vecchio.pas","libreriagenerale","C:\DOCUMENTI\bmsistemi\drivepsviluppo\prjs\cpi win clima\versione_10\comuni\libreriagenerale.pas"
"Tubazioni","C:\DOCUMENTI\bmsistemi\drivepsviluppo\prjs\cpi win clima\versione_10\Tubi\spirali vecchio.pas","progress3d","C:\DOCUMENTI\bmsistemi\drivepsviluppo\prjs\cpi win clima\versione_10\3D\progress3D.pas"
"Tubazioni","C:\DOCUMENTI\bmsistemi\drivepsviluppo\prjs\cpi win clima\versione_10\Tubi\spirali vecchio.pas","ritornodxf","C:\DOCUMENTI\bmsistemi\drivepsviluppo\prjs\cpi win clima\versione_10\Tubi\RITORNODXF.pas"
"Tubazioni","C:\DOCUMENTI\bmsistemi\drivepsviluppo\prjs\cpi win clima\versione_10\Tubi\spirali vecchio.pas","varcarichi","C:\DOCUMENTI\bmsistemi\drivepsviluppo\prjs\cpi win clima\versione_10\CARICHI\varcarichi.pas"
"Tubazioni","C:\DOCUMENTI\bmsistemi\drivepsviluppo\prjs\cpi win clima\versione_10\Tubi\spirali.pas","angoli","C:\DOCUMENTI\bmsistemi\drivepsviluppo\prjs\cpi win clima\versione_10\Tubi\Angoli.pas"
"Tubazioni","C:\DOCUMENTI\bmsistemi\drivepsviluppo\prjs\cpi win clima\versione_10\Tubi\spirali.pas","definiz","C:\DOCUMENTI\bmsistemi\drivepsviluppo\prjs\cpi win clima\versione_10\Tubi\definiz.pas"
"Tubazioni","C:\DOCUMENTI\bmsistemi\drivepsviluppo\prjs\cpi win clima\versione_10\Tubi\spirali.pas","gestdim","C:\DOCUMENTI\bmsistemi\drivepsviluppo\prjs\cpi win clima\versione_10\3D\GestDim.pas"
"Tubazioni","C:\DOCUMENTI\bmsistemi\drivepsviluppo\prjs\cpi win clima\versione_10\Tubi\spirali.pas","impterm","C:\DOCUMENTI\bmsistemi\drivepsviluppo\prjs\cpi win clima\versione_10\Tubi\impterm.pas"
"Tubazioni","C:\DOCUMENTI\bmsistemi\drivepsviluppo\prjs\cpi win clima\versione_10\Tubi\spirali.pas","libreriagenerale","C:\DOCUMENTI\bmsistemi\drivepsviluppo\prjs\cpi win clima\versione_10\comuni\libreriagenerale.pas"
"Tubazioni","C:\DOCUMENTI\bmsistemi\drivepsviluppo\prjs\cpi win clima\versione_10\Tubi\spirali.pas","progress3d","C:\DOCUMENTI\bmsistemi\drivepsviluppo\prjs\cpi win clima\versione_10\3D\progress3D.pas"
"Tubazioni","C:\DOCUMENTI\bmsistemi\drivepsviluppo\prjs\cpi win clima\versione_10\Tubi\spirali.pas","ritornodxf","C:\DOCUMENTI\bmsistemi\drivepsviluppo\prjs\cpi win clima\versione_10\Tubi\RITORNODXF.pas"
"Tubazioni","C:\DOCUMENTI\bmsistemi\drivepsviluppo\prjs\cpi win clima\versione_10\Tubi\spirali.pas","varcarichi","C:\DOCUMENTI\bmsistemi\drivepsviluppo\prjs\cpi win clima\versione_10\CARICHI\varcarichi.pas"
"Tubazioni","C:\DOCUMENTI\bmsistemi\drivepsviluppo\prjs\cpi win clima\versione_10\Tubi\STAMPA3.PAS","definiz","C:\DOCUMENTI\bmsistemi\drivepsviluppo\prjs\cpi win clima\versione_10\Tubi\definiz.pas"
"Tubazioni","C:\DOCUMENTI\bmsistemi\drivepsviluppo\prjs\cpi win clima\versione_10\Tubi\STAMPA3.PAS","iotubi","C:\DOCUMENTI\bmsistemi\drivepsviluppo\prjs\cpi win clima\versione_10\Tubi\iotubi.pas"
"Tubazioni","C:\DOCUMENTI\bmsistemi\drivepsviluppo\prjs\cpi win clima\versione_10\Tubi\STAMPA3.PAS","LibreriaGenerale","C:\DOCUMENTI\bmsistemi\drivepsviluppo\prjs\cpi win clima\versione_10\comuni\libreriagenerale.pas"
"Tubazioni","C:\DOCUMENTI\bmsistemi\drivepsviluppo\prjs\cpi win clima\versione_10\Tubi\STAMPA3.PAS","load","C:\DOCUMENTI\bmsistemi\drivepsviluppo\prjs\cpi win clima\versione_10\Tubi\LOAD.PAS"
"Tubazioni","C:\DOCUMENTI\bmsistemi\drivepsviluppo\prjs\cpi win clima\versione_10\Tubi\STAMPA3.PAS","UUtigen","C:\DOCUMENTI\bmsistemi\drivepsviluppo\prjs\cpi win clima\versione_10\Tubi\UUtigen.pas"
"Tubazioni","C:\DOCUMENTI\bmsistemi\drivepsviluppo\prjs\cpi win clima\versione_10\Tubi\STAMPA4.PAS","definiz","C:\DOCUMENTI\bmsistemi\drivepsviluppo\prjs\cpi win clima\versione_10\Tubi\definiz.pas"
"Tubazioni","C:\DOCUMENTI\bmsistemi\drivepsviluppo\prjs\cpi win clima\versione_10\Tubi\STAMPA4.PAS","iotubi","C:\DOCUMENTI\bmsistemi\drivepsviluppo\prjs\cpi win clima\versione_10\Tubi\iotubi.pas"
"Tubazioni","C:\DOCUMENTI\bmsistemi\drivepsviluppo\prjs\cpi win clima\versione_10\Tubi\STAMPA4.PAS","LibreriaGenerale","C:\DOCUMENTI\bmsistemi\drivepsviluppo\prjs\cpi win clima\versione_10\comuni\libreriagenerale.pas"
"Tubazioni","C:\DOCUMENTI\bmsistemi\drivepsviluppo\prjs\cpi win clima\versione_10\Tubi\STAMPA4.PAS","load","C:\DOCUMENTI\bmsistemi\drivepsviluppo\prjs\cpi win clima\versione_10\Tubi\LOAD.PAS"
"Tubazioni","C:\DOCUMENTI\bmsistemi\drivepsviluppo\prjs\cpi win clima\versione_10\Tubi\STAMPA4.PAS","UUtigen","C:\DOCUMENTI\bmsistemi\drivepsviluppo\prjs\cpi win clima\versione_10\Tubi\UUtigen.pas"
"Tubazioni","C:\DOCUMENTI\bmsistemi\drivepsviluppo\prjs\cpi win clima\versione_10\Tubi\STAMPA4.PAS","varcarichi","C:\DOCUMENTI\bmsistemi\drivepsviluppo\prjs\cpi win clima\versione_10\CARICHI\varcarichi.pas"
"Tubazioni","C:\DOCUMENTI\bmsistemi\drivepsviluppo\prjs\cpi win clima\versione_10\Tubi\UGrafoDXF.pas","Angoli","C:\DOCUMENTI\bmsistemi\drivepsviluppo\prjs\cpi win clima\versione_10\Tubi\Angoli.pas"
"Tubazioni","C:\DOCUMENTI\bmsistemi\drivepsviluppo\prjs\cpi win clima\versione_10\Tubi\UGrafoDXF.pas","Definiz","C:\DOCUMENTI\bmsistemi\drivepsviluppo\prjs\cpi win clima\versione_10\Tubi\definiz.pas"
"Tubazioni","C:\DOCUMENTI\bmsistemi\drivepsviluppo\prjs\cpi win clima\versione_10\Tubi\UGrafoDXF.pas","esplodigrafo","C:\DOCUMENTI\bmsistemi\drivepsviluppo\prjs\cpi win clima\versione_10\Tubi\esplodigrafo.pas"
"Tubazioni","C:\DOCUMENTI\bmsistemi\drivepsviluppo\prjs\cpi win clima\versione_10\Tubi\UGrafoDXF.pas","LibreriaGenerale","C:\DOCUMENTI\bmsistemi\drivepsviluppo\prjs\cpi win clima\versione_10\comuni\libreriagenerale.pas"
"Tubazioni","C:\DOCUMENTI\bmsistemi\drivepsviluppo\prjs\cpi win clima\versione_10\Tubi\UGrafoDXF.pas","Ritorno","C:\DOCUMENTI\bmsistemi\drivepsviluppo\prjs\cpi win clima\versione_10\Tubi\RITORNO.PAS"
"Tubazioni","C:\DOCUMENTI\bmsistemi\drivepsviluppo\prjs\cpi win clima\versione_10\Tubi\UGrafoDXF.pas","ULeggiTXT","C:\DOCUMENTI\bmsistemi\drivepsviluppo\prjs\cpi win clima\versione_10\Tubi\Uleggitxt.pas"
"Tubazioni","C:\DOCUMENTI\bmsistemi\drivepsviluppo\prjs\cpi win clima\versione_10\Tubi\UGrafoDXF.pas","umain_calcTubi","C:\DOCUMENTI\bmsistemi\drivepsviluppo\prjs\cpi win clima\versione_10\Tubi\UMain_CalcTubi.pas"
"Tubazioni","C:\DOCUMENTI\bmsistemi\drivepsviluppo\prjs\cpi win clima\versione_10\Tubi\UGrafoDXF.pas","Varcarichi","C:\DOCUMENTI\bmsistemi\drivepsviluppo\prjs\cpi win clima\versione_10\CARICHI\varcarichi.pas"
"Tubazioni","C:\DOCUMENTI\bmsistemi\drivepsviluppo\prjs\cpi win clima\versione_10\Tubi\Uleggitxt.pas","definiz","C:\DOCUMENTI\bmsistemi\drivepsviluppo\prjs\cpi win clima\versione_10\Tubi\definiz.pas"
"Tubazioni","C:\DOCUMENTI\bmsistemi\drivepsviluppo\prjs\cpi win clima\versione_10\Tubi\Uleggitxt.pas","Libreriagenerale","C:\DOCUMENTI\bmsistemi\drivepsviluppo\prjs\cpi win clima\versione_10\comuni\libreriagenerale.pas"
"Tubazioni","C:\DOCUMENTI\bmsistemi\drivepsviluppo\prjs\cpi win clima\versione_10\Tubi\Uleggitxt.pas","mess_reti","C:\DOCUMENTI\bmsistemi\drivepsviluppo\prjs\cpi win clima\versione_10\3D\Mess_reti.pas"
"Tubazioni","C:\DOCUMENTI\bmsistemi\drivepsviluppo\prjs\cpi win clima\versione_10\Tubi\Uleggitxt.pas","Umain_calctubi","C:\DOCUMENTI\bmsistemi\drivepsviluppo\prjs\cpi win clima\versione_10\Tubi\UMain_CalcTubi.pas"
"Tubazioni","C:\DOCUMENTI\bmsistemi\drivepsviluppo\prjs\cpi win clima\versione_10\Tubi\UMain_CalcTubi.pas","Calcolo","C:\DOCUMENTI\bmsistemi\drivepsviluppo\prjs\cpi win clima\versione_10\CARICHI\tamponamenti\Calcolo.pas"
"Tubazioni","C:\DOCUMENTI\bmsistemi\drivepsviluppo\prjs\cpi win clima\versione_10\Tubi\UMain_CalcTubi.pas","CalcoloCanali","C:\DOCUMENTI\sd\sorgenti\bm-sd\CANALI\CalcoloCanali.pas"
"Tubazioni","C:\DOCUMENTI\bmsistemi\drivepsviluppo\prjs\cpi win clima\versione_10\Tubi\UMain_CalcTubi.pas","Definiz","C:\DOCUMENTI\bmsistemi\drivepsviluppo\prjs\cpi win clima\versione_10\Tubi\definiz.pas"
"Tubazioni","C:\DOCUMENTI\bmsistemi\drivepsviluppo\prjs\cpi win clima\versione_10\Tubi\UMain_CalcTubi.pas","disperrori","C:\DOCUMENTI\sd\sorgenti\bm-sd\CANALI\disperrori.pas"
"Tubazioni","C:\DOCUMENTI\bmsistemi\drivepsviluppo\prjs\cpi win clima\versione_10\Tubi\UMain_CalcTubi.pas","Grafica","C:\DOCUMENTI\bmsistemi\drivepsviluppo\prjs\cpi win clima\versione_10\comuni\Grafica\Grafica.pas"
"Tubazioni","C:\DOCUMENTI\bmsistemi\drivepsviluppo\prjs\cpi win clima\versione_10\Tubi\UMain_CalcTubi.pas","ImpTerm","C:\DOCUMENTI\bmsistemi\drivepsviluppo\prjs\cpi win clima\versione_10\Tubi\impterm.pas"
"Tubazioni","C:\DOCUMENTI\bmsistemi\drivepsviluppo\prjs\cpi win clima\versione_10\Tubi\UMain_CalcTubi.pas","InitPunt_Tubi","C:\DOCUMENTI\bmsistemi\drivepsviluppo\prjs\cpi win clima\versione_10\Tubi\InitPunt_Tubi.pas"
"Tubazioni","C:\DOCUMENTI\bmsistemi\drivepsviluppo\prjs\cpi win clima\versione_10\Tubi\UMain_CalcTubi.pas","Libreriagenerale","C:\DOCUMENTI\bmsistemi\drivepsviluppo\prjs\cpi win clima\versione_10\comuni\libreriagenerale.pas"
"Tubazioni","C:\DOCUMENTI\bmsistemi\drivepsviluppo\prjs\cpi win clima\versione_10\Tubi\UMain_CalcTubi.pas","OutDXFBM","C:\DOCUMENTI\bmsistemi\drivepsviluppo\prjs\cpi win clima\versione_10\Tubi\OutDXFBM.pas"
"Tubazioni","C:\DOCUMENTI\bmsistemi\drivepsviluppo\prjs\cpi win clima\versione_10\Tubi\UMain_CalcTubi.pas","Ritorno","C:\DOCUMENTI\bmsistemi\drivepsviluppo\prjs\cpi win clima\versione_10\Tubi\RITORNO.PAS"
"Tubazioni","C:\DOCUMENTI\bmsistemi\drivepsviluppo\prjs\cpi win clima\versione_10\Tubi\UMain_CalcTubi.pas","RitornoDXF","C:\DOCUMENTI\bmsistemi\drivepsviluppo\prjs\cpi win clima\versione_10\Tubi\RITORNODXF.pas"
"Tubazioni","C:\DOCUMENTI\bmsistemi\drivepsviluppo\prjs\cpi win clima\versione_10\Tubi\UMain_CalcTubi.pas","TooL_Visualizza","C:\DOCUMENTI\bmsistemi\drivepsviluppo\prjs\cpi win clima\versione_10\DllPrincipaleTermico\forms\Tool_visualizza.pas"
"Tubazioni","C:\DOCUMENTI\bmsistemi\drivepsviluppo\prjs\cpi win clima\versione_10\Tubi\UMain_CalcTubi.pas","UGrafodxf","C:\DOCUMENTI\bmsistemi\drivepsviluppo\prjs\cpi win clima\versione_10\Tubi\UGrafoDXF.pas"
"Tubazioni","C:\DOCUMENTI\bmsistemi\drivepsviluppo\prjs\cpi win clima\versione_10\Tubi\UMain_CalcTubi.pas","Uleggitxt","C:\DOCUMENTI\bmsistemi\drivepsviluppo\prjs\cpi win clima\versione_10\Tubi\Uleggitxt.pas"
"Tubazioni","C:\DOCUMENTI\bmsistemi\drivepsviluppo\prjs\cpi win clima\versione_10\Tubi\UMain_CalcTubi.pas","UStampe","C:\DOCUMENTI\bmsistemi\drivepsviluppo\prjs\cpi win clima\versione_10\Tubi\UStampe.pas"
"Tubazioni","C:\DOCUMENTI\bmsistemi\drivepsviluppo\prjs\cpi win clima\versione_10\Tubi\UMain_CalcTubi.pas","UTiReport","C:\DOCUMENTI\bmsistemi\drivepsviluppo\prjs\cpi win clima\versione_10\comuni\report\Utireport.pas"
"Tubazioni","C:\DOCUMENTI\bmsistemi\drivepsviluppo\prjs\cpi win clima\versione_10\Tubi\UStampe.pas","DBTables","C:\DOCUMENTI\sd\sorgenti\bm-sd\componenti\kbmmem\bdenew\DbTables.pas"
"Tubazioni","C:\DOCUMENTI\bmsistemi\drivepsviluppo\prjs\cpi win clima\versione_10\Tubi\UStampe.pas","Definiz","C:\DOCUMENTI\bmsistemi\drivepsviluppo\prjs\cpi win clima\versione_10\Tubi\definiz.pas"
"Tubazioni","C:\DOCUMENTI\bmsistemi\drivepsviluppo\prjs\cpi win clima\versione_10\Tubi\UStampe.pas","LibreriaGenerale","C:\DOCUMENTI\bmsistemi\drivepsviluppo\prjs\cpi win clima\versione_10\comuni\libreriagenerale.pas"
"Tubazioni","C:\DOCUMENTI\bmsistemi\drivepsviluppo\prjs\cpi win clima\versione_10\Tubi\UStampe.pas","pannelli","C:\DOCUMENTI\bmsistemi\drivepsviluppo\prjs\cpi win clima\versione_10\Tubi\Pannelli.pas"
"Tubazioni","C:\DOCUMENTI\bmsistemi\drivepsviluppo\prjs\cpi win clima\versione_10\Tubi\UStampe.pas","Utireport","C:\DOCUMENTI\bmsistemi\drivepsviluppo\prjs\cpi win clima\versione_10\comuni\report\Utireport.pas"
"Tubazioni","C:\DOCUMENTI\bmsistemi\drivepsviluppo\prjs\cpi win clima\versione_10\Tubi\UStampe.pas","Varcarichi","C:\DOCUMENTI\bmsistemi\drivepsviluppo\prjs\cpi win clima\versione_10\CARICHI\varcarichi.pas"
"Tubazioni","C:\DOCUMENTI\bmsistemi\drivepsviluppo\prjs\cpi win clima\versione_10\Tubi\UStampe.pas","Variabiligenerali","C:\DOCUMENTI\bmsistemi\drivepsviluppo\prjs\cpi win clima\versione_10\comuni\VariabiliGenerali.pas"
"Tubazioni","C:\DOCUMENTI\bmsistemi\drivepsviluppo\prjs\cpi win clima\versione_10\Tubi\UTI_CALC.PAS","calcolo_tubi","C:\DOCUMENTI\bmsistemi\drivepsviluppo\prjs\cpi win clima\versione_10\Tubi\Calcolo_Tubi.pas"
"Tubazioni","C:\DOCUMENTI\bmsistemi\drivepsviluppo\prjs\cpi win clima\versione_10\Tubi\UTI_CALC.PAS","Objects","C:\DOCUMENTI\sd\sorgenti\bm-sd\CANALI\Objects.pas"
"Tubazioni","C:\DOCUMENTI\bmsistemi\drivepsviluppo\prjs\cpi win clima\versione_10\Tubi\UTI_CALC.PAS","ODialogs","C:\DOCUMENTI\sd\sorgenti\bm-sd\CANALI\Odialogs.pas"
"Tubazioni","C:\DOCUMENTI\bmsistemi\drivepsviluppo\prjs\cpi win clima\versione_10\Tubi\UTI_CALC.PAS","OWindows","C:\DOCUMENTI\sd\sorgenti\bm-sd\CANALI\Owindows.pas"
"Tubazioni","C:\DOCUMENTI\bmsistemi\drivepsviluppo\prjs\cpi win clima\versione_10\Tubi\UTI_CALC.PAS","WinTypes","C:\DOCUMENTI\sd\sorgenti\bm-sd\CANALI\wintypes.pas"
"Tubazioni","C:\DOCUMENTI\bmsistemi\drivepsviluppo\prjs\cpi win clima\versione_10\Tubi\UtilityZeta.pas","libreriagenerale","C:\DOCUMENTI\bmsistemi\drivepsviluppo\prjs\cpi win clima\versione_10\comuni\libreriagenerale.pas"
"Tubazioni","C:\DOCUMENTI\sd\sorgenti\bm-sd\3dsd\Volumi.pas","geometria","C:\DOCUMENTI\sd\sorgenti\bm-sd\utils\Geometria.pas"
"Tubazioni","C:\DOCUMENTI\sd\sorgenti\bm-sd\CANALI\ANGOLI.PAS","definiz","C:\DOCUMENTI\bmsistemi\drivepsviluppo\prjs\cpi win clima\versione_10\Tubi\definiz.pas"
"Tubazioni","C:\DOCUMENTI\sd\sorgenti\bm-sd\CANALI\ANGOLI.PAS","Definizcan","C:\DOCUMENTI\sd\sorgenti\bm-sd\CANALI\definizcan.pas"
"Tubazioni","C:\DOCUMENTI\sd\sorgenti\bm-sd\CANALI\CalcoloCanali.pas","Copialibreriagenerale","C:\DOCUMENTI\bmsistemi\drivepsviluppo\prjs\cpi win clima\versione_10\allineamento emanuela\CodiciEstivo\Versione_10\CARICHI\calcoli\estivo\copiaLibreriaGenerale.pas"
"Tubazioni","C:\DOCUMENTI\sd\sorgenti\bm-sd\CANALI\CalcoloCanali.pas","definiz","C:\DOCUMENTI\bmsistemi\drivepsviluppo\prjs\cpi win clima\versione_10\Tubi\definiz.pas"
"Tubazioni","C:\DOCUMENTI\sd\sorgenti\bm-sd\CANALI\CalcoloCanali.pas","definizcan","C:\DOCUMENTI\sd\sorgenti\bm-sd\CANALI\definizcan.pas"
"Tubazioni","C:\DOCUMENTI\sd\sorgenti\bm-sd\CANALI\CalcoloCanali.pas","dimens","C:\DOCUMENTI\sd\sorgenti\bm-sd\CANALI\dimens.pas"
"Tubazioni","C:\DOCUMENTI\sd\sorgenti\bm-sd\CANALI\CalcoloCanali.pas","disperrori","C:\DOCUMENTI\sd\sorgenti\bm-sd\CANALI\disperrori.pas"
"Tubazioni","C:\DOCUMENTI\sd\sorgenti\bm-sd\CANALI\CalcoloCanali.pas","includitabelle","C:\DOCUMENTI\sd\sorgenti\bm-sd\CANALI\IncludiTabelle.pas"
"Tubazioni","C:\DOCUMENTI\sd\sorgenti\bm-sd\CANALI\CalcoloCanali.pas","U_cvcan","C:\DOCUMENTI\sd\sorgenti\bm-sd\CANALI\U_cvcan.pas"
"Tubazioni","C:\DOCUMENTI\sd\sorgenti\bm-sd\CANALI\CalcoloCanali.pas","u_cvcan1","C:\DOCUMENTI\sd\sorgenti\bm-sd\CANALI\u_cvcan1.pas"
"Tubazioni","C:\DOCUMENTI\sd\sorgenti\bm-sd\CANALI\CalcoloCanali.pas","unitcan","C:\DOCUMENTI\sd\sorgenti\bm-sd\CANALI\unitcan.pas"
"Tubazioni","C:\DOCUMENTI\sd\sorgenti\bm-sd\CANALI\CopiaTabelle.pas","DefinizCan","C:\DOCUMENTI\sd\sorgenti\bm-sd\CANALI\definizcan.pas"
"Tubazioni","C:\DOCUMENTI\sd\sorgenti\bm-sd\CANALI\definizcan.pas","definiz","C:\DOCUMENTI\bmsistemi\drivepsviluppo\prjs\cpi win clima\versione_10\Tubi\definiz.pas"
"Tubazioni","C:\DOCUMENTI\sd\sorgenti\bm-sd\CANALI\definizcan.pas","defuti","C:\DOCUMENTI\sd\sorgenti\bm-sd\CANALI\DEFUTI.pas"
"Tubazioni","C:\DOCUMENTI\sd\sorgenti\bm-sd\CANALI\definizcan.pas","Turbo3","C:\DOCUMENTI\sd\sorgenti\bm-sd\CANALI\Turbo3.pas"
"Tubazioni","C:\DOCUMENTI\sd\sorgenti\bm-sd\CANALI\DEMO.PAS","Dos","C:\DOCUMENTI\sd\sorgenti\bm-sd\CANALI\DOS.pas"
"Tubazioni","C:\DOCUMENTI\sd\sorgenti\bm-sd\CANALI\dimens.pas","Angoli","C:\DOCUMENTI\sd\sorgenti\bm-sd\CANALI\ANGOLI.PAS"
"Tubazioni","C:\DOCUMENTI\sd\sorgenti\bm-sd\CANALI\dimens.pas","copialibreriagenerale","C:\DOCUMENTI\bmsistemi\drivepsviluppo\prjs\cpi win clima\versione_10\allineamento emanuela\CodiciEstivo\Versione_10\CARICHI\calcoli\estivo\copiaLibreriaGenerale.pas"
"Tubazioni","C:\DOCUMENTI\sd\sorgenti\bm-sd\CANALI\dimens.pas","crdummy","C:\DOCUMENTI\sd\sorgenti\bm-sd\CANALI\CRDUMMY.PAS"
"Tubazioni","C:\DOCUMENTI\sd\sorgenti\bm-sd\CANALI\dimens.pas","definiz","C:\DOCUMENTI\bmsistemi\drivepsviluppo\prjs\cpi win clima\versione_10\Tubi\definiz.pas"
"Tubazioni","C:\DOCUMENTI\sd\sorgenti\bm-sd\CANALI\dimens.pas","definizcan","C:\DOCUMENTI\sd\sorgenti\bm-sd\CANALI\definizcan.pas"
"Tubazioni","C:\DOCUMENTI\sd\sorgenti\bm-sd\CANALI\dimens.pas","dummyfunction","C:\DOCUMENTI\sd\sorgenti\bm-sd\CANALI\dummyfunction.pas"
"Tubazioni","C:\DOCUMENTI\sd\sorgenti\bm-sd\CANALI\dimens.pas","FunzDim","C:\DOCUMENTI\sd\sorgenti\bm-sd\CANALI\funzdim.pas"
"Tubazioni","C:\DOCUMENTI\sd\sorgenti\bm-sd\CANALI\dimens.pas","FunzOver","C:\DOCUMENTI\sd\sorgenti\bm-sd\CANALI\FUNZOVER.PAS"
"Tubazioni","C:\DOCUMENTI\sd\sorgenti\bm-sd\CANALI\dimens.pas","init_cca","C:\DOCUMENTI\sd\sorgenti\bm-sd\CANALI\init_cca.pas"
"Tubazioni","C:\DOCUMENTI\sd\sorgenti\bm-sd\CANALI\dimens.pas","intcr","C:\DOCUMENTI\sd\sorgenti\bm-sd\CANALI\INTCR.PAS"
"Tubazioni","C:\DOCUMENTI\sd\sorgenti\bm-sd\CANALI\dimens.pas","interf3d","C:\DOCUMENTI\sd\sorgenti\bm-sd\CANALI\interf3d.pas"
"Tubazioni","C:\DOCUMENTI\sd\sorgenti\bm-sd\CANALI\dimens.pas","key","C:\DOCUMENTI\sd\sorgenti\bm-sd\CANALI\key.pas"
"Tubazioni","C:\DOCUMENTI\sd\sorgenti\bm-sd\CANALI\dimens.pas","Load_d","C:\DOCUMENTI\sd\sorgenti\bm-sd\CANALI\LOad_d.pas"
"Tubazioni","C:\DOCUMENTI\sd\sorgenti\bm-sd\CANALI\dimens.pas","percento","C:\DOCUMENTI\sd\sorgenti\bm-sd\CANALI\PERCENTO.PAS"
"Tubazioni","C:\DOCUMENTI\sd\sorgenti\bm-sd\CANALI\dimens.pas","pezzi","C:\DOCUMENTI\sd\sorgenti\bm-sd\CANALI\PEZZI.PAS"
"Tubazioni","C:\DOCUMENTI\sd\sorgenti\bm-sd\CANALI\dimens.pas","RuotaSez","C:\DOCUMENTI\sd\sorgenti\bm-sd\CANALI\RuotaSez.pas"
"Tubazioni","C:\DOCUMENTI\sd\sorgenti\bm-sd\CANALI\dimens.pas","U_310F","C:\DOCUMENTI\sd\sorgenti\bm-sd\CANALI\U_310F.pas"
"Tubazioni","C:\DOCUMENTI\sd\sorgenti\bm-sd\CANALI\dimens.pas","wm","C:\DOCUMENTI\sd\sorgenti\bm-sd\CANALI\WM.pas"
"Tubazioni","C:\DOCUMENTI\sd\sorgenti\bm-sd\CANALI\FUNZBASE.PAS","definiz","C:\DOCUMENTI\bmsistemi\drivepsviluppo\prjs\cpi win clima\versione_10\Tubi\definiz.pas"
"Tubazioni","C:\DOCUMENTI\sd\sorgenti\bm-sd\CANALI\FUNZBASE.PAS","definizcan","C:\DOCUMENTI\sd\sorgenti\bm-sd\CANALI\definizcan.pas"
"Tubazioni","C:\DOCUMENTI\sd\sorgenti\bm-sd\CANALI\FUNZBASE.PAS","dummyfunction","C:\DOCUMENTI\sd\sorgenti\bm-sd\CANALI\dummyfunction.pas"
"Tubazioni","C:\DOCUMENTI\sd\sorgenti\bm-sd\CANALI\FUNZBASE.PAS","esiste","C:\DOCUMENTI\sd\sorgenti\bm-sd\CANALI\ESISTE.PAS"
"Tubazioni","C:\DOCUMENTI\sd\sorgenti\bm-sd\CANALI\funzdim.pas","Angoli","C:\DOCUMENTI\sd\sorgenti\bm-sd\CANALI\ANGOLI.PAS"
"Tubazioni","C:\DOCUMENTI\sd\sorgenti\bm-sd\CANALI\funzdim.pas","Definiz","C:\DOCUMENTI\bmsistemi\drivepsviluppo\prjs\cpi win clima\versione_10\Tubi\definiz.pas"
"Tubazioni","C:\DOCUMENTI\sd\sorgenti\bm-sd\CANALI\funzdim.pas","DefinizCan","C:\DOCUMENTI\sd\sorgenti\bm-sd\CANALI\definizcan.pas"
"Tubazioni","C:\DOCUMENTI\sd\sorgenti\bm-sd\CANALI\FUNZOVER.PAS","Angoli","C:\DOCUMENTI\sd\sorgenti\bm-sd\CANALI\ANGOLI.PAS"
"Tubazioni","C:\DOCUMENTI\sd\sorgenti\bm-sd\CANALI\FUNZOVER.PAS","Definiz","C:\DOCUMENTI\bmsistemi\drivepsviluppo\prjs\cpi win clima\versione_10\Tubi\definiz.pas"
"Tubazioni","C:\DOCUMENTI\sd\sorgenti\bm-sd\CANALI\FUNZOVER.PAS","definizcan","C:\DOCUMENTI\sd\sorgenti\bm-sd\CANALI\definizcan.pas"
"Tubazioni","C:\DOCUMENTI\sd\sorgenti\bm-sd\CANALI\FUNZOVER.PAS","FunzDim","C:\DOCUMENTI\sd\sorgenti\bm-sd\CANALI\funzdim.pas"
"Tubazioni","C:\DOCUMENTI\sd\sorgenti\bm-sd\CANALI\Genproccan.pas","angoli","C:\DOCUMENTI\sd\sorgenti\bm-sd\CANALI\ANGOLI.PAS"
"Tubazioni","C:\DOCUMENTI\sd\sorgenti\bm-sd\CANALI\Genproccan.pas","definiz","C:\DOCUMENTI\bmsistemi\drivepsviluppo\prjs\cpi win clima\versione_10\Tubi\definiz.pas"
"Tubazioni","C:\DOCUMENTI\sd\sorgenti\bm-sd\CANALI\Genproccan.pas","definizcan","C:\DOCUMENTI\sd\sorgenti\bm-sd\CANALI\definizcan.pas"
"Tubazioni","C:\DOCUMENTI\sd\sorgenti\bm-sd\CANALI\Genproccan.pas","esiste","C:\DOCUMENTI\sd\sorgenti\bm-sd\CANALI\ESISTE.PAS"
"Tubazioni","C:\DOCUMENTI\sd\sorgenti\bm-sd\CANALI\Genproccan.pas","funzbase","C:\DOCUMENTI\sd\sorgenti\bm-sd\CANALI\FUNZBASE.PAS"
"Tubazioni","C:\DOCUMENTI\sd\sorgenti\bm-sd\CANALI\Genproccan.pas","WM","C:\DOCUMENTI\sd\sorgenti\bm-sd\CANALI\WM.pas"
"Tubazioni","C:\DOCUMENTI\sd\sorgenti\bm-sd\CANALI\GLOBFUNZcan.pas","angoli","C:\DOCUMENTI\sd\sorgenti\bm-sd\CANALI\ANGOLI.PAS"
"Tubazioni","C:\DOCUMENTI\sd\sorgenti\bm-sd\CANALI\GLOBFUNZcan.pas","definiz","C:\DOCUMENTI\bmsistemi\drivepsviluppo\prjs\cpi win clima\versione_10\Tubi\definiz.pas"
"Tubazioni","C:\DOCUMENTI\sd\sorgenti\bm-sd\CANALI\GLOBFUNZcan.pas","definizcan","C:\DOCUMENTI\sd\sorgenti\bm-sd\CANALI\definizcan.pas"
"Tubazioni","C:\DOCUMENTI\sd\sorgenti\bm-sd\CANALI\GLOBFUNZcan.pas","dummyfunction","C:\DOCUMENTI\sd\sorgenti\bm-sd\CANALI\dummyfunction.pas"
"Tubazioni","C:\DOCUMENTI\sd\sorgenti\bm-sd\CANALI\GLOBFUNZcan.pas","funzbase","C:\DOCUMENTI\sd\sorgenti\bm-sd\CANALI\FUNZBASE.PAS"
"Tubazioni","C:\DOCUMENTI\sd\sorgenti\bm-sd\CANALI\GLOBFUNZcan.pas","Genproccan","C:\DOCUMENTI\sd\sorgenti\bm-sd\CANALI\Genproccan.pas"
"Tubazioni","C:\DOCUMENTI\sd\sorgenti\bm-sd\CANALI\GLOBFUNZcan.pas","WM","C:\DOCUMENTI\sd\sorgenti\bm-sd\CANALI\WM.pas"
"Tubazioni","C:\DOCUMENTI\sd\sorgenti\bm-sd\CANALI\IncludiTabelle.pas","copialibreriagenerale","C:\DOCUMENTI\bmsistemi\drivepsviluppo\prjs\cpi win clima\versione_10\allineamento emanuela\CodiciEstivo\Versione_10\CARICHI\calcoli\estivo\copiaLibreriaGenerale.pas"
"Tubazioni","C:\DOCUMENTI\sd\sorgenti\bm-sd\CANALI\IncludiTabelle.pas","DefinizCan","C:\DOCUMENTI\sd\sorgenti\bm-sd\CANALI\definizcan.pas"
"Tubazioni","C:\DOCUMENTI\sd\sorgenti\bm-sd\CANALI\init_cca.pas","Copialibreriagenerale","C:\DOCUMENTI\bmsistemi\drivepsviluppo\prjs\cpi win clima\versione_10\allineamento emanuela\CodiciEstivo\Versione_10\CARICHI\calcoli\estivo\copiaLibreriaGenerale.pas"
"Tubazioni","C:\DOCUMENTI\sd\sorgenti\bm-sd\CANALI\init_cca.pas","crt","C:\DOCUMENTI\sd\sorgenti\bm-sd\CANALI\CRT.pas"
"Tubazioni","C:\DOCUMENTI\sd\sorgenti\bm-sd\CANALI\init_cca.pas","definiz","C:\DOCUMENTI\bmsistemi\drivepsviluppo\prjs\cpi win clima\versione_10\Tubi\definiz.pas"
"Tubazioni","C:\DOCUMENTI\sd\sorgenti\bm-sd\CANALI\init_cca.pas","definizcan","C:\DOCUMENTI\sd\sorgenti\bm-sd\CANALI\definizcan.pas"
"Tubazioni","C:\DOCUMENTI\sd\sorgenti\bm-sd\CANALI\init_cca.pas","defuti","C:\DOCUMENTI\sd\sorgenti\bm-sd\CANALI\DEFUTI.pas"
"Tubazioni","C:\DOCUMENTI\sd\sorgenti\bm-sd\CANALI\init_cca.pas","demo","C:\DOCUMENTI\sd\sorgenti\bm-sd\CANALI\DEMO.PAS"
"Tubazioni","C:\DOCUMENTI\sd\sorgenti\bm-sd\CANALI\init_cca.pas","key","C:\DOCUMENTI\sd\sorgenti\bm-sd\CANALI\key.pas"
"Tubazioni","C:\DOCUMENTI\sd\sorgenti\bm-sd\CANALI\init_cca.pas","prgduct","C:\DOCUMENTI\sd\sorgenti\bm-sd\CANALI\prgduct.pas"
"Tubazioni","C:\DOCUMENTI\sd\sorgenti\bm-sd\CANALI\init_cca.pas","u_canfst","C:\DOCUMENTI\sd\sorgenti\bm-sd\CANALI\U_canfst.pas"
"Tubazioni","C:\DOCUMENTI\sd\sorgenti\bm-sd\CANALI\init_cca.pas","utilitie","C:\DOCUMENTI\sd\sorgenti\bm-sd\CANALI\Utilitie.pas"
"Tubazioni","C:\DOCUMENTI\sd\sorgenti\bm-sd\CANALI\init_cca.pas","wm","C:\DOCUMENTI\sd\sorgenti\bm-sd\CANALI\WM.pas"
"Tubazioni","C:\DOCUMENTI\sd\sorgenti\bm-sd\CANALI\INTCR.PAS","Definiz","C:\DOCUMENTI\bmsistemi\drivepsviluppo\prjs\cpi win clima\versione_10\Tubi\definiz.pas"
"Tubazioni","C:\DOCUMENTI\sd\sorgenti\bm-sd\CANALI\INTCR.PAS","Definizcan","C:\DOCUMENTI\sd\sorgenti\bm-sd\CANALI\definizcan.pas"
"Tubazioni","C:\DOCUMENTI\sd\sorgenti\bm-sd\CANALI\interf3d.pas","angoli","C:\DOCUMENTI\sd\sorgenti\bm-sd\CANALI\ANGOLI.PAS"
"Tubazioni","C:\DOCUMENTI\sd\sorgenti\bm-sd\CANALI\interf3d.pas","definiz","C:\DOCUMENTI\bmsistemi\drivepsviluppo\prjs\cpi win clima\versione_10\Tubi\definiz.pas"
"Tubazioni","C:\DOCUMENTI\sd\sorgenti\bm-sd\CANALI\interf3d.pas","definizcan","C:\DOCUMENTI\sd\sorgenti\bm-sd\CANALI\definizcan.pas"
"Tubazioni","C:\DOCUMENTI\sd\sorgenti\bm-sd\CANALI\interf3d.pas","funzdim","C:\DOCUMENTI\sd\sorgenti\bm-sd\CANALI\funzdim.pas"
"Tubazioni","C:\DOCUMENTI\sd\sorgenti\bm-sd\CANALI\interf3d.pas","pezzi","C:\DOCUMENTI\sd\sorgenti\bm-sd\CANALI\PEZZI.PAS"
"Tubazioni","C:\DOCUMENTI\sd\sorgenti\bm-sd\CANALI\interf3d.pas","U_funz","C:\DOCUMENTI\sd\sorgenti\bm-sd\CANALI\u_funz.pas"
"Tubazioni","C:\DOCUMENTI\sd\sorgenti\bm-sd\CANALI\interf3d.pas","U_varpezzi","C:\DOCUMENTI\sd\sorgenti\bm-sd\CANALI\U_VARPEZZI.pas"
"Tubazioni","C:\DOCUMENTI\sd\sorgenti\bm-sd\CANALI\interf3d.pas","ugestpezzi","C:\DOCUMENTI\sd\sorgenti\bm-sd\CANALI\UGestpezzi.pas"
"Tubazioni","C:\DOCUMENTI\sd\sorgenti\bm-sd\CANALI\interf3d.pas","wintypes","C:\DOCUMENTI\sd\sorgenti\bm-sd\CANALI\wintypes.pas"
"Tubazioni","C:\DOCUMENTI\sd\sorgenti\bm-sd\CANALI\ioduct.pas","Crt","C:\DOCUMENTI\sd\sorgenti\bm-sd\CANALI\CRT.pas"
"Tubazioni","C:\DOCUMENTI\sd\sorgenti\bm-sd\CANALI\ioduct.pas","definiz","C:\DOCUMENTI\bmsistemi\drivepsviluppo\prjs\cpi win clima\versione_10\Tubi\definiz.pas"
"Tubazioni","C:\DOCUMENTI\sd\sorgenti\bm-sd\CANALI\ioduct.pas","definizcan","C:\DOCUMENTI\sd\sorgenti\bm-sd\CANALI\definizcan.pas"
"Tubazioni","C:\DOCUMENTI\sd\sorgenti\bm-sd\CANALI\ioduct.pas","Defuti","C:\DOCUMENTI\sd\sorgenti\bm-sd\CANALI\DEFUTI.pas"
"Tubazioni","C:\DOCUMENTI\sd\sorgenti\bm-sd\CANALI\ioduct.pas","Dos","C:\DOCUMENTI\sd\sorgenti\bm-sd\CANALI\DOS.pas"
"Tubazioni","C:\DOCUMENTI\sd\sorgenti\bm-sd\CANALI\ioduct.pas","Dummyfunction","C:\DOCUMENTI\sd\sorgenti\bm-sd\CANALI\dummyfunction.pas"
"Tubazioni","C:\DOCUMENTI\sd\sorgenti\bm-sd\CANALI\ioduct.pas","turbo3","C:\DOCUMENTI\sd\sorgenti\bm-sd\CANALI\Turbo3.pas"
"Tubazioni","C:\DOCUMENTI\sd\sorgenti\bm-sd\CANALI\ioduct.pas","utilitie","C:\DOCUMENTI\sd\sorgenti\bm-sd\CANALI\Utilitie.pas"
"Tubazioni","C:\DOCUMENTI\sd\sorgenti\bm-sd\CANALI\ioduct.pas","wm","C:\DOCUMENTI\sd\sorgenti\bm-sd\CANALI\WM.pas"
"Tubazioni","C:\DOCUMENTI\sd\sorgenti\bm-sd\CANALI\LOad_d.pas","definiz","C:\DOCUMENTI\bmsistemi\drivepsviluppo\prjs\cpi win clima\versione_10\Tubi\definiz.pas"
"Tubazioni","C:\DOCUMENTI\sd\sorgenti\bm-sd\CANALI\LOad_d.pas","definizcan","C:\DOCUMENTI\sd\sorgenti\bm-sd\CANALI\definizcan.pas"
"Tubazioni","C:\DOCUMENTI\sd\sorgenti\bm-sd\CANALI\LOad_d.pas","WM","C:\DOCUMENTI\sd\sorgenti\bm-sd\CANALI\WM.pas"
"Tubazioni","C:\DOCUMENTI\sd\sorgenti\bm-sd\CANALI\load_p.pas","Angoli","C:\DOCUMENTI\sd\sorgenti\bm-sd\CANALI\ANGOLI.PAS"
"Tubazioni","C:\DOCUMENTI\sd\sorgenti\bm-sd\CANALI\load_p.pas","definiz","C:\DOCUMENTI\bmsistemi\drivepsviluppo\prjs\cpi win clima\versione_10\Tubi\definiz.pas"
"Tubazioni","C:\DOCUMENTI\sd\sorgenti\bm-sd\CANALI\load_p.pas","definizcan","C:\DOCUMENTI\sd\sorgenti\bm-sd\CANALI\definizcan.pas"
"Tubazioni","C:\DOCUMENTI\sd\sorgenti\bm-sd\CANALI\load_p.pas","dummyfunction","C:\DOCUMENTI\sd\sorgenti\bm-sd\CANALI\dummyfunction.pas"
"Tubazioni","C:\DOCUMENTI\sd\sorgenti\bm-sd\CANALI\load_p.pas","genproccan","C:\DOCUMENTI\sd\sorgenti\bm-sd\CANALI\Genproccan.pas"
"Tubazioni","C:\DOCUMENTI\sd\sorgenti\bm-sd\CANALI\load_p.pas","globfunzcan","C:\DOCUMENTI\sd\sorgenti\bm-sd\CANALI\GLOBFUNZcan.pas"
"Tubazioni","C:\DOCUMENTI\sd\sorgenti\bm-sd\CANALI\load_p.pas","varcarichi","C:\DOCUMENTI\bmsistemi\drivepsviluppo\prjs\cpi win clima\versione_10\CARICHI\varcarichi.pas"
"Tubazioni","C:\DOCUMENTI\sd\sorgenti\bm-sd\CANALI\load_p.pas","WM","C:\DOCUMENTI\sd\sorgenti\bm-sd\CANALI\WM.pas"
"Tubazioni","C:\DOCUMENTI\sd\sorgenti\bm-sd\CANALI\PERCENTO.PAS","dummyfunction","C:\DOCUMENTI\sd\sorgenti\bm-sd\CANALI\dummyfunction.pas"
"Tubazioni","C:\DOCUMENTI\sd\sorgenti\bm-sd\CANALI\PERCENTO.PAS","textc","C:\DOCUMENTI\sd\sorgenti\bm-sd\CANALI\TEXTC.PAS"
"Tubazioni","C:\DOCUMENTI\sd\sorgenti\bm-sd\CANALI\PEZZI.PAS","crdummy","C:\DOCUMENTI\sd\sorgenti\bm-sd\CANALI\CRDUMMY.PAS"
"Tubazioni","C:\DOCUMENTI\sd\sorgenti\bm-sd\CANALI\PEZZI.PAS","definiz","C:\DOCUMENTI\bmsistemi\drivepsviluppo\prjs\cpi win clima\versione_10\Tubi\definiz.pas"
"Tubazioni","C:\DOCUMENTI\sd\sorgenti\bm-sd\CANALI\PEZZI.PAS","definizcan","C:\DOCUMENTI\sd\sorgenti\bm-sd\CANALI\definizcan.pas"
"Tubazioni","C:\DOCUMENTI\sd\sorgenti\bm-sd\CANALI\PEZZI.PAS","interf3d","C:\DOCUMENTI\sd\sorgenti\bm-sd\CANALI\interf3d.pas"
"Tubazioni","C:\DOCUMENTI\sd\sorgenti\bm-sd\CANALI\PEZZI.PAS","U_05LR","C:\DOCUMENTI\sd\sorgenti\bm-sd\CANALI\U_05LR.PAS"
"Tubazioni","C:\DOCUMENTI\sd\sorgenti\bm-sd\CANALI\PEZZI.PAS","U_079R","C:\DOCUMENTI\sd\sorgenti\bm-sd\CANALI\U_079R.PAS"
"Tubazioni","C:\DOCUMENTI\sd\sorgenti\bm-sd\CANALI\PEZZI.PAS","U_10RA","C:\DOCUMENTI\sd\sorgenti\bm-sd\CANALI\U_10RA.PAS"
"Tubazioni","C:\DOCUMENTI\sd\sorgenti\bm-sd\CANALI\PEZZI.PAS","U_13CB","C:\DOCUMENTI\sd\sorgenti\bm-sd\CANALI\U_13CB.PAS"
"Tubazioni","C:\DOCUMENTI\sd\sorgenti\bm-sd\CANALI\PEZZI.PAS","U_13RBT","C:\DOCUMENTI\sd\sorgenti\bm-sd\CANALI\U_13RBT.PAS"
"Tubazioni","C:\DOCUMENTI\sd\sorgenti\bm-sd\CANALI\PEZZI.PAS","U_15RBT","C:\DOCUMENTI\sd\sorgenti\bm-sd\CANALI\U_15RBT.PAS"
"Tubazioni","C:\DOCUMENTI\sd\sorgenti\bm-sd\CANALI\PEZZI.PAS","U_180R","C:\DOCUMENTI\sd\sorgenti\bm-sd\CANALI\U_180R.PAS"
"Tubazioni","C:\DOCUMENTI\sd\sorgenti\bm-sd\CANALI\PEZZI.PAS","U_271R","C:\DOCUMENTI\sd\sorgenti\bm-sd\CANALI\U_271R.PAS"
"Tubazioni","C:\DOCUMENTI\sd\sorgenti\bm-sd\CANALI\PEZZI.PAS","U_31CC","C:\DOCUMENTI\sd\sorgenti\bm-sd\CANALI\U_31CC.PAS"
"Tubazioni","C:\DOCUMENTI\sd\sorgenti\bm-sd\CANALI\PEZZI.PAS","U_362R","C:\DOCUMENTI\sd\sorgenti\bm-sd\CANALI\U_362R.PAS"
"Tubazioni","C:\DOCUMENTI\sd\sorgenti\bm-sd\CANALI\PEZZI.PAS","U_3710","C:\DOCUMENTI\sd\sorgenti\bm-sd\CANALI\U_3710.PAS"
"Tubazioni","C:\DOCUMENTI\sd\sorgenti\bm-sd\CANALI\PEZZI.PAS","U_3722","C:\DOCUMENTI\sd\sorgenti\bm-sd\CANALI\U_3722.PAS"
"Tubazioni","C:\DOCUMENTI\sd\sorgenti\bm-sd\CANALI\PEZZI.PAS","U_3733","C:\DOCUMENTI\sd\sorgenti\bm-sd\CANALI\U_3733.pas"
"Tubazioni","C:\DOCUMENTI\sd\sorgenti\bm-sd\CANALI\PEZZI.PAS","U_VARPEZZI","C:\DOCUMENTI\sd\sorgenti\bm-sd\CANALI\U_VARPEZZI.pas"
"Tubazioni","C:\DOCUMENTI\sd\sorgenti\bm-sd\CANALI\prgduct.pas","definiz","C:\DOCUMENTI\bmsistemi\drivepsviluppo\prjs\cpi win clima\versione_10\Tubi\definiz.pas"
"Tubazioni","C:\DOCUMENTI\sd\sorgenti\bm-sd\CANALI\prgduct.pas","definizcan","C:\DOCUMENTI\sd\sorgenti\bm-sd\CANALI\definizcan.pas"
"Tubazioni","C:\DOCUMENTI\sd\sorgenti\bm-sd\CANALI\prgduct.pas","defuti","C:\DOCUMENTI\sd\sorgenti\bm-sd\CANALI\DEFUTI.pas"
"Tubazioni","C:\DOCUMENTI\sd\sorgenti\bm-sd\CANALI\prgduct.pas","dummyfunction","C:\DOCUMENTI\sd\sorgenti\bm-sd\CANALI\dummyfunction.pas"
"Tubazioni","C:\DOCUMENTI\sd\sorgenti\bm-sd\CANALI\prgduct.pas","ioduct","C:\DOCUMENTI\sd\sorgenti\bm-sd\CANALI\ioduct.pas"
"Tubazioni","C:\DOCUMENTI\sd\sorgenti\bm-sd\CANALI\prgduct.pas","load_P","C:\DOCUMENTI\sd\sorgenti\bm-sd\CANALI\load_p.pas"
"Tubazioni","C:\DOCUMENTI\sd\sorgenti\bm-sd\CANALI\prgduct.pas","owindows","C:\DOCUMENTI\sd\sorgenti\bm-sd\CANALI\Owindows.pas"
"Tubazioni","C:\DOCUMENTI\sd\sorgenti\bm-sd\CANALI\prgduct.pas","utilitie","C:\DOCUMENTI\sd\sorgenti\bm-sd\CANALI\Utilitie.pas"
"Tubazioni","C:\DOCUMENTI\sd\sorgenti\bm-sd\CANALI\prgduct.pas","WINtypes","C:\DOCUMENTI\sd\sorgenti\bm-sd\CANALI\wintypes.pas"
"Tubazioni","C:\DOCUMENTI\sd\sorgenti\bm-sd\CANALI\prgduct.pas","WM","C:\DOCUMENTI\sd\sorgenti\bm-sd\CANALI\WM.pas"
"Tubazioni","C:\DOCUMENTI\sd\sorgenti\bm-sd\CANALI\RuotaSez.pas","Definiz","C:\DOCUMENTI\bmsistemi\drivepsviluppo\prjs\cpi win clima\versione_10\Tubi\definiz.pas"
"Tubazioni","C:\DOCUMENTI\sd\sorgenti\bm-sd\CANALI\RuotaSez.pas","definizcan","C:\DOCUMENTI\sd\sorgenti\bm-sd\CANALI\definizcan.pas"
"Tubazioni","C:\DOCUMENTI\sd\sorgenti\bm-sd\CANALI\RuotaSez.pas","FunzDim","C:\DOCUMENTI\sd\sorgenti\bm-sd\CANALI\funzdim.pas"
"Tubazioni","C:\DOCUMENTI\sd\sorgenti\bm-sd\CANALI\scritte.pas","Crt","C:\DOCUMENTI\sd\sorgenti\bm-sd\CANALI\CRT.pas"
"Tubazioni","C:\DOCUMENTI\sd\sorgenti\bm-sd\CANALI\scritte.pas","definizcan","C:\DOCUMENTI\sd\sorgenti\bm-sd\CANALI\definizcan.pas"
"Tubazioni","C:\DOCUMENTI\sd\sorgenti\bm-sd\CANALI\scritte.pas","Dos","C:\DOCUMENTI\sd\sorgenti\bm-sd\CANALI\DOS.pas"
"Tubazioni","C:\DOCUMENTI\sd\sorgenti\bm-sd\CANALI\scritte.pas","dummyfunction","C:\DOCUMENTI\sd\sorgenti\bm-sd\CANALI\dummyfunction.pas"
"Tubazioni","C:\DOCUMENTI\sd\sorgenti\bm-sd\CANALI\scritte.pas","utilitie","C:\DOCUMENTI\sd\sorgenti\bm-sd\CANALI\Utilitie.pas"
"Tubazioni","C:\DOCUMENTI\sd\sorgenti\bm-sd\CANALI\scritte.pas","wm","C:\DOCUMENTI\sd\sorgenti\bm-sd\CANALI\WM.pas"
"Tubazioni","C:\DOCUMENTI\sd\sorgenti\bm-sd\CANALI\U_05LR.PAS","definiz","C:\DOCUMENTI\bmsistemi\drivepsviluppo\prjs\cpi win clima\versione_10\Tubi\definiz.pas"
"Tubazioni","C:\DOCUMENTI\sd\sorgenti\bm-sd\CANALI\U_05LR.PAS","definizcan","C:\DOCUMENTI\sd\sorgenti\bm-sd\CANALI\definizcan.pas"
"Tubazioni","C:\DOCUMENTI\sd\sorgenti\bm-sd\CANALI\U_05LR.PAS","U_VARPEZZI","C:\DOCUMENTI\sd\sorgenti\bm-sd\CANALI\U_VARPEZZI.pas"
"Tubazioni","C:\DOCUMENTI\sd\sorgenti\bm-sd\CANALI\U_079R.PAS","crt","C:\DOCUMENTI\sd\sorgenti\bm-sd\CANALI\CRT.pas"
"Tubazioni","C:\DOCUMENTI\sd\sorgenti\bm-sd\CANALI\U_079R.PAS","definiz","C:\DOCUMENTI\bmsistemi\drivepsviluppo\prjs\cpi win clima\versione_10\Tubi\definiz.pas"
"Tubazioni","C:\DOCUMENTI\sd\sorgenti\bm-sd\CANALI\U_079R.PAS","definizcan","C:\DOCUMENTI\sd\sorgenti\bm-sd\CANALI\definizcan.pas"
"Tubazioni","C:\DOCUMENTI\sd\sorgenti\bm-sd\CANALI\U_079R.PAS","dos","C:\DOCUMENTI\sd\sorgenti\bm-sd\CANALI\DOS.pas"
"Tubazioni","C:\DOCUMENTI\sd\sorgenti\bm-sd\CANALI\U_079R.PAS","interf3d","C:\DOCUMENTI\sd\sorgenti\bm-sd\CANALI\interf3d.pas"
"Tubazioni","C:\DOCUMENTI\sd\sorgenti\bm-sd\CANALI\U_079R.PAS","U_VARPEZZI","C:\DOCUMENTI\sd\sorgenti\bm-sd\CANALI\U_VARPEZZI.pas"
"Tubazioni","C:\DOCUMENTI\sd\sorgenti\bm-sd\CANALI\U_10RA.PAS","crt","C:\DOCUMENTI\sd\sorgenti\bm-sd\CANALI\CRT.pas"
"Tubazioni","C:\DOCUMENTI\sd\sorgenti\bm-sd\CANALI\U_10RA.PAS","definiz","C:\DOCUMENTI\bmsistemi\drivepsviluppo\prjs\cpi win clima\versione_10\Tubi\definiz.pas"
"Tubazioni","C:\DOCUMENTI\sd\sorgenti\bm-sd\CANALI\U_10RA.PAS","definizcan","C:\DOCUMENTI\sd\sorgenti\bm-sd\CANALI\definizcan.pas"
"Tubazioni","C:\DOCUMENTI\sd\sorgenti\bm-sd\CANALI\U_10RA.PAS","dos","C:\DOCUMENTI\sd\sorgenti\bm-sd\CANALI\DOS.pas"
"Tubazioni","C:\DOCUMENTI\sd\sorgenti\bm-sd\CANALI\U_10RA.PAS","interf3d","C:\DOCUMENTI\sd\sorgenti\bm-sd\CANALI\interf3d.pas"
"Tubazioni","C:\DOCUMENTI\sd\sorgenti\bm-sd\CANALI\U_10RA.PAS","U_VARPEZZI","C:\DOCUMENTI\sd\sorgenti\bm-sd\CANALI\U_VARPEZZI.pas"
"Tubazioni","C:\DOCUMENTI\sd\sorgenti\bm-sd\CANALI\U_13CB.PAS","definiz","C:\DOCUMENTI\bmsistemi\drivepsviluppo\prjs\cpi win clima\versione_10\Tubi\definiz.pas"
"Tubazioni","C:\DOCUMENTI\sd\sorgenti\bm-sd\CANALI\U_13CB.PAS","definizcan","C:\DOCUMENTI\sd\sorgenti\bm-sd\CANALI\definizcan.pas"
"Tubazioni","C:\DOCUMENTI\sd\sorgenti\bm-sd\CANALI\U_13CB.PAS","interf3d","C:\DOCUMENTI\sd\sorgenti\bm-sd\CANALI\interf3d.pas"
"Tubazioni","C:\DOCUMENTI\sd\sorgenti\bm-sd\CANALI\U_13CB.PAS","U_VARPEZZI","C:\DOCUMENTI\sd\sorgenti\bm-sd\CANALI\U_VARPEZZI.pas"
"Tubazioni","C:\DOCUMENTI\sd\sorgenti\bm-sd\CANALI\U_13RBT.PAS","definiz","C:\DOCUMENTI\bmsistemi\drivepsviluppo\prjs\cpi win clima\versione_10\Tubi\definiz.pas"
"Tubazioni","C:\DOCUMENTI\sd\sorgenti\bm-sd\CANALI\U_13RBT.PAS","definizcan","C:\DOCUMENTI\sd\sorgenti\bm-sd\CANALI\definizcan.pas"
"Tubazioni","C:\DOCUMENTI\sd\sorgenti\bm-sd\CANALI\U_13RBT.PAS","U_VARPEZZI","C:\DOCUMENTI\sd\sorgenti\bm-sd\CANALI\U_VARPEZZI.pas"
"Tubazioni","C:\DOCUMENTI\sd\sorgenti\bm-sd\CANALI\U_15RBT.PAS","definiz","C:\DOCUMENTI\bmsistemi\drivepsviluppo\prjs\cpi win clima\versione_10\Tubi\definiz.pas"
"Tubazioni","C:\DOCUMENTI\sd\sorgenti\bm-sd\CANALI\U_15RBT.PAS","definizcan","C:\DOCUMENTI\sd\sorgenti\bm-sd\CANALI\definizcan.pas"
"Tubazioni","C:\DOCUMENTI\sd\sorgenti\bm-sd\CANALI\U_15RBT.PAS","U_VARPEZZI","C:\DOCUMENTI\sd\sorgenti\bm-sd\CANALI\U_VARPEZZI.pas"
"Tubazioni","C:\DOCUMENTI\sd\sorgenti\bm-sd\CANALI\U_180R.PAS","definiz","C:\DOCUMENTI\bmsistemi\drivepsviluppo\prjs\cpi win clima\versione_10\Tubi\definiz.pas"
"Tubazioni","C:\DOCUMENTI\sd\sorgenti\bm-sd\CANALI\U_180R.PAS","definizcan","C:\DOCUMENTI\sd\sorgenti\bm-sd\CANALI\definizcan.pas"
"Tubazioni","C:\DOCUMENTI\sd\sorgenti\bm-sd\CANALI\U_180R.PAS","U_VARPEZZI","C:\DOCUMENTI\sd\sorgenti\bm-sd\CANALI\U_VARPEZZI.pas"
"Tubazioni","C:\DOCUMENTI\sd\sorgenti\bm-sd\CANALI\U_271R.PAS","crt","C:\DOCUMENTI\sd\sorgenti\bm-sd\CANALI\CRT.pas"
"Tubazioni","C:\DOCUMENTI\sd\sorgenti\bm-sd\CANALI\U_271R.PAS","definiz","C:\DOCUMENTI\bmsistemi\drivepsviluppo\prjs\cpi win clima\versione_10\Tubi\definiz.pas"
"Tubazioni","C:\DOCUMENTI\sd\sorgenti\bm-sd\CANALI\U_271R.PAS","definizcan","C:\DOCUMENTI\sd\sorgenti\bm-sd\CANALI\definizcan.pas"
"Tubazioni","C:\DOCUMENTI\sd\sorgenti\bm-sd\CANALI\U_271R.PAS","dos","C:\DOCUMENTI\sd\sorgenti\bm-sd\CANALI\DOS.pas"
"Tubazioni","C:\DOCUMENTI\sd\sorgenti\bm-sd\CANALI\U_271R.PAS","interf3d","C:\DOCUMENTI\sd\sorgenti\bm-sd\CANALI\interf3d.pas"
"Tubazioni","C:\DOCUMENTI\sd\sorgenti\bm-sd\CANALI\U_271R.PAS","U_VARPEZZI","C:\DOCUMENTI\sd\sorgenti\bm-sd\CANALI\U_VARPEZZI.pas"
"Tubazioni","C:\DOCUMENTI\sd\sorgenti\bm-sd\CANALI\U_310F.pas","angoli","C:\DOCUMENTI\sd\sorgenti\bm-sd\CANALI\ANGOLI.PAS"
"Tubazioni","C:\DOCUMENTI\sd\sorgenti\bm-sd\CANALI\U_310F.pas","definiz","C:\DOCUMENTI\bmsistemi\drivepsviluppo\prjs\cpi win clima\versione_10\Tubi\definiz.pas"
"Tubazioni","C:\DOCUMENTI\sd\sorgenti\bm-sd\CANALI\U_310F.pas","definizcan","C:\DOCUMENTI\sd\sorgenti\bm-sd\CANALI\definizcan.pas"
"Tubazioni","C:\DOCUMENTI\sd\sorgenti\bm-sd\CANALI\U_310F.pas","funzdim","C:\DOCUMENTI\sd\sorgenti\bm-sd\CANALI\funzdim.pas"
"Tubazioni","C:\DOCUMENTI\sd\sorgenti\bm-sd\CANALI\U_31CC.PAS","crt","C:\DOCUMENTI\sd\sorgenti\bm-sd\CANALI\CRT.pas"
"Tubazioni","C:\DOCUMENTI\sd\sorgenti\bm-sd\CANALI\U_31CC.PAS","definiz","C:\DOCUMENTI\bmsistemi\drivepsviluppo\prjs\cpi win clima\versione_10\Tubi\definiz.pas"
"Tubazioni","C:\DOCUMENTI\sd\sorgenti\bm-sd\CANALI\U_31CC.PAS","definizcan","C:\DOCUMENTI\sd\sorgenti\bm-sd\CANALI\definizcan.pas"
"Tubazioni","C:\DOCUMENTI\sd\sorgenti\bm-sd\CANALI\U_31CC.PAS","dos","C:\DOCUMENTI\sd\sorgenti\bm-sd\CANALI\DOS.pas"
"Tubazioni","C:\DOCUMENTI\sd\sorgenti\bm-sd\CANALI\U_31CC.PAS","interf3d","C:\DOCUMENTI\sd\sorgenti\bm-sd\CANALI\interf3d.pas"
"Tubazioni","C:\DOCUMENTI\sd\sorgenti\bm-sd\CANALI\U_31CC.PAS","U_VARPEZZI","C:\DOCUMENTI\sd\sorgenti\bm-sd\CANALI\U_VARPEZZI.pas"
"Tubazioni","C:\DOCUMENTI\sd\sorgenti\bm-sd\CANALI\U_362R.PAS","crt","C:\DOCUMENTI\sd\sorgenti\bm-sd\CANALI\CRT.pas"
"Tubazioni","C:\DOCUMENTI\sd\sorgenti\bm-sd\CANALI\U_362R.PAS","definiz","C:\DOCUMENTI\bmsistemi\drivepsviluppo\prjs\cpi win clima\versione_10\Tubi\definiz.pas"
"Tubazioni","C:\DOCUMENTI\sd\sorgenti\bm-sd\CANALI\U_362R.PAS","definizcan","C:\DOCUMENTI\sd\sorgenti\bm-sd\CANALI\definizcan.pas"
"Tubazioni","C:\DOCUMENTI\sd\sorgenti\bm-sd\CANALI\U_362R.PAS","dos","C:\DOCUMENTI\sd\sorgenti\bm-sd\CANALI\DOS.pas"
"Tubazioni","C:\DOCUMENTI\sd\sorgenti\bm-sd\CANALI\U_362R.PAS","U_VARPEZZI","C:\DOCUMENTI\sd\sorgenti\bm-sd\CANALI\U_VARPEZZI.pas"
"Tubazioni","C:\DOCUMENTI\sd\sorgenti\bm-sd\CANALI\U_3710.PAS","definiz","C:\DOCUMENTI\bmsistemi\drivepsviluppo\prjs\cpi win clima\versione_10\Tubi\definiz.pas"
"Tubazioni","C:\DOCUMENTI\sd\sorgenti\bm-sd\CANALI\U_3710.PAS","definizcan","C:\DOCUMENTI\sd\sorgenti\bm-sd\CANALI\definizcan.pas"
"Tubazioni","C:\DOCUMENTI\sd\sorgenti\bm-sd\CANALI\U_3710.PAS","U_VARPEZZI","C:\DOCUMENTI\sd\sorgenti\bm-sd\CANALI\U_VARPEZZI.pas"
"Tubazioni","C:\DOCUMENTI\sd\sorgenti\bm-sd\CANALI\U_3722.PAS","definiz","C:\DOCUMENTI\bmsistemi\drivepsviluppo\prjs\cpi win clima\versione_10\Tubi\definiz.pas"
"Tubazioni","C:\DOCUMENTI\sd\sorgenti\bm-sd\CANALI\U_3722.PAS","definizcan","C:\DOCUMENTI\sd\sorgenti\bm-sd\CANALI\definizcan.pas"
"Tubazioni","C:\DOCUMENTI\sd\sorgenti\bm-sd\CANALI\U_3722.PAS","interf3d","C:\DOCUMENTI\sd\sorgenti\bm-sd\CANALI\interf3d.pas"
"Tubazioni","C:\DOCUMENTI\sd\sorgenti\bm-sd\CANALI\U_3722.PAS","U_VARPEZZI","C:\DOCUMENTI\sd\sorgenti\bm-sd\CANALI\U_VARPEZZI.pas"
"Tubazioni","C:\DOCUMENTI\sd\sorgenti\bm-sd\CANALI\U_3733.pas","crt","C:\DOCUMENTI\sd\sorgenti\bm-sd\CANALI\CRT.pas"
"Tubazioni","C:\DOCUMENTI\sd\sorgenti\bm-sd\CANALI\U_3733.pas","definiz","C:\DOCUMENTI\bmsistemi\drivepsviluppo\prjs\cpi win clima\versione_10\Tubi\definiz.pas"
"Tubazioni","C:\DOCUMENTI\sd\sorgenti\bm-sd\CANALI\U_3733.pas","definizcan","C:\DOCUMENTI\sd\sorgenti\bm-sd\CANALI\definizcan.pas"
"Tubazioni","C:\DOCUMENTI\sd\sorgenti\bm-sd\CANALI\U_3733.pas","dos","C:\DOCUMENTI\sd\sorgenti\bm-sd\CANALI\DOS.pas"
"Tubazioni","C:\DOCUMENTI\sd\sorgenti\bm-sd\CANALI\U_3733.pas","U_VARPEZZI","C:\DOCUMENTI\sd\sorgenti\bm-sd\CANALI\U_VARPEZZI.pas"
"Tubazioni","C:\DOCUMENTI\sd\sorgenti\bm-sd\CANALI\U_canfst.pas","copiatabelle","C:\DOCUMENTI\sd\sorgenti\bm-sd\CANALI\CopiaTabelle.pas"
"Tubazioni","C:\DOCUMENTI\sd\sorgenti\bm-sd\CANALI\U_canfst.pas","dummyfunction","C:\DOCUMENTI\sd\sorgenti\bm-sd\CANALI\dummyfunction.pas"
"Tubazioni","C:\DOCUMENTI\sd\sorgenti\bm-sd\CANALI\U_cvcan.pas","Angoli","C:\DOCUMENTI\sd\sorgenti\bm-sd\CANALI\ANGOLI.PAS"
"Tubazioni","C:\DOCUMENTI\sd\sorgenti\bm-sd\CANALI\U_cvcan.pas","copialibreriagenerale","C:\DOCUMENTI\bmsistemi\drivepsviluppo\prjs\cpi win clima\versione_10\allineamento emanuela\CodiciEstivo\Versione_10\CARICHI\calcoli\estivo\copiaLibreriaGenerale.pas"
"Tubazioni","C:\DOCUMENTI\sd\sorgenti\bm-sd\CANALI\U_cvcan.pas","Crt","C:\DOCUMENTI\sd\sorgenti\bm-sd\CANALI\CRT.pas"
"Tubazioni","C:\DOCUMENTI\sd\sorgenti\bm-sd\CANALI\U_cvcan.pas","definiz","C:\DOCUMENTI\bmsistemi\drivepsviluppo\prjs\cpi win clima\versione_10\Tubi\definiz.pas"
"Tubazioni","C:\DOCUMENTI\sd\sorgenti\bm-sd\CANALI\U_cvcan.pas","definizcan","C:\DOCUMENTI\sd\sorgenti\bm-sd\CANALI\definizcan.pas"
"Tubazioni","C:\DOCUMENTI\sd\sorgenti\bm-sd\CANALI\U_cvcan.pas","defuti","C:\DOCUMENTI\sd\sorgenti\bm-sd\CANALI\DEFUTI.pas"
"Tubazioni","C:\DOCUMENTI\sd\sorgenti\bm-sd\CANALI\U_cvcan.pas","disperrori","C:\DOCUMENTI\sd\sorgenti\bm-sd\CANALI\disperrori.pas"
"Tubazioni","C:\DOCUMENTI\sd\sorgenti\bm-sd\CANALI\U_cvcan.pas","Dos","C:\DOCUMENTI\sd\sorgenti\bm-sd\CANALI\DOS.pas"
"Tubazioni","C:\DOCUMENTI\sd\sorgenti\bm-sd\CANALI\U_cvcan.pas","Dummyfunction","C:\DOCUMENTI\sd\sorgenti\bm-sd\CANALI\dummyfunction.pas"
"Tubazioni","C:\DOCUMENTI\sd\sorgenti\bm-sd\CANALI\U_cvcan.pas","init_cca","C:\DOCUMENTI\sd\sorgenti\bm-sd\CANALI\init_cca.pas"
"Tubazioni","C:\DOCUMENTI\sd\sorgenti\bm-sd\CANALI\U_cvcan.pas","LOad_d","C:\DOCUMENTI\sd\sorgenti\bm-sd\CANALI\LOad_d.pas"
"Tubazioni","C:\DOCUMENTI\sd\sorgenti\bm-sd\CANALI\U_cvcan.pas","load_p","C:\DOCUMENTI\sd\sorgenti\bm-sd\CANALI\load_p.pas"
"Tubazioni","C:\DOCUMENTI\sd\sorgenti\bm-sd\CANALI\U_cvcan.pas","UGestpezzi","C:\DOCUMENTI\sd\sorgenti\bm-sd\CANALI\UGestpezzi.pas"
"Tubazioni","C:\DOCUMENTI\sd\sorgenti\bm-sd\CANALI\U_cvcan.pas","varcarichi","C:\DOCUMENTI\bmsistemi\drivepsviluppo\prjs\cpi win clima\versione_10\CARICHI\varcarichi.pas"
"Tubazioni","C:\DOCUMENTI\sd\sorgenti\bm-sd\CANALI\U_cvcan.pas","WM","C:\DOCUMENTI\sd\sorgenti\bm-sd\CANALI\WM.pas"
"Tubazioni","C:\DOCUMENTI\sd\sorgenti\bm-sd\CANALI\u_cvcan1.pas","Angoli","C:\DOCUMENTI\sd\sorgenti\bm-sd\CANALI\ANGOLI.PAS"
"Tubazioni","C:\DOCUMENTI\sd\sorgenti\bm-sd\CANALI\u_cvcan1.pas","Crt","C:\DOCUMENTI\sd\sorgenti\bm-sd\CANALI\CRT.pas"
"Tubazioni","C:\DOCUMENTI\sd\sorgenti\bm-sd\CANALI\u_cvcan1.pas","definiz","C:\DOCUMENTI\bmsistemi\drivepsviluppo\prjs\cpi win clima\versione_10\Tubi\definiz.pas"
"Tubazioni","C:\DOCUMENTI\sd\sorgenti\bm-sd\CANALI\u_cvcan1.pas","definizcan","C:\DOCUMENTI\sd\sorgenti\bm-sd\CANALI\definizcan.pas"
"Tubazioni","C:\DOCUMENTI\sd\sorgenti\bm-sd\CANALI\u_cvcan1.pas","defuti","C:\DOCUMENTI\sd\sorgenti\bm-sd\CANALI\DEFUTI.pas"
"Tubazioni","C:\DOCUMENTI\sd\sorgenti\bm-sd\CANALI\u_cvcan1.pas","Dos","C:\DOCUMENTI\sd\sorgenti\bm-sd\CANALI\DOS.pas"
"Tubazioni","C:\DOCUMENTI\sd\sorgenti\bm-sd\CANALI\u_cvcan1.pas","dummyfunction","C:\DOCUMENTI\sd\sorgenti\bm-sd\CANALI\dummyfunction.pas"
"Tubazioni","C:\DOCUMENTI\sd\sorgenti\bm-sd\CANALI\u_cvcan1.pas","esiste","C:\DOCUMENTI\sd\sorgenti\bm-sd\CANALI\ESISTE.PAS"
"Tubazioni","C:\DOCUMENTI\sd\sorgenti\bm-sd\CANALI\u_cvcan1.pas","funzbase","C:\DOCUMENTI\sd\sorgenti\bm-sd\CANALI\FUNZBASE.PAS"
"Tubazioni","C:\DOCUMENTI\sd\sorgenti\bm-sd\CANALI\u_cvcan1.pas","libreriagenerale","C:\DOCUMENTI\bmsistemi\drivepsviluppo\prjs\cpi win clima\versione_10\comuni\libreriagenerale.pas"
"Tubazioni","C:\DOCUMENTI\sd\sorgenti\bm-sd\CANALI\u_cvcan1.pas","Load_d","C:\DOCUMENTI\sd\sorgenti\bm-sd\CANALI\LOad_d.pas"
"Tubazioni","C:\DOCUMENTI\sd\sorgenti\bm-sd\CANALI\u_cvcan1.pas","textc","C:\DOCUMENTI\sd\sorgenti\bm-sd\CANALI\TEXTC.PAS"
"Tubazioni","C:\DOCUMENTI\sd\sorgenti\bm-sd\CANALI\u_cvcan1.pas","u_cvcan","C:\DOCUMENTI\sd\sorgenti\bm-sd\CANALI\U_cvcan.pas"
"Tubazioni","C:\DOCUMENTI\sd\sorgenti\bm-sd\CANALI\u_cvcan1.pas","utireport","C:\DOCUMENTI\bmsistemi\drivepsviluppo\prjs\cpi win clima\versione_10\comuni\report\Utireport.pas"
"Tubazioni","C:\DOCUMENTI\sd\sorgenti\bm-sd\CANALI\u_cvcan1.pas","WM","C:\DOCUMENTI\sd\sorgenti\bm-sd\CANALI\WM.pas"
"Tubazioni","C:\DOCUMENTI\sd\sorgenti\bm-sd\CANALI\u_funz.pas","Crt","C:\DOCUMENTI\sd\sorgenti\bm-sd\CANALI\CRT.pas"
"Tubazioni","C:\DOCUMENTI\sd\sorgenti\bm-sd\CANALI\u_funz.pas","definizcan","C:\DOCUMENTI\sd\sorgenti\bm-sd\CANALI\definizcan.pas"
"Tubazioni","C:\DOCUMENTI\sd\sorgenti\bm-sd\CANALI\u_funz.pas","defuti","C:\DOCUMENTI\sd\sorgenti\bm-sd\CANALI\DEFUTI.pas"
"Tubazioni","C:\DOCUMENTI\sd\sorgenti\bm-sd\CANALI\u_funz.pas","Dos","C:\DOCUMENTI\sd\sorgenti\bm-sd\CANALI\DOS.pas"
"Tubazioni","C:\DOCUMENTI\sd\sorgenti\bm-sd\CANALI\u_funz.pas","dummyfunction","C:\DOCUMENTI\sd\sorgenti\bm-sd\CANALI\dummyfunction.pas"
"Tubazioni","C:\DOCUMENTI\sd\sorgenti\bm-sd\CANALI\u_funz.pas","scritte","C:\DOCUMENTI\sd\sorgenti\bm-sd\CANALI\scritte.pas"
"Tubazioni","C:\DOCUMENTI\sd\sorgenti\bm-sd\CANALI\u_funz.pas","Turbo3","C:\DOCUMENTI\sd\sorgenti\bm-sd\CANALI\Turbo3.pas"
"Tubazioni","C:\DOCUMENTI\sd\sorgenti\bm-sd\CANALI\u_funz.pas","utilitie","C:\DOCUMENTI\sd\sorgenti\bm-sd\CANALI\Utilitie.pas"
"Tubazioni","C:\DOCUMENTI\sd\sorgenti\bm-sd\CANALI\u_funz.pas","WM","C:\DOCUMENTI\sd\sorgenti\bm-sd\CANALI\WM.pas"
"Tubazioni","C:\DOCUMENTI\sd\sorgenti\bm-sd\CANALI\U_riduz1.pas","Crt","C:\DOCUMENTI\sd\sorgenti\bm-sd\CANALI\CRT.pas"
"Tubazioni","C:\DOCUMENTI\sd\sorgenti\bm-sd\CANALI\U_riduz1.pas","definizcan","C:\DOCUMENTI\sd\sorgenti\bm-sd\CANALI\definizcan.pas"
"Tubazioni","C:\DOCUMENTI\sd\sorgenti\bm-sd\CANALI\U_riduz1.pas","defuti","C:\DOCUMENTI\sd\sorgenti\bm-sd\CANALI\DEFUTI.pas"
"Tubazioni","C:\DOCUMENTI\sd\sorgenti\bm-sd\CANALI\U_riduz1.pas","Dos","C:\DOCUMENTI\sd\sorgenti\bm-sd\CANALI\DOS.pas"
"Tubazioni","C:\DOCUMENTI\sd\sorgenti\bm-sd\CANALI\U_riduz1.pas","dummyfunction","C:\DOCUMENTI\sd\sorgenti\bm-sd\CANALI\dummyfunction.pas"
"Tubazioni","C:\DOCUMENTI\sd\sorgenti\bm-sd\CANALI\U_riduz1.pas","scritte","C:\DOCUMENTI\sd\sorgenti\bm-sd\CANALI\scritte.pas"
"Tubazioni","C:\DOCUMENTI\sd\sorgenti\bm-sd\CANALI\U_riduz1.pas","Turbo3","C:\DOCUMENTI\sd\sorgenti\bm-sd\CANALI\Turbo3.pas"
"Tubazioni","C:\DOCUMENTI\sd\sorgenti\bm-sd\CANALI\U_riduz1.pas","u_funz","C:\DOCUMENTI\sd\sorgenti\bm-sd\CANALI\u_funz.pas"
"Tubazioni","C:\DOCUMENTI\sd\sorgenti\bm-sd\CANALI\U_riduz1.pas","utilitie","C:\DOCUMENTI\sd\sorgenti\bm-sd\CANALI\Utilitie.pas"
"Tubazioni","C:\DOCUMENTI\sd\sorgenti\bm-sd\CANALI\U_riduz1.pas","wm","C:\DOCUMENTI\sd\sorgenti\bm-sd\CANALI\WM.pas"
"Tubazioni","C:\DOCUMENTI\sd\sorgenti\bm-sd\CANALI\U_selc0.pas","Crt","C:\DOCUMENTI\sd\sorgenti\bm-sd\CANALI\CRT.pas"
"Tubazioni","C:\DOCUMENTI\sd\sorgenti\bm-sd\CANALI\U_selc0.pas","definizcan","C:\DOCUMENTI\sd\sorgenti\bm-sd\CANALI\definizcan.pas"
"Tubazioni","C:\DOCUMENTI\sd\sorgenti\bm-sd\CANALI\U_selc0.pas","defuti","C:\DOCUMENTI\sd\sorgenti\bm-sd\CANALI\DEFUTI.pas"
"Tubazioni","C:\DOCUMENTI\sd\sorgenti\bm-sd\CANALI\U_selc0.pas","Dos","C:\DOCUMENTI\sd\sorgenti\bm-sd\CANALI\DOS.pas"
"Tubazioni","C:\DOCUMENTI\sd\sorgenti\bm-sd\CANALI\U_selc0.pas","Turbo3","C:\DOCUMENTI\sd\sorgenti\bm-sd\CANALI\Turbo3.pas"
"Tubazioni","C:\DOCUMENTI\sd\sorgenti\bm-sd\CANALI\U_selc0.pas","U_canfst","C:\DOCUMENTI\sd\sorgenti\bm-sd\CANALI\U_canfst.pas"
"Tubazioni","C:\DOCUMENTI\sd\sorgenti\bm-sd\CANALI\U_selc0.pas","U_funz","C:\DOCUMENTI\sd\sorgenti\bm-sd\CANALI\u_funz.pas"
"Tubazioni","C:\DOCUMENTI\sd\sorgenti\bm-sd\CANALI\U_selc0.pas","utilitie","C:\DOCUMENTI\sd\sorgenti\bm-sd\CANALI\Utilitie.pas"
"Tubazioni","C:\DOCUMENTI\sd\sorgenti\bm-sd\CANALI\U_selc0.pas","WM","C:\DOCUMENTI\sd\sorgenti\bm-sd\CANALI\WM.pas"
"Tubazioni","C:\DOCUMENTI\sd\sorgenti\bm-sd\CANALI\U_SERRAM.PAS","Crt","C:\DOCUMENTI\sd\sorgenti\bm-sd\CANALI\CRT.pas"
"Tubazioni","C:\DOCUMENTI\sd\sorgenti\bm-sd\CANALI\U_SERRAM.PAS","definIzcan","C:\DOCUMENTI\sd\sorgenti\bm-sd\CANALI\definizcan.pas"
"Tubazioni","C:\DOCUMENTI\sd\sorgenti\bm-sd\CANALI\U_SERRAM.PAS","defuti","C:\DOCUMENTI\sd\sorgenti\bm-sd\CANALI\DEFUTI.pas"
"Tubazioni","C:\DOCUMENTI\sd\sorgenti\bm-sd\CANALI\U_SERRAM.PAS","Dos","C:\DOCUMENTI\sd\sorgenti\bm-sd\CANALI\DOS.pas"
"Tubazioni","C:\DOCUMENTI\sd\sorgenti\bm-sd\CANALI\U_SERRAM.PAS","dummyfunction","C:\DOCUMENTI\sd\sorgenti\bm-sd\CANALI\dummyfunction.pas"
"Tubazioni","C:\DOCUMENTI\sd\sorgenti\bm-sd\CANALI\U_SERRAM.PAS","scritte","C:\DOCUMENTI\sd\sorgenti\bm-sd\CANALI\scritte.pas"
"Tubazioni","C:\DOCUMENTI\sd\sorgenti\bm-sd\CANALI\U_SERRAM.PAS","Turbo3","C:\DOCUMENTI\sd\sorgenti\bm-sd\CANALI\Turbo3.pas"
"Tubazioni","C:\DOCUMENTI\sd\sorgenti\bm-sd\CANALI\U_SERRAM.PAS","u_funz","C:\DOCUMENTI\sd\sorgenti\bm-sd\CANALI\u_funz.pas"
"Tubazioni","C:\DOCUMENTI\sd\sorgenti\bm-sd\CANALI\U_SERRAM.PAS","utilitie","C:\DOCUMENTI\sd\sorgenti\bm-sd\CANALI\Utilitie.pas"
"Tubazioni","C:\DOCUMENTI\sd\sorgenti\bm-sd\CANALI\U_SERRAM.PAS","WM","C:\DOCUMENTI\sd\sorgenti\bm-sd\CANALI\WM.pas"
"Tubazioni","C:\DOCUMENTI\sd\sorgenti\bm-sd\CANALI\U_SERTER.PAS","Crt","C:\DOCUMENTI\sd\sorgenti\bm-sd\CANALI\CRT.pas"
"Tubazioni","C:\DOCUMENTI\sd\sorgenti\bm-sd\CANALI\U_SERTER.PAS","definIZcan","C:\DOCUMENTI\sd\sorgenti\bm-sd\CANALI\definizcan.pas"
"Tubazioni","C:\DOCUMENTI\sd\sorgenti\bm-sd\CANALI\U_SERTER.PAS","defuti","C:\DOCUMENTI\sd\sorgenti\bm-sd\CANALI\DEFUTI.pas"
"Tubazioni","C:\DOCUMENTI\sd\sorgenti\bm-sd\CANALI\U_SERTER.PAS","Dos","C:\DOCUMENTI\sd\sorgenti\bm-sd\CANALI\DOS.pas"
"Tubazioni","C:\DOCUMENTI\sd\sorgenti\bm-sd\CANALI\U_SERTER.PAS","Dummyfunction","C:\DOCUMENTI\sd\sorgenti\bm-sd\CANALI\dummyfunction.pas"
"Tubazioni","C:\DOCUMENTI\sd\sorgenti\bm-sd\CANALI\U_SERTER.PAS","scritte","C:\DOCUMENTI\sd\sorgenti\bm-sd\CANALI\scritte.pas"
"Tubazioni","C:\DOCUMENTI\sd\sorgenti\bm-sd\CANALI\U_SERTER.PAS","Turbo3","C:\DOCUMENTI\sd\sorgenti\bm-sd\CANALI\Turbo3.pas"
"Tubazioni","C:\DOCUMENTI\sd\sorgenti\bm-sd\CANALI\U_SERTER.PAS","u_funz","C:\DOCUMENTI\sd\sorgenti\bm-sd\CANALI\u_funz.pas"
"Tubazioni","C:\DOCUMENTI\sd\sorgenti\bm-sd\CANALI\U_SERTER.PAS","utilitie","C:\DOCUMENTI\sd\sorgenti\bm-sd\CANALI\Utilitie.pas"
"Tubazioni","C:\DOCUMENTI\sd\sorgenti\bm-sd\CANALI\U_SERTER.PAS","WM","C:\DOCUMENTI\sd\sorgenti\bm-sd\CANALI\WM.pas"
"Tubazioni","C:\DOCUMENTI\sd\sorgenti\bm-sd\CANALI\U_VARPEZZI.pas","crt","C:\DOCUMENTI\sd\sorgenti\bm-sd\CANALI\CRT.pas"
"Tubazioni","C:\DOCUMENTI\sd\sorgenti\bm-sd\CANALI\U_VARPEZZI.pas","definiz","C:\DOCUMENTI\bmsistemi\drivepsviluppo\prjs\cpi win clima\versione_10\Tubi\definiz.pas"
"Tubazioni","C:\DOCUMENTI\sd\sorgenti\bm-sd\CANALI\U_VARPEZZI.pas","definizcan","C:\DOCUMENTI\sd\sorgenti\bm-sd\CANALI\definizcan.pas"
"Tubazioni","C:\DOCUMENTI\sd\sorgenti\bm-sd\CANALI\U_VARPEZZI.pas","dos","C:\DOCUMENTI\sd\sorgenti\bm-sd\CANALI\DOS.pas"
"Tubazioni","C:\DOCUMENTI\sd\sorgenti\bm-sd\CANALI\UCalcolareti.pas","calcolocanali","C:\DOCUMENTI\sd\sorgenti\bm-sd\CANALI\CalcoloCanali.pas"
"Tubazioni","C:\DOCUMENTI\sd\sorgenti\bm-sd\CANALI\UCalcolareti.pas","dbtables","C:\DOCUMENTI\sd\sorgenti\bm-sd\componenti\kbmmem\bdenew\DbTables.pas"
"Tubazioni","C:\DOCUMENTI\sd\sorgenti\bm-sd\CANALI\UCalcolareti.pas","definiz","C:\DOCUMENTI\bmsistemi\drivepsviluppo\prjs\cpi win clima\versione_10\Tubi\definiz.pas"
"Tubazioni","C:\DOCUMENTI\sd\sorgenti\bm-sd\CANALI\UCalcolareti.pas","definizcan","C:\DOCUMENTI\sd\sorgenti\bm-sd\CANALI\definizcan.pas"
"Tubazioni","C:\DOCUMENTI\sd\sorgenti\bm-sd\CANALI\UCalcolareti.pas","gestudb","C:\DOCUMENTI\bmsistemi\drivepsviluppo\prjs\cpi win clima\versione_10\libreriedatabase\gestudb.pas"
"Tubazioni","C:\DOCUMENTI\sd\sorgenti\bm-sd\CANALI\UCalcolareti.pas","InitPunt_Tubi","C:\DOCUMENTI\bmsistemi\drivepsviluppo\prjs\cpi win clima\versione_10\Tubi\InitPunt_Tubi.pas"
"Tubazioni","C:\DOCUMENTI\sd\sorgenti\bm-sd\CANALI\UCalcolareti.pas","libreriagenerale","C:\DOCUMENTI\bmsistemi\drivepsviluppo\prjs\cpi win clima\versione_10\comuni\libreriagenerale.pas"
"Tubazioni","C:\DOCUMENTI\sd\sorgenti\bm-sd\CANALI\UGestpezzi.pas","definizcan","C:\DOCUMENTI\sd\sorgenti\bm-sd\CANALI\definizcan.pas"
"Tubazioni","C:\DOCUMENTI\sd\sorgenti\bm-sd\CANALI\unitcan.pas","definiz","C:\DOCUMENTI\bmsistemi\drivepsviluppo\prjs\cpi win clima\versione_10\Tubi\definiz.pas"
"Tubazioni","C:\DOCUMENTI\sd\sorgenti\bm-sd\CANALI\unitcan.pas","definizcan","C:\DOCUMENTI\sd\sorgenti\bm-sd\CANALI\definizcan.pas"
"Tubazioni","C:\DOCUMENTI\sd\sorgenti\bm-sd\CANALI\unitcan.pas","Defuti","C:\DOCUMENTI\sd\sorgenti\bm-sd\CANALI\DEFUTI.pas"
"Tubazioni","C:\DOCUMENTI\sd\sorgenti\bm-sd\CANALI\unitcan.pas","disperrori","C:\DOCUMENTI\sd\sorgenti\bm-sd\CANALI\disperrori.pas"
"Tubazioni","C:\DOCUMENTI\sd\sorgenti\bm-sd\CANALI\unitcan.pas","dummyfunction","C:\DOCUMENTI\sd\sorgenti\bm-sd\CANALI\dummyfunction.pas"
"Tubazioni","C:\DOCUMENTI\sd\sorgenti\bm-sd\CANALI\unitcan.pas","init_cca","C:\DOCUMENTI\sd\sorgenti\bm-sd\CANALI\init_cca.pas"
"Tubazioni","C:\DOCUMENTI\sd\sorgenti\bm-sd\CANALI\unitcan.pas","key","C:\DOCUMENTI\sd\sorgenti\bm-sd\CANALI\key.pas"
"Tubazioni","C:\DOCUMENTI\sd\sorgenti\bm-sd\CANALI\unitcan.pas","print","C:\DOCUMENTI\sd\sorgenti\bm-sd\CANALI\Print.pas"
"Tubazioni","C:\DOCUMENTI\sd\sorgenti\bm-sd\CANALI\unitcan.pas","scritte","C:\DOCUMENTI\sd\sorgenti\bm-sd\CANALI\scritte.pas"
"Tubazioni","C:\DOCUMENTI\sd\sorgenti\bm-sd\CANALI\unitcan.pas","Turbo3","C:\DOCUMENTI\sd\sorgenti\bm-sd\CANALI\Turbo3.pas"
"Tubazioni","C:\DOCUMENTI\sd\sorgenti\bm-sd\CANALI\unitcan.pas","U_canfst","C:\DOCUMENTI\sd\sorgenti\bm-sd\CANALI\U_canfst.pas"
"Tubazioni","C:\DOCUMENTI\sd\sorgenti\bm-sd\CANALI\unitcan.pas","U_funz","C:\DOCUMENTI\sd\sorgenti\bm-sd\CANALI\u_funz.pas"
"Tubazioni","C:\DOCUMENTI\sd\sorgenti\bm-sd\CANALI\unitcan.pas","U_riduz1","C:\DOCUMENTI\sd\sorgenti\bm-sd\CANALI\U_riduz1.pas"
"Tubazioni","C:\DOCUMENTI\sd\sorgenti\bm-sd\CANALI\unitcan.pas","U_selc0","C:\DOCUMENTI\sd\sorgenti\bm-sd\CANALI\U_selc0.pas"
"Tubazioni","C:\DOCUMENTI\sd\sorgenti\bm-sd\CANALI\unitcan.pas","U_serram","C:\DOCUMENTI\sd\sorgenti\bm-sd\CANALI\U_SERRAM.PAS"
"Tubazioni","C:\DOCUMENTI\sd\sorgenti\bm-sd\CANALI\unitcan.pas","U_serter","C:\DOCUMENTI\sd\sorgenti\bm-sd\CANALI\U_SERTER.PAS"
"Tubazioni","C:\DOCUMENTI\sd\sorgenti\bm-sd\CANALI\unitcan.pas","utilitie","C:\DOCUMENTI\sd\sorgenti\bm-sd\CANALI\Utilitie.pas"
"Tubazioni","C:\DOCUMENTI\sd\sorgenti\bm-sd\CANALI\unitcan.pas","WM","C:\DOCUMENTI\sd\sorgenti\bm-sd\CANALI\WM.pas"
"Tubazioni","C:\DOCUMENTI\sd\sorgenti\bm-sd\CANALI\Utilitie.pas","defuti","C:\DOCUMENTI\sd\sorgenti\bm-sd\CANALI\DEFUTI.pas"
"Tubazioni","C:\DOCUMENTI\sd\sorgenti\bm-sd\CANALI\UTILS\DEFUTI.PAS","objects","C:\DOCUMENTI\sd\sorgenti\bm-sd\CANALI\Objects.pas"
"Tubazioni","C:\DOCUMENTI\sd\sorgenti\bm-sd\CANALI\UTILS\DEFUTI.PAS","odialogs","C:\DOCUMENTI\sd\sorgenti\bm-sd\CANALI\Odialogs.pas"
"Tubazioni","C:\DOCUMENTI\sd\sorgenti\bm-sd\CANALI\UTILS\DEFUTI.PAS","OWindows","C:\DOCUMENTI\sd\sorgenti\bm-sd\CANALI\Owindows.pas"
"Tubazioni","C:\DOCUMENTI\sd\sorgenti\bm-sd\CANALI\UTILS\DEFUTI.PAS","wintypes","C:\DOCUMENTI\sd\sorgenti\bm-sd\CANALI\wintypes.pas"
"Tubazioni","C:\DOCUMENTI\sd\sorgenti\bm-sd\CANALI\UTILS\INITUTI.PAS","crt","C:\DOCUMENTI\sd\sorgenti\bm-sd\CANALI\CRT.pas"
"Tubazioni","C:\DOCUMENTI\sd\sorgenti\bm-sd\CANALI\UTILS\INITUTI.PAS","defuti","C:\DOCUMENTI\sd\sorgenti\bm-sd\CANALI\UTILS\DEFUTI.PAS"
"Tubazioni","C:\DOCUMENTI\sd\sorgenti\bm-sd\CANALI\UTILS\INITUTI.PAS","misure","C:\DOCUMENTI\sd\sorgenti\bm-sd\CANALI\UTILS\MISURE.PAS"
"Tubazioni","C:\DOCUMENTI\sd\sorgenti\bm-sd\CANALI\UTILS\INITUTI.PAS","utilitie","C:\DOCUMENTI\sd\sorgenti\bm-sd\CANALI\UTILS\UTILITIE.PAS"
"Tubazioni","C:\DOCUMENTI\sd\sorgenti\bm-sd\CANALI\UTILS\MISURE.PAS","crt","C:\DOCUMENTI\sd\sorgenti\bm-sd\CANALI\CRT.pas"
"Tubazioni","C:\DOCUMENTI\sd\sorgenti\bm-sd\CANALI\UTILS\MISURE.PAS","defuti","C:\DOCUMENTI\sd\sorgenti\bm-sd\CANALI\UTILS\DEFUTI.PAS"
"Tubazioni","C:\DOCUMENTI\sd\sorgenti\bm-sd\CANALI\UTILS\MISURE.PAS","utilitie","C:\DOCUMENTI\sd\sorgenti\bm-sd\CANALI\UTILS\UTILITIE.PAS"
"Tubazioni","C:\DOCUMENTI\sd\sorgenti\bm-sd\CANALI\UTILS\UTILITIE.PAS","definiz","C:\DOCUMENTI\bmsistemi\drivepsviluppo\prjs\cpi win clima\versione_10\Tubi\definiz.pas"
"Tubazioni","C:\DOCUMENTI\sd\sorgenti\bm-sd\CANALI\UTILS\UTILITIE.PAS","defuti","C:\DOCUMENTI\sd\sorgenti\bm-sd\CANALI\UTILS\DEFUTI.PAS"
"Tubazioni","C:\DOCUMENTI\sd\sorgenti\bm-sd\CANALI\UTILS\UTILITIE.PAS","misure","C:\DOCUMENTI\sd\sorgenti\bm-sd\CANALI\UTILS\MISURE.PAS"
"Tubazioni","C:\DOCUMENTI\sd\sorgenti\bm-sd\consumi\Miglioramenti.pas","dbtables","C:\DOCUMENTI\sd\sorgenti\bm-sd\componenti\kbmmem\bdenew\DbTables.pas"
"Tubazioni","C:\DOCUMENTI\sd\sorgenti\bm-sd\consumi\Miglioramenti.pas","uformL10","C:\DOCUMENTI\bmsistemi\drivepsviluppo\prjs\cpi win clima\versione_10\CARICHI\calcoli\Legge10\Forms_12\UFormL10.pas"
"Tubazioni","C:\DOCUMENTI\sd\sorgenti\bm-sd\gestioneclienti\chiedilicenza.pas","datilicenza","C:\DOCUMENTI\sd\sorgenti\bm-sd\gestioneclienti\DatiLicenza.pas"
"Tubazioni","C:\DOCUMENTI\sd\sorgenti\bm-sd\gestioneclienti\chiedilicenza.pas","libreriagenerale","C:\DOCUMENTI\bmsistemi\drivepsviluppo\prjs\cpi win clima\versione_10\comuni\libreriagenerale.pas"
"Tubazioni","C:\DOCUMENTI\sd\sorgenti\bm-sd\gestioneclienti\chiedilicenza.pas","utility_Mat","C:\DOCUMENTI\sd\sorgenti\bm-sd\gestioneclienti\utility_Mat.pas"
"Tubazioni","C:\DOCUMENTI\sd\sorgenti\bm-sd\gestioneclienti\DatiLicenza.pas","chiedilicenza","C:\DOCUMENTI\sd\sorgenti\bm-sd\gestioneclienti\chiedilicenza.pas"
"Tubazioni","C:\DOCUMENTI\sd\sorgenti\bm-sd\librerie_generali\Gest_form.pas","dbtables","C:\DOCUMENTI\sd\sorgenti\bm-sd\componenti\kbmmem\bdenew\DbTables.pas"
"Tubazioni","C:\DOCUMENTI\sd\sorgenti\bm-sd\librerie_generali\Gest_form.pas","gestudb","C:\DOCUMENTI\bmsistemi\drivepsviluppo\prjs\cpi win clima\versione_10\libreriedatabase\gestudb.pas"
"Tubazioni","C:\DOCUMENTI\sd\sorgenti\bm-sd\librerie_generali\Gest_form.pas","libreriagenerale","C:\DOCUMENTI\bmsistemi\drivepsviluppo\prjs\cpi win clima\versione_10\comuni\libreriagenerale.pas"
"Tubazioni","C:\DOCUMENTI\sd\sorgenti\bm-sd\librerie_generali\Gest_form.pas","sceltaA","C:\DOCUMENTI\bmsistemi\drivepsviluppo\prjs\cpi win clima\versione_10\libreriedatabase\SceltaA.pas"
"Tubazioni","C:\DOCUMENTI\sd\sorgenti\bm-sd\librerie_generali\Utility_dll.pas","libreriagenerale","C:\DOCUMENTI\bmsistemi\drivepsviluppo\prjs\cpi win clima\versione_10\comuni\libreriagenerale.pas"
"Tubazioni","C:\DOCUMENTI\sd\sorgenti\bm-sd\projectbrowser\InterfDLL.pas","Cambiaelab","C:\DOCUMENTI\bmsistemi\drivepsviluppo\prjs\cpi win clima\versione_10\3D\form\Cambiaelab.pas"
"Tubazioni","C:\DOCUMENTI\sd\sorgenti\bm-sd\projectbrowser\InterfDLL.pas","chiedilicenza","C:\DOCUMENTI\sd\sorgenti\bm-sd\gestioneclienti\chiedilicenza.pas"
"Tubazioni","C:\DOCUMENTI\sd\sorgenti\bm-sd\projectbrowser\InterfDLL.pas","config_var","C:\DOCUMENTI\bmsistemi\drivepsviluppo\prjs\cpi win clima\versione_10\3D\Config_Var.pas"
"Tubazioni","C:\DOCUMENTI\sd\sorgenti\bm-sd\projectbrowser\InterfDLL.pas","controlla3d","C:\DOCUMENTI\bmsistemi\drivepsviluppo\prjs\cpi win clima\versione_10\3D\form\controlla3d.pas"
"Tubazioni","C:\DOCUMENTI\sd\sorgenti\bm-sd\projectbrowser\InterfDLL.pas","creaDxfEdificio","C:\DOCUMENTI\bmsistemi\drivepsviluppo\prjs\cpi win clima\versione_10\3D\CreaDxfEdificio.pas"
"Tubazioni","C:\DOCUMENTI\sd\sorgenti\bm-sd\projectbrowser\InterfDLL.pas","esegui_estivo","C:\DOCUMENTI\bmsistemi\drivepsviluppo\prjs\cpi win clima\versione_10\CARICHI\calcoli\estivo\Esegui_estivo.pas"
"Tubazioni","C:\DOCUMENTI\sd\sorgenti\bm-sd\projectbrowser\InterfDLL.pas","filedialog","C:\DOCUMENTI\bmsistemi\drivepsviluppo\prjs\cpi win clima\versione_10\3D\form\filedialog.pas"
"Tubazioni","C:\DOCUMENTI\sd\sorgenti\bm-sd\projectbrowser\InterfDLL.pas","gestudb","C:\DOCUMENTI\bmsistemi\drivepsviluppo\prjs\cpi win clima\versione_10\libreriedatabase\gestudb.pas"
"Tubazioni","C:\DOCUMENTI\sd\sorgenti\bm-sd\projectbrowser\InterfDLL.pas","impterm","C:\DOCUMENTI\bmsistemi\drivepsviluppo\prjs\cpi win clima\versione_10\Tubi\impterm.pas"
"Tubazioni","C:\DOCUMENTI\sd\sorgenti\bm-sd\projectbrowser\InterfDLL.pas","Inport_climaenergia","C:\DOCUMENTI\bmsistemi\drivepsviluppo\prjs\cpi win clima\versione_10\3D\Inport_climaenergia.pas"
"Tubazioni","C:\DOCUMENTI\sd\sorgenti\bm-sd\projectbrowser\InterfDLL.pas","LetturaInMemoria","C:\DOCUMENTI\bmsistemi\drivepsviluppo\prjs\cpi win clima\versione_10\3D\LetturaInMemoria.pas"
"Tubazioni","C:\DOCUMENTI\sd\sorgenti\bm-sd\projectbrowser\InterfDLL.pas","libreriagenerale","C:\DOCUMENTI\bmsistemi\drivepsviluppo\prjs\cpi win clima\versione_10\comuni\libreriagenerale.pas"
"Tubazioni","C:\DOCUMENTI\sd\sorgenti\bm-sd\projectbrowser\InterfDLL.pas","log","C:\DOCUMENTI\bmsistemi\drivepsviluppo\prjs\cpi win clima\versione_10\3D\Log.pas"
"Tubazioni","C:\DOCUMENTI\sd\sorgenti\bm-sd\projectbrowser\InterfDLL.pas","Progress3d","C:\DOCUMENTI\bmsistemi\drivepsviluppo\prjs\cpi win clima\versione_10\3D\progress3D.pas"
"Tubazioni","C:\DOCUMENTI\sd\sorgenti\bm-sd\projectbrowser\InterfDLL.pas","prova","C:\DOCUMENTI\bmsistemi\drivepsviluppo\prjs\cpi win clima\versione_10\3D\form\prova.pas"
"Tubazioni","C:\DOCUMENTI\sd\sorgenti\bm-sd\projectbrowser\InterfDLL.pas","u3dsdridotto","C:\DOCUMENTI\bmsistemi\drivepsviluppo\prjs\cpi win clima\versione_10\3D\U3dsdridotto.pas"
"Tubazioni","C:\DOCUMENTI\sd\sorgenti\bm-sd\projectbrowser\InterfDLL.pas","Uopen_fileMulti","C:\DOCUMENTI\bmsistemi\drivepsviluppo\prjs\cpi win clima\versione_10\libreriedatabase\UOpen_fileMulti.pas"
"Tubazioni","C:\DOCUMENTI\sd\sorgenti\bm-sd\projectbrowser\InterfDLL.pas","utility_dll","C:\DOCUMENTI\sd\sorgenti\bm-sd\librerie_generali\Utility_dll.pas"
"Tubazioni","C:\DOCUMENTI\sd\sorgenti\bm-sd\projectbrowser\InterfDLL.pas","varcarichi","C:\DOCUMENTI\bmsistemi\drivepsviluppo\prjs\cpi win clima\versione_10\CARICHI\varcarichi.pas"
