"Sottosistema","Unita","Riferimenti","Classificazione","CandidatiTrovati","PercorsiCandidati","PercorsoEsplicitoEsempio"
"CanaliAria","calcolo","1","Ambigua: piu copie omonime","9","C:\DOCUMENTI\sd\sorgenti\bm-sd\GENERA\distribuzione\calcolo.pas | C:\DOCUMENTI\bmsistemi\drivep\prjs\cpi win clima\Versione_10\CARICHI\tamponamenti\Calcolo.pas | C:\DOCUMENTI\bmsistemi\drivep\prjs\cpi win clima\Versione_10\Tubi\Calcolo.pas | C:\DOCUMENTI\bmsistemi\drivep\prjs\cpi win clima\Versione_10\Tubi\oldTubi\grafo\GTUBI\CALCOLO.PAS | C:\DOCUMENTI\bmsistemi\drivepsviluppo\prjs\cpi win clima\versione_10\CARICHI\tamponamenti\Calcolo.pas | C:\DOCUMENTI\bmsistemi\drivepsviluppo\prjs\cpi win clima\versione_10 nuova\CARICHI\tamponamenti\Calcolo.pas | C:\DOCUMENTI\bmsistemi\drivepsviluppo\prjs\cpi win clima\versione_10 nuova\Tubi\oldTubi\grafo\GTUBI\CALCOLO.PAS | C:\DOCUMENTI\bmsistemi\drivepsviluppo\prjs\cpi win clima\versione_10 ripristinata\CARICHI\tamponamenti\Calcolo.pas | C:\DOCUMENTI\bmsistemi\drivepsviluppo\prjs\cpi win clima\versione_10 ripristinata\Tubi\oldTubi\grafo\GTUBI\CALCOLO.PAS",
"CanaliAria","Copialibreriagenerale","5","Ambigua: piu copie omonime","10","C:\DOCUMENTI\sd\sorgenti\bm-sd\estivo\copiaLibreriaGenerale.pas | C:\DOCUMENTI\sd\sorgenti\bm-sd\estivo\codeg\copiaLibreriaGenerale.pas | C:\DOCUMENTI\bmsistemi\drivep\prjs\cpi win clima\Versione_10\CARICHI\calcoli\estivo\copiaLibreriaGenerale.pas | C:\DOCUMENTI\bmsistemi\drivep\prjs\cpi win clima\Versione_10\CARICHI\calcoli\estivo13\copiaLibreriaGenerale.pas | C:\DOCUMENTI\bmsistemi\drivep\prjs\cpi win clima\Versione_10 allineamento con emanuela\CARICHI\calcoli\estivo\copiaLibreriaGenerale.pas | C:\DOCUMENTI\bmsistemi\drivepsviluppo\prjs\cpi win clima\versione_10\allineamento emanuela\CodiciEstivo\Versione_10\CARICHI\calcoli\estivo\copiaLibreriaGenerale.pas | C:\DOCUMENTI\bmsistemi\drivepsviluppo\prjs\cpi win clima\versione_10 nuova\allineamento emanuela\CodiciEstivo\Versione_10\CARICHI\calcoli\estivo\copiaLibreriaGenerale.pas | C:\DOCUMENTI\bmsistemi\drivepsviluppo\prjs\cpi win clima\versione_10 nuova\CARICHI\calcoli\estivo\copiaLibreriaGenerale.pas | C:\DOCUMENTI\bmsistemi\drivepsviluppo\prjs\cpi win clima\versione_10 ripristinata\allineamento emanuela\CodiciEstivo\Versione_10\CARICHI\calcoli\estivo\copiaLibreriaGenerale.pas | C:\DOCUMENTI\bmsistemi\drivepsviluppo\prjs\cpi win clima\versione_10 ripristinata\CARICHI\calcoli\estivo\copiaLibreriaGenerale.pas",
"CanaliAria","definiz","147","Ambigua: piu copie omonime","16","C:\DOCUMENTI\sd\sorgenti\bm-sd\estivo\DEFINIZ.PAS | C:\DOCUMENTI\sd\sorgenti\bm-sd\estivo\codeg\DEFINIZ.PAS | C:\DOCUMENTI\sd\sorgenti\bm-sd\estivo_13\DEFINIZ.PAS | C:\DOCUMENTI\bmsistemi\drivep\prjs\cpi win clima\Versione_10\Tubi\definiz.pas | C:\DOCUMENTI\bmsistemi\drivep\prjs\cpi win clima\Versione_10\Tubi\oldTubi\grafo\GTUBI\DEFINIZ.PAS | C:\DOCUMENTI\bmsistemi\drivep\prjs\cpi win clima\Versione_10\Tubi\oldTubi\INPGRAF\DEFINIZ.PAS | C:\DOCUMENTI\bmsistemi\drivep\prjs\cpi win clima\Versione_10\Tubi\oldTubi\INPGRAF\TUBISPIR\DEFINIZ.PAS | C:\DOCUMENTI\bmsistemi\drivepsviluppo\prjs\cpi win clima\versione_10\Tubi\definiz.pas | C:\DOCUMENTI\bmsistemi\drivepsviluppo\prjs\cpi win clima\versione_10 nuova\Tubi\definiz.pas | C:\DOCUMENTI\bmsistemi\drivepsviluppo\prjs\cpi win clima\versione_10 nuova\Tubi\oldTubi\grafo\GTUBI\DEFINIZ.PAS | C:\DOCUMENTI\bmsistemi\drivepsviluppo\prjs\cpi win clima\versione_10 nuova\Tubi\oldTubi\INPGRAF\DEFINIZ.PAS | C:\DOCUMENTI\bmsistemi\drivepsviluppo\prjs\cpi win clima\versione_10 nuova\Tubi\oldTubi\INPGRAF\TUBISPIR\DEFINIZ.PAS | C:\DOCUMENTI\bmsistemi\drivepsviluppo\prjs\cpi win clima\versione_10 ripristinata\Tubi\definiz.pas | C:\DOCUMENTI\bmsistemi\drivepsviluppo\prjs\cpi win clima\versione_10 ripristinata\Tubi\oldTubi\grafo\GTUBI\DEFINIZ.PAS | C:\DOCUMENTI\bmsistemi\drivepsviluppo\prjs\cpi win clima\versione_10 ripristinata\Tubi\oldTubi\INPGRAF\DEFINIZ.PAS | C:\DOCUMENTI\bmsistemi\drivepsviluppo\prjs\cpi win clima\versione_10 ripristinata\Tubi\oldTubi\INPGRAF\TUBISPIR\DEFINIZ.PAS",
"CanaliAria","definizcan","1","Ambigua: piu copie omonime","2","C:\DOCUMENTI\sd\sorgenti\bm-sd\CANALI\definizcan.pas | C:\DOCUMENTI\sd\sorgenti\bm-sd\CANALI\INPGRAF\DEFINIZCAN.PAS",
"CanaliAria","defuti","17","Ambigua: piu copie omonime","8","C:\DOCUMENTI\sd\sorgenti\bm-sd\CANALI\DEFUTI.pas | C:\DOCUMENTI\sd\sorgenti\bm-sd\CANALI\UTILS\DEFUTI.PAS | C:\DOCUMENTI\bmsistemi\drivep\prjs\cpi win clima\Versione_10\Tubi\oldTubi\CONVERTI\DEFUTI.PAS | C:\DOCUMENTI\bmsistemi\drivep\prjs\cpi win clima\Versione_10\Tubi\oldTubi\grafo\GTUBI\DEFUTI.PAS | C:\DOCUMENTI\bmsistemi\drivepsviluppo\prjs\cpi win clima\versione_10 nuova\Tubi\oldTubi\CONVERTI\DEFUTI.PAS | C:\DOCUMENTI\bmsistemi\drivepsviluppo\prjs\cpi win clima\versione_10 nuova\Tubi\oldTubi\grafo\GTUBI\DEFUTI.PAS | C:\DOCUMENTI\bmsistemi\drivepsviluppo\prjs\cpi win clima\versione_10 ripristinata\Tubi\oldTubi\CONVERTI\DEFUTI.PAS | C:\DOCUMENTI\bmsistemi\drivepsviluppo\prjs\cpi win clima\versione_10 ripristinata\Tubi\oldTubi\grafo\GTUBI\DEFUTI.PAS",
"CanaliAria","demo","4","Ambigua: piu copie omonime","3","C:\DOCUMENTI\sd\sorgenti\bm-sd\CANALI\DEMO.PAS | C:\DOCUMENTI\sd\sorgenti\bm-sd\CANALI\UTILS\DEMO.PAS | C:\DOCUMENTI\sd\sorgenti\bm-sd\glscene 1.1 marzo 2011\DemosLCL\meshes\actor\demo.pas",
"CanaliAria","Enter","1","Ambigua: piu copie omonime","11","C:\DOCUMENTI\sd\sorgenti\bm-sd\CANALI\ENTER.PAS | C:\DOCUMENTI\sd\sorgenti\bm-sd\CANALI\INPGRAF\ENTER.PAS | C:\DOCUMENTI\bmsistemi\drivep\prjs\cpi win clima\Versione_10\Tubi\oldTubi\ENTER.PAS | C:\DOCUMENTI\bmsistemi\drivep\prjs\cpi win clima\Versione_10\Tubi\oldTubi\INPGRAF\ENTER.PAS | C:\DOCUMENTI\bmsistemi\drivep\prjs\cpi win clima\Versione_10\Tubi\oldTubi\INPGRAF\TUBISPIR\ENTER.PAS | C:\DOCUMENTI\bmsistemi\drivepsviluppo\prjs\cpi win clima\versione_10 nuova\Tubi\oldTubi\ENTER.PAS | C:\DOCUMENTI\bmsistemi\drivepsviluppo\prjs\cpi win clima\versione_10 nuova\Tubi\oldTubi\INPGRAF\ENTER.PAS | C:\DOCUMENTI\bmsistemi\drivepsviluppo\prjs\cpi win clima\versione_10 nuova\Tubi\oldTubi\INPGRAF\TUBISPIR\ENTER.PAS | C:\DOCUMENTI\bmsistemi\drivepsviluppo\prjs\cpi win clima\versione_10 ripristinata\Tubi\oldTubi\ENTER.PAS | C:\DOCUMENTI\bmsistemi\drivepsviluppo\prjs\cpi win clima\versione_10 ripristinata\Tubi\oldTubi\INPGRAF\ENTER.PAS | C:\DOCUMENTI\bmsistemi\drivepsviluppo\prjs\cpi win clima\versione_10 ripristinata\Tubi\oldTubi\INPGRAF\TUBISPIR\ENTER.PAS",
"CanaliAria","ExceptionLog","1","Ambigua: piu copie omonime","8","C:\DOCUMENTI\bmsistemi\drivep\Comp\Source\EurekaLog 4\Delphi6\ExceptionLog.pas | C:\DOCUMENTI\bmsistemi\drivep\Comp\Source\EurekaLog 4\Delphi9\ExceptionLog.pas | C:\DOCUMENTI\bmsistemi\drivep\Comp\Source\EurekaLog 4\EurekaLog 4\Delphi6\ExceptionLog.pas | C:\DOCUMENTI\bmsistemi\drivep\Comp\Source\EurekaLog 4\EurekaLog 4\Delphi9\ExceptionLog.pas | C:\DOCUMENTI\bmsistemi\drivepsviluppo\Comp\Source\EurekaLog 4\Delphi6\ExceptionLog.pas | C:\DOCUMENTI\bmsistemi\drivepsviluppo\Comp\Source\EurekaLog 4\Delphi9\ExceptionLog.pas | C:\DOCUMENTI\bmsistemi\drivepsviluppo\Comp\Source\EurekaLog 4\EurekaLog 4\Delphi6\ExceptionLog.pas | C:\DOCUMENTI\bmsistemi\drivepsviluppo\Comp\Source\EurekaLog 4\EurekaLog 4\Delphi9\ExceptionLog.pas",
"CanaliAria","funzdim","1","Ambigua: piu copie omonime","2","C:\DOCUMENTI\sd\sorgenti\bm-sd\CANALI\funzdim.pas | C:\DOCUMENTI\sd\sorgenti\bm-sd\CANALI\INPGRAF\FUNZDIM.PAS",
"CanaliAria","gestudb","1","Ambigua: piu copie omonime","4","C:\DOCUMENTI\sd\sorgenti\bm-sd\GENERA\distribuzione\libreriedatabase\gestudb.pas | C:\DOCUMENTI\bmsistemi\drivepsviluppo\prjs\cpi win clima\versione_10\libreriedatabase\gestudb.pas | C:\DOCUMENTI\bmsistemi\drivepsviluppo\prjs\cpi win clima\versione_10 nuova\libreriedatabase\gestudb.pas | C:\DOCUMENTI\bmsistemi\drivepsviluppo\prjs\cpi win clima\versione_10 ripristinata\libreriedatabase\gestudb.pas",
"CanaliAria","GLBehaviours","1","Ambigua: piu copie omonime","3","C:\DOCUMENTI\sd\sorgenti\bm-sd\GLScene\Source\GLBehaviours.pas | C:\DOCUMENTI\sd\sorgenti\bm-sd\glscene 1.1 marzo 2011\Source\GLBehaviours.pas | C:\DOCUMENTI\sd\sorgenti\bm-sd\glscene2007\Source\GLBehaviours.pas",
"CanaliAria","GLCadencer","1","Ambigua: piu copie omonime","3","C:\DOCUMENTI\sd\sorgenti\bm-sd\GLScene\Source\GLCadencer.pas | C:\DOCUMENTI\sd\sorgenti\bm-sd\glscene 1.1 marzo 2011\Source\GLCadencer.pas | C:\DOCUMENTI\sd\sorgenti\bm-sd\glscene2007\Source\GLCadencer.pas",
"CanaliAria","glextrusion","1","Ambigua: piu copie omonime","3","C:\DOCUMENTI\sd\sorgenti\bm-sd\GLScene\Source\GLExtrusion.pas | C:\DOCUMENTI\sd\sorgenti\bm-sd\glscene 1.1 marzo 2011\Source\GLExtrusion.pas | C:\DOCUMENTI\sd\sorgenti\bm-sd\glscene2007\Source\GLExtrusion.pas",
"CanaliAria","GLMisc","2","Ambigua: piu copie omonime","2","C:\DOCUMENTI\sd\sorgenti\bm-sd\GLScene\Source\GLMisc.pas | C:\DOCUMENTI\sd\sorgenti\bm-sd\glscene2007\Source\GLMisc.pas",
"CanaliAria","glmovement","1","Ambigua: piu copie omonime","3","C:\DOCUMENTI\sd\sorgenti\bm-sd\GLScene\Source\GLMovement.pas | C:\DOCUMENTI\sd\sorgenti\bm-sd\glscene 1.1 marzo 2011\Source\GLMovement.pas | C:\DOCUMENTI\sd\sorgenti\bm-sd\glscene2007\Source\GLMovement.pas",
"CanaliAria","GLObjects","2","Ambigua: piu copie omonime","3","C:\DOCUMENTI\sd\sorgenti\bm-sd\GLScene\Source\GLObjects.pas | C:\DOCUMENTI\sd\sorgenti\bm-sd\glscene 1.1 marzo 2011\Source\GLObjects.pas | C:\DOCUMENTI\sd\sorgenti\bm-sd\glscene2007\Source\GLObjects.pas",
"CanaliAria","GLParticles","1","Ambigua: piu copie omonime","3","C:\DOCUMENTI\sd\sorgenti\bm-sd\GLScene\Source\GLParticles.pas | C:\DOCUMENTI\sd\sorgenti\bm-sd\glscene 1.1 marzo 2011\Source\GLParticles.pas | C:\DOCUMENTI\sd\sorgenti\bm-sd\glscene2007\Source\GLParticles.pas",
"CanaliAria","GLScene","2","Ambigua: piu copie omonime","3","C:\DOCUMENTI\sd\sorgenti\bm-sd\GLScene\Source\GLScene.pas | C:\DOCUMENTI\sd\sorgenti\bm-sd\glscene 1.1 marzo 2011\Source\GLScene.pas | C:\DOCUMENTI\sd\sorgenti\bm-sd\glscene2007\Source\GLScene.pas",
"CanaliAria","GLSkydome","1","Ambigua: piu copie omonime","3","C:\DOCUMENTI\sd\sorgenti\bm-sd\GLScene\Source\GLSkydome.pas | C:\DOCUMENTI\sd\sorgenti\bm-sd\glscene 1.1 marzo 2011\Source\GLSkydome.pas | C:\DOCUMENTI\sd\sorgenti\bm-sd\glscene2007\Source\GLSkydome.pas",
"CanaliAria","GLSpaceText","1","Ambigua: piu copie omonime","3","C:\DOCUMENTI\sd\sorgenti\bm-sd\GLScene\Source\GLSpaceText.pas | C:\DOCUMENTI\sd\sorgenti\bm-sd\glscene 1.1 marzo 2011\Source\GLSpaceText.pas | C:\DOCUMENTI\sd\sorgenti\bm-sd\glscene2007\Source\GLSpaceText.pas",
"CanaliAria","gltexture","2","Ambigua: piu copie omonime","3","C:\DOCUMENTI\sd\sorgenti\bm-sd\GLScene\Source\GLTexture.pas | C:\DOCUMENTI\sd\sorgenti\bm-sd\glscene 1.1 marzo 2011\Source\GLTexture.pas | C:\DOCUMENTI\sd\sorgenti\bm-sd\glscene2007\Source\GLTexture.pas",
"CanaliAria","GLWin32Viewer","2","Ambigua: piu copie omonime","3","C:\DOCUMENTI\sd\sorgenti\bm-sd\GLScene\Source\Platform\GLWin32Viewer.pas | C:\DOCUMENTI\sd\sorgenti\bm-sd\glscene 1.1 marzo 2011\Source\Platform\GLWin32Viewer.pas | C:\DOCUMENTI\sd\sorgenti\bm-sd\glscene2007\Source\Platform\GLWin32Viewer.pas",
"CanaliAria","gruti","17","Ambigua: piu copie omonime","3","C:\DOCUMENTI\bmsistemi\drivep\prjs\cpi win clima\Versione_10\Tubi\oldTubi\grafo\GTUBI\GRUTI.PAS | C:\DOCUMENTI\bmsistemi\drivepsviluppo\prjs\cpi win clima\versione_10 nuova\Tubi\oldTubi\grafo\GTUBI\GRUTI.PAS | C:\DOCUMENTI\bmsistemi\drivepsviluppo\prjs\cpi win clima\versione_10 ripristinata\Tubi\oldTubi\grafo\GTUBI\GRUTI.PAS",
"CanaliAria","halotp4","34","Ambigua: piu copie omonime","3","C:\DOCUMENTI\bmsistemi\drivep\prjs\cpi win clima\Versione_10\Tubi\oldTubi\grafo\GTUBI\HALOTP4.PAS | C:\DOCUMENTI\bmsistemi\drivepsviluppo\prjs\cpi win clima\versione_10 nuova\Tubi\oldTubi\grafo\GTUBI\HALOTP4.PAS | C:\DOCUMENTI\bmsistemi\drivepsviluppo\prjs\cpi win clima\versione_10 ripristinata\Tubi\oldTubi\grafo\GTUBI\HALOTP4.PAS",
"CanaliAria","InitPunt_Tubi","1","Ambigua: piu copie omonime","4","C:\DOCUMENTI\bmsistemi\drivep\prjs\cpi win clima\Versione_10\Tubi\InitPunt_Tubi.pas | C:\DOCUMENTI\bmsistemi\drivepsviluppo\prjs\cpi win clima\versione_10\Tubi\InitPunt_Tubi.pas | C:\DOCUMENTI\bmsistemi\drivepsviluppo\prjs\cpi win clima\versione_10 nuova\Tubi\InitPunt_Tubi.pas | C:\DOCUMENTI\bmsistemi\drivepsviluppo\prjs\cpi win clima\versione_10 ripristinata\Tubi\InitPunt_Tubi.pas",
"CanaliAria","interf3d","1","Ambigua: piu copie omonime","2","C:\DOCUMENTI\sd\sorgenti\bm-sd\CANALI\interf3d.pas | C:\DOCUMENTI\sd\sorgenti\bm-sd\CANALI\INPGRAF\INTERF3D.PAS",
"CanaliAria","kbmMemCSVStreamFormat","1","Ambigua: piu copie omonime","4","C:\DOCUMENTI\bmsistemi\drivep\Comp\Source\Vari\Copia di KbmMemTab\kbmMemCSVStreamFormat.pas | C:\DOCUMENTI\bmsistemi\drivep\Comp\Source\Vari\KbmMemTab\kbmMemCSVStreamFormat.pas | C:\DOCUMENTI\bmsistemi\drivepsviluppo\Comp\Source\Vari\Copia di KbmMemTab\kbmMemCSVStreamFormat.pas | C:\DOCUMENTI\bmsistemi\drivepsviluppo\Comp\Source\Vari\KbmMemTab\kbmMemCSVStreamFormat.pas",
"CanaliAria","kbmMemTable","1","Ambigua: piu copie omonime","4","C:\DOCUMENTI\bmsistemi\drivep\Comp\Source\Vari\Copia di KbmMemTab\kbmMemTable.pas | C:\DOCUMENTI\bmsistemi\drivep\Comp\Source\Vari\KbmMemTab\kbmMemTable.pas | C:\DOCUMENTI\bmsistemi\drivepsviluppo\Comp\Source\Vari\Copia di KbmMemTab\kbmMemTable.pas | C:\DOCUMENTI\bmsistemi\drivepsviluppo\Comp\Source\Vari\KbmMemTab\kbmMemTable.pas",
"CanaliAria","key","8","Ambigua: piu copie omonime","2","C:\DOCUMENTI\sd\sorgenti\bm-sd\CANALI\key.pas | C:\DOCUMENTI\sd\sorgenti\bm-sd\CANALI\UTILS\KEY.PAS",
"CanaliAria","libreriagenerale","2","Ambigua: piu copie omonime","5","C:\DOCUMENTI\bmsistemi\drivep\prjs\cpi win clima\Versione_10\comuni\LibreriaGenerale.pas | C:\DOCUMENTI\bmsistemi\drivep\prjs\cpi win clima\Versione_10 allineamento con emanuela\comuni\LibreriaGenerale.pas | C:\DOCUMENTI\bmsistemi\drivepsviluppo\prjs\cpi win clima\versione_10\comuni\libreriagenerale.pas | C:\DOCUMENTI\bmsistemi\drivepsviluppo\prjs\cpi win clima\versione_10 nuova\comuni\libreriagenerale.pas | C:\DOCUMENTI\bmsistemi\drivepsviluppo\prjs\cpi win clima\versione_10 ripristinata\comuni\libreriagenerale.pas",
"CanaliAria","Main","1","Ambigua: piu copie omonime","27","C:\DOCUMENTI\sd\sorgenti\bm-sd\CANALI\MAIN.PAS | C:\DOCUMENTI\sd\sorgenti\bm-sd\CANALI\UTILS\MAIN.PAS | C:\DOCUMENTI\sd\sorgenti\bm-sd\GLScene\Demos\materials\multitexture\Main.pas | C:\DOCUMENTI\sd\sorgenti\bm-sd\GLScene\Demos\specialsFX\shadows\Main.pas | C:\DOCUMENTI\sd\sorgenti\bm-sd\glscene 1.1 marzo 2011\AdvDemos\PakEdit\Main.pas | C:\DOCUMENTI\sd\sorgenti\bm-sd\glscene 1.1 marzo 2011\Demos\interface\CameraController\Main.pas | C:\DOCUMENTI\sd\sorgenti\bm-sd\glscene 1.1 marzo 2011\Demos\materials\multitexture\Main.pas | C:\DOCUMENTI\sd\sorgenti\bm-sd\glscene 1.1 marzo 2011\Demos\scripting\glscript\main.pas | C:\DOCUMENTI\sd\sorgenti\bm-sd\glscene 1.1 marzo 2011\Demos\specialsFX\shadows\Main.pas | C:\DOCUMENTI\sd\sorgenti\bm-sd\glscene 1.1 marzo 2011\Demos\utilities\ArchiveEdit\Main.pas | C:\DOCUMENTI\sd\sorgenti\bm-sd\glscene 1.1 marzo 2011\Demos\utilities\ArchiverDemo\main.pas | C:\DOCUMENTI\sd\sorgenti\bm-sd\glscene 1.1 marzo 2011\Demos\utilities\fontgen\main.pas | C:\DOCUMENTI\sd\sorgenti\bm-sd\glscene 1.1 marzo 2011\DemosLCL\interface\CameraController\Main.pas | C:\DOCUMENTI\sd\sorgenti\bm-sd\glscene 1.1 marzo 2011\DemosLCL\materials\multitexture\Main.pas | C:\DOCUMENTI\sd\sorgenti\bm-sd\glscene 1.1 marzo 2011\DemosLCL\specialsFX\shadows\Main.pas | C:\DOCUMENTI\sd\sorgenti\bm-sd\glscene 1.1 marzo 2011\DemosLCL\utilities\ArchiveEdit\Main.pas | C:\DOCUMENTI\sd\sorgenti\bm-sd\glscene 1.1 marzo 2011\DemosLCL\utilities\ArchiverDemo\Main.pas | C:\DOCUMENTI\sd\sorgenti\bm-sd\glscene 1.1 marzo 2011\DemosLCL\utilities\fontgen\main.pas | C:\DOCUMENTI\sd\sorgenti\bm-sd\glscene 1.1 marzo 2011\Utilities\PakEdit\Main.pas | C:\DOCUMENTI\sd\sorgenti\bm-sd\glscene2007\Demos\materials\multitexture\Main.pas | C:\DOCUMENTI\sd\sorgenti\bm-sd\glscene2007\Demos\scripting\glscript\main.pas | C:\DOCUMENTI\sd\sorgenti\bm-sd\glscene2007\Demos\specialsFX\shadows\Main.pas | C:\DOCUMENTI\sd\sorgenti\bm-sd\glscene2007\Demos\utilities\fontgen\main.pas | C:\DOCUMENTI\sd\sorgenti\bm-sd\glscene2007\Utilities\PakEdit\Main.pas | C:\DOCUMENTI\sd\sorgenti\bm-sd\rx\Demos\Dbexpl32\Main.pas | C:\DOCUMENTI\sd\sorgenti\bm-sd\rx\Demos\Dbexplor\Main.pas | C:\DOCUMENTI\sd\sorgenti\bm-sd\rx\Demos\Rxdemo\Main.pas","MAIN.PAS"
"CanaliAria","pezzi","1","Ambigua: piu copie omonime","2","C:\DOCUMENTI\sd\sorgenti\bm-sd\CANALI\PEZZI.PAS | C:\DOCUMENTI\sd\sorgenti\bm-sd\CANALI\INPGRAF\PEZZI.PAS",
"CanaliAria","stampe","1","Ambigua: piu copie omonime","12","C:\DOCUMENTI\bmsistemi\drivep\prjs\cpi win clima\Versione_10\DllPrincipaleTermico\forms\Stampe.pas | C:\DOCUMENTI\bmsistemi\drivep\prjs\cpi win clima\Versione_10\DllPrincipaleTermico\Form_12\Stampe.pas | C:\DOCUMENTI\bmsistemi\drivep\prjs\cpi win clima\Versione_10\Tubi\STAMPE.PAS | C:\DOCUMENTI\bmsistemi\drivep\prjs\cpi win clima\Versione_10\Tubi\oldTubi\grafo\GTUBI\STAMPE.PAS | C:\DOCUMENTI\bmsistemi\drivepsviluppo\prjs\cpi win clima\versione_10\DllPrincipaleTermico\forms\Stampe.pas | C:\DOCUMENTI\bmsistemi\drivepsviluppo\prjs\cpi win clima\versione_10\DllPrincipaleTermico\Form_12\Stampe.pas | C:\DOCUMENTI\bmsistemi\drivepsviluppo\prjs\cpi win clima\versione_10 nuova\DllPrincipaleTermico\forms\Stampe.pas | C:\DOCUMENTI\bmsistemi\drivepsviluppo\prjs\cpi win clima\versione_10 nuova\DllPrincipaleTermico\Form_12\Stampe.pas | C:\DOCUMENTI\bmsistemi\drivepsviluppo\prjs\cpi win clima\versione_10 nuova\Tubi\oldTubi\grafo\GTUBI\STAMPE.PAS | C:\DOCUMENTI\bmsistemi\drivepsviluppo\prjs\cpi win clima\versione_10 ripristinata\DllPrincipaleTermico\forms\Stampe.pas | C:\DOCUMENTI\bmsistemi\drivepsviluppo\prjs\cpi win clima\versione_10 ripristinata\DllPrincipaleTermico\Form_12\Stampe.pas | C:\DOCUMENTI\bmsistemi\drivepsviluppo\prjs\cpi win clima\versione_10 ripristinata\Tubi\oldTubi\grafo\GTUBI\STAMPE.PAS",
"CanaliAria","udbt","1","Ambigua: piu copie omonime","15","C:\DOCUMENTI\sd\sorgenti\bm-sd\GENERA\gestione\generati\UDBT.pas | C:\DOCUMENTI\sd\sorgenti\bm-sd\gestioneclienti\generati\UDBT.pas | C:\DOCUMENTI\bmsistemi\drivepsviluppo\prjs\cpi win clima\versione_10\3D\GENERATI\UDBT.pas | C:\DOCUMENTI\bmsistemi\drivepsviluppo\prjs\cpi win clima\versione_10\3D\GENERATI vecchio\UDBT.pas | C:\DOCUMENTI\bmsistemi\drivepsviluppo\prjs\cpi win clima\versione_10\AggiornamentiV13\Carichi\database\GENERATI\UDBT.pas | C:\DOCUMENTI\bmsistemi\drivepsviluppo\prjs\cpi win clima\versione_10\Copia di 3D\GENERATI\UDBT.pas | C:\DOCUMENTI\bmsistemi\drivepsviluppo\prjs\cpi win clima\versione_10\progetto test con multitabelle\GENERATI\UDBT.pas | C:\DOCUMENTI\bmsistemi\drivepsviluppo\prjs\cpi win clima\versione_10 nuova\AggiornamentiV13\Carichi\database\GENERATI\UDBT.pas | C:\DOCUMENTI\bmsistemi\drivepsviluppo\prjs\cpi win clima\versione_10 nuova\Copia di 3D\GENERATI\UDBT.pas | C:\DOCUMENTI\bmsistemi\drivepsviluppo\prjs\cpi win clima\versione_10 nuova\progetto test con multitabelle\GENERATI\UDBT.pas | C:\DOCUMENTI\bmsistemi\drivepsviluppo\prjs\cpi win clima\versione_10 ripristinata\3D\GENERATI\UDBT.pas | C:\DOCUMENTI\bmsistemi\drivepsviluppo\prjs\cpi win clima\versione_10 ripristinata\3D\GENERATI vecchio\UDBT.pas | C:\DOCUMENTI\bmsistemi\drivepsviluppo\prjs\cpi win clima\versione_10 ripristinata\AggiornamentiV13\Carichi\database\GENERATI\UDBT.pas | C:\DOCUMENTI\bmsistemi\drivepsviluppo\prjs\cpi win clima\versione_10 ripristinata\Copia di 3D\GENERATI\UDBT.pas | C:\DOCUMENTI\bmsistemi\drivepsviluppo\prjs\cpi win clima\versione_10 ripristinata\progetto test con multitabelle\GENERATI\UDBT.pas",
"CanaliAria","uleggiscrividati","1","Ambigua: piu copie omonime","26","C:\DOCUMENTI\sd\sorgenti\bm-sd\GENERA\gestione\generati\ULeggiscriviDati.pas | C:\DOCUMENTI\sd\sorgenti\bm-sd\gestioneclienti\generati\ULeggiscriviDati.pas | C:\DOCUMENTI\sd\sorgenti\bm-sd\Sun-Trace\generati\ULeggiscriviDati.pas | C:\DOCUMENTI\bmsistemi\drivep\prjs\cpi win clima\Versione_10\AggiornamentiV13\Carichi\database\GENERATI\ULeggiscriviDati.pas | C:\DOCUMENTI\bmsistemi\drivep\prjs\cpi win clima\Versione_10\CARICHI\database\GENERATI\ULeggiscriviDati.pas | C:\DOCUMENTI\bmsistemi\drivep\prjs\cpi win clima\Versione_10\Tubi\database generati\Generati\ULeggiscriviDati.pas | C:\DOCUMENTI\bmsistemi\drivep\prjs\cpi win clima\Versione_10 allineamento con emanuela\GENERATI\ULeggiscriviDati.pas | C:\DOCUMENTI\bmsistemi\drivepsviluppo\prjs\cpi win clima\versione_10\3D\GENERATI\ULeggiscriviDati.pas | C:\DOCUMENTI\bmsistemi\drivepsviluppo\prjs\cpi win clima\versione_10\3D\GENERATI\climaenergia\ULeggiscriviDati.pas | C:\DOCUMENTI\bmsistemi\drivepsviluppo\prjs\cpi win clima\versione_10\3D\GENERATI vecchio\ULeggiscriviDati.pas | C:\DOCUMENTI\bmsistemi\drivepsviluppo\prjs\cpi win clima\versione_10\AggiornamentiV13\Carichi\database\GENERATI\ULeggiscriviDati.pas | C:\DOCUMENTI\bmsistemi\drivepsviluppo\prjs\cpi win clima\versione_10\CARICHI\database\GENERATI\ULeggiscriviDati.pas | C:\DOCUMENTI\bmsistemi\drivepsviluppo\prjs\cpi win clima\versione_10\Copia di 3D\GENERATI\ULeggiscriviDati.pas | C:\DOCUMENTI\bmsistemi\drivepsviluppo\prjs\cpi win clima\versione_10\progetto test con multitabelle\GENERATI\uleggiscrividati.pas | C:\DOCUMENTI\bmsistemi\drivepsviluppo\prjs\cpi win clima\versione_10 nuova\AggiornamentiV13\Carichi\database\GENERATI\ULeggiscriviDati.pas | C:\DOCUMENTI\bmsistemi\drivepsviluppo\prjs\cpi win clima\versione_10 nuova\CARICHI\database\GENERATI\ULeggiscriviDati.pas | C:\DOCUMENTI\bmsistemi\drivepsviluppo\prjs\cpi win clima\versione_10 nuova\Copia di 3D\GENERATI\ULeggiscriviDati.pas | C:\DOCUMENTI\bmsistemi\drivepsviluppo\prjs\cpi win clima\versione_10 nuova\progetto test con multitabelle\GENERATI\uleggiscrividati.pas | C:\DOCUMENTI\bmsistemi\drivepsviluppo\prjs\cpi win clima\versione_10 nuova\Tubi\database generati\Generati\ULeggiscriviDati.pas | C:\DOCUMENTI\bmsistemi\drivepsviluppo\prjs\cpi win clima\versione_10 ripristinata\3D\GENERATI\ULeggiscriviDati.pas | C:\DOCUMENTI\bmsistemi\drivepsviluppo\prjs\cpi win clima\versione_10 ripristinata\3D\GENERATI vecchio\ULeggiscriviDati.pas | C:\DOCUMENTI\bmsistemi\drivepsviluppo\prjs\cpi win clima\versione_10 ripristinata\AggiornamentiV13\Carichi\database\GENERATI\ULeggiscriviDati.pas | C:\DOCUMENTI\bmsistemi\drivepsviluppo\prjs\cpi win clima\versione_10 ripristinata\CARICHI\database\GENERATI\ULeggiscriviDati.pas | C:\DOCUMENTI\bmsistemi\drivepsviluppo\prjs\cpi win clima\versione_10 ripristinata\Copia di 3D\GENERATI\ULeggiscriviDati.pas | C:\DOCUMENTI\bmsistemi\drivepsviluppo\prjs\cpi win clima\versione_10 ripristinata\progetto test con multitabelle\GENERATI\uleggiscrividati.pas | C:\DOCUMENTI\bmsistemi\drivepsviluppo\prjs\cpi win clima\versione_10 ripristinata\Tubi\database generati\Generati\ULeggiscriviDati.pas",
"CanaliAria","uoggetti","3","Ambigua: piu copie omonime","3","C:\DOCUMENTI\sd\sorgenti\bm-sd\3dCAD\Uoggetti.pas | C:\DOCUMENTI\sd\sorgenti\bm-sd\3dCAD_14\Uoggetti.pas | C:\DOCUMENTI\sd\sorgenti\bm-sd\Copia di 3dCAD\Uoggetti.pas",
"CanaliAria","utilitie","10","Ambigua: piu copie omonime","8","C:\DOCUMENTI\sd\sorgenti\bm-sd\CANALI\Utilitie.pas | C:\DOCUMENTI\sd\sorgenti\bm-sd\CANALI\UTILS\UTILITIE.PAS | C:\DOCUMENTI\bmsistemi\drivep\prjs\cpi win clima\Versione_10\Tubi\oldTubi\CONVERTI\UTILITIE.PAS | C:\DOCUMENTI\bmsistemi\drivep\prjs\cpi win clima\Versione_10\Tubi\oldTubi\grafo\GTUBI\UTILITIE.PAS | C:\DOCUMENTI\bmsistemi\drivepsviluppo\prjs\cpi win clima\versione_10 nuova\Tubi\oldTubi\CONVERTI\UTILITIE.PAS | C:\DOCUMENTI\bmsistemi\drivepsviluppo\prjs\cpi win clima\versione_10 nuova\Tubi\oldTubi\grafo\GTUBI\UTILITIE.PAS | C:\DOCUMENTI\bmsistemi\drivepsviluppo\prjs\cpi win clima\versione_10 ripristinata\Tubi\oldTubi\CONVERTI\UTILITIE.PAS | C:\DOCUMENTI\bmsistemi\drivepsviluppo\prjs\cpi win clima\versione_10 ripristinata\Tubi\oldTubi\grafo\GTUBI\UTILITIE.PAS",
"CanaliAria","utireport","1","Ambigua: piu copie omonime","5","C:\DOCUMENTI\bmsistemi\drivep\prjs\cpi win clima\Versione_10\comuni\report\Utireport.pas | C:\DOCUMENTI\bmsistemi\drivep\prjs\cpi win clima\Versione_10 allineamento con emanuela\comuni\report\Utireport.pas | C:\DOCUMENTI\bmsistemi\drivepsviluppo\prjs\cpi win clima\versione_10\comuni\report\Utireport.pas | C:\DOCUMENTI\bmsistemi\drivepsviluppo\prjs\cpi win clima\versione_10 nuova\comuni\report\Utireport.pas | C:\DOCUMENTI\bmsistemi\drivepsviluppo\prjs\cpi win clima\versione_10 ripristinata\comuni\report\Utireport.pas",
"CanaliAria","varcarichi","2","Ambigua: piu copie omonime","9","C:\DOCUMENTI\sd\sorgenti\bm-sd\GENERA\distribuzione\Varcarichi.pas | C:\DOCUMENTI\sd\sorgenti\bm-sd\GENERA\gestione\Varcarichi.pas | C:\DOCUMENTI\sd\sorgenti\bm-sd\gestioneclienti\generati\Varcarichi.pas | C:\DOCUMENTI\sd\sorgenti\bm-sd\Sun-Trace\Varcarichi.pas | C:\DOCUMENTI\bmsistemi\drivep\prjs\cpi win clima\Versione_10\CARICHI\varcarichi.pas | C:\DOCUMENTI\bmsistemi\drivep\prjs\cpi win clima\Versione_10 allineamento con emanuela\CARICHI\VarCarichi.pas | C:\DOCUMENTI\bmsistemi\drivepsviluppo\prjs\cpi win clima\versione_10\CARICHI\varcarichi.pas | C:\DOCUMENTI\bmsistemi\drivepsviluppo\prjs\cpi win clima\versione_10 nuova\CARICHI\varcarichi.pas | C:\DOCUMENTI\bmsistemi\drivepsviluppo\prjs\cpi win clima\versione_10 ripristinata\CARICHI\varcarichi.pas",
"CanaliAria","wp","1","Ambigua: piu copie omonime","9","C:\DOCUMENTI\bmsistemi\drivep\prjs\cpi win clima\Versione_10\Tubi\oldTubi\WP.PAS | C:\DOCUMENTI\bmsistemi\drivep\prjs\cpi win clima\Versione_10\Tubi\oldTubi\INPGRAF\WP.PAS | C:\DOCUMENTI\bmsistemi\drivep\prjs\cpi win clima\Versione_10\Tubi\oldTubi\INPGRAF\TUBISPIR\WP.PAS | C:\DOCUMENTI\bmsistemi\drivepsviluppo\prjs\cpi win clima\versione_10 nuova\Tubi\oldTubi\WP.PAS | C:\DOCUMENTI\bmsistemi\drivepsviluppo\prjs\cpi win clima\versione_10 nuova\Tubi\oldTubi\INPGRAF\WP.PAS | C:\DOCUMENTI\bmsistemi\drivepsviluppo\prjs\cpi win clima\versione_10 nuova\Tubi\oldTubi\INPGRAF\TUBISPIR\WP.PAS | C:\DOCUMENTI\bmsistemi\drivepsviluppo\prjs\cpi win clima\versione_10 ripristinata\Tubi\oldTubi\WP.PAS | C:\DOCUMENTI\bmsistemi\drivepsviluppo\prjs\cpi win clima\versione_10 ripristinata\Tubi\oldTubi\INPGRAF\WP.PAS | C:\DOCUMENTI\bmsistemi\drivepsviluppo\prjs\cpi win clima\versione_10 ripristinata\Tubi\oldTubi\INPGRAF\TUBISPIR\WP.PAS",
"CanaliAria","Buttons","13","Piattaforma Delphi/Turbo Pascal","0","",
"CanaliAria","bwcc","9","Piattaforma Delphi/Turbo Pascal","0","",
"CanaliAria","Classes","33","Piattaforma Delphi/Turbo Pascal","0","",
"CanaliAria","ComCtrls","3","Piattaforma Delphi/Turbo Pascal","0","",
"CanaliAria","commdlg","1","Piattaforma Delphi/Turbo Pascal","0","",
"CanaliAria","Controls","29","Piattaforma Delphi/Turbo Pascal","0","",
"CanaliAria","DB","7","Piattaforma Delphi/Turbo Pascal","0","",
"CanaliAria","DBCtrls","3","Piattaforma Delphi/Turbo Pascal","0","",
"CanaliAria","DBGrids","3","Piattaforma Delphi/Turbo Pascal","0","",
"CanaliAria","dialogs","32","Piattaforma Delphi/Turbo Pascal","0","",
"CanaliAria","ExtCtrls","17","Piattaforma Delphi/Turbo Pascal","0","",
"CanaliAria","FileCtrl","1","Piattaforma Delphi/Turbo Pascal","0","",
"CanaliAria","Forms","50","Piattaforma Delphi/Turbo Pascal","0","",
"CanaliAria","Graphics","29","Piattaforma Delphi/Turbo Pascal","0","",
"CanaliAria","Grids","5","Piattaforma Delphi/Turbo Pascal","0","",
"CanaliAria","math","1","Piattaforma Delphi/Turbo Pascal","0","",
"CanaliAria","Menus","7","Piattaforma Delphi/Turbo Pascal","0","",
"CanaliAria","Messages","38","Piattaforma Delphi/Turbo Pascal","0","",
"CanaliAria","ostddlgs","3","Piattaforma Delphi/Turbo Pascal","0","",
"CanaliAria","PRINTER","15","Piattaforma Delphi/Turbo Pascal","0","",
"CanaliAria","printers","2","Piattaforma Delphi/Turbo Pascal","0","",
"CanaliAria","StdCtrls","23","Piattaforma Delphi/Turbo Pascal","0","",
"CanaliAria","strings","32","Piattaforma Delphi/Turbo Pascal","0","",
"CanaliAria","SysUtils","53","Piattaforma Delphi/Turbo Pascal","0","",
"CanaliAria","tabnotbk","1","Piattaforma Delphi/Turbo Pascal","0","",
"CanaliAria","types","1","Piattaforma Delphi/Turbo Pascal","0","",
"CanaliAria","Variants","7","Piattaforma Delphi/Turbo Pascal","0","",
"CanaliAria","win31","3","Piattaforma Delphi/Turbo Pascal","0","",
"CanaliAria","winapi","4","Piattaforma Delphi/Turbo Pascal","0","",
"CanaliAria","Wincrt","17","Piattaforma Delphi/Turbo Pascal","0","",
"CanaliAria","WinDos","8","Piattaforma Delphi/Turbo Pascal","0","",
"CanaliAria","Windows","12","Piattaforma Delphi/Turbo Pascal","0","",
"CanaliAria","WINPRN","1","Piattaforma Delphi/Turbo Pascal","0","",
"CanaliAria","WinProcs","65","Piattaforma Delphi/Turbo Pascal","0","",
"CanaliAria","DBLookup","1","Sorgente non individuato","0","",
"CanaliAria","def_win","12","Sorgente non individuato","0","",
"CanaliAria","do","1","Sorgente non individuato","0","",
"CanaliAria","graph","34","Sorgente non individuato","0","",
"CanaliAria","igrograf","1","Sorgente non individuato","0","",
"CanaliAria","indata","2","Sorgente non individuato","0","",
"CanaliAria","Libc","1","Sorgente non individuato","0","",
"CanaliAria","Main_pr","2","Sorgente non individuato","0","",
"CanaliAria","main_res","6","Sorgente non individuato","0","",
"CanaliAria","main_win","3","Sorgente non individuato","0","",
"CanaliAria","MFileC","1","Sorgente non individuato","0","",
"CanaliAria","misureg","1","Sorgente non individuato","0","",
"CanaliAria","mmsystem","1","Sorgente non individuato","0","",
"CanaliAria","MPlayer","1","Sorgente non individuato","0","",
"CanaliAria","multilin","7","Sorgente non individuato","0","",
"CanaliAria","OMemory","2","Sorgente non individuato","0","",
"CanaliAria","OPrinter","1","Sorgente non individuato","0","",
"CanaliAria","OStdWnds","1","Sorgente non individuato","0","",
"CanaliAria","overlay","1","Sorgente non individuato","0","",
"CanaliAria","read_c","1","Sorgente non individuato","0","",
"CanaliAria","rinnova","1","Sorgente non individuato","0","",
"CanaliAria","Spin","1","Sorgente non individuato","0","",
"CanaliAria","Tabs","1","Sorgente non individuato","0","",
"CanaliAria","texter","2","Sorgente non individuato","0","",
"CanaliAria","TIPIDUCT","2","Sorgente non individuato","0","",
"CanaliAria","U_WCart","1","Sorgente non individuato","0","",
"CanaliAria","U_Wduct","1","Sorgente non individuato","0","",
"CanaliAria","u_winput","5","Sorgente non individuato","0","",
"CanaliAria","ut_funz","1","Sorgente non individuato","0","",
"CanaliAria","ut_loca","1","Sorgente non individuato","0","",
"CanaliAria","Ut_loca1","2","Sorgente non individuato","0","",
"CanaliAria","uti_flf","1","Sorgente non individuato","0","",
"CanaliAria","utiwindlg","1","Sorgente non individuato","0","",
"CanaliAria","validate","8","Sorgente non individuato","0","",
"CanaliAria","win_uti","3","Sorgente non individuato","0","",
"CanaliAria","winD_menu","1","Sorgente non individuato","0","",
"CarichiTermici","Calcoli","4","Ambigua: piu copie omonime","9","C:\DOCUMENTI\bmsistemi\drivep\prjs\cpi win clima\Versione_10\CARICHI\calcoli\estivo\Calcoli.pas | C:\DOCUMENTI\bmsistemi\drivep\prjs\cpi win clima\Versione_10\CARICHI\calcoli\estivo13\Calcoli.pas | C:\DOCUMENTI\bmsistemi\drivep\prjs\cpi win clima\Versione_10 allineamento con emanuela\CARICHI\calcoli\estivo\Calcoli.pas | C:\DOCUMENTI\bmsistemi\drivepsviluppo\prjs\cpi win clima\versione_10\allineamento emanuela\CodiciEstivo\Versione_10\CARICHI\calcoli\estivo\Calcoli.pas | C:\DOCUMENTI\bmsistemi\drivepsviluppo\prjs\cpi win clima\versione_10\CARICHI\calcoli\estivo\Calcoli.pas | C:\DOCUMENTI\bmsistemi\drivepsviluppo\prjs\cpi win clima\versione_10 nuova\allineamento emanuela\CodiciEstivo\Versione_10\CARICHI\calcoli\estivo\Calcoli.pas | C:\DOCUMENTI\bmsistemi\drivepsviluppo\prjs\cpi win clima\versione_10 nuova\CARICHI\calcoli\estivo\Calcoli.pas | C:\DOCUMENTI\bmsistemi\drivepsviluppo\prjs\cpi win clima\versione_10 ripristinata\allineamento emanuela\CodiciEstivo\Versione_10\CARICHI\calcoli\estivo\Calcoli.pas | C:\DOCUMENTI\bmsistemi\drivepsviluppo\prjs\cpi win clima\versione_10 ripristinata\CARICHI\calcoli\estivo\Calcoli.pas",
"CarichiTermici","CopiaLibreriaGenerale","5","Ambigua: piu copie omonime","10","C:\DOCUMENTI\sd\sorgenti\bm-sd\estivo\copiaLibreriaGenerale.pas | C:\DOCUMENTI\sd\sorgenti\bm-sd\estivo\codeg\copiaLibreriaGenerale.pas | C:\DOCUMENTI\bmsistemi\drivep\prjs\cpi win clima\Versione_10\CARICHI\calcoli\estivo\copiaLibreriaGenerale.pas | C:\DOCUMENTI\bmsistemi\drivep\prjs\cpi win clima\Versione_10\CARICHI\calcoli\estivo13\copiaLibreriaGenerale.pas | C:\DOCUMENTI\bmsistemi\drivep\prjs\cpi win clima\Versione_10 allineamento con emanuela\CARICHI\calcoli\estivo\copiaLibreriaGenerale.pas | C:\DOCUMENTI\bmsistemi\drivepsviluppo\prjs\cpi win clima\versione_10\allineamento emanuela\CodiciEstivo\Versione_10\CARICHI\calcoli\estivo\copiaLibreriaGenerale.pas | C:\DOCUMENTI\bmsistemi\drivepsviluppo\prjs\cpi win clima\versione_10 nuova\allineamento emanuela\CodiciEstivo\Versione_10\CARICHI\calcoli\estivo\copiaLibreriaGenerale.pas | C:\DOCUMENTI\bmsistemi\drivepsviluppo\prjs\cpi win clima\versione_10 nuova\CARICHI\calcoli\estivo\copiaLibreriaGenerale.pas | C:\DOCUMENTI\bmsistemi\drivepsviluppo\prjs\cpi win clima\versione_10 ripristinata\allineamento emanuela\CodiciEstivo\Versione_10\CARICHI\calcoli\estivo\copiaLibreriaGenerale.pas | C:\DOCUMENTI\bmsistemi\drivepsviluppo\prjs\cpi win clima\versione_10 ripristinata\CARICHI\calcoli\estivo\copiaLibreriaGenerale.pas",
"CarichiTermici","defuti","1","Ambigua: piu copie omonime","8","C:\DOCUMENTI\sd\sorgenti\bm-sd\CANALI\DEFUTI.pas | C:\DOCUMENTI\sd\sorgenti\bm-sd\CANALI\UTILS\DEFUTI.PAS | C:\DOCUMENTI\bmsistemi\drivep\prjs\cpi win clima\Versione_10\Tubi\oldTubi\CONVERTI\DEFUTI.PAS | C:\DOCUMENTI\bmsistemi\drivep\prjs\cpi win clima\Versione_10\Tubi\oldTubi\grafo\GTUBI\DEFUTI.PAS | C:\DOCUMENTI\bmsistemi\drivepsviluppo\prjs\cpi win clima\versione_10 nuova\Tubi\oldTubi\CONVERTI\DEFUTI.PAS | C:\DOCUMENTI\bmsistemi\drivepsviluppo\prjs\cpi win clima\versione_10 nuova\Tubi\oldTubi\grafo\GTUBI\DEFUTI.PAS | C:\DOCUMENTI\bmsistemi\drivepsviluppo\prjs\cpi win clima\versione_10 ripristinata\Tubi\oldTubi\CONVERTI\DEFUTI.PAS | C:\DOCUMENTI\bmsistemi\drivepsviluppo\prjs\cpi win clima\versione_10 ripristinata\Tubi\oldTubi\grafo\GTUBI\DEFUTI.PAS",
"CarichiTermici","Diagramma","2","Ambigua: piu copie omonime","18","C:\DOCUMENTI\bmsistemi\drivep\prjs\cpi win clima\Versione_10\CARICHI\calcoli\estivo\Diagramma.pas | C:\DOCUMENTI\bmsistemi\drivep\prjs\cpi win clima\Versione_10\CARICHI\calcoli\estivo\Forms_12\Diagramma.pas | C:\DOCUMENTI\bmsistemi\drivep\prjs\cpi win clima\Versione_10\CARICHI\calcoli\estivo13\Diagramma.pas | C:\DOCUMENTI\bmsistemi\drivep\prjs\cpi win clima\Versione_10\CARICHI\calcoli\estivo13\Forms_12\Diagramma.pas | C:\DOCUMENTI\bmsistemi\drivep\prjs\cpi win clima\Versione_10 allineamento con emanuela\CARICHI\calcoli\estivo\Diagramma.pas | C:\DOCUMENTI\bmsistemi\drivep\prjs\cpi win clima\Versione_10 allineamento con emanuela\CARICHI\calcoli\estivo\Forms_12\Diagramma.pas | C:\DOCUMENTI\bmsistemi\drivepsviluppo\prjs\cpi win clima\versione_10\allineamento emanuela\CodiciEstivo\Versione_10\CARICHI\calcoli\estivo\Diagramma.pas | C:\DOCUMENTI\bmsistemi\drivepsviluppo\prjs\cpi win clima\versione_10\allineamento emanuela\CodiciEstivo\Versione_10\CARICHI\calcoli\estivo\Forms_12\Diagramma.pas | C:\DOCUMENTI\bmsistemi\drivepsviluppo\prjs\cpi win clima\versione_10\CARICHI\calcoli\estivo\Diagramma.pas | C:\DOCUMENTI\bmsistemi\drivepsviluppo\prjs\cpi win clima\versione_10\CARICHI\calcoli\estivo\Forms_12\Diagramma.pas | C:\DOCUMENTI\bmsistemi\drivepsviluppo\prjs\cpi win clima\versione_10 nuova\allineamento emanuela\CodiciEstivo\Versione_10\CARICHI\calcoli\estivo\Diagramma.pas | C:\DOCUMENTI\bmsistemi\drivepsviluppo\prjs\cpi win clima\versione_10 nuova\allineamento emanuela\CodiciEstivo\Versione_10\CARICHI\calcoli\estivo\Forms_12\Diagramma.pas | C:\DOCUMENTI\bmsistemi\drivepsviluppo\prjs\cpi win clima\versione_10 nuova\CARICHI\calcoli\estivo\Diagramma.pas | C:\DOCUMENTI\bmsistemi\drivepsviluppo\prjs\cpi win clima\versione_10 nuova\CARICHI\calcoli\estivo\Forms_12\Diagramma.pas | C:\DOCUMENTI\bmsistemi\drivepsviluppo\prjs\cpi win clima\versione_10 ripristinata\allineamento emanuela\CodiciEstivo\Versione_10\CARICHI\calcoli\estivo\Diagramma.pas | C:\DOCUMENTI\bmsistemi\drivepsviluppo\prjs\cpi win clima\versione_10 ripristinata\allineamento emanuela\CodiciEstivo\Versione_10\CARICHI\calcoli\estivo\Forms_12\Diagramma.pas | C:\DOCUMENTI\bmsistemi\drivepsviluppo\prjs\cpi win clima\versione_10 ripristinata\CARICHI\calcoli\estivo\Diagramma.pas | C:\DOCUMENTI\bmsistemi\drivepsviluppo\prjs\cpi win clima\versione_10 ripristinata\CARICHI\calcoli\estivo\Forms_12\Diagramma.pas","Diagramma.pas"
"CarichiTermici","Enter","1","Ambigua: piu copie omonime","11","C:\DOCUMENTI\sd\sorgenti\bm-sd\CANALI\ENTER.PAS | C:\DOCUMENTI\sd\sorgenti\bm-sd\CANALI\INPGRAF\ENTER.PAS | C:\DOCUMENTI\bmsistemi\drivep\prjs\cpi win clima\Versione_10\Tubi\oldTubi\ENTER.PAS | C:\DOCUMENTI\bmsistemi\drivep\prjs\cpi win clima\Versione_10\Tubi\oldTubi\INPGRAF\ENTER.PAS | C:\DOCUMENTI\bmsistemi\drivep\prjs\cpi win clima\Versione_10\Tubi\oldTubi\INPGRAF\TUBISPIR\ENTER.PAS | C:\DOCUMENTI\bmsistemi\drivepsviluppo\prjs\cpi win clima\versione_10 nuova\Tubi\oldTubi\ENTER.PAS | C:\DOCUMENTI\bmsistemi\drivepsviluppo\prjs\cpi win clima\versione_10 nuova\Tubi\oldTubi\INPGRAF\ENTER.PAS | C:\DOCUMENTI\bmsistemi\drivepsviluppo\prjs\cpi win clima\versione_10 nuova\Tubi\oldTubi\INPGRAF\TUBISPIR\ENTER.PAS | C:\DOCUMENTI\bmsistemi\drivepsviluppo\prjs\cpi win clima\versione_10 ripristinata\Tubi\oldTubi\ENTER.PAS | C:\DOCUMENTI\bmsistemi\drivepsviluppo\prjs\cpi win clima\versione_10 ripristinata\Tubi\oldTubi\INPGRAF\ENTER.PAS | C:\DOCUMENTI\bmsistemi\drivepsviluppo\prjs\cpi win clima\versione_10 ripristinata\Tubi\oldTubi\INPGRAF\TUBISPIR\ENTER.PAS",
"CarichiTermici","kbmMemCSVStreamFormat","1","Ambigua: piu copie omonime","4","C:\DOCUMENTI\bmsistemi\drivep\Comp\Source\Vari\Copia di KbmMemTab\kbmMemCSVStreamFormat.pas | C:\DOCUMENTI\bmsistemi\drivep\Comp\Source\Vari\KbmMemTab\kbmMemCSVStreamFormat.pas | C:\DOCUMENTI\bmsistemi\drivepsviluppo\Comp\Source\Vari\Copia di KbmMemTab\kbmMemCSVStreamFormat.pas | C:\DOCUMENTI\bmsistemi\drivepsviluppo\Comp\Source\Vari\KbmMemTab\kbmMemCSVStreamFormat.pas",
"CarichiTermici","kbmMemTable","1","Ambigua: piu copie omonime","4","C:\DOCUMENTI\bmsistemi\drivep\Comp\Source\Vari\Copia di KbmMemTab\kbmMemTable.pas | C:\DOCUMENTI\bmsistemi\drivep\Comp\Source\Vari\KbmMemTab\kbmMemTable.pas | C:\DOCUMENTI\bmsistemi\drivepsviluppo\Comp\Source\Vari\Copia di KbmMemTab\kbmMemTable.pas | C:\DOCUMENTI\bmsistemi\drivepsviluppo\Comp\Source\Vari\KbmMemTab\kbmMemTable.pas",
"CarichiTermici","LbSpeedButton","1","Ambigua: piu copie omonime","4","C:\DOCUMENTI\sd\sorgenti\bm-sd\componenti\lbbutton\LbSpeedButton.pas | C:\DOCUMENTI\bmsistemi\drivep\Comp\Source\Vari\LBButton\LbSpeedButton.pas | C:\DOCUMENTI\bmsistemi\drivep\prjs\cpi win clima\Versione_10 allineamento con emanuela\Componenti\LbSpeedButton.pas | C:\DOCUMENTI\bmsistemi\drivepsviluppo\Comp\Source\Vari\LBButton\LbSpeedButton.pas",
"CarichiTermici","Libreriagenerale","7","Ambigua: piu copie omonime","5","C:\DOCUMENTI\bmsistemi\drivep\prjs\cpi win clima\Versione_10\comuni\LibreriaGenerale.pas | C:\DOCUMENTI\bmsistemi\drivep\prjs\cpi win clima\Versione_10 allineamento con emanuela\comuni\LibreriaGenerale.pas | C:\DOCUMENTI\bmsistemi\drivepsviluppo\prjs\cpi win clima\versione_10\comuni\libreriagenerale.pas | C:\DOCUMENTI\bmsistemi\drivepsviluppo\prjs\cpi win clima\versione_10 nuova\comuni\libreriagenerale.pas | C:\DOCUMENTI\bmsistemi\drivepsviluppo\prjs\cpi win clima\versione_10 ripristinata\comuni\libreriagenerale.pas",
"CarichiTermici","Turbo3","1","Ambigua: piu copie omonime","3","C:\DOCUMENTI\sd\sorgenti\bm-sd\CANALI\Turbo3.pas | C:\DOCUMENTI\sd\sorgenti\bm-sd\CANALI\INPGRAF\TURBO3.PAS | C:\DOCUMENTI\sd\sorgenti\bm-sd\CANALI\UTILS\TURBO3.PAS",
"CarichiTermici","Ucompilaform","2","Ambigua: piu copie omonime","11","C:\DOCUMENTI\sd\sorgenti\bm-sd\GENERA\distribuzione\libreriedatabase\UCompilaForm.pas | C:\DOCUMENTI\bmsistemi\drivep\prjs\cpi win clima\Versione_10\CARICHI\database\UCompilaform.pas | C:\DOCUMENTI\bmsistemi\drivep\prjs\cpi win clima\Versione_10 allineamento con emanuela\CARICHI\database\UCompilaform.pas | C:\DOCUMENTI\bmsistemi\drivepsviluppo\prjs\cpi win clima\versione_10\CARICHI\database\UCompilaForm.pas | C:\DOCUMENTI\bmsistemi\drivepsviluppo\prjs\cpi win clima\versione_10\libreriedatabase\UCompilaForm.pas | C:\DOCUMENTI\bmsistemi\drivepsviluppo\prjs\cpi win clima\versione_10 nuova\CARICHI\database\UCompilaForm.pas | C:\DOCUMENTI\bmsistemi\drivepsviluppo\prjs\cpi win clima\versione_10 nuova\libreriedatabase\UCompilaForm.pas | C:\DOCUMENTI\bmsistemi\drivepsviluppo\prjs\cpi win clima\versione_10 nuova\Tubi\database generati\Ucompilaform.pas | C:\DOCUMENTI\bmsistemi\drivepsviluppo\prjs\cpi win clima\versione_10 ripristinata\CARICHI\database\UCompilaForm.pas | C:\DOCUMENTI\bmsistemi\drivepsviluppo\prjs\cpi win clima\versione_10 ripristinata\libreriedatabase\UCompilaForm.pas | C:\DOCUMENTI\bmsistemi\drivepsviluppo\prjs\cpi win clima\versione_10 ripristinata\Tubi\database generati\Ucompilaform.pas",
"CarichiTermici","Udatalink","3","Ambigua: piu copie omonime","31","C:\DOCUMENTI\sd\sorgenti\bm-sd\GENERA\UDataLink.pas | C:\DOCUMENTI\sd\sorgenti\bm-sd\GENERA\gestione\generati\UDataLink.pas | C:\DOCUMENTI\sd\sorgenti\bm-sd\GENERA\modifica kbmtable\UDataLink.pas | C:\DOCUMENTI\sd\sorgenti\bm-sd\GENERA\Rebuli modificato CAD\UDataLink.pas | C:\DOCUMENTI\sd\sorgenti\bm-sd\GENERA\Rebuli modificato CAD\compnuccio vecchio mandato lazzerini\UDataLink.pas | C:\DOCUMENTI\sd\sorgenti\bm-sd\GENERA\Rebuli modificato CAD\compnuccio vecchio mandato lazzerini\curve\UDataLink.pas | C:\DOCUMENTI\sd\sorgenti\bm-sd\gestioneclienti\generati\UDataLink.pas | C:\DOCUMENTI\sd\sorgenti\bm-sd\Sun-Trace\generati\UDataLink.pas | C:\DOCUMENTI\bmsistemi\drivep\prjs\cpi win clima\Versione_10\AggiornamentiV13\Carichi\database\GENERATI\UDataLink.pas | C:\DOCUMENTI\bmsistemi\drivep\prjs\cpi win clima\Versione_10\CARICHI\database\GENERATI\UDataLink.pas | C:\DOCUMENTI\bmsistemi\drivep\prjs\cpi win clima\Versione_10\Tubi\database generati\Generati\UDataLink.pas | C:\DOCUMENTI\bmsistemi\drivep\prjs\cpi win clima\Versione_10 allineamento con emanuela\GENERATI\UDataLink.pas | C:\DOCUMENTI\bmsistemi\drivepsviluppo\prjs\cpi win clima\versione_10\3D\GENERATI\UDataLink.pas | C:\DOCUMENTI\bmsistemi\drivepsviluppo\prjs\cpi win clima\versione_10\3D\GENERATI\climaenergia\UDataLink.pas | C:\DOCUMENTI\bmsistemi\drivepsviluppo\prjs\cpi win clima\versione_10\3D\GENERATI vecchio\UDataLink.pas | C:\DOCUMENTI\bmsistemi\drivepsviluppo\prjs\cpi win clima\versione_10\AggiornamentiV13\Carichi\database\GENERATI\UDataLink.pas | C:\DOCUMENTI\bmsistemi\drivepsviluppo\prjs\cpi win clima\versione_10\CARICHI\database\GENERATI\UDataLink.pas | C:\DOCUMENTI\bmsistemi\drivepsviluppo\prjs\cpi win clima\versione_10\Copia di 3D\GENERATI\UDataLink.pas | C:\DOCUMENTI\bmsistemi\drivepsviluppo\prjs\cpi win clima\versione_10\progetto test con multitabelle\GENERATI\UDataLink.pas | C:\DOCUMENTI\bmsistemi\drivepsviluppo\prjs\cpi win clima\versione_10 nuova\AggiornamentiV13\Carichi\database\GENERATI\UDataLink.pas | C:\DOCUMENTI\bmsistemi\drivepsviluppo\prjs\cpi win clima\versione_10 nuova\CARICHI\database\GENERATI\UDataLink.pas | C:\DOCUMENTI\bmsistemi\drivepsviluppo\prjs\cpi win clima\versione_10 nuova\Copia di 3D\GENERATI\UDataLink.pas | C:\DOCUMENTI\bmsistemi\drivepsviluppo\prjs\cpi win clima\versione_10 nuova\progetto test con multitabelle\GENERATI\UDataLink.pas | C:\DOCUMENTI\bmsistemi\drivepsviluppo\prjs\cpi win clima\versione_10 nuova\Tubi\database generati\Generati\UDataLink.pas | C:\DOCUMENTI\bmsistemi\drivepsviluppo\prjs\cpi win clima\versione_10 ripristinata\3D\GENERATI\UDataLink.pas | C:\DOCUMENTI\bmsistemi\drivepsviluppo\prjs\cpi win clima\versione_10 ripristinata\3D\GENERATI vecchio\UDataLink.pas | C:\DOCUMENTI\bmsistemi\drivepsviluppo\prjs\cpi win clima\versione_10 ripristinata\AggiornamentiV13\Carichi\database\GENERATI\UDataLink.pas | C:\DOCUMENTI\bmsistemi\drivepsviluppo\prjs\cpi win clima\versione_10 ripristinata\CARICHI\database\GENERATI\UDataLink.pas | C:\DOCUMENTI\bmsistemi\drivepsviluppo\prjs\cpi win clima\versione_10 ripristinata\Copia di 3D\GENERATI\UDataLink.pas | C:\DOCUMENTI\bmsistemi\drivepsviluppo\prjs\cpi win clima\versione_10 ripristinata\progetto test con multitabelle\GENERATI\UDataLink.pas | C:\DOCUMENTI\bmsistemi\drivepsviluppo\prjs\cpi win clima\versione_10 ripristinata\Tubi\database generati\Generati\UDataLink.pas",
"CarichiTermici","udb","4","Ambigua: piu copie omonime","17","C:\DOCUMENTI\sd\sorgenti\bm-sd\GENERA\UDB.pas | C:\DOCUMENTI\sd\sorgenti\bm-sd\GENERA\distribuzione\libreriedatabase\inmemoria\Udb.pas | C:\DOCUMENTI\sd\sorgenti\bm-sd\GENERA\distribuzione\libreriedatabase\sudisco\udb.pas | C:\DOCUMENTI\sd\sorgenti\bm-sd\GENERA\modifica kbmtable\UDB.pas | C:\DOCUMENTI\sd\sorgenti\bm-sd\GENERA\Rebuli modificato CAD\UDB.pas | C:\DOCUMENTI\sd\sorgenti\bm-sd\GENERA\Rebuli modificato CAD\compnuccio vecchio mandato lazzerini\UDB.pas | C:\DOCUMENTI\bmsistemi\drivep\prjs\cpi win clima\Versione_10\CARICHI\database\Udb.pas | C:\DOCUMENTI\bmsistemi\drivep\prjs\cpi win clima\Versione_10 allineamento con emanuela\CARICHI\database\Udb.pas | C:\DOCUMENTI\bmsistemi\drivepsviluppo\prjs\cpi win clima\versione_10\CARICHI\database\UDB.pas | C:\DOCUMENTI\bmsistemi\drivepsviluppo\prjs\cpi win clima\versione_10\libreriedatabase\inmemoria\Udb.pas | C:\DOCUMENTI\bmsistemi\drivepsviluppo\prjs\cpi win clima\versione_10\libreriedatabase\sudisco\udb.pas | C:\DOCUMENTI\bmsistemi\drivepsviluppo\prjs\cpi win clima\versione_10 nuova\CARICHI\database\UDB.pas | C:\DOCUMENTI\bmsistemi\drivepsviluppo\prjs\cpi win clima\versione_10 nuova\libreriedatabase\inmemoria\Udb.pas | C:\DOCUMENTI\bmsistemi\drivepsviluppo\prjs\cpi win clima\versione_10 nuova\libreriedatabase\sudisco\udb.pas | C:\DOCUMENTI\bmsistemi\drivepsviluppo\prjs\cpi win clima\versione_10 ripristinata\CARICHI\database\UDB.pas | C:\DOCUMENTI\bmsistemi\drivepsviluppo\prjs\cpi win clima\versione_10 ripristinata\libreriedatabase\inmemoria\Udb.pas | C:\DOCUMENTI\bmsistemi\drivepsviluppo\prjs\cpi win clima\versione_10 ripristinata\libreriedatabase\sudisco\udb.pas",
"CarichiTermici","Uinitmem","1","Ambigua: piu copie omonime","10","C:\DOCUMENTI\sd\sorgenti\bm-sd\GENERA\distribuzione\libreriedatabase\UInitmem.pas | C:\DOCUMENTI\bmsistemi\drivep\prjs\cpi win clima\Versione_10\CARICHI\database\UInitmem.pas | C:\DOCUMENTI\bmsistemi\drivepsviluppo\prjs\cpi win clima\versione_10\CARICHI\database\UInitmem.pas | C:\DOCUMENTI\bmsistemi\drivepsviluppo\prjs\cpi win clima\versione_10\libreriedatabase\UInitmem.pas | C:\DOCUMENTI\bmsistemi\drivepsviluppo\prjs\cpi win clima\versione_10 nuova\CARICHI\database\UInitmem.pas | C:\DOCUMENTI\bmsistemi\drivepsviluppo\prjs\cpi win clima\versione_10 nuova\libreriedatabase\UInitmem.pas | C:\DOCUMENTI\bmsistemi\drivepsviluppo\prjs\cpi win clima\versione_10 nuova\Tubi\database generati\UInitmem.pas | C:\DOCUMENTI\bmsistemi\drivepsviluppo\prjs\cpi win clima\versione_10 ripristinata\CARICHI\database\UInitmem.pas | C:\DOCUMENTI\bmsistemi\drivepsviluppo\prjs\cpi win clima\versione_10 ripristinata\libreriedatabase\UInitmem.pas | C:\DOCUMENTI\bmsistemi\drivepsviluppo\prjs\cpi win clima\versione_10 ripristinata\Tubi\database generati\UInitmem.pas",
"CarichiTermici","ULeggiscriviDati","2","Ambigua: piu copie omonime","26","C:\DOCUMENTI\sd\sorgenti\bm-sd\GENERA\gestione\generati\ULeggiscriviDati.pas | C:\DOCUMENTI\sd\sorgenti\bm-sd\gestioneclienti\generati\ULeggiscriviDati.pas | C:\DOCUMENTI\sd\sorgenti\bm-sd\Sun-Trace\generati\ULeggiscriviDati.pas | C:\DOCUMENTI\bmsistemi\drivep\prjs\cpi win clima\Versione_10\AggiornamentiV13\Carichi\database\GENERATI\ULeggiscriviDati.pas | C:\DOCUMENTI\bmsistemi\drivep\prjs\cpi win clima\Versione_10\CARICHI\database\GENERATI\ULeggiscriviDati.pas | C:\DOCUMENTI\bmsistemi\drivep\prjs\cpi win clima\Versione_10\Tubi\database generati\Generati\ULeggiscriviDati.pas | C:\DOCUMENTI\bmsistemi\drivep\prjs\cpi win clima\Versione_10 allineamento con emanuela\GENERATI\ULeggiscriviDati.pas | C:\DOCUMENTI\bmsistemi\drivepsviluppo\prjs\cpi win clima\versione_10\3D\GENERATI\ULeggiscriviDati.pas | C:\DOCUMENTI\bmsistemi\drivepsviluppo\prjs\cpi win clima\versione_10\3D\GENERATI\climaenergia\ULeggiscriviDati.pas | C:\DOCUMENTI\bmsistemi\drivepsviluppo\prjs\cpi win clima\versione_10\3D\GENERATI vecchio\ULeggiscriviDati.pas | C:\DOCUMENTI\bmsistemi\drivepsviluppo\prjs\cpi win clima\versione_10\AggiornamentiV13\Carichi\database\GENERATI\ULeggiscriviDati.pas | C:\DOCUMENTI\bmsistemi\drivepsviluppo\prjs\cpi win clima\versione_10\CARICHI\database\GENERATI\ULeggiscriviDati.pas | C:\DOCUMENTI\bmsistemi\drivepsviluppo\prjs\cpi win clima\versione_10\Copia di 3D\GENERATI\ULeggiscriviDati.pas | C:\DOCUMENTI\bmsistemi\drivepsviluppo\prjs\cpi win clima\versione_10\progetto test con multitabelle\GENERATI\uleggiscrividati.pas | C:\DOCUMENTI\bmsistemi\drivepsviluppo\prjs\cpi win clima\versione_10 nuova\AggiornamentiV13\Carichi\database\GENERATI\ULeggiscriviDati.pas | C:\DOCUMENTI\bmsistemi\drivepsviluppo\prjs\cpi win clima\versione_10 nuova\CARICHI\database\GENERATI\ULeggiscriviDati.pas | C:\DOCUMENTI\bmsistemi\drivepsviluppo\prjs\cpi win clima\versione_10 nuova\Copia di 3D\GENERATI\ULeggiscriviDati.pas | C:\DOCUMENTI\bmsistemi\drivepsviluppo\prjs\cpi win clima\versione_10 nuova\progetto test con multitabelle\GENERATI\uleggiscrividati.pas | C:\DOCUMENTI\bmsistemi\drivepsviluppo\prjs\cpi win clima\versione_10 nuova\Tubi\database generati\Generati\ULeggiscriviDati.pas | C:\DOCUMENTI\bmsistemi\drivepsviluppo\prjs\cpi win clima\versione_10 ripristinata\3D\GENERATI\ULeggiscriviDati.pas | C:\DOCUMENTI\bmsistemi\drivepsviluppo\prjs\cpi win clima\versione_10 ripristinata\3D\GENERATI vecchio\ULeggiscriviDati.pas | C:\DOCUMENTI\bmsistemi\drivepsviluppo\prjs\cpi win clima\versione_10 ripristinata\AggiornamentiV13\Carichi\database\GENERATI\ULeggiscriviDati.pas | C:\DOCUMENTI\bmsistemi\drivepsviluppo\prjs\cpi win clima\versione_10 ripristinata\CARICHI\database\GENERATI\ULeggiscriviDati.pas | C:\DOCUMENTI\bmsistemi\drivepsviluppo\prjs\cpi win clima\versione_10 ripristinata\Copia di 3D\GENERATI\ULeggiscriviDati.pas | C:\DOCUMENTI\bmsistemi\drivepsviluppo\prjs\cpi win clima\versione_10 ripristinata\progetto test con multitabelle\GENERATI\uleggiscrividati.pas | C:\DOCUMENTI\bmsistemi\drivepsviluppo\prjs\cpi win clima\versione_10 ripristinata\Tubi\database generati\Generati\ULeggiscriviDati.pas","ULeggiscriviDati.pas"
"CarichiTermici","utilitie","1","Ambigua: piu copie omonime","8","C:\DOCUMENTI\sd\sorgenti\bm-sd\CANALI\Utilitie.pas | C:\DOCUMENTI\sd\sorgenti\bm-sd\CANALI\UTILS\UTILITIE.PAS | C:\DOCUMENTI\bmsistemi\drivep\prjs\cpi win clima\Versione_10\Tubi\oldTubi\CONVERTI\UTILITIE.PAS | C:\DOCUMENTI\bmsistemi\drivep\prjs\cpi win clima\Versione_10\Tubi\oldTubi\grafo\GTUBI\UTILITIE.PAS | C:\DOCUMENTI\bmsistemi\drivepsviluppo\prjs\cpi win clima\versione_10 nuova\Tubi\oldTubi\CONVERTI\UTILITIE.PAS | C:\DOCUMENTI\bmsistemi\drivepsviluppo\prjs\cpi win clima\versione_10 nuova\Tubi\oldTubi\grafo\GTUBI\UTILITIE.PAS | C:\DOCUMENTI\bmsistemi\drivepsviluppo\prjs\cpi win clima\versione_10 ripristinata\Tubi\oldTubi\CONVERTI\UTILITIE.PAS | C:\DOCUMENTI\bmsistemi\drivepsviluppo\prjs\cpi win clima\versione_10 ripristinata\Tubi\oldTubi\grafo\GTUBI\UTILITIE.PAS",
"CarichiTermici","Varcarichi","11","Ambigua: piu copie omonime","9","C:\DOCUMENTI\sd\sorgenti\bm-sd\GENERA\distribuzione\Varcarichi.pas | C:\DOCUMENTI\sd\sorgenti\bm-sd\GENERA\gestione\Varcarichi.pas | C:\DOCUMENTI\sd\sorgenti\bm-sd\gestioneclienti\generati\Varcarichi.pas | C:\DOCUMENTI\sd\sorgenti\bm-sd\Sun-Trace\Varcarichi.pas | C:\DOCUMENTI\bmsistemi\drivep\prjs\cpi win clima\Versione_10\CARICHI\varcarichi.pas | C:\DOCUMENTI\bmsistemi\drivep\prjs\cpi win clima\Versione_10 allineamento con emanuela\CARICHI\VarCarichi.pas | C:\DOCUMENTI\bmsistemi\drivepsviluppo\prjs\cpi win clima\versione_10\CARICHI\varcarichi.pas | C:\DOCUMENTI\bmsistemi\drivepsviluppo\prjs\cpi win clima\versione_10 nuova\CARICHI\varcarichi.pas | C:\DOCUMENTI\bmsistemi\drivepsviluppo\prjs\cpi win clima\versione_10 ripristinata\CARICHI\varcarichi.pas",
"CarichiTermici","Varcarichi_estivo_14","7","Ambigua: piu copie omonime","5","C:\DOCUMENTI\bmsistemi\drivep\prjs\cpi win clima\Versione_10\CARICHI\Varcarichi_estivo_14.pas | C:\DOCUMENTI\bmsistemi\drivep\prjs\cpi win clima\Versione_10 allineamento con emanuela\CARICHI\Varcarichi_estivo_14.pas | C:\DOCUMENTI\bmsistemi\drivepsviluppo\prjs\cpi win clima\versione_10\CARICHI\Varcarichi_estivo_14.pas | C:\DOCUMENTI\bmsistemi\drivepsviluppo\prjs\cpi win clima\versione_10 nuova\CARICHI\Varcarichi_estivo_14.pas | C:\DOCUMENTI\bmsistemi\drivepsviluppo\prjs\cpi win clima\versione_10 ripristinata\CARICHI\Varcarichi_estivo_14.pas",
"CarichiTermici","VariabiliGenerali","3","Ambigua: piu copie omonime","5","C:\DOCUMENTI\bmsistemi\drivep\prjs\cpi win clima\Versione_10\comuni\VariabiliGenerali.pas | C:\DOCUMENTI\bmsistemi\drivep\prjs\cpi win clima\Versione_10 allineamento con emanuela\comuni\VariabiliGenerali.pas | C:\DOCUMENTI\bmsistemi\drivepsviluppo\prjs\cpi win clima\versione_10\comuni\VariabiliGenerali.pas | C:\DOCUMENTI\bmsistemi\drivepsviluppo\prjs\cpi win clima\versione_10 nuova\comuni\VariabiliGenerali.pas | C:\DOCUMENTI\bmsistemi\drivepsviluppo\prjs\cpi win clima\versione_10 ripristinata\comuni\VariabiliGenerali.pas",
"CarichiTermici","WM","2","Ambigua: piu copie omonime","7","C:\DOCUMENTI\sd\sorgenti\bm-sd\CANALI\WM.pas | C:\DOCUMENTI\bmsistemi\drivep\prjs\cpi win clima\Versione_10\Tubi\oldTubi\CONVERTI\WM.PAS | C:\DOCUMENTI\bmsistemi\drivep\prjs\cpi win clima\Versione_10\Tubi\oldTubi\grafo\GTUBI\WM.PAS | C:\DOCUMENTI\bmsistemi\drivepsviluppo\prjs\cpi win clima\versione_10 nuova\Tubi\oldTubi\CONVERTI\WM.PAS | C:\DOCUMENTI\bmsistemi\drivepsviluppo\prjs\cpi win clima\versione_10 nuova\Tubi\oldTubi\grafo\GTUBI\WM.PAS | C:\DOCUMENTI\bmsistemi\drivepsviluppo\prjs\cpi win clima\versione_10 ripristinata\Tubi\oldTubi\CONVERTI\WM.PAS | C:\DOCUMENTI\bmsistemi\drivepsviluppo\prjs\cpi win clima\versione_10 ripristinata\Tubi\oldTubi\grafo\GTUBI\WM.PAS",
"CarichiTermici","wp","1","Ambigua: piu copie omonime","9","C:\DOCUMENTI\bmsistemi\drivep\prjs\cpi win clima\Versione_10\Tubi\oldTubi\WP.PAS | C:\DOCUMENTI\bmsistemi\drivep\prjs\cpi win clima\Versione_10\Tubi\oldTubi\INPGRAF\WP.PAS | C:\DOCUMENTI\bmsistemi\drivep\prjs\cpi win clima\Versione_10\Tubi\oldTubi\INPGRAF\TUBISPIR\WP.PAS | C:\DOCUMENTI\bmsistemi\drivepsviluppo\prjs\cpi win clima\versione_10 nuova\Tubi\oldTubi\WP.PAS | C:\DOCUMENTI\bmsistemi\drivepsviluppo\prjs\cpi win clima\versione_10 nuova\Tubi\oldTubi\INPGRAF\WP.PAS | C:\DOCUMENTI\bmsistemi\drivepsviluppo\prjs\cpi win clima\versione_10 nuova\Tubi\oldTubi\INPGRAF\TUBISPIR\WP.PAS | C:\DOCUMENTI\bmsistemi\drivepsviluppo\prjs\cpi win clima\versione_10 ripristinata\Tubi\oldTubi\WP.PAS | C:\DOCUMENTI\bmsistemi\drivepsviluppo\prjs\cpi win clima\versione_10 ripristinata\Tubi\oldTubi\INPGRAF\WP.PAS | C:\DOCUMENTI\bmsistemi\drivepsviluppo\prjs\cpi win clima\versione_10 ripristinata\Tubi\oldTubi\INPGRAF\TUBISPIR\WP.PAS",
"CarichiTermici","Master","2","Percorso storico non disponibile","0","","..\..\..\comuni\report\Master.pas"
"CarichiTermici","bwcc","1","Piattaforma Delphi/Turbo Pascal","0","",
"CarichiTermici","Classes","10","Piattaforma Delphi/Turbo Pascal","0","",
"CarichiTermici","ComCtrls","2","Piattaforma Delphi/Turbo Pascal","0","",
"CarichiTermici","Controls","8","Piattaforma Delphi/Turbo Pascal","0","",
"CarichiTermici","DB","8","Piattaforma Delphi/Turbo Pascal","0","",
"CarichiTermici","DBCtrls","3","Piattaforma Delphi/Turbo Pascal","0","",
"CarichiTermici","DBGrids","3","Piattaforma Delphi/Turbo Pascal","0","",
"CarichiTermici","Dialogs","9","Piattaforma Delphi/Turbo Pascal","0","",
"CarichiTermici","ExtCtrls","4","Piattaforma Delphi/Turbo Pascal","0","",
"CarichiTermici","Forms","16","Piattaforma Delphi/Turbo Pascal","0","",
"CarichiTermici","Graphics","8","Piattaforma Delphi/Turbo Pascal","0","",
"CarichiTermici","Grids","3","Piattaforma Delphi/Turbo Pascal","0","",
"CarichiTermici","Mask","2","Piattaforma Delphi/Turbo Pascal","0","",
"CarichiTermici","Messages","11","Piattaforma Delphi/Turbo Pascal","0","",
"CarichiTermici","StdCtrls","7","Piattaforma Delphi/Turbo Pascal","0","",
"CarichiTermici","strings","1","Piattaforma Delphi/Turbo Pascal","0","",
"CarichiTermici","sysutils","16","Piattaforma Delphi/Turbo Pascal","0","",
"CarichiTermici","TabNotBk","1","Piattaforma Delphi/Turbo Pascal","0","",
"CarichiTermici","Variants","7","Piattaforma Delphi/Turbo Pascal","0","",
"CarichiTermici","Windows","11","Piattaforma Delphi/Turbo Pascal","0","",
"CarichiTermici","WINPROCS","1","Piattaforma Delphi/Turbo Pascal","0","",
"CarichiTermici","Chart","2","Sorgente non individuato","0","",
"CarichiTermici","dateutils","1","Sorgente non individuato","0","",
"CarichiTermici","DbChart","2","Sorgente non individuato","0","",
"CarichiTermici","indata","1","Sorgente non individuato","0","",
"CarichiTermici","Series","2","Sorgente non individuato","0","",
"CarichiTermici","TeEngine","2","Sorgente non individuato","0","",
"CarichiTermici","TeeProcs","2","Sorgente non individuato","0","",
"CarichiTermici","win_uti","1","Sorgente non individuato","0","",
"Tubazioni","CalcolaZ","4","Ambigua: piu copie omonime","10","C:\DOCUMENTI\sd\sorgenti\bm-sd\lettura\CalcolaZ.pas | C:\DOCUMENTI\sd\sorgenti\bm-sd\lettura\codeg\CalcolaZ.pas | C:\DOCUMENTI\bmsistemi\drivep\prjs\cpi win clima\Versione_10\3D\calcolaZ.pas | C:\DOCUMENTI\bmsistemi\drivep\prjs\cpi win clima\Versione_10\3D\oldcalcolaz\calcolaZ.pas | C:\DOCUMENTI\bmsistemi\drivepsviluppo\prjs\cpi win clima\versione_10\allineamento emanuela\calcolaZ.pas | C:\DOCUMENTI\bmsistemi\drivepsviluppo\prjs\cpi win clima\versione_10\Copia di 3D\calcolaZ.pas | C:\DOCUMENTI\bmsistemi\drivepsviluppo\prjs\cpi win clima\versione_10 nuova\allineamento emanuela\calcolaZ.pas | C:\DOCUMENTI\bmsistemi\drivepsviluppo\prjs\cpi win clima\versione_10 nuova\Copia di 3D\calcolaZ.pas | C:\DOCUMENTI\bmsistemi\drivepsviluppo\prjs\cpi win clima\versione_10 ripristinata\allineamento emanuela\calcolaZ.pas | C:\DOCUMENTI\bmsistemi\drivepsviluppo\prjs\cpi win clima\versione_10 ripristinata\Copia di 3D\calcolaZ.pas",
"Tubazioni","CopiaLetturadisegno3d","3","Ambigua: piu copie omonime","11","C:\DOCUMENTI\sd\sorgenti\bm-sd\lettura\copialetturaDisegno3d.pas | C:\DOCUMENTI\sd\sorgenti\bm-sd\lettura\codeg\copialetturaDisegno3d.pas | C:\DOCUMENTI\bmsistemi\drivepsviluppo\prjs\cpi win clima\versione_10\3D\copialetturadisegno3d.pas | C:\DOCUMENTI\bmsistemi\drivepsviluppo\prjs\cpi win clima\versione_10\3D\temp\copialetturadisegno3d.pas | C:\DOCUMENTI\bmsistemi\drivepsviluppo\prjs\cpi win clima\versione_10\3D\temp\semplificate\copialetturadisegno3d.pas | C:\DOCUMENTI\bmsistemi\drivepsviluppo\prjs\cpi win clima\versione_10\Copia di 3D\copialetturadisegno3d.pas | C:\DOCUMENTI\bmsistemi\drivepsviluppo\prjs\cpi win clima\versione_10 nuova\Copia di 3D\copialetturadisegno3d.pas | C:\DOCUMENTI\bmsistemi\drivepsviluppo\prjs\cpi win clima\versione_10 ripristinata\3D\copialetturadisegno3d.pas | C:\DOCUMENTI\bmsistemi\drivepsviluppo\prjs\cpi win clima\versione_10 ripristinata\3D\temp\copialetturadisegno3d.pas | C:\DOCUMENTI\bmsistemi\drivepsviluppo\prjs\cpi win clima\versione_10 ripristinata\3D\temp\semplificate\copialetturadisegno3d.pas | C:\DOCUMENTI\bmsistemi\drivepsviluppo\prjs\cpi win clima\versione_10 ripristinata\Copia di 3D\copialetturadisegno3d.pas",
"Tubazioni","copiavariabiligenerali","3","Ambigua: piu copie omonime","7","C:\DOCUMENTI\sd\sorgenti\bm-sd\CANALI\copiaVariabiliGenerali.pas | C:\DOCUMENTI\sd\sorgenti\bm-sd\estivo\CopiaVariabiligenerali.pas | C:\DOCUMENTI\sd\sorgenti\bm-sd\estivo\codeg\CopiaVariabiligenerali.pas | C:\DOCUMENTI\sd\sorgenti\bm-sd\estivo_13\CopiaVariabiligenerali.pas | C:\DOCUMENTI\sd\sorgenti\bm-sd\lettura\codeg\CopiaVariabiliGenerali.pas | C:\DOCUMENTI\sd\sorgenti\bm-sd\lettura\salvataggio\CopiaVariabiliGenerali.pas | C:\DOCUMENTI\sd\sorgenti\bm-sd\utils\CopiaVariabiliGenerali.pas",
"Tubazioni","creadbt","1","Ambigua: piu copie omonime","9","C:\DOCUMENTI\sd\sorgenti\bm-sd\GENERA\gestione\generati\CreadbT.pas | C:\DOCUMENTI\sd\sorgenti\bm-sd\gestioneclienti\generati\CreadbT.pas | C:\DOCUMENTI\bmsistemi\drivepsviluppo\prjs\cpi win clima\versione_10\3D\GENERATI\CreadbT.pas | C:\DOCUMENTI\bmsistemi\drivepsviluppo\prjs\cpi win clima\versione_10\3D\GENERATI vecchio\CreadbT.pas | C:\DOCUMENTI\bmsistemi\drivepsviluppo\prjs\cpi win clima\versione_10\progetto test con multitabelle\GENERATI\CreadbT.pas | C:\DOCUMENTI\bmsistemi\drivepsviluppo\prjs\cpi win clima\versione_10 nuova\progetto test con multitabelle\GENERATI\CreadbT.pas | C:\DOCUMENTI\bmsistemi\drivepsviluppo\prjs\cpi win clima\versione_10 ripristinata\3D\GENERATI\CreadbT.pas | C:\DOCUMENTI\bmsistemi\drivepsviluppo\prjs\cpi win clima\versione_10 ripristinata\3D\GENERATI vecchio\CreadbT.pas | C:\DOCUMENTI\bmsistemi\drivepsviluppo\prjs\cpi win clima\versione_10 ripristinata\progetto test con multitabelle\GENERATI\CreadbT.pas",
"Tubazioni","DbTablesQ","3","Ambigua: piu copie omonime","2","C:\DOCUMENTI\sd\sorgenti\bm-sd\componenti\componenete aggiuntivo kbmtable\dbtablesQ.pas | C:\DOCUMENTI\sd\sorgenti\bm-sd\componenti\kbmmem\dbtablesQ.pas",
"Tubazioni","DEFUTI","2","Ambigua: piu copie omonime","8","C:\DOCUMENTI\sd\sorgenti\bm-sd\CANALI\DEFUTI.pas | C:\DOCUMENTI\sd\sorgenti\bm-sd\CANALI\UTILS\DEFUTI.PAS | C:\DOCUMENTI\bmsistemi\drivep\prjs\cpi win clima\Versione_10\Tubi\oldTubi\CONVERTI\DEFUTI.PAS | C:\DOCUMENTI\bmsistemi\drivep\prjs\cpi win clima\Versione_10\Tubi\oldTubi\grafo\GTUBI\DEFUTI.PAS | C:\DOCUMENTI\bmsistemi\drivepsviluppo\prjs\cpi win clima\versione_10 nuova\Tubi\oldTubi\CONVERTI\DEFUTI.PAS | C:\DOCUMENTI\bmsistemi\drivepsviluppo\prjs\cpi win clima\versione_10 nuova\Tubi\oldTubi\grafo\GTUBI\DEFUTI.PAS | C:\DOCUMENTI\bmsistemi\drivepsviluppo\prjs\cpi win clima\versione_10 ripristinata\Tubi\oldTubi\CONVERTI\DEFUTI.PAS | C:\DOCUMENTI\bmsistemi\drivepsviluppo\prjs\cpi win clima\versione_10 ripristinata\Tubi\oldTubi\grafo\GTUBI\DEFUTI.PAS",
"Tubazioni","demo","1","Ambigua: piu copie omonime","3","C:\DOCUMENTI\sd\sorgenti\bm-sd\CANALI\DEMO.PAS | C:\DOCUMENTI\sd\sorgenti\bm-sd\CANALI\UTILS\DEMO.PAS | C:\DOCUMENTI\sd\sorgenti\bm-sd\glscene 1.1 marzo 2011\DemosLCL\meshes\actor\demo.pas",
"Tubazioni","disedificio","1","Ambigua: piu copie omonime","8","C:\DOCUMENTI\bmsistemi\drivep\prjs\cpi win clima\Versione_10\3D\disedificio.pas | C:\DOCUMENTI\bmsistemi\drivepsviluppo\prjs\cpi win clima\versione_10\3D\disedificio.pas | C:\DOCUMENTI\bmsistemi\drivepsviluppo\prjs\cpi win clima\versione_10\3D\temp\semplificate\disedificio.pas | C:\DOCUMENTI\bmsistemi\drivepsviluppo\prjs\cpi win clima\versione_10\Copia di 3D\DisEdificio.pas | C:\DOCUMENTI\bmsistemi\drivepsviluppo\prjs\cpi win clima\versione_10 nuova\Copia di 3D\DisEdificio.pas | C:\DOCUMENTI\bmsistemi\drivepsviluppo\prjs\cpi win clima\versione_10 ripristinata\3D\disedificio.pas | C:\DOCUMENTI\bmsistemi\drivepsviluppo\prjs\cpi win clima\versione_10 ripristinata\3D\temp\semplificate\disedificio.pas | C:\DOCUMENTI\bmsistemi\drivepsviluppo\prjs\cpi win clima\versione_10 ripristinata\Copia di 3D\DisEdificio.pas",
"Tubazioni","ECore","1","Ambigua: piu copie omonime","8","C:\DOCUMENTI\bmsistemi\drivep\Comp\Source\EurekaLog 4\Delphi6\ECore.pas | C:\DOCUMENTI\bmsistemi\drivep\Comp\Source\EurekaLog 4\Delphi9\ECore.pas | C:\DOCUMENTI\bmsistemi\drivep\Comp\Source\EurekaLog 4\EurekaLog 4\Delphi6\ECore.pas | C:\DOCUMENTI\bmsistemi\drivep\Comp\Source\EurekaLog 4\EurekaLog 4\Delphi9\ECore.pas | C:\DOCUMENTI\bmsistemi\drivepsviluppo\Comp\Source\EurekaLog 4\Delphi6\ECore.pas | C:\DOCUMENTI\bmsistemi\drivepsviluppo\Comp\Source\EurekaLog 4\Delphi9\ECore.pas | C:\DOCUMENTI\bmsistemi\drivepsviluppo\Comp\Source\EurekaLog 4\EurekaLog 4\Delphi6\ECore.pas | C:\DOCUMENTI\bmsistemi\drivepsviluppo\Comp\Source\EurekaLog 4\EurekaLog 4\Delphi9\ECore.pas",
"Tubazioni","Enter","1","Ambigua: piu copie omonime","11","C:\DOCUMENTI\sd\sorgenti\bm-sd\CANALI\ENTER.PAS | C:\DOCUMENTI\sd\sorgenti\bm-sd\CANALI\INPGRAF\ENTER.PAS | C:\DOCUMENTI\bmsistemi\drivep\prjs\cpi win clima\Versione_10\Tubi\oldTubi\ENTER.PAS | C:\DOCUMENTI\bmsistemi\drivep\prjs\cpi win clima\Versione_10\Tubi\oldTubi\INPGRAF\ENTER.PAS | C:\DOCUMENTI\bmsistemi\drivep\prjs\cpi win clima\Versione_10\Tubi\oldTubi\INPGRAF\TUBISPIR\ENTER.PAS | C:\DOCUMENTI\bmsistemi\drivepsviluppo\prjs\cpi win clima\versione_10 nuova\Tubi\oldTubi\ENTER.PAS | C:\DOCUMENTI\bmsistemi\drivepsviluppo\prjs\cpi win clima\versione_10 nuova\Tubi\oldTubi\INPGRAF\ENTER.PAS | C:\DOCUMENTI\bmsistemi\drivepsviluppo\prjs\cpi win clima\versione_10 nuova\Tubi\oldTubi\INPGRAF\TUBISPIR\ENTER.PAS | C:\DOCUMENTI\bmsistemi\drivepsviluppo\prjs\cpi win clima\versione_10 ripristinata\Tubi\oldTubi\ENTER.PAS | C:\DOCUMENTI\bmsistemi\drivepsviluppo\prjs\cpi win clima\versione_10 ripristinata\Tubi\oldTubi\INPGRAF\ENTER.PAS | C:\DOCUMENTI\bmsistemi\drivepsviluppo\prjs\cpi win clima\versione_10 ripristinata\Tubi\oldTubi\INPGRAF\TUBISPIR\ENTER.PAS",
"Tubazioni","ExceptionLog","2","Ambigua: piu copie omonime","8","C:\DOCUMENTI\bmsistemi\drivep\Comp\Source\EurekaLog 4\Delphi6\ExceptionLog.pas | C:\DOCUMENTI\bmsistemi\drivep\Comp\Source\EurekaLog 4\Delphi9\ExceptionLog.pas | C:\DOCUMENTI\bmsistemi\drivep\Comp\Source\EurekaLog 4\EurekaLog 4\Delphi6\ExceptionLog.pas | C:\DOCUMENTI\bmsistemi\drivep\Comp\Source\EurekaLog 4\EurekaLog 4\Delphi9\ExceptionLog.pas | C:\DOCUMENTI\bmsistemi\drivepsviluppo\Comp\Source\EurekaLog 4\Delphi6\ExceptionLog.pas | C:\DOCUMENTI\bmsistemi\drivepsviluppo\Comp\Source\EurekaLog 4\Delphi9\ExceptionLog.pas | C:\DOCUMENTI\bmsistemi\drivepsviluppo\Comp\Source\EurekaLog 4\EurekaLog 4\Delphi6\ExceptionLog.pas | C:\DOCUMENTI\bmsistemi\drivepsviluppo\Comp\Source\EurekaLog 4\EurekaLog 4\Delphi9\ExceptionLog.pas",
"Tubazioni","Funz_reti","3","Ambigua: piu copie omonime","8","C:\DOCUMENTI\bmsistemi\drivepsviluppo\prjs\cpi win clima\versione_10\3D\Funz_reti.pas | C:\DOCUMENTI\bmsistemi\drivepsviluppo\prjs\cpi win clima\versione_10\vittorio to\Funz_reti.pas | C:\DOCUMENTI\bmsistemi\drivepsviluppo\prjs\cpi win clima\versione_10\Vtittorio To2\Funz_reti.pas | C:\DOCUMENTI\bmsistemi\drivepsviluppo\prjs\cpi win clima\versione_10 nuova\vittorio to\Funz_reti.pas | C:\DOCUMENTI\bmsistemi\drivepsviluppo\prjs\cpi win clima\versione_10 nuova\Vtittorio To2\Funz_reti.pas | C:\DOCUMENTI\bmsistemi\drivepsviluppo\prjs\cpi win clima\versione_10 ripristinata\3D\Funz_reti.pas | C:\DOCUMENTI\bmsistemi\drivepsviluppo\prjs\cpi win clima\versione_10 ripristinata\vittorio to\Funz_reti.pas | C:\DOCUMENTI\bmsistemi\drivepsviluppo\prjs\cpi win clima\versione_10 ripristinata\Vtittorio To2\Funz_reti.pas",
"Tubazioni","GLBehaviours","1","Ambigua: piu copie omonime","3","C:\DOCUMENTI\sd\sorgenti\bm-sd\GLScene\Source\GLBehaviours.pas | C:\DOCUMENTI\sd\sorgenti\bm-sd\glscene 1.1 marzo 2011\Source\GLBehaviours.pas | C:\DOCUMENTI\sd\sorgenti\bm-sd\glscene2007\Source\GLBehaviours.pas",
"Tubazioni","GLCadencer","1","Ambigua: piu copie omonime","3","C:\DOCUMENTI\sd\sorgenti\bm-sd\GLScene\Source\GLCadencer.pas | C:\DOCUMENTI\sd\sorgenti\bm-sd\glscene 1.1 marzo 2011\Source\GLCadencer.pas | C:\DOCUMENTI\sd\sorgenti\bm-sd\glscene2007\Source\GLCadencer.pas",
"Tubazioni","GLMisc","2","Ambigua: piu copie omonime","2","C:\DOCUMENTI\sd\sorgenti\bm-sd\GLScene\Source\GLMisc.pas | C:\DOCUMENTI\sd\sorgenti\bm-sd\glscene2007\Source\GLMisc.pas",
"Tubazioni","glmovement","1","Ambigua: piu copie omonime","3","C:\DOCUMENTI\sd\sorgenti\bm-sd\GLScene\Source\GLMovement.pas | C:\DOCUMENTI\sd\sorgenti\bm-sd\glscene 1.1 marzo 2011\Source\GLMovement.pas | C:\DOCUMENTI\sd\sorgenti\bm-sd\glscene2007\Source\GLMovement.pas",
"Tubazioni","GLObjects","2","Ambigua: piu copie omonime","3","C:\DOCUMENTI\sd\sorgenti\bm-sd\GLScene\Source\GLObjects.pas | C:\DOCUMENTI\sd\sorgenti\bm-sd\glscene 1.1 marzo 2011\Source\GLObjects.pas | C:\DOCUMENTI\sd\sorgenti\bm-sd\glscene2007\Source\GLObjects.pas",
"Tubazioni","GLParticles","1","Ambigua: piu copie omonime","3","C:\DOCUMENTI\sd\sorgenti\bm-sd\GLScene\Source\GLParticles.pas | C:\DOCUMENTI\sd\sorgenti\bm-sd\glscene 1.1 marzo 2011\Source\GLParticles.pas | C:\DOCUMENTI\sd\sorgenti\bm-sd\glscene2007\Source\GLParticles.pas",
"Tubazioni","GLScene","2","Ambigua: piu copie omonime","3","C:\DOCUMENTI\sd\sorgenti\bm-sd\GLScene\Source\GLScene.pas | C:\DOCUMENTI\sd\sorgenti\bm-sd\glscene 1.1 marzo 2011\Source\GLScene.pas | C:\DOCUMENTI\sd\sorgenti\bm-sd\glscene2007\Source\GLScene.pas",
"Tubazioni","GLSkydome","1","Ambigua: piu copie omonime","3","C:\DOCUMENTI\sd\sorgenti\bm-sd\GLScene\Source\GLSkydome.pas | C:\DOCUMENTI\sd\sorgenti\bm-sd\glscene 1.1 marzo 2011\Source\GLSkydome.pas | C:\DOCUMENTI\sd\sorgenti\bm-sd\glscene2007\Source\GLSkydome.pas",
"Tubazioni","GLSpaceText","1","Ambigua: piu copie omonime","3","C:\DOCUMENTI\sd\sorgenti\bm-sd\GLScene\Source\GLSpaceText.pas | C:\DOCUMENTI\sd\sorgenti\bm-sd\glscene 1.1 marzo 2011\Source\GLSpaceText.pas | C:\DOCUMENTI\sd\sorgenti\bm-sd\glscene2007\Source\GLSpaceText.pas",
"Tubazioni","gltexture","1","Ambigua: piu copie omonime","3","C:\DOCUMENTI\sd\sorgenti\bm-sd\GLScene\Source\GLTexture.pas | C:\DOCUMENTI\sd\sorgenti\bm-sd\glscene 1.1 marzo 2011\Source\GLTexture.pas | C:\DOCUMENTI\sd\sorgenti\bm-sd\glscene2007\Source\GLTexture.pas",
"Tubazioni","GLWin32Viewer","3","Ambigua: piu copie omonime","3","C:\DOCUMENTI\sd\sorgenti\bm-sd\GLScene\Source\Platform\GLWin32Viewer.pas | C:\DOCUMENTI\sd\sorgenti\bm-sd\glscene 1.1 marzo 2011\Source\Platform\GLWin32Viewer.pas | C:\DOCUMENTI\sd\sorgenti\bm-sd\glscene2007\Source\Platform\GLWin32Viewer.pas",
"Tubazioni","grafica2d","5","Ambigua: piu copie omonime","7","C:\DOCUMENTI\bmsistemi\drivepsviluppo\prjs\cpi win clima\versione_10\3D\grafica2d.pas | C:\DOCUMENTI\bmsistemi\drivepsviluppo\prjs\cpi win clima\versione_10\3D\temp\semplificate\grafica2d.pas | C:\DOCUMENTI\bmsistemi\drivepsviluppo\prjs\cpi win clima\versione_10\Copia di 3D\grafica2d.pas | C:\DOCUMENTI\bmsistemi\drivepsviluppo\prjs\cpi win clima\versione_10 nuova\Copia di 3D\grafica2d.pas | C:\DOCUMENTI\bmsistemi\drivepsviluppo\prjs\cpi win clima\versione_10 ripristinata\3D\grafica2d.pas | C:\DOCUMENTI\bmsistemi\drivepsviluppo\prjs\cpi win clima\versione_10 ripristinata\3D\temp\semplificate\grafica2d.pas | C:\DOCUMENTI\bmsistemi\drivepsviluppo\prjs\cpi win clima\versione_10 ripristinata\Copia di 3D\grafica2d.pas",
"Tubazioni","halotp4","1","Ambigua: piu copie omonime","3","C:\DOCUMENTI\bmsistemi\drivep\prjs\cpi win clima\Versione_10\Tubi\oldTubi\grafo\GTUBI\HALOTP4.PAS | C:\DOCUMENTI\bmsistemi\drivepsviluppo\prjs\cpi win clima\versione_10 nuova\Tubi\oldTubi\grafo\GTUBI\HALOTP4.PAS | C:\DOCUMENTI\bmsistemi\drivepsviluppo\prjs\cpi win clima\versione_10 ripristinata\Tubi\oldTubi\grafo\GTUBI\HALOTP4.PAS",
"Tubazioni","headerDllTermico","3","Ambigua: piu copie omonime","8","C:\DOCUMENTI\bmsistemi\drivep\prjs\cpi win clima\Versione_10\ChiamateDLL\HeaderDllTermico.pas | C:\DOCUMENTI\bmsistemi\drivep\prjs\cpi win clima\Versione_10\comuni\HeaderDllTermico.pas | C:\DOCUMENTI\bmsistemi\drivepsviluppo\prjs\cpi win clima\versione_10\ChiamateDLL\HeaderDllTermico.pas | C:\DOCUMENTI\bmsistemi\drivepsviluppo\prjs\cpi win clima\versione_10\comuni\HeaderDllTermico.pas | C:\DOCUMENTI\bmsistemi\drivepsviluppo\prjs\cpi win clima\versione_10 nuova\ChiamateDLL\HeaderDllTermico.pas | C:\DOCUMENTI\bmsistemi\drivepsviluppo\prjs\cpi win clima\versione_10 nuova\comuni\HeaderDllTermico.pas | C:\DOCUMENTI\bmsistemi\drivepsviluppo\prjs\cpi win clima\versione_10 ripristinata\ChiamateDLL\HeaderDllTermico.pas | C:\DOCUMENTI\bmsistemi\drivepsviluppo\prjs\cpi win clima\versione_10 ripristinata\comuni\HeaderDllTermico.pas",
"Tubazioni","init_cad3d","6","Ambigua: piu copie omonime","6","C:\DOCUMENTI\bmsistemi\drivepsviluppo\prjs\cpi win clima\versione_10\3D\Init_cad3D.pas | C:\DOCUMENTI\bmsistemi\drivepsviluppo\prjs\cpi win clima\versione_10\3D\temp\Init_cad3D.pas | C:\DOCUMENTI\bmsistemi\drivepsviluppo\prjs\cpi win clima\versione_10\3D\temp\semplificate\Init_cad3D.pas | C:\DOCUMENTI\bmsistemi\drivepsviluppo\prjs\cpi win clima\versione_10 ripristinata\3D\Init_cad3D.pas | C:\DOCUMENTI\bmsistemi\drivepsviluppo\prjs\cpi win clima\versione_10 ripristinata\3D\temp\Init_cad3D.pas | C:\DOCUMENTI\bmsistemi\drivepsviluppo\prjs\cpi win clima\versione_10 ripristinata\3D\temp\semplificate\Init_cad3D.pas",
"Tubazioni","init_l10","1","Ambigua: piu copie omonime","4","C:\DOCUMENTI\bmsistemi\drivepsviluppo\prjs\cpi win clima\versione_10\3D\init_l10.pas | C:\DOCUMENTI\bmsistemi\drivepsviluppo\prjs\cpi win clima\versione_10\3D\temp\semplificate\init_l10.pas | C:\DOCUMENTI\bmsistemi\drivepsviluppo\prjs\cpi win clima\versione_10 ripristinata\3D\init_l10.pas | C:\DOCUMENTI\bmsistemi\drivepsviluppo\prjs\cpi win clima\versione_10 ripristinata\3D\temp\semplificate\init_l10.pas",
"Tubazioni","kbmMemCSVStreamFormat","1","Ambigua: piu copie omonime","4","C:\DOCUMENTI\bmsistemi\drivep\Comp\Source\Vari\Copia di KbmMemTab\kbmMemCSVStreamFormat.pas | C:\DOCUMENTI\bmsistemi\drivep\Comp\Source\Vari\KbmMemTab\kbmMemCSVStreamFormat.pas | C:\DOCUMENTI\bmsistemi\drivepsviluppo\Comp\Source\Vari\Copia di KbmMemTab\kbmMemCSVStreamFormat.pas | C:\DOCUMENTI\bmsistemi\drivepsviluppo\Comp\Source\Vari\KbmMemTab\kbmMemCSVStreamFormat.pas",
"Tubazioni","kbmMemTable","1","Ambigua: piu copie omonime","4","C:\DOCUMENTI\bmsistemi\drivep\Comp\Source\Vari\Copia di KbmMemTab\kbmMemTable.pas | C:\DOCUMENTI\bmsistemi\drivep\Comp\Source\Vari\KbmMemTab\kbmMemTable.pas | C:\DOCUMENTI\bmsistemi\drivepsviluppo\Comp\Source\Vari\Copia di KbmMemTab\kbmMemTable.pas | C:\DOCUMENTI\bmsistemi\drivepsviluppo\Comp\Source\Vari\KbmMemTab\kbmMemTable.pas",
"Tubazioni","key","2","Ambigua: piu copie omonime","2","C:\DOCUMENTI\sd\sorgenti\bm-sd\CANALI\key.pas | C:\DOCUMENTI\sd\sorgenti\bm-sd\CANALI\UTILS\KEY.PAS",
"Tubazioni","LbButton","2","Ambigua: piu copie omonime","4","C:\DOCUMENTI\sd\sorgenti\bm-sd\componenti\lbbutton\LbButton.pas | C:\DOCUMENTI\bmsistemi\drivep\Comp\Source\Vari\LBButton\LbButton.pas | C:\DOCUMENTI\bmsistemi\drivep\prjs\cpi win clima\Versione_10 allineamento con emanuela\Componenti\LbButton.pas | C:\DOCUMENTI\bmsistemi\drivepsviluppo\Comp\Source\Vari\LBButton\LbButton.pas",
"Tubazioni","LbSpeedButton","29","Ambigua: piu copie omonime","4","C:\DOCUMENTI\sd\sorgenti\bm-sd\componenti\lbbutton\LbSpeedButton.pas | C:\DOCUMENTI\bmsistemi\drivep\Comp\Source\Vari\LBButton\LbSpeedButton.pas | C:\DOCUMENTI\bmsistemi\drivep\prjs\cpi win clima\Versione_10 allineamento con emanuela\Componenti\LbSpeedButton.pas | C:\DOCUMENTI\bmsistemi\drivepsviluppo\Comp\Source\Vari\LBButton\LbSpeedButton.pas",
"Tubazioni","LbStaticText","2","Ambigua: piu copie omonime","4","C:\DOCUMENTI\sd\sorgenti\bm-sd\componenti\lbbutton\LbStaticText.pas | C:\DOCUMENTI\bmsistemi\drivep\Comp\Source\Vari\LBButton\LbStaticText.pas | C:\DOCUMENTI\bmsistemi\drivep\prjs\cpi win clima\Versione_10 allineamento con emanuela\Componenti\LbStaticText.pas | C:\DOCUMENTI\bmsistemi\drivepsviluppo\Comp\Source\Vari\LBButton\LbStaticText.pas",
"Tubazioni","leggidxf","6","Ambigua: piu copie omonime","6","C:\DOCUMENTI\bmsistemi\drivep\prjs\cpi win clima\Versione_10\comuni\Grafica\Leggidxf.pas | C:\DOCUMENTI\bmsistemi\drivepsviluppo\prjs\cpi win clima\versione_10\3D\leggidxf.pas | C:\DOCUMENTI\bmsistemi\drivepsviluppo\prjs\cpi win clima\versione_10\comuni\Grafica\Leggidxf.pas | C:\DOCUMENTI\bmsistemi\drivepsviluppo\prjs\cpi win clima\versione_10 nuova\comuni\Grafica\Leggidxf.pas | C:\DOCUMENTI\bmsistemi\drivepsviluppo\prjs\cpi win clima\versione_10 ripristinata\3D\leggidxf.pas | C:\DOCUMENTI\bmsistemi\drivepsviluppo\prjs\cpi win clima\versione_10 ripristinata\comuni\Grafica\Leggidxf.pas",
"Tubazioni","LetturaDisegnoBidimensionale","8","Ambigua: piu copie omonime","3","C:\DOCUMENTI\sd\sorgenti\bm-sd\lettura\letturadisegnobidimensionale.pas | C:\DOCUMENTI\sd\sorgenti\bm-sd\lettura\codeg\LetturaDisegnoBidimensionale.pas | C:\DOCUMENTI\sd\sorgenti\bm-sd\lettura\salvataggio\Letturadisegnobidimensionale.pas",
"Tubazioni","mainform","3","Ambigua: piu copie omonime","57","C:\DOCUMENTI\sd\sorgenti\bm-sd\CpiWinClimaBM\MainForm.dpr | C:\DOCUMENTI\sd\sorgenti\bm-sd\estivo\MainForm.pas | C:\DOCUMENTI\sd\sorgenti\bm-sd\estivo\codeg\MainForm.pas | C:\DOCUMENTI\sd\sorgenti\bm-sd\estivo_13\MainForm.pas | C:\DOCUMENTI\bmsistemi\drivep\Comp\Source\EurekaLog 4\Delphi6\Demos\GUI\MainForm.pas | C:\DOCUMENTI\bmsistemi\drivep\Comp\Source\EurekaLog 4\Delphi6\Demos\IntraWeb 5.0\MainForm.pas | C:\DOCUMENTI\bmsistemi\drivep\Comp\Source\EurekaLog 4\Delphi6\Demos\IntraWeb 5.1\MainForm.pas | C:\DOCUMENTI\bmsistemi\drivep\Comp\Source\EurekaLog 4\Delphi6\Demos\IntraWeb 6-7\MainForm.pas | C:\DOCUMENTI\bmsistemi\drivep\Comp\Source\EurekaLog 4\Delphi9\Demos\GUI\MainForm.pas | C:\DOCUMENTI\bmsistemi\drivep\Comp\Source\EurekaLog 4\Delphi9\Demos\IntraWeb 5.0\MainForm.pas | C:\DOCUMENTI\bmsistemi\drivep\Comp\Source\EurekaLog 4\Delphi9\Demos\IntraWeb 5.1\MainForm.pas | C:\DOCUMENTI\bmsistemi\drivep\Comp\Source\EurekaLog 4\Delphi9\Demos\IntraWeb 6-7\MainForm.pas | C:\DOCUMENTI\bmsistemi\drivep\Comp\Source\EurekaLog 4\EurekaLog 4\Delphi6\Demos\GUI\MainForm.pas | C:\DOCUMENTI\bmsistemi\drivep\Comp\Source\EurekaLog 4\EurekaLog 4\Delphi6\Demos\IntraWeb 5.0\MainForm.pas | C:\DOCUMENTI\bmsistemi\drivep\Comp\Source\EurekaLog 4\EurekaLog 4\Delphi6\Demos\IntraWeb 5.1\MainForm.pas | C:\DOCUMENTI\bmsistemi\drivep\Comp\Source\EurekaLog 4\EurekaLog 4\Delphi6\Demos\IntraWeb 6-7\MainForm.pas | C:\DOCUMENTI\bmsistemi\drivep\Comp\Source\EurekaLog 4\EurekaLog 4\Delphi9\Demos\GUI\MainForm.pas | C:\DOCUMENTI\bmsistemi\drivep\Comp\Source\EurekaLog 4\EurekaLog 4\Delphi9\Demos\IntraWeb 5.0\MainForm.pas | C:\DOCUMENTI\bmsistemi\drivep\Comp\Source\EurekaLog 4\EurekaLog 4\Delphi9\Demos\IntraWeb 5.1\MainForm.pas | C:\DOCUMENTI\bmsistemi\drivep\Comp\Source\EurekaLog 4\EurekaLog 4\Delphi9\Demos\IntraWeb 6-7\MainForm.pas | C:\DOCUMENTI\bmsistemi\drivep\prjs\cpi win clima\Versione_10\CARICHI\calcoli\estivo\MainForm.pas | C:\DOCUMENTI\bmsistemi\drivep\prjs\cpi win clima\Versione_10\CARICHI\calcoli\estivo\Forms_12\MainForm.pas | C:\DOCUMENTI\bmsistemi\drivep\prjs\cpi win clima\Versione_10\CARICHI\calcoli\estivo13\MainForm.pas | C:\DOCUMENTI\bmsistemi\drivep\prjs\cpi win clima\Versione_10\CARICHI\calcoli\estivo13\Forms_12\MainForm.pas | C:\DOCUMENTI\bmsistemi\drivep\prjs\cpi win clima\Versione_10 allineamento con emanuela\CARICHI\calcoli\estivo\MainForm.pas | C:\DOCUMENTI\bmsistemi\drivep\prjs\cpi win clima\Versione_10 allineamento con emanuela\CARICHI\calcoli\estivo\Forms_12\MainForm.pas | C:\DOCUMENTI\bmsistemi\drivepsviluppo\Comp\Source\EurekaLog 4\Delphi6\Demos\GUI\MainForm.pas | C:\DOCUMENTI\bmsistemi\drivepsviluppo\Comp\Source\EurekaLog 4\Delphi6\Demos\IntraWeb 5.0\MainForm.pas | C:\DOCUMENTI\bmsistemi\drivepsviluppo\Comp\Source\EurekaLog 4\Delphi6\Demos\IntraWeb 5.1\MainForm.pas | C:\DOCUMENTI\bmsistemi\drivepsviluppo\Comp\Source\EurekaLog 4\Delphi6\Demos\IntraWeb 6-7\MainForm.pas | C:\DOCUMENTI\bmsistemi\drivepsviluppo\Comp\Source\EurekaLog 4\Delphi9\Demos\GUI\MainForm.pas | C:\DOCUMENTI\bmsistemi\drivepsviluppo\Comp\Source\EurekaLog 4\Delphi9\Demos\IntraWeb 5.0\MainForm.pas | C:\DOCUMENTI\bmsistemi\drivepsviluppo\Comp\Source\EurekaLog 4\Delphi9\Demos\IntraWeb 5.1\MainForm.pas | C:\DOCUMENTI\bmsistemi\drivepsviluppo\Comp\Source\EurekaLog 4\Delphi9\Demos\IntraWeb 6-7\MainForm.pas | C:\DOCUMENTI\bmsistemi\drivepsviluppo\Comp\Source\EurekaLog 4\EurekaLog 4\Delphi6\Demos\GUI\MainForm.pas | C:\DOCUMENTI\bmsistemi\drivepsviluppo\Comp\Source\EurekaLog 4\EurekaLog 4\Delphi6\Demos\IntraWeb 5.0\MainForm.pas | C:\DOCUMENTI\bmsistemi\drivepsviluppo\Comp\Source\EurekaLog 4\EurekaLog 4\Delphi6\Demos\IntraWeb 5.1\MainForm.pas | C:\DOCUMENTI\bmsistemi\drivepsviluppo\Comp\Source\EurekaLog 4\EurekaLog 4\Delphi6\Demos\IntraWeb 6-7\MainForm.pas | C:\DOCUMENTI\bmsistemi\drivepsviluppo\Comp\Source\EurekaLog 4\EurekaLog 4\Delphi9\Demos\GUI\MainForm.pas | C:\DOCUMENTI\bmsistemi\drivepsviluppo\Comp\Source\EurekaLog 4\EurekaLog 4\Delphi9\Demos\IntraWeb 5.0\MainForm.pas | C:\DOCUMENTI\bmsistemi\drivepsviluppo\Comp\Source\EurekaLog 4\EurekaLog 4\Delphi9\Demos\IntraWeb 5.1\MainForm.pas | C:\DOCUMENTI\bmsistemi\drivepsviluppo\Comp\Source\EurekaLog 4\EurekaLog 4\Delphi9\Demos\IntraWeb 6-7\MainForm.pas | C:\DOCUMENTI\bmsistemi\drivepsviluppo\prjs\cpi win clima\versione_10\allineamento emanuela\CodiciEstivo\Versione_10\CARICHI\calcoli\estivo\MainForm.pas | C:\DOCUMENTI\bmsistemi\drivepsviluppo\prjs\cpi win clima\versione_10\allineamento emanuela\CodiciEstivo\Versione_10\CARICHI\calcoli\estivo\Forms_12\MainForm.pas | C:\DOCUMENTI\bmsistemi\drivepsviluppo\prjs\cpi win clima\versione_10\CadEsterno\MainForm.dpr | C:\DOCUMENTI\bmsistemi\drivepsviluppo\prjs\cpi win clima\versione_10\CARICHI\calcoli\estivo\Forms_12\mainform.pas | C:\DOCUMENTI\bmsistemi\drivepsviluppo\prjs\cpi win clima\versione_10\progetto test con multitabelle\Mainform.pas | C:\DOCUMENTI\bmsistemi\drivepsviluppo\prjs\cpi win clima\versione_10 nuova\allineamento emanuela\CodiciEstivo\Versione_10\CARICHI\calcoli\estivo\MainForm.pas | C:\DOCUMENTI\bmsistemi\drivepsviluppo\prjs\cpi win clima\versione_10 nuova\allineamento emanuela\CodiciEstivo\Versione_10\CARICHI\calcoli\estivo\Forms_12\MainForm.pas | C:\DOCUMENTI\bmsistemi\drivepsviluppo\prjs\cpi win clima\versione_10 nuova\CadEsterno\MainForm.dpr | C:\DOCUMENTI\bmsistemi\drivepsviluppo\prjs\cpi win clima\versione_10 nuova\CARICHI\calcoli\estivo\Forms_12\mainform.pas | C:\DOCUMENTI\bmsistemi\drivepsviluppo\prjs\cpi win clima\versione_10 nuova\progetto test con multitabelle\Mainform.pas | C:\DOCUMENTI\bmsistemi\drivepsviluppo\prjs\cpi win clima\versione_10 ripristinata\allineamento emanuela\CodiciEstivo\Versione_10\CARICHI\calcoli\estivo\MainForm.pas | C:\DOCUMENTI\bmsistemi\drivepsviluppo\prjs\cpi win clima\versione_10 ripristinata\allineamento emanuela\CodiciEstivo\Versione_10\CARICHI\calcoli\estivo\Forms_12\MainForm.pas | C:\DOCUMENTI\bmsistemi\drivepsviluppo\prjs\cpi win clima\versione_10 ripristinata\CadEsterno\MainForm.dpr | C:\DOCUMENTI\bmsistemi\drivepsviluppo\prjs\cpi win clima\versione_10 ripristinata\CARICHI\calcoli\estivo\Forms_12\mainform.pas | C:\DOCUMENTI\bmsistemi\drivepsviluppo\prjs\cpi win clima\versione_10 ripristinata\progetto test con multitabelle\Mainform.pas",
"Tubazioni","Msg","5","Ambigua: piu copie omonime","8","C:\DOCUMENTI\bmsistemi\drivep\prjs\cpi win clima\Sorgenti\SorgComuni\MSG.pas | C:\DOCUMENTI\bmsistemi\drivep\prjs\cpi win clima\Versione_10\ChiamateDLL\MSG.pas | C:\DOCUMENTI\bmsistemi\drivepsviluppo\prjs\cpi win clima\versione_10\comuni\Source_11\MSG.pas | C:\DOCUMENTI\bmsistemi\drivepsviluppo\prjs\cpi win clima\versione_10\file emanuela\MSG.pas | C:\DOCUMENTI\bmsistemi\drivepsviluppo\prjs\cpi win clima\versione_10 nuova\comuni\Source_11\MSG.pas | C:\DOCUMENTI\bmsistemi\drivepsviluppo\prjs\cpi win clima\versione_10 nuova\file emanuela\MSG.pas | C:\DOCUMENTI\bmsistemi\drivepsviluppo\prjs\cpi win clima\versione_10 ripristinata\comuni\Source_11\MSG.pas | C:\DOCUMENTI\bmsistemi\drivepsviluppo\prjs\cpi win clima\versione_10 ripristinata\file emanuela\MSG.pas",
"Tubazioni","Piani3d","2","Ambigua: piu copie omonime","4","C:\DOCUMENTI\bmsistemi\drivepsviluppo\prjs\cpi win clima\versione_10\3D\form\Piani3d.pas | C:\DOCUMENTI\bmsistemi\drivepsviluppo\prjs\cpi win clima\versione_10\3D\temp\semplificate\Piani3d.pas | C:\DOCUMENTI\bmsistemi\drivepsviluppo\prjs\cpi win clima\versione_10 ripristinata\3D\form\Piani3d.pas | C:\DOCUMENTI\bmsistemi\drivepsviluppo\prjs\cpi win clima\versione_10 ripristinata\3D\temp\semplificate\Piani3d.pas",
"Tubazioni","proceduregrafiche","2","Ambigua: piu copie omonime","3","C:\DOCUMENTI\sd\sorgenti\bm-sd\lettura\proceduregrafiche.pas | C:\DOCUMENTI\sd\sorgenti\bm-sd\lettura\codeg\proceduregrafiche.pas | C:\DOCUMENTI\sd\sorgenti\bm-sd\lettura\salvataggio\ProcedureGrafiche.pas",
"Tubazioni","Psicrometrico","1","Ambigua: piu copie omonime","3","C:\DOCUMENTI\sd\sorgenti\bm-sd\estivo\psicrometrico.pas | C:\DOCUMENTI\sd\sorgenti\bm-sd\estivo\codeg\psicrometrico.pas | C:\DOCUMENTI\sd\sorgenti\bm-sd\estivo_13\psicrometrico.pas",
"Tubazioni","reti3d","2","Ambigua: piu copie omonime","14","C:\DOCUMENTI\bmsistemi\drivepsviluppo\prjs\cpi win clima\versione_10\3D\form\Reti3D.pas | C:\DOCUMENTI\bmsistemi\drivepsviluppo\prjs\cpi win clima\versione_10\3D\temp\semplificate\reti3d.pas | C:\DOCUMENTI\bmsistemi\drivepsviluppo\prjs\cpi win clima\versione_10\ArX\Reti3D.pas | C:\DOCUMENTI\bmsistemi\drivepsviluppo\prjs\cpi win clima\versione_10\vittorio\Reti3D.pas | C:\DOCUMENTI\bmsistemi\drivepsviluppo\prjs\cpi win clima\versione_10\vittorio to\Reti3D.pas | C:\DOCUMENTI\bmsistemi\drivepsviluppo\prjs\cpi win clima\versione_10\Vtittorio To2\Reti3D.pas | C:\DOCUMENTI\bmsistemi\drivepsviluppo\prjs\cpi win clima\versione_10 nuova\vittorio\Reti3D.pas | C:\DOCUMENTI\bmsistemi\drivepsviluppo\prjs\cpi win clima\versione_10 nuova\vittorio to\Reti3D.pas | C:\DOCUMENTI\bmsistemi\drivepsviluppo\prjs\cpi win clima\versione_10 nuova\Vtittorio To2\Reti3D.pas | C:\DOCUMENTI\bmsistemi\drivepsviluppo\prjs\cpi win clima\versione_10 ripristinata\3D\form\Reti3D.pas | C:\DOCUMENTI\bmsistemi\drivepsviluppo\prjs\cpi win clima\versione_10 ripristinata\3D\temp\semplificate\reti3d.pas | C:\DOCUMENTI\bmsistemi\drivepsviluppo\prjs\cpi win clima\versione_10 ripristinata\vittorio\Reti3D.pas | C:\DOCUMENTI\bmsistemi\drivepsviluppo\prjs\cpi win clima\versione_10 ripristinata\vittorio to\Reti3D.pas | C:\DOCUMENTI\bmsistemi\drivepsviluppo\prjs\cpi win clima\versione_10 ripristinata\Vtittorio To2\Reti3D.pas",
"Tubazioni","RxRichEd","1","Ambigua: piu copie omonime","4","C:\DOCUMENTI\sd\sorgenti\bm-sd\componenti\Rx Library\units\RxRichEd.pas | C:\DOCUMENTI\sd\sorgenti\bm-sd\rx\Units\RxRichEd.pas | C:\DOCUMENTI\bmsistemi\drivep\Comp\Source\Vari\Rx Library\units\RxRichEd.pas | C:\DOCUMENTI\bmsistemi\drivepsviluppo\Comp\Source\Vari\Rx Library\units\RxRichEd.pas",
"Tubazioni","setta_config_user","5","Ambigua: piu copie omonime","4","C:\DOCUMENTI\bmsistemi\drivepsviluppo\prjs\cpi win clima\versione_10\3D\setta_config_User.pas | C:\DOCUMENTI\bmsistemi\drivepsviluppo\prjs\cpi win clima\versione_10\3D\temp\semplificate\setta_config_user.pas | C:\DOCUMENTI\bmsistemi\drivepsviluppo\prjs\cpi win clima\versione_10 ripristinata\3D\setta_config_User.pas | C:\DOCUMENTI\bmsistemi\drivepsviluppo\prjs\cpi win clima\versione_10 ripristinata\3D\temp\semplificate\setta_config_user.pas",
"Tubazioni","stampe3d","1","Ambigua: piu copie omonime","4","C:\DOCUMENTI\bmsistemi\drivepsviluppo\prjs\cpi win clima\versione_10\3D\form\Stampe3d.pas | C:\DOCUMENTI\bmsistemi\drivepsviluppo\prjs\cpi win clima\versione_10\3D\temp\semplificate\stampe3d.pas | C:\DOCUMENTI\bmsistemi\drivepsviluppo\prjs\cpi win clima\versione_10 ripristinata\3D\form\Stampe3d.pas | C:\DOCUMENTI\bmsistemi\drivepsviluppo\prjs\cpi win clima\versione_10 ripristinata\3D\temp\semplificate\stampe3d.pas",
"Tubazioni","Turbo3","1","Ambigua: piu copie omonime","3","C:\DOCUMENTI\sd\sorgenti\bm-sd\CANALI\Turbo3.pas | C:\DOCUMENTI\sd\sorgenti\bm-sd\CANALI\INPGRAF\TURBO3.PAS | C:\DOCUMENTI\sd\sorgenti\bm-sd\CANALI\UTILS\TURBO3.PAS",
"Tubazioni","U3DSD","5","Ambigua: piu copie omonime","11","C:\DOCUMENTI\sd\sorgenti\bm-sd\CANALI\pezzi3d\U3dsd.pas | C:\DOCUMENTI\bmsistemi\drivep\prjs\cpi win clima\Versione_10\3D\U3dsd.pas | C:\DOCUMENTI\bmsistemi\drivepsviluppo\prjs\cpi win clima\versione_10\3D\U3dsd.pas | C:\DOCUMENTI\bmsistemi\drivepsviluppo\prjs\cpi win clima\versione_10\3D\salvataggio u3dsd\U3dsd.pas | C:\DOCUMENTI\bmsistemi\drivepsviluppo\prjs\cpi win clima\versione_10\3D\temp\U3dsd.pas | C:\DOCUMENTI\bmsistemi\drivepsviluppo\prjs\cpi win clima\versione_10\Copia di 3D\U3dsd.pas | C:\DOCUMENTI\bmsistemi\drivepsviluppo\prjs\cpi win clima\versione_10 nuova\Copia di 3D\U3dsd.pas | C:\DOCUMENTI\bmsistemi\drivepsviluppo\prjs\cpi win clima\versione_10 ripristinata\3D\U3dsd.pas | C:\DOCUMENTI\bmsistemi\drivepsviluppo\prjs\cpi win clima\versione_10 ripristinata\3D\salvataggio u3dsd\U3dsd.pas | C:\DOCUMENTI\bmsistemi\drivepsviluppo\prjs\cpi win clima\versione_10 ripristinata\3D\temp\U3dsd.pas | C:\DOCUMENTI\bmsistemi\drivepsviluppo\prjs\cpi win clima\versione_10 ripristinata\Copia di 3D\U3dsd.pas",
"Tubazioni","UCalcoloCanDll","1","Ambigua: piu copie omonime","4","C:\DOCUMENTI\sd\sorgenti\bm-sd\CANALI\UCalcoloCanDLL.pas | C:\DOCUMENTI\bmsistemi\drivep\prjs\cpi win clima\Versione_10\Tubi\CanaliDcu\UCalcoloCanDLL.pas | C:\DOCUMENTI\bmsistemi\drivepsviluppo\prjs\cpi win clima\versione_10 nuova\Tubi\CanaliDcu\UCalcoloCanDLL.pas | C:\DOCUMENTI\bmsistemi\drivepsviluppo\prjs\cpi win clima\versione_10 ripristinata\Tubi\CanaliDcu\UCalcoloCanDLL.pas",
"Tubazioni","UCaricadati","2","Ambigua: piu copie omonime","3","C:\DOCUMENTI\bmsistemi\drivep\prjs\cpi win clima\Versione_10\Tubi\database generati\UCaricadati.pas | C:\DOCUMENTI\bmsistemi\drivepsviluppo\prjs\cpi win clima\versione_10 nuova\Tubi\database generati\UCaricadati.pas | C:\DOCUMENTI\bmsistemi\drivepsviluppo\prjs\cpi win clima\versione_10 ripristinata\Tubi\database generati\UCaricadati.pas","database generati\UCaricadati.pas"
"Tubazioni","UcaricaTabelle","1","Ambigua: piu copie omonime","7","C:\DOCUMENTI\bmsistemi\drivep\prjs\cpi win clima\Versione_10\CARICHI\Ucaricatabelle.pas | C:\DOCUMENTI\bmsistemi\drivepsviluppo\prjs\cpi win clima\versione_10\allineamento emanuela\Ucaricatabelle.pas | C:\DOCUMENTI\bmsistemi\drivepsviluppo\prjs\cpi win clima\versione_10\CARICHI\Ucaricatabelle.pas | C:\DOCUMENTI\bmsistemi\drivepsviluppo\prjs\cpi win clima\versione_10 nuova\allineamento emanuela\Ucaricatabelle.pas | C:\DOCUMENTI\bmsistemi\drivepsviluppo\prjs\cpi win clima\versione_10 nuova\CARICHI\Ucaricatabelle.pas | C:\DOCUMENTI\bmsistemi\drivepsviluppo\prjs\cpi win clima\versione_10 ripristinata\allineamento emanuela\Ucaricatabelle.pas | C:\DOCUMENTI\bmsistemi\drivepsviluppo\prjs\cpi win clima\versione_10 ripristinata\CARICHI\Ucaricatabelle.pas",
"Tubazioni","UCompilaform","24","Ambigua: piu copie omonime","11","C:\DOCUMENTI\sd\sorgenti\bm-sd\GENERA\distribuzione\libreriedatabase\UCompilaForm.pas | C:\DOCUMENTI\bmsistemi\drivep\prjs\cpi win clima\Versione_10\CARICHI\database\UCompilaform.pas | C:\DOCUMENTI\bmsistemi\drivep\prjs\cpi win clima\Versione_10 allineamento con emanuela\CARICHI\database\UCompilaform.pas | C:\DOCUMENTI\bmsistemi\drivepsviluppo\prjs\cpi win clima\versione_10\CARICHI\database\UCompilaForm.pas | C:\DOCUMENTI\bmsistemi\drivepsviluppo\prjs\cpi win clima\versione_10\libreriedatabase\UCompilaForm.pas | C:\DOCUMENTI\bmsistemi\drivepsviluppo\prjs\cpi win clima\versione_10 nuova\CARICHI\database\UCompilaForm.pas | C:\DOCUMENTI\bmsistemi\drivepsviluppo\prjs\cpi win clima\versione_10 nuova\libreriedatabase\UCompilaForm.pas | C:\DOCUMENTI\bmsistemi\drivepsviluppo\prjs\cpi win clima\versione_10 nuova\Tubi\database generati\Ucompilaform.pas | C:\DOCUMENTI\bmsistemi\drivepsviluppo\prjs\cpi win clima\versione_10 ripristinata\CARICHI\database\UCompilaForm.pas | C:\DOCUMENTI\bmsistemi\drivepsviluppo\prjs\cpi win clima\versione_10 ripristinata\libreriedatabase\UCompilaForm.pas | C:\DOCUMENTI\bmsistemi\drivepsviluppo\prjs\cpi win clima\versione_10 ripristinata\Tubi\database generati\Ucompilaform.pas",
"Tubazioni","UCompilaFrontiere","2","Ambigua: piu copie omonime","12","C:\DOCUMENTI\sd\sorgenti\bm-sd\GENERA\distribuzione\libreriedatabase\Ucompilafrontiere.pas | C:\DOCUMENTI\bmsistemi\drivep\prjs\cpi win clima\Versione_10\CARICHI\database\UCompilaFrontiere.pas | C:\DOCUMENTI\bmsistemi\drivep\prjs\cpi win clima\Versione_10 allineamento con emanuela\CARICHI\database\UCompilaFrontiere.pas | C:\DOCUMENTI\bmsistemi\drivepsviluppo\prjs\cpi win clima\versione_10\CARICHI\database\UCompilaFrontiere.pas | C:\DOCUMENTI\bmsistemi\drivepsviluppo\prjs\cpi win clima\versione_10\file emanuela\UCompilaFrontiere.pas | C:\DOCUMENTI\bmsistemi\drivepsviluppo\prjs\cpi win clima\versione_10\libreriedatabase\Ucompilafrontiere.pas | C:\DOCUMENTI\bmsistemi\drivepsviluppo\prjs\cpi win clima\versione_10 nuova\CARICHI\database\UCompilaFrontiere.pas | C:\DOCUMENTI\bmsistemi\drivepsviluppo\prjs\cpi win clima\versione_10 nuova\file emanuela\UCompilaFrontiere.pas | C:\DOCUMENTI\bmsistemi\drivepsviluppo\prjs\cpi win clima\versione_10 nuova\libreriedatabase\Ucompilafrontiere.pas | C:\DOCUMENTI\bmsistemi\drivepsviluppo\prjs\cpi win clima\versione_10 ripristinata\CARICHI\database\UCompilaFrontiere.pas | C:\DOCUMENTI\bmsistemi\drivepsviluppo\prjs\cpi win clima\versione_10 ripristinata\file emanuela\UCompilaFrontiere.pas | C:\DOCUMENTI\bmsistemi\drivepsviluppo\prjs\cpi win clima\versione_10 ripristinata\libreriedatabase\Ucompilafrontiere.pas",
"Tubazioni","ucorrelato","1","Ambigua: piu copie omonime","8","C:\DOCUMENTI\sd\sorgenti\bm-sd\GENERA\distribuzione\libreriedatabase\ucorrelato.pas | C:\DOCUMENTI\bmsistemi\drivep\prjs\cpi win clima\Versione_10\CARICHI\database\ucorrelato.pas | C:\DOCUMENTI\bmsistemi\drivepsviluppo\prjs\cpi win clima\versione_10\CARICHI\database\ucorrelato.pas | C:\DOCUMENTI\bmsistemi\drivepsviluppo\prjs\cpi win clima\versione_10\libreriedatabase\ucorrelato.pas | C:\DOCUMENTI\bmsistemi\drivepsviluppo\prjs\cpi win clima\versione_10 nuova\CARICHI\database\ucorrelato.pas | C:\DOCUMENTI\bmsistemi\drivepsviluppo\prjs\cpi win clima\versione_10 nuova\libreriedatabase\ucorrelato.pas | C:\DOCUMENTI\bmsistemi\drivepsviluppo\prjs\cpi win clima\versione_10 ripristinata\CARICHI\database\ucorrelato.pas | C:\DOCUMENTI\bmsistemi\drivepsviluppo\prjs\cpi win clima\versione_10 ripristinata\libreriedatabase\ucorrelato.pas",
"Tubazioni","UdataLink","45","Ambigua: piu copie omonime","31","C:\DOCUMENTI\sd\sorgenti\bm-sd\GENERA\UDataLink.pas | C:\DOCUMENTI\sd\sorgenti\bm-sd\GENERA\gestione\generati\UDataLink.pas | C:\DOCUMENTI\sd\sorgenti\bm-sd\GENERA\modifica kbmtable\UDataLink.pas | C:\DOCUMENTI\sd\sorgenti\bm-sd\GENERA\Rebuli modificato CAD\UDataLink.pas | C:\DOCUMENTI\sd\sorgenti\bm-sd\GENERA\Rebuli modificato CAD\compnuccio vecchio mandato lazzerini\UDataLink.pas | C:\DOCUMENTI\sd\sorgenti\bm-sd\GENERA\Rebuli modificato CAD\compnuccio vecchio mandato lazzerini\curve\UDataLink.pas | C:\DOCUMENTI\sd\sorgenti\bm-sd\gestioneclienti\generati\UDataLink.pas | C:\DOCUMENTI\sd\sorgenti\bm-sd\Sun-Trace\generati\UDataLink.pas | C:\DOCUMENTI\bmsistemi\drivep\prjs\cpi win clima\Versione_10\AggiornamentiV13\Carichi\database\GENERATI\UDataLink.pas | C:\DOCUMENTI\bmsistemi\drivep\prjs\cpi win clima\Versione_10\CARICHI\database\GENERATI\UDataLink.pas | C:\DOCUMENTI\bmsistemi\drivep\prjs\cpi win clima\Versione_10\Tubi\database generati\Generati\UDataLink.pas | C:\DOCUMENTI\bmsistemi\drivep\prjs\cpi win clima\Versione_10 allineamento con emanuela\GENERATI\UDataLink.pas | C:\DOCUMENTI\bmsistemi\drivepsviluppo\prjs\cpi win clima\versione_10\3D\GENERATI\UDataLink.pas | C:\DOCUMENTI\bmsistemi\drivepsviluppo\prjs\cpi win clima\versione_10\3D\GENERATI\climaenergia\UDataLink.pas | C:\DOCUMENTI\bmsistemi\drivepsviluppo\prjs\cpi win clima\versione_10\3D\GENERATI vecchio\UDataLink.pas | C:\DOCUMENTI\bmsistemi\drivepsviluppo\prjs\cpi win clima\versione_10\AggiornamentiV13\Carichi\database\GENERATI\UDataLink.pas | C:\DOCUMENTI\bmsistemi\drivepsviluppo\prjs\cpi win clima\versione_10\CARICHI\database\GENERATI\UDataLink.pas | C:\DOCUMENTI\bmsistemi\drivepsviluppo\prjs\cpi win clima\versione_10\Copia di 3D\GENERATI\UDataLink.pas | C:\DOCUMENTI\bmsistemi\drivepsviluppo\prjs\cpi win clima\versione_10\progetto test con multitabelle\GENERATI\UDataLink.pas | C:\DOCUMENTI\bmsistemi\drivepsviluppo\prjs\cpi win clima\versione_10 nuova\AggiornamentiV13\Carichi\database\GENERATI\UDataLink.pas | C:\DOCUMENTI\bmsistemi\drivepsviluppo\prjs\cpi win clima\versione_10 nuova\CARICHI\database\GENERATI\UDataLink.pas | C:\DOCUMENTI\bmsistemi\drivepsviluppo\prjs\cpi win clima\versione_10 nuova\Copia di 3D\GENERATI\UDataLink.pas | C:\DOCUMENTI\bmsistemi\drivepsviluppo\prjs\cpi win clima\versione_10 nuova\progetto test con multitabelle\GENERATI\UDataLink.pas | C:\DOCUMENTI\bmsistemi\drivepsviluppo\prjs\cpi win clima\versione_10 nuova\Tubi\database generati\Generati\UDataLink.pas | C:\DOCUMENTI\bmsistemi\drivepsviluppo\prjs\cpi win clima\versione_10 ripristinata\3D\GENERATI\UDataLink.pas | C:\DOCUMENTI\bmsistemi\drivepsviluppo\prjs\cpi win clima\versione_10 ripristinata\3D\GENERATI vecchio\UDataLink.pas | C:\DOCUMENTI\bmsistemi\drivepsviluppo\prjs\cpi win clima\versione_10 ripristinata\AggiornamentiV13\Carichi\database\GENERATI\UDataLink.pas | C:\DOCUMENTI\bmsistemi\drivepsviluppo\prjs\cpi win clima\versione_10 ripristinata\CARICHI\database\GENERATI\UDataLink.pas | C:\DOCUMENTI\bmsistemi\drivepsviluppo\prjs\cpi win clima\versione_10 ripristinata\Copia di 3D\GENERATI\UDataLink.pas | C:\DOCUMENTI\bmsistemi\drivepsviluppo\prjs\cpi win clima\versione_10 ripristinata\progetto test con multitabelle\GENERATI\UDataLink.pas | C:\DOCUMENTI\bmsistemi\drivepsviluppo\prjs\cpi win clima\versione_10 ripristinata\Tubi\database generati\Generati\UDataLink.pas",
"Tubazioni","UDataoutT","7","Ambigua: piu copie omonime","9","C:\DOCUMENTI\sd\sorgenti\bm-sd\GENERA\gestione\generati\UDataOutT.pas | C:\DOCUMENTI\sd\sorgenti\bm-sd\gestioneclienti\generati\UDataOutT.pas | C:\DOCUMENTI\bmsistemi\drivepsviluppo\prjs\cpi win clima\versione_10\3D\GENERATI\UDataOutT.pas | C:\DOCUMENTI\bmsistemi\drivepsviluppo\prjs\cpi win clima\versione_10\3D\GENERATI vecchio\UDataOutT.pas | C:\DOCUMENTI\bmsistemi\drivepsviluppo\prjs\cpi win clima\versione_10\progetto test con multitabelle\GENERATI\UDataOutT.pas | C:\DOCUMENTI\bmsistemi\drivepsviluppo\prjs\cpi win clima\versione_10 nuova\progetto test con multitabelle\GENERATI\UDataOutT.pas | C:\DOCUMENTI\bmsistemi\drivepsviluppo\prjs\cpi win clima\versione_10 ripristinata\3D\GENERATI\UDataOutT.pas | C:\DOCUMENTI\bmsistemi\drivepsviluppo\prjs\cpi win clima\versione_10 ripristinata\3D\GENERATI vecchio\UDataOutT.pas | C:\DOCUMENTI\bmsistemi\drivepsviluppo\prjs\cpi win clima\versione_10 ripristinata\progetto test con multitabelle\GENERATI\UDataOutT.pas",
"Tubazioni","udb","29","Ambigua: piu copie omonime","17","C:\DOCUMENTI\sd\sorgenti\bm-sd\GENERA\UDB.pas | C:\DOCUMENTI\sd\sorgenti\bm-sd\GENERA\distribuzione\libreriedatabase\inmemoria\Udb.pas | C:\DOCUMENTI\sd\sorgenti\bm-sd\GENERA\distribuzione\libreriedatabase\sudisco\udb.pas | C:\DOCUMENTI\sd\sorgenti\bm-sd\GENERA\modifica kbmtable\UDB.pas | C:\DOCUMENTI\sd\sorgenti\bm-sd\GENERA\Rebuli modificato CAD\UDB.pas | C:\DOCUMENTI\sd\sorgenti\bm-sd\GENERA\Rebuli modificato CAD\compnuccio vecchio mandato lazzerini\UDB.pas | C:\DOCUMENTI\bmsistemi\drivep\prjs\cpi win clima\Versione_10\CARICHI\database\Udb.pas | C:\DOCUMENTI\bmsistemi\drivep\prjs\cpi win clima\Versione_10 allineamento con emanuela\CARICHI\database\Udb.pas | C:\DOCUMENTI\bmsistemi\drivepsviluppo\prjs\cpi win clima\versione_10\CARICHI\database\UDB.pas | C:\DOCUMENTI\bmsistemi\drivepsviluppo\prjs\cpi win clima\versione_10\libreriedatabase\inmemoria\Udb.pas | C:\DOCUMENTI\bmsistemi\drivepsviluppo\prjs\cpi win clima\versione_10\libreriedatabase\sudisco\udb.pas | C:\DOCUMENTI\bmsistemi\drivepsviluppo\prjs\cpi win clima\versione_10 nuova\CARICHI\database\UDB.pas | C:\DOCUMENTI\bmsistemi\drivepsviluppo\prjs\cpi win clima\versione_10 nuova\libreriedatabase\inmemoria\Udb.pas | C:\DOCUMENTI\bmsistemi\drivepsviluppo\prjs\cpi win clima\versione_10 nuova\libreriedatabase\sudisco\udb.pas | C:\DOCUMENTI\bmsistemi\drivepsviluppo\prjs\cpi win clima\versione_10 ripristinata\CARICHI\database\UDB.pas | C:\DOCUMENTI\bmsistemi\drivepsviluppo\prjs\cpi win clima\versione_10 ripristinata\libreriedatabase\inmemoria\Udb.pas | C:\DOCUMENTI\bmsistemi\drivepsviluppo\prjs\cpi win clima\versione_10 ripristinata\libreriedatabase\sudisco\udb.pas",
"Tubazioni","udbt","40","Ambigua: piu copie omonime","15","C:\DOCUMENTI\sd\sorgenti\bm-sd\GENERA\gestione\generati\UDBT.pas | C:\DOCUMENTI\sd\sorgenti\bm-sd\gestioneclienti\generati\UDBT.pas | C:\DOCUMENTI\bmsistemi\drivepsviluppo\prjs\cpi win clima\versione_10\3D\GENERATI\UDBT.pas | C:\DOCUMENTI\bmsistemi\drivepsviluppo\prjs\cpi win clima\versione_10\3D\GENERATI vecchio\UDBT.pas | C:\DOCUMENTI\bmsistemi\drivepsviluppo\prjs\cpi win clima\versione_10\AggiornamentiV13\Carichi\database\GENERATI\UDBT.pas | C:\DOCUMENTI\bmsistemi\drivepsviluppo\prjs\cpi win clima\versione_10\Copia di 3D\GENERATI\UDBT.pas | C:\DOCUMENTI\bmsistemi\drivepsviluppo\prjs\cpi win clima\versione_10\progetto test con multitabelle\GENERATI\UDBT.pas | C:\DOCUMENTI\bmsistemi\drivepsviluppo\prjs\cpi win clima\versione_10 nuova\AggiornamentiV13\Carichi\database\GENERATI\UDBT.pas | C:\DOCUMENTI\bmsistemi\drivepsviluppo\prjs\cpi win clima\versione_10 nuova\Copia di 3D\GENERATI\UDBT.pas | C:\DOCUMENTI\bmsistemi\drivepsviluppo\prjs\cpi win clima\versione_10 nuova\progetto test con multitabelle\GENERATI\UDBT.pas | C:\DOCUMENTI\bmsistemi\drivepsviluppo\prjs\cpi win clima\versione_10 ripristinata\3D\GENERATI\UDBT.pas | C:\DOCUMENTI\bmsistemi\drivepsviluppo\prjs\cpi win clima\versione_10 ripristinata\3D\GENERATI vecchio\UDBT.pas | C:\DOCUMENTI\bmsistemi\drivepsviluppo\prjs\cpi win clima\versione_10 ripristinata\AggiornamentiV13\Carichi\database\GENERATI\UDBT.pas | C:\DOCUMENTI\bmsistemi\drivepsviluppo\prjs\cpi win clima\versione_10 ripristinata\Copia di 3D\GENERATI\UDBT.pas | C:\DOCUMENTI\bmsistemi\drivepsviluppo\prjs\cpi win clima\versione_10 ripristinata\progetto test con multitabelle\GENERATI\UDBT.pas",
"Tubazioni","UDispersioni","2","Ambigua: piu copie omonime","13","C:\DOCUMENTI\bmsistemi\drivep\prjs\cpi win clima\Versione_10\CARICHI\tamponamenti\Form_11\udispersioni.pas | C:\DOCUMENTI\bmsistemi\drivep\prjs\cpi win clima\Versione_10\CARICHI\tamponamenti\Form_12\udispersioni.pas | C:\DOCUMENTI\bmsistemi\drivep\prjs\cpi win clima\Versione_10\DllPrincipaleTermico\UDispersioni.pas | C:\DOCUMENTI\bmsistemi\drivep\prjs\cpi win clima\Versione_10\DllPrincipaleTermico\Form_12\UDispersioni.pas | C:\DOCUMENTI\bmsistemi\drivepsviluppo\prjs\cpi win clima\versione_10\CARICHI\tamponamenti\Form_11\udispersioni.pas | C:\DOCUMENTI\bmsistemi\drivepsviluppo\prjs\cpi win clima\versione_10\DllPrincipaleTermico\Form_12\UDispersioni.pas | C:\DOCUMENTI\bmsistemi\drivepsviluppo\prjs\cpi win clima\versione_10\DllPrincipaleTermico\udispersioni\UDispersioni.pas | C:\DOCUMENTI\bmsistemi\drivepsviluppo\prjs\cpi win clima\versione_10 nuova\CARICHI\tamponamenti\Form_11\udispersioni.pas | C:\DOCUMENTI\bmsistemi\drivepsviluppo\prjs\cpi win clima\versione_10 nuova\DllPrincipaleTermico\Form_12\UDispersioni.pas | C:\DOCUMENTI\bmsistemi\drivepsviluppo\prjs\cpi win clima\versione_10 nuova\DllPrincipaleTermico\udispersioni\UDispersioni.pas | C:\DOCUMENTI\bmsistemi\drivepsviluppo\prjs\cpi win clima\versione_10 ripristinata\CARICHI\tamponamenti\Form_11\udispersioni.pas | C:\DOCUMENTI\bmsistemi\drivepsviluppo\prjs\cpi win clima\versione_10 ripristinata\DllPrincipaleTermico\Form_12\UDispersioni.pas | C:\DOCUMENTI\bmsistemi\drivepsviluppo\prjs\cpi win clima\versione_10 ripristinata\DllPrincipaleTermico\udispersioni\UDispersioni.pas",
"Tubazioni","Ugest_cad","2","Ambigua: piu copie omonime","6","C:\DOCUMENTI\sd\sorgenti\bm-sd\CpiWinClimaBM\Ugest_cad.pas | C:\DOCUMENTI\bmsistemi\drivepsviluppo\prjs\cpi win clima\versione_10\3D\Ugest_cad.pas | C:\DOCUMENTI\bmsistemi\drivepsviluppo\prjs\cpi win clima\versione_10\CadEsterno\Ugest_cad.pas | C:\DOCUMENTI\bmsistemi\drivepsviluppo\prjs\cpi win clima\versione_10 nuova\CadEsterno\Ugest_cad.pas | C:\DOCUMENTI\bmsistemi\drivepsviluppo\prjs\cpi win clima\versione_10 ripristinata\3D\Ugest_cad.pas | C:\DOCUMENTI\bmsistemi\drivepsviluppo\prjs\cpi win clima\versione_10 ripristinata\CadEsterno\Ugest_cad.pas",
"Tubazioni","uleggiscrividati","15","Ambigua: piu copie omonime","26","C:\DOCUMENTI\sd\sorgenti\bm-sd\GENERA\gestione\generati\ULeggiscriviDati.pas | C:\DOCUMENTI\sd\sorgenti\bm-sd\gestioneclienti\generati\ULeggiscriviDati.pas | C:\DOCUMENTI\sd\sorgenti\bm-sd\Sun-Trace\generati\ULeggiscriviDati.pas | C:\DOCUMENTI\bmsistemi\drivep\prjs\cpi win clima\Versione_10\AggiornamentiV13\Carichi\database\GENERATI\ULeggiscriviDati.pas | C:\DOCUMENTI\bmsistemi\drivep\prjs\cpi win clima\Versione_10\CARICHI\database\GENERATI\ULeggiscriviDati.pas | C:\DOCUMENTI\bmsistemi\drivep\prjs\cpi win clima\Versione_10\Tubi\database generati\Generati\ULeggiscriviDati.pas | C:\DOCUMENTI\bmsistemi\drivep\prjs\cpi win clima\Versione_10 allineamento con emanuela\GENERATI\ULeggiscriviDati.pas | C:\DOCUMENTI\bmsistemi\drivepsviluppo\prjs\cpi win clima\versione_10\3D\GENERATI\ULeggiscriviDati.pas | C:\DOCUMENTI\bmsistemi\drivepsviluppo\prjs\cpi win clima\versione_10\3D\GENERATI\climaenergia\ULeggiscriviDati.pas | C:\DOCUMENTI\bmsistemi\drivepsviluppo\prjs\cpi win clima\versione_10\3D\GENERATI vecchio\ULeggiscriviDati.pas | C:\DOCUMENTI\bmsistemi\drivepsviluppo\prjs\cpi win clima\versione_10\AggiornamentiV13\Carichi\database\GENERATI\ULeggiscriviDati.pas | C:\DOCUMENTI\bmsistemi\drivepsviluppo\prjs\cpi win clima\versione_10\CARICHI\database\GENERATI\ULeggiscriviDati.pas | C:\DOCUMENTI\bmsistemi\drivepsviluppo\prjs\cpi win clima\versione_10\Copia di 3D\GENERATI\ULeggiscriviDati.pas | C:\DOCUMENTI\bmsistemi\drivepsviluppo\prjs\cpi win clima\versione_10\progetto test con multitabelle\GENERATI\uleggiscrividati.pas | C:\DOCUMENTI\bmsistemi\drivepsviluppo\prjs\cpi win clima\versione_10 nuova\AggiornamentiV13\Carichi\database\GENERATI\ULeggiscriviDati.pas | C:\DOCUMENTI\bmsistemi\drivepsviluppo\prjs\cpi win clima\versione_10 nuova\CARICHI\database\GENERATI\ULeggiscriviDati.pas | C:\DOCUMENTI\bmsistemi\drivepsviluppo\prjs\cpi win clima\versione_10 nuova\Copia di 3D\GENERATI\ULeggiscriviDati.pas | C:\DOCUMENTI\bmsistemi\drivepsviluppo\prjs\cpi win clima\versione_10 nuova\progetto test con multitabelle\GENERATI\uleggiscrividati.pas | C:\DOCUMENTI\bmsistemi\drivepsviluppo\prjs\cpi win clima\versione_10 nuova\Tubi\database generati\Generati\ULeggiscriviDati.pas | C:\DOCUMENTI\bmsistemi\drivepsviluppo\prjs\cpi win clima\versione_10 ripristinata\3D\GENERATI\ULeggiscriviDati.pas | C:\DOCUMENTI\bmsistemi\drivepsviluppo\prjs\cpi win clima\versione_10 ripristinata\3D\GENERATI vecchio\ULeggiscriviDati.pas | C:\DOCUMENTI\bmsistemi\drivepsviluppo\prjs\cpi win clima\versione_10 ripristinata\AggiornamentiV13\Carichi\database\GENERATI\ULeggiscriviDati.pas | C:\DOCUMENTI\bmsistemi\drivepsviluppo\prjs\cpi win clima\versione_10 ripristinata\CARICHI\database\GENERATI\ULeggiscriviDati.pas | C:\DOCUMENTI\bmsistemi\drivepsviluppo\prjs\cpi win clima\versione_10 ripristinata\Copia di 3D\GENERATI\ULeggiscriviDati.pas | C:\DOCUMENTI\bmsistemi\drivepsviluppo\prjs\cpi win clima\versione_10 ripristinata\progetto test con multitabelle\GENERATI\uleggiscrividati.pas | C:\DOCUMENTI\bmsistemi\drivepsviluppo\prjs\cpi win clima\versione_10 ripristinata\Tubi\database generati\Generati\ULeggiscriviDati.pas",
"Tubazioni","Ulettura","1","Ambigua: piu copie omonime","8","C:\DOCUMENTI\bmsistemi\drivep\prjs\cpi win clima\Versione_10\CARICHI\Ulettura.pas | C:\DOCUMENTI\bmsistemi\drivep\prjs\cpi win clima\Versione_10\CARICHI\Form_12\Ulettura.pas | C:\DOCUMENTI\bmsistemi\drivepsviluppo\prjs\cpi win clima\versione_10\CARICHI\Ulettura.pas | C:\DOCUMENTI\bmsistemi\drivepsviluppo\prjs\cpi win clima\versione_10\CARICHI\Form_12\Ulettura.pas | C:\DOCUMENTI\bmsistemi\drivepsviluppo\prjs\cpi win clima\versione_10 nuova\CARICHI\Ulettura.pas | C:\DOCUMENTI\bmsistemi\drivepsviluppo\prjs\cpi win clima\versione_10 nuova\CARICHI\Form_12\Ulettura.pas | C:\DOCUMENTI\bmsistemi\drivepsviluppo\prjs\cpi win clima\versione_10 ripristinata\CARICHI\Ulettura.pas | C:\DOCUMENTI\bmsistemi\drivepsviluppo\prjs\cpi win clima\versione_10 ripristinata\CARICHI\Form_12\Ulettura.pas",
"Tubazioni","umainform","1","Ambigua: piu copie omonime","21","C:\DOCUMENTI\sd\sorgenti\bm-sd\glscene 1.1 marzo 2011\Demos\cgshaders\CGBombShader\uMainForm.pas | C:\DOCUMENTI\sd\sorgenti\bm-sd\glscene 1.1 marzo 2011\Demos\glslshaders\BumpShader\uMainForm.pas | C:\DOCUMENTI\sd\sorgenti\bm-sd\glscene 1.1 marzo 2011\Demos\glslshaders\DiffuseSpecularShader\uMainForm.pas | C:\DOCUMENTI\sd\sorgenti\bm-sd\glscene 1.1 marzo 2011\Demos\glslshaders\GLSLShaderComponent\uMainForm.pas | C:\DOCUMENTI\sd\sorgenti\bm-sd\glscene 1.1 marzo 2011\Demos\glslshaders\PostShaders\UMainForm.pas | C:\DOCUMENTI\sd\sorgenti\bm-sd\glscene 1.1 marzo 2011\Demos\interface\Console\uMainForm.pas | C:\DOCUMENTI\sd\sorgenti\bm-sd\glscene 1.1 marzo 2011\Demos\movements\SmoothNavigator\uMainForm.pas | C:\DOCUMENTI\sd\sorgenti\bm-sd\glscene 1.1 marzo 2011\Demos\specialsFX\Atmosphere\uMainForm.pas | C:\DOCUMENTI\sd\sorgenti\bm-sd\glscene 1.1 marzo 2011\Demos\specialsFX\motionblur2\uMainForm.pas | C:\DOCUMENTI\sd\sorgenti\bm-sd\glscene 1.1 marzo 2011\Demos\specialsFX\posteffect\uMainForm.pas | C:\DOCUMENTI\sd\sorgenti\bm-sd\glscene 1.1 marzo 2011\Demos\specialsFX\ShadowmappingFBO\uMainForm.pas | C:\DOCUMENTI\sd\sorgenti\bm-sd\glscene 1.1 marzo 2011\DemosLCL\cgshaders\CGBombShader\uMainForm.pas | C:\DOCUMENTI\sd\sorgenti\bm-sd\glscene 1.1 marzo 2011\DemosLCL\glslshaders\BumpShader\umainform.pas | C:\DOCUMENTI\sd\sorgenti\bm-sd\glscene 1.1 marzo 2011\DemosLCL\glslshaders\DiffuseSpecularShader\umainform.pas | C:\DOCUMENTI\sd\sorgenti\bm-sd\glscene 1.1 marzo 2011\DemosLCL\glslshaders\GLSLShaderComponent\umainform.pas | C:\DOCUMENTI\sd\sorgenti\bm-sd\glscene 1.1 marzo 2011\DemosLCL\glslshaders\PostShaders\umainform.pas | C:\DOCUMENTI\sd\sorgenti\bm-sd\glscene 1.1 marzo 2011\DemosLCL\interface\Console\uMainForm.pas | C:\DOCUMENTI\sd\sorgenti\bm-sd\glscene 1.1 marzo 2011\DemosLCL\movements\SmoothNavigator\uMainForm.pas | C:\DOCUMENTI\sd\sorgenti\bm-sd\glscene 1.1 marzo 2011\DemosLCL\specialsFX\Atmosphere\uMainForm.pas | C:\DOCUMENTI\sd\sorgenti\bm-sd\glscene 1.1 marzo 2011\DemosLCL\specialsFX\motionblur2\uMainForm.pas | C:\DOCUMENTI\sd\sorgenti\bm-sd\glscene 1.1 marzo 2011\DemosLCL\specialsFX\posteffect\uMainForm.pas",
"Tubazioni","UOggetti","4","Ambigua: piu copie omonime","3","C:\DOCUMENTI\sd\sorgenti\bm-sd\3dCAD\Uoggetti.pas | C:\DOCUMENTI\sd\sorgenti\bm-sd\3dCAD_14\Uoggetti.pas | C:\DOCUMENTI\sd\sorgenti\bm-sd\Copia di 3dCAD\Uoggetti.pas",
"Tubazioni","URicercaDati","7","Ambigua: piu copie omonime","12","C:\DOCUMENTI\sd\sorgenti\bm-sd\GENERA\distribuzione\libreriedatabase\URicercaDati.pas | C:\DOCUMENTI\bmsistemi\drivep\prjs\cpi win clima\Versione_10\CARICHI\database\URicercaDati.pas | C:\DOCUMENTI\bmsistemi\drivep\prjs\cpi win clima\Versione_10 allineamento con emanuela\CARICHI\database\URicercaDati.pas | C:\DOCUMENTI\bmsistemi\drivepsviluppo\prjs\cpi win clima\versione_10\CARICHI\database\URicercaDati.pas | C:\DOCUMENTI\bmsistemi\drivepsviluppo\prjs\cpi win clima\versione_10\file emanuela\URicercaDati.pas | C:\DOCUMENTI\bmsistemi\drivepsviluppo\prjs\cpi win clima\versione_10\libreriedatabase\URicercaDati.pas | C:\DOCUMENTI\bmsistemi\drivepsviluppo\prjs\cpi win clima\versione_10 nuova\CARICHI\database\URicercaDati.pas | C:\DOCUMENTI\bmsistemi\drivepsviluppo\prjs\cpi win clima\versione_10 nuova\file emanuela\URicercaDati.pas | C:\DOCUMENTI\bmsistemi\drivepsviluppo\prjs\cpi win clima\versione_10 nuova\libreriedatabase\URicercaDati.pas | C:\DOCUMENTI\bmsistemi\drivepsviluppo\prjs\cpi win clima\versione_10 ripristinata\CARICHI\database\URicercaDati.pas | C:\DOCUMENTI\bmsistemi\drivepsviluppo\prjs\cpi win clima\versione_10 ripristinata\file emanuela\URicercaDati.pas | C:\DOCUMENTI\bmsistemi\drivepsviluppo\prjs\cpi win clima\versione_10 ripristinata\libreriedatabase\URicercaDati.pas",
"Tubazioni","utilitie","2","Ambigua: piu copie omonime","8","C:\DOCUMENTI\sd\sorgenti\bm-sd\CANALI\Utilitie.pas | C:\DOCUMENTI\sd\sorgenti\bm-sd\CANALI\UTILS\UTILITIE.PAS | C:\DOCUMENTI\bmsistemi\drivep\prjs\cpi win clima\Versione_10\Tubi\oldTubi\CONVERTI\UTILITIE.PAS | C:\DOCUMENTI\bmsistemi\drivep\prjs\cpi win clima\Versione_10\Tubi\oldTubi\grafo\GTUBI\UTILITIE.PAS | C:\DOCUMENTI\bmsistemi\drivepsviluppo\prjs\cpi win clima\versione_10 nuova\Tubi\oldTubi\CONVERTI\UTILITIE.PAS | C:\DOCUMENTI\bmsistemi\drivepsviluppo\prjs\cpi win clima\versione_10 nuova\Tubi\oldTubi\grafo\GTUBI\UTILITIE.PAS | C:\DOCUMENTI\bmsistemi\drivepsviluppo\prjs\cpi win clima\versione_10 ripristinata\Tubi\oldTubi\CONVERTI\UTILITIE.PAS | C:\DOCUMENTI\bmsistemi\drivepsviluppo\prjs\cpi win clima\versione_10 ripristinata\Tubi\oldTubi\grafo\GTUBI\UTILITIE.PAS",
"Tubazioni","uVariabililettura","14","Ambigua: piu copie omonime","3","C:\DOCUMENTI\sd\sorgenti\bm-sd\lettura\UvariabiliLettura.pas | C:\DOCUMENTI\sd\sorgenti\bm-sd\lettura\codeg\UvariabiliLettura.pas | C:\DOCUMENTI\sd\sorgenti\bm-sd\lettura\salvataggio\Uvariabililettura.pas",
"Tubazioni","vispareti3d","1","Ambigua: piu copie omonime","4","C:\DOCUMENTI\bmsistemi\drivepsviluppo\prjs\cpi win clima\versione_10\3D\form\Vispareti3d.pas | C:\DOCUMENTI\bmsistemi\drivepsviluppo\prjs\cpi win clima\versione_10\3D\temp\semplificate\vispareti3d.pas | C:\DOCUMENTI\bmsistemi\drivepsviluppo\prjs\cpi win clima\versione_10 ripristinata\3D\form\Vispareti3d.pas | C:\DOCUMENTI\bmsistemi\drivepsviluppo\prjs\cpi win clima\versione_10 ripristinata\3D\temp\semplificate\vispareti3d.pas",
"Tubazioni","VisualizzaErrori","1","Ambigua: piu copie omonime","3","C:\DOCUMENTI\sd\sorgenti\bm-sd\lettura\VisualizzaErrori.pas | C:\DOCUMENTI\sd\sorgenti\bm-sd\lettura\codeg\VisualizzaErrori.pas | C:\DOCUMENTI\sd\sorgenti\bm-sd\lettura\salvataggio\VisualizzaErrori.pas",
"Tubazioni","warning","2","Ambigua: piu copie omonime","3","C:\DOCUMENTI\sd\sorgenti\bm-sd\estivo\warning.pas | C:\DOCUMENTI\sd\sorgenti\bm-sd\estivo\codeg\warning.pas | C:\DOCUMENTI\sd\sorgenti\bm-sd\estivo_13\warning.pas",
"Tubazioni","Wm","1","Ambigua: piu copie omonime","7","C:\DOCUMENTI\sd\sorgenti\bm-sd\CANALI\WM.pas | C:\DOCUMENTI\bmsistemi\drivep\prjs\cpi win clima\Versione_10\Tubi\oldTubi\CONVERTI\WM.PAS | C:\DOCUMENTI\bmsistemi\drivep\prjs\cpi win clima\Versione_10\Tubi\oldTubi\grafo\GTUBI\WM.PAS | C:\DOCUMENTI\bmsistemi\drivepsviluppo\prjs\cpi win clima\versione_10 nuova\Tubi\oldTubi\CONVERTI\WM.PAS | C:\DOCUMENTI\bmsistemi\drivepsviluppo\prjs\cpi win clima\versione_10 nuova\Tubi\oldTubi\grafo\GTUBI\WM.PAS | C:\DOCUMENTI\bmsistemi\drivepsviluppo\prjs\cpi win clima\versione_10 ripristinata\Tubi\oldTubi\CONVERTI\WM.PAS | C:\DOCUMENTI\bmsistemi\drivepsviluppo\prjs\cpi win clima\versione_10 ripristinata\Tubi\oldTubi\grafo\GTUBI\WM.PAS",
"Tubazioni","wp","3","Ambigua: piu copie omonime","9","C:\DOCUMENTI\bmsistemi\drivep\prjs\cpi win clima\Versione_10\Tubi\oldTubi\WP.PAS | C:\DOCUMENTI\bmsistemi\drivep\prjs\cpi win clima\Versione_10\Tubi\oldTubi\INPGRAF\WP.PAS | C:\DOCUMENTI\bmsistemi\drivep\prjs\cpi win clima\Versione_10\Tubi\oldTubi\INPGRAF\TUBISPIR\WP.PAS | C:\DOCUMENTI\bmsistemi\drivepsviluppo\prjs\cpi win clima\versione_10 nuova\Tubi\oldTubi\WP.PAS | C:\DOCUMENTI\bmsistemi\drivepsviluppo\prjs\cpi win clima\versione_10 nuova\Tubi\oldTubi\INPGRAF\WP.PAS | C:\DOCUMENTI\bmsistemi\drivepsviluppo\prjs\cpi win clima\versione_10 nuova\Tubi\oldTubi\INPGRAF\TUBISPIR\WP.PAS | C:\DOCUMENTI\bmsistemi\drivepsviluppo\prjs\cpi win clima\versione_10 ripristinata\Tubi\oldTubi\WP.PAS | C:\DOCUMENTI\bmsistemi\drivepsviluppo\prjs\cpi win clima\versione_10 ripristinata\Tubi\oldTubi\INPGRAF\WP.PAS | C:\DOCUMENTI\bmsistemi\drivepsviluppo\prjs\cpi win clima\versione_10 ripristinata\Tubi\oldTubi\INPGRAF\TUBISPIR\WP.PAS",
"Tubazioni","Buttons","17","Piattaforma Delphi/Turbo Pascal","0","",
"Tubazioni","bwcc","1","Piattaforma Delphi/Turbo Pascal","0","",
"Tubazioni","Classes","69","Piattaforma Delphi/Turbo Pascal","0","",
"Tubazioni","ComCtrls","21","Piattaforma Delphi/Turbo Pascal","0","",
"Tubazioni","Controls","59","Piattaforma Delphi/Turbo Pascal","0","",
"Tubazioni","DB","33","Piattaforma Delphi/Turbo Pascal","0","",
"Tubazioni","dbcgrids","3","Piattaforma Delphi/Turbo Pascal","0","",
"Tubazioni","DBCtrls","27","Piattaforma Delphi/Turbo Pascal","0","",
"Tubazioni","DBGrids","22","Piattaforma Delphi/Turbo Pascal","0","",
"Tubazioni","Dialogs","92","Piattaforma Delphi/Turbo Pascal","0","",
"Tubazioni","ExtCtrls","44","Piattaforma Delphi/Turbo Pascal","0","",
"Tubazioni","FileCtrl","3","Piattaforma Delphi/Turbo Pascal","0","",
"Tubazioni","Forms","64","Piattaforma Delphi/Turbo Pascal","0","",
"Tubazioni","graphics","62","Piattaforma Delphi/Turbo Pascal","0","",
"Tubazioni","Grids","22","Piattaforma Delphi/Turbo Pascal","0","",
"Tubazioni","IniFiles","3","Piattaforma Delphi/Turbo Pascal","0","",
"Tubazioni","Mask","23","Piattaforma Delphi/Turbo Pascal","0","",
"Tubazioni","math","22","Piattaforma Delphi/Turbo Pascal","0","",
"Tubazioni","Menus","5","Piattaforma Delphi/Turbo Pascal","0","",
"Tubazioni","messages","60","Piattaforma Delphi/Turbo Pascal","0","",
"Tubazioni","printer","1","Piattaforma Delphi/Turbo Pascal","0","",
"Tubazioni","Registry","1","Piattaforma Delphi/Turbo Pascal","0","",
"Tubazioni","StdCtrls","55","Piattaforma Delphi/Turbo Pascal","0","",
"Tubazioni","Strings","1","Piattaforma Delphi/Turbo Pascal","0","",
"Tubazioni","SysUtils","147","Piattaforma Delphi/Turbo Pascal","0","",
"Tubazioni","types","2","Piattaforma Delphi/Turbo Pascal","0","",
"Tubazioni","Variants","53","Piattaforma Delphi/Turbo Pascal","0","",
"Tubazioni","windos","1","Piattaforma Delphi/Turbo Pascal","0","",
"Tubazioni","Windows","75","Piattaforma Delphi/Turbo Pascal","0","",
"Tubazioni","winprocs","5","Piattaforma Delphi/Turbo Pascal","0","",
"Tubazioni","ActnList","1","Sorgente non individuato","0","",
"Tubazioni","CalcloloCanali","1","Sorgente non individuato","0","",
"Tubazioni","Chart","5","Sorgente non individuato","0","",
"Tubazioni","dateutils","5","Sorgente non individuato","0","",
"Tubazioni","DbChart","1","Sorgente non individuato","0","",
"Tubazioni","DdeMan","1","Sorgente non individuato","0","",
"Tubazioni","def_win","1","Sorgente non individuato","0","",
"Tubazioni","EditNew","1","Sorgente non individuato","0","",
"Tubazioni","fc_tubi","1","Sorgente non individuato","0","",
"Tubazioni","ImgList","4","Sorgente non individuato","0","",
"Tubazioni","inizamb","1","Sorgente non individuato","0","",
"Tubazioni","jpeg","4","Sorgente non individuato","0","",
"Tubazioni","main_res","2","Sorgente non individuato","0","",
"Tubazioni","MPlayer","1","Sorgente non individuato","0","",
"Tubazioni","multilin","1","Sorgente non individuato","0","",
"Tubazioni","OleCtnrs","2","Sorgente non individuato","0","",
"Tubazioni","Series","5","Sorgente non individuato","0","",
"Tubazioni","ShareMem","1","Sorgente non individuato","0","",
"Tubazioni","ShellApi","2","Sorgente non individuato","0","",
"Tubazioni","Spin","4","Sorgente non individuato","0","",
"Tubazioni","TeEngine","3","Sorgente non individuato","0","",
"Tubazioni","TeeProcs","3","Sorgente non individuato","0","",
"Tubazioni","ToolWin","1","Sorgente non individuato","0","",
"Tubazioni","u_winput","2","Sorgente non individuato","0","",
"Tubazioni","UClientform","2","Sorgente non individuato","0","",
"Tubazioni","uses","1","Sorgente non individuato","0","",
"Tubazioni","ValEdit","1","Sorgente non individuato","0","",
"Tubazioni","win_uti","1","Sorgente non individuato","0","",
