  0
SECTION
  2
HEADER
  9
$ACADVER
  1
AC1009
  9
$DWGCODEPAGE
  3
ansi_1252
  9
$INSBASE
 10
0.0
 20
0.0
 30
0.0
  9
$EXTMIN
 10
-3.287559023971966
 20
0.253364
 30
0.0
  9
$EXTMAX
 10
36.84877141936324
 20
24.48723171585786
 30
0.0
  9
$LIMMIN
 10
0.0
 20
0.0
  9
$LIMMAX
 10
420.0
 20
297.0
  9
$ORTHOMODE
 70
     1
  9
$REGENMODE
 70
     1
  9
$FILLMODE
 70
     1
  9
$QTEXTMODE
 70
     0
  9
$MIRRTEXT
 70
     1
  9
$DRAGMODE
 70
     2
  9
$LTSCALE
 40
1.0
  9
$OSMODE
 70
   511
  9
$ATTMODE
 70
     1
  9
$TEXTSIZE
 40
0.1
  9
$TRACEWID
 40
1.0
  9
$TEXTSTYLE
  7
STANDARD
  9
$CLAYER
  8
0
  9
$CELTYPE
  6
DIVIDE
  9
$CECOLOR
 62
   256
  9
$DIMSCALE
 40
1.0
  9
$DIMASZ
 40
2.5
  9
$DIMEXO
 40
0.625
  9
$DIMDLI
 40
3.75
  9
$DIMRND
 40
0.0
  9
$DIMDLE
 40
0.0
  9
$DIMEXE
 40
1.25
  9
$DIMTP
 40
0.0
  9
$DIMTM
 40
0.0
  9
$DIMTXT
 40
2.5
  9
$DIMCEN
 40
2.5
  9
$DIMTSZ
 40
0.0
  9
$DIMTOL
 70
     0
  9
$DIMLIM
 70
     0
  9
$DIMTIH
 70
     0
  9
$DIMTOH
 70
     0
  9
$DIMSE1
 70
     0
  9
$DIMSE2
 70
     0
  9
$DIMTAD
 70
     1
  9
$DIMZIN
 70
     8
  9
$DIMBLK
  1

  9
$DIMASO
 70
     1
  9
$DIMSHO
 70
     1
  9
$DIMPOST
  1

  9
$DIMAPOST
  1

  9
$DIMALT
 70
     0
  9
$DIMALTD
 70
     3
  9
$DIMALTF
 40
0.03937
  9
$DIMLFAC
 40
1.0
  9
$DIMTOFL
 70
     1
  9
$DIMTVP
 40
0.0
  9
$DIMTIX
 70
     0
  9
$DIMSOXD
 70
     0
  9
$DIMSAH
 70
     0
  9
$DIMBLK1
  1

  9
$DIMBLK2
  1

  9
$DIMSTYLE
  2
ISO-25
  9
$DIMCLRD
 70
     0
  9
$DIMCLRE
 70
     0
  9
$DIMCLRT
 70
     0
  9
$DIMTFAC
 40
1.0
  9
$DIMGAP
 40
0.625
  9
$LUNITS
 70
     2
  9
$LUPREC
 70
     4
  9
$SKETCHINC
 40
1.0
  9
$FILLETRAD
 40
0.0
  9
$AUNITS
 70
     0
  9
$AUPREC
 70
     0
  9
$MENU
  1
.
  9
$ELEVATION
 40
0.0
  9
$PELEVATION
 40
0.0
  9
$THICKNESS
 40
0.0
  9
$LIMCHECK
 70
     0
  9
$CHAMFERA
 40
0.1
  9
$CHAMFERB
 40
0.1
  9
$SKPOLY
 70
     0
  9
$TDCREATE
 40
2455370.522971725
  9
$TDUPDATE
 40
2456245.743077246
  9
$TDINDWG
 40
0.2685589815
  9
$TDUSRTIMER
 40
2456245.700476794
  9
$USRTIMER
 70
     1
  9
$ANGBASE
 50
0.0
  9
$ANGDIR
 70
     0
  9
$PDMODE
 70
     0
  9
$PDSIZE
 40
0.0
  9
$PLINEWID
 40
0.0
  9
$COORDS
 70
     1
  9
$SPLFRAME
 70
     0
  9
$SPLINETYPE
 70
     6
  9
$SPLINESEGS
 70
     8
  9
$ATTDIA
 70
     0
  9
$ATTREQ
 70
     1
  9
$HANDLING
 70
     1
  9
$HANDSEED
  5
F0F4
  9
$SURFTAB1
 70
     6
  9
$SURFTAB2
 70
     6
  9
$SURFTYPE
 70
     6
  9
$SURFU
 70
     6
  9
$SURFV
 70
     6
  9
$UCSNAME
  2

  9
$UCSORG
 10
0.0
 20
0.0
 30
0.0
  9
$UCSXDIR
 10
1.0
 20
0.0
 30
0.0
  9
$UCSYDIR
 10
0.0
 20
1.0
 30
0.0
  9
$PUCSNAME
  2

  9
$PUCSORG
 10
0.0
 20
0.0
 30
0.0
  9
$PUCSXDIR
 10
1.0
 20
0.0
 30
0.0
  9
$PUCSYDIR
 10
0.0
 20
1.0
 30
0.0
  9
$USERI1
 70
     0
  9
$USERI2
 70
     0
  9
$USERI3
 70
     0
  9
$USERI4
 70
     0
  9
$USERI5
 70
     0
  9
$USERR1
 40
0.0
  9
$USERR2
 40
0.0
  9
$USERR3
 40
0.0
  9
$USERR4
 40
0.0
  9
$USERR5
 40
0.0
  9
$WORLDVIEW
 70
     1
  9
$SHADEDGE
 70
     3
  9
$SHADEDIF
 70
    70
  9
$TILEMODE
 70
     1
  9
$MAXACTVP
 70
    64
  9
$PLIMCHECK
 70
     0
  9
$PEXTMIN
 10
1.000000000000000E+20
 20
1.000000000000000E+20
 30
1.000000000000000E+20
  9
$PEXTMAX
 10
-1.000000000000000E+20
 20
-1.000000000000000E+20
 30
-1.000000000000000E+20
  9
$PLIMMIN
 10
0.0
 20
0.0
  9
$PLIMMAX
 10
0.0
 20
0.0
  9
$UNITMODE
 70
     0
  9
$VISRETAIN
 70
     1
  9
$PLINEGEN
 70
     0
  9
$PSLTSCALE
 70
     1
  0
ENDSEC
  0
SECTION
  2
TABLES
  0
TABLE
  2
VPORT
 70
     1
  0
VPORT
  2
*ACTIVE
 70
     0
 10
0.0
 20
0.0
 11
1.0
 21
1.0
 12
3.496711200777352
 22
-9.497405233936181
 13
0.0
 23
0.0
 14
10.0
 24
10.0
 15
10.0
 25
10.0
 16
0.0
 26
0.0
 36
1.0
 17
12.9662934541192
 27
12.8548087085717
 37
0.0
 40
7.353002665178528
 41
1.459530026109661
 42
50.0
 43
0.0
 44
0.0
 50
0.0
 51
0.0
 71
    16
 72
   100
 73
     1
 74
     3
 75
     0
 76
     0
 77
     0
 78
     0
  0
ENDTAB
  0
TABLE
  2
LTYPE
 70
    81
  0
LTYPE
  2
CONTINUOUS
 70
     0
  3
Solid line
 72
    65
 73
     0
 40
0.0
  0
LTYPE
  2
DIVIDE
 70
     0
  3
____ . . ____ . . ____ . . ____ . . ____ . . __
 72
    65
 73
     6
 40
1.25
 49
0.5
 49
-0.25
 49
0.0
 49
-0.25
 49
0.0
 49
-0.25
  0
LTYPE
  2
CONF9
 70
     0
  3
Confine 9
 72
    65
 73
     4
 40
1.0
 49
0.5
 49
-0.25
 49
0.0
 49
-0.25
  0
LTYPE
  2
SPECIALE
 70
     0
  3
Parete speciale
 72
    65
 73
     2
 40
0.5
 49
0.25
 49
-0.25
  0
LTYPE
  2
QUOTE
 70
     0
  3
Quote
 72
    65
 73
     4
 40
2.05
 49
2.0
 49
-0.025
 49
0.0
 49
-0.025
  0
LTYPE
  2
COLLETTORE
 70
     0
  3
Collettore
 72
    65
 73
     4
 40
0.1
 49
0.05
 49
-0.025
 49
0.0
 49
-0.025
  0
LTYPE
  2
FITTIZIA
 70
     0
  3
Parete fittizia
 72
    65
 73
     4
 40
0.5
 49
0.0
 49
-0.25
 49
0.0
 49
-0.25
  0
LTYPE
  2
ACAD_ISO04W100
 70
     0
  3
Tratto ISO Spazio ____ . ____ . ____ . ____ . _
 72
    65
 73
     4
 40
30.0
 49
24.0
 49
-3.0
 49
0.0
 49
-3.0
  0
LTYPE
  2
NONSC
 70
     0
  3
Non scambiante
 72
    65
 73
     2
 40
0.5
 49
0.25
 49
-0.25
  0
LTYPE
  2
CONF1
 70
     0
  3
Confine 1
 72
    65
 73
     4
 40
1.0
 49
0.5
 49
-0.25
 49
0.0
 49
-0.25
  0
LTYPE
  2
CONF2
 70
     0
  3
Confine 2
 72
    65
 73
     4
 40
1.0
 49
0.5
 49
-0.25
 49
0.0
 49
-0.25
  0
LTYPE
  2
CONF3
 70
     0
  3
Confine 3
 72
    65
 73
     4
 40
1.0
 49
0.5
 49
-0.25
 49
0.0
 49
-0.25
  0
LTYPE
  2
CONF4
 70
     0
  3
Confine 4
 72
    65
 73
     4
 40
1.0
 49
0.5
 49
-0.25
 49
0.0
 49
-0.25
  0
LTYPE
  2
CONF5
 70
     0
  3
Confine 5
 72
    65
 73
     4
 40
1.0
 49
0.5
 49
-0.25
 49
0.0
 49
-0.25
  0
LTYPE
  2
CONF6
 70
     0
  3
Confine 6
 72
    65
 73
     4
 40
1.0
 49
0.5
 49
-0.25
 49
0.0
 49
-0.25
  0
LTYPE
  2
CONF7
 70
     0
  3
Confine 7
 72
    65
 73
     4
 40
1.0
 49
0.5
 49
-0.25
 49
0.0
 49
-0.25
  0
LTYPE
  2
CONF8
 70
     0
  3
Confine 8
 72
    65
 73
     4
 40
1.0
 49
0.5
 49
-0.25
 49
0.0
 49
-0.25
  0
LTYPE
  2
COLLETTORE1
 70
     0
  3
Collettore1
 72
    65
 73
     4
 40
0.1
 49
0.05
 49
-0.025
 49
0.0
 49
-0.025
  0
LTYPE
  2
CONF10
 70
     0
  3
Confine 10
 72
    65
 73
     4
 40
1.0
 49
0.5
 49
-0.25
 49
0.0
 49
-0.25
  0
LTYPE
  2
CONF11
 70
     0
  3
Confine 11
 72
    65
 73
     4
 40
1.0
 49
0.5
 49
-0.25
 49
0.0
 49
-0.25
  0
LTYPE
  2
CONF12
 70
     0
  3
Confine 12
 72
    65
 73
     4
 40
1.0
 49
0.5
 49
-0.25
 49
0.0
 49
-0.25
  0
LTYPE
  2
CONF13
 70
     0
  3
Confine 13
 72
    65
 73
     4
 40
1.0
 49
0.5
 49
-0.25
 49
0.0
 49
-0.25
  0
LTYPE
  2
CONF15
 70
     0
  3
Confine 15
 72
    65
 73
     4
 40
1.0
 49
0.5
 49
-0.25
 49
0.0
 49
-0.25
  0
LTYPE
  2
CONF16
 70
     0
  3
Confine 16
 72
    65
 73
     4
 40
1.0
 49
0.5
 49
-0.25
 49
0.0
 49
-0.25
  0
LTYPE
  2
CONF17
 70
     0
  3
Confine 17
 72
    65
 73
     4
 40
1.0
 49
0.5
 49
-0.25
 49
0.0
 49
-0.25
  0
LTYPE
  2
CONF18
 70
     0
  3
Confine 18
 72
    65
 73
     4
 40
1.0
 49
0.5
 49
-0.25
 49
0.0
 49
-0.25
  0
LTYPE
  2
CONF20
 70
     0
  3
Confine 20
 72
    65
 73
     4
 40
1.0
 49
0.5
 49
-0.25
 49
0.0
 49
-0.25
  0
LTYPE
  2
CONF21
 70
     0
  3
Confine 21
 72
    65
 73
     4
 40
1.0
 49
0.5
 49
-0.25
 49
0.0
 49
-0.25
  0
LTYPE
  2
CONF22
 70
     0
  3
Confine 22
 72
    65
 73
     4
 40
1.0
 49
0.5
 49
-0.25
 49
0.0
 49
-0.25
  0
LTYPE
  2
CONF23
 70
     0
  3
Confine 23
 72
    65
 73
     4
 40
1.0
 49
0.5
 49
-0.25
 49
0.0
 49
-0.25
  0
LTYPE
  2
CONF24
 70
     0
  3
Confine 24^I
 72
    65
 73
     4
 40
1.0
 49
0.5
 49
-0.25
 49
0.0
 49
-0.25
  0
LTYPE
  2
CONF25
 70
     0
  3
Confine 25
 72
    65
 73
     4
 40
1.0
 49
0.5
 49
-0.25
 49
0.0
 49
-0.25
  0
LTYPE
  2
CONF26
 70
     0
  3
Confine 26
 72
    65
 73
     4
 40
1.0
 49
0.5
 49
-0.25
 49
0.0
 49
-0.25
  0
LTYPE
  2
CONF27
 70
     0
  3
Confine 27
 72
    65
 73
     4
 40
1.0
 49
0.5
 49
-0.25
 49
0.0
 49
-0.25
  0
LTYPE
  2
CONF28
 70
     0
  3
Confine 28
 72
    65
 73
     4
 40
1.0
 49
0.5
 49
-0.25
 49
0.0
 49
-0.25
  0
LTYPE
  2
CONF29
 70
     0
  3
Confine 29
 72
    65
 73
     4
 40
1.0
 49
0.5
 49
-0.25
 49
0.0
 49
-0.25
  0
LTYPE
  2
CONF30
 70
     0
  3
Confine 30
 72
    65
 73
     4
 40
1.0
 49
0.5
 49
-0.25
 49
0.0
 49
-0.25
  0
LTYPE
  2
CONF31
 70
     0
  3
Confine 31
 72
    65
 73
     4
 40
1.0
 49
0.5
 49
-0.25
 49
0.0
 49
-0.25
  0
LTYPE
  2
CONF32
 70
     0
  3
Confine 32
 72
    65
 73
     4
 40
1.0
 49
0.5
 49
-0.25
 49
0.0
 49
-0.25
  0
LTYPE
  2
CONF33
 70
     0
  3
Confine 33^I
 72
    65
 73
     4
 40
1.0
 49
0.5
 49
-0.25
 49
0.0
 49
-0.25
  0
LTYPE
  2
CONF34
 70
     0
  3
Confine 34
 72
    65
 73
     4
 40
1.0
 49
0.5
 49
-0.25
 49
0.0
 49
-0.25
  0
LTYPE
  2
CONF35
 70
     0
  3
Confine 35
 72
    65
 73
     4
 40
1.0
 49
0.5
 49
-0.25
 49
0.0
 49
-0.25
  0
LTYPE
  2
CONF36
 70
     0
  3
Confine 36
 72
    65
 73
     4
 40
1.0
 49
0.5
 49
-0.25
 49
0.0
 49
-0.25
  0
LTYPE
  2
CONF37
 70
     0
  3
Confine 37
 72
    65
 73
     4
 40
1.0
 49
0.5
 49
-0.25
 49
0.0
 49
-0.25
  0
LTYPE
  2
CONF38
 70
     0
  3
Confine 38
 72
    65
 73
     4
 40
1.0
 49
0.5
 49
-0.25
 49
0.0
 49
-0.25
  0
LTYPE
  2
CONF39
 70
     0
  3
Confine 39
 72
    65
 73
     4
 40
1.0
 49
0.5
 49
-0.25
 49
0.0
 49
-0.25
  0
LTYPE
  2
CONF40
 70
     0
  3
Confine 40
 72
    65
 73
     4
 40
1.0
 49
0.5
 49
-0.25
 49
0.0
 49
-0.25
  0
LTYPE
  2
CONF41
 70
     0
  3
Confine 41
 72
    65
 73
     4
 40
1.0
 49
0.5
 49
-0.25
 49
0.0
 49
-0.25
  0
LTYPE
  2
CONF42
 70
     0
  3
Confine 42
 72
    65
 73
     4
 40
1.0
 49
0.5
 49
-0.25
 49
0.0
 49
-0.25
  0
LTYPE
  2
CONF43
 70
     0
  3
Confine 43
 72
    65
 73
     4
 40
1.0
 49
0.5
 49
-0.25
 49
0.0
 49
-0.25
  0
LTYPE
  2
CONF44
 70
     0
  3
Confine 44
 72
    65
 73
     4
 40
1.0
 49
0.5
 49
-0.25
 49
0.0
 49
-0.25
  0
LTYPE
  2
CONF45
 70
     0
  3
Confine 45
 72
    65
 73
     4
 40
1.0
 49
0.5
 49
-0.25
 49
0.0
 49
-0.25
  0
LTYPE
  2
CONF46
 70
     0
  3
Confine 46
 72
    65
 73
     4
 40
1.0
 49
0.5
 49
-0.25
 49
0.0
 49
-0.25
  0
LTYPE
  2
CONF47
 70
     0
  3
Confine 47
 72
    65
 73
     4
 40
1.0
 49
0.5
 49
-0.25
 49
0.0
 49
-0.25
  0
LTYPE
  2
CONF48
 70
     0
  3
Confine 48
 72
    65
 73
     4
 40
1.0
 49
0.5
 49
-0.25
 49
0.0
 49
-0.25
  0
LTYPE
  2
CONF49
 70
     0
  3
Confine 49
 72
    65
 73
     4
 40
1.0
 49
0.5
 49
-0.25
 49
0.0
 49
-0.25
  0
LTYPE
  2
CONF50
 70
     0
  3
Confine 50
 72
    65
 73
     4
 40
1.0
 49
0.5
 49
-0.25
 49
0.0
 49
-0.25
  0
LTYPE
  2
CONF51
 70
     0
  3
Confine 51
 72
    65
 73
     4
 40
1.0
 49
0.5
 49
-0.25
 49
0.0
 49
-0.25
  0
LTYPE
  2
CONF52
 70
     0
  3
Confine 52
 72
    65
 73
     4
 40
1.0
 49
0.5
 49
-0.25
 49
0.0
 49
-0.25
  0
LTYPE
  2
CONF53
 70
     0
  3
Confine 53
 72
    65
 73
     4
 40
1.0
 49
0.5
 49
-0.25
 49
0.0
 49
-0.25
  0
LTYPE
  2
CONF54
 70
     0
  3
Confine 54
 72
    65
 73
     4
 40
1.0
 49
0.5
 49
-0.25
 49
0.0
 49
-0.25
  0
LTYPE
  2
CONF55
 70
     0
  3
Confine 55
 72
    65
 73
     4
 40
1.0
 49
0.5
 49
-0.25
 49
0.0
 49
-0.25
  0
LTYPE
  2
CONF56
 70
     0
  3
Confine 56
 72
    65
 73
     4
 40
1.0
 49
0.5
 49
-0.25
 49
0.0
 49
-0.25
  0
LTYPE
  2
CONF57
 70
     0
  3
Confine 57
 72
    65
 73
     4
 40
1.0
 49
0.5
 49
-0.25
 49
0.0
 49
-0.25
  0
LTYPE
  2
CONF58
 70
     0
  3
Confine 58
 72
    65
 73
     4
 40
1.0
 49
0.5
 49
-0.25
 49
0.0
 49
-0.25
  0
LTYPE
  2
CONF59
 70
     0
  3
Confine 59
 72
    65
 73
     4
 40
1.0
 49
0.5
 49
-0.25
 49
0.0
 49
-0.25
  0
LTYPE
  2
CONF60
 70
     0
  3
Confine 60
 72
    65
 73
     4
 40
1.0
 49
0.5
 49
-0.25
 49
0.0
 49
-0.25
  0
LTYPE
  2
CONF61
 70
     0
  3
Confine 61
 72
    65
 73
     4
 40
1.0
 49
0.5
 49
-0.25
 49
0.0
 49
-0.25
  0
LTYPE
  2
CONF62
 70
     0
  3
Confine 62
 72
    65
 73
     4
 40
1.0
 49
0.5
 49
-0.25
 49
0.0
 49
-0.25
  0
LTYPE
  2
CONF63
 70
     0
  3
Confine 63
 72
    65
 73
     4
 40
1.0
 49
0.5
 49
-0.25
 49
0.0
 49
-0.25
  0
LTYPE
  2
CONF64
 70
     0
  3
Confine 64
 72
    65
 73
     4
 40
1.0
 49
0.5
 49
-0.25
 49
0.0
 49
-0.25
  0
LTYPE
  2
CONF65
 70
     0
  3
Confine 65
 72
    65
 73
     4
 40
1.0
 49
0.5
 49
-0.25
 49
0.0
 49
-0.25
  0
LTYPE
  2
CONF66
 70
     0
  3
Confine 66
 72
    65
 73
     4
 40
1.0
 49
0.5
 49
-0.25
 49
0.0
 49
-0.25
  0
LTYPE
  2
CONF67
 70
     0
  3
Confine 67
 72
    65
 73
     4
 40
1.0
 49
0.5
 49
-0.25
 49
0.0
 49
-0.25
  0
LTYPE
  2
CONF68
 70
     0
  3
Confine 68
 72
    65
 73
     4
 40
1.0
 49
0.5
 49
-0.25
 49
0.0
 49
-0.25
  0
LTYPE
  2
CONF69
 70
     0
  3
Confine 69
 72
    65
 73
     4
 40
1.0
 49
0.5
 49
-0.25
 49
0.0
 49
-0.25
  0
LTYPE
  2
CONF70
 70
     0
  3
Confine 70
 72
    65
 73
     4
 40
1.0
 49
0.5
 49
-0.25
 49
0.0
 49
-0.25
  0
LTYPE
  2
CONF71
 70
     0
  3
Confine 71
 72
    65
 73
     4
 40
1.0
 49
0.5
 49
-0.25
 49
0.0
 49
-0.25
  0
LTYPE
  2
CONF72
 70
     0
  3
Confine 72
 72
    65
 73
     4
 40
1.0
 49
0.5
 49
-0.25
 49
0.0
 49
-0.25
  0
LTYPE
  2
CONF14
 70
     0
  3
Confine 14
 72
    65
 73
     4
 40
1.0
 49
0.5
 49
-0.25
 49
0.0
 49
-0.25
  0
LTYPE
  2
CONF19
 70
     0
  3
Confine 19
 72
    65
 73
     4
 40
1.0
 49
0.5
 49
-0.25
 49
0.0
 49
-0.25
  0
ENDTAB
  0
TABLE
  2
LAYER
 70
     4
  0
LAYER
  2
0
 70
     0
 62
     7
  6
CONTINUOUS
  0
LAYER
  2
PIANTA
 70
     0
 62
    -7
  6
CONTINUOUS
  0
LAYER
  2
P1
 70
     0
 62
     7
  6
CONTINUOUS
  0
LAYER
  2
-IDRICO-SANITARIO
 70
     0
 62
     4
  6
CONTINUOUS
  0
ENDTAB
  0
TABLE
  2
STYLE
 70
     3
  0
STYLE
  2
STANDARD
 70
     0
 40
0.0
 41
1.0
 50
0.0
 71
     0
 42
0.1
  3
Txt
  4

  0
STYLE
  2
ANNOTATIVE
 70
     0
 40
0.0
 41
1.0
 50
0.0
 71
     0
 42
0.2
  3
txt
  4

  0
STYLE
  2
STUDIO
 70
     0
 40
0.0
 41
1.0
 50
0.0
 71
     0
 42
2.5
  3
Txt
  4

  0
ENDTAB
  0
TABLE
  2
VIEW
 70
     0
  0
ENDTAB
  0
TABLE
  2
UCS
 70
     0
  0
ENDTAB
  0
TABLE
  2
APPID
 70
    18
  0
APPID
  2
ACAD
 70
     0
  0
APPID
  2
ACADANNOTATIVE
 70
     0
  0
APPID
  2
ACAD_PSEXT
 70
     0
  0
APPID
  2
ACAD_DSTYLE_DIMJAG
 70
     0
  0
APPID
  2
ACAD_DSTYLE_DIMTALN
 70
     0
  0
APPID
  2
ACAD_EXEMPT_FROM_CAD_STAND
 70
     0
  0
APPID
  2
ACAD_MLEADERVER
 70
     0
  0
APPID
  2
CONTENTBLOCKICON
 70
     0
  0
APPID
  2
ACAUTHENVIRON
 70
     0
  0
APPID
  2
ACDBDYNAMICBLOCKTRUENAME
 70
     0
  0
APPID
  2
ACDBDYNAMICBLOCKGUID
 70
     0
  0
APPID
  2
ACAD_NAV_VCDISPLAY
 70
     0
  0
APPID
  2
ACDBBLOCKREPETAG
 70
     0
  0
APPID
  2
ACDBATTR
 70
     0
  0
APPID
  2
ACAD_EXEMPT_FROM_CAD_STAN0
 70
     0
  0
APPID
  2
ACAD_EXEMPT_FROM_CAD_STAN1
 70
     0
  0
APPID
  2
ACAD_EXEMPT_FROM_CAD_STAN2
 70
     0
  0
APPID
  2
ACDBDYNAMICBLOCKTRUENAME2
 70
     0
  0
ENDTAB
  0
TABLE
  2
DIMSTYLE
 70
     3
  0
DIMSTYLE
  2
STANDARD
 70
     0
  3

  4

  5

  6

  7

 40
1.0
 41
0.18
 42
0.0625
 43
0.38
 44
0.18
 45
0.0
 46
0.0
 47
0.0
 48
0.0
140
0.18
141
0.09
142
0.0
143
25.4
144
1.0
145
0.0
146
1.0
147
0.09
 71
     0
 72
     0
 73
     1
 74
     1
 75
     0
 76
     0
 77
     0
 78
     0
170
     0
171
     2
172
     0
173
     0
174
     0
175
     0
176
     0
177
     0
178
     0
  0
DIMSTYLE
  2
ANNOTATIVE
 70
     0
  3

  4

  5

  6

  7

 40
1.0
 41
0.18
 42
0.0625
 43
0.38
 44
0.18
 45
0.0
 46
0.0
 47
0.0
 48
0.0
140
0.18
141
0.09
142
0.0
143
25.4
144
1.0
145
0.0
146
1.0
147
0.09
 71
     0
 72
     0
 73
     1
 74
     1
 75
     0
 76
     0
 77
     0
 78
     0
170
     0
171
     2
172
     0
173
     0
174
     0
175
     0
176
     0
177
     0
178
     0
  0
DIMSTYLE
  2
ISO-25
 70
     0
  3

  4

  5

  6

  7

 40
1.0
 41
2.5
 42
0.625
 43
3.75
 44
1.25
 45
0.0
 46
0.0
 47
0.0
 48
0.0
140
2.5
141
2.5
142
0.0
143
0.03937
144
1.0
145
0.0
146
1.0
147
0.625
 71
     0
 72
     0
 73
     0
 74
     0
 75
     0
 76
     0
 77
     1
 78
     8
170
     0
171
     3
172
     1
173
     0
174
     0
175
     0
176
     0
177
     0
178
     0
  0
ENDTAB
  0
ENDSEC
  0
SECTION
  2
BLOCKS
  0
BLOCK
  8
0
  2
$MODEL_SPACE
 70
     0
 10
0.0
 20
0.0
 30
0.0
  3
$MODEL_SPACE
  1

  0
ENDBLK
  5
E62C
  8
0
  0
BLOCK
 67
     1
  8
0
  2
$PAPER_SPACE
 70
     0
 10
0.0
 20
0.0
 30
0.0
  3
$PAPER_SPACE
  1

  0
ENDBLK
  5
E628
 67
     1
  8
0
  0
BLOCK
  8
0
  2
TABCOLORI
 70
     2
 10
0.0
 20
0.0
 30
0.0
  3
TABCOLORI
  1

  0
LINE
  5
1F9
  8
0
  6
CONTINUOUS
 62
     7
 10
0.174728
 20
0.509845
 30
0.0
 11
1.649434
 21
0.509845
 31
0.0
  0
LINE
  5
1FA
  8
0
  6
CONTINUOUS
 62
     0
 10
0.0
 20
1.026674
 30
0.0
 11
0.0
 21
0.0
 31
0.0
  0
LINE
  5
1FB
  8
0
  6
CONTINUOUS
 62
     0
 10
0.0
 20
0.0
 30
0.0
 11
5.001576999999998
 21
0.0
 31
0.0
  0
LINE
  5
1FC
  8
0
  6
CONTINUOUS
 62
     0
 10
0.0
 20
1.026674
 30
0.0
 11
5.001576999999998
 21
1.026674
 31
0.0
  0
LINE
  5
1FD
  8
0
  6
CONTINUOUS
 62
     7
 10
5.001576999999998
 20
1.026674
 30
0.0
 11
5.001576999999998
 21
0.0
 31
0.0
  0
ATTDEF
  5
1FE
  8
0
 62
     7
 10
0.159297
 20
0.7339630000000003
 30
0.0
 40
0.2
  1
*CODP*
  3
Codice parete
  2
CODP
 70
     8
  0
ATTDEF
  5
1FF
  8
0
 62
     7
 10
0.145319
 20
0.084435
 30
0.0
 40
0.2
  1
*DESCP*
  3
Descrizione parete
  2
DESCP
 70
     8
  0
ATTDEF
  5
200
  8
0
 62
     7
 10
1.731849999999995
 20
0.433644
 30
0.0
 40
0.2
  1
*NOMECOLP*
  3
Nome colore
  2
NOMECOLP
 70
     8
  0
ENDBLK
  5
85
  8
0
  0
BLOCK
  8
0
  2
NORD
 70
     0
 10
0.0
 20
0.0
 30
0.0
  3
NORD
  1

  0
LINE
  5
201
  8
0
 62
     0
 10
0.007638
 20
0.436337
 30
0.0
 11
0.007638
 21
0.8233219999999999
 31
0.0
  0
LINE
  5
202
  8
0
 62
     0
 10
-0.040735
 20
0.629829
 30
0.0
 11
-0.040735
 21
0.8476589999999999
 31
0.0
  0
LINE
  5
203
  8
0
 62
     0
 10
-0.016549
 20
0.533083
 30
0.0
 11
-0.016549
 21
0.920068
 31
0.0
  0
LINE
  5
204
  8
0
 62
     0
 10
0.031824
 20
0.339591
 30
0.0
 11
0.031824
 21
0.726575
 31
0.0
  0
LINE
  5
205
  8
0
 10
-0.404004
 20
-0.42378
 30
0.0
 11
-0.017019
 21
0.930667
 31
0.0
  0
LINE
  5
206
  8
0
 10
-0.017019
 20
0.930667
 30
0.0
 11
0.369966
 21
-0.42378
 31
0.0
  0
LINE
  5
207
  8
0
 62
     0
 10
-0.122461
 20
0.121912
 30
0.0
 11
-0.248092
 21
0.121912
 31
0.0
  0
LINE
  5
208
  8
0
 62
     0
 10
-0.164788
 20
-0.047394
 30
0.0
 11
-0.258414
 21
-0.047394
 31
0.0
  0
LINE
  5
209
  8
0
 62
     0
 10
-0.158741
 20
-0.023207
 30
0.0
 11
-0.289555
 21
-0.023207
 31
0.0
  0
LINE
  5
20A
  8
0
 62
     0
 10
-0.152695
 20
0.000979
 30
0.0
 11
-0.282644
 21
0.000979
 31
0.0
  0
LINE
  5
20B
  8
0
 62
     0
 10
-0.161668
 20
0.025166
 30
0.0
 11
-0.275733
 21
0.025166
 31
0.0
  0
LINE
  5
20C
  8
0
 62
     0
 10
-0.128508
 20
0.097725
 30
0.0
 11
-0.255002
 21
0.097725
 31
0.0
  0
LINE
  5
20D
  8
0
 62
     0
 10
-0.201068
 20
-0.192513
 30
0.0
 11
-0.258414
 21
-0.192513
 31
0.0
  0
LINE
  5
20E
  8
0
 62
     0
 10
0.12857
 20
-0.3376320000000001
 30
0.0
 11
-0.258414
 21
-0.3376320000000001
 31
0.0
  0
LINE
  5
20F
  8
0
 62
     0
 10
-0.161668
 20
-0.410192
 30
0.0
 11
-0.4001210000000003
 21
-0.410192
 31
0.0
  0
LINE
  5
210
  8
0
 62
     0
 10
0.031824
 20
-0.313446
 30
0.0
 11
-0.35516
 21
-0.313446
 31
0.0
  0
LINE
  5
211
  8
0
 62
     0
 10
-0.064922
 20
-0.289259
 30
0.0
 11
-0.365569
 21
-0.289259
 31
0.0
  0
LINE
  5
212
  8
0
 62
     0
 10
-0.161668
 20
-0.265073
 30
0.0
 11
-0.358659
 21
-0.265073
 31
0.0
  0
LINE
  5
213
  8
0
 62
     0
 10
-0.195021
 20
-0.168327
 30
0.0
 11
-0.331017
 21
-0.168327
 31
0.0
  0
LINE
  5
214
  8
0
 62
     0
 10
-0.188974
 20
-0.14414
 30
0.0
 11
-0.324106
 21
-0.14414
 31
0.0
  0
LINE
  5
215
  8
0
 62
     0
 10
-0.182928
 20
-0.119954
 30
0.0
 11
-0.317196
 21
-0.119954
 31
0.0
  0
LINE
  5
216
  8
0
 10
0.369966
 20
-0.42378
 30
0.0
 11
-0.404004
 21
-0.42378
 31
0.0
  0
CIRCLE
  5
217
  8
PIANTA
 10
-0.014471
 20
0.005332
 30
0.0
 40
0.4989293801331363
  0
LINE
  5
218
  8
0
 62
     0
 10
-0.2826010000000001
 20
-0.42378
 30
0.0
 11
-0.2826010000000001
 21
-0.3376320000000001
 31
0.0
  0
LINE
  5
219
  8
0
 62
     0
 10
-0.35516
 20
-0.42378
 30
0.0
 11
-0.35516
 21
-0.252829
 31
0.0
  0
LINE
  5
21A
  8
0
 62
     0
 10
-0.306787
 20
-0.42378
 30
0.0
 11
-0.306787
 21
-0.240886
 31
0.0
  0
LINE
  5
21B
  8
0
 62
     0
 10
-0.330974
 20
-0.42378
 30
0.0
 11
-0.330974
 21
-0.168176
 31
0.0
  0
LINE
  5
21C
  8
0
 62
     0
 10
-0.258414
 20
-0.386006
 30
0.0
 11
-0.393211
 21
-0.386006
 31
0.0
  0
LINE
  5
21D
  8
0
 62
     0
 10
-0.35516
 20
-0.361819
 30
0.0
 11
-0.386301
 21
-0.361819
 31
0.0
  0
LINE
  5
21E
  8
0
 62
     0
 10
-0.2826010000000001
 20
-0.14414
 30
0.0
 11
-0.2826010000000001
 21
0.00113
 31
0.0
  0
LINE
  5
21F
  8
0
 62
     0
 10
-0.258414
 20
-0.240886
 30
0.0
 11
-0.258414
 21
0.085783
 31
0.0
  0
LINE
  5
220
  8
0
 62
     0
 10
-0.379347
 20
-0.3376320000000001
 30
0.0
 11
-0.379347
 21
-0.337482
 31
0.0
  0
LINE
  5
221
  8
0
 62
     0
 10
-0.258414
 20
-0.240886
 30
0.0
 11
-0.351748
 21
-0.240886
 31
0.0
  0
LINE
  5
222
  8
0
 62
     0
 10
-0.258414
 20
0.049352
 30
0.0
 11
-0.268823
 21
0.049352
 31
0.0
  0
LINE
  5
223
  8
0
 62
     0
 10
-0.258414
 20
-0.095767
 30
0.0
 11
-0.310286
 21
-0.095767
 31
0.0
  0
LINE
  5
224
  8
0
 62
     0
 10
0.152757
 20
-0.42378
 30
0.0
 11
0.152757
 21
-0.3376320000000001
 31
0.0
  0
LINE
  5
225
  8
0
 62
     0
 10
0.27369
 20
-0.42378
 30
0.0
 11
0.27369
 21
-0.240886
 31
0.0
  0
LINE
  5
226
  8
0
 62
     0
 10
0.297876
 20
-0.42378
 30
0.0
 11
0.297876
 21
-0.3376320000000001
 31
0.0
  0
LINE
  5
227
  8
0
 62
     0
 10
0.007638
 20
-0.42378
 30
0.0
 11
0.007638
 21
-0.3376320000000001
 31
0.0
  0
LINE
  5
228
  8
0
 62
     0
 10
0.080197
 20
-0.42378
 30
0.0
 11
0.080197
 21
-0.230287
 31
0.0
  0
LINE
  5
229
  8
0
 62
     0
 10
0.104384
 20
-0.42378
 30
0.0
 11
0.104384
 21
-0.230287
 31
0.0
  0
LINE
  5
22A
  8
0
 62
     0
 10
0.12857
 20
-0.42378
 30
0.0
 11
0.12857
 21
-0.240886
 31
0.0
  0
LINE
  5
22B
  8
0
 62
     0
 10
-0.137482
 20
-0.42378
 30
0.0
 11
-0.137482
 21
-0.3376320000000001
 31
0.0
  0
LINE
  5
22C
  8
0
 62
     0
 10
-0.064922
 20
-0.42378
 30
0.0
 11
-0.064922
 21
-0.230287
 31
0.0
  0
LINE
  5
22D
  8
0
 62
     0
 10
-0.040735
 20
-0.42378
 30
0.0
 11
-0.040735
 21
-0.230287
 31
0.0
  0
LINE
  5
22E
  8
0
 62
     0
 10
-0.016549
 20
-0.42378
 30
0.0
 11
-0.016549
 21
-0.240886
 31
0.0
  0
LINE
  5
22F
  8
0
 62
     0
 10
-0.210041
 20
-0.42378
 30
0.0
 11
-0.210041
 21
-0.230287
 31
0.0
  0
LINE
  5
230
  8
0
 62
     0
 10
-0.185855
 20
-0.42378
 30
0.0
 11
-0.185855
 21
-0.230287
 31
0.0
  0
LINE
  5
231
  8
0
 62
     0
 10
-0.161668
 20
-0.42378
 30
0.0
 11
-0.161668
 21
-0.240886
 31
0.0
  0
LINE
  5
232
  8
0
 62
     0
 10
0.225317
 20
-0.42378
 30
0.0
 11
0.225317
 21
-0.047394
 31
0.0
  0
LINE
  5
233
  8
0
 62
     0
 10
0.249503
 20
-0.42378
 30
0.0
 11
0.249503
 21
-0.14414
 31
0.0
  0
LINE
  5
234
  8
0
 62
     0
 10
0.366083
 20
-0.410192
 30
0.0
 11
0.031824
 21
-0.410192
 31
0.0
  0
LINE
  5
235
  8
0
 62
     0
 10
0.225317
 20
-0.361819
 30
0.0
 11
-0.161668
 21
-0.361819
 31
0.0
  0
LINE
  5
236
  8
0
 62
     0
 10
0.322063
 20
-0.386006
 30
0.0
 11
-0.064922
 21
-0.386006
 31
0.0
  0
LINE
  5
237
  8
0
 62
     0
 10
0.12857
 20
-0.041671
 30
0.0
 11
0.12857
 21
0.339591
 31
0.0
  0
LINE
  5
238
  8
0
 62
     0
 10
0.152757
 20
-0.136905
 30
0.0
 11
0.152757
 21
0.242845
 31
0.0
  0
LINE
  5
239
  8
0
 62
     0
 10
-0.185855
 20
0.049352
 30
0.0
 11
-0.185855
 21
0.339741
 31
0.0
  0
LINE
  5
23A
  8
0
 62
     0
 10
-0.161668
 20
-0.034915
 30
0.0
 11
-0.161668
 21
0.339591
 31
0.0
  0
LINE
  5
23B
  8
0
 62
     0
 10
-0.137482
 20
0.061831
 30
0.0
 11
-0.137482
 21
0.242845
 31
0.0
  0
LINE
  5
23C
  8
0
 62
     0
 10
0.176944
 20
-0.240886
 30
0.0
 11
0.176944
 21
0.146098
 31
0.0
  0
LINE
  5
23D
  8
0
 62
     0
 10
0.104384
 20
0.053562
 30
0.0
 11
0.104384
 21
0.436337
 31
0.0
  0
LINE
  5
23E
  8
0
 10
-0.017502
 20
0.5334810000000001
 30
0.0
 11
0.176473
 21
-0.230288
 31
0.0
  0
LINE
  5
23F
  8
0
 10
-0.210511
 20
-0.230288
 30
0.0
 11
-0.017019
 21
0.543682
 31
0.0
  0
LINE
  5
240
  8
0
 10
0.176473
 20
-0.230288
 30
0.0
 11
-0.210511
 21
-0.230288
 31
0.0
  0
LINE
  5
241
  8
0
 62
     0
 10
0.324621
 20
-0.265073
 30
0.0
 11
0.031824
 21
-0.265073
 31
0.0
  0
LINE
  5
242
  8
0
 62
     0
 10
0.31771
 20
-0.240886
 30
0.0
 11
-0.064922
 21
-0.240886
 31
0.0
  0
LINE
  5
243
  8
0
 62
     0
 10
-0.234228
 20
-0.3376320000000001
 30
0.0
 11
-0.234228
 21
0.049352
 31
0.0
  0
LINE
  5
244
  8
0
 62
     0
 10
-0.210041
 20
-0.228407
 30
0.0
 11
-0.210041
 21
-0.047394
 31
0.0
  0
LINE
  5
245
  8
0
 62
     0
 10
-0.113295
 20
-0.240886
 30
0.0
 11
-0.113295
 21
-0.230287
 31
0.0
  0
LINE
  5
246
  8
0
 62
     0
 10
0.031824
 20
-0.240886
 30
0.0
 11
0.031824
 21
-0.230287
 31
0.0
  0
LINE
  5
247
  8
0
 62
     0
 10
0.056011
 20
-0.3376320000000001
 30
0.0
 11
0.056011
 21
-0.230287
 31
0.0
  0
LINE
  5
248
  8
0
 62
     0
 10
-0.089108
 20
-0.3376320000000001
 30
0.0
 11
-0.089108
 21
-0.230287
 31
0.0
  0
LINE
  5
249
  8
0
 62
     0
 10
-0.134555
 20
0.073539
 30
0.0
 11
-0.161668
 21
0.073539
 31
0.0
  0
LINE
  5
24A
  8
0
 62
     0
 10
0.20113
 20
-0.3376320000000001
 30
0.0
 11
0.20113
 21
0.049352
 31
0.0
  0
LINE
  5
24B
  8
0
 62
     0
 10
0.290069
 20
-0.14414
 30
0.0
 11
0.154594
 21
-0.14414
 31
0.0
  0
LINE
  5
24C
  8
0
 62
     0
 10
0.283158
 20
-0.119954
 30
0.0
 11
0.148452
 21
-0.119954
 31
0.0
  0
LINE
  5
24D
  8
0
 62
     0
 10
0.225317
 20
-0.2167
 30
0.0
 11
0.173023
 21
-0.2167
 31
0.0
  0
LINE
  5
24E
  8
0
 62
     0
 10
0.331532
 20
-0.289259
 30
0.0
 11
0.12857
 21
-0.289259
 31
0.0
  0
LINE
  5
24F
  8
0
 62
     0
 10
0.345352
 20
-0.3376320000000001
 30
0.0
 11
0.322063
 21
-0.3376320000000001
 31
0.0
  0
LINE
  5
250
  8
0
 62
     0
 10
0.296979
 20
-0.168327
 30
0.0
 11
0.225317
 21
-0.168327
 31
0.0
  0
LINE
  5
251
  8
0
 62
     0
 10
0.338442
 20
-0.313446
 30
0.0
 11
0.225317
 21
-0.313446
 31
0.0
  0
LINE
  5
252
  8
0
 62
     0
 10
0.276248
 20
-0.095767
 30
0.0
 11
0.142309
 21
-0.095767
 31
0.0
  0
LINE
  5
253
  8
0
 62
     0
 10
0.225317
 20
-0.07158
 30
0.0
 11
0.136167
 21
-0.07158
 31
0.0
  0
LINE
  5
254
  8
0
 62
     0
 10
0.248606
 20
0.000979
 30
0.0
 11
0.12857
 21
0.000979
 31
0.0
  0
LINE
  5
255
  8
0
 62
     0
 10
0.241696
 20
0.025166
 30
0.0
 11
0.111596
 21
0.025166
 31
0.0
  0
LINE
  5
256
  8
0
 62
     0
 10
0.234785
 20
0.049352
 30
0.0
 11
0.105453
 21
0.049352
 31
0.0
  0
LINE
  5
257
  8
0
 62
     0
 10
0.225317
 20
0.073539
 30
0.0
 11
0.099311
 21
0.073539
 31
0.0
  0
LINE
  5
258
  8
0
 62
     0
 10
0.12857
 20
0.097725
 30
0.0
 11
0.093168
 21
0.097725
 31
0.0
  0
LINE
  5
259
  8
0
 62
     0
 10
0.255517
 20
-0.023207
 30
0.0
 11
0.225317
 21
-0.023207
 31
0.0
  0
LINE
  5
25A
  8
0
 62
     0
 10
0.117308
 20
0.460523
 30
0.0
 11
0.031824
 21
0.460523
 31
0.0
  0
LINE
  5
25B
  8
0
 62
     0
 10
0.075845
 20
0.6056430000000002
 30
0.0
 11
0.031824
 21
0.6056430000000002
 31
0.0
  0
LINE
  5
25C
  8
0
 62
     0
 10
0.110397
 20
0.4847100000000001
 30
0.0
 11
-0.005115
 21
0.4847100000000001
 31
0.0
  0
LINE
  5
25D
  8
0
 62
     0
 10
0.103487
 20
0.5088970000000002
 30
0.0
 11
-0.011258
 21
0.5088970000000002
 31
0.0
  0
LINE
  5
25E
  8
0
 62
     0
 10
0.096576
 20
0.533083
 30
0.0
 11
-0.017401
 21
0.533083
 31
0.0
  0
LINE
  5
25F
  8
0
 62
     0
 10
0.068935
 20
0.629829
 30
0.0
 11
-0.064922
 21
0.629829
 31
0.0
  0
LINE
  5
260
  8
0
 62
     0
 10
0.12857
 20
0.242845
 30
0.0
 11
0.056312
 21
0.242845
 31
0.0
  0
LINE
  5
261
  8
0
 62
     0
 10
0.14495
 20
0.363777
 30
0.0
 11
0.025598
 21
0.363777
 31
0.0
  0
LINE
  5
262
  8
0
 62
     0
 10
0.12857
 20
0.387964
 30
0.0
 11
0.019455
 21
0.387964
 31
0.0
  0
LINE
  5
263
  8
0
 62
     0
 10
0.15877
 20
0.315404
 30
0.0
 11
0.037884
 21
0.315404
 31
0.0
  0
LINE
  5
264
  8
0
 62
     0
 10
0.15186
 20
0.339591
 30
0.0
 11
0.031741
 21
0.339591
 31
0.0
  0
LINE
  5
265
  8
0
 62
     0
 10
-0.113295
 20
0.339591
 30
0.0
 11
-0.113295
 21
0.5937000000000002
 31
0.0
  0
LINE
  5
266
  8
0
 62
     0
 10
-0.089108
 20
0.255324
 30
0.0
 11
-0.089108
 21
0.629829
 31
0.0
  0
LINE
  5
267
  8
0
 62
     0
 10
-0.064922
 20
0.35207
 30
0.0
 11
-0.064922
 21
0.533083
 31
0.0
  0
LINE
  5
268
  8
0
 62
     0
 10
0.056011
 20
0.244029
 30
0.0
 11
0.056011
 21
0.629829
 31
0.0
  0
LINE
  5
269
  8
0
 62
     0
 10
-0.086182
 20
0.267031
 30
0.0
 11
-0.206629
 21
0.267031
 31
0.0
  0
LINE
  5
26A
  8
0
 62
     0
 10
-0.080135
 20
0.291218
 30
0.0
 11
-0.199719
 21
0.291218
 31
0.0
  0
LINE
  5
26B
  8
0
 62
     0
 10
-0.061995
 20
0.363777
 30
0.0
 11
-0.161668
 21
0.363777
 31
0.0
  0
LINE
  5
26C
  8
0
 62
     0
 10
-0.055948
 20
0.387964
 30
0.0
 11
-0.172077
 21
0.387964
 31
0.0
  0
LINE
  5
26D
  8
0
 62
     0
 10
-0.210041
 20
0.146098
 30
0.0
 11
-0.210041
 21
0.255088
 31
0.0
  0
LINE
  5
26E
  8
0
 62
     0
 10
-0.161668
 20
0.170285
 30
0.0
 11
-0.234271
 21
0.170285
 31
0.0
  0
LINE
  5
26F
  8
0
 62
     0
 10
-0.161668
 20
0.315404
 30
0.0
 11
-0.192808
 21
0.315404
 31
0.0
  0
LINE
  5
270
  8
0
 62
     0
 10
-0.116415
 20
0.146098
 30
0.0
 11
-0.241181
 21
0.146098
 31
0.0
  0
LINE
  5
271
  8
0
 62
     0
 10
-0.098275
 20
0.218658
 30
0.0
 11
-0.161668
 21
0.218658
 31
0.0
  0
LINE
  5
272
  8
0
 62
     0
 10
-0.092228
 20
0.242845
 30
0.0
 11
-0.213539
 21
0.242845
 31
0.0
  0
LINE
  5
273
  8
0
 62
     0
 10
-0.025715
 20
0.5088970000000002
 30
0.0
 11
-0.137524
 21
0.5088970000000002
 31
0.0
  0
LINE
  5
274
  8
0
 62
     0
 10
-0.019669
 20
0.533083
 30
0.0
 11
-0.130614
 21
0.533083
 31
0.0
  0
LINE
  5
275
  8
0
 62
     0
 10
-0.064922
 20
0.5814560000000001
 30
0.0
 11
-0.116793
 21
0.5814560000000001
 31
0.0
  0
LINE
  5
276
  8
0
 62
     0
 10
-0.049902
 20
0.4121500000000001
 30
0.0
 11
-0.165166
 21
0.4121500000000001
 31
0.0
  0
LINE
  5
277
  8
0
 62
     0
 10
-0.064922
 20
0.436337
 30
0.0
 11
-0.158256
 21
0.436337
 31
0.0
  0
LINE
  5
278
  8
0
 62
     0
 10
0.031824
 20
0.55727
 30
0.0
 11
-0.123704
 21
0.55727
 31
0.0
  0
LINE
  5
279
  8
0
 62
     0
 10
-0.137482
 20
0.436337
 30
0.0
 11
-0.137482
 21
0.509047
 31
0.0
  0
LINE
  5
27A
  8
0
 62
     0
 10
0.031824
 20
0.4121500000000001
 30
0.0
 11
0.013313
 21
0.4121500000000001
 31
0.0
  0
LINE
  5
27B
  8
0
 62
     0
 10
-0.031762
 20
0.4847100000000001
 30
0.0
 11
-0.064922
 21
0.4847100000000001
 31
0.0
  0
LINE
  5
27C
  8
0
 62
     0
 10
0.080197
 20
0.148796
 30
0.0
 11
0.080197
 21
0.533083
 31
0.0
  0
LINE
  5
27D
  8
0
 62
     0
 10
0.207143
 20
0.146098
 30
0.0
 11
0.12857
 21
0.146098
 31
0.0
  0
LINE
  5
27E
  8
0
 62
     0
 10
0.200233
 20
0.170285
 30
0.0
 11
0.07474
 21
0.170285
 31
0.0
  0
LINE
  5
27F
  8
0
 62
     0
 10
0.193323
 20
0.194471
 30
0.0
 11
0.068597
 21
0.194471
 31
0.0
  0
LINE
  5
280
  8
0
 62
     0
 10
0.186412
 20
0.218658
 30
0.0
 11
0.062454
 21
0.218658
 31
0.0
  0
LINE
  5
281
  8
0
 62
     0
 10
0.165681
 20
0.291218
 30
0.0
 11
0.12857
 21
0.291218
 31
0.0
  0
TEXT
  5
282
  8
PIANTA
 10
0.159101
 20
0.686342
 30
0.0
 40
0.3869849999999999
  1
N
  0
LINE
  5
283
  8
0
 62
     0
 10
0.062024
 20
0.654016
 30
0.0
 11
-0.096062
 21
0.654016
 31
0.0
  0
LINE
  5
284
  8
0
 62
     0
 10
0.034382
 20
0.7507620000000002
 30
0.0
 11
0.031824
 21
0.7507620000000002
 31
0.0
  0
LINE
  5
285
  8
0
 62
     0
 10
-0.064922
 20
0.726575
 30
0.0
 11
-0.064922
 21
0.7630060000000001
 31
0.0
  0
LINE
  5
286
  8
0
 62
     0
 10
-0.064922
 20
0.726575
 30
0.0
 11
-0.075331
 21
0.726575
 31
0.0
  0
LINE
  5
287
  8
0
 62
     0
 10
0.055114
 20
0.6782020000000001
 30
0.0
 11
-0.089151
 21
0.6782020000000001
 31
0.0
  0
LINE
  5
288
  8
0
 62
     0
 10
0.031824
 20
0.7023890000000002
 30
0.0
 11
-0.082241
 21
0.7023890000000002
 31
0.0
  0
LINE
  5
289
  8
0
 62
     0
 10
0.027472
 20
0.774949
 30
0.0
 11
-0.06151
 21
0.774949
 31
0.0
  0
LINE
  5
28A
  8
0
 62
     0
 10
0.020561
 20
0.7991350000000002
 30
0.0
 11
-0.054599
 21
0.7991350000000002
 31
0.0
  0
LINE
  5
28B
  8
0
 62
     0
 10
0.013651
 20
0.8233219999999999
 30
0.0
 11
-0.047689
 21
0.8233219999999999
 31
0.0
  0
LINE
  5
28C
  8
0
 62
     0
 10
0.006741
 20
0.847508
 30
0.0
 11
-0.040778
 21
0.847508
 31
0.0
  0
LINE
  5
28D
  8
0
 62
     0
 10
-0.013991
 20
0.920068
 30
0.0
 11
-0.020047
 21
0.920068
 31
0.0
  0
ENDBLK
  5
88
  8
0
  0
BLOCK
  8
0
  2
PON
 70
     2
 10
10.9387
 20
6.248199999999997
 30
0.0
  3
PON
  1

  0
LINE
  5
296
  8
0
 62
     0
 10
10.94156
 20
6.454919
 30
0.0
 11
10.75512
 21
6.319462999999998
 31
0.0
  0
LINE
  5
297
  8
0
 62
     0
 10
10.673552
 20
6.171803999999997
 30
0.0
 11
10.94156
 21
5.977084999999997
 31
0.0
  0
LINE
  5
298
  8
0
 62
     0
 10
10.775922
 20
6.486864999999997
 30
0.0
 11
10.673552
 21
6.171803999999997
 31
0.0
  0
LINE
  5
299
  8
0
 62
     0
 10
10.75512
 20
6.319462999999998
 30
0.0
 11
10.826333
 21
6.10029
 31
0.0
  0
LINE
  5
29A
  8
0
 62
     0
 10
11.209567
 20
6.171803999999997
 30
0.0
 11
11.107197
 21
6.486864999999997
 31
0.0
  0
LINE
  5
29B
  8
0
 62
     0
 10
10.94156
 20
5.977084999999997
 30
0.0
 11
11.209567
 21
6.171803999999997
 31
0.0
  0
LINE
  5
29C
  8
0
 62
     0
 10
10.826333
 20
6.10029
 30
0.0
 11
11.056786
 21
6.10029
 31
0.0
  0
LINE
  5
29D
  8
0
 62
     0
 10
11.107197
 20
6.486864999999997
 30
0.0
 11
10.775922
 21
6.486864999999997
 31
0.0
  0
LINE
  5
29E
  8
0
 62
     0
 10
11.128
 20
6.319462999999998
 30
0.0
 11
10.94156
 21
6.454919
 31
0.0
  0
LINE
  5
29F
  8
0
 62
     0
 10
11.056786
 20
6.10029
 30
0.0
 11
11.128
 21
6.319462999999998
 31
0.0
  0
ATTDEF
  5
2A0
  8
0
  6
CONTINUOUS
 62
     0
 10
10.20829333333333
 20
6.735337999999996
 30
0.0
 40
0.2
  1
*COD*
 72
     1
 11
10.67496
 21
6.735337999999996
 31
0.0
  3
Tipo ponte
  2
TIPO
 70
     8
  0
ATTDEF
  5
2A1
  8
0
  6
CONTINUOUS
 62
     0
 10
10.87489333333333
 20
5.659100999999997
 30
0.0
 40
0.2
  1
*L*
 72
     1
 11
11.14156
 21
5.659100999999997
 31
0.0
  3
Lunghezza ponte
  2
LUNG
 70
     8
  0
ENDBLK
  5
8E
  8
0
  0
BLOCK
  8
0
  2
ALLINEA
 70
     0
 10
0.0
 20
0.0
 30
0.0
  3
ALLINEA
  1

  0
CIRCLE
  5
2A2
  8
P1
 10
0.0
 20
0.0
 30
0.0
 40
0.3156809218774015
  0
LINE
  5
2A3
  8
P1
 10
0.0
 20
0.5718449999999999
 30
0.0
 11
0.0
 21
-0.592609
 31
0.0
  0
LINE
  5
2A4
  8
P1
 10
-0.5761490000000001
 20
0.0
 30
0.0
 11
0.566655
 21
0.0
 31
0.0
  0
CIRCLE
  5
2A5
  8
P1
 10
0.0
 20
0.0
 30
0.0
 40
0.4770413096948687
  0
ENDBLK
  5
91
  8
0
  0
BLOCK
  8
0
  2
IRETED
 70
     2
 10
0.0
 20
0.0
 30
0.0
  3
IRETED
  1

  0
LINE
  5
8BB
  8
0
  6
CONTINUOUS
 62
     7
 10
0.0
 20
-0.039717
 30
0.0
 11
0.0
 21
0.212563
 31
0.0
  0
CIRCLE
  5
8BC
  8
0
  6
CONTINUOUS
 62
     7
 10
-0.179613
 20
0.159013
 30
0.0
 40
0.0999800569573096
  0
LINE
  5
8BD
  8
0
  6
CONTINUOUS
 62
     7
 10
-0.6278050000000001
 20
0.286141
 30
0.0
 11
-0.331308
 21
0.286141
 31
0.0
  0
LINE
  5
8BE
  8
0
  6
CONTINUOUS
 62
     7
 10
-0.6278050000000001
 20
0.031886
 30
0.0
 11
-0.331308
 21
0.031886
 31
0.0
  0
LINE
  5
8BF
  8
0
  6
CONTINUOUS
 62
     7
 10
-0.331308
 20
0.286141
 30
0.0
 11
-0.331308
 21
0.031886
 31
0.0
  0
LINE
  5
8C0
  8
0
  6
CONTINUOUS
 62
     7
 10
-0.6278050000000001
 20
0.286141
 30
0.0
 11
-0.6278050000000001
 21
0.031886
 31
0.0
  0
LINE
  5
8C1
  8
0
  6
CONTINUOUS
 62
     7
 10
-0.279593
 20
0.159013
 30
0.0
 11
-0.149148
 21
0.254239
 31
0.0
  0
LINE
  5
8C2
  8
0
  6
CONTINUOUS
 62
     7
 10
-0.279593
 20
0.159013
 30
0.0
 11
-0.149148
 21
0.063788
 31
0.0
  0
LINE
  5
8C3
  8
0
  6
CONTINUOUS
 62
     7
 10
-0.149148
 20
0.063788
 30
0.0
 11
-0.149148
 21
0.254239
 31
0.0
  0
LINE
  5
8C4
  8
0
  6
CONTINUOUS
 62
     1
 10
0.0
 20
0.0
 30
0.0
 11
-0.4328350000000001
 21
0.0
 31
0.0
  0
LINE
  5
8C5
  8
0
  6
CONTINUOUS
 62
     1
 10
-0.4845140000000001
 20
0.075456
 30
0.0
 11
-0.530398
 21
0.075456
 31
0.0
  0
LINE
  5
8C6
  8
0
  6
CONTINUOUS
 62
     1
 10
-0.530398
 20
0.075456
 30
0.0
 11
-0.547802
 21
0.133953
 31
0.0
  0
LINE
  5
8C7
  8
0
  6
CONTINUOUS
 62
     1
 10
-0.547802
 20
0.133953
 30
0.0
 11
-0.54622
 21
0.198775
 31
0.0
  0
LINE
  5
8C8
  8
0
  6
CONTINUOUS
 62
     1
 10
-0.54622
 20
0.198775
 30
0.0
 11
-0.527233
 21
0.182965
 31
0.0
  0
LINE
  5
8C9
  8
0
  6
CONTINUOUS
 62
     1
 10
-0.527233
 20
0.182965
 30
0.0
 11
-0.5035
 21
0.247787
 31
0.0
  0
LINE
  5
8CA
  8
0
  6
CONTINUOUS
 62
     1
 10
-0.5035
 20
0.247787
 30
0.0
 11
-0.490843
 21
0.220909
 31
0.0
  0
LINE
  5
8CB
  8
0
  6
CONTINUOUS
 62
     2
 10
-0.5035
 20
0.110238
 30
0.0
 11
-0.514576
 21
0.151345
 31
0.0
  0
LINE
  5
8CC
  8
0
  6
CONTINUOUS
 62
     2
 10
-0.514576
 20
0.151345
 30
0.0
 11
-0.4845140000000001
 21
0.188316
 31
0.0
  0
LINE
  5
8CD
  8
0
  6
CONTINUOUS
 62
     1
 10
-0.4845140000000001
 20
0.075456
 30
0.0
 11
-0.4386300000000001
 21
0.075456
 31
0.0
  0
LINE
  5
8CE
  8
0
  6
CONTINUOUS
 62
     1
 10
-0.4386300000000001
 20
0.075456
 30
0.0
 11
-0.4212260000000001
 21
0.133953
 31
0.0
  0
LINE
  5
8CF
  8
0
  6
CONTINUOUS
 62
     1
 10
-0.4212260000000001
 20
0.133953
 30
0.0
 11
-0.4228080000000001
 21
0.198775
 31
0.0
  0
LINE
  5
8D0
  8
0
  6
CONTINUOUS
 62
     1
 10
-0.4228080000000001
 20
0.198775
 30
0.0
 11
-0.441794
 21
0.182965
 31
0.0
  0
LINE
  5
8D1
  8
0
  6
CONTINUOUS
 62
     1
 10
-0.441794
 20
0.182965
 30
0.0
 11
-0.465527
 21
0.247787
 31
0.0
  0
LINE
  5
8D2
  8
0
  6
CONTINUOUS
 62
     1
 10
-0.465527
 20
0.247787
 30
0.0
 11
-0.4781850000000001
 21
0.220909
 31
0.0
  0
LINE
  5
8D3
  8
0
  6
CONTINUOUS
 62
     2
 10
-0.5035
 20
0.110238
 30
0.0
 11
-0.465527
 21
0.110238
 31
0.0
  0
LINE
  5
8D4
  8
0
  6
CONTINUOUS
 62
     2
 10
-0.465527
 20
0.110238
 30
0.0
 11
-0.4544520000000001
 21
0.151345
 31
0.0
  0
LINE
  5
8D5
  8
0
  6
CONTINUOUS
 62
     2
 10
-0.4544520000000001
 20
0.151345
 30
0.0
 11
-0.4845140000000001
 21
0.188316
 31
0.0
  0
LINE
  5
8D6
  8
0
  6
CONTINUOUS
 62
     7
 10
0.0
 20
-0.039717
 30
0.0
 11
-0.4626070000000003
 21
-0.039717
 31
0.0
  0
LINE
  5
8D7
  8
0
  6
CONTINUOUS
 62
     7
 10
0.0
 20
-0.039717
 30
0.0
 11
0.0
 21
0.360283
 31
0.0
  0
LINE
  5
8D8
  8
0
  6
CONTINUOUS
 62
     7
 10
0.0
 20
-0.039717
 30
0.0
 11
-0.7
 21
-0.039717
 31
0.0
  0
LINE
  5
8D9
  8
0
  6
CONTINUOUS
 62
     7
 10
0.0
 20
0.360283
 30
0.0
 11
-0.7
 21
0.360283
 31
0.0
  0
LINE
  5
8DA
  8
0
  6
CONTINUOUS
 62
     7
 10
-0.7
 20
-0.039717
 30
0.0
 11
-0.7
 21
0.360283
 31
0.0
  0
LINE
  5
8DB
  8
0
  6
CONTINUOUS
 62
     5
 10
0.0
 20
0.1
 30
0.0
 11
-0.033833
 21
0.1
 31
0.0
  0
LINE
  5
8DC
  8
0
  6
CONTINUOUS
 62
     1
 10
-0.4328350000000001
 20
0.0
 30
0.0
 11
-0.668117
 21
0.0
 31
0.0
  0
LINE
  5
8DD
  8
0
  6
CONTINUOUS
 62
     1
 10
-0.668117
 20
0.0
 30
0.0
 11
-0.668117
 21
0.150399
 31
0.0
  0
LINE
  5
8DE
  8
0
  6
CONTINUOUS
 62
     1
 10
-0.6278050000000001
 20
0.150399
 30
0.0
 11
-0.668117
 21
0.150399
 31
0.0
  0
LINE
  5
8DF
  8
0
  6
CONTINUOUS
 62
     5
 10
-0.331308
 20
0.159013
 30
0.0
 11
-0.279593
 21
0.159013
 31
0.0
  0
LINE
  5
8E0
  8
0
  6
CONTINUOUS
 62
     5
 10
-0.079633
 20
0.159013
 30
0.0
 11
-0.033833
 21
0.159013
 31
0.0
  0
LINE
  5
8E1
  8
0
  6
CONTINUOUS
 62
     5
 10
-0.033833
 20
0.159013
 30
0.0
 11
-0.033833
 21
0.1
 31
0.0
  0
CIRCLE
  5
8E2
  8
0
  6
CONTINUOUS
 62
     7
 10
0.0
 20
0.0
 30
0.0
 40
0.023
  0
ATTDEF
  5
8E3
  8
0
 10
-8.197631666666659
 20
-0.11607
 30
0.0
 40
0.2
  1
*CODICE*
 72
     2
 11
-6.730964999999993
 21
-0.11607
 31
0.0
  3
Codice rete
  2
CODICE
 70
     8
  0
ATTDEF
  5
8E4
  8
0
 10
-8.518830666666666
 20
0.265084
 30
0.0
 40
0.2
  1
*TIPORETE*
 72
     2
 11
-6.652163999999999
 21
0.265084
 31
0.0
  3
Tipo rete
  2
TIPORETE
 70
     8
  0
ENDBLK
  5
97
  8
0
  0
BLOCK
  8
0
  2
RIFEST
 70
     0
 10
0.0
 20
0.0
 30
0.0
  3
RIFEST
  1

  0
ENDBLK
  5
9A
  8
0
  0
BLOCK
  8
0
  2
QUOTA
 70
     2
 10
0.0
 20
0.0
 30
0.0
  3
QUOTA
  1

  0
LINE
  5
8ED
  8
0
  6
CONTINUOUS
 62
     7
 10
0.0
 20
0.0
 30
0.0
 11
0.29841
 21
0.0
 31
0.0
  0
ATTDEF
  5
8EE
  8
0
  6
CONTINUOUS
 62
     7
 10
0.034266
 20
0.041155
 30
0.0
 40
0.15
  1
Diametro assente
  3
Diamentro
  2
DIAM
 70
     8
  0
ATTDEF
  5
8EF
  8
0
  6
CONTINUOUS
 62
     7
 10
0.024652
 20
-0.187561
 30
0.0
 40
0.15
  1
Numero assente
  3
Codice ramo
  2
CODTR
 70
     8
  0
ENDBLK
  5
A0
  8
0
  0
BLOCK
  8
0
  2
RIMRETED
 70
     2
 10
0.0
 20
0.0
 30
0.0
  3
RIMRETED
  1

  0
LINE
  5
8F0
  8
0
 10
-1.488103
 20
0.271449
 30
0.0
 11
-0.180407
 21
0.271449
 31
0.0
  0
LINE
  5
8F1
  8
0
 10
-0.180407
 20
0.0
 30
0.0
 11
-1.501740999999999
 21
0.0
 31
0.0
  0
LINE
  5
8F2
  8
0
 10
-0.180407
 20
0.271449
 30
0.0
 11
-0.180407
 21
0.0
 31
0.0
  0
LINE
  5
8F3
  8
0
  6
CONTINUOUS
 62
     7
 10
-1.641089999999999
 20
0.135724
 30
0.0
 11
-1.488103
 21
0.271449
 31
0.0
  0
LINE
  5
8F4
  8
0
  6
CONTINUOUS
 62
     7
 10
-1.641089999999999
 20
0.135724
 30
0.0
 11
-1.501740999999999
 21
0.0
 31
0.0
  0
LINE
  5
8F5
  8
0
  6
CONTINUOUS
 62
     7
 10
0.0
 20
0.0
 30
0.0
 11
0.0
 21
0.0
 31
0.0
  0
LINE
  5
8F6
  8
0
  6
CONTINUOUS
 62
     7
 10
-0.180407
 20
0.0
 30
0.0
 11
0.0
 21
0.0
 31
0.0
  0
ATTDEF
  5
8F7
  8
0
  6
CONTINUOUS
 62
     7
 10
8.006030999999998
 20
0.8037869999999999
 30
0.0
 40
0.15
  1
*NC*
 72
     2
 11
8.556030999999999
 21
0.8037869999999999
 31
0.0
  3
Perdite localizzate (Numero)
  2
NUM-PERD
 70
     9
  0
ATTDEF
  5
8F8
  8
0
  6
CONTINUOUS
 62
     7
 10
-1.675187999999999
 20
0.633071
 30
0.0
 40
0.15
  1
*TC*
  3
Perdite localizzate ( Cod )
  2
COD-PERD
 70
     9
  0
ATTDEF
  5
8F9
  8
0
  6
CONTINUOUS
 62
     7
 10
-1.775239999999999
 20
0.4284320000000001
 30
0.0
 40
0.15
  1
*L*
  3
Lunghezza
  2
LUNGHEZZA
 70
     9
  0
ATTDEF
  5
8FA
  8
0
 10
-1.269349
 20
0.069636
 30
0.0
 40
0.15
  1
*CODICE*
  3
Codice rete
  2
CODICE
 70
     8
  0
ENDBLK
  5
A3
  8
0
  0
BLOCK
  8
0
  2
RIPRETES
 70
     2
 10
0.0
 20
0.0
 30
0.0
  3
RIPRETES
  1

  0
LINE
  5
8FB
  8
0
 10
0.100433
 20
-0.175
 30
0.0
 11
1.386249
 21
-0.175
 31
0.0
  0
LINE
  5
8FC
  8
0
  6
CONTINUOUS
 62
     7
 10
-0.029758
 20
-0.15
 30
0.0
 11
-0.029758
 21
-0.15
 31
0.0
  0
LINE
  5
8FD
  8
0
  6
CONTINUOUS
 62
     7
 10
0.100433
 20
0.075
 30
0.0
 11
1.386249
 21
0.075
 31
0.0
  0
LINE
  5
8FE
  8
0
  6
CONTINUOUS
 62
     7
 10
1.386249
 20
0.075
 30
0.0
 11
1.247462999999997
 21
-0.05
 31
0.0
  0
LINE
  5
8FF
  8
0
  6
CONTINUOUS
 62
     7
 10
1.386249
 20
-0.175
 30
0.0
 11
1.247462999999997
 21
-0.05
 31
0.0
  0
LINE
  5
900
  8
0
  6
CONTINUOUS
 62
     7
 10
0.100433
 20
-0.1
 30
0.0
 11
0.0
 21
-0.1
 31
0.0
  0
LINE
  5
901
  8
0
  6
CONTINUOUS
 62
     7
 10
0.100433
 20
0.0
 30
0.0
 11
0.0
 21
0.0
 31
0.0
  0
LINE
  5
902
  8
0
  6
CONTINUOUS
 62
     7
 10
0.100433
 20
0.075
 30
0.0
 11
0.100433
 21
-0.175
 31
0.0
  0
CIRCLE
  5
903
  8
0
  6
CONTINUOUS
 62
     7
 10
0.0
 20
0.0
 30
0.0
 40
0.025
  0
ATTDEF
  5
904
  8
0
 10
0.163833
 20
-0.124524
 30
0.0
 40
0.15
  1
*CODICE*
  3
Codice rete
  2
CODICE
 70
     8
  0
ENDBLK
  5
A6
  8
0
  0
BLOCK
  8
0
  2
RIMRETES
 70
     2
 10
0.0
 20
0.0
 30
0.0
  3
RIMRETES
  1

  0
LINE
  5
90C
  8
0
 10
0.100433
 20
-0.075
 30
0.0
 11
1.386249
 21
-0.075
 31
0.0
  0
LINE
  5
90D
  8
0
  6
CONTINUOUS
 62
     7
 10
-0.029758
 20
-0.05
 30
0.0
 11
-0.029758
 21
-0.05
 31
0.0
  0
LINE
  5
90E
  8
0
  6
CONTINUOUS
 62
     7
 10
0.100433
 20
0.175
 30
0.0
 11
1.386249
 21
0.175
 31
0.0
  0
LINE
  5
90F
  8
0
  6
CONTINUOUS
 62
     7
 10
1.386249
 20
0.175
 30
0.0
 11
1.525034999999999
 21
0.05
 31
0.0
  0
LINE
  5
910
  8
0
  6
CONTINUOUS
 62
     7
 10
1.386249
 20
-0.075
 30
0.0
 11
1.525034999999999
 21
0.05
 31
0.0
  0
LINE
  5
911
  8
0
  6
CONTINUOUS
 62
     7
 10
0.100433
 20
0.0
 30
0.0
 11
0.0
 21
0.0
 31
0.0
  0
LINE
  5
912
  8
0
  6
CONTINUOUS
 62
     7
 10
0.100433
 20
0.1
 30
0.0
 11
0.0
 21
0.1
 31
0.0
  0
LINE
  5
913
  8
0
  6
CONTINUOUS
 62
     7
 10
0.100433
 20
0.175
 30
0.0
 11
0.100433
 21
-0.075
 31
0.0
  0
CIRCLE
  5
914
  8
0
  6
CONTINUOUS
 62
     7
 10
0.0
 20
0.0
 30
0.0
 40
0.025
  0
ATTDEF
  5
915
  8
0
  6
CONTINUOUS
 62
     7
 10
9.428789
 20
0.728787
 30
0.0
 40
0.15
  1
*NC*
 72
     2
 11
9.978789
 21
0.728787
 31
0.0
  3
Perdite localizzate (Numero)
  2
NUM-PERD
 70
     9
  0
ATTDEF
  5
916
  8
0
  6
CONTINUOUS
 62
     7
 10
-0.252431
 20
0.558071
 30
0.0
 40
0.15
  1
*TC*
  3
Perdite localizzate ( Cod )
  2
COD-PERD
 70
     9
  0
ATTDEF
  5
917
  8
0
  6
CONTINUOUS
 62
     7
 10
-0.352482
 20
0.353432
 30
0.0
 40
0.15
  1
*L*
  3
Lunghezza
  2
LUNGHEZZA
 70
     9
  0
ATTDEF
  5
918
  8
0
 10
0.150324
 20
-0.025
 30
0.0
 40
0.15
  1
*CODICE*
  3
Codice rete
  2
CODICE
 70
     8
  0
ENDBLK
  5
AC
  8
0
  0
BLOCK
  8
0
  2
FINLUCUP
 70
     2
 10
0.0
 20
0.0
 30
0.0
  3
FINLUCUP
  1

  0
ATTDEF
  5
5BC0
  8
0
 62
     0
 10
0.2625587318397624
 20
1.861610416746655
 30
0.0
 40
0.15
  1
*H*
  3
Altezza [m]( facoltativa )
  2
ALTEZZA
 70
     8
  0
ATTDEF
  5
5BC1
  8
0
 62
     0
 10
-0.4581025962350235
 20
1.861610416746655
 30
0.0
 40
0.15
  1
*L*
 72
     2
 11
-0.0581025962350235
 21
1.861610416746655
 31
0.0
  3
Larghezza [m](facoltativa)
  2
LARGHEZZA
 70
     8
  0
LINE
  5
5BC2
  8
0
  6
CONTINUOUS
 62
     0
 10
0.1839735000000005
 20
0.0
 30
0.0
 11
-0.1839735000000005
 21
0.0
 31
0.0
  0
TEXT
  5
5BC3
  8
0
 62
     0
 10
-0.0123442340148792
 20
1.861610416746655
 30
0.0
 40
0.15
  1
X
  0
LINE
  5
5BC4
  8
0
 62
     0
 10
0.4435730000000003
 20
0.5553845000000007
 30
0.0
 11
0.3154322581897917
 21
0.5553845000000007
 31
0.0
  0
LINE
  5
5BC5
  8
0
 62
     0
 10
-0.4185240000000017
 20
0.5553845000000007
 30
0.0
 11
-0.4185240000000017
 21
1.252538000000003
 31
0.0
  0
LINE
  5
5BC6
  8
0
 62
     0
 10
-0.4185240000000017
 20
1.252538000000003
 30
0.0
 11
-0.2903832581897916
 21
1.252538000000003
 31
0.0
  0
LINE
  5
5BC7
  8
0
 62
     0
 10
0.4435730000000003
 20
0.5553845000000007
 30
0.0
 11
0.4435730000000003
 21
1.252538000000003
 31
0.0
  0
ATTDEF
  5
5BC8
  8
0
 62
     0
 10
-0.3670411550737107
 20
1.500645254337674
 30
0.0
 40
0.15
  1
*TIPO*
 11
-0.3670411550737107
 21
1.450645254337674
 31
0.0
 73
     1
  3
Tipo finestra
  2
TIPO
 70
     8
 74
     1
  0
POLYLINE
  5
5BCA
  8
0
 62
     0
 66
     1
 10
0.0
 20
0.0
 30
0.0
 70
     1
  0
VERTEX
  5
EF47
  8
0
 62
     0
 10
-0.2903832581897916
 20
1.373027715016498
 30
0.0
  0
VERTEX
  5
EF48
  8
0
 62
     0
 10
-0.2903832581897916
 20
1.198181904986149
 30
0.0
  0
VERTEX
  5
EF49
  8
0
 62
     0
 10
-0.2328159271723491
 20
1.198181904986149
 30
0.0
  0
VERTEX
  5
EF4A
  8
0
 62
     0
 10
-0.2328159271723491
 20
1.373027715016498
 30
0.0
  0
SEQEND
  5
F0F3
  8
0
 62
     0
  0
LINE
  5
5BCB
  8
0
 62
     0
 10
-0.4185240000000017
 20
0.5553845000000007
 30
0.0
 11
-0.4185240000000017
 21
1.252537499999998
 31
0.0
  0
LINE
  5
5BCE
  8
0
 62
     0
 10
-0.2328159271723491
 20
1.252538000000003
 30
0.0
 11
0.2578649271723492
 21
1.252538000000003
 31
0.0
  0
LINE
  5
5BD0
  8
0
 62
     0
 10
0.4435730000000003
 20
0.5553845000000007
 30
0.0
 11
0.4435730000000003
 21
1.252537499999998
 31
0.0
  0
LINE
  5
5BD1
  8
0
 62
     0
 10
-0.2903832581897916
 20
0.5553845000000007
 30
0.0
 11
-0.4185240000000017
 21
0.5553845000000007
 31
0.0
  0
POLYLINE
  5
5BD3
  8
0
 62
     0
 66
     1
 10
0.0
 20
0.0
 30
0.0
 70
     1
  0
VERTEX
  5
EF4B
  8
0
 62
     0
 10
-0.2903832581897916
 20
0.4348942849835016
 30
0.0
  0
VERTEX
  5
EF4C
  8
0
 62
     0
 10
-0.2903832581897916
 20
0.6097400950138461
 30
0.0
  0
VERTEX
  5
EF4D
  8
0
 62
     0
 10
-0.2328159271723491
 20
0.6097400950138461
 30
0.0
  0
VERTEX
  5
EF4E
  8
0
 62
     0
 10
-0.2328159271723491
 20
0.4348942849835016
 30
0.0
  0
SEQEND
  5
F0F2
  8
0
 62
     0
  0
LINE
  5
5BD4
  8
0
 62
     0
 10
-0.4185240000000017
 20
1.252537499999998
 30
0.0
 11
-0.2903832581897916
 21
1.252537499999998
 31
0.0
  0
LINE
  5
5BD7
  8
0
 62
     0
 10
0.3154322581897917
 20
1.252537499999998
 30
0.0
 11
0.4435730000000003
 21
1.252537499999998
 31
0.0
  0
POLYLINE
  5
5BD8
  8
0
 62
     0
 66
     1
 10
0.0
 20
0.0
 30
0.0
 70
     1
  0
VERTEX
  5
EF4F
  8
0
 62
     0
 10
0.3154322581897917
 20
0.4348942849835016
 30
0.0
  0
VERTEX
  5
EF50
  8
0
 62
     0
 10
0.3154322581897917
 20
0.6097400950138461
 30
0.0
  0
VERTEX
  5
EF51
  8
0
 62
     0
 10
0.2578649271723492
 20
0.6097400950138461
 30
0.0
  0
VERTEX
  5
EF52
  8
0
 62
     0
 10
0.2578649271723492
 20
0.4348942849835016
 30
0.0
  0
SEQEND
  5
F0F1
  8
0
 62
     0
  0
POLYLINE
  5
5BD9
  8
0
 62
     0
 66
     1
 10
0.0
 20
0.0
 30
0.0
 70
     1
  0
VERTEX
  5
EF53
  8
0
 62
     0
 10
0.3154322581897917
 20
1.373027715016498
 30
0.0
  0
VERTEX
  5
EF54
  8
0
 62
     0
 10
0.3154322581897917
 20
1.198181904986149
 30
0.0
  0
VERTEX
  5
EF55
  8
0
 62
     0
 10
0.2578649271723492
 20
1.198181904986149
 30
0.0
  0
VERTEX
  5
EF56
  8
0
 62
     0
 10
0.2578649271723492
 20
1.373027715016498
 30
0.0
  0
SEQEND
  5
F0F0
  8
0
 62
     0
  0
LINE
  5
5BDA
  8
0
 62
     0
 10
0.3154322581897917
 20
1.252538000000003
 30
0.0
 11
0.4435730000000003
 21
1.252538000000003
 31
0.0
  0
LINE
  5
5BDB
  8
0
 62
     0
 10
-0.2903832581897916
 20
0.5553845000000007
 30
0.0
 11
-0.4185240000000017
 21
0.5553845000000007
 31
0.0
  0
LINE
  5
5BDC
  8
0
 62
     0
 10
-0.2328159271723491
 20
1.252537499999998
 30
0.0
 11
0.2578649271723492
 21
1.252537499999998
 31
0.0
  0
LINE
  5
5BDD
  8
0
 62
     0
 10
0.2578649271723492
 20
0.5553845000000007
 30
0.0
 11
-0.2328159271723491
 21
0.5553845000000007
 31
0.0
  0
LINE
  5
5BDE
  8
0
 62
     0
 10
0.4435730000000003
 20
0.5553845000000007
 30
0.0
 11
0.3154322581897917
 21
0.5553845000000007
 31
0.0
  0
LINE
  5
5BDF
  8
0
 62
     0
 10
0.2578649271723492
 20
0.5553845000000007
 30
0.0
 11
-0.2328159271723491
 21
0.5553845000000007
 31
0.0
  0
LINE
  5
5BE1
  8
0
  6
CONTINUOUS
 62
     0
 10
0.0
 20
0.1839735000000005
 30
0.0
 11
0.0
 21
-0.1839735000000005
 31
0.0
  0
LINE
  5
93E9
  8
0
 62
     0
 10
-0.2068815882092068
 20
0.7132849611921781
 30
0.0
 11
0.2576272206901402
 21
1.054954652662924
 31
0.0
  0
LINE
  5
93EA
  8
0
 62
     0
 10
-0.2981952856851464
 20
0.8284991594788254
 30
0.0
 11
0.0432385396596726
 21
1.0748191696089
 31
0.0
  0
LINE
  5
93EB
  8
0
 62
     0
 10
0.2735078637294341
 20
0.8682281933707738
 30
0.0
 11
0.0035369320614378
 21
0.67355592730023
 31
0.0
  0
ENDBLK
  5
AF
  8
0
  0
BLOCK
  8
0
  2
FINLUCDWN
 70
     2
 10
0.0
 20
0.0
 30
0.0
  3
FINLUCDWN
  1

  0
ATTDEF
  5
5BE7
  8
0
  6
BYBLOCK
 62
     0
 10
0.2625587318397606
 20
-2.066440242954298
 30
0.0
 40
0.15
  1
*H*
  3
Altezza [m]( facoltativa )
  2
ALTEZZA
 70
     8
  0
TEXT
  5
5BE8
  8
0
  6
BYBLOCK
 62
     0
 10
-0.0123442340148801
 20
-2.066440242954298
 30
0.0
 40
0.15
  1
X
  0
ATTDEF
  5
5BE9
  8
0
  6
BYBLOCK
 62
     0
 10
-0.4581025962350248
 20
-2.066440242954298
 30
0.0
 40
0.15
  1
*L*
 72
     2
 11
-0.0581025962350248
 21
-2.066440242954298
 31
0.0
  3
Larghezza [m](facoltativa)
  2
LARGHEZZA
 70
     8
  0
LINE
  5
5BEA
  8
0
  6
BYBLOCK
 62
     0
 10
-0.0000000000000009
 20
0.1839735000000005
 30
0.0
 11
-0.0000000000000009
 21
-0.1839735000000005
 31
0.0
  0
LINE
  5
5BEC
  8
0
 62
     0
 10
0.4435729999999998
 20
-1.252537499999994
 30
0.0
 11
0.3154322581897908
 21
-1.252537499999994
 31
0.0
  0
LINE
  5
5BED
  8
0
 62
     0
 10
-0.4185240000000023
 20
-1.252537499999994
 30
0.0
 11
-0.4185240000000023
 21
-0.5553845000000007
 31
0.0
  0
LINE
  5
5BEE
  8
0
 62
     0
 10
-0.4185240000000023
 20
-0.5553845000000007
 30
0.0
 11
-0.2903832581897934
 21
-0.5553845000000007
 31
0.0
  0
LINE
  5
5BEF
  8
0
 62
     0
 10
0.4435729999999998
 20
-1.252537499999994
 30
0.0
 11
0.4435729999999998
 21
-0.5553845000000007
 31
0.0
  0
LINE
  5
5BF0
  8
0
  6
BYBLOCK
 62
     0
 10
-0.1839734999999996
 20
0.0
 30
0.0
 11
0.1839734999999996
 21
0.0
 31
0.0
  0
LINE
  5
5BF2
  8
0
 62
     0
 10
-0.23281592717235
 20
-0.5553845000000007
 30
0.0
 11
0.2578649271723474
 21
-0.5553845000000007
 31
0.0
  0
LINE
  5
5BF3
  8
0
 62
     0
 10
-0.2903832581897934
 20
-1.252537499999994
 30
0.0
 11
-0.4185240000000023
 21
-1.252537499999994
 31
0.0
  0
LINE
  5
5BF4
  8
0
 62
     0
 10
0.3154322581897908
 20
-0.5553845000000007
 30
0.0
 11
0.4435729999999998
 21
-0.5553845000000007
 31
0.0
  0
LINE
  5
5BF7
  8
0
 62
     0
 10
0.2578649271723474
 20
-1.252537499999994
 30
0.0
 11
-0.23281592717235
 21
-1.252537499999994
 31
0.0
  0
POLYLINE
  5
5BFC
  8
0
 62
     0
 66
     1
 10
0.0
 20
0.0
 30
0.0
 70
     1
  0
VERTEX
  5
EF57
  8
0
 62
     0
 10
-0.2903832581897934
 20
-0.4348942849835016
 30
0.0
  0
VERTEX
  5
EF58
  8
0
 62
     0
 10
-0.2903832581897934
 20
-0.6097400950138461
 30
0.0
  0
VERTEX
  5
EF59
  8
0
 62
     0
 10
-0.23281592717235
 20
-0.6097400950138461
 30
0.0
  0
VERTEX
  5
EF5A
  8
0
 62
     0
 10
-0.23281592717235
 20
-0.4348942849835016
 30
0.0
  0
SEQEND
  5
F0EF
  8
0
 62
     0
  0
POLYLINE
  5
5BFD
  8
0
 62
     0
 66
     1
 10
0.0
 20
0.0
 30
0.0
 70
     1
  0
VERTEX
  5
EF5B
  8
0
 62
     0
 10
0.3154322581897908
 20
-0.4348942849835016
 30
0.0
  0
VERTEX
  5
EF5C
  8
0
 62
     0
 10
0.3154322581897908
 20
-0.6097400950138461
 30
0.0
  0
VERTEX
  5
EF5D
  8
0
 62
     0
 10
0.2578649271723474
 20
-0.6097400950138461
 30
0.0
  0
VERTEX
  5
EF5E
  8
0
 62
     0
 10
0.2578649271723474
 20
-0.4348942849835016
 30
0.0
  0
SEQEND
  5
F0EE
  8
0
 62
     0
  0
POLYLINE
  5
5BFF
  8
0
 62
     0
 66
     1
 10
0.0
 20
0.0
 30
0.0
 70
     1
  0
VERTEX
  5
EF5F
  8
0
 62
     0
 10
-0.2903832581897934
 20
-1.373027715016494
 30
0.0
  0
VERTEX
  5
EF60
  8
0
 62
     0
 10
-0.2903832581897934
 20
-1.198181904986149
 30
0.0
  0
VERTEX
  5
EF61
  8
0
 62
     0
 10
-0.23281592717235
 20
-1.198181904986149
 30
0.0
  0
VERTEX
  5
EF62
  8
0
 62
     0
 10
-0.23281592717235
 20
-1.373027715016494
 30
0.0
  0
SEQEND
  5
F0ED
  8
0
 62
     0
  0
POLYLINE
  5
5C00
  8
0
 62
     0
 66
     1
 10
0.0
 20
0.0
 30
0.0
 70
     1
  0
VERTEX
  5
EF63
  8
0
 62
     0
 10
0.3154322581897908
 20
-1.373027715016494
 30
0.0
  0
VERTEX
  5
EF64
  8
0
 62
     0
 10
0.3154322581897908
 20
-1.198181904986149
 30
0.0
  0
VERTEX
  5
EF65
  8
0
 62
     0
 10
0.2578649271723474
 20
-1.198181904986149
 30
0.0
  0
VERTEX
  5
EF66
  8
0
 62
     0
 10
0.2578649271723474
 20
-1.373027715016494
 30
0.0
  0
SEQEND
  5
F0EC
  8
0
 62
     0
  0
ATTDEF
  5
6159
  8
0
 62
     0
 10
-0.3670411550737116
 20
-1.74725174566232
 30
0.0
 40
0.15
  1
*TIPO*
 11
-0.3670411550737116
 21
-1.79725174566232
 31
0.0
 73
     1
  3
Tipo finestra
  2
TIPO
 70
     8
 74
     1
  0
LINE
  5
9410
  8
0
 10
-0.2298042981270152
 20
-0.9200573588748712
 30
0.0
 11
0.0279649064648915
 21
-0.7083095963848473
 31
0.0
  0
LINE
  5
9411
  8
0
 10
0.0544855803405113
 20
-1.085854605460025
 30
0.0
 11
0.2678817211810225
 21
-0.8921755652367801
 31
0.0
  0
LINE
  5
9412
  8
0
 10
-0.1937685719712503
 20
-1.086092979663374
 30
0.0
 11
0.1933221021115381
 21
-0.7583284500548082
 31
0.0
  0
ENDBLK
  5
B2
  8
0
  0
BLOCK
  8
0
  2
TERMPANNELLOD
 70
     2
 10
0.0
 20
0.0
 30
0.0
  3
TERMPANNELLOD
  1

  0
LINE
  5
1567
  8
0
  6
CONTINUOUS
 62
     1
 10
0.0
 20
0.0
 30
0.0
 11
0.0
 21
0.1286040000000002
 31
0.0
  0
LINE
  5
1568
  8
0
  6
CONTINUOUS
 62
     1
 10
0.0
 20
0.1286040000000002
 30
0.0
 11
-0.0182909999999996
 21
0.0814890000000004
 31
0.0
  0
LINE
  5
1569
  8
0
  6
CONTINUOUS
 62
     1
 10
0.0
 20
0.1286040000000002
 30
0.0
 11
0.0182909999999996
 21
0.0814890000000004
 31
0.0
  0
LINE
  5
156A
  8
0
  6
CONTINUOUS
 62
     5
 10
-0.0999999999999996
 20
0.1286040000000002
 30
0.0
 11
-0.0999999999999996
 21
0.0
 31
0.0
  0
LINE
  5
156B
  8
0
  6
CONTINUOUS
 62
     5
 10
-0.0999999999999996
 20
0.0
 30
0.0
 11
-0.081709
 21
0.0471159999999999
 31
0.0
  0
LINE
  5
156C
  8
0
  6
CONTINUOUS
 62
     5
 10
-0.0999999999999996
 20
0.0
 30
0.0
 11
-0.1182909999999993
 21
0.0471159999999999
 31
0.0
  0
ATTDEF
  5
156D
  8
0
  6
CONTINUOUS
 62
     7
 10
-0.777561
 20
0.7807870000000002
 30
0.0
 40
0.2
  1

 72
     1
 11
-0.777561
 21
0.7807870000000002
 31
0.0
  3
N° elementi
  2
ELEMENTI
 70
     9
  0
ATTDEF
  5
156E
  8
0
  6
CONTINUOUS
 62
     7
 10
-0.777561
 20
1.059904999999994
 30
0.0
 40
0.2
  1

 72
     1
 11
-0.777561
 21
1.059904999999994
 31
0.0
  3
Modello
  2
MODELLO
 70
     9
  0
ATTDEF
  5
156F
  8
0
  6
CONTINUOUS
 62
     7
 10
1.119928666666667
 20
1.646279
 30
0.0
 40
0.2
  1
??
 72
     1
 11
1.253262
 21
1.646279
 31
0.0
  3
Identificatore
  2
COD
 70
     9
  0
ATTDEF
  5
1570
  8
0
  6
CONTINUOUS
 62
     7
 10
-0.777561
 20
1.314394999999997
 30
0.0
 40
0.2
  1

 72
     1
 11
-0.777561
 21
1.314394999999997
 31
0.0
  3
Serie
  2
SERIE
 70
     9
  0
ATTDEF
  5
1571
  8
0
  6
CONTINUOUS
 62
     7
 10
-4.234022333333334
 20
0.502286
 30
0.0
 40
0.2
  1
*INCR*
 72
     1
 11
-3.700689
 21
0.502286
 31
0.0
  3
Incremento [ %]
  2
INCR
 70
     9
  0
ATTDEF
  5
1572
  8
0
  6
CONTINUOUS
 62
     7
 10
-4.272035666666667
 20
0.225798
 30
0.0
 40
0.2
  1
*LMAX*
 72
     1
 11
-3.705369
 21
0.225798
 31
0.0
  3
Larghezza massima [m]
  2
LMAX
 70
     9
  0
ATTDEF
  5
1573
  8
0
  6
CONTINUOUS
 62
     7
 10
-7.698622333333334
 20
-0.4515970000000002
 30
0.0
 40
0.2
  1
*POTENZA*
 72
     2
 11
-5.965289
 21
-0.4515970000000002
 31
0.0
  3
Potenza [w]
  2
POTENZA
 70
     9
  0
ATTDEF
  5
1574
  8
0
  6
CONTINUOUS
 62
     7
 10
0.8769576666666667
 20
-1.002538999999996
 30
0.0
 40
0.2
  1
*PERD*
 72
     2
 11
2.010291
 21
-1.002538999999996
 31
0.0
  3
Perdita (Pa)
  2
PERDITA
 70
     9
  0
ATTDEF
  5
1575
  8
0
  6
CONTINUOUS
 62
     7
 10
-4.320387666666667
 20
-0.699286
 30
0.0
 40
0.2
  1
*PORT*
 72
     1
 11
-3.753721
 21
-0.699286
 31
0.0
  3
Portata [l/s]
  2
PORT
 70
     9
  0
ATTDEF
  5
1576
  8
0
  6
CONTINUOUS
 62
     7
 10
-8.081556666666668
 20
-1.298192999999999
 30
0.0
 40
0.2
  1
*MONTAGGIO*
 72
     2
 11
-6.01489
 21
-1.298192999999999
 31
0.0
  3
Schema di montaggio
  2
MONTAGGIO
 70
     9
  0
ATTDEF
  5
1577
  8
0
  6
CONTINUOUS
 62
     7
 10
1.007954
 20
1.310505
 30
0.0
 40
0.2
  1

 72
     1
 11
1.007954
 21
1.310505
 31
0.0
  3
FissaSerie
  2
FISSASERIE
 70
     9
  0
ATTDEF
  5
1578
  8
0
  6
CONTINUOUS
 62
     7
 10
1.235995
 20
1.033897999999997
 30
0.0
 40
0.2
  1

 72
     1
 11
1.235995
 21
1.033897999999997
 31
0.0
  3
FissaModello
  2
FISSAMODELLO
 70
     9
  0
ENDBLK
  5
BE
  8
0
  0
BLOCK
  8
0
  2
TERMRADIATORED
 70
     2
 10
0.0
 20
0.0
 30
0.0
  3
TERMRADIATORED
  1

  0
LINE
  5
1579
  8
0
 10
-0.181279
 20
0.0
 30
0.0
 11
0.0
 21
0.0
 31
0.0
  0
LINE
  5
157A
  8
0
 10
-0.8712790000000001
 20
-0.045
 30
0.0
 11
-0.541279
 21
-0.045
 31
0.0
  0
LINE
  5
157B
  8
0
 10
-0.541279
 20
0.045
 30
0.0
 11
-0.8712790000000001
 21
0.045
 31
0.0
  0
LINE
  5
157C
  8
0
 10
-0.7679460000000004
 20
-0.037416
 30
0.0
 11
-0.76915
 21
-0.036144
 31
0.0
  0
LINE
  5
157D
  8
0
 10
-0.76915
 20
0.036144
 30
0.0
 11
-0.7679460000000004
 21
0.037416
 31
0.0
  0
LINE
  5
157E
  8
0
 10
-0.87422
 20
0.044783
 30
0.0
 11
-0.872751
 21
0.044946
 31
0.0
  0
LINE
  5
157F
  8
0
 10
-0.872751
 20
-0.044946
 30
0.0
 11
-0.87422
 21
-0.044783
 31
0.0
  0
LINE
  5
1580
  8
0
 10
-0.901279
 20
0.045
 30
0.0
 11
-0.901279
 21
-0.045
 31
0.0
  0
LINE
  5
1581
  8
0
 10
-0.897737
 20
-0.021213
 30
0.0
 11
-0.8983989999999998
 21
-0.01924
 31
0.0
  0
LINE
  5
1582
  8
0
 10
-0.8962229999999998
 20
-0.025001
 30
0.0
 11
-0.897011
 21
-0.023135
 31
0.0
  0
LINE
  5
1583
  8
0
 10
-0.891426
 20
-0.033343
 30
0.0
 11
-0.892492
 21
-0.03182
 31
0.0
  0
LINE
  5
1584
  8
0
 10
-0.8854209999999998
 20
-0.039686
 30
0.0
 11
-0.886702
 21
-0.038598
 31
0.0
  0
LINE
  5
1585
  8
0
 10
-0.886702
 20
-0.038598
 30
0.0
 11
-0.8879469999999999
 21
-0.037416
 31
0.0
  0
LINE
  5
1586
  8
0
 10
-0.8879469999999999
 20
-0.037416
 30
0.0
 11
-0.88915
 21
-0.036144
 31
0.0
  0
LINE
  5
1587
  8
0
 10
-0.88915
 20
-0.036144
 30
0.0
 11
-0.8903110000000001
 21
-0.034786
 31
0.0
  0
LINE
  5
1588
  8
0
 10
-0.8903110000000001
 20
-0.034786
 30
0.0
 11
-0.891426
 21
-0.033343
 31
0.0
  0
LINE
  5
1589
  8
0
 10
-0.892492
 20
-0.03182
 30
0.0
 11
-0.8935079999999999
 21
-0.03022
 31
0.0
  0
LINE
  5
158A
  8
0
 10
-0.8935079999999999
 20
-0.03022
 30
0.0
 11
-0.89447
 21
-0.028548
 31
0.0
  0
LINE
  5
158B
  8
0
 10
-0.89447
 20
-0.028548
 30
0.0
 11
-0.8953749999999999
 21
-0.026806
 31
0.0
  0
LINE
  5
158C
  8
0
 10
-0.8953749999999999
 20
-0.026806
 30
0.0
 11
-0.8962229999999998
 21
-0.025001
 31
0.0
  0
LINE
  5
158D
  8
0
 10
-0.87422
 20
-0.044783
 30
0.0
 11
-0.8756809999999999
 21
-0.044513
 31
0.0
  0
LINE
  5
158E
  8
0
 10
-0.8756809999999999
 20
-0.044513
 30
0.0
 11
-0.8771319999999999
 21
-0.044135
 31
0.0
  0
LINE
  5
158F
  8
0
 10
-0.8771319999999999
 20
-0.044135
 30
0.0
 11
-0.878569
 21
-0.043651
 31
0.0
  0
LINE
  5
1590
  8
0
 10
-0.878569
 20
-0.043651
 30
0.0
 11
-0.8799879999999998
 21
-0.043062
 31
0.0
  0
LINE
  5
1591
  8
0
 10
-0.8799879999999998
 20
-0.043062
 30
0.0
 11
-0.881386
 21
-0.04237
 31
0.0
  0
LINE
  5
1592
  8
0
 10
-0.881386
 20
-0.04237
 30
0.0
 11
-0.88276
 21
-0.041575
 31
0.0
  0
LINE
  5
1593
  8
0
 10
-0.88276
 20
-0.041575
 30
0.0
 11
-0.8841059999999998
 21
-0.040679
 31
0.0
  0
LINE
  5
1594
  8
0
 10
-0.8841059999999998
 20
-0.040679
 30
0.0
 11
-0.8854209999999998
 21
-0.039686
 31
0.0
  0
LINE
  5
1595
  8
0
 10
-0.897011
 20
-0.023135
 30
0.0
 11
-0.897737
 21
-0.021213
 31
0.0
  0
LINE
  5
1596
  8
0
 10
-0.901279
 20
0.0
 30
0.0
 11
-0.901243
 21
0.002208
 31
0.0
  0
LINE
  5
1597
  8
0
 10
-0.900703
 20
-0.008779
 30
0.0
 11
-0.900955
 21
-0.006603
 31
0.0
  0
LINE
  5
1598
  8
0
 10
-0.900955
 20
-0.006603
 30
0.0
 11
-0.901135
 21
-0.004411
 31
0.0
  0
LINE
  5
1599
  8
0
 10
-0.901135
 20
-0.004411
 30
0.0
 11
-0.901243
 21
-0.002208
 31
0.0
  0
LINE
  5
159A
  8
0
 10
-0.901243
 20
-0.002208
 30
0.0
 11
-0.901279
 21
0.0
 31
0.0
  0
LINE
  5
159B
  8
0
 10
-0.901243
 20
0.002208
 30
0.0
 11
-0.901135
 21
0.004411
 31
0.0
  0
LINE
  5
159C
  8
0
 10
-0.901135
 20
0.004411
 30
0.0
 11
-0.900955
 21
0.006603
 31
0.0
  0
LINE
  5
159D
  8
0
 10
-0.900955
 20
0.006603
 30
0.0
 11
-0.900703
 21
0.008779
 31
0.0
  0
LINE
  5
159E
  8
0
 10
-0.90038
 20
-0.010934
 30
0.0
 11
-0.900703
 21
-0.008779
 31
0.0
  0
LINE
  5
159F
  8
0
 10
-0.900703
 20
0.008779
 30
0.0
 11
-0.90038
 21
0.010934
 31
0.0
  0
LINE
  5
15A0
  8
0
 10
-0.8999870000000001
 20
-0.013063
 30
0.0
 11
-0.90038
 21
-0.010934
 31
0.0
  0
LINE
  5
15A1
  8
0
 10
-0.8983989999999998
 20
-0.01924
 30
0.0
 11
-0.8989959999999999
 21
-0.017221
 31
0.0
  0
LINE
  5
15A2
  8
0
 10
-0.8989959999999999
 20
-0.017221
 30
0.0
 11
-0.899525
 21
-0.01516
 31
0.0
  0
LINE
  5
15A3
  8
0
 10
-0.899525
 20
-0.01516
 30
0.0
 11
-0.8999870000000001
 21
-0.013063
 31
0.0
  0
LINE
  5
15A4
  8
0
 10
-0.90038
 20
0.010934
 30
0.0
 11
-0.8999870000000001
 21
0.013063
 31
0.0
  0
LINE
  5
15A5
  8
0
 10
-0.8999870000000001
 20
0.013063
 30
0.0
 11
-0.899525
 21
0.01516
 31
0.0
  0
LINE
  5
15A6
  8
0
 10
-0.899525
 20
0.01516
 30
0.0
 11
-0.8989959999999999
 21
0.017221
 31
0.0
  0
LINE
  5
15A7
  8
0
 10
-0.8989959999999999
 20
0.017221
 30
0.0
 11
-0.8983989999999998
 21
0.01924
 31
0.0
  0
LINE
  5
15A8
  8
0
 10
-0.8983989999999998
 20
0.01924
 30
0.0
 11
-0.897737
 21
0.021213
 31
0.0
  0
LINE
  5
15A9
  8
0
 10
-0.892492
 20
0.03182
 30
0.0
 11
-0.891426
 21
0.033343
 31
0.0
  0
LINE
  5
15AA
  8
0
 10
-0.891426
 20
0.033343
 30
0.0
 11
-0.8903110000000001
 21
0.034786
 31
0.0
  0
LINE
  5
15AB
  8
0
 10
-0.8903110000000001
 20
0.034786
 30
0.0
 11
-0.88915
 21
0.036144
 31
0.0
  0
LINE
  5
15AC
  8
0
 10
-0.88915
 20
0.036144
 30
0.0
 11
-0.8879469999999999
 21
0.037416
 31
0.0
  0
LINE
  5
15AD
  8
0
 10
-0.8879469999999999
 20
0.037416
 30
0.0
 11
-0.886702
 21
0.038598
 31
0.0
  0
LINE
  5
15AE
  8
0
 10
-0.886702
 20
0.038598
 30
0.0
 11
-0.8854209999999998
 21
0.039686
 31
0.0
  0
LINE
  5
15AF
  8
0
 10
-0.8854209999999998
 20
0.039686
 30
0.0
 11
-0.8841059999999998
 21
0.040679
 31
0.0
  0
LINE
  5
15B0
  8
0
 10
-0.8841059999999998
 20
0.040679
 30
0.0
 11
-0.88276
 21
0.041575
 31
0.0
  0
LINE
  5
15B1
  8
0
 10
-0.88276
 20
0.041575
 30
0.0
 11
-0.881386
 21
0.04237
 31
0.0
  0
LINE
  5
15B2
  8
0
 10
-0.881386
 20
0.04237
 30
0.0
 11
-0.8799879999999998
 21
0.043062
 31
0.0
  0
LINE
  5
15B3
  8
0
 10
-0.8799879999999998
 20
0.043062
 30
0.0
 11
-0.878569
 21
0.043652
 31
0.0
  0
LINE
  5
15B4
  8
0
 10
-0.878569
 20
0.043652
 30
0.0
 11
-0.8771319999999999
 21
0.044135
 31
0.0
  0
LINE
  5
15B5
  8
0
 10
-0.8771319999999999
 20
0.044135
 30
0.0
 11
-0.8756809999999999
 21
0.044513
 31
0.0
  0
LINE
  5
15B6
  8
0
 10
-0.8756809999999999
 20
0.044513
 30
0.0
 11
-0.87422
 21
0.044783
 31
0.0
  0
LINE
  5
15B7
  8
0
 10
-0.8935079999999999
 20
0.03022
 30
0.0
 11
-0.892492
 21
0.03182
 31
0.0
  0
LINE
  5
15B8
  8
0
 10
-0.89447
 20
0.028548
 30
0.0
 11
-0.8935079999999999
 21
0.03022
 31
0.0
  0
LINE
  5
15B9
  8
0
 10
-0.897011
 20
0.023135
 30
0.0
 11
-0.8962229999999998
 21
0.025001
 31
0.0
  0
LINE
  5
15BA
  8
0
 10
-0.8962229999999998
 20
0.025001
 30
0.0
 11
-0.8953749999999999
 21
0.026806
 31
0.0
  0
LINE
  5
15BB
  8
0
 10
-0.8953749999999999
 20
0.026806
 30
0.0
 11
-0.89447
 21
0.028548
 31
0.0
  0
LINE
  5
15BC
  8
0
 10
-0.897737
 20
0.021213
 30
0.0
 11
-0.897011
 21
0.023135
 31
0.0
  0
LINE
  5
15BD
  8
0
 10
-0.8441600000000001
 20
-0.01924
 30
0.0
 11
-0.8448219999999999
 21
-0.021213
 31
0.0
  0
LINE
  5
15BE
  8
0
 10
-0.837737
 20
-0.021213
 30
0.0
 11
-0.838399
 21
-0.01924
 31
0.0
  0
LINE
  5
15BF
  8
0
 10
-0.8142199999999998
 20
-0.044783
 30
0.0
 11
-0.815681
 21
-0.044513
 31
0.0
  0
LINE
  5
15C0
  8
0
 10
-0.847183
 20
-0.026806
 30
0.0
 11
-0.848089
 21
-0.028548
 31
0.0
  0
LINE
  5
15C1
  8
0
 10
-0.848089
 20
-0.028548
 30
0.0
 11
-0.8490499999999999
 21
-0.03022
 31
0.0
  0
LINE
  5
15C2
  8
0
 10
-0.8490499999999999
 20
-0.03022
 30
0.0
 11
-0.8500659999999998
 21
-0.03182
 31
0.0
  0
LINE
  5
15C3
  8
0
 10
-0.8500659999999998
 20
-0.03182
 30
0.0
 11
-0.8511319999999999
 21
-0.033343
 31
0.0
  0
LINE
  5
15C4
  8
0
 10
-0.8511319999999999
 20
-0.033343
 30
0.0
 11
-0.852247
 21
-0.034786
 31
0.0
  0
LINE
  5
15C5
  8
0
 10
-0.852247
 20
-0.034786
 30
0.0
 11
-0.8534079999999999
 21
-0.036144
 31
0.0
  0
LINE
  5
15C6
  8
0
 10
-0.8534079999999999
 20
-0.036144
 30
0.0
 11
-0.854612
 21
-0.037416
 31
0.0
  0
LINE
  5
15C7
  8
0
 10
-0.854612
 20
-0.037416
 30
0.0
 11
-0.855856
 21
-0.038598
 31
0.0
  0
LINE
  5
15C8
  8
0
 10
-0.855856
 20
-0.038598
 30
0.0
 11
-0.8571369999999999
 21
-0.039686
 31
0.0
  0
LINE
  5
15C9
  8
0
 10
-0.8455479999999997
 20
-0.023135
 30
0.0
 11
-0.846335
 21
-0.025001
 31
0.0
  0
LINE
  5
15CA
  8
0
 10
-0.8448219999999999
 20
-0.021213
 30
0.0
 11
-0.8455479999999997
 21
-0.023135
 31
0.0
  0
LINE
  5
15CB
  8
0
 10
-0.846335
 20
-0.025001
 30
0.0
 11
-0.847183
 21
-0.026806
 31
0.0
  0
LINE
  5
15CC
  8
0
 10
-0.8698069999999999
 20
-0.044946
 30
0.0
 11
-0.8712790000000001
 21
-0.045
 31
0.0
  0
LINE
  5
15CD
  8
0
 10
-0.8584519999999999
 20
-0.040679
 30
0.0
 11
-0.8597989999999999
 21
-0.041575
 31
0.0
  0
LINE
  5
15CE
  8
0
 10
-0.8597989999999999
 20
-0.041575
 30
0.0
 11
-0.8611729999999997
 21
-0.04237
 31
0.0
  0
LINE
  5
15CF
  8
0
 10
-0.8611729999999997
 20
-0.04237
 30
0.0
 11
-0.8625709999999998
 21
-0.043062
 31
0.0
  0
LINE
  5
15D0
  8
0
 10
-0.8625709999999998
 20
-0.043062
 30
0.0
 11
-0.8639899999999999
 21
-0.043651
 31
0.0
  0
LINE
  5
15D1
  8
0
 10
-0.8639899999999999
 20
-0.043651
 30
0.0
 11
-0.865426
 21
-0.044135
 31
0.0
  0
LINE
  5
15D2
  8
0
 10
-0.865426
 20
-0.044135
 30
0.0
 11
-0.866877
 21
-0.044513
 31
0.0
  0
LINE
  5
15D3
  8
0
 10
-0.866877
 20
-0.044513
 30
0.0
 11
-0.8683389999999999
 21
-0.044783
 31
0.0
  0
LINE
  5
15D4
  8
0
 10
-0.8683389999999999
 20
-0.044783
 30
0.0
 11
-0.8698069999999999
 21
-0.044946
 31
0.0
  0
LINE
  5
15D5
  8
0
 10
-0.8571369999999999
 20
-0.039686
 30
0.0
 11
-0.8584519999999999
 21
-0.040679
 31
0.0
  0
LINE
  5
15D6
  8
0
 10
-0.836223
 20
-0.025001
 30
0.0
 11
-0.837011
 21
-0.023135
 31
0.0
  0
LINE
  5
15D7
  8
0
 10
-0.8344699999999999
 20
-0.028548
 30
0.0
 11
-0.8353749999999998
 21
-0.026806
 31
0.0
  0
LINE
  5
15D8
  8
0
 10
-0.825421
 20
-0.039686
 30
0.0
 11
-0.826702
 21
-0.038598
 31
0.0
  0
LINE
  5
15D9
  8
0
 10
-0.826702
 20
-0.038598
 30
0.0
 11
-0.8279469999999998
 21
-0.037416
 31
0.0
  0
LINE
  5
15DA
  8
0
 10
-0.8279469999999998
 20
-0.037416
 30
0.0
 11
-0.82915
 21
-0.036144
 31
0.0
  0
LINE
  5
15DB
  8
0
 10
-0.82915
 20
-0.036144
 30
0.0
 11
-0.830311
 21
-0.034786
 31
0.0
  0
LINE
  5
15DC
  8
0
 10
-0.830311
 20
-0.034786
 30
0.0
 11
-0.831426
 21
-0.033343
 31
0.0
  0
LINE
  5
15DD
  8
0
 10
-0.831426
 20
-0.033343
 30
0.0
 11
-0.832492
 21
-0.03182
 31
0.0
  0
LINE
  5
15DE
  8
0
 10
-0.832492
 20
-0.03182
 30
0.0
 11
-0.8335079999999999
 21
-0.03022
 31
0.0
  0
LINE
  5
15DF
  8
0
 10
-0.8335079999999999
 20
-0.03022
 30
0.0
 11
-0.8344699999999999
 21
-0.028548
 31
0.0
  0
LINE
  5
15E0
  8
0
 10
-0.8353749999999998
 20
-0.026806
 30
0.0
 11
-0.836223
 21
-0.025001
 31
0.0
  0
LINE
  5
15E1
  8
0
 10
-0.837011
 20
-0.023135
 30
0.0
 11
-0.837737
 21
-0.021213
 31
0.0
  0
LINE
  5
15E2
  8
0
 10
-0.815681
 20
-0.044513
 30
0.0
 11
-0.8171319999999997
 21
-0.044135
 31
0.0
  0
LINE
  5
15E3
  8
0
 10
-0.8171319999999997
 20
-0.044135
 30
0.0
 11
-0.8185689999999999
 21
-0.043651
 31
0.0
  0
LINE
  5
15E4
  8
0
 10
-0.8185689999999999
 20
-0.043651
 30
0.0
 11
-0.819988
 21
-0.043062
 31
0.0
  0
LINE
  5
15E5
  8
0
 10
-0.819988
 20
-0.043062
 30
0.0
 11
-0.821386
 21
-0.04237
 31
0.0
  0
LINE
  5
15E6
  8
0
 10
-0.821386
 20
-0.04237
 30
0.0
 11
-0.82276
 21
-0.041575
 31
0.0
  0
LINE
  5
15E7
  8
0
 10
-0.82276
 20
-0.041575
 30
0.0
 11
-0.8241059999999999
 21
-0.040679
 31
0.0
  0
LINE
  5
15E8
  8
0
 10
-0.8241059999999999
 20
-0.040679
 30
0.0
 11
-0.825421
 21
-0.039686
 31
0.0
  0
LINE
  5
15E9
  8
0
 10
-0.815681
 20
0.044513
 30
0.0
 11
-0.8142199999999998
 21
0.044783
 31
0.0
  0
LINE
  5
15EA
  8
0
 10
-0.8611729999999997
 20
0.04237
 30
0.0
 11
-0.8597989999999999
 21
0.041575
 31
0.0
  0
LINE
  5
15EB
  8
0
 10
-0.8597989999999999
 20
0.041575
 30
0.0
 11
-0.8584519999999999
 21
0.040679
 31
0.0
  0
LINE
  5
15EC
  8
0
 10
-0.8584519999999999
 20
0.040679
 30
0.0
 11
-0.8571369999999999
 21
0.039686
 31
0.0
  0
LINE
  5
15ED
  8
0
 10
-0.8571369999999999
 20
0.039686
 30
0.0
 11
-0.855856
 21
0.038598
 31
0.0
  0
LINE
  5
15EE
  8
0
 10
-0.855856
 20
0.038598
 30
0.0
 11
-0.854612
 21
0.037416
 31
0.0
  0
LINE
  5
15EF
  8
0
 10
-0.854612
 20
0.037416
 30
0.0
 11
-0.8534079999999999
 21
0.036144
 31
0.0
  0
LINE
  5
15F0
  8
0
 10
-0.8534079999999999
 20
0.036144
 30
0.0
 11
-0.852247
 21
0.034786
 31
0.0
  0
LINE
  5
15F1
  8
0
 10
-0.852247
 20
0.034786
 30
0.0
 11
-0.8511319999999999
 21
0.033343
 31
0.0
  0
LINE
  5
15F2
  8
0
 10
-0.8511319999999999
 20
0.033343
 30
0.0
 11
-0.8500659999999998
 21
0.03182
 31
0.0
  0
LINE
  5
15F3
  8
0
 10
-0.8500659999999998
 20
0.03182
 30
0.0
 11
-0.8490499999999999
 21
0.03022
 31
0.0
  0
LINE
  5
15F4
  8
0
 10
-0.8698069999999999
 20
0.044946
 30
0.0
 11
-0.8683389999999999
 21
0.044783
 31
0.0
  0
LINE
  5
15F5
  8
0
 10
-0.846335
 20
0.025001
 30
0.0
 11
-0.8455479999999997
 21
0.023135
 31
0.0
  0
LINE
  5
15F6
  8
0
 10
-0.8455479999999997
 20
0.023135
 30
0.0
 11
-0.8448219999999999
 21
0.021213
 31
0.0
  0
LINE
  5
15F7
  8
0
 10
-0.8448219999999999
 20
0.021213
 30
0.0
 11
-0.8441600000000001
 21
0.01924
 31
0.0
  0
LINE
  5
15F8
  8
0
 10
-0.8441600000000001
 20
0.01924
 30
0.0
 11
-0.843563
 21
0.017221
 31
0.0
  0
LINE
  5
15F9
  8
0
 10
-0.843563
 20
0.017221
 30
0.0
 11
-0.8430329999999999
 21
0.01516
 31
0.0
  0
LINE
  5
15FA
  8
0
 10
-0.8430329999999999
 20
0.01516
 30
0.0
 11
-0.8425709999999998
 21
0.013063
 31
0.0
  0
LINE
  5
15FB
  8
0
 10
-0.8425709999999998
 20
0.013063
 30
0.0
 11
-0.8421780000000001
 21
0.010934
 31
0.0
  0
LINE
  5
15FC
  8
0
 10
-0.8421780000000001
 20
0.010934
 30
0.0
 11
-0.8418559999999999
 21
0.008779
 31
0.0
  0
LINE
  5
15FD
  8
0
 10
-0.8418559999999999
 20
0.008779
 30
0.0
 11
-0.841604
 21
0.006603
 31
0.0
  0
LINE
  5
15FE
  8
0
 10
-0.841604
 20
0.006603
 30
0.0
 11
-0.841424
 21
0.004411
 31
0.0
  0
LINE
  5
15FF
  8
0
 10
-0.841424
 20
0.004411
 30
0.0
 11
-0.8413149999999999
 21
0.002208
 31
0.0
  0
LINE
  5
1600
  8
0
 10
-0.841243
 20
0.002208
 30
0.0
 11
-0.841135
 21
0.004411
 31
0.0
  0
LINE
  5
1601
  8
0
 10
-0.841135
 20
0.004411
 30
0.0
 11
-0.8409549999999999
 21
0.006603
 31
0.0
  0
LINE
  5
1602
  8
0
 10
-0.8409549999999999
 20
0.006603
 30
0.0
 11
-0.840703
 21
0.008779
 31
0.0
  0
LINE
  5
1603
  8
0
 10
-0.840703
 20
0.008779
 30
0.0
 11
-0.8403799999999998
 21
0.010934
 31
0.0
  0
LINE
  5
1604
  8
0
 10
-0.8403799999999998
 20
0.010934
 30
0.0
 11
-0.8399869999999999
 21
0.013063
 31
0.0
  0
LINE
  5
1605
  8
0
 10
-0.8399869999999999
 20
0.013063
 30
0.0
 11
-0.8395249999999999
 21
0.01516
 31
0.0
  0
LINE
  5
1606
  8
0
 10
-0.8395249999999999
 20
0.01516
 30
0.0
 11
-0.838996
 21
0.017221
 31
0.0
  0
LINE
  5
1607
  8
0
 10
-0.847183
 20
0.026806
 30
0.0
 11
-0.846335
 21
0.025001
 31
0.0
  0
LINE
  5
1608
  8
0
 10
-0.8413149999999999
 20
0.002208
 30
0.0
 11
-0.8412790000000001
 21
0.0
 31
0.0
  0
LINE
  5
1609
  8
0
 10
-0.8412790000000001
 20
0.0
 30
0.0
 11
-0.841243
 21
0.002208
 31
0.0
  0
LINE
  5
160A
  8
0
 10
-0.8421780000000001
 20
-0.010934
 30
0.0
 11
-0.8425709999999998
 21
-0.013063
 31
0.0
  0
LINE
  5
160B
  8
0
 10
-0.8399869999999999
 20
-0.013063
 30
0.0
 11
-0.8403799999999998
 21
-0.010934
 31
0.0
  0
LINE
  5
160C
  8
0
 10
-0.8425709999999998
 20
-0.013063
 30
0.0
 11
-0.8430329999999999
 21
-0.01516
 31
0.0
  0
LINE
  5
160D
  8
0
 10
-0.8430329999999999
 20
-0.01516
 30
0.0
 11
-0.843563
 21
-0.017221
 31
0.0
  0
LINE
  5
160E
  8
0
 10
-0.843563
 20
-0.017221
 30
0.0
 11
-0.8441600000000001
 21
-0.01924
 31
0.0
  0
LINE
  5
160F
  8
0
 10
-0.838996
 20
-0.017221
 30
0.0
 11
-0.8395249999999999
 21
-0.01516
 31
0.0
  0
LINE
  5
1610
  8
0
 10
-0.8395249999999999
 20
-0.01516
 30
0.0
 11
-0.8399869999999999
 21
-0.013063
 31
0.0
  0
LINE
  5
1611
  8
0
 10
-0.8412790000000001
 20
0.0
 30
0.0
 11
-0.8413149999999999
 21
-0.002208
 31
0.0
  0
LINE
  5
1612
  8
0
 10
-0.8413149999999999
 20
-0.002208
 30
0.0
 11
-0.841424
 21
-0.004411
 31
0.0
  0
LINE
  5
1613
  8
0
 10
-0.841424
 20
-0.004411
 30
0.0
 11
-0.841604
 21
-0.006603
 31
0.0
  0
LINE
  5
1614
  8
0
 10
-0.841604
 20
-0.006603
 30
0.0
 11
-0.8418559999999999
 21
-0.008779
 31
0.0
  0
LINE
  5
1615
  8
0
 10
-0.8418559999999999
 20
-0.008779
 30
0.0
 11
-0.8421780000000001
 21
-0.010934
 31
0.0
  0
LINE
  5
1616
  8
0
 10
-0.8403799999999998
 20
-0.010934
 30
0.0
 11
-0.840703
 21
-0.008779
 31
0.0
  0
LINE
  5
1617
  8
0
 10
-0.840703
 20
-0.008779
 30
0.0
 11
-0.8409549999999999
 21
-0.006603
 31
0.0
  0
LINE
  5
1618
  8
0
 10
-0.8409549999999999
 20
-0.006603
 30
0.0
 11
-0.841135
 21
-0.004411
 31
0.0
  0
LINE
  5
1619
  8
0
 10
-0.841135
 20
-0.004411
 30
0.0
 11
-0.841243
 21
-0.002208
 31
0.0
  0
LINE
  5
161A
  8
0
 10
-0.841243
 20
-0.002208
 30
0.0
 11
-0.8412790000000001
 21
0.0
 31
0.0
  0
LINE
  5
161B
  8
0
 10
-0.8490499999999999
 20
0.03022
 30
0.0
 11
-0.848089
 21
0.028548
 31
0.0
  0
LINE
  5
161C
  8
0
 10
-0.8712790000000001
 20
0.045
 30
0.0
 11
-0.8698069999999999
 21
0.044946
 31
0.0
  0
LINE
  5
161D
  8
0
 10
-0.8683389999999999
 20
0.044783
 30
0.0
 11
-0.866877
 21
0.044513
 31
0.0
  0
LINE
  5
161E
  8
0
 10
-0.866877
 20
0.044513
 30
0.0
 11
-0.865426
 21
0.044135
 31
0.0
  0
LINE
  5
161F
  8
0
 10
-0.865426
 20
0.044135
 30
0.0
 11
-0.8639899999999999
 21
0.043652
 31
0.0
  0
LINE
  5
1620
  8
0
 10
-0.8639899999999999
 20
0.043652
 30
0.0
 11
-0.8625709999999998
 21
0.043062
 31
0.0
  0
LINE
  5
1621
  8
0
 10
-0.8625709999999998
 20
0.043062
 30
0.0
 11
-0.8611729999999997
 21
0.04237
 31
0.0
  0
LINE
  5
1622
  8
0
 10
-0.8344699999999999
 20
0.028548
 30
0.0
 11
-0.8335079999999999
 21
0.03022
 31
0.0
  0
LINE
  5
1623
  8
0
 10
-0.8353749999999998
 20
0.026806
 30
0.0
 11
-0.8344699999999999
 21
0.028548
 31
0.0
  0
LINE
  5
1624
  8
0
 10
-0.838399
 20
0.01924
 30
0.0
 11
-0.837737
 21
0.021213
 31
0.0
  0
LINE
  5
1625
  8
0
 10
-0.837737
 20
0.021213
 30
0.0
 11
-0.837011
 21
0.023135
 31
0.0
  0
LINE
  5
1626
  8
0
 10
-0.837011
 20
0.023135
 30
0.0
 11
-0.836223
 21
0.025001
 31
0.0
  0
LINE
  5
1627
  8
0
 10
-0.836223
 20
0.025001
 30
0.0
 11
-0.8353749999999998
 21
0.026806
 31
0.0
  0
LINE
  5
1628
  8
0
 10
-0.8335079999999999
 20
0.03022
 30
0.0
 11
-0.832492
 21
0.03182
 31
0.0
  0
LINE
  5
1629
  8
0
 10
-0.832492
 20
0.03182
 30
0.0
 11
-0.831426
 21
0.033343
 31
0.0
  0
LINE
  5
162A
  8
0
 10
-0.831426
 20
0.033343
 30
0.0
 11
-0.830311
 21
0.034786
 31
0.0
  0
LINE
  5
162B
  8
0
 10
-0.830311
 20
0.034786
 30
0.0
 11
-0.82915
 21
0.036144
 31
0.0
  0
LINE
  5
162C
  8
0
 10
-0.82915
 20
0.036144
 30
0.0
 11
-0.8279469999999998
 21
0.037416
 31
0.0
  0
LINE
  5
162D
  8
0
 10
-0.8279469999999998
 20
0.037416
 30
0.0
 11
-0.826702
 21
0.038598
 31
0.0
  0
LINE
  5
162E
  8
0
 10
-0.826702
 20
0.038598
 30
0.0
 11
-0.825421
 21
0.039686
 31
0.0
  0
LINE
  5
162F
  8
0
 10
-0.825421
 20
0.039686
 30
0.0
 11
-0.8241059999999999
 21
0.040679
 31
0.0
  0
LINE
  5
1630
  8
0
 10
-0.8241059999999999
 20
0.040679
 30
0.0
 11
-0.82276
 21
0.041575
 31
0.0
  0
LINE
  5
1631
  8
0
 10
-0.82276
 20
0.041575
 30
0.0
 11
-0.821386
 21
0.04237
 31
0.0
  0
LINE
  5
1632
  8
0
 10
-0.821386
 20
0.04237
 30
0.0
 11
-0.819988
 21
0.043062
 31
0.0
  0
LINE
  5
1633
  8
0
 10
-0.819988
 20
0.043062
 30
0.0
 11
-0.8185689999999999
 21
0.043652
 31
0.0
  0
LINE
  5
1634
  8
0
 10
-0.8185689999999999
 20
0.043652
 30
0.0
 11
-0.8171319999999997
 21
0.044135
 31
0.0
  0
LINE
  5
1635
  8
0
 10
-0.8171319999999997
 20
0.044135
 30
0.0
 11
-0.815681
 21
0.044513
 31
0.0
  0
LINE
  5
1636
  8
0
 10
-0.838996
 20
0.017221
 30
0.0
 11
-0.838399
 21
0.01924
 31
0.0
  0
LINE
  5
1637
  8
0
 10
-0.838399
 20
-0.01924
 30
0.0
 11
-0.838996
 21
-0.017221
 31
0.0
  0
LINE
  5
1638
  8
0
 10
-0.811279
 20
-0.045
 30
0.0
 11
-0.812751
 21
-0.044946
 31
0.0
  0
LINE
  5
1639
  8
0
 10
-0.790066
 20
-0.03182
 30
0.0
 11
-0.791132
 21
-0.033343
 31
0.0
  0
LINE
  5
163A
  8
0
 10
-0.791132
 20
-0.033343
 30
0.0
 11
-0.7922470000000001
 21
-0.034786
 31
0.0
  0
LINE
  5
163B
  8
0
 10
-0.7922470000000001
 20
-0.034786
 30
0.0
 11
-0.793408
 21
-0.036144
 31
0.0
  0
LINE
  5
163C
  8
0
 10
-0.793408
 20
-0.036144
 30
0.0
 11
-0.794612
 21
-0.037416
 31
0.0
  0
LINE
  5
163D
  8
0
 10
-0.794612
 20
-0.037416
 30
0.0
 11
-0.7958560000000002
 21
-0.038598
 31
0.0
  0
LINE
  5
163E
  8
0
 10
-0.7958560000000002
 20
-0.038598
 30
0.0
 11
-0.7971370000000002
 21
-0.039686
 31
0.0
  0
LINE
  5
163F
  8
0
 10
-0.798452
 20
-0.040679
 30
0.0
 11
-0.799799
 21
-0.041575
 31
0.0
  0
LINE
  5
1640
  8
0
 10
-0.801173
 20
-0.04237
 30
0.0
 11
-0.802571
 21
-0.043062
 31
0.0
  0
LINE
  5
1641
  8
0
 10
-0.799799
 20
-0.041575
 30
0.0
 11
-0.801173
 21
-0.04237
 31
0.0
  0
LINE
  5
1642
  8
0
 10
-0.802571
 20
-0.043062
 30
0.0
 11
-0.8039899999999999
 21
-0.043651
 31
0.0
  0
LINE
  5
1643
  8
0
 10
-0.8039899999999999
 20
-0.043651
 30
0.0
 11
-0.8054259999999999
 21
-0.044135
 31
0.0
  0
LINE
  5
1644
  8
0
 10
-0.8054259999999999
 20
-0.044135
 30
0.0
 11
-0.806877
 21
-0.044513
 31
0.0
  0
LINE
  5
1645
  8
0
 10
-0.806877
 20
-0.044513
 30
0.0
 11
-0.8083389999999999
 21
-0.044783
 31
0.0
  0
LINE
  5
1646
  8
0
 10
-0.8083389999999999
 20
-0.044783
 30
0.0
 11
-0.8098069999999999
 21
-0.044946
 31
0.0
  0
LINE
  5
1647
  8
0
 10
-0.8098069999999999
 20
-0.044946
 30
0.0
 11
-0.811279
 21
-0.045
 31
0.0
  0
LINE
  5
1648
  8
0
 10
-0.7971370000000002
 20
-0.039686
 30
0.0
 11
-0.798452
 21
-0.040679
 31
0.0
  0
LINE
  5
1649
  8
0
 10
-0.812751
 20
0.044946
 30
0.0
 11
-0.811279
 21
0.045
 31
0.0
  0
LINE
  5
164A
  8
0
 10
-0.799799
 20
0.041575
 30
0.0
 11
-0.798452
 21
0.040679
 31
0.0
  0
LINE
  5
164B
  8
0
 10
-0.798452
 20
0.040679
 30
0.0
 11
-0.7971370000000002
 21
0.039686
 31
0.0
  0
LINE
  5
164C
  8
0
 10
-0.7971370000000002
 20
0.039686
 30
0.0
 11
-0.7958560000000002
 21
0.038598
 31
0.0
  0
LINE
  5
164D
  8
0
 10
-0.7958560000000002
 20
0.038598
 30
0.0
 11
-0.794612
 21
0.037416
 31
0.0
  0
LINE
  5
164E
  8
0
 10
-0.794612
 20
0.037416
 30
0.0
 11
-0.793408
 21
0.036144
 31
0.0
  0
LINE
  5
164F
  8
0
 10
-0.793408
 20
0.036144
 30
0.0
 11
-0.7922470000000001
 21
0.034786
 31
0.0
  0
LINE
  5
1650
  8
0
 10
-0.7922470000000001
 20
0.034786
 30
0.0
 11
-0.791132
 21
0.033343
 31
0.0
  0
LINE
  5
1651
  8
0
 10
-0.791132
 20
0.033343
 30
0.0
 11
-0.790066
 21
0.03182
 31
0.0
  0
LINE
  5
1652
  8
0
 10
-0.802571
 20
0.043062
 30
0.0
 11
-0.801173
 21
0.04237
 31
0.0
  0
LINE
  5
1653
  8
0
 10
-0.801173
 20
0.04237
 30
0.0
 11
-0.799799
 21
0.041575
 31
0.0
  0
LINE
  5
1654
  8
0
 10
-0.811279
 20
0.045
 30
0.0
 11
-0.8098069999999999
 21
0.044946
 31
0.0
  0
LINE
  5
1655
  8
0
 10
-0.8098069999999999
 20
0.044946
 30
0.0
 11
-0.8083389999999999
 21
0.044783
 31
0.0
  0
LINE
  5
1656
  8
0
 10
-0.8083389999999999
 20
0.044783
 30
0.0
 11
-0.806877
 21
0.044513
 31
0.0
  0
LINE
  5
1657
  8
0
 10
-0.806877
 20
0.044513
 30
0.0
 11
-0.8054259999999999
 21
0.044135
 31
0.0
  0
LINE
  5
1658
  8
0
 10
-0.8054259999999999
 20
0.044135
 30
0.0
 11
-0.8039899999999999
 21
0.043652
 31
0.0
  0
LINE
  5
1659
  8
0
 10
-0.8039899999999999
 20
0.043652
 30
0.0
 11
-0.802571
 21
0.043062
 31
0.0
  0
LINE
  5
165A
  8
0
 10
-0.812751
 20
-0.044946
 30
0.0
 11
-0.8142199999999998
 21
-0.044783
 31
0.0
  0
LINE
  5
165B
  8
0
 10
-0.8142199999999998
 20
0.044783
 30
0.0
 11
-0.812751
 21
0.044946
 31
0.0
  0
LINE
  5
165C
  8
0
 10
-0.8712790000000001
 20
0.045
 30
0.0
 11
-0.901279
 21
0.045
 31
0.0
  0
LINE
  5
165D
  8
0
 10
-0.901279
 20
-0.045
 30
0.0
 11
-0.8712790000000001
 21
-0.045
 31
0.0
  0
LINE
  5
165E
  8
0
 10
-0.8712790000000001
 20
-0.045
 30
0.0
 11
-0.872751
 21
-0.044946
 31
0.0
  0
LINE
  5
165F
  8
0
 10
-0.872751
 20
0.044946
 30
0.0
 11
-0.8712790000000001
 21
0.045
 31
0.0
  0
LINE
  5
1660
  8
0
 10
-0.848089
 20
0.028548
 30
0.0
 11
-0.8395249999999999
 21
0.01516
 31
0.0
  0
LINE
  5
1661
  8
0
 10
-0.7890500000000003
 20
-0.03022
 30
0.0
 11
-0.790066
 21
-0.03182
 31
0.0
  0
LINE
  5
1662
  8
0
 10
-0.790066
 20
0.03182
 30
0.0
 11
-0.7890500000000003
 21
0.03022
 31
0.0
  0
LINE
  5
1663
  8
0
 10
-0.7841600000000001
 20
-0.01924
 30
0.0
 11
-0.7848220000000004
 21
-0.021213
 31
0.0
  0
LINE
  5
1664
  8
0
 10
-0.7777370000000003
 20
-0.021213
 30
0.0
 11
-0.778399
 21
-0.01924
 31
0.0
  0
LINE
  5
1665
  8
0
 10
-0.785548
 20
-0.023135
 30
0.0
 11
-0.7863350000000005
 21
-0.025001
 31
0.0
  0
LINE
  5
1666
  8
0
 10
-0.7863350000000005
 20
-0.025001
 30
0.0
 11
-0.787183
 21
-0.026806
 31
0.0
  0
LINE
  5
1667
  8
0
 10
-0.787183
 20
-0.026806
 30
0.0
 11
-0.7880890000000002
 21
-0.028548
 31
0.0
  0
LINE
  5
1668
  8
0
 10
-0.7880890000000002
 20
-0.028548
 30
0.0
 11
-0.7890500000000003
 21
-0.03022
 31
0.0
  0
LINE
  5
1669
  8
0
 10
-0.7848220000000004
 20
-0.021213
 30
0.0
 11
-0.785548
 21
-0.023135
 31
0.0
  0
LINE
  5
166A
  8
0
 10
-0.776223
 20
-0.025001
 30
0.0
 11
-0.777011
 21
-0.023135
 31
0.0
  0
LINE
  5
166B
  8
0
 10
-0.76915
 20
-0.036144
 30
0.0
 11
-0.770311
 21
-0.034786
 31
0.0
  0
LINE
  5
166C
  8
0
 10
-0.770311
 20
-0.034786
 30
0.0
 11
-0.7714260000000001
 21
-0.033343
 31
0.0
  0
LINE
  5
166D
  8
0
 10
-0.7714260000000001
 20
-0.033343
 30
0.0
 11
-0.772492
 21
-0.03182
 31
0.0
  0
LINE
  5
166E
  8
0
 10
-0.772492
 20
-0.03182
 30
0.0
 11
-0.773508
 21
-0.03022
 31
0.0
  0
LINE
  5
166F
  8
0
 10
-0.773508
 20
-0.03022
 30
0.0
 11
-0.774469
 21
-0.028548
 31
0.0
  0
LINE
  5
1670
  8
0
 10
-0.774469
 20
-0.028548
 30
0.0
 11
-0.7753750000000001
 21
-0.026806
 31
0.0
  0
LINE
  5
1671
  8
0
 10
-0.7753750000000001
 20
-0.026806
 30
0.0
 11
-0.776223
 21
-0.025001
 31
0.0
  0
LINE
  5
1672
  8
0
 10
-0.777011
 20
-0.023135
 30
0.0
 11
-0.7777370000000003
 21
-0.021213
 31
0.0
  0
LINE
  5
1673
  8
0
 10
-0.7799870000000002
 20
-0.013063
 30
0.0
 11
-0.7803800000000001
 21
-0.010934
 31
0.0
  0
LINE
  5
1674
  8
0
 10
-0.7803800000000001
 20
0.010934
 30
0.0
 11
-0.7799870000000002
 21
0.013063
 31
0.0
  0
LINE
  5
1675
  8
0
 10
-0.781279
 20
0.0
 30
0.0
 11
-0.781243
 21
0.002208
 31
0.0
  0
LINE
  5
1676
  8
0
 10
-0.7813150000000002
 20
0.002208
 30
0.0
 11
-0.781279
 21
0.0
 31
0.0
  0
LINE
  5
1677
  8
0
 10
-0.782178
 20
-0.010934
 30
0.0
 11
-0.782571
 21
-0.013063
 31
0.0
  0
LINE
  5
1678
  8
0
 10
-0.782571
 20
-0.013063
 30
0.0
 11
-0.783033
 21
-0.01516
 31
0.0
  0
LINE
  5
1679
  8
0
 10
-0.783033
 20
-0.01516
 30
0.0
 11
-0.783563
 21
-0.017221
 31
0.0
  0
LINE
  5
167A
  8
0
 10
-0.783563
 20
-0.017221
 30
0.0
 11
-0.7841600000000001
 21
-0.01924
 31
0.0
  0
LINE
  5
167B
  8
0
 10
-0.7803800000000001
 20
-0.010934
 30
0.0
 11
-0.780703
 21
-0.008779
 31
0.0
  0
LINE
  5
167C
  8
0
 10
-0.780703
 20
-0.008779
 30
0.0
 11
-0.7809540000000001
 21
-0.006603
 31
0.0
  0
LINE
  5
167D
  8
0
 10
-0.7809540000000001
 20
-0.006603
 30
0.0
 11
-0.781135
 21
-0.004411
 31
0.0
  0
LINE
  5
167E
  8
0
 10
-0.781135
 20
-0.004411
 30
0.0
 11
-0.781243
 21
-0.002208
 31
0.0
  0
LINE
  5
167F
  8
0
 10
-0.781243
 20
-0.002208
 30
0.0
 11
-0.781279
 21
0.0
 31
0.0
  0
LINE
  5
1680
  8
0
 10
-0.781279
 20
0.0
 30
0.0
 11
-0.7813150000000002
 21
-0.002208
 31
0.0
  0
LINE
  5
1681
  8
0
 10
-0.7813150000000002
 20
-0.002208
 30
0.0
 11
-0.781424
 21
-0.004411
 31
0.0
  0
LINE
  5
1682
  8
0
 10
-0.781424
 20
-0.004411
 30
0.0
 11
-0.781604
 21
-0.006603
 31
0.0
  0
LINE
  5
1683
  8
0
 10
-0.781604
 20
-0.006603
 30
0.0
 11
-0.781856
 21
-0.008779
 31
0.0
  0
LINE
  5
1684
  8
0
 10
-0.781856
 20
-0.008779
 30
0.0
 11
-0.782178
 21
-0.010934
 31
0.0
  0
LINE
  5
1685
  8
0
 10
-0.7890500000000003
 20
0.03022
 30
0.0
 11
-0.7880890000000002
 21
0.028548
 31
0.0
  0
LINE
  5
1686
  8
0
 10
-0.781243
 20
0.002208
 30
0.0
 11
-0.781135
 21
0.004411
 31
0.0
  0
LINE
  5
1687
  8
0
 10
-0.781135
 20
0.004411
 30
0.0
 11
-0.7809540000000001
 21
0.006603
 31
0.0
  0
LINE
  5
1688
  8
0
 10
-0.7809540000000001
 20
0.006603
 30
0.0
 11
-0.780703
 21
0.008779
 31
0.0
  0
LINE
  5
1689
  8
0
 10
-0.780703
 20
0.008779
 30
0.0
 11
-0.7803800000000001
 21
0.010934
 31
0.0
  0
LINE
  5
168A
  8
0
 10
-0.7880890000000002
 20
0.028548
 30
0.0
 11
-0.787183
 21
0.026806
 31
0.0
  0
LINE
  5
168B
  8
0
 10
-0.787183
 20
0.026806
 30
0.0
 11
-0.7863350000000005
 21
0.025001
 31
0.0
  0
LINE
  5
168C
  8
0
 10
-0.7863350000000005
 20
0.025001
 30
0.0
 11
-0.785548
 21
0.023135
 31
0.0
  0
LINE
  5
168D
  8
0
 10
-0.785548
 20
0.023135
 30
0.0
 11
-0.7848220000000004
 21
0.021213
 31
0.0
  0
LINE
  5
168E
  8
0
 10
-0.7848220000000004
 20
0.021213
 30
0.0
 11
-0.7841600000000001
 21
0.01924
 31
0.0
  0
LINE
  5
168F
  8
0
 10
-0.7841600000000001
 20
0.01924
 30
0.0
 11
-0.783563
 21
0.017221
 31
0.0
  0
LINE
  5
1690
  8
0
 10
-0.783563
 20
0.017221
 30
0.0
 11
-0.783033
 21
0.01516
 31
0.0
  0
LINE
  5
1691
  8
0
 10
-0.783033
 20
0.01516
 30
0.0
 11
-0.782571
 21
0.013063
 31
0.0
  0
LINE
  5
1692
  8
0
 10
-0.782571
 20
0.013063
 30
0.0
 11
-0.782178
 21
0.010934
 31
0.0
  0
LINE
  5
1693
  8
0
 10
-0.782178
 20
0.010934
 30
0.0
 11
-0.781856
 21
0.008779
 31
0.0
  0
LINE
  5
1694
  8
0
 10
-0.781856
 20
0.008779
 30
0.0
 11
-0.781604
 21
0.006603
 31
0.0
  0
LINE
  5
1695
  8
0
 10
-0.781604
 20
0.006603
 30
0.0
 11
-0.781424
 21
0.004411
 31
0.0
  0
LINE
  5
1696
  8
0
 10
-0.781424
 20
0.004411
 30
0.0
 11
-0.7813150000000002
 21
0.002208
 31
0.0
  0
LINE
  5
1697
  8
0
 10
-0.778399
 20
-0.01924
 30
0.0
 11
-0.7789960000000004
 21
-0.017221
 31
0.0
  0
LINE
  5
1698
  8
0
 10
-0.7789960000000004
 20
-0.017221
 30
0.0
 11
-0.7795250000000002
 21
-0.01516
 31
0.0
  0
LINE
  5
1699
  8
0
 10
-0.7795250000000002
 20
-0.01516
 30
0.0
 11
-0.7799870000000002
 21
-0.013063
 31
0.0
  0
LINE
  5
169A
  8
0
 10
-0.774469
 20
0.028548
 30
0.0
 11
-0.773508
 21
0.03022
 31
0.0
  0
LINE
  5
169B
  8
0
 10
-0.7799870000000002
 20
0.013063
 30
0.0
 11
-0.7795250000000002
 21
0.01516
 31
0.0
  0
LINE
  5
169C
  8
0
 10
-0.7795250000000002
 20
0.01516
 30
0.0
 11
-0.7789960000000004
 21
0.017221
 31
0.0
  0
LINE
  5
169D
  8
0
 10
-0.7789960000000004
 20
0.017221
 30
0.0
 11
-0.778399
 21
0.01924
 31
0.0
  0
LINE
  5
169E
  8
0
 10
-0.778399
 20
0.01924
 30
0.0
 11
-0.7777370000000003
 21
0.021213
 31
0.0
  0
LINE
  5
169F
  8
0
 10
-0.7777370000000003
 20
0.021213
 30
0.0
 11
-0.777011
 21
0.023135
 31
0.0
  0
LINE
  5
16A0
  8
0
 10
-0.777011
 20
0.023135
 30
0.0
 11
-0.776223
 21
0.025001
 31
0.0
  0
LINE
  5
16A1
  8
0
 10
-0.776223
 20
0.025001
 30
0.0
 11
-0.7753750000000001
 21
0.026806
 31
0.0
  0
LINE
  5
16A2
  8
0
 10
-0.7753750000000001
 20
0.026806
 30
0.0
 11
-0.774469
 21
0.028548
 31
0.0
  0
LINE
  5
16A3
  8
0
 10
-0.773508
 20
0.03022
 30
0.0
 11
-0.772492
 21
0.03182
 31
0.0
  0
LINE
  5
16A4
  8
0
 10
-0.772492
 20
0.03182
 30
0.0
 11
-0.7714260000000001
 21
0.033343
 31
0.0
  0
LINE
  5
16A5
  8
0
 10
-0.7714260000000001
 20
0.033343
 30
0.0
 11
-0.770311
 21
0.034786
 31
0.0
  0
LINE
  5
16A6
  8
0
 10
-0.770311
 20
0.034786
 30
0.0
 11
-0.76915
 21
0.036144
 31
0.0
  0
LINE
  5
16A7
  8
0
 10
-0.7358560000000001
 20
-0.038598
 30
0.0
 11
-0.7371370000000002
 21
-0.039686
 31
0.0
  0
LINE
  5
16A8
  8
0
 10
-0.7384520000000001
 20
-0.040679
 30
0.0
 11
-0.739799
 21
-0.041575
 31
0.0
  0
LINE
  5
16A9
  8
0
 10
-0.739799
 20
-0.041575
 30
0.0
 11
-0.741172
 21
-0.04237
 31
0.0
  0
LINE
  5
16AA
  8
0
 10
-0.741172
 20
-0.04237
 30
0.0
 11
-0.742571
 21
-0.043062
 31
0.0
  0
LINE
  5
16AB
  8
0
 10
-0.742571
 20
-0.043062
 30
0.0
 11
-0.74399
 21
-0.043651
 31
0.0
  0
LINE
  5
16AC
  8
0
 10
-0.74399
 20
-0.043651
 30
0.0
 11
-0.7454260000000003
 21
-0.044135
 31
0.0
  0
LINE
  5
16AD
  8
0
 10
-0.7454260000000003
 20
-0.044135
 30
0.0
 11
-0.7468770000000001
 21
-0.044513
 31
0.0
  0
LINE
  5
16AE
  8
0
 10
-0.7468770000000001
 20
-0.044513
 30
0.0
 11
-0.7483390000000001
 21
-0.044783
 31
0.0
  0
LINE
  5
16AF
  8
0
 10
-0.7483390000000001
 20
-0.044783
 30
0.0
 11
-0.7498070000000002
 21
-0.044946
 31
0.0
  0
LINE
  5
16B0
  8
0
 10
-0.7498070000000002
 20
-0.044946
 30
0.0
 11
-0.7512790000000003
 21
-0.045
 31
0.0
  0
LINE
  5
16B1
  8
0
 10
-0.7512790000000003
 20
-0.045
 30
0.0
 11
-0.7527510000000001
 21
-0.044946
 31
0.0
  0
LINE
  5
16B2
  8
0
 10
-0.7527510000000001
 20
-0.044946
 30
0.0
 11
-0.7542200000000002
 21
-0.044783
 31
0.0
  0
LINE
  5
16B3
  8
0
 10
-0.7371370000000002
 20
-0.039686
 30
0.0
 11
-0.7384520000000001
 21
-0.040679
 31
0.0
  0
LINE
  5
16B4
  8
0
 10
-0.716223
 20
-0.025001
 30
0.0
 11
-0.717011
 21
-0.023135
 31
0.0
  0
LINE
  5
16B5
  8
0
 10
-0.711426
 20
-0.033343
 30
0.0
 11
-0.7124920000000003
 21
-0.03182
 31
0.0
  0
LINE
  5
16B6
  8
0
 10
-0.705421
 20
-0.039686
 30
0.0
 11
-0.706702
 21
-0.038598
 31
0.0
  0
LINE
  5
16B7
  8
0
 10
-0.706702
 20
-0.038598
 30
0.0
 11
-0.707946
 21
-0.037416
 31
0.0
  0
LINE
  5
16B8
  8
0
 10
-0.707946
 20
-0.037416
 30
0.0
 11
-0.70915
 21
-0.036144
 31
0.0
  0
LINE
  5
16B9
  8
0
 10
-0.70915
 20
-0.036144
 30
0.0
 11
-0.710311
 21
-0.034786
 31
0.0
  0
LINE
  5
16BA
  8
0
 10
-0.710311
 20
-0.034786
 30
0.0
 11
-0.711426
 21
-0.033343
 31
0.0
  0
LINE
  5
16BB
  8
0
 10
-0.7124920000000003
 20
-0.03182
 30
0.0
 11
-0.7135080000000003
 21
-0.03022
 31
0.0
  0
LINE
  5
16BC
  8
0
 10
-0.7135080000000003
 20
-0.03022
 30
0.0
 11
-0.7144689999999999
 21
-0.028548
 31
0.0
  0
LINE
  5
16BD
  8
0
 10
-0.7144689999999999
 20
-0.028548
 30
0.0
 11
-0.715375
 21
-0.026806
 31
0.0
  0
LINE
  5
16BE
  8
0
 10
-0.715375
 20
-0.026806
 30
0.0
 11
-0.716223
 21
-0.025001
 31
0.0
  0
LINE
  5
16BF
  8
0
 10
-0.717011
 20
-0.023135
 30
0.0
 11
-0.717737
 21
-0.021213
 31
0.0
  0
LINE
  5
16C0
  8
0
 10
-0.698569
 20
-0.043651
 30
0.0
 11
-0.699988
 21
-0.043062
 31
0.0
  0
LINE
  5
16C1
  8
0
 10
-0.699988
 20
-0.043062
 30
0.0
 11
-0.701386
 21
-0.04237
 31
0.0
  0
LINE
  5
16C2
  8
0
 10
-0.701386
 20
-0.04237
 30
0.0
 11
-0.70276
 21
-0.041575
 31
0.0
  0
LINE
  5
16C3
  8
0
 10
-0.70276
 20
-0.041575
 30
0.0
 11
-0.704106
 21
-0.040679
 31
0.0
  0
LINE
  5
16C4
  8
0
 10
-0.704106
 20
-0.040679
 30
0.0
 11
-0.705421
 21
-0.039686
 31
0.0
  0
LINE
  5
16C5
  8
0
 10
-0.698569
 20
0.043652
 30
0.0
 11
-0.697132
 21
0.044135
 31
0.0
  0
LINE
  5
16C6
  8
0
 10
-0.724821
 20
0.021213
 30
0.0
 11
-0.7241590000000003
 21
0.01924
 31
0.0
  0
LINE
  5
16C7
  8
0
 10
-0.722178
 20
-0.010934
 30
0.0
 11
-0.722571
 21
-0.013063
 31
0.0
  0
LINE
  5
16C8
  8
0
 10
-0.722571
 20
-0.013063
 30
0.0
 11
-0.7230330000000001
 21
-0.01516
 31
0.0
  0
LINE
  5
16C9
  8
0
 10
-0.7230330000000001
 20
-0.01516
 30
0.0
 11
-0.723563
 21
-0.017221
 31
0.0
  0
LINE
  5
16CA
  8
0
 10
-0.723563
 20
-0.017221
 30
0.0
 11
-0.7241590000000003
 21
-0.01924
 31
0.0
  0
LINE
  5
16CB
  8
0
 10
-0.721856
 20
-0.008779
 30
0.0
 11
-0.722178
 21
-0.010934
 31
0.0
  0
LINE
  5
16CC
  8
0
 10
-0.7241590000000003
 20
0.01924
 30
0.0
 11
-0.723563
 21
0.017221
 31
0.0
  0
LINE
  5
16CD
  8
0
 10
-0.723563
 20
0.017221
 30
0.0
 11
-0.7230330000000001
 21
0.01516
 31
0.0
  0
LINE
  5
16CE
  8
0
 10
-0.7230330000000001
 20
0.01516
 30
0.0
 11
-0.722571
 21
0.013063
 31
0.0
  0
LINE
  5
16CF
  8
0
 10
-0.722571
 20
0.013063
 30
0.0
 11
-0.722178
 21
0.010934
 31
0.0
  0
LINE
  5
16D0
  8
0
 10
-0.722178
 20
0.010934
 30
0.0
 11
-0.721856
 21
0.008779
 31
0.0
  0
LINE
  5
16D1
  8
0
 10
-0.7290510000000002
 20
0.03022
 30
0.0
 11
-0.728089
 21
0.028548
 31
0.0
  0
LINE
  5
16D2
  8
0
 10
-0.728089
 20
0.028548
 30
0.0
 11
-0.7271830000000002
 21
0.026806
 31
0.0
  0
LINE
  5
16D3
  8
0
 10
-0.7271830000000002
 20
0.026806
 30
0.0
 11
-0.7263350000000001
 21
0.025001
 31
0.0
  0
LINE
  5
16D4
  8
0
 10
-0.7263350000000001
 20
0.025001
 30
0.0
 11
-0.725547
 21
0.023135
 31
0.0
  0
LINE
  5
16D5
  8
0
 10
-0.725547
 20
0.023135
 30
0.0
 11
-0.724821
 21
0.021213
 31
0.0
  0
LINE
  5
16D6
  8
0
 10
-0.730066
 20
0.03182
 30
0.0
 11
-0.7290510000000002
 21
0.03022
 31
0.0
  0
LINE
  5
16D7
  8
0
 10
-0.7512790000000003
 20
0.045
 30
0.0
 11
-0.7498070000000002
 21
0.044946
 31
0.0
  0
LINE
  5
16D8
  8
0
 10
-0.7498070000000002
 20
0.044946
 30
0.0
 11
-0.7483390000000001
 21
0.044783
 31
0.0
  0
LINE
  5
16D9
  8
0
 10
-0.7483390000000001
 20
0.044783
 30
0.0
 11
-0.7468770000000001
 21
0.044513
 31
0.0
  0
LINE
  5
16DA
  8
0
 10
-0.7468770000000001
 20
0.044513
 30
0.0
 11
-0.7454260000000003
 21
0.044135
 31
0.0
  0
LINE
  5
16DB
  8
0
 10
-0.7454260000000003
 20
0.044135
 30
0.0
 11
-0.74399
 21
0.043652
 31
0.0
  0
LINE
  5
16DC
  8
0
 10
-0.74399
 20
0.043652
 30
0.0
 11
-0.742571
 21
0.043062
 31
0.0
  0
LINE
  5
16DD
  8
0
 10
-0.742571
 20
0.043062
 30
0.0
 11
-0.741172
 21
0.04237
 31
0.0
  0
LINE
  5
16DE
  8
0
 10
-0.741172
 20
0.04237
 30
0.0
 11
-0.739799
 21
0.041575
 31
0.0
  0
LINE
  5
16DF
  8
0
 10
-0.739799
 20
0.041575
 30
0.0
 11
-0.7384520000000001
 21
0.040679
 31
0.0
  0
LINE
  5
16E0
  8
0
 10
-0.7384520000000001
 20
0.040679
 30
0.0
 11
-0.7371370000000002
 21
0.039686
 31
0.0
  0
LINE
  5
16E1
  8
0
 10
-0.7371370000000002
 20
0.039686
 30
0.0
 11
-0.7358560000000001
 21
0.038598
 31
0.0
  0
LINE
  5
16E2
  8
0
 10
-0.7358560000000001
 20
0.038598
 30
0.0
 11
-0.7346120000000002
 21
0.037416
 31
0.0
  0
LINE
  5
16E3
  8
0
 10
-0.7346120000000002
 20
0.037416
 30
0.0
 11
-0.733408
 21
0.036144
 31
0.0
  0
LINE
  5
16E4
  8
0
 10
-0.733408
 20
0.036144
 30
0.0
 11
-0.732247
 21
0.034786
 31
0.0
  0
LINE
  5
16E5
  8
0
 10
-0.732247
 20
0.034786
 30
0.0
 11
-0.7311320000000002
 21
0.033343
 31
0.0
  0
LINE
  5
16E6
  8
0
 10
-0.7311320000000002
 20
0.033343
 30
0.0
 11
-0.730066
 21
0.03182
 31
0.0
  0
LINE
  5
16E7
  8
0
 10
-0.7542200000000002
 20
0.044783
 30
0.0
 11
-0.7527510000000001
 21
0.044946
 31
0.0
  0
LINE
  5
16E8
  8
0
 10
-0.7527510000000001
 20
0.044946
 30
0.0
 11
-0.7512790000000003
 21
0.045
 31
0.0
  0
LINE
  5
16E9
  8
0
 10
-0.7213149999999999
 20
0.002208
 30
0.0
 11
-0.721279
 21
0.0
 31
0.0
  0
LINE
  5
16EA
  8
0
 10
-0.721279
 20
0.0
 30
0.0
 11
-0.7212430000000003
 21
0.002208
 31
0.0
  0
LINE
  5
16EB
  8
0
 10
-0.7199870000000002
 20
-0.013063
 30
0.0
 11
-0.7203800000000001
 21
-0.010934
 31
0.0
  0
LINE
  5
16EC
  8
0
 10
-0.718399
 20
-0.01924
 30
0.0
 11
-0.718996
 21
-0.017221
 31
0.0
  0
LINE
  5
16ED
  8
0
 10
-0.718996
 20
-0.017221
 30
0.0
 11
-0.719525
 21
-0.01516
 31
0.0
  0
LINE
  5
16EE
  8
0
 10
-0.719525
 20
-0.01516
 30
0.0
 11
-0.7199870000000002
 21
-0.013063
 31
0.0
  0
LINE
  5
16EF
  8
0
 10
-0.721279
 20
0.0
 30
0.0
 11
-0.7213149999999999
 21
-0.002208
 31
0.0
  0
LINE
  5
16F0
  8
0
 10
-0.7213149999999999
 20
-0.002208
 30
0.0
 11
-0.721424
 21
-0.004411
 31
0.0
  0
LINE
  5
16F1
  8
0
 10
-0.721424
 20
-0.004411
 30
0.0
 11
-0.7216040000000002
 21
-0.006603
 31
0.0
  0
LINE
  5
16F2
  8
0
 10
-0.7203800000000001
 20
-0.010934
 30
0.0
 11
-0.720703
 21
-0.008779
 31
0.0
  0
LINE
  5
16F3
  8
0
 10
-0.720703
 20
-0.008779
 30
0.0
 11
-0.720954
 21
-0.006603
 31
0.0
  0
LINE
  5
16F4
  8
0
 10
-0.720954
 20
-0.006603
 30
0.0
 11
-0.7211350000000003
 21
-0.004411
 31
0.0
  0
LINE
  5
16F5
  8
0
 10
-0.541315
 20
0.002208
 30
0.0
 11
-0.541279
 21
0.0
 31
0.0
  0
LINE
  5
16F6
  8
0
 10
-0.542178
 20
-0.010934
 30
0.0
 11
-0.5425710000000002
 21
-0.013063
 31
0.0
  0
LINE
  5
16F7
  8
0
 10
-0.5425710000000002
 20
-0.013063
 30
0.0
 11
-0.543033
 21
-0.01516
 31
0.0
  0
LINE
  5
16F8
  8
0
 10
-0.541279
 20
0.0
 30
0.0
 11
-0.541315
 21
-0.002208
 31
0.0
  0
LINE
  5
16F9
  8
0
 10
-0.541315
 20
-0.002208
 30
0.0
 11
-0.5414240000000003
 21
-0.004411
 31
0.0
  0
LINE
  5
16FA
  8
0
 10
-0.5414240000000003
 20
-0.004411
 30
0.0
 11
-0.541604
 21
-0.006603
 31
0.0
  0
LINE
  5
16FB
  8
0
 10
-0.541604
 20
-0.006603
 30
0.0
 11
-0.5418560000000002
 21
-0.008779
 31
0.0
  0
LINE
  5
16FC
  8
0
 10
-0.5418560000000002
 20
-0.008779
 30
0.0
 11
-0.542178
 21
-0.010934
 31
0.0
  0
LINE
  5
16FD
  8
0
 10
-0.543033
 20
0.01516
 30
0.0
 11
-0.5425710000000002
 21
0.013063
 31
0.0
  0
LINE
  5
16FE
  8
0
 10
-0.5425710000000002
 20
0.013063
 30
0.0
 11
-0.542178
 21
0.010934
 31
0.0
  0
LINE
  5
16FF
  8
0
 10
-0.542178
 20
0.010934
 30
0.0
 11
-0.5418560000000002
 21
0.008779
 31
0.0
  0
LINE
  5
1700
  8
0
 10
-0.5418560000000002
 20
0.008779
 30
0.0
 11
-0.541604
 21
0.006603
 31
0.0
  0
LINE
  5
1701
  8
0
 10
-0.541604
 20
0.006603
 30
0.0
 11
-0.5414240000000003
 21
0.004411
 31
0.0
  0
LINE
  5
1702
  8
0
 10
-0.5414240000000003
 20
0.004411
 30
0.0
 11
-0.541315
 21
0.002208
 31
0.0
  0
LINE
  5
1703
  8
0
 10
-0.543033
 20
-0.01516
 30
0.0
 11
-0.543563
 21
-0.017221
 31
0.0
  0
LINE
  5
1704
  8
0
 10
-0.543563
 20
0.017221
 30
0.0
 11
-0.543033
 21
0.01516
 31
0.0
  0
LINE
  5
1705
  8
0
 10
-0.7211350000000003
 20
-0.004411
 30
0.0
 11
-0.7212430000000003
 21
-0.002208
 31
0.0
  0
LINE
  5
1706
  8
0
 10
-0.7212430000000003
 20
-0.002208
 30
0.0
 11
-0.721279
 21
0.0
 31
0.0
  0
LINE
  5
1707
  8
0
 10
-0.7144689999999999
 20
0.028548
 30
0.0
 11
-0.7135080000000003
 21
0.03022
 31
0.0
  0
LINE
  5
1708
  8
0
 10
-0.7216040000000002
 20
0.006603
 30
0.0
 11
-0.721424
 21
0.004411
 31
0.0
  0
LINE
  5
1709
  8
0
 10
-0.721424
 20
0.004411
 30
0.0
 11
-0.7213149999999999
 21
0.002208
 31
0.0
  0
LINE
  5
170A
  8
0
 10
-0.7212430000000003
 20
0.002208
 30
0.0
 11
-0.7211350000000003
 21
0.004411
 31
0.0
  0
LINE
  5
170B
  8
0
 10
-0.7211350000000003
 20
0.004411
 30
0.0
 11
-0.720954
 21
0.006603
 31
0.0
  0
LINE
  5
170C
  8
0
 10
-0.720954
 20
0.006603
 30
0.0
 11
-0.720703
 21
0.008779
 31
0.0
  0
LINE
  5
170D
  8
0
 10
-0.720703
 20
0.008779
 30
0.0
 11
-0.7203800000000001
 21
0.010934
 31
0.0
  0
LINE
  5
170E
  8
0
 10
-0.7203800000000001
 20
0.010934
 30
0.0
 11
-0.7199870000000002
 21
0.013063
 31
0.0
  0
LINE
  5
170F
  8
0
 10
-0.7199870000000002
 20
0.013063
 30
0.0
 11
-0.719525
 21
0.01516
 31
0.0
  0
LINE
  5
1710
  8
0
 10
-0.719525
 20
0.01516
 30
0.0
 11
-0.718996
 21
0.017221
 31
0.0
  0
LINE
  5
1711
  8
0
 10
-0.718996
 20
0.017221
 30
0.0
 11
-0.718399
 21
0.01924
 31
0.0
  0
LINE
  5
1712
  8
0
 10
-0.718399
 20
0.01924
 30
0.0
 11
-0.717737
 21
0.021213
 31
0.0
  0
LINE
  5
1713
  8
0
 10
-0.717737
 20
0.021213
 30
0.0
 11
-0.717011
 21
0.023135
 31
0.0
  0
LINE
  5
1714
  8
0
 10
-0.716223
 20
0.025001
 30
0.0
 11
-0.715375
 21
0.026806
 31
0.0
  0
LINE
  5
1715
  8
0
 10
-0.715375
 20
0.026806
 30
0.0
 11
-0.7144689999999999
 21
0.028548
 31
0.0
  0
LINE
  5
1716
  8
0
 10
-0.717011
 20
0.023135
 30
0.0
 11
-0.716223
 21
0.025001
 31
0.0
  0
LINE
  5
1717
  8
0
 10
-0.7124920000000003
 20
0.03182
 30
0.0
 11
-0.711426
 21
0.033343
 31
0.0
  0
LINE
  5
1718
  8
0
 10
-0.711426
 20
0.033343
 30
0.0
 11
-0.710311
 21
0.034786
 31
0.0
  0
LINE
  5
1719
  8
0
 10
-0.710311
 20
0.034786
 30
0.0
 11
-0.70915
 21
0.036144
 31
0.0
  0
LINE
  5
171A
  8
0
 10
-0.70915
 20
0.036144
 30
0.0
 11
-0.707946
 21
0.037416
 31
0.0
  0
LINE
  5
171B
  8
0
 10
-0.707946
 20
0.037416
 30
0.0
 11
-0.706702
 21
0.038598
 31
0.0
  0
LINE
  5
171C
  8
0
 10
-0.706702
 20
0.038598
 30
0.0
 11
-0.705421
 21
0.039686
 31
0.0
  0
LINE
  5
171D
  8
0
 10
-0.705421
 20
0.039686
 30
0.0
 11
-0.704106
 21
0.040679
 31
0.0
  0
LINE
  5
171E
  8
0
 10
-0.704106
 20
0.040679
 30
0.0
 11
-0.70276
 21
0.041575
 31
0.0
  0
LINE
  5
171F
  8
0
 10
-0.70276
 20
0.041575
 30
0.0
 11
-0.701386
 21
0.04237
 31
0.0
  0
LINE
  5
1720
  8
0
 10
-0.701386
 20
0.04237
 30
0.0
 11
-0.699988
 21
0.043062
 31
0.0
  0
LINE
  5
1721
  8
0
 10
-0.699988
 20
0.043062
 30
0.0
 11
-0.698569
 21
0.043652
 31
0.0
  0
LINE
  5
1722
  8
0
 10
-0.7135080000000003
 20
0.03022
 30
0.0
 11
-0.7124920000000003
 21
0.03182
 31
0.0
  0
LINE
  5
1723
  8
0
 10
-0.7216040000000002
 20
-0.006603
 30
0.0
 11
-0.721856
 21
-0.008779
 31
0.0
  0
LINE
  5
1724
  8
0
 10
-0.721856
 20
0.008779
 30
0.0
 11
-0.7216040000000002
 21
0.006603
 31
0.0
  0
LINE
  5
1725
  8
0
 10
-0.664159
 20
-0.01924
 30
0.0
 11
-0.664821
 21
-0.021213
 31
0.0
  0
LINE
  5
1726
  8
0
 10
-0.6577370000000001
 20
-0.021213
 30
0.0
 11
-0.658399
 21
-0.01924
 31
0.0
  0
LINE
  5
1727
  8
0
 10
-0.638569
 20
-0.043651
 30
0.0
 11
-0.639988
 21
-0.043062
 31
0.0
  0
LINE
  5
1728
  8
0
 10
-0.6722470000000001
 20
-0.034786
 30
0.0
 11
-0.6734080000000005
 21
-0.036144
 31
0.0
  0
LINE
  5
1729
  8
0
 10
-0.6734080000000005
 20
-0.036144
 30
0.0
 11
-0.674612
 21
-0.037416
 31
0.0
  0
LINE
  5
172A
  8
0
 10
-0.674612
 20
-0.037416
 30
0.0
 11
-0.6758560000000001
 21
-0.038598
 31
0.0
  0
LINE
  5
172B
  8
0
 10
-0.6758560000000001
 20
-0.038598
 30
0.0
 11
-0.677137
 21
-0.039686
 31
0.0
  0
LINE
  5
172C
  8
0
 10
-0.6655470000000001
 20
-0.023135
 30
0.0
 11
-0.6663350000000002
 21
-0.025001
 31
0.0
  0
LINE
  5
172D
  8
0
 10
-0.6663350000000002
 20
-0.025001
 30
0.0
 11
-0.667183
 21
-0.026806
 31
0.0
  0
LINE
  5
172E
  8
0
 10
-0.667183
 20
-0.026806
 30
0.0
 11
-0.6680890000000002
 21
-0.028548
 31
0.0
  0
LINE
  5
172F
  8
0
 10
-0.6680890000000002
 20
-0.028548
 30
0.0
 11
-0.6690510000000001
 21
-0.03022
 31
0.0
  0
LINE
  5
1730
  8
0
 10
-0.6690510000000001
 20
-0.03022
 30
0.0
 11
-0.670066
 21
-0.03182
 31
0.0
  0
LINE
  5
1731
  8
0
 10
-0.670066
 20
-0.03182
 30
0.0
 11
-0.671132
 21
-0.033343
 31
0.0
  0
LINE
  5
1732
  8
0
 10
-0.664821
 20
-0.021213
 30
0.0
 11
-0.6655470000000001
 21
-0.023135
 31
0.0
  0
LINE
  5
1733
  8
0
 10
-0.671132
 20
-0.033343
 30
0.0
 11
-0.6722470000000001
 21
-0.034786
 31
0.0
  0
LINE
  5
1734
  8
0
 10
-0.692751
 20
-0.044946
 30
0.0
 11
-0.69422
 21
-0.044783
 31
0.0
  0
LINE
  5
1735
  8
0
 10
-0.678452
 20
-0.040679
 30
0.0
 11
-0.679799
 21
-0.041575
 31
0.0
  0
LINE
  5
1736
  8
0
 10
-0.679799
 20
-0.041575
 30
0.0
 11
-0.6811720000000001
 21
-0.04237
 31
0.0
  0
LINE
  5
1737
  8
0
 10
-0.6811720000000001
 20
-0.04237
 30
0.0
 11
-0.6825710000000001
 21
-0.043062
 31
0.0
  0
LINE
  5
1738
  8
0
 10
-0.6825710000000001
 20
-0.043062
 30
0.0
 11
-0.68399
 21
-0.043651
 31
0.0
  0
LINE
  5
1739
  8
0
 10
-0.68399
 20
-0.043651
 30
0.0
 11
-0.685426
 21
-0.044135
 31
0.0
  0
LINE
  5
173A
  8
0
 10
-0.685426
 20
-0.044135
 30
0.0
 11
-0.6868770000000001
 21
-0.044513
 31
0.0
  0
LINE
  5
173B
  8
0
 10
-0.6868770000000001
 20
-0.044513
 30
0.0
 11
-0.6883390000000001
 21
-0.044783
 31
0.0
  0
LINE
  5
173C
  8
0
 10
-0.6883390000000001
 20
-0.044783
 30
0.0
 11
-0.689807
 21
-0.044946
 31
0.0
  0
LINE
  5
173D
  8
0
 10
-0.689807
 20
-0.044946
 30
0.0
 11
-0.691279
 21
-0.045
 31
0.0
  0
LINE
  5
173E
  8
0
 10
-0.691279
 20
-0.045
 30
0.0
 11
-0.692751
 21
-0.044946
 31
0.0
  0
LINE
  5
173F
  8
0
 10
-0.69422
 20
-0.044783
 30
0.0
 11
-0.695681
 21
-0.044513
 31
0.0
  0
LINE
  5
1740
  8
0
 10
-0.677137
 20
-0.039686
 30
0.0
 11
-0.678452
 21
-0.040679
 31
0.0
  0
LINE
  5
1741
  8
0
 10
-0.656223
 20
-0.025001
 30
0.0
 11
-0.657011
 21
-0.023135
 31
0.0
  0
LINE
  5
1742
  8
0
 10
-0.645421
 20
-0.039686
 30
0.0
 11
-0.646702
 21
-0.038598
 31
0.0
  0
LINE
  5
1743
  8
0
 10
-0.646702
 20
-0.038598
 30
0.0
 11
-0.647947
 21
-0.037416
 31
0.0
  0
LINE
  5
1744
  8
0
 10
-0.647947
 20
-0.037416
 30
0.0
 11
-0.6491500000000002
 21
-0.036144
 31
0.0
  0
LINE
  5
1745
  8
0
 10
-0.6491500000000002
 20
-0.036144
 30
0.0
 11
-0.650311
 21
-0.034786
 31
0.0
  0
LINE
  5
1746
  8
0
 10
-0.650311
 20
-0.034786
 30
0.0
 11
-0.6514260000000001
 21
-0.033343
 31
0.0
  0
LINE
  5
1747
  8
0
 10
-0.6514260000000001
 20
-0.033343
 30
0.0
 11
-0.652492
 21
-0.03182
 31
0.0
  0
LINE
  5
1748
  8
0
 10
-0.652492
 20
-0.03182
 30
0.0
 11
-0.653508
 21
-0.03022
 31
0.0
  0
LINE
  5
1749
  8
0
 10
-0.653508
 20
-0.03022
 30
0.0
 11
-0.65447
 21
-0.028548
 31
0.0
  0
LINE
  5
174A
  8
0
 10
-0.65447
 20
-0.028548
 30
0.0
 11
-0.6553750000000002
 21
-0.026806
 31
0.0
  0
LINE
  5
174B
  8
0
 10
-0.6553750000000002
 20
-0.026806
 30
0.0
 11
-0.656223
 21
-0.025001
 31
0.0
  0
LINE
  5
174C
  8
0
 10
-0.657011
 20
-0.023135
 30
0.0
 11
-0.6577370000000001
 21
-0.021213
 31
0.0
  0
LINE
  5
174D
  8
0
 10
-0.639988
 20
-0.043062
 30
0.0
 11
-0.641386
 21
-0.04237
 31
0.0
  0
LINE
  5
174E
  8
0
 10
-0.641386
 20
-0.04237
 30
0.0
 11
-0.64276
 21
-0.041575
 31
0.0
  0
LINE
  5
174F
  8
0
 10
-0.64276
 20
-0.041575
 30
0.0
 11
-0.6441060000000001
 21
-0.040679
 31
0.0
  0
LINE
  5
1750
  8
0
 10
-0.6441060000000001
 20
-0.040679
 30
0.0
 11
-0.645421
 21
-0.039686
 31
0.0
  0
LINE
  5
1751
  8
0
 10
-0.639988
 20
0.043062
 30
0.0
 11
-0.638569
 21
0.043652
 31
0.0
  0
LINE
  5
1752
  8
0
 10
-0.663033
 20
-0.01516
 30
0.0
 11
-0.663563
 21
-0.017221
 31
0.0
  0
LINE
  5
1753
  8
0
 10
-0.663563
 20
0.017221
 30
0.0
 11
-0.663033
 21
0.01516
 31
0.0
  0
LINE
  5
1754
  8
0
 10
-0.663563
 20
-0.017221
 30
0.0
 11
-0.664159
 21
-0.01924
 31
0.0
  0
LINE
  5
1755
  8
0
 10
-0.69422
 20
0.044783
 30
0.0
 11
-0.692751
 21
0.044946
 31
0.0
  0
LINE
  5
1756
  8
0
 10
-0.691279
 20
0.045
 30
0.0
 11
-0.689807
 21
0.044946
 31
0.0
  0
LINE
  5
1757
  8
0
 10
-0.689807
 20
0.044946
 30
0.0
 11
-0.6883390000000001
 21
0.044783
 31
0.0
  0
LINE
  5
1758
  8
0
 10
-0.6883390000000001
 20
0.044783
 30
0.0
 11
-0.6868770000000001
 21
0.044513
 31
0.0
  0
LINE
  5
1759
  8
0
 10
-0.6868770000000001
 20
0.044513
 30
0.0
 11
-0.685426
 21
0.044135
 31
0.0
  0
LINE
  5
175A
  8
0
 10
-0.685426
 20
0.044135
 30
0.0
 11
-0.68399
 21
0.043652
 31
0.0
  0
LINE
  5
175B
  8
0
 10
-0.68399
 20
0.043652
 30
0.0
 11
-0.6825710000000001
 21
0.043062
 31
0.0
  0
LINE
  5
175C
  8
0
 10
-0.6825710000000001
 20
0.043062
 30
0.0
 11
-0.6811720000000001
 21
0.04237
 31
0.0
  0
LINE
  5
175D
  8
0
 10
-0.6811720000000001
 20
0.04237
 30
0.0
 11
-0.679799
 21
0.041575
 31
0.0
  0
LINE
  5
175E
  8
0
 10
-0.679799
 20
0.041575
 30
0.0
 11
-0.678452
 21
0.040679
 31
0.0
  0
LINE
  5
175F
  8
0
 10
-0.678452
 20
0.040679
 30
0.0
 11
-0.677137
 21
0.039686
 31
0.0
  0
LINE
  5
1760
  8
0
 10
-0.677137
 20
0.039686
 30
0.0
 11
-0.6758560000000001
 21
0.038598
 31
0.0
  0
LINE
  5
1761
  8
0
 10
-0.6758560000000001
 20
0.038598
 30
0.0
 11
-0.674612
 21
0.037416
 31
0.0
  0
LINE
  5
1762
  8
0
 10
-0.674612
 20
0.037416
 30
0.0
 11
-0.6734080000000005
 21
0.036144
 31
0.0
  0
LINE
  5
1763
  8
0
 10
-0.6734080000000005
 20
0.036144
 30
0.0
 11
-0.6722470000000001
 21
0.034786
 31
0.0
  0
LINE
  5
1764
  8
0
 10
-0.692751
 20
0.044946
 30
0.0
 11
-0.691279
 21
0.045
 31
0.0
  0
LINE
  5
1765
  8
0
 10
-0.695681
 20
0.044513
 30
0.0
 11
-0.69422
 21
0.044783
 31
0.0
  0
LINE
  5
1766
  8
0
 10
-0.6690510000000001
 20
0.03022
 30
0.0
 11
-0.6680890000000002
 21
0.028548
 31
0.0
  0
LINE
  5
1767
  8
0
 10
-0.6680890000000002
 20
0.028548
 30
0.0
 11
-0.667183
 21
0.026806
 31
0.0
  0
LINE
  5
1768
  8
0
 10
-0.667183
 20
0.026806
 30
0.0
 11
-0.6663350000000002
 21
0.025001
 31
0.0
  0
LINE
  5
1769
  8
0
 10
-0.6663350000000002
 20
0.025001
 30
0.0
 11
-0.6655470000000001
 21
0.023135
 31
0.0
  0
LINE
  5
176A
  8
0
 10
-0.6655470000000001
 20
0.023135
 30
0.0
 11
-0.664821
 21
0.021213
 31
0.0
  0
LINE
  5
176B
  8
0
 10
-0.664821
 20
0.021213
 30
0.0
 11
-0.664159
 21
0.01924
 31
0.0
  0
LINE
  5
176C
  8
0
 10
-0.664159
 20
0.01924
 30
0.0
 11
-0.663563
 21
0.017221
 31
0.0
  0
LINE
  5
176D
  8
0
 10
-0.671132
 20
0.033343
 30
0.0
 11
-0.670066
 21
0.03182
 31
0.0
  0
LINE
  5
176E
  8
0
 10
-0.670066
 20
0.03182
 30
0.0
 11
-0.6690510000000001
 21
0.03022
 31
0.0
  0
LINE
  5
176F
  8
0
 10
-0.6722470000000001
 20
0.034786
 30
0.0
 11
-0.671132
 21
0.033343
 31
0.0
  0
LINE
  5
1770
  8
0
 10
-0.661315
 20
0.002208
 30
0.0
 11
-0.661279
 21
0.0
 31
0.0
  0
LINE
  5
1771
  8
0
 10
-0.661279
 20
0.0
 30
0.0
 11
-0.661243
 21
0.002208
 31
0.0
  0
LINE
  5
1772
  8
0
 10
-0.6589960000000002
 20
-0.017221
 30
0.0
 11
-0.659525
 21
-0.01516
 31
0.0
  0
LINE
  5
1773
  8
0
 10
-0.658399
 20
-0.01924
 30
0.0
 11
-0.6589960000000002
 21
-0.017221
 31
0.0
  0
LINE
  5
1774
  8
0
 10
-0.662178
 20
-0.010934
 30
0.0
 11
-0.662571
 21
-0.013063
 31
0.0
  0
LINE
  5
1775
  8
0
 10
-0.6599870000000001
 20
-0.013063
 30
0.0
 11
-0.66038
 21
-0.010934
 31
0.0
  0
LINE
  5
1776
  8
0
 10
-0.662571
 20
-0.013063
 30
0.0
 11
-0.663033
 21
-0.01516
 31
0.0
  0
LINE
  5
1777
  8
0
 10
-0.659525
 20
-0.01516
 30
0.0
 11
-0.6599870000000001
 21
-0.013063
 31
0.0
  0
LINE
  5
1778
  8
0
 10
-0.661279
 20
0.0
 30
0.0
 11
-0.661315
 21
-0.002208
 31
0.0
  0
LINE
  5
1779
  8
0
 10
-0.661315
 20
-0.002208
 30
0.0
 11
-0.6614240000000003
 21
-0.004411
 31
0.0
  0
LINE
  5
177A
  8
0
 10
-0.6614240000000003
 20
-0.004411
 30
0.0
 11
-0.661604
 21
-0.006603
 31
0.0
  0
LINE
  5
177B
  8
0
 10
-0.661604
 20
-0.006603
 30
0.0
 11
-0.6618560000000003
 21
-0.008779
 31
0.0
  0
LINE
  5
177C
  8
0
 10
-0.6618560000000003
 20
-0.008779
 30
0.0
 11
-0.662178
 21
-0.010934
 31
0.0
  0
LINE
  5
177D
  8
0
 10
-0.66038
 20
-0.010934
 30
0.0
 11
-0.6607029999999999
 21
-0.008779
 31
0.0
  0
LINE
  5
177E
  8
0
 10
-0.6607029999999999
 20
-0.008779
 30
0.0
 11
-0.6609550000000001
 21
-0.006603
 31
0.0
  0
LINE
  5
177F
  8
0
 10
-0.6609550000000001
 20
-0.006603
 30
0.0
 11
-0.661135
 21
-0.004411
 31
0.0
  0
LINE
  5
1780
  8
0
 10
-0.661135
 20
-0.004411
 30
0.0
 11
-0.661243
 21
-0.002208
 31
0.0
  0
LINE
  5
1781
  8
0
 10
-0.661243
 20
-0.002208
 30
0.0
 11
-0.661279
 21
0.0
 31
0.0
  0
LINE
  5
1782
  8
0
 10
-0.659525
 20
0.01516
 30
0.0
 11
-0.6589960000000002
 21
0.017221
 31
0.0
  0
LINE
  5
1783
  8
0
 10
-0.65447
 20
0.028548
 30
0.0
 11
-0.653508
 21
0.03022
 31
0.0
  0
LINE
  5
1784
  8
0
 10
-0.6589960000000002
 20
0.017221
 30
0.0
 11
-0.658399
 21
0.01924
 31
0.0
  0
LINE
  5
1785
  8
0
 10
-0.658399
 20
0.01924
 30
0.0
 11
-0.6577370000000001
 21
0.021213
 31
0.0
  0
LINE
  5
1786
  8
0
 10
-0.6577370000000001
 20
0.021213
 30
0.0
 11
-0.657011
 21
0.023135
 31
0.0
  0
LINE
  5
1787
  8
0
 10
-0.657011
 20
0.023135
 30
0.0
 11
-0.656223
 21
0.025001
 31
0.0
  0
LINE
  5
1788
  8
0
 10
-0.656223
 20
0.025001
 30
0.0
 11
-0.6553750000000002
 21
0.026806
 31
0.0
  0
LINE
  5
1789
  8
0
 10
-0.6553750000000002
 20
0.026806
 30
0.0
 11
-0.65447
 21
0.028548
 31
0.0
  0
LINE
  5
178A
  8
0
 10
-0.653508
 20
0.03022
 30
0.0
 11
-0.652492
 21
0.03182
 31
0.0
  0
LINE
  5
178B
  8
0
 10
-0.652492
 20
0.03182
 30
0.0
 11
-0.6514260000000001
 21
0.033343
 31
0.0
  0
LINE
  5
178C
  8
0
 10
-0.6514260000000001
 20
0.033343
 30
0.0
 11
-0.650311
 21
0.034786
 31
0.0
  0
LINE
  5
178D
  8
0
 10
-0.650311
 20
0.034786
 30
0.0
 11
-0.6491500000000002
 21
0.036144
 31
0.0
  0
LINE
  5
178E
  8
0
 10
-0.6491500000000002
 20
0.036144
 30
0.0
 11
-0.647947
 21
0.037416
 31
0.0
  0
LINE
  5
178F
  8
0
 10
-0.647947
 20
0.037416
 30
0.0
 11
-0.646702
 21
0.038598
 31
0.0
  0
LINE
  5
1790
  8
0
 10
-0.646702
 20
0.038598
 30
0.0
 11
-0.645421
 21
0.039686
 31
0.0
  0
LINE
  5
1791
  8
0
 10
-0.645421
 20
0.039686
 30
0.0
 11
-0.6441060000000001
 21
0.040679
 31
0.0
  0
LINE
  5
1792
  8
0
 10
-0.6441060000000001
 20
0.040679
 30
0.0
 11
-0.64276
 21
0.041575
 31
0.0
  0
LINE
  5
1793
  8
0
 10
-0.64276
 20
0.041575
 30
0.0
 11
-0.641386
 21
0.04237
 31
0.0
  0
LINE
  5
1794
  8
0
 10
-0.641386
 20
0.04237
 30
0.0
 11
-0.639988
 21
0.043062
 31
0.0
  0
LINE
  5
1795
  8
0
 10
-0.663033
 20
0.01516
 30
0.0
 11
-0.662571
 21
0.013063
 31
0.0
  0
LINE
  5
1796
  8
0
 10
-0.662571
 20
0.013063
 30
0.0
 11
-0.662178
 21
0.010934
 31
0.0
  0
LINE
  5
1797
  8
0
 10
-0.662178
 20
0.010934
 30
0.0
 11
-0.6618560000000003
 21
0.008779
 31
0.0
  0
LINE
  5
1798
  8
0
 10
-0.6618560000000003
 20
0.008779
 30
0.0
 11
-0.661604
 21
0.006603
 31
0.0
  0
LINE
  5
1799
  8
0
 10
-0.661604
 20
0.006603
 30
0.0
 11
-0.6614240000000003
 21
0.004411
 31
0.0
  0
LINE
  5
179A
  8
0
 10
-0.6614240000000003
 20
0.004411
 30
0.0
 11
-0.661315
 21
0.002208
 31
0.0
  0
LINE
  5
179B
  8
0
 10
-0.661243
 20
0.002208
 30
0.0
 11
-0.661135
 21
0.004411
 31
0.0
  0
LINE
  5
179C
  8
0
 10
-0.661135
 20
0.004411
 30
0.0
 11
-0.6609550000000001
 21
0.006603
 31
0.0
  0
LINE
  5
179D
  8
0
 10
-0.6609550000000001
 20
0.006603
 30
0.0
 11
-0.6607029999999999
 21
0.008779
 31
0.0
  0
LINE
  5
179E
  8
0
 10
-0.6607029999999999
 20
0.008779
 30
0.0
 11
-0.66038
 21
0.010934
 31
0.0
  0
LINE
  5
179F
  8
0
 10
-0.66038
 20
0.010934
 30
0.0
 11
-0.6599870000000001
 21
0.013063
 31
0.0
  0
LINE
  5
17A0
  8
0
 10
-0.6599870000000001
 20
0.013063
 30
0.0
 11
-0.659525
 21
0.01516
 31
0.0
  0
LINE
  5
17A1
  8
0
 10
-0.695681
 20
-0.044513
 30
0.0
 11
-0.697132
 21
-0.044135
 31
0.0
  0
LINE
  5
17A2
  8
0
 10
-0.697132
 20
0.044135
 30
0.0
 11
-0.695681
 21
0.044513
 31
0.0
  0
LINE
  5
17A3
  8
0
 10
-0.6041600000000003
 20
-0.01924
 30
0.0
 11
-0.604822
 21
-0.021213
 31
0.0
  0
LINE
  5
17A4
  8
0
 10
-0.597737
 20
-0.021213
 30
0.0
 11
-0.5983990000000003
 21
-0.01924
 31
0.0
  0
LINE
  5
17A5
  8
0
 10
-0.5799880000000001
 20
-0.043062
 30
0.0
 11
-0.581386
 21
-0.04237
 31
0.0
  0
LINE
  5
17A6
  8
0
 10
-0.635681
 20
-0.044513
 30
0.0
 11
-0.6371319999999999
 21
-0.044135
 31
0.0
  0
LINE
  5
17A7
  8
0
 10
-0.605548
 20
-0.023135
 30
0.0
 11
-0.6063350000000001
 21
-0.025001
 31
0.0
  0
LINE
  5
17A8
  8
0
 10
-0.6063350000000001
 20
-0.025001
 30
0.0
 11
-0.6071830000000003
 21
-0.026806
 31
0.0
  0
LINE
  5
17A9
  8
0
 10
-0.6071830000000003
 20
-0.026806
 30
0.0
 11
-0.6080890000000001
 21
-0.028548
 31
0.0
  0
LINE
  5
17AA
  8
0
 10
-0.6080890000000001
 20
-0.028548
 30
0.0
 11
-0.60905
 21
-0.03022
 31
0.0
  0
LINE
  5
17AB
  8
0
 10
-0.60905
 20
-0.03022
 30
0.0
 11
-0.610066
 21
-0.03182
 31
0.0
  0
LINE
  5
17AC
  8
0
 10
-0.610066
 20
-0.03182
 30
0.0
 11
-0.611132
 21
-0.033343
 31
0.0
  0
LINE
  5
17AD
  8
0
 10
-0.611132
 20
-0.033343
 30
0.0
 11
-0.612247
 21
-0.034786
 31
0.0
  0
LINE
  5
17AE
  8
0
 10
-0.612247
 20
-0.034786
 30
0.0
 11
-0.613408
 21
-0.036144
 31
0.0
  0
LINE
  5
17AF
  8
0
 10
-0.613408
 20
-0.036144
 30
0.0
 11
-0.614612
 21
-0.037416
 31
0.0
  0
LINE
  5
17B0
  8
0
 10
-0.614612
 20
-0.037416
 30
0.0
 11
-0.6158560000000001
 21
-0.038598
 31
0.0
  0
LINE
  5
17B1
  8
0
 10
-0.6158560000000001
 20
-0.038598
 30
0.0
 11
-0.617137
 21
-0.039686
 31
0.0
  0
LINE
  5
17B2
  8
0
 10
-0.604822
 20
-0.021213
 30
0.0
 11
-0.605548
 21
-0.023135
 31
0.0
  0
LINE
  5
17B3
  8
0
 10
-0.622571
 20
-0.043062
 30
0.0
 11
-0.62399
 21
-0.043651
 31
0.0
  0
LINE
  5
17B4
  8
0
 10
-0.621173
 20
-0.04237
 30
0.0
 11
-0.622571
 21
-0.043062
 31
0.0
  0
LINE
  5
17B5
  8
0
 10
-0.618452
 20
-0.040679
 30
0.0
 11
-0.619799
 21
-0.041575
 31
0.0
  0
LINE
  5
17B6
  8
0
 10
-0.619799
 20
-0.041575
 30
0.0
 11
-0.621173
 21
-0.04237
 31
0.0
  0
LINE
  5
17B7
  8
0
 10
-0.62399
 20
-0.043651
 30
0.0
 11
-0.6254260000000001
 21
-0.044135
 31
0.0
  0
LINE
  5
17B8
  8
0
 10
-0.6254260000000001
 20
-0.044135
 30
0.0
 11
-0.626877
 21
-0.044513
 31
0.0
  0
LINE
  5
17B9
  8
0
 10
-0.626877
 20
-0.044513
 30
0.0
 11
-0.628339
 21
-0.044783
 31
0.0
  0
LINE
  5
17BA
  8
0
 10
-0.628339
 20
-0.044783
 30
0.0
 11
-0.629807
 21
-0.044946
 31
0.0
  0
LINE
  5
17BB
  8
0
 10
-0.629807
 20
-0.044946
 30
0.0
 11
-0.6312790000000001
 21
-0.045
 31
0.0
  0
LINE
  5
17BC
  8
0
 10
-0.6312790000000001
 20
-0.045
 30
0.0
 11
-0.6327510000000001
 21
-0.044946
 31
0.0
  0
LINE
  5
17BD
  8
0
 10
-0.6327510000000001
 20
-0.044946
 30
0.0
 11
-0.63422
 21
-0.044783
 31
0.0
  0
LINE
  5
17BE
  8
0
 10
-0.63422
 20
-0.044783
 30
0.0
 11
-0.635681
 21
-0.044513
 31
0.0
  0
LINE
  5
17BF
  8
0
 10
-0.617137
 20
-0.039686
 30
0.0
 11
-0.618452
 21
-0.040679
 31
0.0
  0
LINE
  5
17C0
  8
0
 10
-0.587947
 20
-0.037416
 30
0.0
 11
-0.58915
 21
-0.036144
 31
0.0
  0
LINE
  5
17C1
  8
0
 10
-0.5854210000000001
 20
-0.039686
 30
0.0
 11
-0.5867020000000001
 21
-0.038598
 31
0.0
  0
LINE
  5
17C2
  8
0
 10
-0.5867020000000001
 20
-0.038598
 30
0.0
 11
-0.587947
 21
-0.037416
 31
0.0
  0
LINE
  5
17C3
  8
0
 10
-0.596223
 20
-0.025001
 30
0.0
 11
-0.597011
 21
-0.023135
 31
0.0
  0
LINE
  5
17C4
  8
0
 10
-0.5935080000000001
 20
-0.03022
 30
0.0
 11
-0.5935080000000001
 21
-0.03022
 31
0.0
  0
LINE
  5
17C5
  8
0
 10
-0.58915
 20
-0.036144
 30
0.0
 11
-0.5903109999999999
 21
-0.034786
 31
0.0
  0
LINE
  5
17C6
  8
0
 10
-0.5903109999999999
 20
-0.034786
 30
0.0
 11
-0.5914260000000005
 21
-0.033343
 31
0.0
  0
LINE
  5
17C7
  8
0
 10
-0.5914260000000005
 20
-0.033343
 30
0.0
 11
-0.5924920000000001
 21
-0.03182
 31
0.0
  0
LINE
  5
17C8
  8
0
 10
-0.5924920000000001
 20
-0.03182
 30
0.0
 11
-0.5935080000000001
 21
-0.03022
 31
0.0
  0
LINE
  5
17C9
  8
0
 10
-0.59447
 20
-0.028548
 30
0.0
 11
-0.595375
 21
-0.026806
 31
0.0
  0
LINE
  5
17CA
  8
0
 10
-0.595375
 20
-0.026806
 30
0.0
 11
-0.596223
 21
-0.025001
 31
0.0
  0
LINE
  5
17CB
  8
0
 10
-0.597011
 20
-0.023135
 30
0.0
 11
-0.597737
 21
-0.021213
 31
0.0
  0
LINE
  5
17CC
  8
0
 10
-0.5841060000000003
 20
-0.040679
 30
0.0
 11
-0.5854210000000001
 21
-0.039686
 31
0.0
  0
LINE
  5
17CD
  8
0
 10
-0.581386
 20
-0.04237
 30
0.0
 11
-0.5827600000000001
 21
-0.041575
 31
0.0
  0
LINE
  5
17CE
  8
0
 10
-0.5827600000000001
 20
-0.041575
 30
0.0
 11
-0.5841060000000003
 21
-0.040679
 31
0.0
  0
LINE
  5
17CF
  8
0
 10
-0.581386
 20
0.04237
 30
0.0
 11
-0.5799880000000001
 21
0.043062
 31
0.0
  0
LINE
  5
17D0
  8
0
 10
-0.58915
 20
0.036144
 30
0.0
 11
-0.587947
 21
0.037416
 31
0.0
  0
LINE
  5
17D1
  8
0
 10
-0.587947
 20
0.037416
 30
0.0
 11
-0.5867020000000001
 21
0.038598
 31
0.0
  0
LINE
  5
17D2
  8
0
 10
-0.5867020000000001
 20
0.038598
 30
0.0
 11
-0.5854210000000001
 21
0.039686
 31
0.0
  0
LINE
  5
17D3
  8
0
 10
-0.5854210000000001
 20
0.039686
 30
0.0
 11
-0.5841060000000003
 21
0.040679
 31
0.0
  0
LINE
  5
17D4
  8
0
 10
-0.5935080000000001
 20
0.03022
 30
0.0
 11
-0.5924920000000001
 21
0.03182
 31
0.0
  0
LINE
  5
17D5
  8
0
 10
-0.5924920000000001
 20
0.03182
 30
0.0
 11
-0.5914260000000005
 21
0.033343
 31
0.0
  0
LINE
  5
17D6
  8
0
 10
-0.5914260000000005
 20
0.033343
 30
0.0
 11
-0.5903109999999999
 21
0.034786
 31
0.0
  0
LINE
  5
17D7
  8
0
 10
-0.5903109999999999
 20
0.034786
 30
0.0
 11
-0.58915
 21
0.036144
 31
0.0
  0
LINE
  5
17D8
  8
0
 10
-0.5827600000000001
 20
0.041575
 30
0.0
 11
-0.581386
 21
0.04237
 31
0.0
  0
LINE
  5
17D9
  8
0
 10
-0.5841060000000003
 20
0.040679
 30
0.0
 11
-0.5827600000000001
 21
0.041575
 31
0.0
  0
LINE
  5
17DA
  8
0
 10
-0.604822
 20
0.021213
 30
0.0
 11
-0.6041600000000003
 21
0.01924
 31
0.0
  0
LINE
  5
17DB
  8
0
 10
-0.6371319999999999
 20
0.044135
 30
0.0
 11
-0.635681
 21
0.044513
 31
0.0
  0
LINE
  5
17DC
  8
0
 10
-0.60905
 20
0.03022
 30
0.0
 11
-0.6080890000000001
 21
0.028548
 31
0.0
  0
LINE
  5
17DD
  8
0
 10
-0.6080890000000001
 20
0.028548
 30
0.0
 11
-0.6071830000000003
 21
0.026806
 31
0.0
  0
LINE
  5
17DE
  8
0
 10
-0.6071830000000003
 20
0.026806
 30
0.0
 11
-0.6063350000000001
 21
0.025001
 31
0.0
  0
LINE
  5
17DF
  8
0
 10
-0.6063350000000001
 20
0.025001
 30
0.0
 11
-0.605548
 21
0.023135
 31
0.0
  0
LINE
  5
17E0
  8
0
 10
-0.605548
 20
0.023135
 30
0.0
 11
-0.604822
 21
0.021213
 31
0.0
  0
LINE
  5
17E1
  8
0
 10
-0.62399
 20
0.043652
 30
0.0
 11
-0.622571
 21
0.043062
 31
0.0
  0
LINE
  5
17E2
  8
0
 10
-0.622571
 20
0.043062
 30
0.0
 11
-0.621173
 21
0.04237
 31
0.0
  0
LINE
  5
17E3
  8
0
 10
-0.621173
 20
0.04237
 30
0.0
 11
-0.619799
 21
0.041575
 31
0.0
  0
LINE
  5
17E4
  8
0
 10
-0.619799
 20
0.041575
 30
0.0
 11
-0.618452
 21
0.040679
 31
0.0
  0
LINE
  5
17E5
  8
0
 10
-0.618452
 20
0.040679
 30
0.0
 11
-0.617137
 21
0.039686
 31
0.0
  0
LINE
  5
17E6
  8
0
 10
-0.617137
 20
0.039686
 30
0.0
 11
-0.6158560000000001
 21
0.038598
 31
0.0
  0
LINE
  5
17E7
  8
0
 10
-0.6158560000000001
 20
0.038598
 30
0.0
 11
-0.614612
 21
0.037416
 31
0.0
  0
LINE
  5
17E8
  8
0
 10
-0.614612
 20
0.037416
 30
0.0
 11
-0.613408
 21
0.036144
 31
0.0
  0
LINE
  5
17E9
  8
0
 10
-0.613408
 20
0.036144
 30
0.0
 11
-0.612247
 21
0.034786
 31
0.0
  0
LINE
  5
17EA
  8
0
 10
-0.612247
 20
0.034786
 30
0.0
 11
-0.611132
 21
0.033343
 31
0.0
  0
LINE
  5
17EB
  8
0
 10
-0.611132
 20
0.033343
 30
0.0
 11
-0.610066
 21
0.03182
 31
0.0
  0
LINE
  5
17EC
  8
0
 10
-0.610066
 20
0.03182
 30
0.0
 11
-0.60905
 21
0.03022
 31
0.0
  0
LINE
  5
17ED
  8
0
 10
-0.6312790000000001
 20
0.045
 30
0.0
 11
-0.629807
 21
0.044946
 31
0.0
  0
LINE
  5
17EE
  8
0
 10
-0.629807
 20
0.044946
 30
0.0
 11
-0.628339
 21
0.044783
 31
0.0
  0
LINE
  5
17EF
  8
0
 10
-0.628339
 20
0.044783
 30
0.0
 11
-0.626877
 21
0.044513
 31
0.0
  0
LINE
  5
17F0
  8
0
 10
-0.626877
 20
0.044513
 30
0.0
 11
-0.6254260000000001
 21
0.044135
 31
0.0
  0
LINE
  5
17F1
  8
0
 10
-0.6254260000000001
 20
0.044135
 30
0.0
 11
-0.62399
 21
0.043652
 31
0.0
  0
LINE
  5
17F2
  8
0
 10
-0.635681
 20
0.044513
 30
0.0
 11
-0.63422
 21
0.044783
 31
0.0
  0
LINE
  5
17F3
  8
0
 10
-0.63422
 20
0.044783
 30
0.0
 11
-0.6327510000000001
 21
0.044946
 31
0.0
  0
LINE
  5
17F4
  8
0
 10
-0.6327510000000001
 20
0.044946
 30
0.0
 11
-0.6312790000000001
 21
0.045
 31
0.0
  0
LINE
  5
17F5
  8
0
 10
-0.601279
 20
0.0
 30
0.0
 11
-0.6012430000000001
 21
0.002208
 31
0.0
  0
LINE
  5
17F6
  8
0
 10
-0.601315
 20
0.002208
 30
0.0
 11
-0.601279
 21
0.0
 31
0.0
  0
LINE
  5
17F7
  8
0
 10
-0.599987
 20
-0.013063
 30
0.0
 11
-0.60038
 21
-0.010934
 31
0.0
  0
LINE
  5
17F8
  8
0
 10
-0.602178
 20
-0.010934
 30
0.0
 11
-0.6025710000000001
 21
-0.013063
 31
0.0
  0
LINE
  5
17F9
  8
0
 10
-0.5983990000000003
 20
-0.01924
 30
0.0
 11
-0.598996
 21
-0.017221
 31
0.0
  0
LINE
  5
17FA
  8
0
 10
-0.598996
 20
-0.017221
 30
0.0
 11
-0.599525
 21
-0.01516
 31
0.0
  0
LINE
  5
17FB
  8
0
 10
-0.599525
 20
-0.01516
 30
0.0
 11
-0.599987
 21
-0.013063
 31
0.0
  0
LINE
  5
17FC
  8
0
 10
-0.6025710000000001
 20
-0.013063
 30
0.0
 11
-0.6030330000000002
 21
-0.01516
 31
0.0
  0
LINE
  5
17FD
  8
0
 10
-0.6030330000000002
 20
-0.01516
 30
0.0
 11
-0.603563
 21
-0.017221
 31
0.0
  0
LINE
  5
17FE
  8
0
 10
-0.603563
 20
-0.017221
 30
0.0
 11
-0.6041600000000003
 21
-0.01924
 31
0.0
  0
LINE
  5
17FF
  8
0
 10
-0.60038
 20
-0.010934
 30
0.0
 11
-0.6007030000000002
 21
-0.008779
 31
0.0
  0
LINE
  5
1800
  8
0
 10
-0.6007030000000002
 20
-0.008779
 30
0.0
 11
-0.600955
 21
-0.006603
 31
0.0
  0
LINE
  5
1801
  8
0
 10
-0.600955
 20
-0.006603
 30
0.0
 11
-0.6011350000000001
 21
-0.004411
 31
0.0
  0
LINE
  5
1802
  8
0
 10
-0.6011350000000001
 20
-0.004411
 30
0.0
 11
-0.6012430000000001
 21
-0.002208
 31
0.0
  0
LINE
  5
1803
  8
0
 10
-0.6012430000000001
 20
-0.002208
 30
0.0
 11
-0.601279
 21
0.0
 31
0.0
  0
LINE
  5
1804
  8
0
 10
-0.601279
 20
0.0
 30
0.0
 11
-0.601315
 21
-0.002208
 31
0.0
  0
LINE
  5
1805
  8
0
 10
-0.601315
 20
-0.002208
 30
0.0
 11
-0.601424
 21
-0.004411
 31
0.0
  0
LINE
  5
1806
  8
0
 10
-0.601424
 20
-0.004411
 30
0.0
 11
-0.6016040000000002
 21
-0.006603
 31
0.0
  0
LINE
  5
1807
  8
0
 10
-0.6016040000000002
 20
-0.006603
 30
0.0
 11
-0.6018560000000001
 21
-0.008779
 31
0.0
  0
LINE
  5
1808
  8
0
 10
-0.6018560000000001
 20
-0.008779
 30
0.0
 11
-0.602178
 21
-0.010934
 31
0.0
  0
LINE
  5
1809
  8
0
 10
-0.59447
 20
0.028548
 30
0.0
 11
-0.5935080000000001
 21
0.03022
 31
0.0
  0
LINE
  5
180A
  8
0
 10
-0.6012430000000001
 20
0.002208
 30
0.0
 11
-0.6011350000000001
 21
0.004411
 31
0.0
  0
LINE
  5
180B
  8
0
 10
-0.6011350000000001
 20
0.004411
 30
0.0
 11
-0.600955
 21
0.006603
 31
0.0
  0
LINE
  5
180C
  8
0
 10
-0.600955
 20
0.006603
 30
0.0
 11
-0.6007030000000002
 21
0.008779
 31
0.0
  0
LINE
  5
180D
  8
0
 10
-0.6007030000000002
 20
0.008779
 30
0.0
 11
-0.60038
 21
0.010934
 31
0.0
  0
LINE
  5
180E
  8
0
 10
-0.60038
 20
0.010934
 30
0.0
 11
-0.599987
 21
0.013063
 31
0.0
  0
LINE
  5
180F
  8
0
 10
-0.599987
 20
0.013063
 30
0.0
 11
-0.599525
 21
0.01516
 31
0.0
  0
LINE
  5
1810
  8
0
 10
-0.599525
 20
0.01516
 30
0.0
 11
-0.598996
 21
0.017221
 31
0.0
  0
LINE
  5
1811
  8
0
 10
-0.598996
 20
0.017221
 30
0.0
 11
-0.5983990000000003
 21
0.01924
 31
0.0
  0
LINE
  5
1812
  8
0
 10
-0.5983990000000003
 20
0.01924
 30
0.0
 11
-0.597737
 21
0.021213
 31
0.0
  0
LINE
  5
1813
  8
0
 10
-0.597737
 20
0.021213
 30
0.0
 11
-0.597011
 21
0.023135
 31
0.0
  0
LINE
  5
1814
  8
0
 10
-0.597011
 20
0.023135
 30
0.0
 11
-0.596223
 21
0.025001
 31
0.0
  0
LINE
  5
1815
  8
0
 10
-0.596223
 20
0.025001
 30
0.0
 11
-0.595375
 21
0.026806
 31
0.0
  0
LINE
  5
1816
  8
0
 10
-0.595375
 20
0.026806
 30
0.0
 11
-0.59447
 21
0.028548
 31
0.0
  0
LINE
  5
1817
  8
0
 10
-0.6041600000000003
 20
0.01924
 30
0.0
 11
-0.603563
 21
0.017221
 31
0.0
  0
LINE
  5
1818
  8
0
 10
-0.603563
 20
0.017221
 30
0.0
 11
-0.6030330000000002
 21
0.01516
 31
0.0
  0
LINE
  5
1819
  8
0
 10
-0.6030330000000002
 20
0.01516
 30
0.0
 11
-0.6025710000000001
 21
0.013063
 31
0.0
  0
LINE
  5
181A
  8
0
 10
-0.6025710000000001
 20
0.013063
 30
0.0
 11
-0.602178
 21
0.010934
 31
0.0
  0
LINE
  5
181B
  8
0
 10
-0.602178
 20
0.010934
 30
0.0
 11
-0.6018560000000001
 21
0.008779
 31
0.0
  0
LINE
  5
181C
  8
0
 10
-0.6018560000000001
 20
0.008779
 30
0.0
 11
-0.6016040000000002
 21
0.006603
 31
0.0
  0
LINE
  5
181D
  8
0
 10
-0.6016040000000002
 20
0.006603
 30
0.0
 11
-0.601424
 21
0.004411
 31
0.0
  0
LINE
  5
181E
  8
0
 10
-0.601424
 20
0.004411
 30
0.0
 11
-0.601315
 21
0.002208
 31
0.0
  0
LINE
  5
181F
  8
0
 10
-0.5441600000000001
 20
-0.01924
 30
0.0
 11
-0.544822
 21
-0.021213
 31
0.0
  0
LINE
  5
1820
  8
0
 10
-0.544822
 20
-0.021213
 30
0.0
 11
-0.545548
 21
-0.023135
 31
0.0
  0
LINE
  5
1821
  8
0
 10
-0.545548
 20
-0.023135
 30
0.0
 11
-0.5463350000000001
 21
-0.025001
 31
0.0
  0
LINE
  5
1822
  8
0
 10
-0.548089
 20
-0.028548
 30
0.0
 11
-0.5490500000000001
 21
-0.03022
 31
0.0
  0
LINE
  5
1823
  8
0
 10
-0.5463350000000001
 20
-0.025001
 30
0.0
 11
-0.547183
 21
-0.026806
 31
0.0
  0
LINE
  5
1824
  8
0
 10
-0.547183
 20
-0.026806
 30
0.0
 11
-0.548089
 21
-0.028548
 31
0.0
  0
LINE
  5
1825
  8
0
 10
-0.5534080000000002
 20
-0.036144
 30
0.0
 11
-0.5546120000000001
 21
-0.037416
 31
0.0
  0
LINE
  5
1826
  8
0
 10
-0.5490500000000001
 20
-0.03022
 30
0.0
 11
-0.550066
 21
-0.03182
 31
0.0
  0
LINE
  5
1827
  8
0
 10
-0.550066
 20
-0.03182
 30
0.0
 11
-0.551132
 21
-0.033343
 31
0.0
  0
LINE
  5
1828
  8
0
 10
-0.551132
 20
-0.033343
 30
0.0
 11
-0.5522470000000002
 21
-0.034786
 31
0.0
  0
LINE
  5
1829
  8
0
 10
-0.5522470000000002
 20
-0.034786
 30
0.0
 11
-0.5534080000000002
 21
-0.036144
 31
0.0
  0
LINE
  5
182A
  8
0
 10
-0.5546120000000001
 20
-0.037416
 30
0.0
 11
-0.555856
 21
-0.038598
 31
0.0
  0
LINE
  5
182B
  8
0
 10
-0.555856
 20
-0.038598
 30
0.0
 11
-0.557137
 21
-0.039686
 31
0.0
  0
LINE
  5
182C
  8
0
 10
-0.565426
 20
-0.044135
 30
0.0
 11
-0.5668770000000001
 21
-0.044513
 31
0.0
  0
LINE
  5
182D
  8
0
 10
-0.5668770000000001
 20
-0.044513
 30
0.0
 11
-0.5683390000000001
 21
-0.044783
 31
0.0
  0
LINE
  5
182E
  8
0
 10
-0.5683390000000001
 20
-0.044783
 30
0.0
 11
-0.569807
 21
-0.044946
 31
0.0
  0
LINE
  5
182F
  8
0
 10
-0.569807
 20
-0.044946
 30
0.0
 11
-0.571279
 21
-0.045
 31
0.0
  0
LINE
  5
1830
  8
0
 10
-0.571279
 20
-0.045
 30
0.0
 11
-0.5727510000000005
 21
-0.044946
 31
0.0
  0
LINE
  5
1831
  8
0
 10
-0.5727510000000005
 20
-0.044946
 30
0.0
 11
-0.57422
 21
-0.044783
 31
0.0
  0
LINE
  5
1832
  8
0
 10
-0.57422
 20
-0.044783
 30
0.0
 11
-0.575681
 21
-0.044513
 31
0.0
  0
LINE
  5
1833
  8
0
 10
-0.575681
 20
-0.044513
 30
0.0
 11
-0.577132
 21
-0.044135
 31
0.0
  0
LINE
  5
1834
  8
0
 10
-0.577132
 20
-0.044135
 30
0.0
 11
-0.578569
 21
-0.043651
 31
0.0
  0
LINE
  5
1835
  8
0
 10
-0.5584520000000001
 20
-0.040679
 30
0.0
 11
-0.559799
 21
-0.041575
 31
0.0
  0
LINE
  5
1836
  8
0
 10
-0.559799
 20
-0.041575
 30
0.0
 11
-0.561173
 21
-0.04237
 31
0.0
  0
LINE
  5
1837
  8
0
 10
-0.561173
 20
-0.04237
 30
0.0
 11
-0.5625710000000002
 21
-0.043062
 31
0.0
  0
LINE
  5
1838
  8
0
 10
-0.5625710000000002
 20
-0.043062
 30
0.0
 11
-0.56399
 21
-0.043651
 31
0.0
  0
LINE
  5
1839
  8
0
 10
-0.56399
 20
-0.043651
 30
0.0
 11
-0.565426
 21
-0.044135
 31
0.0
  0
LINE
  5
183A
  8
0
 10
-0.557137
 20
-0.039686
 30
0.0
 11
-0.5584520000000001
 21
-0.040679
 31
0.0
  0
LINE
  5
183B
  8
0
 10
-0.5546120000000001
 20
0.037416
 30
0.0
 11
-0.5534080000000002
 21
0.036144
 31
0.0
  0
LINE
  5
183C
  8
0
 10
-0.5534080000000002
 20
0.036144
 30
0.0
 11
-0.5522470000000002
 21
0.034786
 31
0.0
  0
LINE
  5
183D
  8
0
 10
-0.5522470000000002
 20
0.034786
 30
0.0
 11
-0.551132
 21
0.033343
 31
0.0
  0
LINE
  5
183E
  8
0
 10
-0.551132
 20
0.033343
 30
0.0
 11
-0.550066
 21
0.03182
 31
0.0
  0
LINE
  5
183F
  8
0
 10
-0.550066
 20
0.03182
 30
0.0
 11
-0.5490500000000001
 21
0.03022
 31
0.0
  0
LINE
  5
1840
  8
0
 10
-0.571279
 20
0.045
 30
0.0
 11
-0.569807
 21
0.044946
 31
0.0
  0
LINE
  5
1841
  8
0
 10
-0.569807
 20
0.044946
 30
0.0
 11
-0.5683390000000001
 21
0.044783
 31
0.0
  0
LINE
  5
1842
  8
0
 10
-0.5683390000000001
 20
0.044783
 30
0.0
 11
-0.5668770000000001
 21
0.044513
 31
0.0
  0
LINE
  5
1843
  8
0
 10
-0.5668770000000001
 20
0.044513
 30
0.0
 11
-0.565426
 21
0.044135
 31
0.0
  0
LINE
  5
1844
  8
0
 10
-0.578569
 20
0.043652
 30
0.0
 11
-0.577132
 21
0.044135
 31
0.0
  0
LINE
  5
1845
  8
0
 10
-0.577132
 20
0.044135
 30
0.0
 11
-0.575681
 21
0.044513
 31
0.0
  0
LINE
  5
1846
  8
0
 10
-0.575681
 20
0.044513
 30
0.0
 11
-0.57422
 21
0.044783
 31
0.0
  0
LINE
  5
1847
  8
0
 10
-0.57422
 20
0.044783
 30
0.0
 11
-0.5727510000000005
 21
0.044946
 31
0.0
  0
LINE
  5
1848
  8
0
 10
-0.5727510000000005
 20
0.044946
 30
0.0
 11
-0.571279
 21
0.045
 31
0.0
  0
LINE
  5
1849
  8
0
 10
-0.56399
 20
0.043652
 30
0.0
 11
-0.5625710000000002
 21
0.043062
 31
0.0
  0
LINE
  5
184A
  8
0
 10
-0.5625710000000002
 20
0.043062
 30
0.0
 11
-0.561173
 21
0.04237
 31
0.0
  0
LINE
  5
184B
  8
0
 10
-0.561173
 20
0.04237
 30
0.0
 11
-0.559799
 21
0.041575
 31
0.0
  0
LINE
  5
184C
  8
0
 10
-0.559799
 20
0.041575
 30
0.0
 11
-0.5584520000000001
 21
0.040679
 31
0.0
  0
LINE
  5
184D
  8
0
 10
-0.5584520000000001
 20
0.040679
 30
0.0
 11
-0.557137
 21
0.039686
 31
0.0
  0
LINE
  5
184E
  8
0
 10
-0.557137
 20
0.039686
 30
0.0
 11
-0.555856
 21
0.038598
 31
0.0
  0
LINE
  5
184F
  8
0
 10
-0.555856
 20
0.038598
 30
0.0
 11
-0.5546120000000001
 21
0.037416
 31
0.0
  0
LINE
  5
1850
  8
0
 10
-0.565426
 20
0.044135
 30
0.0
 11
-0.56399
 21
0.043652
 31
0.0
  0
LINE
  5
1851
  8
0
 10
-0.543563
 20
-0.017221
 30
0.0
 11
-0.5441600000000001
 21
-0.01924
 31
0.0
  0
LINE
  5
1852
  8
0
 10
-0.545548
 20
0.023135
 30
0.0
 11
-0.544822
 21
0.021213
 31
0.0
  0
LINE
  5
1853
  8
0
 10
-0.544822
 20
0.021213
 30
0.0
 11
-0.5441600000000001
 21
0.01924
 31
0.0
  0
LINE
  5
1854
  8
0
 10
-0.5441600000000001
 20
0.01924
 30
0.0
 11
-0.543563
 21
0.017221
 31
0.0
  0
LINE
  5
1855
  8
0
 10
-0.5463350000000001
 20
0.025001
 30
0.0
 11
-0.545548
 21
0.023135
 31
0.0
  0
LINE
  5
1856
  8
0
 10
-0.5490500000000001
 20
0.03022
 30
0.0
 11
-0.548089
 21
0.028548
 31
0.0
  0
LINE
  5
1857
  8
0
 10
-0.548089
 20
0.028548
 30
0.0
 11
-0.547183
 21
0.026806
 31
0.0
  0
LINE
  5
1858
  8
0
 10
-0.547183
 20
0.026806
 30
0.0
 11
-0.5463350000000001
 21
0.025001
 31
0.0
  0
LINE
  5
1859
  8
0
 10
-0.578569
 20
-0.043651
 30
0.0
 11
-0.5799880000000001
 21
-0.043062
 31
0.0
  0
LINE
  5
185A
  8
0
 10
-0.5799880000000001
 20
0.043062
 30
0.0
 11
-0.578569
 21
0.043652
 31
0.0
  0
LINE
  5
185B
  8
0
 10
-0.6371319999999999
 20
-0.044135
 30
0.0
 11
-0.638569
 21
-0.043651
 31
0.0
  0
LINE
  5
185C
  8
0
 10
-0.638569
 20
0.043652
 30
0.0
 11
-0.6371319999999999
 21
0.044135
 31
0.0
  0
LINE
  5
185D
  8
0
 10
-0.7542200000000002
 20
-0.044783
 30
0.0
 11
-0.755681
 21
-0.044513
 31
0.0
  0
LINE
  5
185E
  8
0
 10
-0.755681
 20
0.044513
 30
0.0
 11
-0.7542200000000002
 21
0.044783
 31
0.0
  0
LINE
  5
185F
  8
0
 10
-0.755681
 20
-0.044513
 30
0.0
 11
-0.757132
 21
-0.044135
 31
0.0
  0
LINE
  5
1860
  8
0
 10
-0.765421
 20
-0.039686
 30
0.0
 11
-0.766702
 21
-0.038598
 31
0.0
  0
LINE
  5
1861
  8
0
 10
-0.766702
 20
-0.038598
 30
0.0
 11
-0.7679460000000004
 21
-0.037416
 31
0.0
  0
LINE
  5
1862
  8
0
 10
-0.759988
 20
-0.043062
 30
0.0
 11
-0.761386
 21
-0.04237
 31
0.0
  0
LINE
  5
1863
  8
0
 10
-0.761386
 20
-0.04237
 30
0.0
 11
-0.7627600000000001
 21
-0.041575
 31
0.0
  0
LINE
  5
1864
  8
0
 10
-0.7627600000000001
 20
-0.041575
 30
0.0
 11
-0.7641060000000001
 21
-0.040679
 31
0.0
  0
LINE
  5
1865
  8
0
 10
-0.7641060000000001
 20
-0.040679
 30
0.0
 11
-0.765421
 21
-0.039686
 31
0.0
  0
LINE
  5
1866
  8
0
 10
-0.757132
 20
-0.044135
 30
0.0
 11
-0.758569
 21
-0.043651
 31
0.0
  0
LINE
  5
1867
  8
0
 10
-0.758569
 20
-0.043651
 30
0.0
 11
-0.759988
 21
-0.043062
 31
0.0
  0
LINE
  5
1868
  8
0
 10
-0.757132
 20
0.044135
 30
0.0
 11
-0.755681
 21
0.044513
 31
0.0
  0
LINE
  5
1869
  8
0
 10
-0.765421
 20
0.039686
 30
0.0
 11
-0.7641060000000001
 21
0.040679
 31
0.0
  0
LINE
  5
186A
  8
0
 10
-0.7641060000000001
 20
0.040679
 30
0.0
 11
-0.7627600000000001
 21
0.041575
 31
0.0
  0
LINE
  5
186B
  8
0
 10
-0.7627600000000001
 20
0.041575
 30
0.0
 11
-0.761386
 21
0.04237
 31
0.0
  0
LINE
  5
186C
  8
0
 10
-0.761386
 20
0.04237
 30
0.0
 11
-0.759988
 21
0.043062
 31
0.0
  0
LINE
  5
186D
  8
0
 10
-0.7679460000000004
 20
0.037416
 30
0.0
 11
-0.766702
 21
0.038598
 31
0.0
  0
LINE
  5
186E
  8
0
 10
-0.766702
 20
0.038598
 30
0.0
 11
-0.765421
 21
0.039686
 31
0.0
  0
LINE
  5
186F
  8
0
 10
-0.758569
 20
0.043652
 30
0.0
 11
-0.757132
 21
0.044135
 31
0.0
  0
LINE
  5
1870
  8
0
 10
-0.759988
 20
0.043062
 30
0.0
 11
-0.758569
 21
0.043652
 31
0.0
  0
LINE
  5
1871
  8
0
 10
-0.7241590000000003
 20
-0.01924
 30
0.0
 11
-0.724821
 21
-0.021213
 31
0.0
  0
LINE
  5
1872
  8
0
 10
-0.717737
 20
-0.021213
 30
0.0
 11
-0.718399
 21
-0.01924
 31
0.0
  0
LINE
  5
1873
  8
0
 10
-0.697132
 20
-0.044135
 30
0.0
 11
-0.698569
 21
-0.043651
 31
0.0
  0
LINE
  5
1874
  8
0
 10
-0.7290510000000002
 20
-0.03022
 30
0.0
 11
-0.730066
 21
-0.03182
 31
0.0
  0
LINE
  5
1875
  8
0
 10
-0.725547
 20
-0.023135
 30
0.0
 11
-0.7263350000000001
 21
-0.025001
 31
0.0
  0
LINE
  5
1876
  8
0
 10
-0.7263350000000001
 20
-0.025001
 30
0.0
 11
-0.7271830000000002
 21
-0.026806
 31
0.0
  0
LINE
  5
1877
  8
0
 10
-0.7271830000000002
 20
-0.026806
 30
0.0
 11
-0.728089
 21
-0.028548
 31
0.0
  0
LINE
  5
1878
  8
0
 10
-0.728089
 20
-0.028548
 30
0.0
 11
-0.7290510000000002
 21
-0.03022
 31
0.0
  0
LINE
  5
1879
  8
0
 10
-0.724821
 20
-0.021213
 30
0.0
 11
-0.725547
 21
-0.023135
 31
0.0
  0
LINE
  5
187A
  8
0
 10
-0.730066
 20
-0.03182
 30
0.0
 11
-0.7311320000000002
 21
-0.033343
 31
0.0
  0
LINE
  5
187B
  8
0
 10
-0.7311320000000002
 20
-0.033343
 30
0.0
 11
-0.732247
 21
-0.034786
 31
0.0
  0
LINE
  5
187C
  8
0
 10
-0.732247
 20
-0.034786
 30
0.0
 11
-0.733408
 21
-0.036144
 31
0.0
  0
LINE
  5
187D
  8
0
 10
-0.733408
 20
-0.036144
 30
0.0
 11
-0.7346120000000002
 21
-0.037416
 31
0.0
  0
LINE
  5
187E
  8
0
 10
-0.7346120000000002
 20
-0.037416
 30
0.0
 11
-0.7358560000000001
 21
-0.038598
 31
0.0
  0
LINE
  5
187F
  8
0
 10
-0.5112790000000002
 20
-0.045
 30
0.0
 11
-0.181279
 21
-0.045
 31
0.0
  0
LINE
  5
1880
  8
0
 10
-0.181279
 20
0.045
 30
0.0
 11
-0.5112790000000002
 21
0.045
 31
0.0
  0
LINE
  5
1881
  8
0
 10
-0.407946
 20
-0.037416
 30
0.0
 11
-0.40915
 21
-0.036144
 31
0.0
  0
LINE
  5
1882
  8
0
 10
-0.40915
 20
0.036144
 30
0.0
 11
-0.407946
 21
0.037416
 31
0.0
  0
LINE
  5
1883
  8
0
 10
-0.51422
 20
0.044783
 30
0.0
 11
-0.5127510000000001
 21
0.044946
 31
0.0
  0
LINE
  5
1884
  8
0
 10
-0.5127510000000001
 20
-0.044946
 30
0.0
 11
-0.51422
 21
-0.044783
 31
0.0
  0
LINE
  5
1885
  8
0
 10
-0.537737
 20
-0.021213
 30
0.0
 11
-0.538399
 21
-0.01924
 31
0.0
  0
LINE
  5
1886
  8
0
 10
-0.5362230000000002
 20
-0.025001
 30
0.0
 11
-0.5370110000000003
 21
-0.023135
 31
0.0
  0
LINE
  5
1887
  8
0
 10
-0.5314260000000001
 20
-0.033343
 30
0.0
 11
-0.532492
 21
-0.03182
 31
0.0
  0
LINE
  5
1888
  8
0
 10
-0.5254210000000002
 20
-0.039686
 30
0.0
 11
-0.5267020000000004
 21
-0.038598
 31
0.0
  0
LINE
  5
1889
  8
0
 10
-0.5267020000000004
 20
-0.038598
 30
0.0
 11
-0.527947
 21
-0.037416
 31
0.0
  0
LINE
  5
188A
  8
0
 10
-0.527947
 20
-0.037416
 30
0.0
 11
-0.52915
 21
-0.036144
 31
0.0
  0
LINE
  5
188B
  8
0
 10
-0.52915
 20
-0.036144
 30
0.0
 11
-0.5303110000000001
 21
-0.034786
 31
0.0
  0
LINE
  5
188C
  8
0
 10
-0.5303110000000001
 20
-0.034786
 30
0.0
 11
-0.5314260000000001
 21
-0.033343
 31
0.0
  0
LINE
  5
188D
  8
0
 10
-0.532492
 20
-0.03182
 30
0.0
 11
-0.533508
 21
-0.03022
 31
0.0
  0
LINE
  5
188E
  8
0
 10
-0.533508
 20
-0.03022
 30
0.0
 11
-0.53447
 21
-0.028548
 31
0.0
  0
LINE
  5
188F
  8
0
 10
-0.53447
 20
-0.028548
 30
0.0
 11
-0.535375
 21
-0.026806
 31
0.0
  0
LINE
  5
1890
  8
0
 10
-0.535375
 20
-0.026806
 30
0.0
 11
-0.5362230000000002
 21
-0.025001
 31
0.0
  0
LINE
  5
1891
  8
0
 10
-0.51422
 20
-0.044783
 30
0.0
 11
-0.5156810000000001
 21
-0.044513
 31
0.0
  0
LINE
  5
1892
  8
0
 10
-0.5156810000000001
 20
-0.044513
 30
0.0
 11
-0.517132
 21
-0.044135
 31
0.0
  0
LINE
  5
1893
  8
0
 10
-0.517132
 20
-0.044135
 30
0.0
 11
-0.518569
 21
-0.043651
 31
0.0
  0
LINE
  5
1894
  8
0
 10
-0.518569
 20
-0.043651
 30
0.0
 11
-0.5199880000000002
 21
-0.043062
 31
0.0
  0
LINE
  5
1895
  8
0
 10
-0.5199880000000002
 20
-0.043062
 30
0.0
 11
-0.5213860000000003
 21
-0.04237
 31
0.0
  0
LINE
  5
1896
  8
0
 10
-0.5213860000000003
 20
-0.04237
 30
0.0
 11
-0.52276
 21
-0.041575
 31
0.0
  0
LINE
  5
1897
  8
0
 10
-0.52276
 20
-0.041575
 30
0.0
 11
-0.5241060000000001
 21
-0.040679
 31
0.0
  0
LINE
  5
1898
  8
0
 10
-0.5241060000000001
 20
-0.040679
 30
0.0
 11
-0.5254210000000002
 21
-0.039686
 31
0.0
  0
LINE
  5
1899
  8
0
 10
-0.5370110000000003
 20
-0.023135
 30
0.0
 11
-0.537737
 21
-0.021213
 31
0.0
  0
LINE
  5
189A
  8
0
 10
-0.541279
 20
0.0
 30
0.0
 11
-0.5412430000000003
 21
0.002208
 31
0.0
  0
LINE
  5
189B
  8
0
 10
-0.5407029999999999
 20
-0.008779
 30
0.0
 11
-0.540955
 21
-0.006603
 31
0.0
  0
LINE
  5
189C
  8
0
 10
-0.540955
 20
-0.006603
 30
0.0
 11
-0.5411350000000003
 21
-0.004411
 31
0.0
  0
LINE
  5
189D
  8
0
 10
-0.5411350000000003
 20
-0.004411
 30
0.0
 11
-0.5412430000000003
 21
-0.002208
 31
0.0
  0
LINE
  5
189E
  8
0
 10
-0.5412430000000003
 20
-0.002208
 30
0.0
 11
-0.541279
 21
0.0
 31
0.0
  0
LINE
  5
189F
  8
0
 10
-0.5412430000000003
 20
0.002208
 30
0.0
 11
-0.5411350000000003
 21
0.004411
 31
0.0
  0
LINE
  5
18A0
  8
0
 10
-0.5411350000000003
 20
0.004411
 30
0.0
 11
-0.540955
 21
0.006603
 31
0.0
  0
LINE
  5
18A1
  8
0
 10
-0.540955
 20
0.006603
 30
0.0
 11
-0.5407029999999999
 21
0.008779
 31
0.0
  0
LINE
  5
18A2
  8
0
 10
-0.54038
 20
-0.010934
 30
0.0
 11
-0.5407029999999999
 21
-0.008779
 31
0.0
  0
LINE
  5
18A3
  8
0
 10
-0.5407029999999999
 20
0.008779
 30
0.0
 11
-0.54038
 21
0.010934
 31
0.0
  0
LINE
  5
18A4
  8
0
 10
-0.539987
 20
-0.013063
 30
0.0
 11
-0.54038
 21
-0.010934
 31
0.0
  0
LINE
  5
18A5
  8
0
 10
-0.538399
 20
-0.01924
 30
0.0
 11
-0.5389960000000003
 21
-0.017221
 31
0.0
  0
LINE
  5
18A6
  8
0
 10
-0.5389960000000003
 20
-0.017221
 30
0.0
 11
-0.5395250000000003
 21
-0.01516
 31
0.0
  0
LINE
  5
18A7
  8
0
 10
-0.5395250000000003
 20
-0.01516
 30
0.0
 11
-0.539987
 21
-0.013063
 31
0.0
  0
LINE
  5
18A8
  8
0
 10
-0.54038
 20
0.010934
 30
0.0
 11
-0.539987
 21
0.013063
 31
0.0
  0
LINE
  5
18A9
  8
0
 10
-0.539987
 20
0.013063
 30
0.0
 11
-0.5395250000000003
 21
0.01516
 31
0.0
  0
LINE
  5
18AA
  8
0
 10
-0.5395250000000003
 20
0.01516
 30
0.0
 11
-0.5389960000000003
 21
0.017221
 31
0.0
  0
LINE
  5
18AB
  8
0
 10
-0.5389960000000003
 20
0.017221
 30
0.0
 11
-0.538399
 21
0.01924
 31
0.0
  0
LINE
  5
18AC
  8
0
 10
-0.538399
 20
0.01924
 30
0.0
 11
-0.537737
 21
0.021213
 31
0.0
  0
LINE
  5
18AD
  8
0
 10
-0.532492
 20
0.03182
 30
0.0
 11
-0.5314260000000001
 21
0.033343
 31
0.0
  0
LINE
  5
18AE
  8
0
 10
-0.5314260000000001
 20
0.033343
 30
0.0
 11
-0.5303110000000001
 21
0.034786
 31
0.0
  0
LINE
  5
18AF
  8
0
 10
-0.5303110000000001
 20
0.034786
 30
0.0
 11
-0.52915
 21
0.036144
 31
0.0
  0
LINE
  5
18B0
  8
0
 10
-0.52915
 20
0.036144
 30
0.0
 11
-0.527947
 21
0.037416
 31
0.0
  0
LINE
  5
18B1
  8
0
 10
-0.527947
 20
0.037416
 30
0.0
 11
-0.5267020000000004
 21
0.038598
 31
0.0
  0
LINE
  5
18B2
  8
0
 10
-0.5267020000000004
 20
0.038598
 30
0.0
 11
-0.5254210000000002
 21
0.039686
 31
0.0
  0
LINE
  5
18B3
  8
0
 10
-0.5254210000000002
 20
0.039686
 30
0.0
 11
-0.5241060000000001
 21
0.040679
 31
0.0
  0
LINE
  5
18B4
  8
0
 10
-0.5241060000000001
 20
0.040679
 30
0.0
 11
-0.52276
 21
0.041575
 31
0.0
  0
LINE
  5
18B5
  8
0
 10
-0.52276
 20
0.041575
 30
0.0
 11
-0.5213860000000003
 21
0.04237
 31
0.0
  0
LINE
  5
18B6
  8
0
 10
-0.5213860000000003
 20
0.04237
 30
0.0
 11
-0.5199880000000002
 21
0.043062
 31
0.0
  0
LINE
  5
18B7
  8
0
 10
-0.5199880000000002
 20
0.043062
 30
0.0
 11
-0.518569
 21
0.043652
 31
0.0
  0
LINE
  5
18B8
  8
0
 10
-0.518569
 20
0.043652
 30
0.0
 11
-0.517132
 21
0.044135
 31
0.0
  0
LINE
  5
18B9
  8
0
 10
-0.517132
 20
0.044135
 30
0.0
 11
-0.5156810000000001
 21
0.044513
 31
0.0
  0
LINE
  5
18BA
  8
0
 10
-0.5156810000000001
 20
0.044513
 30
0.0
 11
-0.51422
 21
0.044783
 31
0.0
  0
LINE
  5
18BB
  8
0
 10
-0.533508
 20
0.03022
 30
0.0
 11
-0.532492
 21
0.03182
 31
0.0
  0
LINE
  5
18BC
  8
0
 10
-0.53447
 20
0.028548
 30
0.0
 11
-0.533508
 21
0.03022
 31
0.0
  0
LINE
  5
18BD
  8
0
 10
-0.5370110000000003
 20
0.023135
 30
0.0
 11
-0.5362230000000002
 21
0.025001
 31
0.0
  0
LINE
  5
18BE
  8
0
 10
-0.5362230000000002
 20
0.025001
 30
0.0
 11
-0.535375
 21
0.026806
 31
0.0
  0
LINE
  5
18BF
  8
0
 10
-0.535375
 20
0.026806
 30
0.0
 11
-0.53447
 21
0.028548
 31
0.0
  0
LINE
  5
18C0
  8
0
 10
-0.537737
 20
0.021213
 30
0.0
 11
-0.5370110000000003
 21
0.023135
 31
0.0
  0
LINE
  5
18C1
  8
0
 10
-0.4841600000000001
 20
-0.01924
 30
0.0
 11
-0.4848220000000003
 21
-0.021213
 31
0.0
  0
LINE
  5
18C2
  8
0
 10
-0.477737
 20
-0.021213
 30
0.0
 11
-0.478399
 21
-0.01924
 31
0.0
  0
LINE
  5
18C3
  8
0
 10
-0.45422
 20
-0.044783
 30
0.0
 11
-0.4556810000000004
 21
-0.044513
 31
0.0
  0
LINE
  5
18C4
  8
0
 10
-0.487183
 20
-0.026806
 30
0.0
 11
-0.4880890000000001
 21
-0.028548
 31
0.0
  0
LINE
  5
18C5
  8
0
 10
-0.4880890000000001
 20
-0.028548
 30
0.0
 11
-0.48905
 21
-0.03022
 31
0.0
  0
LINE
  5
18C6
  8
0
 10
-0.48905
 20
-0.03022
 30
0.0
 11
-0.4900660000000002
 21
-0.03182
 31
0.0
  0
LINE
  5
18C7
  8
0
 10
-0.4900660000000002
 20
-0.03182
 30
0.0
 11
-0.491132
 21
-0.033343
 31
0.0
  0
LINE
  5
18C8
  8
0
 10
-0.491132
 20
-0.033343
 30
0.0
 11
-0.4922470000000001
 21
-0.034786
 31
0.0
  0
LINE
  5
18C9
  8
0
 10
-0.4922470000000001
 20
-0.034786
 30
0.0
 11
-0.493408
 21
-0.036144
 31
0.0
  0
LINE
  5
18CA
  8
0
 10
-0.493408
 20
-0.036144
 30
0.0
 11
-0.494612
 21
-0.037416
 31
0.0
  0
LINE
  5
18CB
  8
0
 10
-0.494612
 20
-0.037416
 30
0.0
 11
-0.4958560000000001
 21
-0.038598
 31
0.0
  0
LINE
  5
18CC
  8
0
 10
-0.4958560000000001
 20
-0.038598
 30
0.0
 11
-0.4971370000000002
 21
-0.039686
 31
0.0
  0
LINE
  5
18CD
  8
0
 10
-0.485548
 20
-0.023135
 30
0.0
 11
-0.4863350000000001
 21
-0.025001
 31
0.0
  0
LINE
  5
18CE
  8
0
 10
-0.4848220000000003
 20
-0.021213
 30
0.0
 11
-0.485548
 21
-0.023135
 31
0.0
  0
LINE
  5
18CF
  8
0
 10
-0.4863350000000001
 20
-0.025001
 30
0.0
 11
-0.487183
 21
-0.026806
 31
0.0
  0
LINE
  5
18D0
  8
0
 10
-0.509807
 20
-0.044946
 30
0.0
 11
-0.5112790000000002
 21
-0.045
 31
0.0
  0
LINE
  5
18D1
  8
0
 10
-0.4984520000000002
 20
-0.040679
 30
0.0
 11
-0.499799
 21
-0.041575
 31
0.0
  0
LINE
  5
18D2
  8
0
 10
-0.499799
 20
-0.041575
 30
0.0
 11
-0.501173
 21
-0.04237
 31
0.0
  0
LINE
  5
18D3
  8
0
 10
-0.501173
 20
-0.04237
 30
0.0
 11
-0.5025710000000001
 21
-0.043062
 31
0.0
  0
LINE
  5
18D4
  8
0
 10
-0.5025710000000001
 20
-0.043062
 30
0.0
 11
-0.50399
 21
-0.043651
 31
0.0
  0
LINE
  5
18D5
  8
0
 10
-0.50399
 20
-0.043651
 30
0.0
 11
-0.5054260000000002
 21
-0.044135
 31
0.0
  0
LINE
  5
18D6
  8
0
 10
-0.5054260000000002
 20
-0.044135
 30
0.0
 11
-0.5068770000000004
 21
-0.044513
 31
0.0
  0
LINE
  5
18D7
  8
0
 10
-0.5068770000000004
 20
-0.044513
 30
0.0
 11
-0.508339
 21
-0.044783
 31
0.0
  0
LINE
  5
18D8
  8
0
 10
-0.508339
 20
-0.044783
 30
0.0
 11
-0.509807
 21
-0.044946
 31
0.0
  0
LINE
  5
18D9
  8
0
 10
-0.4971370000000002
 20
-0.039686
 30
0.0
 11
-0.4984520000000002
 21
-0.040679
 31
0.0
  0
LINE
  5
18DA
  8
0
 10
-0.476223
 20
-0.025001
 30
0.0
 11
-0.477011
 21
-0.023135
 31
0.0
  0
LINE
  5
18DB
  8
0
 10
-0.47447
 20
-0.028548
 30
0.0
 11
-0.4753750000000001
 21
-0.026806
 31
0.0
  0
LINE
  5
18DC
  8
0
 10
-0.465421
 20
-0.039686
 30
0.0
 11
-0.4667020000000001
 21
-0.038598
 31
0.0
  0
LINE
  5
18DD
  8
0
 10
-0.4667020000000001
 20
-0.038598
 30
0.0
 11
-0.4679470000000002
 21
-0.037416
 31
0.0
  0
LINE
  5
18DE
  8
0
 10
-0.4679470000000002
 20
-0.037416
 30
0.0
 11
-0.4691500000000002
 21
-0.036144
 31
0.0
  0
LINE
  5
18DF
  8
0
 10
-0.4691500000000002
 20
-0.036144
 30
0.0
 11
-0.470311
 21
-0.034786
 31
0.0
  0
LINE
  5
18E0
  8
0
 10
-0.470311
 20
-0.034786
 30
0.0
 11
-0.4714260000000003
 21
-0.033343
 31
0.0
  0
LINE
  5
18E1
  8
0
 10
-0.4714260000000003
 20
-0.033343
 30
0.0
 11
-0.472492
 21
-0.03182
 31
0.0
  0
LINE
  5
18E2
  8
0
 10
-0.472492
 20
-0.03182
 30
0.0
 11
-0.473508
 21
-0.03022
 31
0.0
  0
LINE
  5
18E3
  8
0
 10
-0.473508
 20
-0.03022
 30
0.0
 11
-0.47447
 21
-0.028548
 31
0.0
  0
LINE
  5
18E4
  8
0
 10
-0.4753750000000001
 20
-0.026806
 30
0.0
 11
-0.476223
 21
-0.025001
 31
0.0
  0
LINE
  5
18E5
  8
0
 10
-0.477011
 20
-0.023135
 30
0.0
 11
-0.477737
 21
-0.021213
 31
0.0
  0
LINE
  5
18E6
  8
0
 10
-0.4556810000000004
 20
-0.044513
 30
0.0
 11
-0.457132
 21
-0.044135
 31
0.0
  0
LINE
  5
18E7
  8
0
 10
-0.457132
 20
-0.044135
 30
0.0
 11
-0.458569
 21
-0.043651
 31
0.0
  0
LINE
  5
18E8
  8
0
 10
-0.458569
 20
-0.043651
 30
0.0
 11
-0.459988
 21
-0.043062
 31
0.0
  0
LINE
  5
18E9
  8
0
 10
-0.459988
 20
-0.043062
 30
0.0
 11
-0.461386
 21
-0.04237
 31
0.0
  0
LINE
  5
18EA
  8
0
 10
-0.461386
 20
-0.04237
 30
0.0
 11
-0.4627600000000001
 21
-0.041575
 31
0.0
  0
LINE
  5
18EB
  8
0
 10
-0.4627600000000001
 20
-0.041575
 30
0.0
 11
-0.4641060000000001
 21
-0.040679
 31
0.0
  0
LINE
  5
18EC
  8
0
 10
-0.4641060000000001
 20
-0.040679
 30
0.0
 11
-0.465421
 21
-0.039686
 31
0.0
  0
LINE
  5
18ED
  8
0
 10
-0.4556810000000004
 20
0.044513
 30
0.0
 11
-0.45422
 21
0.044783
 31
0.0
  0
LINE
  5
18EE
  8
0
 10
-0.501173
 20
0.04237
 30
0.0
 11
-0.499799
 21
0.041575
 31
0.0
  0
LINE
  5
18EF
  8
0
 10
-0.499799
 20
0.041575
 30
0.0
 11
-0.4984520000000002
 21
0.040679
 31
0.0
  0
LINE
  5
18F0
  8
0
 10
-0.4984520000000002
 20
0.040679
 30
0.0
 11
-0.4971370000000002
 21
0.039686
 31
0.0
  0
LINE
  5
18F1
  8
0
 10
-0.4971370000000002
 20
0.039686
 30
0.0
 11
-0.4958560000000001
 21
0.038598
 31
0.0
  0
LINE
  5
18F2
  8
0
 10
-0.4958560000000001
 20
0.038598
 30
0.0
 11
-0.494612
 21
0.037416
 31
0.0
  0
LINE
  5
18F3
  8
0
 10
-0.494612
 20
0.037416
 30
0.0
 11
-0.493408
 21
0.036144
 31
0.0
  0
LINE
  5
18F4
  8
0
 10
-0.493408
 20
0.036144
 30
0.0
 11
-0.4922470000000001
 21
0.034786
 31
0.0
  0
LINE
  5
18F5
  8
0
 10
-0.4922470000000001
 20
0.034786
 30
0.0
 11
-0.491132
 21
0.033343
 31
0.0
  0
LINE
  5
18F6
  8
0
 10
-0.491132
 20
0.033343
 30
0.0
 11
-0.4900660000000002
 21
0.03182
 31
0.0
  0
LINE
  5
18F7
  8
0
 10
-0.4900660000000002
 20
0.03182
 30
0.0
 11
-0.48905
 21
0.03022
 31
0.0
  0
LINE
  5
18F8
  8
0
 10
-0.509807
 20
0.044946
 30
0.0
 11
-0.508339
 21
0.044783
 31
0.0
  0
LINE
  5
18F9
  8
0
 10
-0.4863350000000001
 20
0.025001
 30
0.0
 11
-0.485548
 21
0.023135
 31
0.0
  0
LINE
  5
18FA
  8
0
 10
-0.485548
 20
0.023135
 30
0.0
 11
-0.4848220000000003
 21
0.021213
 31
0.0
  0
LINE
  5
18FB
  8
0
 10
-0.4848220000000003
 20
0.021213
 30
0.0
 11
-0.4841600000000001
 21
0.01924
 31
0.0
  0
LINE
  5
18FC
  8
0
 10
-0.4841600000000001
 20
0.01924
 30
0.0
 11
-0.483563
 21
0.017221
 31
0.0
  0
LINE
  5
18FD
  8
0
 10
-0.483563
 20
0.017221
 30
0.0
 11
-0.483033
 21
0.01516
 31
0.0
  0
LINE
  5
18FE
  8
0
 10
-0.483033
 20
0.01516
 30
0.0
 11
-0.482571
 21
0.013063
 31
0.0
  0
LINE
  5
18FF
  8
0
 10
-0.482571
 20
0.013063
 30
0.0
 11
-0.4821780000000003
 21
0.010934
 31
0.0
  0
LINE
  5
1900
  8
0
 10
-0.4821780000000003
 20
0.010934
 30
0.0
 11
-0.4818560000000002
 21
0.008779
 31
0.0
  0
LINE
  5
1901
  8
0
 10
-0.4818560000000002
 20
0.008779
 30
0.0
 11
-0.481604
 21
0.006603
 31
0.0
  0
LINE
  5
1902
  8
0
 10
-0.481604
 20
0.006603
 30
0.0
 11
-0.481424
 21
0.004411
 31
0.0
  0
LINE
  5
1903
  8
0
 10
-0.481424
 20
0.004411
 30
0.0
 11
-0.481315
 21
0.002208
 31
0.0
  0
LINE
  5
1904
  8
0
 10
-0.481243
 20
0.002208
 30
0.0
 11
-0.481135
 21
0.004411
 31
0.0
  0
LINE
  5
1905
  8
0
 10
-0.481135
 20
0.004411
 30
0.0
 11
-0.480955
 21
0.006603
 31
0.0
  0
LINE
  5
1906
  8
0
 10
-0.480955
 20
0.006603
 30
0.0
 11
-0.4807030000000001
 21
0.008779
 31
0.0
  0
LINE
  5
1907
  8
0
 10
-0.4807030000000001
 20
0.008779
 30
0.0
 11
-0.4803800000000001
 21
0.010934
 31
0.0
  0
LINE
  5
1908
  8
0
 10
-0.4803800000000001
 20
0.010934
 30
0.0
 11
-0.4799870000000002
 21
0.013063
 31
0.0
  0
LINE
  5
1909
  8
0
 10
-0.4799870000000002
 20
0.013063
 30
0.0
 11
-0.479525
 21
0.01516
 31
0.0
  0
LINE
  5
190A
  8
0
 10
-0.479525
 20
0.01516
 30
0.0
 11
-0.478996
 21
0.017221
 31
0.0
  0
LINE
  5
190B
  8
0
 10
-0.487183
 20
0.026806
 30
0.0
 11
-0.4863350000000001
 21
0.025001
 31
0.0
  0
LINE
  5
190C
  8
0
 10
-0.481315
 20
0.002208
 30
0.0
 11
-0.481279
 21
0.0
 31
0.0
  0
LINE
  5
190D
  8
0
 10
-0.481279
 20
0.0
 30
0.0
 11
-0.481243
 21
0.002208
 31
0.0
  0
LINE
  5
190E
  8
0
 10
-0.4821780000000003
 20
-0.010934
 30
0.0
 11
-0.482571
 21
-0.013063
 31
0.0
  0
LINE
  5
190F
  8
0
 10
-0.4799870000000002
 20
-0.013063
 30
0.0
 11
-0.4803800000000001
 21
-0.010934
 31
0.0
  0
LINE
  5
1910
  8
0
 10
-0.482571
 20
-0.013063
 30
0.0
 11
-0.483033
 21
-0.01516
 31
0.0
  0
LINE
  5
1911
  8
0
 10
-0.483033
 20
-0.01516
 30
0.0
 11
-0.483563
 21
-0.017221
 31
0.0
  0
LINE
  5
1912
  8
0
 10
-0.483563
 20
-0.017221
 30
0.0
 11
-0.4841600000000001
 21
-0.01924
 31
0.0
  0
LINE
  5
1913
  8
0
 10
-0.478996
 20
-0.017221
 30
0.0
 11
-0.479525
 21
-0.01516
 31
0.0
  0
LINE
  5
1914
  8
0
 10
-0.479525
 20
-0.01516
 30
0.0
 11
-0.4799870000000002
 21
-0.013063
 31
0.0
  0
LINE
  5
1915
  8
0
 10
-0.481279
 20
0.0
 30
0.0
 11
-0.481315
 21
-0.002208
 31
0.0
  0
LINE
  5
1916
  8
0
 10
-0.481315
 20
-0.002208
 30
0.0
 11
-0.481424
 21
-0.004411
 31
0.0
  0
LINE
  5
1917
  8
0
 10
-0.481424
 20
-0.004411
 30
0.0
 11
-0.481604
 21
-0.006603
 31
0.0
  0
LINE
  5
1918
  8
0
 10
-0.481604
 20
-0.006603
 30
0.0
 11
-0.4818560000000002
 21
-0.008779
 31
0.0
  0
LINE
  5
1919
  8
0
 10
-0.4818560000000002
 20
-0.008779
 30
0.0
 11
-0.4821780000000003
 21
-0.010934
 31
0.0
  0
LINE
  5
191A
  8
0
 10
-0.4803800000000001
 20
-0.010934
 30
0.0
 11
-0.4807030000000001
 21
-0.008779
 31
0.0
  0
LINE
  5
191B
  8
0
 10
-0.4807030000000001
 20
-0.008779
 30
0.0
 11
-0.480955
 21
-0.006603
 31
0.0
  0
LINE
  5
191C
  8
0
 10
-0.480955
 20
-0.006603
 30
0.0
 11
-0.481135
 21
-0.004411
 31
0.0
  0
LINE
  5
191D
  8
0
 10
-0.481135
 20
-0.004411
 30
0.0
 11
-0.481243
 21
-0.002208
 31
0.0
  0
LINE
  5
191E
  8
0
 10
-0.481243
 20
-0.002208
 30
0.0
 11
-0.481279
 21
0.0
 31
0.0
  0
LINE
  5
191F
  8
0
 10
-0.48905
 20
0.03022
 30
0.0
 11
-0.4880890000000001
 21
0.028548
 31
0.0
  0
LINE
  5
1920
  8
0
 10
-0.5112790000000002
 20
0.045
 30
0.0
 11
-0.509807
 21
0.044946
 31
0.0
  0
LINE
  5
1921
  8
0
 10
-0.508339
 20
0.044783
 30
0.0
 11
-0.5068770000000004
 21
0.044513
 31
0.0
  0
LINE
  5
1922
  8
0
 10
-0.5068770000000004
 20
0.044513
 30
0.0
 11
-0.5054260000000002
 21
0.044135
 31
0.0
  0
LINE
  5
1923
  8
0
 10
-0.5054260000000002
 20
0.044135
 30
0.0
 11
-0.50399
 21
0.043652
 31
0.0
  0
LINE
  5
1924
  8
0
 10
-0.50399
 20
0.043652
 30
0.0
 11
-0.5025710000000001
 21
0.043062
 31
0.0
  0
LINE
  5
1925
  8
0
 10
-0.5025710000000001
 20
0.043062
 30
0.0
 11
-0.501173
 21
0.04237
 31
0.0
  0
LINE
  5
1926
  8
0
 10
-0.47447
 20
0.028548
 30
0.0
 11
-0.473508
 21
0.03022
 31
0.0
  0
LINE
  5
1927
  8
0
 10
-0.4753750000000001
 20
0.026806
 30
0.0
 11
-0.47447
 21
0.028548
 31
0.0
  0
LINE
  5
1928
  8
0
 10
-0.478399
 20
0.01924
 30
0.0
 11
-0.477737
 21
0.021213
 31
0.0
  0
LINE
  5
1929
  8
0
 10
-0.477737
 20
0.021213
 30
0.0
 11
-0.477011
 21
0.023135
 31
0.0
  0
LINE
  5
192A
  8
0
 10
-0.477011
 20
0.023135
 30
0.0
 11
-0.476223
 21
0.025001
 31
0.0
  0
LINE
  5
192B
  8
0
 10
-0.476223
 20
0.025001
 30
0.0
 11
-0.4753750000000001
 21
0.026806
 31
0.0
  0
LINE
  5
192C
  8
0
 10
-0.473508
 20
0.03022
 30
0.0
 11
-0.472492
 21
0.03182
 31
0.0
  0
LINE
  5
192D
  8
0
 10
-0.472492
 20
0.03182
 30
0.0
 11
-0.4714260000000003
 21
0.033343
 31
0.0
  0
LINE
  5
192E
  8
0
 10
-0.4714260000000003
 20
0.033343
 30
0.0
 11
-0.470311
 21
0.034786
 31
0.0
  0
LINE
  5
192F
  8
0
 10
-0.470311
 20
0.034786
 30
0.0
 11
-0.4691500000000002
 21
0.036144
 31
0.0
  0
LINE
  5
1930
  8
0
 10
-0.4691500000000002
 20
0.036144
 30
0.0
 11
-0.4679470000000002
 21
0.037416
 31
0.0
  0
LINE
  5
1931
  8
0
 10
-0.4679470000000002
 20
0.037416
 30
0.0
 11
-0.4667020000000001
 21
0.038598
 31
0.0
  0
LINE
  5
1932
  8
0
 10
-0.4667020000000001
 20
0.038598
 30
0.0
 11
-0.465421
 21
0.039686
 31
0.0
  0
LINE
  5
1933
  8
0
 10
-0.465421
 20
0.039686
 30
0.0
 11
-0.4641060000000001
 21
0.040679
 31
0.0
  0
LINE
  5
1934
  8
0
 10
-0.4641060000000001
 20
0.040679
 30
0.0
 11
-0.4627600000000001
 21
0.041575
 31
0.0
  0
LINE
  5
1935
  8
0
 10
-0.4627600000000001
 20
0.041575
 30
0.0
 11
-0.461386
 21
0.04237
 31
0.0
  0
LINE
  5
1936
  8
0
 10
-0.461386
 20
0.04237
 30
0.0
 11
-0.459988
 21
0.043062
 31
0.0
  0
LINE
  5
1937
  8
0
 10
-0.459988
 20
0.043062
 30
0.0
 11
-0.458569
 21
0.043652
 31
0.0
  0
LINE
  5
1938
  8
0
 10
-0.458569
 20
0.043652
 30
0.0
 11
-0.457132
 21
0.044135
 31
0.0
  0
LINE
  5
1939
  8
0
 10
-0.457132
 20
0.044135
 30
0.0
 11
-0.4556810000000004
 21
0.044513
 31
0.0
  0
LINE
  5
193A
  8
0
 10
-0.478996
 20
0.017221
 30
0.0
 11
-0.478399
 21
0.01924
 31
0.0
  0
LINE
  5
193B
  8
0
 10
-0.478399
 20
-0.01924
 30
0.0
 11
-0.478996
 21
-0.017221
 31
0.0
  0
LINE
  5
193C
  8
0
 10
-0.451279
 20
-0.045
 30
0.0
 11
-0.4527510000000003
 21
-0.044946
 31
0.0
  0
LINE
  5
193D
  8
0
 10
-0.430066
 20
-0.03182
 30
0.0
 11
-0.431132
 21
-0.033343
 31
0.0
  0
LINE
  5
193E
  8
0
 10
-0.431132
 20
-0.033343
 30
0.0
 11
-0.4322470000000001
 21
-0.034786
 31
0.0
  0
LINE
  5
193F
  8
0
 10
-0.4322470000000001
 20
-0.034786
 30
0.0
 11
-0.4334080000000001
 21
-0.036144
 31
0.0
  0
LINE
  5
1940
  8
0
 10
-0.4334080000000001
 20
-0.036144
 30
0.0
 11
-0.434612
 21
-0.037416
 31
0.0
  0
LINE
  5
1941
  8
0
 10
-0.434612
 20
-0.037416
 30
0.0
 11
-0.4358560000000001
 21
-0.038598
 31
0.0
  0
LINE
  5
1942
  8
0
 10
-0.4358560000000001
 20
-0.038598
 30
0.0
 11
-0.437137
 21
-0.039686
 31
0.0
  0
LINE
  5
1943
  8
0
 10
-0.4384520000000001
 20
-0.040679
 30
0.0
 11
-0.439799
 21
-0.041575
 31
0.0
  0
LINE
  5
1944
  8
0
 10
-0.441173
 20
-0.04237
 30
0.0
 11
-0.442571
 21
-0.043062
 31
0.0
  0
LINE
  5
1945
  8
0
 10
-0.439799
 20
-0.041575
 30
0.0
 11
-0.441173
 21
-0.04237
 31
0.0
  0
LINE
  5
1946
  8
0
 10
-0.442571
 20
-0.043062
 30
0.0
 11
-0.44399
 21
-0.043651
 31
0.0
  0
LINE
  5
1947
  8
0
 10
-0.44399
 20
-0.043651
 30
0.0
 11
-0.4454260000000004
 21
-0.044135
 31
0.0
  0
LINE
  5
1948
  8
0
 10
-0.4454260000000004
 20
-0.044135
 30
0.0
 11
-0.4468770000000001
 21
-0.044513
 31
0.0
  0
LINE
  5
1949
  8
0
 10
-0.4468770000000001
 20
-0.044513
 30
0.0
 11
-0.448339
 21
-0.044783
 31
0.0
  0
LINE
  5
194A
  8
0
 10
-0.448339
 20
-0.044783
 30
0.0
 11
-0.449807
 21
-0.044946
 31
0.0
  0
LINE
  5
194B
  8
0
 10
-0.449807
 20
-0.044946
 30
0.0
 11
-0.451279
 21
-0.045
 31
0.0
  0
LINE
  5
194C
  8
0
 10
-0.437137
 20
-0.039686
 30
0.0
 11
-0.4384520000000001
 21
-0.040679
 31
0.0
  0
LINE
  5
194D
  8
0
 10
-0.4527510000000003
 20
0.044946
 30
0.0
 11
-0.451279
 21
0.045
 31
0.0
  0
LINE
  5
194E
  8
0
 10
-0.439799
 20
0.041575
 30
0.0
 11
-0.4384520000000001
 21
0.040679
 31
0.0
  0
LINE
  5
194F
  8
0
 10
-0.4384520000000001
 20
0.040679
 30
0.0
 11
-0.437137
 21
0.039686
 31
0.0
  0
LINE
  5
1950
  8
0
 10
-0.437137
 20
0.039686
 30
0.0
 11
-0.4358560000000001
 21
0.038598
 31
0.0
  0
LINE
  5
1951
  8
0
 10
-0.4358560000000001
 20
0.038598
 30
0.0
 11
-0.434612
 21
0.037416
 31
0.0
  0
LINE
  5
1952
  8
0
 10
-0.434612
 20
0.037416
 30
0.0
 11
-0.4334080000000001
 21
0.036144
 31
0.0
  0
LINE
  5
1953
  8
0
 10
-0.4334080000000001
 20
0.036144
 30
0.0
 11
-0.4322470000000001
 21
0.034786
 31
0.0
  0
LINE
  5
1954
  8
0
 10
-0.4322470000000001
 20
0.034786
 30
0.0
 11
-0.431132
 21
0.033343
 31
0.0
  0
LINE
  5
1955
  8
0
 10
-0.431132
 20
0.033343
 30
0.0
 11
-0.430066
 21
0.03182
 31
0.0
  0
LINE
  5
1956
  8
0
 10
-0.442571
 20
0.043062
 30
0.0
 11
-0.441173
 21
0.04237
 31
0.0
  0
LINE
  5
1957
  8
0
 10
-0.441173
 20
0.04237
 30
0.0
 11
-0.439799
 21
0.041575
 31
0.0
  0
LINE
  5
1958
  8
0
 10
-0.451279
 20
0.045
 30
0.0
 11
-0.449807
 21
0.044946
 31
0.0
  0
LINE
  5
1959
  8
0
 10
-0.449807
 20
0.044946
 30
0.0
 11
-0.448339
 21
0.044783
 31
0.0
  0
LINE
  5
195A
  8
0
 10
-0.448339
 20
0.044783
 30
0.0
 11
-0.4468770000000001
 21
0.044513
 31
0.0
  0
LINE
  5
195B
  8
0
 10
-0.4468770000000001
 20
0.044513
 30
0.0
 11
-0.4454260000000004
 21
0.044135
 31
0.0
  0
LINE
  5
195C
  8
0
 10
-0.4454260000000004
 20
0.044135
 30
0.0
 11
-0.44399
 21
0.043652
 31
0.0
  0
LINE
  5
195D
  8
0
 10
-0.44399
 20
0.043652
 30
0.0
 11
-0.442571
 21
0.043062
 31
0.0
  0
LINE
  5
195E
  8
0
 10
-0.4527510000000003
 20
-0.044946
 30
0.0
 11
-0.45422
 21
-0.044783
 31
0.0
  0
LINE
  5
195F
  8
0
 10
-0.45422
 20
0.044783
 30
0.0
 11
-0.4527510000000003
 21
0.044946
 31
0.0
  0
LINE
  5
1960
  8
0
 10
-0.5112790000000002
 20
0.045
 30
0.0
 11
-0.541279
 21
0.045
 31
0.0
  0
LINE
  5
1961
  8
0
 10
-0.541279
 20
-0.045
 30
0.0
 11
-0.5112790000000002
 21
-0.045
 31
0.0
  0
LINE
  5
1962
  8
0
 10
-0.5112790000000002
 20
-0.045
 30
0.0
 11
-0.5127510000000001
 21
-0.044946
 31
0.0
  0
LINE
  5
1963
  8
0
 10
-0.5127510000000001
 20
0.044946
 30
0.0
 11
-0.5112790000000002
 21
0.045
 31
0.0
  0
LINE
  5
1964
  8
0
 10
-0.4880890000000001
 20
0.028548
 30
0.0
 11
-0.479525
 21
0.01516
 31
0.0
  0
LINE
  5
1965
  8
0
 10
-0.42905
 20
-0.03022
 30
0.0
 11
-0.430066
 21
-0.03182
 31
0.0
  0
LINE
  5
1966
  8
0
 10
-0.430066
 20
0.03182
 30
0.0
 11
-0.42905
 21
0.03022
 31
0.0
  0
LINE
  5
1967
  8
0
 10
-0.42416
 20
-0.01924
 30
0.0
 11
-0.424822
 21
-0.021213
 31
0.0
  0
LINE
  5
1968
  8
0
 10
-0.417737
 20
-0.021213
 30
0.0
 11
-0.418399
 21
-0.01924
 31
0.0
  0
LINE
  5
1969
  8
0
 10
-0.425548
 20
-0.023135
 30
0.0
 11
-0.426335
 21
-0.025001
 31
0.0
  0
LINE
  5
196A
  8
0
 10
-0.426335
 20
-0.025001
 30
0.0
 11
-0.427183
 21
-0.026806
 31
0.0
  0
LINE
  5
196B
  8
0
 10
-0.427183
 20
-0.026806
 30
0.0
 11
-0.4280890000000002
 21
-0.028548
 31
0.0
  0
LINE
  5
196C
  8
0
 10
-0.4280890000000002
 20
-0.028548
 30
0.0
 11
-0.42905
 21
-0.03022
 31
0.0
  0
LINE
  5
196D
  8
0
 10
-0.424822
 20
-0.021213
 30
0.0
 11
-0.425548
 21
-0.023135
 31
0.0
  0
LINE
  5
196E
  8
0
 10
-0.416223
 20
-0.025001
 30
0.0
 11
-0.417011
 21
-0.023135
 31
0.0
  0
LINE
  5
196F
  8
0
 10
-0.40915
 20
-0.036144
 30
0.0
 11
-0.410311
 21
-0.034786
 31
0.0
  0
LINE
  5
1970
  8
0
 10
-0.410311
 20
-0.034786
 30
0.0
 11
-0.411426
 21
-0.033343
 31
0.0
  0
LINE
  5
1971
  8
0
 10
-0.411426
 20
-0.033343
 30
0.0
 11
-0.4124920000000003
 21
-0.03182
 31
0.0
  0
LINE
  5
1972
  8
0
 10
-0.4124920000000003
 20
-0.03182
 30
0.0
 11
-0.4135080000000002
 21
-0.03022
 31
0.0
  0
LINE
  5
1973
  8
0
 10
-0.4135080000000002
 20
-0.03022
 30
0.0
 11
-0.414469
 21
-0.028548
 31
0.0
  0
LINE
  5
1974
  8
0
 10
-0.414469
 20
-0.028548
 30
0.0
 11
-0.415375
 21
-0.026806
 31
0.0
  0
LINE
  5
1975
  8
0
 10
-0.415375
 20
-0.026806
 30
0.0
 11
-0.416223
 21
-0.025001
 31
0.0
  0
LINE
  5
1976
  8
0
 10
-0.417011
 20
-0.023135
 30
0.0
 11
-0.417737
 21
-0.021213
 31
0.0
  0
LINE
  5
1977
  8
0
 10
-0.419987
 20
-0.013063
 30
0.0
 11
-0.4203800000000001
 21
-0.010934
 31
0.0
  0
LINE
  5
1978
  8
0
 10
-0.4203800000000001
 20
0.010934
 30
0.0
 11
-0.419987
 21
0.013063
 31
0.0
  0
LINE
  5
1979
  8
0
 10
-0.421279
 20
0.0
 30
0.0
 11
-0.4212430000000003
 21
0.002208
 31
0.0
  0
LINE
  5
197A
  8
0
 10
-0.421315
 20
0.002208
 30
0.0
 11
-0.421279
 21
0.0
 31
0.0
  0
LINE
  5
197B
  8
0
 10
-0.422178
 20
-0.010934
 30
0.0
 11
-0.4225710000000002
 21
-0.013063
 31
0.0
  0
LINE
  5
197C
  8
0
 10
-0.4225710000000002
 20
-0.013063
 30
0.0
 11
-0.4230330000000003
 21
-0.01516
 31
0.0
  0
LINE
  5
197D
  8
0
 10
-0.4230330000000003
 20
-0.01516
 30
0.0
 11
-0.4235630000000001
 21
-0.017221
 31
0.0
  0
LINE
  5
197E
  8
0
 10
-0.4235630000000001
 20
-0.017221
 30
0.0
 11
-0.42416
 21
-0.01924
 31
0.0
  0
LINE
  5
197F
  8
0
 10
-0.4203800000000001
 20
-0.010934
 30
0.0
 11
-0.420703
 21
-0.008779
 31
0.0
  0
LINE
  5
1980
  8
0
 10
-0.420703
 20
-0.008779
 30
0.0
 11
-0.420954
 21
-0.006603
 31
0.0
  0
LINE
  5
1981
  8
0
 10
-0.420954
 20
-0.006603
 30
0.0
 11
-0.4211350000000003
 21
-0.004411
 31
0.0
  0
LINE
  5
1982
  8
0
 10
-0.4211350000000003
 20
-0.004411
 30
0.0
 11
-0.4212430000000003
 21
-0.002208
 31
0.0
  0
LINE
  5
1983
  8
0
 10
-0.4212430000000003
 20
-0.002208
 30
0.0
 11
-0.421279
 21
0.0
 31
0.0
  0
LINE
  5
1984
  8
0
 10
-0.421279
 20
0.0
 30
0.0
 11
-0.421315
 21
-0.002208
 31
0.0
  0
LINE
  5
1985
  8
0
 10
-0.421315
 20
-0.002208
 30
0.0
 11
-0.421424
 21
-0.004411
 31
0.0
  0
LINE
  5
1986
  8
0
 10
-0.421424
 20
-0.004411
 30
0.0
 11
-0.421604
 21
-0.006603
 31
0.0
  0
LINE
  5
1987
  8
0
 10
-0.421604
 20
-0.006603
 30
0.0
 11
-0.4218560000000001
 21
-0.008779
 31
0.0
  0
LINE
  5
1988
  8
0
 10
-0.4218560000000001
 20
-0.008779
 30
0.0
 11
-0.422178
 21
-0.010934
 31
0.0
  0
LINE
  5
1989
  8
0
 10
-0.42905
 20
0.03022
 30
0.0
 11
-0.4280890000000002
 21
0.028548
 31
0.0
  0
LINE
  5
198A
  8
0
 10
-0.4212430000000003
 20
0.002208
 30
0.0
 11
-0.4211350000000003
 21
0.004411
 31
0.0
  0
LINE
  5
198B
  8
0
 10
-0.4211350000000003
 20
0.004411
 30
0.0
 11
-0.420954
 21
0.006603
 31
0.0
  0
LINE
  5
198C
  8
0
 10
-0.420954
 20
0.006603
 30
0.0
 11
-0.420703
 21
0.008779
 31
0.0
  0
LINE
  5
198D
  8
0
 10
-0.420703
 20
0.008779
 30
0.0
 11
-0.4203800000000001
 21
0.010934
 31
0.0
  0
LINE
  5
198E
  8
0
 10
-0.4280890000000002
 20
0.028548
 30
0.0
 11
-0.427183
 21
0.026806
 31
0.0
  0
LINE
  5
198F
  8
0
 10
-0.427183
 20
0.026806
 30
0.0
 11
-0.426335
 21
0.025001
 31
0.0
  0
LINE
  5
1990
  8
0
 10
-0.426335
 20
0.025001
 30
0.0
 11
-0.425548
 21
0.023135
 31
0.0
  0
LINE
  5
1991
  8
0
 10
-0.425548
 20
0.023135
 30
0.0
 11
-0.424822
 21
0.021213
 31
0.0
  0
LINE
  5
1992
  8
0
 10
-0.424822
 20
0.021213
 30
0.0
 11
-0.42416
 21
0.01924
 31
0.0
  0
LINE
  5
1993
  8
0
 10
-0.42416
 20
0.01924
 30
0.0
 11
-0.4235630000000001
 21
0.017221
 31
0.0
  0
LINE
  5
1994
  8
0
 10
-0.4235630000000001
 20
0.017221
 30
0.0
 11
-0.4230330000000003
 21
0.01516
 31
0.0
  0
LINE
  5
1995
  8
0
 10
-0.4230330000000003
 20
0.01516
 30
0.0
 11
-0.4225710000000002
 21
0.013063
 31
0.0
  0
LINE
  5
1996
  8
0
 10
-0.4225710000000002
 20
0.013063
 30
0.0
 11
-0.422178
 21
0.010934
 31
0.0
  0
LINE
  5
1997
  8
0
 10
-0.422178
 20
0.010934
 30
0.0
 11
-0.4218560000000001
 21
0.008779
 31
0.0
  0
LINE
  5
1998
  8
0
 10
-0.4218560000000001
 20
0.008779
 30
0.0
 11
-0.421604
 21
0.006603
 31
0.0
  0
LINE
  5
1999
  8
0
 10
-0.421604
 20
0.006603
 30
0.0
 11
-0.421424
 21
0.004411
 31
0.0
  0
LINE
  5
199A
  8
0
 10
-0.421424
 20
0.004411
 30
0.0
 11
-0.421315
 21
0.002208
 31
0.0
  0
LINE
  5
199B
  8
0
 10
-0.418399
 20
-0.01924
 30
0.0
 11
-0.4189960000000001
 21
-0.017221
 31
0.0
  0
LINE
  5
199C
  8
0
 10
-0.4189960000000001
 20
-0.017221
 30
0.0
 11
-0.419525
 21
-0.01516
 31
0.0
  0
LINE
  5
199D
  8
0
 10
-0.419525
 20
-0.01516
 30
0.0
 11
-0.419987
 21
-0.013063
 31
0.0
  0
LINE
  5
199E
  8
0
 10
-0.414469
 20
0.028548
 30
0.0
 11
-0.4135080000000002
 21
0.03022
 31
0.0
  0
LINE
  5
199F
  8
0
 10
-0.419987
 20
0.013063
 30
0.0
 11
-0.419525
 21
0.01516
 31
0.0
  0
LINE
  5
19A0
  8
0
 10
-0.419525
 20
0.01516
 30
0.0
 11
-0.4189960000000001
 21
0.017221
 31
0.0
  0
LINE
  5
19A1
  8
0
 10
-0.4189960000000001
 20
0.017221
 30
0.0
 11
-0.418399
 21
0.01924
 31
0.0
  0
LINE
  5
19A2
  8
0
 10
-0.418399
 20
0.01924
 30
0.0
 11
-0.417737
 21
0.021213
 31
0.0
  0
LINE
  5
19A3
  8
0
 10
-0.417737
 20
0.021213
 30
0.0
 11
-0.417011
 21
0.023135
 31
0.0
  0
LINE
  5
19A4
  8
0
 10
-0.417011
 20
0.023135
 30
0.0
 11
-0.416223
 21
0.025001
 31
0.0
  0
LINE
  5
19A5
  8
0
 10
-0.416223
 20
0.025001
 30
0.0
 11
-0.415375
 21
0.026806
 31
0.0
  0
LINE
  5
19A6
  8
0
 10
-0.415375
 20
0.026806
 30
0.0
 11
-0.414469
 21
0.028548
 31
0.0
  0
LINE
  5
19A7
  8
0
 10
-0.4135080000000002
 20
0.03022
 30
0.0
 11
-0.4124920000000003
 21
0.03182
 31
0.0
  0
LINE
  5
19A8
  8
0
 10
-0.4124920000000003
 20
0.03182
 30
0.0
 11
-0.411426
 21
0.033343
 31
0.0
  0
LINE
  5
19A9
  8
0
 10
-0.411426
 20
0.033343
 30
0.0
 11
-0.410311
 21
0.034786
 31
0.0
  0
LINE
  5
19AA
  8
0
 10
-0.410311
 20
0.034786
 30
0.0
 11
-0.40915
 21
0.036144
 31
0.0
  0
LINE
  5
19AB
  8
0
 10
-0.375856
 20
-0.038598
 30
0.0
 11
-0.377137
 21
-0.039686
 31
0.0
  0
LINE
  5
19AC
  8
0
 10
-0.378452
 20
-0.040679
 30
0.0
 11
-0.379799
 21
-0.041575
 31
0.0
  0
LINE
  5
19AD
  8
0
 10
-0.379799
 20
-0.041575
 30
0.0
 11
-0.3811719999999999
 21
-0.04237
 31
0.0
  0
LINE
  5
19AE
  8
0
 10
-0.3811719999999999
 20
-0.04237
 30
0.0
 11
-0.382571
 21
-0.043062
 31
0.0
  0
LINE
  5
19AF
  8
0
 10
-0.382571
 20
-0.043062
 30
0.0
 11
-0.38399
 21
-0.043651
 31
0.0
  0
LINE
  5
19B0
  8
0
 10
-0.38399
 20
-0.043651
 30
0.0
 11
-0.385426
 21
-0.044135
 31
0.0
  0
LINE
  5
19B1
  8
0
 10
-0.385426
 20
-0.044135
 30
0.0
 11
-0.3868769999999999
 21
-0.044513
 31
0.0
  0
LINE
  5
19B2
  8
0
 10
-0.3868769999999999
 20
-0.044513
 30
0.0
 11
-0.388339
 21
-0.044783
 31
0.0
  0
LINE
  5
19B3
  8
0
 10
-0.388339
 20
-0.044783
 30
0.0
 11
-0.389807
 21
-0.044946
 31
0.0
  0
LINE
  5
19B4
  8
0
 10
-0.389807
 20
-0.044946
 30
0.0
 11
-0.391279
 21
-0.045
 31
0.0
  0
LINE
  5
19B5
  8
0
 10
-0.391279
 20
-0.045
 30
0.0
 11
-0.392751
 21
-0.044946
 31
0.0
  0
LINE
  5
19B6
  8
0
 10
-0.392751
 20
-0.044946
 30
0.0
 11
-0.39422
 21
-0.044783
 31
0.0
  0
LINE
  5
19B7
  8
0
 10
-0.377137
 20
-0.039686
 30
0.0
 11
-0.378452
 21
-0.040679
 31
0.0
  0
LINE
  5
19B8
  8
0
 10
-0.356223
 20
-0.025001
 30
0.0
 11
-0.357011
 21
-0.023135
 31
0.0
  0
LINE
  5
19B9
  8
0
 10
-0.351426
 20
-0.033343
 30
0.0
 11
-0.352492
 21
-0.03182
 31
0.0
  0
LINE
  5
19BA
  8
0
 10
-0.345421
 20
-0.039686
 30
0.0
 11
-0.346702
 21
-0.038598
 31
0.0
  0
LINE
  5
19BB
  8
0
 10
-0.346702
 20
-0.038598
 30
0.0
 11
-0.3479459999999999
 21
-0.037416
 31
0.0
  0
LINE
  5
19BC
  8
0
 10
-0.3479459999999999
 20
-0.037416
 30
0.0
 11
-0.34915
 21
-0.036144
 31
0.0
  0
LINE
  5
19BD
  8
0
 10
-0.34915
 20
-0.036144
 30
0.0
 11
-0.350311
 21
-0.034786
 31
0.0
  0
LINE
  5
19BE
  8
0
 10
-0.350311
 20
-0.034786
 30
0.0
 11
-0.351426
 21
-0.033343
 31
0.0
  0
LINE
  5
19BF
  8
0
 10
-0.352492
 20
-0.03182
 30
0.0
 11
-0.353508
 21
-0.03022
 31
0.0
  0
LINE
  5
19C0
  8
0
 10
-0.353508
 20
-0.03022
 30
0.0
 11
-0.354469
 21
-0.028548
 31
0.0
  0
LINE
  5
19C1
  8
0
 10
-0.354469
 20
-0.028548
 30
0.0
 11
-0.355375
 21
-0.026806
 31
0.0
  0
LINE
  5
19C2
  8
0
 10
-0.355375
 20
-0.026806
 30
0.0
 11
-0.356223
 21
-0.025001
 31
0.0
  0
LINE
  5
19C3
  8
0
 10
-0.357011
 20
-0.023135
 30
0.0
 11
-0.357737
 21
-0.021213
 31
0.0
  0
LINE
  5
19C4
  8
0
 10
-0.338569
 20
-0.043651
 30
0.0
 11
-0.339988
 21
-0.043062
 31
0.0
  0
LINE
  5
19C5
  8
0
 10
-0.339988
 20
-0.043062
 30
0.0
 11
-0.341386
 21
-0.04237
 31
0.0
  0
LINE
  5
19C6
  8
0
 10
-0.341386
 20
-0.04237
 30
0.0
 11
-0.34276
 21
-0.041575
 31
0.0
  0
LINE
  5
19C7
  8
0
 10
-0.34276
 20
-0.041575
 30
0.0
 11
-0.344106
 21
-0.040679
 31
0.0
  0
LINE
  5
19C8
  8
0
 10
-0.344106
 20
-0.040679
 30
0.0
 11
-0.345421
 21
-0.039686
 31
0.0
  0
LINE
  5
19C9
  8
0
 10
-0.338569
 20
0.043652
 30
0.0
 11
-0.337132
 21
0.044135
 31
0.0
  0
LINE
  5
19CA
  8
0
 10
-0.364821
 20
0.021213
 30
0.0
 11
-0.364159
 21
0.01924
 31
0.0
  0
LINE
  5
19CB
  8
0
 10
-0.362178
 20
-0.010934
 30
0.0
 11
-0.362571
 21
-0.013063
 31
0.0
  0
LINE
  5
19CC
  8
0
 10
-0.362571
 20
-0.013063
 30
0.0
 11
-0.363033
 21
-0.01516
 31
0.0
  0
LINE
  5
19CD
  8
0
 10
-0.363033
 20
-0.01516
 30
0.0
 11
-0.363563
 21
-0.017221
 31
0.0
  0
LINE
  5
19CE
  8
0
 10
-0.363563
 20
-0.017221
 30
0.0
 11
-0.364159
 21
-0.01924
 31
0.0
  0
LINE
  5
19CF
  8
0
 10
-0.361856
 20
-0.008779
 30
0.0
 11
-0.362178
 21
-0.010934
 31
0.0
  0
LINE
  5
19D0
  8
0
 10
-0.364159
 20
0.01924
 30
0.0
 11
-0.363563
 21
0.017221
 31
0.0
  0
LINE
  5
19D1
  8
0
 10
-0.363563
 20
0.017221
 30
0.0
 11
-0.363033
 21
0.01516
 31
0.0
  0
LINE
  5
19D2
  8
0
 10
-0.363033
 20
0.01516
 30
0.0
 11
-0.362571
 21
0.013063
 31
0.0
  0
LINE
  5
19D3
  8
0
 10
-0.362571
 20
0.013063
 30
0.0
 11
-0.362178
 21
0.010934
 31
0.0
  0
LINE
  5
19D4
  8
0
 10
-0.362178
 20
0.010934
 30
0.0
 11
-0.361856
 21
0.008779
 31
0.0
  0
LINE
  5
19D5
  8
0
 10
-0.369051
 20
0.03022
 30
0.0
 11
-0.368089
 21
0.028548
 31
0.0
  0
LINE
  5
19D6
  8
0
 10
-0.368089
 20
0.028548
 30
0.0
 11
-0.367183
 21
0.026806
 31
0.0
  0
LINE
  5
19D7
  8
0
 10
-0.367183
 20
0.026806
 30
0.0
 11
-0.3663349999999999
 21
0.025001
 31
0.0
  0
LINE
  5
19D8
  8
0
 10
-0.3663349999999999
 20
0.025001
 30
0.0
 11
-0.3655469999999999
 21
0.023135
 31
0.0
  0
LINE
  5
19D9
  8
0
 10
-0.3655469999999999
 20
0.023135
 30
0.0
 11
-0.364821
 21
0.021213
 31
0.0
  0
LINE
  5
19DA
  8
0
 10
-0.370066
 20
0.03182
 30
0.0
 11
-0.369051
 21
0.03022
 31
0.0
  0
LINE
  5
19DB
  8
0
 10
-0.391279
 20
0.045
 30
0.0
 11
-0.389807
 21
0.044946
 31
0.0
  0
LINE
  5
19DC
  8
0
 10
-0.389807
 20
0.044946
 30
0.0
 11
-0.388339
 21
0.044783
 31
0.0
  0
LINE
  5
19DD
  8
0
 10
-0.388339
 20
0.044783
 30
0.0
 11
-0.3868769999999999
 21
0.044513
 31
0.0
  0
LINE
  5
19DE
  8
0
 10
-0.3868769999999999
 20
0.044513
 30
0.0
 11
-0.385426
 21
0.044135
 31
0.0
  0
LINE
  5
19DF
  8
0
 10
-0.385426
 20
0.044135
 30
0.0
 11
-0.38399
 21
0.043652
 31
0.0
  0
LINE
  5
19E0
  8
0
 10
-0.38399
 20
0.043652
 30
0.0
 11
-0.382571
 21
0.043062
 31
0.0
  0
LINE
  5
19E1
  8
0
 10
-0.382571
 20
0.043062
 30
0.0
 11
-0.3811719999999999
 21
0.04237
 31
0.0
  0
LINE
  5
19E2
  8
0
 10
-0.3811719999999999
 20
0.04237
 30
0.0
 11
-0.379799
 21
0.041575
 31
0.0
  0
LINE
  5
19E3
  8
0
 10
-0.379799
 20
0.041575
 30
0.0
 11
-0.378452
 21
0.040679
 31
0.0
  0
LINE
  5
19E4
  8
0
 10
-0.378452
 20
0.040679
 30
0.0
 11
-0.377137
 21
0.039686
 31
0.0
  0
LINE
  5
19E5
  8
0
 10
-0.377137
 20
0.039686
 30
0.0
 11
-0.375856
 21
0.038598
 31
0.0
  0
LINE
  5
19E6
  8
0
 10
-0.375856
 20
0.038598
 30
0.0
 11
-0.374612
 21
0.037416
 31
0.0
  0
LINE
  5
19E7
  8
0
 10
-0.374612
 20
0.037416
 30
0.0
 11
-0.373408
 21
0.036144
 31
0.0
  0
LINE
  5
19E8
  8
0
 10
-0.373408
 20
0.036144
 30
0.0
 11
-0.372247
 21
0.034786
 31
0.0
  0
LINE
  5
19E9
  8
0
 10
-0.372247
 20
0.034786
 30
0.0
 11
-0.371132
 21
0.033343
 31
0.0
  0
LINE
  5
19EA
  8
0
 10
-0.371132
 20
0.033343
 30
0.0
 11
-0.370066
 21
0.03182
 31
0.0
  0
LINE
  5
19EB
  8
0
 10
-0.39422
 20
0.044783
 30
0.0
 11
-0.392751
 21
0.044946
 31
0.0
  0
LINE
  5
19EC
  8
0
 10
-0.392751
 20
0.044946
 30
0.0
 11
-0.391279
 21
0.045
 31
0.0
  0
LINE
  5
19ED
  8
0
 10
-0.361315
 20
0.002208
 30
0.0
 11
-0.361279
 21
0.0
 31
0.0
  0
LINE
  5
19EE
  8
0
 10
-0.361279
 20
0.0
 30
0.0
 11
-0.361243
 21
0.002208
 31
0.0
  0
LINE
  5
19EF
  8
0
 10
-0.359987
 20
-0.013063
 30
0.0
 11
-0.3603800000000001
 21
-0.010934
 31
0.0
  0
LINE
  5
19F0
  8
0
 10
-0.358399
 20
-0.01924
 30
0.0
 11
-0.358996
 21
-0.017221
 31
0.0
  0
LINE
  5
19F1
  8
0
 10
-0.358996
 20
-0.017221
 30
0.0
 11
-0.359525
 21
-0.01516
 31
0.0
  0
LINE
  5
19F2
  8
0
 10
-0.359525
 20
-0.01516
 30
0.0
 11
-0.359987
 21
-0.013063
 31
0.0
  0
LINE
  5
19F3
  8
0
 10
-0.361279
 20
0.0
 30
0.0
 11
-0.361315
 21
-0.002208
 31
0.0
  0
LINE
  5
19F4
  8
0
 10
-0.361315
 20
-0.002208
 30
0.0
 11
-0.361424
 21
-0.004411
 31
0.0
  0
LINE
  5
19F5
  8
0
 10
-0.361424
 20
-0.004411
 30
0.0
 11
-0.361604
 21
-0.006603
 31
0.0
  0
LINE
  5
19F6
  8
0
 10
-0.3603800000000001
 20
-0.010934
 30
0.0
 11
-0.360703
 21
-0.008779
 31
0.0
  0
LINE
  5
19F7
  8
0
 10
-0.360703
 20
-0.008779
 30
0.0
 11
-0.360954
 21
-0.006603
 31
0.0
  0
LINE
  5
19F8
  8
0
 10
-0.360954
 20
-0.006603
 30
0.0
 11
-0.361135
 21
-0.004411
 31
0.0
  0
LINE
  5
19F9
  8
0
 10
-0.181279
 20
-0.045
 30
0.0
 11
-0.181279
 21
0.045
 31
0.0
  0
LINE
  5
19FA
  8
0
 10
-0.181315
 20
0.002208
 30
0.0
 11
-0.181279
 21
0.0
 31
0.0
  0
LINE
  5
19FB
  8
0
 10
-0.182178
 20
-0.010934
 30
0.0
 11
-0.182571
 21
-0.013063
 31
0.0
  0
LINE
  5
19FC
  8
0
 10
-0.182571
 20
-0.013063
 30
0.0
 11
-0.183033
 21
-0.01516
 31
0.0
  0
LINE
  5
19FD
  8
0
 10
-0.181279
 20
0.0
 30
0.0
 11
-0.181315
 21
-0.002208
 31
0.0
  0
LINE
  5
19FE
  8
0
 10
-0.181315
 20
-0.002208
 30
0.0
 11
-0.181424
 21
-0.004411
 31
0.0
  0
LINE
  5
19FF
  8
0
 10
-0.181424
 20
-0.004411
 30
0.0
 11
-0.181604
 21
-0.006603
 31
0.0
  0
LINE
  5
1A00
  8
0
 10
-0.181604
 20
-0.006603
 30
0.0
 11
-0.181856
 21
-0.008779
 31
0.0
  0
LINE
  5
1A01
  8
0
 10
-0.181856
 20
-0.008779
 30
0.0
 11
-0.182178
 21
-0.010934
 31
0.0
  0
LINE
  5
1A02
  8
0
 10
-0.183033
 20
0.01516
 30
0.0
 11
-0.182571
 21
0.013063
 31
0.0
  0
LINE
  5
1A03
  8
0
 10
-0.182571
 20
0.013063
 30
0.0
 11
-0.182178
 21
0.010934
 31
0.0
  0
LINE
  5
1A04
  8
0
 10
-0.182178
 20
0.010934
 30
0.0
 11
-0.181856
 21
0.008779
 31
0.0
  0
LINE
  5
1A05
  8
0
 10
-0.181856
 20
0.008779
 30
0.0
 11
-0.181604
 21
0.006603
 31
0.0
  0
LINE
  5
1A06
  8
0
 10
-0.181604
 20
0.006603
 30
0.0
 11
-0.181424
 21
0.004411
 31
0.0
  0
LINE
  5
1A07
  8
0
 10
-0.181424
 20
0.004411
 30
0.0
 11
-0.181315
 21
0.002208
 31
0.0
  0
LINE
  5
1A08
  8
0
 10
-0.183033
 20
-0.01516
 30
0.0
 11
-0.183563
 21
-0.017221
 31
0.0
  0
LINE
  5
1A09
  8
0
 10
-0.183563
 20
0.017221
 30
0.0
 11
-0.183033
 21
0.01516
 31
0.0
  0
LINE
  5
1A0A
  8
0
 10
-0.361135
 20
-0.004411
 30
0.0
 11
-0.361243
 21
-0.002208
 31
0.0
  0
LINE
  5
1A0B
  8
0
 10
-0.361243
 20
-0.002208
 30
0.0
 11
-0.361279
 21
0.0
 31
0.0
  0
LINE
  5
1A0C
  8
0
 10
-0.354469
 20
0.028548
 30
0.0
 11
-0.353508
 21
0.03022
 31
0.0
  0
LINE
  5
1A0D
  8
0
 10
-0.361604
 20
0.006603
 30
0.0
 11
-0.361424
 21
0.004411
 31
0.0
  0
LINE
  5
1A0E
  8
0
 10
-0.361424
 20
0.004411
 30
0.0
 11
-0.361315
 21
0.002208
 31
0.0
  0
LINE
  5
1A0F
  8
0
 10
-0.361243
 20
0.002208
 30
0.0
 11
-0.361135
 21
0.004411
 31
0.0
  0
LINE
  5
1A10
  8
0
 10
-0.361135
 20
0.004411
 30
0.0
 11
-0.360954
 21
0.006603
 31
0.0
  0
LINE
  5
1A11
  8
0
 10
-0.360954
 20
0.006603
 30
0.0
 11
-0.360703
 21
0.008779
 31
0.0
  0
LINE
  5
1A12
  8
0
 10
-0.360703
 20
0.008779
 30
0.0
 11
-0.3603800000000001
 21
0.010934
 31
0.0
  0
LINE
  5
1A13
  8
0
 10
-0.3603800000000001
 20
0.010934
 30
0.0
 11
-0.359987
 21
0.013063
 31
0.0
  0
LINE
  5
1A14
  8
0
 10
-0.359987
 20
0.013063
 30
0.0
 11
-0.359525
 21
0.01516
 31
0.0
  0
LINE
  5
1A15
  8
0
 10
-0.359525
 20
0.01516
 30
0.0
 11
-0.358996
 21
0.017221
 31
0.0
  0
LINE
  5
1A16
  8
0
 10
-0.358996
 20
0.017221
 30
0.0
 11
-0.358399
 21
0.01924
 31
0.0
  0
LINE
  5
1A17
  8
0
 10
-0.358399
 20
0.01924
 30
0.0
 11
-0.357737
 21
0.021213
 31
0.0
  0
LINE
  5
1A18
  8
0
 10
-0.357737
 20
0.021213
 30
0.0
 11
-0.357011
 21
0.023135
 31
0.0
  0
LINE
  5
1A19
  8
0
 10
-0.356223
 20
0.025001
 30
0.0
 11
-0.355375
 21
0.026806
 31
0.0
  0
LINE
  5
1A1A
  8
0
 10
-0.355375
 20
0.026806
 30
0.0
 11
-0.354469
 21
0.028548
 31
0.0
  0
LINE
  5
1A1B
  8
0
 10
-0.357011
 20
0.023135
 30
0.0
 11
-0.356223
 21
0.025001
 31
0.0
  0
LINE
  5
1A1C
  8
0
 10
-0.352492
 20
0.03182
 30
0.0
 11
-0.351426
 21
0.033343
 31
0.0
  0
LINE
  5
1A1D
  8
0
 10
-0.351426
 20
0.033343
 30
0.0
 11
-0.350311
 21
0.034786
 31
0.0
  0
LINE
  5
1A1E
  8
0
 10
-0.350311
 20
0.034786
 30
0.0
 11
-0.34915
 21
0.036144
 31
0.0
  0
LINE
  5
1A1F
  8
0
 10
-0.34915
 20
0.036144
 30
0.0
 11
-0.3479459999999999
 21
0.037416
 31
0.0
  0
LINE
  5
1A20
  8
0
 10
-0.3479459999999999
 20
0.037416
 30
0.0
 11
-0.346702
 21
0.038598
 31
0.0
  0
LINE
  5
1A21
  8
0
 10
-0.346702
 20
0.038598
 30
0.0
 11
-0.345421
 21
0.039686
 31
0.0
  0
LINE
  5
1A22
  8
0
 10
-0.345421
 20
0.039686
 30
0.0
 11
-0.344106
 21
0.040679
 31
0.0
  0
LINE
  5
1A23
  8
0
 10
-0.344106
 20
0.040679
 30
0.0
 11
-0.34276
 21
0.041575
 31
0.0
  0
LINE
  5
1A24
  8
0
 10
-0.34276
 20
0.041575
 30
0.0
 11
-0.341386
 21
0.04237
 31
0.0
  0
LINE
  5
1A25
  8
0
 10
-0.341386
 20
0.04237
 30
0.0
 11
-0.339988
 21
0.043062
 31
0.0
  0
LINE
  5
1A26
  8
0
 10
-0.339988
 20
0.043062
 30
0.0
 11
-0.338569
 21
0.043652
 31
0.0
  0
LINE
  5
1A27
  8
0
 10
-0.353508
 20
0.03022
 30
0.0
 11
-0.352492
 21
0.03182
 31
0.0
  0
LINE
  5
1A28
  8
0
 10
-0.361604
 20
-0.006603
 30
0.0
 11
-0.361856
 21
-0.008779
 31
0.0
  0
LINE
  5
1A29
  8
0
 10
-0.361856
 20
0.008779
 30
0.0
 11
-0.361604
 21
0.006603
 31
0.0
  0
LINE
  5
1A2A
  8
0
 10
-0.304159
 20
-0.01924
 30
0.0
 11
-0.304821
 21
-0.021213
 31
0.0
  0
LINE
  5
1A2B
  8
0
 10
-0.297737
 20
-0.021213
 30
0.0
 11
-0.298399
 21
-0.01924
 31
0.0
  0
LINE
  5
1A2C
  8
0
 10
-0.278569
 20
-0.043651
 30
0.0
 11
-0.279988
 21
-0.043062
 31
0.0
  0
LINE
  5
1A2D
  8
0
 10
-0.312247
 20
-0.034786
 30
0.0
 11
-0.313408
 21
-0.036144
 31
0.0
  0
LINE
  5
1A2E
  8
0
 10
-0.313408
 20
-0.036144
 30
0.0
 11
-0.314612
 21
-0.037416
 31
0.0
  0
LINE
  5
1A2F
  8
0
 10
-0.314612
 20
-0.037416
 30
0.0
 11
-0.315856
 21
-0.038598
 31
0.0
  0
LINE
  5
1A30
  8
0
 10
-0.315856
 20
-0.038598
 30
0.0
 11
-0.317137
 21
-0.039686
 31
0.0
  0
LINE
  5
1A31
  8
0
 10
-0.305547
 20
-0.023135
 30
0.0
 11
-0.306335
 21
-0.025001
 31
0.0
  0
LINE
  5
1A32
  8
0
 10
-0.306335
 20
-0.025001
 30
0.0
 11
-0.307183
 21
-0.026806
 31
0.0
  0
LINE
  5
1A33
  8
0
 10
-0.307183
 20
-0.026806
 30
0.0
 11
-0.308089
 21
-0.028548
 31
0.0
  0
LINE
  5
1A34
  8
0
 10
-0.308089
 20
-0.028548
 30
0.0
 11
-0.309051
 21
-0.03022
 31
0.0
  0
LINE
  5
1A35
  8
0
 10
-0.309051
 20
-0.03022
 30
0.0
 11
-0.310066
 21
-0.03182
 31
0.0
  0
LINE
  5
1A36
  8
0
 10
-0.310066
 20
-0.03182
 30
0.0
 11
-0.311132
 21
-0.033343
 31
0.0
  0
LINE
  5
1A37
  8
0
 10
-0.304821
 20
-0.021213
 30
0.0
 11
-0.305547
 21
-0.023135
 31
0.0
  0
LINE
  5
1A38
  8
0
 10
-0.311132
 20
-0.033343
 30
0.0
 11
-0.312247
 21
-0.034786
 31
0.0
  0
LINE
  5
1A39
  8
0
 10
-0.332751
 20
-0.044946
 30
0.0
 11
-0.33422
 21
-0.044783
 31
0.0
  0
LINE
  5
1A3A
  8
0
 10
-0.318452
 20
-0.040679
 30
0.0
 11
-0.319799
 21
-0.041575
 31
0.0
  0
LINE
  5
1A3B
  8
0
 10
-0.319799
 20
-0.041575
 30
0.0
 11
-0.321172
 21
-0.04237
 31
0.0
  0
LINE
  5
1A3C
  8
0
 10
-0.321172
 20
-0.04237
 30
0.0
 11
-0.322571
 21
-0.043062
 31
0.0
  0
LINE
  5
1A3D
  8
0
 10
-0.322571
 20
-0.043062
 30
0.0
 11
-0.32399
 21
-0.043651
 31
0.0
  0
LINE
  5
1A3E
  8
0
 10
-0.32399
 20
-0.043651
 30
0.0
 11
-0.325426
 21
-0.044135
 31
0.0
  0
LINE
  5
1A3F
  8
0
 10
-0.325426
 20
-0.044135
 30
0.0
 11
-0.326877
 21
-0.044513
 31
0.0
  0
LINE
  5
1A40
  8
0
 10
-0.326877
 20
-0.044513
 30
0.0
 11
-0.328339
 21
-0.044783
 31
0.0
  0
LINE
  5
1A41
  8
0
 10
-0.328339
 20
-0.044783
 30
0.0
 11
-0.329807
 21
-0.044946
 31
0.0
  0
LINE
  5
1A42
  8
0
 10
-0.329807
 20
-0.044946
 30
0.0
 11
-0.331279
 21
-0.045
 31
0.0
  0
LINE
  5
1A43
  8
0
 10
-0.331279
 20
-0.045
 30
0.0
 11
-0.332751
 21
-0.044946
 31
0.0
  0
LINE
  5
1A44
  8
0
 10
-0.33422
 20
-0.044783
 30
0.0
 11
-0.335681
 21
-0.044513
 31
0.0
  0
LINE
  5
1A45
  8
0
 10
-0.317137
 20
-0.039686
 30
0.0
 11
-0.318452
 21
-0.040679
 31
0.0
  0
LINE
  5
1A46
  8
0
 10
-0.296223
 20
-0.025001
 30
0.0
 11
-0.297011
 21
-0.023135
 31
0.0
  0
LINE
  5
1A47
  8
0
 10
-0.285421
 20
-0.039686
 30
0.0
 11
-0.286702
 21
-0.038598
 31
0.0
  0
LINE
  5
1A48
  8
0
 10
-0.286702
 20
-0.038598
 30
0.0
 11
-0.2879469999999999
 21
-0.037416
 31
0.0
  0
LINE
  5
1A49
  8
0
 10
-0.2879469999999999
 20
-0.037416
 30
0.0
 11
-0.28915
 21
-0.036144
 31
0.0
  0
LINE
  5
1A4A
  8
0
 10
-0.28915
 20
-0.036144
 30
0.0
 11
-0.290311
 21
-0.034786
 31
0.0
  0
LINE
  5
1A4B
  8
0
 10
-0.290311
 20
-0.034786
 30
0.0
 11
-0.291426
 21
-0.033343
 31
0.0
  0
LINE
  5
1A4C
  8
0
 10
-0.291426
 20
-0.033343
 30
0.0
 11
-0.292492
 21
-0.03182
 31
0.0
  0
LINE
  5
1A4D
  8
0
 10
-0.292492
 20
-0.03182
 30
0.0
 11
-0.293508
 21
-0.03022
 31
0.0
  0
LINE
  5
1A4E
  8
0
 10
-0.293508
 20
-0.03022
 30
0.0
 11
-0.29447
 21
-0.028548
 31
0.0
  0
LINE
  5
1A4F
  8
0
 10
-0.29447
 20
-0.028548
 30
0.0
 11
-0.295375
 21
-0.026806
 31
0.0
  0
LINE
  5
1A50
  8
0
 10
-0.295375
 20
-0.026806
 30
0.0
 11
-0.296223
 21
-0.025001
 31
0.0
  0
LINE
  5
1A51
  8
0
 10
-0.297011
 20
-0.023135
 30
0.0
 11
-0.297737
 21
-0.021213
 31
0.0
  0
LINE
  5
1A52
  8
0
 10
-0.279988
 20
-0.043062
 30
0.0
 11
-0.281386
 21
-0.04237
 31
0.0
  0
LINE
  5
1A53
  8
0
 10
-0.281386
 20
-0.04237
 30
0.0
 11
-0.28276
 21
-0.041575
 31
0.0
  0
LINE
  5
1A54
  8
0
 10
-0.28276
 20
-0.041575
 30
0.0
 11
-0.284106
 21
-0.040679
 31
0.0
  0
LINE
  5
1A55
  8
0
 10
-0.284106
 20
-0.040679
 30
0.0
 11
-0.285421
 21
-0.039686
 31
0.0
  0
LINE
  5
1A56
  8
0
 10
-0.279988
 20
0.043062
 30
0.0
 11
-0.278569
 21
0.043652
 31
0.0
  0
LINE
  5
1A57
  8
0
 10
-0.303033
 20
-0.01516
 30
0.0
 11
-0.303563
 21
-0.017221
 31
0.0
  0
LINE
  5
1A58
  8
0
 10
-0.303563
 20
0.017221
 30
0.0
 11
-0.303033
 21
0.01516
 31
0.0
  0
LINE
  5
1A59
  8
0
 10
-0.303563
 20
-0.017221
 30
0.0
 11
-0.304159
 21
-0.01924
 31
0.0
  0
LINE
  5
1A5A
  8
0
 10
-0.33422
 20
0.044783
 30
0.0
 11
-0.332751
 21
0.044946
 31
0.0
  0
LINE
  5
1A5B
  8
0
 10
-0.331279
 20
0.045
 30
0.0
 11
-0.329807
 21
0.044946
 31
0.0
  0
LINE
  5
1A5C
  8
0
 10
-0.329807
 20
0.044946
 30
0.0
 11
-0.328339
 21
0.044783
 31
0.0
  0
LINE
  5
1A5D
  8
0
 10
-0.328339
 20
0.044783
 30
0.0
 11
-0.326877
 21
0.044513
 31
0.0
  0
LINE
  5
1A5E
  8
0
 10
-0.326877
 20
0.044513
 30
0.0
 11
-0.325426
 21
0.044135
 31
0.0
  0
LINE
  5
1A5F
  8
0
 10
-0.325426
 20
0.044135
 30
0.0
 11
-0.32399
 21
0.043652
 31
0.0
  0
LINE
  5
1A60
  8
0
 10
-0.32399
 20
0.043652
 30
0.0
 11
-0.322571
 21
0.043062
 31
0.0
  0
LINE
  5
1A61
  8
0
 10
-0.322571
 20
0.043062
 30
0.0
 11
-0.321172
 21
0.04237
 31
0.0
  0
LINE
  5
1A62
  8
0
 10
-0.321172
 20
0.04237
 30
0.0
 11
-0.319799
 21
0.041575
 31
0.0
  0
LINE
  5
1A63
  8
0
 10
-0.319799
 20
0.041575
 30
0.0
 11
-0.318452
 21
0.040679
 31
0.0
  0
LINE
  5
1A64
  8
0
 10
-0.318452
 20
0.040679
 30
0.0
 11
-0.317137
 21
0.039686
 31
0.0
  0
LINE
  5
1A65
  8
0
 10
-0.317137
 20
0.039686
 30
0.0
 11
-0.315856
 21
0.038598
 31
0.0
  0
LINE
  5
1A66
  8
0
 10
-0.315856
 20
0.038598
 30
0.0
 11
-0.314612
 21
0.037416
 31
0.0
  0
LINE
  5
1A67
  8
0
 10
-0.314612
 20
0.037416
 30
0.0
 11
-0.313408
 21
0.036144
 31
0.0
  0
LINE
  5
1A68
  8
0
 10
-0.313408
 20
0.036144
 30
0.0
 11
-0.312247
 21
0.034786
 31
0.0
  0
LINE
  5
1A69
  8
0
 10
-0.332751
 20
0.044946
 30
0.0
 11
-0.331279
 21
0.045
 31
0.0
  0
LINE
  5
1A6A
  8
0
 10
-0.335681
 20
0.044513
 30
0.0
 11
-0.33422
 21
0.044783
 31
0.0
  0
LINE
  5
1A6B
  8
0
 10
-0.309051
 20
0.03022
 30
0.0
 11
-0.308089
 21
0.028548
 31
0.0
  0
LINE
  5
1A6C
  8
0
 10
-0.308089
 20
0.028548
 30
0.0
 11
-0.307183
 21
0.026806
 31
0.0
  0
LINE
  5
1A6D
  8
0
 10
-0.307183
 20
0.026806
 30
0.0
 11
-0.306335
 21
0.025001
 31
0.0
  0
LINE
  5
1A6E
  8
0
 10
-0.306335
 20
0.025001
 30
0.0
 11
-0.305547
 21
0.023135
 31
0.0
  0
LINE
  5
1A6F
  8
0
 10
-0.305547
 20
0.023135
 30
0.0
 11
-0.304821
 21
0.021213
 31
0.0
  0
LINE
  5
1A70
  8
0
 10
-0.304821
 20
0.021213
 30
0.0
 11
-0.304159
 21
0.01924
 31
0.0
  0
LINE
  5
1A71
  8
0
 10
-0.304159
 20
0.01924
 30
0.0
 11
-0.303563
 21
0.017221
 31
0.0
  0
LINE
  5
1A72
  8
0
 10
-0.311132
 20
0.033343
 30
0.0
 11
-0.310066
 21
0.03182
 31
0.0
  0
LINE
  5
1A73
  8
0
 10
-0.310066
 20
0.03182
 30
0.0
 11
-0.309051
 21
0.03022
 31
0.0
  0
LINE
  5
1A74
  8
0
 10
-0.312247
 20
0.034786
 30
0.0
 11
-0.311132
 21
0.033343
 31
0.0
  0
LINE
  5
1A75
  8
0
 10
-0.301315
 20
0.002208
 30
0.0
 11
-0.301279
 21
0.0
 31
0.0
  0
LINE
  5
1A76
  8
0
 10
-0.301279
 20
0.0
 30
0.0
 11
-0.301243
 21
0.002208
 31
0.0
  0
LINE
  5
1A77
  8
0
 10
-0.298996
 20
-0.017221
 30
0.0
 11
-0.299525
 21
-0.01516
 31
0.0
  0
LINE
  5
1A78
  8
0
 10
-0.298399
 20
-0.01924
 30
0.0
 11
-0.298996
 21
-0.017221
 31
0.0
  0
LINE
  5
1A79
  8
0
 10
-0.302178
 20
-0.010934
 30
0.0
 11
-0.302571
 21
-0.013063
 31
0.0
  0
LINE
  5
1A7A
  8
0
 10
-0.299987
 20
-0.013063
 30
0.0
 11
-0.30038
 21
-0.010934
 31
0.0
  0
LINE
  5
1A7B
  8
0
 10
-0.302571
 20
-0.013063
 30
0.0
 11
-0.303033
 21
-0.01516
 31
0.0
  0
LINE
  5
1A7C
  8
0
 10
-0.299525
 20
-0.01516
 30
0.0
 11
-0.299987
 21
-0.013063
 31
0.0
  0
LINE
  5
1A7D
  8
0
 10
-0.301279
 20
0.0
 30
0.0
 11
-0.301315
 21
-0.002208
 31
0.0
  0
LINE
  5
1A7E
  8
0
 10
-0.301315
 20
-0.002208
 30
0.0
 11
-0.301424
 21
-0.004411
 31
0.0
  0
LINE
  5
1A7F
  8
0
 10
-0.301424
 20
-0.004411
 30
0.0
 11
-0.301604
 21
-0.006603
 31
0.0
  0
LINE
  5
1A80
  8
0
 10
-0.301604
 20
-0.006603
 30
0.0
 11
-0.301856
 21
-0.008779
 31
0.0
  0
LINE
  5
1A81
  8
0
 10
-0.301856
 20
-0.008779
 30
0.0
 11
-0.302178
 21
-0.010934
 31
0.0
  0
LINE
  5
1A82
  8
0
 10
-0.30038
 20
-0.010934
 30
0.0
 11
-0.300703
 21
-0.008779
 31
0.0
  0
LINE
  5
1A83
  8
0
 10
-0.300703
 20
-0.008779
 30
0.0
 11
-0.300955
 21
-0.006603
 31
0.0
  0
LINE
  5
1A84
  8
0
 10
-0.300955
 20
-0.006603
 30
0.0
 11
-0.301135
 21
-0.004411
 31
0.0
  0
LINE
  5
1A85
  8
0
 10
-0.301135
 20
-0.004411
 30
0.0
 11
-0.301243
 21
-0.002208
 31
0.0
  0
LINE
  5
1A86
  8
0
 10
-0.301243
 20
-0.002208
 30
0.0
 11
-0.301279
 21
0.0
 31
0.0
  0
LINE
  5
1A87
  8
0
 10
-0.299525
 20
0.01516
 30
0.0
 11
-0.298996
 21
0.017221
 31
0.0
  0
LINE
  5
1A88
  8
0
 10
-0.29447
 20
0.028548
 30
0.0
 11
-0.293508
 21
0.03022
 31
0.0
  0
LINE
  5
1A89
  8
0
 10
-0.298996
 20
0.017221
 30
0.0
 11
-0.298399
 21
0.01924
 31
0.0
  0
LINE
  5
1A8A
  8
0
 10
-0.298399
 20
0.01924
 30
0.0
 11
-0.297737
 21
0.021213
 31
0.0
  0
LINE
  5
1A8B
  8
0
 10
-0.297737
 20
0.021213
 30
0.0
 11
-0.297011
 21
0.023135
 31
0.0
  0
LINE
  5
1A8C
  8
0
 10
-0.297011
 20
0.023135
 30
0.0
 11
-0.296223
 21
0.025001
 31
0.0
  0
LINE
  5
1A8D
  8
0
 10
-0.296223
 20
0.025001
 30
0.0
 11
-0.295375
 21
0.026806
 31
0.0
  0
LINE
  5
1A8E
  8
0
 10
-0.295375
 20
0.026806
 30
0.0
 11
-0.29447
 21
0.028548
 31
0.0
  0
LINE
  5
1A8F
  8
0
 10
-0.293508
 20
0.03022
 30
0.0
 11
-0.292492
 21
0.03182
 31
0.0
  0
LINE
  5
1A90
  8
0
 10
-0.292492
 20
0.03182
 30
0.0
 11
-0.291426
 21
0.033343
 31
0.0
  0
LINE
  5
1A91
  8
0
 10
-0.291426
 20
0.033343
 30
0.0
 11
-0.290311
 21
0.034786
 31
0.0
  0
LINE
  5
1A92
  8
0
 10
-0.290311
 20
0.034786
 30
0.0
 11
-0.28915
 21
0.036144
 31
0.0
  0
LINE
  5
1A93
  8
0
 10
-0.28915
 20
0.036144
 30
0.0
 11
-0.2879469999999999
 21
0.037416
 31
0.0
  0
LINE
  5
1A94
  8
0
 10
-0.2879469999999999
 20
0.037416
 30
0.0
 11
-0.286702
 21
0.038598
 31
0.0
  0
LINE
  5
1A95
  8
0
 10
-0.286702
 20
0.038598
 30
0.0
 11
-0.285421
 21
0.039686
 31
0.0
  0
LINE
  5
1A96
  8
0
 10
-0.285421
 20
0.039686
 30
0.0
 11
-0.284106
 21
0.040679
 31
0.0
  0
LINE
  5
1A97
  8
0
 10
-0.284106
 20
0.040679
 30
0.0
 11
-0.28276
 21
0.041575
 31
0.0
  0
LINE
  5
1A98
  8
0
 10
-0.28276
 20
0.041575
 30
0.0
 11
-0.281386
 21
0.04237
 31
0.0
  0
LINE
  5
1A99
  8
0
 10
-0.281386
 20
0.04237
 30
0.0
 11
-0.279988
 21
0.043062
 31
0.0
  0
LINE
  5
1A9A
  8
0
 10
-0.303033
 20
0.01516
 30
0.0
 11
-0.302571
 21
0.013063
 31
0.0
  0
LINE
  5
1A9B
  8
0
 10
-0.302571
 20
0.013063
 30
0.0
 11
-0.302178
 21
0.010934
 31
0.0
  0
LINE
  5
1A9C
  8
0
 10
-0.302178
 20
0.010934
 30
0.0
 11
-0.301856
 21
0.008779
 31
0.0
  0
LINE
  5
1A9D
  8
0
 10
-0.301856
 20
0.008779
 30
0.0
 11
-0.301604
 21
0.006603
 31
0.0
  0
LINE
  5
1A9E
  8
0
 10
-0.301604
 20
0.006603
 30
0.0
 11
-0.301424
 21
0.004411
 31
0.0
  0
LINE
  5
1A9F
  8
0
 10
-0.301424
 20
0.004411
 30
0.0
 11
-0.301315
 21
0.002208
 31
0.0
  0
LINE
  5
1AA0
  8
0
 10
-0.301243
 20
0.002208
 30
0.0
 11
-0.301135
 21
0.004411
 31
0.0
  0
LINE
  5
1AA1
  8
0
 10
-0.301135
 20
0.004411
 30
0.0
 11
-0.300955
 21
0.006603
 31
0.0
  0
LINE
  5
1AA2
  8
0
 10
-0.300955
 20
0.006603
 30
0.0
 11
-0.300703
 21
0.008779
 31
0.0
  0
LINE
  5
1AA3
  8
0
 10
-0.300703
 20
0.008779
 30
0.0
 11
-0.30038
 21
0.010934
 31
0.0
  0
LINE
  5
1AA4
  8
0
 10
-0.30038
 20
0.010934
 30
0.0
 11
-0.299987
 21
0.013063
 31
0.0
  0
LINE
  5
1AA5
  8
0
 10
-0.299987
 20
0.013063
 30
0.0
 11
-0.299525
 21
0.01516
 31
0.0
  0
LINE
  5
1AA6
  8
0
 10
-0.335681
 20
-0.044513
 30
0.0
 11
-0.337132
 21
-0.044135
 31
0.0
  0
LINE
  5
1AA7
  8
0
 10
-0.337132
 20
0.044135
 30
0.0
 11
-0.335681
 21
0.044513
 31
0.0
  0
LINE
  5
1AA8
  8
0
 10
-0.24416
 20
-0.01924
 30
0.0
 11
-0.244822
 21
-0.021213
 31
0.0
  0
LINE
  5
1AA9
  8
0
 10
-0.237737
 20
-0.021213
 30
0.0
 11
-0.238399
 21
-0.01924
 31
0.0
  0
LINE
  5
1AAA
  8
0
 10
-0.219988
 20
-0.043062
 30
0.0
 11
-0.221386
 21
-0.04237
 31
0.0
  0
LINE
  5
1AAB
  8
0
 10
-0.275681
 20
-0.044513
 30
0.0
 11
-0.277132
 21
-0.044135
 31
0.0
  0
LINE
  5
1AAC
  8
0
 10
-0.245548
 20
-0.023135
 30
0.0
 11
-0.246335
 21
-0.025001
 31
0.0
  0
LINE
  5
1AAD
  8
0
 10
-0.246335
 20
-0.025001
 30
0.0
 11
-0.247183
 21
-0.026806
 31
0.0
  0
LINE
  5
1AAE
  8
0
 10
-0.247183
 20
-0.026806
 30
0.0
 11
-0.248089
 21
-0.028548
 31
0.0
  0
LINE
  5
1AAF
  8
0
 10
-0.248089
 20
-0.028548
 30
0.0
 11
-0.24905
 21
-0.03022
 31
0.0
  0
LINE
  5
1AB0
  8
0
 10
-0.24905
 20
-0.03022
 30
0.0
 11
-0.250066
 21
-0.03182
 31
0.0
  0
LINE
  5
1AB1
  8
0
 10
-0.250066
 20
-0.03182
 30
0.0
 11
-0.251132
 21
-0.033343
 31
0.0
  0
LINE
  5
1AB2
  8
0
 10
-0.251132
 20
-0.033343
 30
0.0
 11
-0.252247
 21
-0.034786
 31
0.0
  0
LINE
  5
1AB3
  8
0
 10
-0.252247
 20
-0.034786
 30
0.0
 11
-0.2534079999999999
 21
-0.036144
 31
0.0
  0
LINE
  5
1AB4
  8
0
 10
-0.2534079999999999
 20
-0.036144
 30
0.0
 11
-0.254612
 21
-0.037416
 31
0.0
  0
LINE
  5
1AB5
  8
0
 10
-0.254612
 20
-0.037416
 30
0.0
 11
-0.255856
 21
-0.038598
 31
0.0
  0
LINE
  5
1AB6
  8
0
 10
-0.255856
 20
-0.038598
 30
0.0
 11
-0.257137
 21
-0.039686
 31
0.0
  0
LINE
  5
1AB7
  8
0
 10
-0.244822
 20
-0.021213
 30
0.0
 11
-0.245548
 21
-0.023135
 31
0.0
  0
LINE
  5
1AB8
  8
0
 10
-0.262571
 20
-0.043062
 30
0.0
 11
-0.26399
 21
-0.043651
 31
0.0
  0
LINE
  5
1AB9
  8
0
 10
-0.261173
 20
-0.04237
 30
0.0
 11
-0.262571
 21
-0.043062
 31
0.0
  0
LINE
  5
1ABA
  8
0
 10
-0.258452
 20
-0.040679
 30
0.0
 11
-0.259799
 21
-0.041575
 31
0.0
  0
LINE
  5
1ABB
  8
0
 10
-0.259799
 20
-0.041575
 30
0.0
 11
-0.261173
 21
-0.04237
 31
0.0
  0
LINE
  5
1ABC
  8
0
 10
-0.26399
 20
-0.043651
 30
0.0
 11
-0.265426
 21
-0.044135
 31
0.0
  0
LINE
  5
1ABD
  8
0
 10
-0.265426
 20
-0.044135
 30
0.0
 11
-0.266877
 21
-0.044513
 31
0.0
  0
LINE
  5
1ABE
  8
0
 10
-0.266877
 20
-0.044513
 30
0.0
 11
-0.268339
 21
-0.044783
 31
0.0
  0
LINE
  5
1ABF
  8
0
 10
-0.268339
 20
-0.044783
 30
0.0
 11
-0.269807
 21
-0.044946
 31
0.0
  0
LINE
  5
1AC0
  8
0
 10
-0.269807
 20
-0.044946
 30
0.0
 11
-0.271279
 21
-0.045
 31
0.0
  0
LINE
  5
1AC1
  8
0
 10
-0.271279
 20
-0.045
 30
0.0
 11
-0.272751
 21
-0.044946
 31
0.0
  0
LINE
  5
1AC2
  8
0
 10
-0.272751
 20
-0.044946
 30
0.0
 11
-0.2742199999999999
 21
-0.044783
 31
0.0
  0
LINE
  5
1AC3
  8
0
 10
-0.2742199999999999
 20
-0.044783
 30
0.0
 11
-0.275681
 21
-0.044513
 31
0.0
  0
LINE
  5
1AC4
  8
0
 10
-0.257137
 20
-0.039686
 30
0.0
 11
-0.258452
 21
-0.040679
 31
0.0
  0
LINE
  5
1AC5
  8
0
 10
-0.227947
 20
-0.037416
 30
0.0
 11
-0.22915
 21
-0.036144
 31
0.0
  0
LINE
  5
1AC6
  8
0
 10
-0.225421
 20
-0.039686
 30
0.0
 11
-0.226702
 21
-0.038598
 31
0.0
  0
LINE
  5
1AC7
  8
0
 10
-0.226702
 20
-0.038598
 30
0.0
 11
-0.227947
 21
-0.037416
 31
0.0
  0
LINE
  5
1AC8
  8
0
 10
-0.236223
 20
-0.025001
 30
0.0
 11
-0.237011
 21
-0.023135
 31
0.0
  0
LINE
  5
1AC9
  8
0
 10
-0.233508
 20
-0.03022
 30
0.0
 11
-0.233508
 21
-0.03022
 31
0.0
  0
LINE
  5
1ACA
  8
0
 10
-0.22915
 20
-0.036144
 30
0.0
 11
-0.230311
 21
-0.034786
 31
0.0
  0
LINE
  5
1ACB
  8
0
 10
-0.230311
 20
-0.034786
 30
0.0
 11
-0.231426
 21
-0.033343
 31
0.0
  0
LINE
  5
1ACC
  8
0
 10
-0.231426
 20
-0.033343
 30
0.0
 11
-0.232492
 21
-0.03182
 31
0.0
  0
LINE
  5
1ACD
  8
0
 10
-0.232492
 20
-0.03182
 30
0.0
 11
-0.233508
 21
-0.03022
 31
0.0
  0
LINE
  5
1ACE
  8
0
 10
-0.23447
 20
-0.028548
 30
0.0
 11
-0.235375
 21
-0.026806
 31
0.0
  0
LINE
  5
1ACF
  8
0
 10
-0.235375
 20
-0.026806
 30
0.0
 11
-0.236223
 21
-0.025001
 31
0.0
  0
LINE
  5
1AD0
  8
0
 10
-0.237011
 20
-0.023135
 30
0.0
 11
-0.237737
 21
-0.021213
 31
0.0
  0
LINE
  5
1AD1
  8
0
 10
-0.224106
 20
-0.040679
 30
0.0
 11
-0.225421
 21
-0.039686
 31
0.0
  0
LINE
  5
1AD2
  8
0
 10
-0.221386
 20
-0.04237
 30
0.0
 11
-0.22276
 21
-0.041575
 31
0.0
  0
LINE
  5
1AD3
  8
0
 10
-0.22276
 20
-0.041575
 30
0.0
 11
-0.224106
 21
-0.040679
 31
0.0
  0
LINE
  5
1AD4
  8
0
 10
-0.221386
 20
0.04237
 30
0.0
 11
-0.219988
 21
0.043062
 31
0.0
  0
LINE
  5
1AD5
  8
0
 10
-0.22915
 20
0.036144
 30
0.0
 11
-0.227947
 21
0.037416
 31
0.0
  0
LINE
  5
1AD6
  8
0
 10
-0.227947
 20
0.037416
 30
0.0
 11
-0.226702
 21
0.038598
 31
0.0
  0
LINE
  5
1AD7
  8
0
 10
-0.226702
 20
0.038598
 30
0.0
 11
-0.225421
 21
0.039686
 31
0.0
  0
LINE
  5
1AD8
  8
0
 10
-0.225421
 20
0.039686
 30
0.0
 11
-0.224106
 21
0.040679
 31
0.0
  0
LINE
  5
1AD9
  8
0
 10
-0.233508
 20
0.03022
 30
0.0
 11
-0.232492
 21
0.03182
 31
0.0
  0
LINE
  5
1ADA
  8
0
 10
-0.232492
 20
0.03182
 30
0.0
 11
-0.231426
 21
0.033343
 31
0.0
  0
LINE
  5
1ADB
  8
0
 10
-0.231426
 20
0.033343
 30
0.0
 11
-0.230311
 21
0.034786
 31
0.0
  0
LINE
  5
1ADC
  8
0
 10
-0.230311
 20
0.034786
 30
0.0
 11
-0.22915
 21
0.036144
 31
0.0
  0
LINE
  5
1ADD
  8
0
 10
-0.22276
 20
0.041575
 30
0.0
 11
-0.221386
 21
0.04237
 31
0.0
  0
LINE
  5
1ADE
  8
0
 10
-0.224106
 20
0.040679
 30
0.0
 11
-0.22276
 21
0.041575
 31
0.0
  0
LINE
  5
1ADF
  8
0
 10
-0.244822
 20
0.021213
 30
0.0
 11
-0.24416
 21
0.01924
 31
0.0
  0
LINE
  5
1AE0
  8
0
 10
-0.277132
 20
0.044135
 30
0.0
 11
-0.275681
 21
0.044513
 31
0.0
  0
LINE
  5
1AE1
  8
0
 10
-0.24905
 20
0.03022
 30
0.0
 11
-0.248089
 21
0.028548
 31
0.0
  0
LINE
  5
1AE2
  8
0
 10
-0.248089
 20
0.028548
 30
0.0
 11
-0.247183
 21
0.026806
 31
0.0
  0
LINE
  5
1AE3
  8
0
 10
-0.247183
 20
0.026806
 30
0.0
 11
-0.246335
 21
0.025001
 31
0.0
  0
LINE
  5
1AE4
  8
0
 10
-0.246335
 20
0.025001
 30
0.0
 11
-0.245548
 21
0.023135
 31
0.0
  0
LINE
  5
1AE5
  8
0
 10
-0.245548
 20
0.023135
 30
0.0
 11
-0.244822
 21
0.021213
 31
0.0
  0
LINE
  5
1AE6
  8
0
 10
-0.26399
 20
0.043652
 30
0.0
 11
-0.262571
 21
0.043062
 31
0.0
  0
LINE
  5
1AE7
  8
0
 10
-0.262571
 20
0.043062
 30
0.0
 11
-0.261173
 21
0.04237
 31
0.0
  0
LINE
  5
1AE8
  8
0
 10
-0.261173
 20
0.04237
 30
0.0
 11
-0.259799
 21
0.041575
 31
0.0
  0
LINE
  5
1AE9
  8
0
 10
-0.259799
 20
0.041575
 30
0.0
 11
-0.258452
 21
0.040679
 31
0.0
  0
LINE
  5
1AEA
  8
0
 10
-0.258452
 20
0.040679
 30
0.0
 11
-0.257137
 21
0.039686
 31
0.0
  0
LINE
  5
1AEB
  8
0
 10
-0.257137
 20
0.039686
 30
0.0
 11
-0.255856
 21
0.038598
 31
0.0
  0
LINE
  5
1AEC
  8
0
 10
-0.255856
 20
0.038598
 30
0.0
 11
-0.254612
 21
0.037416
 31
0.0
  0
LINE
  5
1AED
  8
0
 10
-0.254612
 20
0.037416
 30
0.0
 11
-0.2534079999999999
 21
0.036144
 31
0.0
  0
LINE
  5
1AEE
  8
0
 10
-0.2534079999999999
 20
0.036144
 30
0.0
 11
-0.252247
 21
0.034786
 31
0.0
  0
LINE
  5
1AEF
  8
0
 10
-0.252247
 20
0.034786
 30
0.0
 11
-0.251132
 21
0.033343
 31
0.0
  0
LINE
  5
1AF0
  8
0
 10
-0.251132
 20
0.033343
 30
0.0
 11
-0.250066
 21
0.03182
 31
0.0
  0
LINE
  5
1AF1
  8
0
 10
-0.250066
 20
0.03182
 30
0.0
 11
-0.24905
 21
0.03022
 31
0.0
  0
LINE
  5
1AF2
  8
0
 10
-0.271279
 20
0.045
 30
0.0
 11
-0.269807
 21
0.044946
 31
0.0
  0
LINE
  5
1AF3
  8
0
 10
-0.269807
 20
0.044946
 30
0.0
 11
-0.268339
 21
0.044783
 31
0.0
  0
LINE
  5
1AF4
  8
0
 10
-0.268339
 20
0.044783
 30
0.0
 11
-0.266877
 21
0.044513
 31
0.0
  0
LINE
  5
1AF5
  8
0
 10
-0.266877
 20
0.044513
 30
0.0
 11
-0.265426
 21
0.044135
 31
0.0
  0
LINE
  5
1AF6
  8
0
 10
-0.265426
 20
0.044135
 30
0.0
 11
-0.26399
 21
0.043652
 31
0.0
  0
LINE
  5
1AF7
  8
0
 10
-0.275681
 20
0.044513
 30
0.0
 11
-0.2742199999999999
 21
0.044783
 31
0.0
  0
LINE
  5
1AF8
  8
0
 10
-0.2742199999999999
 20
0.044783
 30
0.0
 11
-0.272751
 21
0.044946
 31
0.0
  0
LINE
  5
1AF9
  8
0
 10
-0.272751
 20
0.044946
 30
0.0
 11
-0.271279
 21
0.045
 31
0.0
  0
LINE
  5
1AFA
  8
0
 10
-0.241279
 20
0.0
 30
0.0
 11
-0.241243
 21
0.002208
 31
0.0
  0
LINE
  5
1AFB
  8
0
 10
-0.241315
 20
0.002208
 30
0.0
 11
-0.241279
 21
0.0
 31
0.0
  0
LINE
  5
1AFC
  8
0
 10
-0.239987
 20
-0.013063
 30
0.0
 11
-0.24038
 21
-0.010934
 31
0.0
  0
LINE
  5
1AFD
  8
0
 10
-0.242178
 20
-0.010934
 30
0.0
 11
-0.242571
 21
-0.013063
 31
0.0
  0
LINE
  5
1AFE
  8
0
 10
-0.238399
 20
-0.01924
 30
0.0
 11
-0.238996
 21
-0.017221
 31
0.0
  0
LINE
  5
1AFF
  8
0
 10
-0.238996
 20
-0.017221
 30
0.0
 11
-0.239525
 21
-0.01516
 31
0.0
  0
LINE
  5
1B00
  8
0
 10
-0.239525
 20
-0.01516
 30
0.0
 11
-0.239987
 21
-0.013063
 31
0.0
  0
LINE
  5
1B01
  8
0
 10
-0.242571
 20
-0.013063
 30
0.0
 11
-0.243033
 21
-0.01516
 31
0.0
  0
LINE
  5
1B02
  8
0
 10
-0.243033
 20
-0.01516
 30
0.0
 11
-0.243563
 21
-0.017221
 31
0.0
  0
LINE
  5
1B03
  8
0
 10
-0.243563
 20
-0.017221
 30
0.0
 11
-0.24416
 21
-0.01924
 31
0.0
  0
LINE
  5
1B04
  8
0
 10
-0.24038
 20
-0.010934
 30
0.0
 11
-0.240703
 21
-0.008779
 31
0.0
  0
LINE
  5
1B05
  8
0
 10
-0.240703
 20
-0.008779
 30
0.0
 11
-0.240955
 21
-0.006603
 31
0.0
  0
LINE
  5
1B06
  8
0
 10
-0.240955
 20
-0.006603
 30
0.0
 11
-0.241135
 21
-0.004411
 31
0.0
  0
LINE
  5
1B07
  8
0
 10
-0.241135
 20
-0.004411
 30
0.0
 11
-0.241243
 21
-0.002208
 31
0.0
  0
LINE
  5
1B08
  8
0
 10
-0.241243
 20
-0.002208
 30
0.0
 11
-0.241279
 21
0.0
 31
0.0
  0
LINE
  5
1B09
  8
0
 10
-0.241279
 20
0.0
 30
0.0
 11
-0.241315
 21
-0.002208
 31
0.0
  0
LINE
  5
1B0A
  8
0
 10
-0.241315
 20
-0.002208
 30
0.0
 11
-0.2414239999999999
 21
-0.004411
 31
0.0
  0
LINE
  5
1B0B
  8
0
 10
-0.2414239999999999
 20
-0.004411
 30
0.0
 11
-0.241604
 21
-0.006603
 31
0.0
  0
LINE
  5
1B0C
  8
0
 10
-0.241604
 20
-0.006603
 30
0.0
 11
-0.241856
 21
-0.008779
 31
0.0
  0
LINE
  5
1B0D
  8
0
 10
-0.241856
 20
-0.008779
 30
0.0
 11
-0.242178
 21
-0.010934
 31
0.0
  0
LINE
  5
1B0E
  8
0
 10
-0.23447
 20
0.028548
 30
0.0
 11
-0.233508
 21
0.03022
 31
0.0
  0
LINE
  5
1B0F
  8
0
 10
-0.241243
 20
0.002208
 30
0.0
 11
-0.241135
 21
0.004411
 31
0.0
  0
LINE
  5
1B10
  8
0
 10
-0.241135
 20
0.004411
 30
0.0
 11
-0.240955
 21
0.006603
 31
0.0
  0
LINE
  5
1B11
  8
0
 10
-0.240955
 20
0.006603
 30
0.0
 11
-0.240703
 21
0.008779
 31
0.0
  0
LINE
  5
1B12
  8
0
 10
-0.240703
 20
0.008779
 30
0.0
 11
-0.24038
 21
0.010934
 31
0.0
  0
LINE
  5
1B13
  8
0
 10
-0.24038
 20
0.010934
 30
0.0
 11
-0.239987
 21
0.013063
 31
0.0
  0
LINE
  5
1B14
  8
0
 10
-0.239987
 20
0.013063
 30
0.0
 11
-0.239525
 21
0.01516
 31
0.0
  0
LINE
  5
1B15
  8
0
 10
-0.239525
 20
0.01516
 30
0.0
 11
-0.238996
 21
0.017221
 31
0.0
  0
LINE
  5
1B16
  8
0
 10
-0.238996
 20
0.017221
 30
0.0
 11
-0.238399
 21
0.01924
 31
0.0
  0
LINE
  5
1B17
  8
0
 10
-0.238399
 20
0.01924
 30
0.0
 11
-0.237737
 21
0.021213
 31
0.0
  0
LINE
  5
1B18
  8
0
 10
-0.237737
 20
0.021213
 30
0.0
 11
-0.237011
 21
0.023135
 31
0.0
  0
LINE
  5
1B19
  8
0
 10
-0.237011
 20
0.023135
 30
0.0
 11
-0.236223
 21
0.025001
 31
0.0
  0
LINE
  5
1B1A
  8
0
 10
-0.236223
 20
0.025001
 30
0.0
 11
-0.235375
 21
0.026806
 31
0.0
  0
LINE
  5
1B1B
  8
0
 10
-0.235375
 20
0.026806
 30
0.0
 11
-0.23447
 21
0.028548
 31
0.0
  0
LINE
  5
1B1C
  8
0
 10
-0.24416
 20
0.01924
 30
0.0
 11
-0.243563
 21
0.017221
 31
0.0
  0
LINE
  5
1B1D
  8
0
 10
-0.243563
 20
0.017221
 30
0.0
 11
-0.243033
 21
0.01516
 31
0.0
  0
LINE
  5
1B1E
  8
0
 10
-0.243033
 20
0.01516
 30
0.0
 11
-0.242571
 21
0.013063
 31
0.0
  0
LINE
  5
1B1F
  8
0
 10
-0.242571
 20
0.013063
 30
0.0
 11
-0.242178
 21
0.010934
 31
0.0
  0
LINE
  5
1B20
  8
0
 10
-0.242178
 20
0.010934
 30
0.0
 11
-0.241856
 21
0.008779
 31
0.0
  0
LINE
  5
1B21
  8
0
 10
-0.241856
 20
0.008779
 30
0.0
 11
-0.241604
 21
0.006603
 31
0.0
  0
LINE
  5
1B22
  8
0
 10
-0.241604
 20
0.006603
 30
0.0
 11
-0.2414239999999999
 21
0.004411
 31
0.0
  0
LINE
  5
1B23
  8
0
 10
-0.2414239999999999
 20
0.004411
 30
0.0
 11
-0.241315
 21
0.002208
 31
0.0
  0
LINE
  5
1B24
  8
0
 10
-0.18416
 20
-0.01924
 30
0.0
 11
-0.184822
 21
-0.021213
 31
0.0
  0
LINE
  5
1B25
  8
0
 10
-0.184822
 20
-0.021213
 30
0.0
 11
-0.185548
 21
-0.023135
 31
0.0
  0
LINE
  5
1B26
  8
0
 10
-0.185548
 20
-0.023135
 30
0.0
 11
-0.186335
 21
-0.025001
 31
0.0
  0
LINE
  5
1B27
  8
0
 10
-0.188089
 20
-0.028548
 30
0.0
 11
-0.18905
 21
-0.03022
 31
0.0
  0
LINE
  5
1B28
  8
0
 10
-0.186335
 20
-0.025001
 30
0.0
 11
-0.187183
 21
-0.026806
 31
0.0
  0
LINE
  5
1B29
  8
0
 10
-0.187183
 20
-0.026806
 30
0.0
 11
-0.188089
 21
-0.028548
 31
0.0
  0
LINE
  5
1B2A
  8
0
 10
-0.193408
 20
-0.036144
 30
0.0
 11
-0.194612
 21
-0.037416
 31
0.0
  0
LINE
  5
1B2B
  8
0
 10
-0.18905
 20
-0.03022
 30
0.0
 11
-0.190066
 21
-0.03182
 31
0.0
  0
LINE
  5
1B2C
  8
0
 10
-0.190066
 20
-0.03182
 30
0.0
 11
-0.191132
 21
-0.033343
 31
0.0
  0
LINE
  5
1B2D
  8
0
 10
-0.191132
 20
-0.033343
 30
0.0
 11
-0.192247
 21
-0.034786
 31
0.0
  0
LINE
  5
1B2E
  8
0
 10
-0.192247
 20
-0.034786
 30
0.0
 11
-0.193408
 21
-0.036144
 31
0.0
  0
LINE
  5
1B2F
  8
0
 10
-0.194612
 20
-0.037416
 30
0.0
 11
-0.195856
 21
-0.038598
 31
0.0
  0
LINE
  5
1B30
  8
0
 10
-0.195856
 20
-0.038598
 30
0.0
 11
-0.197137
 21
-0.039686
 31
0.0
  0
LINE
  5
1B31
  8
0
 10
-0.205426
 20
-0.044135
 30
0.0
 11
-0.206877
 21
-0.044513
 31
0.0
  0
LINE
  5
1B32
  8
0
 10
-0.206877
 20
-0.044513
 30
0.0
 11
-0.208339
 21
-0.044783
 31
0.0
  0
LINE
  5
1B33
  8
0
 10
-0.208339
 20
-0.044783
 30
0.0
 11
-0.209807
 21
-0.044946
 31
0.0
  0
LINE
  5
1B34
  8
0
 10
-0.209807
 20
-0.044946
 30
0.0
 11
-0.211279
 21
-0.045
 31
0.0
  0
LINE
  5
1B35
  8
0
 10
-0.211279
 20
-0.045
 30
0.0
 11
-0.212751
 21
-0.044946
 31
0.0
  0
LINE
  5
1B36
  8
0
 10
-0.212751
 20
-0.044946
 30
0.0
 11
-0.21422
 21
-0.044783
 31
0.0
  0
LINE
  5
1B37
  8
0
 10
-0.21422
 20
-0.044783
 30
0.0
 11
-0.215681
 21
-0.044513
 31
0.0
  0
LINE
  5
1B38
  8
0
 10
-0.215681
 20
-0.044513
 30
0.0
 11
-0.217132
 21
-0.044135
 31
0.0
  0
LINE
  5
1B39
  8
0
 10
-0.217132
 20
-0.044135
 30
0.0
 11
-0.218569
 21
-0.043651
 31
0.0
  0
LINE
  5
1B3A
  8
0
 10
-0.198452
 20
-0.040679
 30
0.0
 11
-0.199799
 21
-0.041575
 31
0.0
  0
LINE
  5
1B3B
  8
0
 10
-0.199799
 20
-0.041575
 30
0.0
 11
-0.201173
 21
-0.04237
 31
0.0
  0
LINE
  5
1B3C
  8
0
 10
-0.201173
 20
-0.04237
 30
0.0
 11
-0.202571
 21
-0.043062
 31
0.0
  0
LINE
  5
1B3D
  8
0
 10
-0.202571
 20
-0.043062
 30
0.0
 11
-0.20399
 21
-0.043651
 31
0.0
  0
LINE
  5
1B3E
  8
0
 10
-0.20399
 20
-0.043651
 30
0.0
 11
-0.205426
 21
-0.044135
 31
0.0
  0
LINE
  5
1B3F
  8
0
 10
-0.197137
 20
-0.039686
 30
0.0
 11
-0.198452
 21
-0.040679
 31
0.0
  0
LINE
  5
1B40
  8
0
 10
-0.194612
 20
0.037416
 30
0.0
 11
-0.193408
 21
0.036144
 31
0.0
  0
LINE
  5
1B41
  8
0
 10
-0.193408
 20
0.036144
 30
0.0
 11
-0.192247
 21
0.034786
 31
0.0
  0
LINE
  5
1B42
  8
0
 10
-0.192247
 20
0.034786
 30
0.0
 11
-0.191132
 21
0.033343
 31
0.0
  0
LINE
  5
1B43
  8
0
 10
-0.191132
 20
0.033343
 30
0.0
 11
-0.190066
 21
0.03182
 31
0.0
  0
LINE
  5
1B44
  8
0
 10
-0.190066
 20
0.03182
 30
0.0
 11
-0.18905
 21
0.03022
 31
0.0
  0
LINE
  5
1B45
  8
0
 10
-0.211279
 20
0.045
 30
0.0
 11
-0.209807
 21
0.044946
 31
0.0
  0
LINE
  5
1B46
  8
0
 10
-0.209807
 20
0.044946
 30
0.0
 11
-0.208339
 21
0.044783
 31
0.0
  0
LINE
  5
1B47
  8
0
 10
-0.208339
 20
0.044783
 30
0.0
 11
-0.206877
 21
0.044513
 31
0.0
  0
LINE
  5
1B48
  8
0
 10
-0.206877
 20
0.044513
 30
0.0
 11
-0.205426
 21
0.044135
 31
0.0
  0
LINE
  5
1B49
  8
0
 10
-0.218569
 20
0.043652
 30
0.0
 11
-0.217132
 21
0.044135
 31
0.0
  0
LINE
  5
1B4A
  8
0
 10
-0.217132
 20
0.044135
 30
0.0
 11
-0.215681
 21
0.044513
 31
0.0
  0
LINE
  5
1B4B
  8
0
 10
-0.215681
 20
0.044513
 30
0.0
 11
-0.21422
 21
0.044783
 31
0.0
  0
LINE
  5
1B4C
  8
0
 10
-0.21422
 20
0.044783
 30
0.0
 11
-0.212751
 21
0.044946
 31
0.0
  0
LINE
  5
1B4D
  8
0
 10
-0.212751
 20
0.044946
 30
0.0
 11
-0.211279
 21
0.045
 31
0.0
  0
LINE
  5
1B4E
  8
0
 10
-0.20399
 20
0.043652
 30
0.0
 11
-0.202571
 21
0.043062
 31
0.0
  0
LINE
  5
1B4F
  8
0
 10
-0.202571
 20
0.043062
 30
0.0
 11
-0.201173
 21
0.04237
 31
0.0
  0
LINE
  5
1B50
  8
0
 10
-0.201173
 20
0.04237
 30
0.0
 11
-0.199799
 21
0.041575
 31
0.0
  0
LINE
  5
1B51
  8
0
 10
-0.199799
 20
0.041575
 30
0.0
 11
-0.198452
 21
0.040679
 31
0.0
  0
LINE
  5
1B52
  8
0
 10
-0.198452
 20
0.040679
 30
0.0
 11
-0.197137
 21
0.039686
 31
0.0
  0
LINE
  5
1B53
  8
0
 10
-0.197137
 20
0.039686
 30
0.0
 11
-0.195856
 21
0.038598
 31
0.0
  0
LINE
  5
1B54
  8
0
 10
-0.195856
 20
0.038598
 30
0.0
 11
-0.194612
 21
0.037416
 31
0.0
  0
LINE
  5
1B55
  8
0
 10
-0.205426
 20
0.044135
 30
0.0
 11
-0.20399
 21
0.043652
 31
0.0
  0
LINE
  5
1B56
  8
0
 10
-0.183563
 20
-0.017221
 30
0.0
 11
-0.18416
 21
-0.01924
 31
0.0
  0
LINE
  5
1B57
  8
0
 10
-0.185548
 20
0.023135
 30
0.0
 11
-0.184822
 21
0.021213
 31
0.0
  0
LINE
  5
1B58
  8
0
 10
-0.184822
 20
0.021213
 30
0.0
 11
-0.18416
 21
0.01924
 31
0.0
  0
LINE
  5
1B59
  8
0
 10
-0.18416
 20
0.01924
 30
0.0
 11
-0.183563
 21
0.017221
 31
0.0
  0
LINE
  5
1B5A
  8
0
 10
-0.186335
 20
0.025001
 30
0.0
 11
-0.185548
 21
0.023135
 31
0.0
  0
LINE
  5
1B5B
  8
0
 10
-0.18905
 20
0.03022
 30
0.0
 11
-0.188089
 21
0.028548
 31
0.0
  0
LINE
  5
1B5C
  8
0
 10
-0.188089
 20
0.028548
 30
0.0
 11
-0.187183
 21
0.026806
 31
0.0
  0
LINE
  5
1B5D
  8
0
 10
-0.187183
 20
0.026806
 30
0.0
 11
-0.186335
 21
0.025001
 31
0.0
  0
LINE
  5
1B5E
  8
0
 10
-0.218569
 20
-0.043651
 30
0.0
 11
-0.219988
 21
-0.043062
 31
0.0
  0
LINE
  5
1B5F
  8
0
 10
-0.219988
 20
0.043062
 30
0.0
 11
-0.218569
 21
0.043652
 31
0.0
  0
LINE
  5
1B60
  8
0
 10
-0.277132
 20
-0.044135
 30
0.0
 11
-0.278569
 21
-0.043651
 31
0.0
  0
LINE
  5
1B61
  8
0
 10
-0.278569
 20
0.043652
 30
0.0
 11
-0.277132
 21
0.044135
 31
0.0
  0
LINE
  5
1B62
  8
0
 10
-0.39422
 20
-0.044783
 30
0.0
 11
-0.395681
 21
-0.044513
 31
0.0
  0
LINE
  5
1B63
  8
0
 10
-0.395681
 20
0.044513
 30
0.0
 11
-0.39422
 21
0.044783
 31
0.0
  0
LINE
  5
1B64
  8
0
 10
-0.395681
 20
-0.044513
 30
0.0
 11
-0.397132
 21
-0.044135
 31
0.0
  0
LINE
  5
1B65
  8
0
 10
-0.4054210000000002
 20
-0.039686
 30
0.0
 11
-0.4067020000000002
 21
-0.038598
 31
0.0
  0
LINE
  5
1B66
  8
0
 10
-0.4067020000000002
 20
-0.038598
 30
0.0
 11
-0.407946
 21
-0.037416
 31
0.0
  0
LINE
  5
1B67
  8
0
 10
-0.399988
 20
-0.043062
 30
0.0
 11
-0.4013860000000001
 21
-0.04237
 31
0.0
  0
LINE
  5
1B68
  8
0
 10
-0.4013860000000001
 20
-0.04237
 30
0.0
 11
-0.40276
 21
-0.041575
 31
0.0
  0
LINE
  5
1B69
  8
0
 10
-0.40276
 20
-0.041575
 30
0.0
 11
-0.404106
 21
-0.040679
 31
0.0
  0
LINE
  5
1B6A
  8
0
 10
-0.404106
 20
-0.040679
 30
0.0
 11
-0.4054210000000002
 21
-0.039686
 31
0.0
  0
LINE
  5
1B6B
  8
0
 10
-0.397132
 20
-0.044135
 30
0.0
 11
-0.398569
 21
-0.043651
 31
0.0
  0
LINE
  5
1B6C
  8
0
 10
-0.398569
 20
-0.043651
 30
0.0
 11
-0.399988
 21
-0.043062
 31
0.0
  0
LINE
  5
1B6D
  8
0
 10
-0.397132
 20
0.044135
 30
0.0
 11
-0.395681
 21
0.044513
 31
0.0
  0
LINE
  5
1B6E
  8
0
 10
-0.4054210000000002
 20
0.039686
 30
0.0
 11
-0.404106
 21
0.040679
 31
0.0
  0
LINE
  5
1B6F
  8
0
 10
-0.404106
 20
0.040679
 30
0.0
 11
-0.40276
 21
0.041575
 31
0.0
  0
LINE
  5
1B70
  8
0
 10
-0.40276
 20
0.041575
 30
0.0
 11
-0.4013860000000001
 21
0.04237
 31
0.0
  0
LINE
  5
1B71
  8
0
 10
-0.4013860000000001
 20
0.04237
 30
0.0
 11
-0.399988
 21
0.043062
 31
0.0
  0
LINE
  5
1B72
  8
0
 10
-0.407946
 20
0.037416
 30
0.0
 11
-0.4067020000000002
 21
0.038598
 31
0.0
  0
LINE
  5
1B73
  8
0
 10
-0.4067020000000002
 20
0.038598
 30
0.0
 11
-0.4054210000000002
 21
0.039686
 31
0.0
  0
LINE
  5
1B74
  8
0
 10
-0.398569
 20
0.043652
 30
0.0
 11
-0.397132
 21
0.044135
 31
0.0
  0
LINE
  5
1B75
  8
0
 10
-0.399988
 20
0.043062
 30
0.0
 11
-0.398569
 21
0.043652
 31
0.0
  0
LINE
  5
1B76
  8
0
 10
-0.364159
 20
-0.01924
 30
0.0
 11
-0.364821
 21
-0.021213
 31
0.0
  0
LINE
  5
1B77
  8
0
 10
-0.357737
 20
-0.021213
 30
0.0
 11
-0.358399
 21
-0.01924
 31
0.0
  0
LINE
  5
1B78
  8
0
 10
-0.337132
 20
-0.044135
 30
0.0
 11
-0.338569
 21
-0.043651
 31
0.0
  0
LINE
  5
1B79
  8
0
 10
-0.369051
 20
-0.03022
 30
0.0
 11
-0.370066
 21
-0.03182
 31
0.0
  0
LINE
  5
1B7A
  8
0
 10
-0.3655469999999999
 20
-0.023135
 30
0.0
 11
-0.3663349999999999
 21
-0.025001
 31
0.0
  0
LINE
  5
1B7B
  8
0
 10
-0.3663349999999999
 20
-0.025001
 30
0.0
 11
-0.367183
 21
-0.026806
 31
0.0
  0
LINE
  5
1B7C
  8
0
 10
-0.367183
 20
-0.026806
 30
0.0
 11
-0.368089
 21
-0.028548
 31
0.0
  0
LINE
  5
1B7D
  8
0
 10
-0.368089
 20
-0.028548
 30
0.0
 11
-0.369051
 21
-0.03022
 31
0.0
  0
LINE
  5
1B7E
  8
0
 10
-0.364821
 20
-0.021213
 30
0.0
 11
-0.3655469999999999
 21
-0.023135
 31
0.0
  0
LINE
  5
1B7F
  8
0
 10
-0.370066
 20
-0.03182
 30
0.0
 11
-0.371132
 21
-0.033343
 31
0.0
  0
LINE
  5
1B80
  8
0
 10
-0.371132
 20
-0.033343
 30
0.0
 11
-0.372247
 21
-0.034786
 31
0.0
  0
LINE
  5
1B81
  8
0
 10
-0.372247
 20
-0.034786
 30
0.0
 11
-0.373408
 21
-0.036144
 31
0.0
  0
LINE
  5
1B82
  8
0
 10
-0.373408
 20
-0.036144
 30
0.0
 11
-0.374612
 21
-0.037416
 31
0.0
  0
LINE
  5
1B83
  8
0
 10
-0.374612
 20
-0.037416
 30
0.0
 11
-0.375856
 21
-0.038598
 31
0.0
  0
ATTDEF
  5
1B84
  8
0
  6
CONTINUOUS
 62
     7
 10
1.199821999999999
 20
1.041836999999999
 30
0.0
 40
0.2
  1

 72
     1
 11
1.199821999999999
 21
1.041836999999999
 31
0.0
  3
FissaModello
  2
FISSAMODELLO
 70
     9
  0
ATTDEF
  5
1B85
  8
0
  6
CONTINUOUS
 62
     7
 10
0.9751409999999999
 20
1.309839999999999
 30
0.0
 40
0.2
  1

 72
     1
 11
0.9751409999999999
 21
1.309839999999999
 31
0.0
  3
FissaSerie
  2
FISSASERIE
 70
     9
  0
ATTDEF
  5
1B86
  8
0
  6
CONTINUOUS
 62
     7
 10
-8.081556666666668
 20
-1.298192999999999
 30
0.0
 40
0.2
  1
*MONTAGGIO*
 72
     2
 11
-6.01489
 21
-1.298192999999999
 31
0.0
  3
Schema di montaggio
  2
MONTAGGIO
 70
     9
  0
ATTDEF
  5
1B87
  8
0
  6
CONTINUOUS
 62
     7
 10
0.8769576666666667
 20
-1.002538999999996
 30
0.0
 40
0.2
  1
*PERD*
 72
     2
 11
2.010291
 21
-1.002538999999996
 31
0.0
  3
Perdita (Pa)
  2
PERDITA
 70
     9
  0
ATTDEF
  5
1B88
  8
0
  6
CONTINUOUS
 62
     7
 10
-4.320387666666667
 20
-0.699286
 30
0.0
 40
0.2
  1
*PORT*
 72
     1
 11
-3.753721
 21
-0.699286
 31
0.0
  3
Portata [l/s]
  2
PORT
 70
     9
  0
ATTDEF
  5
1B89
  8
0
  6
CONTINUOUS
 62
     7
 10
-7.698622333333334
 20
-0.4515970000000002
 30
0.0
 40
0.2
  1
*POTENZA*
 72
     2
 11
-5.965289
 21
-0.4515970000000002
 31
0.0
  3
Potenza [w]
  2
POTENZA
 70
     9
  0
ATTDEF
  5
1B8A
  8
0
  6
CONTINUOUS
 62
     7
 10
-4.272035666666667
 20
0.225798
 30
0.0
 40
0.2
  1
*LMAX*
 72
     1
 11
-3.705369
 21
0.225798
 31
0.0
  3
Larghezza massima [m]
  2
LMAX
 70
     9
  0
ATTDEF
  5
1B8B
  8
0
  6
CONTINUOUS
 62
     7
 10
-0.777561
 20
0.7807870000000002
 30
0.0
 40
0.2
  1

 72
     1
 11
-0.777561
 21
0.7807870000000002
 31
0.0
  3
N° elementi
  2
ELEMENTI
 70
     9
  0
ATTDEF
  5
1B8C
  8
0
  6
CONTINUOUS
 62
     7
 10
-0.777561
 20
1.059904999999994
 30
0.0
 40
0.2
  1

 72
     1
 11
-0.777561
 21
1.059904999999994
 31
0.0
  3
Modello
  2
MODELLO
 70
     9
  0
ATTDEF
  5
1B8D
  8
0
  6
CONTINUOUS
 62
     7
 10
1.119928666666667
 20
1.646279
 30
0.0
 40
0.2
  1
??
 72
     1
 11
1.253262
 21
1.646279
 31
0.0
  3
Identificatore
  2
COD
 70
     9
  0
ATTDEF
  5
1B8E
  8
0
  6
CONTINUOUS
 62
     7
 10
-4.234022333333334
 20
0.502286
 30
0.0
 40
0.2
  1
*INCR*
 72
     1
 11
-3.700689
 21
0.502286
 31
0.0
  3
Incremento [ %]
  2
INCR
 70
     9
  0
ATTDEF
  5
1B8F
  8
0
  6
CONTINUOUS
 62
     7
 10
-0.777561
 20
1.314394999999997
 30
0.0
 40
0.2
  1

 72
     1
 11
-0.777561
 21
1.314394999999997
 31
0.0
  3
Serie
  2
SERIE
 70
     9
  0
ENDBLK
  5
C1
  8
0
  0
BLOCK
  8
0
  2
TESTO
 70
     2
 10
0.0
 20
0.0
 30
0.0
  3
TESTO
  1

  0
ATTDEF
  5
1B9F
  8
0
  6
CONTINUOUS
 62
     7
 10
0.0
 20
0.0
 30
0.0
 40
0.15
  1
Testo assente
  3
Testo
  2
TESTO
 70
     8
  0
ENDBLK
  5
C7
  8
0
  0
BLOCK
  8
0
  2
TESTOD
 70
     2
 10
0.0
 20
0.0
 30
0.0
  3
TESTOD
  1

  0
ATTDEF
  5
1BA1
  8
0
  6
CONTINUOUS
 62
     7
 10
-0.000605
 20
-0.125435
 30
0.0
 40
0.15
  1
&Testo assente
  3
&Testo
  2
&TESTO
 70
     8
  0
ENDBLK
  5
CD
  8
0
  0
BLOCK
  8
0
  2
IRETES
 70
     2
 10
0.0
 20
0.0
 30
0.0
  3
IRETES
  1

  0
LINE
  5
1BA2
  8
0
  6
CONTINUOUS
 62
     7
 10
0.0
 20
-0.335643
 30
0.0
 11
0.0
 21
-0.083363
 31
0.0
  0
CIRCLE
  5
1BA3
  8
0
  6
CONTINUOUS
 62
     7
 10
0.179613
 20
-0.136913
 30
0.0
 40
0.0999800569573097
  0
LINE
  5
1BA4
  8
0
  6
CONTINUOUS
 62
     7
 10
0.6278050000000001
 20
-0.009786
 30
0.0
 11
0.331308
 21
-0.009786
 31
0.0
  0
LINE
  5
1BA5
  8
0
  6
CONTINUOUS
 62
     7
 10
0.6278050000000001
 20
-0.26404
 30
0.0
 11
0.331308
 21
-0.26404
 31
0.0
  0
LINE
  5
1BA6
  8
0
  6
CONTINUOUS
 62
     7
 10
0.331308
 20
-0.009786
 30
0.0
 11
0.331308
 21
-0.26404
 31
0.0
  0
LINE
  5
1BA7
  8
0
  6
CONTINUOUS
 62
     7
 10
0.6278050000000001
 20
-0.009786
 30
0.0
 11
0.6278050000000001
 21
-0.26404
 31
0.0
  0
LINE
  5
1BA8
  8
0
  6
CONTINUOUS
 62
     7
 10
0.279593
 20
-0.136913
 30
0.0
 11
0.149148
 21
-0.041688
 31
0.0
  0
LINE
  5
1BA9
  8
0
  6
CONTINUOUS
 62
     7
 10
0.279593
 20
-0.136913
 30
0.0
 11
0.149148
 21
-0.232138
 31
0.0
  0
LINE
  5
1BAA
  8
0
  6
CONTINUOUS
 62
     7
 10
0.149148
 20
-0.232138
 30
0.0
 11
0.149148
 21
-0.041688
 31
0.0
  0
LINE
  5
1BAB
  8
0
  6
CONTINUOUS
 62
     1
 10
0.0
 20
0.0
 30
0.0
 11
0.4346020000000001
 21
0.0
 31
0.0
  0
LINE
  5
1BAC
  8
0
  6
CONTINUOUS
 62
     1
 10
0.4845140000000001
 20
-0.220471
 30
0.0
 11
0.530398
 21
-0.220471
 31
0.0
  0
LINE
  5
1BAD
  8
0
  6
CONTINUOUS
 62
     1
 10
0.530398
 20
-0.220471
 30
0.0
 11
0.547802
 21
-0.161973
 31
0.0
  0
LINE
  5
1BAE
  8
0
  6
CONTINUOUS
 62
     1
 10
0.547802
 20
-0.161973
 30
0.0
 11
0.54622
 21
-0.097151
 31
0.0
  0
LINE
  5
1BAF
  8
0
  6
CONTINUOUS
 62
     1
 10
0.54622
 20
-0.097151
 30
0.0
 11
0.527233
 21
-0.112962
 31
0.0
  0
LINE
  5
1BB0
  8
0
  6
CONTINUOUS
 62
     1
 10
0.527233
 20
-0.112962
 30
0.0
 11
0.5035
 21
-0.04814
 31
0.0
  0
LINE
  5
1BB1
  8
0
  6
CONTINUOUS
 62
     1
 10
0.5035
 20
-0.04814
 30
0.0
 11
0.490843
 21
-0.075017
 31
0.0
  0
LINE
  5
1BB2
  8
0
  6
CONTINUOUS
 62
     2
 10
0.5035
 20
-0.185688
 30
0.0
 11
0.514576
 21
-0.144582
 31
0.0
  0
LINE
  5
1BB3
  8
0
  6
CONTINUOUS
 62
     2
 10
0.514576
 20
-0.144582
 30
0.0
 11
0.4845140000000001
 21
-0.10761
 31
0.0
  0
LINE
  5
1BB4
  8
0
  6
CONTINUOUS
 62
     1
 10
0.4845140000000001
 20
-0.220471
 30
0.0
 11
0.4386300000000001
 21
-0.220471
 31
0.0
  0
LINE
  5
1BB5
  8
0
  6
CONTINUOUS
 62
     1
 10
0.4386300000000001
 20
-0.220471
 30
0.0
 11
0.4212260000000001
 21
-0.161973
 31
0.0
  0
LINE
  5
1BB6
  8
0
  6
CONTINUOUS
 62
     1
 10
0.4212260000000001
 20
-0.161973
 30
0.0
 11
0.4228080000000001
 21
-0.097151
 31
0.0
  0
LINE
  5
1BB7
  8
0
  6
CONTINUOUS
 62
     1
 10
0.4228080000000001
 20
-0.097151
 30
0.0
 11
0.441794
 21
-0.112962
 31
0.0
  0
LINE
  5
1BB8
  8
0
  6
CONTINUOUS
 62
     1
 10
0.441794
 20
-0.112962
 30
0.0
 11
0.465527
 21
-0.04814
 31
0.0
  0
LINE
  5
1BB9
  8
0
  6
CONTINUOUS
 62
     1
 10
0.465527
 20
-0.04814
 30
0.0
 11
0.4781850000000001
 21
-0.075017
 31
0.0
  0
LINE
  5
1BBA
  8
0
  6
CONTINUOUS
 62
     2
 10
0.5035
 20
-0.185688
 30
0.0
 11
0.465527
 21
-0.185688
 31
0.0
  0
LINE
  5
1BBB
  8
0
  6
CONTINUOUS
 62
     2
 10
0.465527
 20
-0.185688
 30
0.0
 11
0.4544520000000001
 21
-0.144582
 31
0.0
  0
LINE
  5
1BBC
  8
0
  6
CONTINUOUS
 62
     2
 10
0.4544520000000001
 20
-0.144582
 30
0.0
 11
0.4845140000000001
 21
-0.10761
 31
0.0
  0
LINE
  5
1BBD
  8
0
  6
CONTINUOUS
 62
     7
 10
0.0
 20
-0.335643
 30
0.0
 11
0.4626070000000003
 21
-0.335643
 31
0.0
  0
LINE
  5
1BBE
  8
0
  6
CONTINUOUS
 62
     7
 10
0.0
 20
-0.335643
 30
0.0
 11
0.0
 21
0.064357
 31
0.0
  0
LINE
  5
1BBF
  8
0
  6
CONTINUOUS
 62
     7
 10
0.0
 20
-0.335643
 30
0.0
 11
0.7
 21
-0.335643
 31
0.0
  0
LINE
  5
1BC0
  8
0
  6
CONTINUOUS
 62
     7
 10
0.0
 20
0.064357
 30
0.0
 11
0.7
 21
0.064357
 31
0.0
  0
LINE
  5
1BC1
  8
0
  6
CONTINUOUS
 62
     7
 10
0.7
 20
-0.335643
 30
0.0
 11
0.7
 21
0.064357
 31
0.0
  0
LINE
  5
1BC2
  8
0
  6
CONTINUOUS
 62
     5
 10
0.0
 20
-0.1
 30
0.0
 11
0.033833
 21
-0.1
 31
0.0
  0
LINE
  5
1BC3
  8
0
  6
CONTINUOUS
 62
     1
 10
0.4346020000000001
 20
0.0
 30
0.0
 11
0.668117
 21
0.0
 31
0.0
  0
LINE
  5
1BC4
  8
0
  6
CONTINUOUS
 62
     1
 10
0.668117
 20
0.0
 30
0.0
 11
0.668117
 21
-0.145527
 31
0.0
  0
LINE
  5
1BC5
  8
0
  6
CONTINUOUS
 62
     1
 10
0.6278050000000001
 20
-0.145527
 30
0.0
 11
0.668117
 21
-0.145527
 31
0.0
  0
LINE
  5
1BC6
  8
0
  6
CONTINUOUS
 62
     5
 10
0.331308
 20
-0.136913
 30
0.0
 11
0.279593
 21
-0.136913
 31
0.0
  0
LINE
  5
1BC7
  8
0
  6
CONTINUOUS
 62
     5
 10
0.079633
 20
-0.136913
 30
0.0
 11
0.033833
 21
-0.136913
 31
0.0
  0
LINE
  5
1BC8
  8
0
  6
CONTINUOUS
 62
     5
 10
0.033833
 20
-0.136913
 30
0.0
 11
0.033833
 21
-0.1
 31
0.0
  0
CIRCLE
  5
1BC9
  8
0
  6
CONTINUOUS
 62
     7
 10
0.0
 20
0.0
 30
0.0
 40
0.023
  0
ATTDEF
  5
1BCA
  8
0
 10
-7.572089666666667
 20
-0.4119960000000001
 30
0.0
 40
0.2
  1
*CODICE*
 72
     2
 11
-6.105423
 21
-0.4119960000000001
 31
0.0
  3
Codice rete
  2
CODICE
 70
     8
  0
ATTDEF
  5
1BCB
  8
0
 10
-7.893288666666663
 20
-0.030842
 30
0.0
 40
0.2
  1
*TIPORETE*
 72
     2
 11
-6.026621999999997
 21
-0.030842
 31
0.0
  3
Tipo rete
  2
TIPORETE
 70
     8
  0
ENDBLK
  5
D0
  8
0
  0
BLOCK
  8
0
  2
QUOTAD
 70
     2
 10
0.0
 20
0.0
 30
0.0
  3
QUOTAD
  1

  0
LINE
  5
1BCC
  8
0
  6
CONTINUOUS
 62
     7
 10
0.0
 20
0.0
 30
0.0
 11
-0.29841
 21
0.0
 31
0.0
  0
ATTDEF
  5
1BCD
  8
0
  6
CONTINUOUS
 62
     7
 10
0.034266
 20
0.041155
 30
0.0
 40
0.15
  1
Diametro assente
  3
Diamentro
  2
&DIAM
 70
     8
  0
ATTDEF
  5
1BCE
  8
0
  6
CONTINUOUS
 62
     7
 10
0.024652
 20
-0.187561
 30
0.0
 40
0.15
  1
Numero assente
  3
Codice ramo
  2
&CODTR
 70
     8
  0
ENDBLK
  5
D3
  8
0
  0
BLOCK
  8
0
  2
TERMFANCOILD
 70
     2
 10
0.0
 20
0.0
 30
0.0
  3
TERMFANCOILD
  1

  0
LINE
  5
1BEA
  8
0
 10
-0.181279
 20
0.0
 30
0.0
 11
0.0
 21
0.0
 31
0.0
  0
LINE
  5
1BEB
  8
0
  6
CONTINUOUS
 62
     7
 10
-0.181279
 20
-0.045
 30
0.0
 11
-0.181279
 21
0.045
 31
0.0
  0
LINE
  5
1BEC
  8
0
  6
CONTINUOUS
 62
     7
 10
-0.181279
 20
0.045
 30
0.0
 11
-0.901279
 21
0.045
 31
0.0
  0
LINE
  5
1BED
  8
0
  6
CONTINUOUS
 62
     7
 10
-0.901279
 20
0.045
 30
0.0
 11
-0.901279
 21
-0.045
 31
0.0
  0
LINE
  5
1BEE
  8
0
  6
CONTINUOUS
 62
     7
 10
-0.901279
 20
-0.045
 30
0.0
 11
-0.181279
 21
-0.045
 31
0.0
  0
ATTDEF
  5
1BEF
  8
0
  6
CONTINUOUS
 62
     7
 10
-0.777561
 20
1.314394999999997
 30
0.0
 40
0.2
  1

 72
     1
 11
-0.777561
 21
1.314394999999997
 31
0.0
  3
Serie
  2
SERIE
 70
     9
  0
ATTDEF
  5
1BF0
  8
0
  6
CONTINUOUS
 62
     7
 10
-4.234022333333334
 20
0.502286
 30
0.0
 40
0.2
  1
*INCR*
 72
     1
 11
-3.700689
 21
0.502286
 31
0.0
  3
Incremento [ %]
  2
INCR
 70
     9
  0
ATTDEF
  5
1BF1
  8
0
  6
CONTINUOUS
 62
     7
 10
1.119928666666667
 20
1.646279
 30
0.0
 40
0.2
  1
??
 72
     1
 11
1.253262
 21
1.646279
 31
0.0
  3
Identificatore
  2
COD
 70
     9
  0
ATTDEF
  5
1BF2
  8
0
  6
CONTINUOUS
 62
     7
 10
-0.777561
 20
1.059904999999994
 30
0.0
 40
0.2
  1

 72
     1
 11
-0.777561
 21
1.059904999999994
 31
0.0
  3
Modello
  2
MODELLO
 70
     9
  0
ATTDEF
  5
1BF3
  8
0
  6
CONTINUOUS
 62
     7
 10
-0.777561
 20
0.7807870000000002
 30
0.0
 40
0.2
  1

 72
     1
 11
-0.777561
 21
0.7807870000000002
 31
0.0
  3
N° elementi
  2
ELEMENTI
 70
     9
  0
ATTDEF
  5
1BF4
  8
0
  6
CONTINUOUS
 62
     7
 10
-4.272035666666667
 20
0.225798
 30
0.0
 40
0.2
  1
*LMAX*
 72
     1
 11
-3.705369
 21
0.225798
 31
0.0
  3
Larghezza massima [m]
  2
LMAX
 70
     9
  0
ATTDEF
  5
1BF5
  8
0
  6
CONTINUOUS
 62
     7
 10
-7.698622333333334
 20
-0.4515970000000002
 30
0.0
 40
0.2
  1
*POTENZA*
 72
     2
 11
-5.965289
 21
-0.4515970000000002
 31
0.0
  3
Potenza [w]
  2
POTENZA
 70
     9
  0
ATTDEF
  5
1BF6
  8
0
  6
CONTINUOUS
 62
     7
 10
-4.320387666666667
 20
-0.699286
 30
0.0
 40
0.2
  1
*PORT*
 72
     1
 11
-3.753721
 21
-0.699286
 31
0.0
  3
Portata [l/s]
  2
PORT
 70
     9
  0
ATTDEF
  5
1BF7
  8
0
  6
CONTINUOUS
 62
     7
 10
0.8769576666666667
 20
-1.002538999999996
 30
0.0
 40
0.2
  1
*PERD*
 72
     2
 11
2.010291
 21
-1.002538999999996
 31
0.0
  3
Perdita (Pa)
  2
PERDITA
 70
     9
  0
ATTDEF
  5
1BF8
  8
0
  6
CONTINUOUS
 62
     7
 10
-8.081556666666668
 20
-1.298192999999999
 30
0.0
 40
0.2
  1
*MONTAGGIO*
 72
     2
 11
-6.01489
 21
-1.298192999999999
 31
0.0
  3
Schema di montaggio
  2
MONTAGGIO
 70
     9
  0
ATTDEF
  5
1BF9
  8
0
  6
CONTINUOUS
 62
     7
 10
0.9751409999999999
 20
1.309839999999999
 30
0.0
 40
0.2
  1

 72
     1
 11
0.9751409999999999
 21
1.309839999999999
 31
0.0
  3
FissaSerie
  2
FISSASERIE
 70
     9
  0
ATTDEF
  5
1BFA
  8
0
  6
CONTINUOUS
 62
     7
 10
1.199821999999999
 20
1.041836999999999
 30
0.0
 40
0.2
  1

 72
     1
 11
1.199821999999999
 21
1.041836999999999
 31
0.0
  3
FissaModello
  2
FISSAMODELLO
 70
     9
  0
ENDBLK
  5
D9
  8
0
  0
BLOCK
  8
0
  2
TERMRADIATORES
 70
     2
 10
0.0
 20
0.0
 30
0.0
  3
TERMRADIATORES
  1

  0
LINE
  5
1BFB
  8
0
 10
0.181279
 20
0.0
 30
0.0
 11
0.0
 21
0.0
 31
0.0
  0
LINE
  5
1BFC
  8
0
 10
0.8712790000000001
 20
-0.045
 30
0.0
 11
0.541279
 21
-0.045
 31
0.0
  0
LINE
  5
1BFD
  8
0
 10
0.541279
 20
0.045
 30
0.0
 11
0.8712790000000001
 21
0.045
 31
0.0
  0
LINE
  5
1BFE
  8
0
 10
0.7679460000000004
 20
-0.037416
 30
0.0
 11
0.76915
 21
-0.036144
 31
0.0
  0
LINE
  5
1BFF
  8
0
 10
0.76915
 20
0.036144
 30
0.0
 11
0.7679460000000004
 21
0.037416
 31
0.0
  0
LINE
  5
1C00
  8
0
 10
0.87422
 20
0.044783
 30
0.0
 11
0.872751
 21
0.044946
 31
0.0
  0
LINE
  5
1C01
  8
0
 10
0.872751
 20
-0.044946
 30
0.0
 11
0.87422
 21
-0.044783
 31
0.0
  0
LINE
  5
1C02
  8
0
 10
0.901279
 20
0.045
 30
0.0
 11
0.901279
 21
-0.045
 31
0.0
  0
LINE
  5
1C03
  8
0
 10
0.897737
 20
-0.021213
 30
0.0
 11
0.8983989999999998
 21
-0.01924
 31
0.0
  0
LINE
  5
1C04
  8
0
 10
0.8962229999999998
 20
-0.025001
 30
0.0
 11
0.897011
 21
-0.023135
 31
0.0
  0
LINE
  5
1C05
  8
0
 10
0.891426
 20
-0.033343
 30
0.0
 11
0.892492
 21
-0.03182
 31
0.0
  0
LINE
  5
1C06
  8
0
 10
0.8854209999999998
 20
-0.039686
 30
0.0
 11
0.886702
 21
-0.038598
 31
0.0
  0
LINE
  5
1C07
  8
0
 10
0.886702
 20
-0.038598
 30
0.0
 11
0.8879469999999999
 21
-0.037416
 31
0.0
  0
LINE
  5
1C08
  8
0
 10
0.8879469999999999
 20
-0.037416
 30
0.0
 11
0.88915
 21
-0.036144
 31
0.0
  0
LINE
  5
1C09
  8
0
 10
0.88915
 20
-0.036144
 30
0.0
 11
0.8903110000000001
 21
-0.034786
 31
0.0
  0
LINE
  5
1C0A
  8
0
 10
0.8903110000000001
 20
-0.034786
 30
0.0
 11
0.891426
 21
-0.033343
 31
0.0
  0
LINE
  5
1C0B
  8
0
 10
0.892492
 20
-0.03182
 30
0.0
 11
0.8935079999999999
 21
-0.03022
 31
0.0
  0
LINE
  5
1C0C
  8
0
 10
0.8935079999999999
 20
-0.03022
 30
0.0
 11
0.89447
 21
-0.028548
 31
0.0
  0
LINE
  5
1C0D
  8
0
 10
0.89447
 20
-0.028548
 30
0.0
 11
0.8953749999999999
 21
-0.026806
 31
0.0
  0
LINE
  5
1C0E
  8
0
 10
0.8953749999999999
 20
-0.026806
 30
0.0
 11
0.8962229999999998
 21
-0.025001
 31
0.0
  0
LINE
  5
1C0F
  8
0
 10
0.87422
 20
-0.044783
 30
0.0
 11
0.8756809999999999
 21
-0.044513
 31
0.0
  0
LINE
  5
1C10
  8
0
 10
0.8756809999999999
 20
-0.044513
 30
0.0
 11
0.8771319999999999
 21
-0.044135
 31
0.0
  0
LINE
  5
1C11
  8
0
 10
0.8771319999999999
 20
-0.044135
 30
0.0
 11
0.878569
 21
-0.043651
 31
0.0
  0
LINE
  5
1C12
  8
0
 10
0.878569
 20
-0.043651
 30
0.0
 11
0.8799879999999998
 21
-0.043062
 31
0.0
  0
LINE
  5
1C13
  8
0
 10
0.8799879999999998
 20
-0.043062
 30
0.0
 11
0.881386
 21
-0.04237
 31
0.0
  0
LINE
  5
1C14
  8
0
 10
0.881386
 20
-0.04237
 30
0.0
 11
0.88276
 21
-0.041575
 31
0.0
  0
LINE
  5
1C15
  8
0
 10
0.88276
 20
-0.041575
 30
0.0
 11
0.8841059999999998
 21
-0.040679
 31
0.0
  0
LINE
  5
1C16
  8
0
 10
0.8841059999999998
 20
-0.040679
 30
0.0
 11
0.8854209999999998
 21
-0.039686
 31
0.0
  0
LINE
  5
1C17
  8
0
 10
0.897011
 20
-0.023135
 30
0.0
 11
0.897737
 21
-0.021213
 31
0.0
  0
LINE
  5
1C18
  8
0
 10
0.901279
 20
0.0
 30
0.0
 11
0.901243
 21
0.002208
 31
0.0
  0
LINE
  5
1C19
  8
0
 10
0.900703
 20
-0.008779
 30
0.0
 11
0.900955
 21
-0.006603
 31
0.0
  0
LINE
  5
1C1A
  8
0
 10
0.900955
 20
-0.006603
 30
0.0
 11
0.901135
 21
-0.004411
 31
0.0
  0
LINE
  5
1C1B
  8
0
 10
0.901135
 20
-0.004411
 30
0.0
 11
0.901243
 21
-0.002208
 31
0.0
  0
LINE
  5
1C1C
  8
0
 10
0.901243
 20
-0.002208
 30
0.0
 11
0.901279
 21
0.0
 31
0.0
  0
LINE
  5
1C1D
  8
0
 10
0.901243
 20
0.002208
 30
0.0
 11
0.901135
 21
0.004411
 31
0.0
  0
LINE
  5
1C1E
  8
0
 10
0.901135
 20
0.004411
 30
0.0
 11
0.900955
 21
0.006603
 31
0.0
  0
LINE
  5
1C1F
  8
0
 10
0.900955
 20
0.006603
 30
0.0
 11
0.900703
 21
0.008779
 31
0.0
  0
LINE
  5
1C20
  8
0
 10
0.90038
 20
-0.010934
 30
0.0
 11
0.900703
 21
-0.008779
 31
0.0
  0
LINE
  5
1C21
  8
0
 10
0.900703
 20
0.008779
 30
0.0
 11
0.90038
 21
0.010934
 31
0.0
  0
LINE
  5
1C22
  8
0
 10
0.8999870000000001
 20
-0.013063
 30
0.0
 11
0.90038
 21
-0.010934
 31
0.0
  0
LINE
  5
1C23
  8
0
 10
0.8983989999999998
 20
-0.01924
 30
0.0
 11
0.8989959999999999
 21
-0.017221
 31
0.0
  0
LINE
  5
1C24
  8
0
 10
0.8989959999999999
 20
-0.017221
 30
0.0
 11
0.899525
 21
-0.01516
 31
0.0
  0
LINE
  5
1C25
  8
0
 10
0.899525
 20
-0.01516
 30
0.0
 11
0.8999870000000001
 21
-0.013063
 31
0.0
  0
LINE
  5
1C26
  8
0
 10
0.90038
 20
0.010934
 30
0.0
 11
0.8999870000000001
 21
0.013063
 31
0.0
  0
LINE
  5
1C27
  8
0
 10
0.8999870000000001
 20
0.013063
 30
0.0
 11
0.899525
 21
0.01516
 31
0.0
  0
LINE
  5
1C28
  8
0
 10
0.899525
 20
0.01516
 30
0.0
 11
0.8989959999999999
 21
0.017221
 31
0.0
  0
LINE
  5
1C29
  8
0
 10
0.8989959999999999
 20
0.017221
 30
0.0
 11
0.8983989999999998
 21
0.01924
 31
0.0
  0
LINE
  5
1C2A
  8
0
 10
0.8983989999999998
 20
0.01924
 30
0.0
 11
0.897737
 21
0.021213
 31
0.0
  0
LINE
  5
1C2B
  8
0
 10
0.892492
 20
0.03182
 30
0.0
 11
0.891426
 21
0.033343
 31
0.0
  0
LINE
  5
1C2C
  8
0
 10
0.891426
 20
0.033343
 30
0.0
 11
0.8903110000000001
 21
0.034786
 31
0.0
  0
LINE
  5
1C2D
  8
0
 10
0.8903110000000001
 20
0.034786
 30
0.0
 11
0.88915
 21
0.036144
 31
0.0
  0
LINE
  5
1C2E
  8
0
 10
0.88915
 20
0.036144
 30
0.0
 11
0.8879469999999999
 21
0.037416
 31
0.0
  0
LINE
  5
1C2F
  8
0
 10
0.8879469999999999
 20
0.037416
 30
0.0
 11
0.886702
 21
0.038598
 31
0.0
  0
LINE
  5
1C30
  8
0
 10
0.886702
 20
0.038598
 30
0.0
 11
0.8854209999999998
 21
0.039686
 31
0.0
  0
LINE
  5
1C31
  8
0
 10
0.8854209999999998
 20
0.039686
 30
0.0
 11
0.8841059999999998
 21
0.040679
 31
0.0
  0
LINE
  5
1C32
  8
0
 10
0.8841059999999998
 20
0.040679
 30
0.0
 11
0.88276
 21
0.041575
 31
0.0
  0
LINE
  5
1C33
  8
0
 10
0.88276
 20
0.041575
 30
0.0
 11
0.881386
 21
0.04237
 31
0.0
  0
LINE
  5
1C34
  8
0
 10
0.881386
 20
0.04237
 30
0.0
 11
0.8799879999999998
 21
0.043062
 31
0.0
  0
LINE
  5
1C35
  8
0
 10
0.8799879999999998
 20
0.043062
 30
0.0
 11
0.878569
 21
0.043652
 31
0.0
  0
LINE
  5
1C36
  8
0
 10
0.878569
 20
0.043652
 30
0.0
 11
0.8771319999999999
 21
0.044135
 31
0.0
  0
LINE
  5
1C37
  8
0
 10
0.8771319999999999
 20
0.044135
 30
0.0
 11
0.8756809999999999
 21
0.044513
 31
0.0
  0
LINE
  5
1C38
  8
0
 10
0.8756809999999999
 20
0.044513
 30
0.0
 11
0.87422
 21
0.044783
 31
0.0
  0
LINE
  5
1C39
  8
0
 10
0.8935079999999999
 20
0.03022
 30
0.0
 11
0.892492
 21
0.03182
 31
0.0
  0
LINE
  5
1C3A
  8
0
 10
0.89447
 20
0.028548
 30
0.0
 11
0.8935079999999999
 21
0.03022
 31
0.0
  0
LINE
  5
1C3B
  8
0
 10
0.897011
 20
0.023135
 30
0.0
 11
0.8962229999999998
 21
0.025001
 31
0.0
  0
LINE
  5
1C3C
  8
0
 10
0.8962229999999998
 20
0.025001
 30
0.0
 11
0.8953749999999999
 21
0.026806
 31
0.0
  0
LINE
  5
1C3D
  8
0
 10
0.8953749999999999
 20
0.026806
 30
0.0
 11
0.89447
 21
0.028548
 31
0.0
  0
LINE
  5
1C3E
  8
0
 10
0.897737
 20
0.021213
 30
0.0
 11
0.897011
 21
0.023135
 31
0.0
  0
LINE
  5
1C3F
  8
0
 10
0.8441600000000001
 20
-0.01924
 30
0.0
 11
0.8448219999999999
 21
-0.021213
 31
0.0
  0
LINE
  5
1C40
  8
0
 10
0.837737
 20
-0.021213
 30
0.0
 11
0.838399
 21
-0.01924
 31
0.0
  0
LINE
  5
1C41
  8
0
 10
0.8142199999999998
 20
-0.044783
 30
0.0
 11
0.815681
 21
-0.044513
 31
0.0
  0
LINE
  5
1C42
  8
0
 10
0.847183
 20
-0.026806
 30
0.0
 11
0.848089
 21
-0.028548
 31
0.0
  0
LINE
  5
1C43
  8
0
 10
0.848089
 20
-0.028548
 30
0.0
 11
0.8490499999999999
 21
-0.03022
 31
0.0
  0
LINE
  5
1C44
  8
0
 10
0.8490499999999999
 20
-0.03022
 30
0.0
 11
0.8500659999999998
 21
-0.03182
 31
0.0
  0
LINE
  5
1C45
  8
0
 10
0.8500659999999998
 20
-0.03182
 30
0.0
 11
0.8511319999999999
 21
-0.033343
 31
0.0
  0
LINE
  5
1C46
  8
0
 10
0.8511319999999999
 20
-0.033343
 30
0.0
 11
0.852247
 21
-0.034786
 31
0.0
  0
LINE
  5
1C47
  8
0
 10
0.852247
 20
-0.034786
 30
0.0
 11
0.8534079999999999
 21
-0.036144
 31
0.0
  0
LINE
  5
1C48
  8
0
 10
0.8534079999999999
 20
-0.036144
 30
0.0
 11
0.854612
 21
-0.037416
 31
0.0
  0
LINE
  5
1C49
  8
0
 10
0.854612
 20
-0.037416
 30
0.0
 11
0.855856
 21
-0.038598
 31
0.0
  0
LINE
  5
1C4A
  8
0
 10
0.855856
 20
-0.038598
 30
0.0
 11
0.8571369999999999
 21
-0.039686
 31
0.0
  0
LINE
  5
1C4B
  8
0
 10
0.8455479999999997
 20
-0.023135
 30
0.0
 11
0.846335
 21
-0.025001
 31
0.0
  0
LINE
  5
1C4C
  8
0
 10
0.8448219999999999
 20
-0.021213
 30
0.0
 11
0.8455479999999997
 21
-0.023135
 31
0.0
  0
LINE
  5
1C4D
  8
0
 10
0.846335
 20
-0.025001
 30
0.0
 11
0.847183
 21
-0.026806
 31
0.0
  0
LINE
  5
1C4E
  8
0
 10
0.8698069999999999
 20
-0.044946
 30
0.0
 11
0.8712790000000001
 21
-0.045
 31
0.0
  0
LINE
  5
1C4F
  8
0
 10
0.8584519999999999
 20
-0.040679
 30
0.0
 11
0.8597989999999999
 21
-0.041575
 31
0.0
  0
LINE
  5
1C50
  8
0
 10
0.8597989999999999
 20
-0.041575
 30
0.0
 11
0.8611729999999997
 21
-0.04237
 31
0.0
  0
LINE
  5
1C51
  8
0
 10
0.8611729999999997
 20
-0.04237
 30
0.0
 11
0.8625709999999998
 21
-0.043062
 31
0.0
  0
LINE
  5
1C52
  8
0
 10
0.8625709999999998
 20
-0.043062
 30
0.0
 11
0.8639899999999999
 21
-0.043651
 31
0.0
  0
LINE
  5
1C53
  8
0
 10
0.8639899999999999
 20
-0.043651
 30
0.0
 11
0.865426
 21
-0.044135
 31
0.0
  0
LINE
  5
1C54
  8
0
 10
0.865426
 20
-0.044135
 30
0.0
 11
0.866877
 21
-0.044513
 31
0.0
  0
LINE
  5
1C55
  8
0
 10
0.866877
 20
-0.044513
 30
0.0
 11
0.8683389999999999
 21
-0.044783
 31
0.0
  0
LINE
  5
1C56
  8
0
 10
0.8683389999999999
 20
-0.044783
 30
0.0
 11
0.8698069999999999
 21
-0.044946
 31
0.0
  0
LINE
  5
1C57
  8
0
 10
0.8571369999999999
 20
-0.039686
 30
0.0
 11
0.8584519999999999
 21
-0.040679
 31
0.0
  0
LINE
  5
1C58
  8
0
 10
0.836223
 20
-0.025001
 30
0.0
 11
0.837011
 21
-0.023135
 31
0.0
  0
LINE
  5
1C59
  8
0
 10
0.8344699999999999
 20
-0.028548
 30
0.0
 11
0.8353749999999998
 21
-0.026806
 31
0.0
  0
LINE
  5
1C5A
  8
0
 10
0.825421
 20
-0.039686
 30
0.0
 11
0.826702
 21
-0.038598
 31
0.0
  0
LINE
  5
1C5B
  8
0
 10
0.826702
 20
-0.038598
 30
0.0
 11
0.8279469999999998
 21
-0.037416
 31
0.0
  0
LINE
  5
1C5C
  8
0
 10
0.8279469999999998
 20
-0.037416
 30
0.0
 11
0.82915
 21
-0.036144
 31
0.0
  0
LINE
  5
1C5D
  8
0
 10
0.82915
 20
-0.036144
 30
0.0
 11
0.830311
 21
-0.034786
 31
0.0
  0
LINE
  5
1C5E
  8
0
 10
0.830311
 20
-0.034786
 30
0.0
 11
0.831426
 21
-0.033343
 31
0.0
  0
LINE
  5
1C5F
  8
0
 10
0.831426
 20
-0.033343
 30
0.0
 11
0.832492
 21
-0.03182
 31
0.0
  0
LINE
  5
1C60
  8
0
 10
0.832492
 20
-0.03182
 30
0.0
 11
0.8335079999999999
 21
-0.03022
 31
0.0
  0
LINE
  5
1C61
  8
0
 10
0.8335079999999999
 20
-0.03022
 30
0.0
 11
0.8344699999999999
 21
-0.028548
 31
0.0
  0
LINE
  5
1C62
  8
0
 10
0.8353749999999998
 20
-0.026806
 30
0.0
 11
0.836223
 21
-0.025001
 31
0.0
  0
LINE
  5
1C63
  8
0
 10
0.837011
 20
-0.023135
 30
0.0
 11
0.837737
 21
-0.021213
 31
0.0
  0
LINE
  5
1C64
  8
0
 10
0.815681
 20
-0.044513
 30
0.0
 11
0.8171319999999997
 21
-0.044135
 31
0.0
  0
LINE
  5
1C65
  8
0
 10
0.8171319999999997
 20
-0.044135
 30
0.0
 11
0.8185689999999999
 21
-0.043651
 31
0.0
  0
LINE
  5
1C66
  8
0
 10
0.8185689999999999
 20
-0.043651
 30
0.0
 11
0.819988
 21
-0.043062
 31
0.0
  0
LINE
  5
1C67
  8
0
 10
0.819988
 20
-0.043062
 30
0.0
 11
0.821386
 21
-0.04237
 31
0.0
  0
LINE
  5
1C68
  8
0
 10
0.821386
 20
-0.04237
 30
0.0
 11
0.82276
 21
-0.041575
 31
0.0
  0
LINE
  5
1C69
  8
0
 10
0.82276
 20
-0.041575
 30
0.0
 11
0.8241059999999999
 21
-0.040679
 31
0.0
  0
LINE
  5
1C6A
  8
0
 10
0.8241059999999999
 20
-0.040679
 30
0.0
 11
0.825421
 21
-0.039686
 31
0.0
  0
LINE
  5
1C6B
  8
0
 10
0.815681
 20
0.044513
 30
0.0
 11
0.8142199999999998
 21
0.044783
 31
0.0
  0
LINE
  5
1C6C
  8
0
 10
0.8611729999999997
 20
0.04237
 30
0.0
 11
0.8597989999999999
 21
0.041575
 31
0.0
  0
LINE
  5
1C6D
  8
0
 10
0.8597989999999999
 20
0.041575
 30
0.0
 11
0.8584519999999999
 21
0.040679
 31
0.0
  0
LINE
  5
1C6E
  8
0
 10
0.8584519999999999
 20
0.040679
 30
0.0
 11
0.8571369999999999
 21
0.039686
 31
0.0
  0
LINE
  5
1C6F
  8
0
 10
0.8571369999999999
 20
0.039686
 30
0.0
 11
0.855856
 21
0.038598
 31
0.0
  0
LINE
  5
1C70
  8
0
 10
0.855856
 20
0.038598
 30
0.0
 11
0.854612
 21
0.037416
 31
0.0
  0
LINE
  5
1C71
  8
0
 10
0.854612
 20
0.037416
 30
0.0
 11
0.8534079999999999
 21
0.036144
 31
0.0
  0
LINE
  5
1C72
  8
0
 10
0.8534079999999999
 20
0.036144
 30
0.0
 11
0.852247
 21
0.034786
 31
0.0
  0
LINE
  5
1C73
  8
0
 10
0.852247
 20
0.034786
 30
0.0
 11
0.8511319999999999
 21
0.033343
 31
0.0
  0
LINE
  5
1C74
  8
0
 10
0.8511319999999999
 20
0.033343
 30
0.0
 11
0.8500659999999998
 21
0.03182
 31
0.0
  0
LINE
  5
1C75
  8
0
 10
0.8500659999999998
 20
0.03182
 30
0.0
 11
0.8490499999999999
 21
0.03022
 31
0.0
  0
LINE
  5
1C76
  8
0
 10
0.8698069999999999
 20
0.044946
 30
0.0
 11
0.8683389999999999
 21
0.044783
 31
0.0
  0
LINE
  5
1C77
  8
0
 10
0.846335
 20
0.025001
 30
0.0
 11
0.8455479999999997
 21
0.023135
 31
0.0
  0
LINE
  5
1C78
  8
0
 10
0.8455479999999997
 20
0.023135
 30
0.0
 11
0.8448219999999999
 21
0.021213
 31
0.0
  0
LINE
  5
1C79
  8
0
 10
0.8448219999999999
 20
0.021213
 30
0.0
 11
0.8441600000000001
 21
0.01924
 31
0.0
  0
LINE
  5
1C7A
  8
0
 10
0.8441600000000001
 20
0.01924
 30
0.0
 11
0.843563
 21
0.017221
 31
0.0
  0
LINE
  5
1C7B
  8
0
 10
0.843563
 20
0.017221
 30
0.0
 11
0.8430329999999999
 21
0.01516
 31
0.0
  0
LINE
  5
1C7C
  8
0
 10
0.8430329999999999
 20
0.01516
 30
0.0
 11
0.8425709999999998
 21
0.013063
 31
0.0
  0
LINE
  5
1C7D
  8
0
 10
0.8425709999999998
 20
0.013063
 30
0.0
 11
0.8421780000000001
 21
0.010934
 31
0.0
  0
LINE
  5
1C7E
  8
0
 10
0.8421780000000001
 20
0.010934
 30
0.0
 11
0.8418559999999999
 21
0.008779
 31
0.0
  0
LINE
  5
1C7F
  8
0
 10
0.8418559999999999
 20
0.008779
 30
0.0
 11
0.841604
 21
0.006603
 31
0.0
  0
LINE
  5
1C80
  8
0
 10
0.841604
 20
0.006603
 30
0.0
 11
0.841424
 21
0.004411
 31
0.0
  0
LINE
  5
1C81
  8
0
 10
0.841424
 20
0.004411
 30
0.0
 11
0.8413149999999999
 21
0.002208
 31
0.0
  0
LINE
  5
1C82
  8
0
 10
0.841243
 20
0.002208
 30
0.0
 11
0.841135
 21
0.004411
 31
0.0
  0
LINE
  5
1C83
  8
0
 10
0.841135
 20
0.004411
 30
0.0
 11
0.8409549999999999
 21
0.006603
 31
0.0
  0
LINE
  5
1C84
  8
0
 10
0.8409549999999999
 20
0.006603
 30
0.0
 11
0.840703
 21
0.008779
 31
0.0
  0
LINE
  5
1C85
  8
0
 10
0.840703
 20
0.008779
 30
0.0
 11
0.8403799999999998
 21
0.010934
 31
0.0
  0
LINE
  5
1C86
  8
0
 10
0.8403799999999998
 20
0.010934
 30
0.0
 11
0.8399869999999999
 21
0.013063
 31
0.0
  0
LINE
  5
1C87
  8
0
 10
0.8399869999999999
 20
0.013063
 30
0.0
 11
0.8395249999999999
 21
0.01516
 31
0.0
  0
LINE
  5
1C88
  8
0
 10
0.8395249999999999
 20
0.01516
 30
0.0
 11
0.838996
 21
0.017221
 31
0.0
  0
LINE
  5
1C89
  8
0
 10
0.847183
 20
0.026806
 30
0.0
 11
0.846335
 21
0.025001
 31
0.0
  0
LINE
  5
1C8A
  8
0
 10
0.8413149999999999
 20
0.002208
 30
0.0
 11
0.8412790000000001
 21
0.0
 31
0.0
  0
LINE
  5
1C8B
  8
0
 10
0.8412790000000001
 20
0.0
 30
0.0
 11
0.841243
 21
0.002208
 31
0.0
  0
LINE
  5
1C8C
  8
0
 10
0.8421780000000001
 20
-0.010934
 30
0.0
 11
0.8425709999999998
 21
-0.013063
 31
0.0
  0
LINE
  5
1C8D
  8
0
 10
0.8399869999999999
 20
-0.013063
 30
0.0
 11
0.8403799999999998
 21
-0.010934
 31
0.0
  0
LINE
  5
1C8E
  8
0
 10
0.8425709999999998
 20
-0.013063
 30
0.0
 11
0.8430329999999999
 21
-0.01516
 31
0.0
  0
LINE
  5
1C8F
  8
0
 10
0.8430329999999999
 20
-0.01516
 30
0.0
 11
0.843563
 21
-0.017221
 31
0.0
  0
LINE
  5
1C90
  8
0
 10
0.843563
 20
-0.017221
 30
0.0
 11
0.8441600000000001
 21
-0.01924
 31
0.0
  0
LINE
  5
1C91
  8
0
 10
0.838996
 20
-0.017221
 30
0.0
 11
0.8395249999999999
 21
-0.01516
 31
0.0
  0
LINE
  5
1C92
  8
0
 10
0.8395249999999999
 20
-0.01516
 30
0.0
 11
0.8399869999999999
 21
-0.013063
 31
0.0
  0
LINE
  5
1C93
  8
0
 10
0.8412790000000001
 20
0.0
 30
0.0
 11
0.8413149999999999
 21
-0.002208
 31
0.0
  0
LINE
  5
1C94
  8
0
 10
0.8413149999999999
 20
-0.002208
 30
0.0
 11
0.841424
 21
-0.004411
 31
0.0
  0
LINE
  5
1C95
  8
0
 10
0.841424
 20
-0.004411
 30
0.0
 11
0.841604
 21
-0.006603
 31
0.0
  0
LINE
  5
1C96
  8
0
 10
0.841604
 20
-0.006603
 30
0.0
 11
0.8418559999999999
 21
-0.008779
 31
0.0
  0
LINE
  5
1C97
  8
0
 10
0.8418559999999999
 20
-0.008779
 30
0.0
 11
0.8421780000000001
 21
-0.010934
 31
0.0
  0
LINE
  5
1C98
  8
0
 10
0.8403799999999998
 20
-0.010934
 30
0.0
 11
0.840703
 21
-0.008779
 31
0.0
  0
LINE
  5
1C99
  8
0
 10
0.840703
 20
-0.008779
 30
0.0
 11
0.8409549999999999
 21
-0.006603
 31
0.0
  0
LINE
  5
1C9A
  8
0
 10
0.8409549999999999
 20
-0.006603
 30
0.0
 11
0.841135
 21
-0.004411
 31
0.0
  0
LINE
  5
1C9B
  8
0
 10
0.841135
 20
-0.004411
 30
0.0
 11
0.841243
 21
-0.002208
 31
0.0
  0
LINE
  5
1C9C
  8
0
 10
0.841243
 20
-0.002208
 30
0.0
 11
0.8412790000000001
 21
0.0
 31
0.0
  0
LINE
  5
1C9D
  8
0
 10
0.8490499999999999
 20
0.03022
 30
0.0
 11
0.848089
 21
0.028548
 31
0.0
  0
LINE
  5
1C9E
  8
0
 10
0.8712790000000001
 20
0.045
 30
0.0
 11
0.8698069999999999
 21
0.044946
 31
0.0
  0
LINE
  5
1C9F
  8
0
 10
0.8683389999999999
 20
0.044783
 30
0.0
 11
0.866877
 21
0.044513
 31
0.0
  0
LINE
  5
1CA0
  8
0
 10
0.866877
 20
0.044513
 30
0.0
 11
0.865426
 21
0.044135
 31
0.0
  0
LINE
  5
1CA1
  8
0
 10
0.865426
 20
0.044135
 30
0.0
 11
0.8639899999999999
 21
0.043652
 31
0.0
  0
LINE
  5
1CA2
  8
0
 10
0.8639899999999999
 20
0.043652
 30
0.0
 11
0.8625709999999998
 21
0.043062
 31
0.0
  0
LINE
  5
1CA3
  8
0
 10
0.8625709999999998
 20
0.043062
 30
0.0
 11
0.8611729999999997
 21
0.04237
 31
0.0
  0
LINE
  5
1CA4
  8
0
 10
0.8344699999999999
 20
0.028548
 30
0.0
 11
0.8335079999999999
 21
0.03022
 31
0.0
  0
LINE
  5
1CA5
  8
0
 10
0.8353749999999998
 20
0.026806
 30
0.0
 11
0.8344699999999999
 21
0.028548
 31
0.0
  0
LINE
  5
1CA6
  8
0
 10
0.838399
 20
0.01924
 30
0.0
 11
0.837737
 21
0.021213
 31
0.0
  0
LINE
  5
1CA7
  8
0
 10
0.837737
 20
0.021213
 30
0.0
 11
0.837011
 21
0.023135
 31
0.0
  0
LINE
  5
1CA8
  8
0
 10
0.837011
 20
0.023135
 30
0.0
 11
0.836223
 21
0.025001
 31
0.0
  0
LINE
  5
1CA9
  8
0
 10
0.836223
 20
0.025001
 30
0.0
 11
0.8353749999999998
 21
0.026806
 31
0.0
  0
LINE
  5
1CAA
  8
0
 10
0.8335079999999999
 20
0.03022
 30
0.0
 11
0.832492
 21
0.03182
 31
0.0
  0
LINE
  5
1CAB
  8
0
 10
0.832492
 20
0.03182
 30
0.0
 11
0.831426
 21
0.033343
 31
0.0
  0
LINE
  5
1CAC
  8
0
 10
0.831426
 20
0.033343
 30
0.0
 11
0.830311
 21
0.034786
 31
0.0
  0
LINE
  5
1CAD
  8
0
 10
0.830311
 20
0.034786
 30
0.0
 11
0.82915
 21
0.036144
 31
0.0
  0
LINE
  5
1CAE
  8
0
 10
0.82915
 20
0.036144
 30
0.0
 11
0.8279469999999998
 21
0.037416
 31
0.0
  0
LINE
  5
1CAF
  8
0
 10
0.8279469999999998
 20
0.037416
 30
0.0
 11
0.826702
 21
0.038598
 31
0.0
  0
LINE
  5
1CB0
  8
0
 10
0.826702
 20
0.038598
 30
0.0
 11
0.825421
 21
0.039686
 31
0.0
  0
LINE
  5
1CB1
  8
0
 10
0.825421
 20
0.039686
 30
0.0
 11
0.8241059999999999
 21
0.040679
 31
0.0
  0
LINE
  5
1CB2
  8
0
 10
0.8241059999999999
 20
0.040679
 30
0.0
 11
0.82276
 21
0.041575
 31
0.0
  0
LINE
  5
1CB3
  8
0
 10
0.82276
 20
0.041575
 30
0.0
 11
0.821386
 21
0.04237
 31
0.0
  0
LINE
  5
1CB4
  8
0
 10
0.821386
 20
0.04237
 30
0.0
 11
0.819988
 21
0.043062
 31
0.0
  0
LINE
  5
1CB5
  8
0
 10
0.819988
 20
0.043062
 30
0.0
 11
0.8185689999999999
 21
0.043652
 31
0.0
  0
LINE
  5
1CB6
  8
0
 10
0.8185689999999999
 20
0.043652
 30
0.0
 11
0.8171319999999997
 21
0.044135
 31
0.0
  0
LINE
  5
1CB7
  8
0
 10
0.8171319999999997
 20
0.044135
 30
0.0
 11
0.815681
 21
0.044513
 31
0.0
  0
LINE
  5
1CB8
  8
0
 10
0.838996
 20
0.017221
 30
0.0
 11
0.838399
 21
0.01924
 31
0.0
  0
LINE
  5
1CB9
  8
0
 10
0.838399
 20
-0.01924
 30
0.0
 11
0.838996
 21
-0.017221
 31
0.0
  0
LINE
  5
1CBA
  8
0
 10
0.811279
 20
-0.045
 30
0.0
 11
0.812751
 21
-0.044946
 31
0.0
  0
LINE
  5
1CBB
  8
0
 10
0.790066
 20
-0.03182
 30
0.0
 11
0.791132
 21
-0.033343
 31
0.0
  0
LINE
  5
1CBC
  8
0
 10
0.791132
 20
-0.033343
 30
0.0
 11
0.7922470000000001
 21
-0.034786
 31
0.0
  0
LINE
  5
1CBD
  8
0
 10
0.7922470000000001
 20
-0.034786
 30
0.0
 11
0.793408
 21
-0.036144
 31
0.0
  0
LINE
  5
1CBE
  8
0
 10
0.793408
 20
-0.036144
 30
0.0
 11
0.794612
 21
-0.037416
 31
0.0
  0
LINE
  5
1CBF
  8
0
 10
0.794612
 20
-0.037416
 30
0.0
 11
0.7958560000000002
 21
-0.038598
 31
0.0
  0
LINE
  5
1CC0
  8
0
 10
0.7958560000000002
 20
-0.038598
 30
0.0
 11
0.7971370000000002
 21
-0.039686
 31
0.0
  0
LINE
  5
1CC1
  8
0
 10
0.798452
 20
-0.040679
 30
0.0
 11
0.799799
 21
-0.041575
 31
0.0
  0
LINE
  5
1CC2
  8
0
 10
0.801173
 20
-0.04237
 30
0.0
 11
0.802571
 21
-0.043062
 31
0.0
  0
LINE
  5
1CC3
  8
0
 10
0.799799
 20
-0.041575
 30
0.0
 11
0.801173
 21
-0.04237
 31
0.0
  0
LINE
  5
1CC4
  8
0
 10
0.802571
 20
-0.043062
 30
0.0
 11
0.8039899999999999
 21
-0.043651
 31
0.0
  0
LINE
  5
1CC5
  8
0
 10
0.8039899999999999
 20
-0.043651
 30
0.0
 11
0.8054259999999999
 21
-0.044135
 31
0.0
  0
LINE
  5
1CC6
  8
0
 10
0.8054259999999999
 20
-0.044135
 30
0.0
 11
0.806877
 21
-0.044513
 31
0.0
  0
LINE
  5
1CC7
  8
0
 10
0.806877
 20
-0.044513
 30
0.0
 11
0.8083389999999999
 21
-0.044783
 31
0.0
  0
LINE
  5
1CC8
  8
0
 10
0.8083389999999999
 20
-0.044783
 30
0.0
 11
0.8098069999999999
 21
-0.044946
 31
0.0
  0
LINE
  5
1CC9
  8
0
 10
0.8098069999999999
 20
-0.044946
 30
0.0
 11
0.811279
 21
-0.045
 31
0.0
  0
LINE
  5
1CCA
  8
0
 10
0.7971370000000002
 20
-0.039686
 30
0.0
 11
0.798452
 21
-0.040679
 31
0.0
  0
LINE
  5
1CCB
  8
0
 10
0.812751
 20
0.044946
 30
0.0
 11
0.811279
 21
0.045
 31
0.0
  0
LINE
  5
1CCC
  8
0
 10
0.799799
 20
0.041575
 30
0.0
 11
0.798452
 21
0.040679
 31
0.0
  0
LINE
  5
1CCD
  8
0
 10
0.798452
 20
0.040679
 30
0.0
 11
0.7971370000000002
 21
0.039686
 31
0.0
  0
LINE
  5
1CCE
  8
0
 10
0.7971370000000002
 20
0.039686
 30
0.0
 11
0.7958560000000002
 21
0.038598
 31
0.0
  0
LINE
  5
1CCF
  8
0
 10
0.7958560000000002
 20
0.038598
 30
0.0
 11
0.794612
 21
0.037416
 31
0.0
  0
LINE
  5
1CD0
  8
0
 10
0.794612
 20
0.037416
 30
0.0
 11
0.793408
 21
0.036144
 31
0.0
  0
LINE
  5
1CD1
  8
0
 10
0.793408
 20
0.036144
 30
0.0
 11
0.7922470000000001
 21
0.034786
 31
0.0
  0
LINE
  5
1CD2
  8
0
 10
0.7922470000000001
 20
0.034786
 30
0.0
 11
0.791132
 21
0.033343
 31
0.0
  0
LINE
  5
1CD3
  8
0
 10
0.791132
 20
0.033343
 30
0.0
 11
0.790066
 21
0.03182
 31
0.0
  0
LINE
  5
1CD4
  8
0
 10
0.802571
 20
0.043062
 30
0.0
 11
0.801173
 21
0.04237
 31
0.0
  0
LINE
  5
1CD5
  8
0
 10
0.801173
 20
0.04237
 30
0.0
 11
0.799799
 21
0.041575
 31
0.0
  0
LINE
  5
1CD6
  8
0
 10
0.811279
 20
0.045
 30
0.0
 11
0.8098069999999999
 21
0.044946
 31
0.0
  0
LINE
  5
1CD7
  8
0
 10
0.8098069999999999
 20
0.044946
 30
0.0
 11
0.8083389999999999
 21
0.044783
 31
0.0
  0
LINE
  5
1CD8
  8
0
 10
0.8083389999999999
 20
0.044783
 30
0.0
 11
0.806877
 21
0.044513
 31
0.0
  0
LINE
  5
1CD9
  8
0
 10
0.806877
 20
0.044513
 30
0.0
 11
0.8054259999999999
 21
0.044135
 31
0.0
  0
LINE
  5
1CDA
  8
0
 10
0.8054259999999999
 20
0.044135
 30
0.0
 11
0.8039899999999999
 21
0.043652
 31
0.0
  0
LINE
  5
1CDB
  8
0
 10
0.8039899999999999
 20
0.043652
 30
0.0
 11
0.802571
 21
0.043062
 31
0.0
  0
LINE
  5
1CDC
  8
0
 10
0.812751
 20
-0.044946
 30
0.0
 11
0.8142199999999998
 21
-0.044783
 31
0.0
  0
LINE
  5
1CDD
  8
0
 10
0.8142199999999998
 20
0.044783
 30
0.0
 11
0.812751
 21
0.044946
 31
0.0
  0
LINE
  5
1CDE
  8
0
 10
0.8712790000000001
 20
0.045
 30
0.0
 11
0.901279
 21
0.045
 31
0.0
  0
LINE
  5
1CDF
  8
0
 10
0.901279
 20
-0.045
 30
0.0
 11
0.8712790000000001
 21
-0.045
 31
0.0
  0
LINE
  5
1CE0
  8
0
 10
0.8712790000000001
 20
-0.045
 30
0.0
 11
0.872751
 21
-0.044946
 31
0.0
  0
LINE
  5
1CE1
  8
0
 10
0.872751
 20
0.044946
 30
0.0
 11
0.8712790000000001
 21
0.045
 31
0.0
  0
LINE
  5
1CE2
  8
0
 10
0.848089
 20
0.028548
 30
0.0
 11
0.8395249999999999
 21
0.01516
 31
0.0
  0
LINE
  5
1CE3
  8
0
 10
0.7890500000000003
 20
-0.03022
 30
0.0
 11
0.790066
 21
-0.03182
 31
0.0
  0
LINE
  5
1CE4
  8
0
 10
0.790066
 20
0.03182
 30
0.0
 11
0.7890500000000003
 21
0.03022
 31
0.0
  0
LINE
  5
1CE5
  8
0
 10
0.7841600000000001
 20
-0.01924
 30
0.0
 11
0.7848220000000004
 21
-0.021213
 31
0.0
  0
LINE
  5
1CE6
  8
0
 10
0.7777370000000003
 20
-0.021213
 30
0.0
 11
0.778399
 21
-0.01924
 31
0.0
  0
LINE
  5
1CE7
  8
0
 10
0.785548
 20
-0.023135
 30
0.0
 11
0.7863350000000005
 21
-0.025001
 31
0.0
  0
LINE
  5
1CE8
  8
0
 10
0.7863350000000005
 20
-0.025001
 30
0.0
 11
0.787183
 21
-0.026806
 31
0.0
  0
LINE
  5
1CE9
  8
0
 10
0.787183
 20
-0.026806
 30
0.0
 11
0.7880890000000002
 21
-0.028548
 31
0.0
  0
LINE
  5
1CEA
  8
0
 10
0.7880890000000002
 20
-0.028548
 30
0.0
 11
0.7890500000000003
 21
-0.03022
 31
0.0
  0
LINE
  5
1CEB
  8
0
 10
0.7848220000000004
 20
-0.021213
 30
0.0
 11
0.785548
 21
-0.023135
 31
0.0
  0
LINE
  5
1CEC
  8
0
 10
0.776223
 20
-0.025001
 30
0.0
 11
0.777011
 21
-0.023135
 31
0.0
  0
LINE
  5
1CED
  8
0
 10
0.76915
 20
-0.036144
 30
0.0
 11
0.770311
 21
-0.034786
 31
0.0
  0
LINE
  5
1CEE
  8
0
 10
0.770311
 20
-0.034786
 30
0.0
 11
0.7714260000000001
 21
-0.033343
 31
0.0
  0
LINE
  5
1CEF
  8
0
 10
0.7714260000000001
 20
-0.033343
 30
0.0
 11
0.772492
 21
-0.03182
 31
0.0
  0
LINE
  5
1CF0
  8
0
 10
0.772492
 20
-0.03182
 30
0.0
 11
0.773508
 21
-0.03022
 31
0.0
  0
LINE
  5
1CF1
  8
0
 10
0.773508
 20
-0.03022
 30
0.0
 11
0.774469
 21
-0.028548
 31
0.0
  0
LINE
  5
1CF2
  8
0
 10
0.774469
 20
-0.028548
 30
0.0
 11
0.7753750000000001
 21
-0.026806
 31
0.0
  0
LINE
  5
1CF3
  8
0
 10
0.7753750000000001
 20
-0.026806
 30
0.0
 11
0.776223
 21
-0.025001
 31
0.0
  0
LINE
  5
1CF4
  8
0
 10
0.777011
 20
-0.023135
 30
0.0
 11
0.7777370000000003
 21
-0.021213
 31
0.0
  0
LINE
  5
1CF5
  8
0
 10
0.7799870000000002
 20
-0.013063
 30
0.0
 11
0.7803800000000001
 21
-0.010934
 31
0.0
  0
LINE
  5
1CF6
  8
0
 10
0.7803800000000001
 20
0.010934
 30
0.0
 11
0.7799870000000002
 21
0.013063
 31
0.0
  0
LINE
  5
1CF7
  8
0
 10
0.781279
 20
0.0
 30
0.0
 11
0.781243
 21
0.002208
 31
0.0
  0
LINE
  5
1CF8
  8
0
 10
0.7813150000000002
 20
0.002208
 30
0.0
 11
0.781279
 21
0.0
 31
0.0
  0
LINE
  5
1CF9
  8
0
 10
0.782178
 20
-0.010934
 30
0.0
 11
0.782571
 21
-0.013063
 31
0.0
  0
LINE
  5
1CFA
  8
0
 10
0.782571
 20
-0.013063
 30
0.0
 11
0.783033
 21
-0.01516
 31
0.0
  0
LINE
  5
1CFB
  8
0
 10
0.783033
 20
-0.01516
 30
0.0
 11
0.783563
 21
-0.017221
 31
0.0
  0
LINE
  5
1CFC
  8
0
 10
0.783563
 20
-0.017221
 30
0.0
 11
0.7841600000000001
 21
-0.01924
 31
0.0
  0
LINE
  5
1CFD
  8
0
 10
0.7803800000000001
 20
-0.010934
 30
0.0
 11
0.780703
 21
-0.008779
 31
0.0
  0
LINE
  5
1CFE
  8
0
 10
0.780703
 20
-0.008779
 30
0.0
 11
0.7809540000000001
 21
-0.006603
 31
0.0
  0
LINE
  5
1CFF
  8
0
 10
0.7809540000000001
 20
-0.006603
 30
0.0
 11
0.781135
 21
-0.004411
 31
0.0
  0
LINE
  5
1D00
  8
0
 10
0.781135
 20
-0.004411
 30
0.0
 11
0.781243
 21
-0.002208
 31
0.0
  0
LINE
  5
1D01
  8
0
 10
0.781243
 20
-0.002208
 30
0.0
 11
0.781279
 21
0.0
 31
0.0
  0
LINE
  5
1D02
  8
0
 10
0.781279
 20
0.0
 30
0.0
 11
0.7813150000000002
 21
-0.002208
 31
0.0
  0
LINE
  5
1D03
  8
0
 10
0.7813150000000002
 20
-0.002208
 30
0.0
 11
0.781424
 21
-0.004411
 31
0.0
  0
LINE
  5
1D04
  8
0
 10
0.781424
 20
-0.004411
 30
0.0
 11
0.781604
 21
-0.006603
 31
0.0
  0
LINE
  5
1D05
  8
0
 10
0.781604
 20
-0.006603
 30
0.0
 11
0.781856
 21
-0.008779
 31
0.0
  0
LINE
  5
1D06
  8
0
 10
0.781856
 20
-0.008779
 30
0.0
 11
0.782178
 21
-0.010934
 31
0.0
  0
LINE
  5
1D07
  8
0
 10
0.7890500000000003
 20
0.03022
 30
0.0
 11
0.7880890000000002
 21
0.028548
 31
0.0
  0
LINE
  5
1D08
  8
0
 10
0.781243
 20
0.002208
 30
0.0
 11
0.781135
 21
0.004411
 31
0.0
  0
LINE
  5
1D09
  8
0
 10
0.781135
 20
0.004411
 30
0.0
 11
0.7809540000000001
 21
0.006603
 31
0.0
  0
LINE
  5
1D0A
  8
0
 10
0.7809540000000001
 20
0.006603
 30
0.0
 11
0.780703
 21
0.008779
 31
0.0
  0
LINE
  5
1D0B
  8
0
 10
0.780703
 20
0.008779
 30
0.0
 11
0.7803800000000001
 21
0.010934
 31
0.0
  0
LINE
  5
1D0C
  8
0
 10
0.7880890000000002
 20
0.028548
 30
0.0
 11
0.787183
 21
0.026806
 31
0.0
  0
LINE
  5
1D0D
  8
0
 10
0.787183
 20
0.026806
 30
0.0
 11
0.7863350000000005
 21
0.025001
 31
0.0
  0
LINE
  5
1D0E
  8
0
 10
0.7863350000000005
 20
0.025001
 30
0.0
 11
0.785548
 21
0.023135
 31
0.0
  0
LINE
  5
1D0F
  8
0
 10
0.785548
 20
0.023135
 30
0.0
 11
0.7848220000000004
 21
0.021213
 31
0.0
  0
LINE
  5
1D10
  8
0
 10
0.7848220000000004
 20
0.021213
 30
0.0
 11
0.7841600000000001
 21
0.01924
 31
0.0
  0
LINE
  5
1D11
  8
0
 10
0.7841600000000001
 20
0.01924
 30
0.0
 11
0.783563
 21
0.017221
 31
0.0
  0
LINE
  5
1D12
  8
0
 10
0.783563
 20
0.017221
 30
0.0
 11
0.783033
 21
0.01516
 31
0.0
  0
LINE
  5
1D13
  8
0
 10
0.783033
 20
0.01516
 30
0.0
 11
0.782571
 21
0.013063
 31
0.0
  0
LINE
  5
1D14
  8
0
 10
0.782571
 20
0.013063
 30
0.0
 11
0.782178
 21
0.010934
 31
0.0
  0
LINE
  5
1D15
  8
0
 10
0.782178
 20
0.010934
 30
0.0
 11
0.781856
 21
0.008779
 31
0.0
  0
LINE
  5
1D16
  8
0
 10
0.781856
 20
0.008779
 30
0.0
 11
0.781604
 21
0.006603
 31
0.0
  0
LINE
  5
1D17
  8
0
 10
0.781604
 20
0.006603
 30
0.0
 11
0.781424
 21
0.004411
 31
0.0
  0
LINE
  5
1D18
  8
0
 10
0.781424
 20
0.004411
 30
0.0
 11
0.7813150000000002
 21
0.002208
 31
0.0
  0
LINE
  5
1D19
  8
0
 10
0.778399
 20
-0.01924
 30
0.0
 11
0.7789960000000004
 21
-0.017221
 31
0.0
  0
LINE
  5
1D1A
  8
0
 10
0.7789960000000004
 20
-0.017221
 30
0.0
 11
0.7795250000000002
 21
-0.01516
 31
0.0
  0
LINE
  5
1D1B
  8
0
 10
0.7795250000000002
 20
-0.01516
 30
0.0
 11
0.7799870000000002
 21
-0.013063
 31
0.0
  0
LINE
  5
1D1C
  8
0
 10
0.774469
 20
0.028548
 30
0.0
 11
0.773508
 21
0.03022
 31
0.0
  0
LINE
  5
1D1D
  8
0
 10
0.7799870000000002
 20
0.013063
 30
0.0
 11
0.7795250000000002
 21
0.01516
 31
0.0
  0
LINE
  5
1D1E
  8
0
 10
0.7795250000000002
 20
0.01516
 30
0.0
 11
0.7789960000000004
 21
0.017221
 31
0.0
  0
LINE
  5
1D1F
  8
0
 10
0.7789960000000004
 20
0.017221
 30
0.0
 11
0.778399
 21
0.01924
 31
0.0
  0
LINE
  5
1D20
  8
0
 10
0.778399
 20
0.01924
 30
0.0
 11
0.7777370000000003
 21
0.021213
 31
0.0
  0
LINE
  5
1D21
  8
0
 10
0.7777370000000003
 20
0.021213
 30
0.0
 11
0.777011
 21
0.023135
 31
0.0
  0
LINE
  5
1D22
  8
0
 10
0.777011
 20
0.023135
 30
0.0
 11
0.776223
 21
0.025001
 31
0.0
  0
LINE
  5
1D23
  8
0
 10
0.776223
 20
0.025001
 30
0.0
 11
0.7753750000000001
 21
0.026806
 31
0.0
  0
LINE
  5
1D24
  8
0
 10
0.7753750000000001
 20
0.026806
 30
0.0
 11
0.774469
 21
0.028548
 31
0.0
  0
LINE
  5
1D25
  8
0
 10
0.773508
 20
0.03022
 30
0.0
 11
0.772492
 21
0.03182
 31
0.0
  0
LINE
  5
1D26
  8
0
 10
0.772492
 20
0.03182
 30
0.0
 11
0.7714260000000001
 21
0.033343
 31
0.0
  0
LINE
  5
1D27
  8
0
 10
0.7714260000000001
 20
0.033343
 30
0.0
 11
0.770311
 21
0.034786
 31
0.0
  0
LINE
  5
1D28
  8
0
 10
0.770311
 20
0.034786
 30
0.0
 11
0.76915
 21
0.036144
 31
0.0
  0
LINE
  5
1D29
  8
0
 10
0.7358560000000001
 20
-0.038598
 30
0.0
 11
0.7371370000000002
 21
-0.039686
 31
0.0
  0
LINE
  5
1D2A
  8
0
 10
0.7384520000000001
 20
-0.040679
 30
0.0
 11
0.739799
 21
-0.041575
 31
0.0
  0
LINE
  5
1D2B
  8
0
 10
0.739799
 20
-0.041575
 30
0.0
 11
0.741172
 21
-0.04237
 31
0.0
  0
LINE
  5
1D2C
  8
0
 10
0.741172
 20
-0.04237
 30
0.0
 11
0.742571
 21
-0.043062
 31
0.0
  0
LINE
  5
1D2D
  8
0
 10
0.742571
 20
-0.043062
 30
0.0
 11
0.74399
 21
-0.043651
 31
0.0
  0
LINE
  5
1D2E
  8
0
 10
0.74399
 20
-0.043651
 30
0.0
 11
0.7454260000000003
 21
-0.044135
 31
0.0
  0
LINE
  5
1D2F
  8
0
 10
0.7454260000000003
 20
-0.044135
 30
0.0
 11
0.7468770000000001
 21
-0.044513
 31
0.0
  0
LINE
  5
1D30
  8
0
 10
0.7468770000000001
 20
-0.044513
 30
0.0
 11
0.7483390000000001
 21
-0.044783
 31
0.0
  0
LINE
  5
1D31
  8
0
 10
0.7483390000000001
 20
-0.044783
 30
0.0
 11
0.7498070000000002
 21
-0.044946
 31
0.0
  0
LINE
  5
1D32
  8
0
 10
0.7498070000000002
 20
-0.044946
 30
0.0
 11
0.7512790000000003
 21
-0.045
 31
0.0
  0
LINE
  5
1D33
  8
0
 10
0.7512790000000003
 20
-0.045
 30
0.0
 11
0.7527510000000001
 21
-0.044946
 31
0.0
  0
LINE
  5
1D34
  8
0
 10
0.7527510000000001
 20
-0.044946
 30
0.0
 11
0.7542200000000002
 21
-0.044783
 31
0.0
  0
LINE
  5
1D35
  8
0
 10
0.7371370000000002
 20
-0.039686
 30
0.0
 11
0.7384520000000001
 21
-0.040679
 31
0.0
  0
LINE
  5
1D36
  8
0
 10
0.716223
 20
-0.025001
 30
0.0
 11
0.717011
 21
-0.023135
 31
0.0
  0
LINE
  5
1D37
  8
0
 10
0.711426
 20
-0.033343
 30
0.0
 11
0.7124920000000003
 21
-0.03182
 31
0.0
  0
LINE
  5
1D38
  8
0
 10
0.705421
 20
-0.039686
 30
0.0
 11
0.706702
 21
-0.038598
 31
0.0
  0
LINE
  5
1D39
  8
0
 10
0.706702
 20
-0.038598
 30
0.0
 11
0.707946
 21
-0.037416
 31
0.0
  0
LINE
  5
1D3A
  8
0
 10
0.707946
 20
-0.037416
 30
0.0
 11
0.70915
 21
-0.036144
 31
0.0
  0
LINE
  5
1D3B
  8
0
 10
0.70915
 20
-0.036144
 30
0.0
 11
0.710311
 21
-0.034786
 31
0.0
  0
LINE
  5
1D3C
  8
0
 10
0.710311
 20
-0.034786
 30
0.0
 11
0.711426
 21
-0.033343
 31
0.0
  0
LINE
  5
1D3D
  8
0
 10
0.7124920000000003
 20
-0.03182
 30
0.0
 11
0.7135080000000003
 21
-0.03022
 31
0.0
  0
LINE
  5
1D3E
  8
0
 10
0.7135080000000003
 20
-0.03022
 30
0.0
 11
0.7144689999999999
 21
-0.028548
 31
0.0
  0
LINE
  5
1D3F
  8
0
 10
0.7144689999999999
 20
-0.028548
 30
0.0
 11
0.715375
 21
-0.026806
 31
0.0
  0
LINE
  5
1D40
  8
0
 10
0.715375
 20
-0.026806
 30
0.0
 11
0.716223
 21
-0.025001
 31
0.0
  0
LINE
  5
1D41
  8
0
 10
0.717011
 20
-0.023135
 30
0.0
 11
0.717737
 21
-0.021213
 31
0.0
  0
LINE
  5
1D42
  8
0
 10
0.698569
 20
-0.043651
 30
0.0
 11
0.699988
 21
-0.043062
 31
0.0
  0
LINE
  5
1D43
  8
0
 10
0.699988
 20
-0.043062
 30
0.0
 11
0.701386
 21
-0.04237
 31
0.0
  0
LINE
  5
1D44
  8
0
 10
0.701386
 20
-0.04237
 30
0.0
 11
0.70276
 21
-0.041575
 31
0.0
  0
LINE
  5
1D45
  8
0
 10
0.70276
 20
-0.041575
 30
0.0
 11
0.704106
 21
-0.040679
 31
0.0
  0
LINE
  5
1D46
  8
0
 10
0.704106
 20
-0.040679
 30
0.0
 11
0.705421
 21
-0.039686
 31
0.0
  0
LINE
  5
1D47
  8
0
 10
0.698569
 20
0.043652
 30
0.0
 11
0.697132
 21
0.044135
 31
0.0
  0
LINE
  5
1D48
  8
0
 10
0.724821
 20
0.021213
 30
0.0
 11
0.7241590000000003
 21
0.01924
 31
0.0
  0
LINE
  5
1D49
  8
0
 10
0.722178
 20
-0.010934
 30
0.0
 11
0.722571
 21
-0.013063
 31
0.0
  0
LINE
  5
1D4A
  8
0
 10
0.722571
 20
-0.013063
 30
0.0
 11
0.7230330000000001
 21
-0.01516
 31
0.0
  0
LINE
  5
1D4B
  8
0
 10
0.7230330000000001
 20
-0.01516
 30
0.0
 11
0.723563
 21
-0.017221
 31
0.0
  0
LINE
  5
1D4C
  8
0
 10
0.723563
 20
-0.017221
 30
0.0
 11
0.7241590000000003
 21
-0.01924
 31
0.0
  0
LINE
  5
1D4D
  8
0
 10
0.721856
 20
-0.008779
 30
0.0
 11
0.722178
 21
-0.010934
 31
0.0
  0
LINE
  5
1D4E
  8
0
 10
0.7241590000000003
 20
0.01924
 30
0.0
 11
0.723563
 21
0.017221
 31
0.0
  0
LINE
  5
1D4F
  8
0
 10
0.723563
 20
0.017221
 30
0.0
 11
0.7230330000000001
 21
0.01516
 31
0.0
  0
LINE
  5
1D50
  8
0
 10
0.7230330000000001
 20
0.01516
 30
0.0
 11
0.722571
 21
0.013063
 31
0.0
  0
LINE
  5
1D51
  8
0
 10
0.722571
 20
0.013063
 30
0.0
 11
0.722178
 21
0.010934
 31
0.0
  0
LINE
  5
1D52
  8
0
 10
0.722178
 20
0.010934
 30
0.0
 11
0.721856
 21
0.008779
 31
0.0
  0
LINE
  5
1D53
  8
0
 10
0.7290510000000002
 20
0.03022
 30
0.0
 11
0.728089
 21
0.028548
 31
0.0
  0
LINE
  5
1D54
  8
0
 10
0.728089
 20
0.028548
 30
0.0
 11
0.7271830000000002
 21
0.026806
 31
0.0
  0
LINE
  5
1D55
  8
0
 10
0.7271830000000002
 20
0.026806
 30
0.0
 11
0.7263350000000001
 21
0.025001
 31
0.0
  0
LINE
  5
1D56
  8
0
 10
0.7263350000000001
 20
0.025001
 30
0.0
 11
0.725547
 21
0.023135
 31
0.0
  0
LINE
  5
1D57
  8
0
 10
0.725547
 20
0.023135
 30
0.0
 11
0.724821
 21
0.021213
 31
0.0
  0
LINE
  5
1D58
  8
0
 10
0.730066
 20
0.03182
 30
0.0
 11
0.7290510000000002
 21
0.03022
 31
0.0
  0
LINE
  5
1D59
  8
0
 10
0.7512790000000003
 20
0.045
 30
0.0
 11
0.7498070000000002
 21
0.044946
 31
0.0
  0
LINE
  5
1D5A
  8
0
 10
0.7498070000000002
 20
0.044946
 30
0.0
 11
0.7483390000000001
 21
0.044783
 31
0.0
  0
LINE
  5
1D5B
  8
0
 10
0.7483390000000001
 20
0.044783
 30
0.0
 11
0.7468770000000001
 21
0.044513
 31
0.0
  0
LINE
  5
1D5C
  8
0
 10
0.7468770000000001
 20
0.044513
 30
0.0
 11
0.7454260000000003
 21
0.044135
 31
0.0
  0
LINE
  5
1D5D
  8
0
 10
0.7454260000000003
 20
0.044135
 30
0.0
 11
0.74399
 21
0.043652
 31
0.0
  0
LINE
  5
1D5E
  8
0
 10
0.74399
 20
0.043652
 30
0.0
 11
0.742571
 21
0.043062
 31
0.0
  0
LINE
  5
1D5F
  8
0
 10
0.742571
 20
0.043062
 30
0.0
 11
0.741172
 21
0.04237
 31
0.0
  0
LINE
  5
1D60
  8
0
 10
0.741172
 20
0.04237
 30
0.0
 11
0.739799
 21
0.041575
 31
0.0
  0
LINE
  5
1D61
  8
0
 10
0.739799
 20
0.041575
 30
0.0
 11
0.7384520000000001
 21
0.040679
 31
0.0
  0
LINE
  5
1D62
  8
0
 10
0.7384520000000001
 20
0.040679
 30
0.0
 11
0.7371370000000002
 21
0.039686
 31
0.0
  0
LINE
  5
1D63
  8
0
 10
0.7371370000000002
 20
0.039686
 30
0.0
 11
0.7358560000000001
 21
0.038598
 31
0.0
  0
LINE
  5
1D64
  8
0
 10
0.7358560000000001
 20
0.038598
 30
0.0
 11
0.7346120000000002
 21
0.037416
 31
0.0
  0
LINE
  5
1D65
  8
0
 10
0.7346120000000002
 20
0.037416
 30
0.0
 11
0.733408
 21
0.036144
 31
0.0
  0
LINE
  5
1D66
  8
0
 10
0.733408
 20
0.036144
 30
0.0
 11
0.732247
 21
0.034786
 31
0.0
  0
LINE
  5
1D67
  8
0
 10
0.732247
 20
0.034786
 30
0.0
 11
0.7311320000000002
 21
0.033343
 31
0.0
  0
LINE
  5
1D68
  8
0
 10
0.7311320000000002
 20
0.033343
 30
0.0
 11
0.730066
 21
0.03182
 31
0.0
  0
LINE
  5
1D69
  8
0
 10
0.7542200000000002
 20
0.044783
 30
0.0
 11
0.7527510000000001
 21
0.044946
 31
0.0
  0
LINE
  5
1D6A
  8
0
 10
0.7527510000000001
 20
0.044946
 30
0.0
 11
0.7512790000000003
 21
0.045
 31
0.0
  0
LINE
  5
1D6B
  8
0
 10
0.7213149999999999
 20
0.002208
 30
0.0
 11
0.721279
 21
0.0
 31
0.0
  0
LINE
  5
1D6C
  8
0
 10
0.721279
 20
0.0
 30
0.0
 11
0.7212430000000003
 21
0.002208
 31
0.0
  0
LINE
  5
1D6D
  8
0
 10
0.7199870000000002
 20
-0.013063
 30
0.0
 11
0.7203800000000001
 21
-0.010934
 31
0.0
  0
LINE
  5
1D6E
  8
0
 10
0.718399
 20
-0.01924
 30
0.0
 11
0.718996
 21
-0.017221
 31
0.0
  0
LINE
  5
1D6F
  8
0
 10
0.718996
 20
-0.017221
 30
0.0
 11
0.719525
 21
-0.01516
 31
0.0
  0
LINE
  5
1D70
  8
0
 10
0.719525
 20
-0.01516
 30
0.0
 11
0.7199870000000002
 21
-0.013063
 31
0.0
  0
LINE
  5
1D71
  8
0
 10
0.721279
 20
0.0
 30
0.0
 11
0.7213149999999999
 21
-0.002208
 31
0.0
  0
LINE
  5
1D72
  8
0
 10
0.7213149999999999
 20
-0.002208
 30
0.0
 11
0.721424
 21
-0.004411
 31
0.0
  0
LINE
  5
1D73
  8
0
 10
0.721424
 20
-0.004411
 30
0.0
 11
0.7216040000000002
 21
-0.006603
 31
0.0
  0
LINE
  5
1D74
  8
0
 10
0.7203800000000001
 20
-0.010934
 30
0.0
 11
0.720703
 21
-0.008779
 31
0.0
  0
LINE
  5
1D75
  8
0
 10
0.720703
 20
-0.008779
 30
0.0
 11
0.720954
 21
-0.006603
 31
0.0
  0
LINE
  5
1D76
  8
0
 10
0.720954
 20
-0.006603
 30
0.0
 11
0.7211350000000003
 21
-0.004411
 31
0.0
  0
LINE
  5
1D77
  8
0
 10
0.541315
 20
0.002208
 30
0.0
 11
0.541279
 21
0.0
 31
0.0
  0
LINE
  5
1D78
  8
0
 10
0.542178
 20
-0.010934
 30
0.0
 11
0.5425710000000002
 21
-0.013063
 31
0.0
  0
LINE
  5
1D79
  8
0
 10
0.5425710000000002
 20
-0.013063
 30
0.0
 11
0.543033
 21
-0.01516
 31
0.0
  0
LINE
  5
1D7A
  8
0
 10
0.541279
 20
0.0
 30
0.0
 11
0.541315
 21
-0.002208
 31
0.0
  0
LINE
  5
1D7B
  8
0
 10
0.541315
 20
-0.002208
 30
0.0
 11
0.5414240000000003
 21
-0.004411
 31
0.0
  0
LINE
  5
1D7C
  8
0
 10
0.5414240000000003
 20
-0.004411
 30
0.0
 11
0.541604
 21
-0.006603
 31
0.0
  0
LINE
  5
1D7D
  8
0
 10
0.541604
 20
-0.006603
 30
0.0
 11
0.5418560000000002
 21
-0.008779
 31
0.0
  0
LINE
  5
1D7E
  8
0
 10
0.5418560000000002
 20
-0.008779
 30
0.0
 11
0.542178
 21
-0.010934
 31
0.0
  0
LINE
  5
1D7F
  8
0
 10
0.543033
 20
0.01516
 30
0.0
 11
0.5425710000000002
 21
0.013063
 31
0.0
  0
LINE
  5
1D80
  8
0
 10
0.5425710000000002
 20
0.013063
 30
0.0
 11
0.542178
 21
0.010934
 31
0.0
  0
LINE
  5
1D81
  8
0
 10
0.542178
 20
0.010934
 30
0.0
 11
0.5418560000000002
 21
0.008779
 31
0.0
  0
LINE
  5
1D82
  8
0
 10
0.5418560000000002
 20
0.008779
 30
0.0
 11
0.541604
 21
0.006603
 31
0.0
  0
LINE
  5
1D83
  8
0
 10
0.541604
 20
0.006603
 30
0.0
 11
0.5414240000000003
 21
0.004411
 31
0.0
  0
LINE
  5
1D84
  8
0
 10
0.5414240000000003
 20
0.004411
 30
0.0
 11
0.541315
 21
0.002208
 31
0.0
  0
LINE
  5
1D85
  8
0
 10
0.543033
 20
-0.01516
 30
0.0
 11
0.543563
 21
-0.017221
 31
0.0
  0
LINE
  5
1D86
  8
0
 10
0.543563
 20
0.017221
 30
0.0
 11
0.543033
 21
0.01516
 31
0.0
  0
LINE
  5
1D87
  8
0
 10
0.7211350000000003
 20
-0.004411
 30
0.0
 11
0.7212430000000003
 21
-0.002208
 31
0.0
  0
LINE
  5
1D88
  8
0
 10
0.7212430000000003
 20
-0.002208
 30
0.0
 11
0.721279
 21
0.0
 31
0.0
  0
LINE
  5
1D89
  8
0
 10
0.7144689999999999
 20
0.028548
 30
0.0
 11
0.7135080000000003
 21
0.03022
 31
0.0
  0
LINE
  5
1D8A
  8
0
 10
0.7216040000000002
 20
0.006603
 30
0.0
 11
0.721424
 21
0.004411
 31
0.0
  0
LINE
  5
1D8B
  8
0
 10
0.721424
 20
0.004411
 30
0.0
 11
0.7213149999999999
 21
0.002208
 31
0.0
  0
LINE
  5
1D8C
  8
0
 10
0.7212430000000003
 20
0.002208
 30
0.0
 11
0.7211350000000003
 21
0.004411
 31
0.0
  0
LINE
  5
1D8D
  8
0
 10
0.7211350000000003
 20
0.004411
 30
0.0
 11
0.720954
 21
0.006603
 31
0.0
  0
LINE
  5
1D8E
  8
0
 10
0.720954
 20
0.006603
 30
0.0
 11
0.720703
 21
0.008779
 31
0.0
  0
LINE
  5
1D8F
  8
0
 10
0.720703
 20
0.008779
 30
0.0
 11
0.7203800000000001
 21
0.010934
 31
0.0
  0
LINE
  5
1D90
  8
0
 10
0.7203800000000001
 20
0.010934
 30
0.0
 11
0.7199870000000002
 21
0.013063
 31
0.0
  0
LINE
  5
1D91
  8
0
 10
0.7199870000000002
 20
0.013063
 30
0.0
 11
0.719525
 21
0.01516
 31
0.0
  0
LINE
  5
1D92
  8
0
 10
0.719525
 20
0.01516
 30
0.0
 11
0.718996
 21
0.017221
 31
0.0
  0
LINE
  5
1D93
  8
0
 10
0.718996
 20
0.017221
 30
0.0
 11
0.718399
 21
0.01924
 31
0.0
  0
LINE
  5
1D94
  8
0
 10
0.718399
 20
0.01924
 30
0.0
 11
0.717737
 21
0.021213
 31
0.0
  0
LINE
  5
1D95
  8
0
 10
0.717737
 20
0.021213
 30
0.0
 11
0.717011
 21
0.023135
 31
0.0
  0
LINE
  5
1D96
  8
0
 10
0.716223
 20
0.025001
 30
0.0
 11
0.715375
 21
0.026806
 31
0.0
  0
LINE
  5
1D97
  8
0
 10
0.715375
 20
0.026806
 30
0.0
 11
0.7144689999999999
 21
0.028548
 31
0.0
  0
LINE
  5
1D98
  8
0
 10
0.717011
 20
0.023135
 30
0.0
 11
0.716223
 21
0.025001
 31
0.0
  0
LINE
  5
1D99
  8
0
 10
0.7124920000000003
 20
0.03182
 30
0.0
 11
0.711426
 21
0.033343
 31
0.0
  0
LINE
  5
1D9A
  8
0
 10
0.711426
 20
0.033343
 30
0.0
 11
0.710311
 21
0.034786
 31
0.0
  0
LINE
  5
1D9B
  8
0
 10
0.710311
 20
0.034786
 30
0.0
 11
0.70915
 21
0.036144
 31
0.0
  0
LINE
  5
1D9C
  8
0
 10
0.70915
 20
0.036144
 30
0.0
 11
0.707946
 21
0.037416
 31
0.0
  0
LINE
  5
1D9D
  8
0
 10
0.707946
 20
0.037416
 30
0.0
 11
0.706702
 21
0.038598
 31
0.0
  0
LINE
  5
1D9E
  8
0
 10
0.706702
 20
0.038598
 30
0.0
 11
0.705421
 21
0.039686
 31
0.0
  0
LINE
  5
1D9F
  8
0
 10
0.705421
 20
0.039686
 30
0.0
 11
0.704106
 21
0.040679
 31
0.0
  0
LINE
  5
1DA0
  8
0
 10
0.704106
 20
0.040679
 30
0.0
 11
0.70276
 21
0.041575
 31
0.0
  0
LINE
  5
1DA1
  8
0
 10
0.70276
 20
0.041575
 30
0.0
 11
0.701386
 21
0.04237
 31
0.0
  0
LINE
  5
1DA2
  8
0
 10
0.701386
 20
0.04237
 30
0.0
 11
0.699988
 21
0.043062
 31
0.0
  0
LINE
  5
1DA3
  8
0
 10
0.699988
 20
0.043062
 30
0.0
 11
0.698569
 21
0.043652
 31
0.0
  0
LINE
  5
1DA4
  8
0
 10
0.7135080000000003
 20
0.03022
 30
0.0
 11
0.7124920000000003
 21
0.03182
 31
0.0
  0
LINE
  5
1DA5
  8
0
 10
0.7216040000000002
 20
-0.006603
 30
0.0
 11
0.721856
 21
-0.008779
 31
0.0
  0
LINE
  5
1DA6
  8
0
 10
0.721856
 20
0.008779
 30
0.0
 11
0.7216040000000002
 21
0.006603
 31
0.0
  0
LINE
  5
1DA7
  8
0
 10
0.664159
 20
-0.01924
 30
0.0
 11
0.664821
 21
-0.021213
 31
0.0
  0
LINE
  5
1DA8
  8
0
 10
0.6577370000000001
 20
-0.021213
 30
0.0
 11
0.658399
 21
-0.01924
 31
0.0
  0
LINE
  5
1DA9
  8
0
 10
0.638569
 20
-0.043651
 30
0.0
 11
0.639988
 21
-0.043062
 31
0.0
  0
LINE
  5
1DAA
  8
0
 10
0.6722470000000001
 20
-0.034786
 30
0.0
 11
0.6734080000000005
 21
-0.036144
 31
0.0
  0
LINE
  5
1DAB
  8
0
 10
0.6734080000000005
 20
-0.036144
 30
0.0
 11
0.674612
 21
-0.037416
 31
0.0
  0
LINE
  5
1DAC
  8
0
 10
0.674612
 20
-0.037416
 30
0.0
 11
0.6758560000000001
 21
-0.038598
 31
0.0
  0
LINE
  5
1DAD
  8
0
 10
0.6758560000000001
 20
-0.038598
 30
0.0
 11
0.677137
 21
-0.039686
 31
0.0
  0
LINE
  5
1DAE
  8
0
 10
0.6655470000000001
 20
-0.023135
 30
0.0
 11
0.6663350000000002
 21
-0.025001
 31
0.0
  0
LINE
  5
1DAF
  8
0
 10
0.6663350000000002
 20
-0.025001
 30
0.0
 11
0.667183
 21
-0.026806
 31
0.0
  0
LINE
  5
1DB0
  8
0
 10
0.667183
 20
-0.026806
 30
0.0
 11
0.6680890000000002
 21
-0.028548
 31
0.0
  0
LINE
  5
1DB1
  8
0
 10
0.6680890000000002
 20
-0.028548
 30
0.0
 11
0.6690510000000001
 21
-0.03022
 31
0.0
  0
LINE
  5
1DB2
  8
0
 10
0.6690510000000001
 20
-0.03022
 30
0.0
 11
0.670066
 21
-0.03182
 31
0.0
  0
LINE
  5
1DB3
  8
0
 10
0.670066
 20
-0.03182
 30
0.0
 11
0.671132
 21
-0.033343
 31
0.0
  0
LINE
  5
1DB4
  8
0
 10
0.664821
 20
-0.021213
 30
0.0
 11
0.6655470000000001
 21
-0.023135
 31
0.0
  0
LINE
  5
1DB5
  8
0
 10
0.671132
 20
-0.033343
 30
0.0
 11
0.6722470000000001
 21
-0.034786
 31
0.0
  0
LINE
  5
1DB6
  8
0
 10
0.692751
 20
-0.044946
 30
0.0
 11
0.69422
 21
-0.044783
 31
0.0
  0
LINE
  5
1DB7
  8
0
 10
0.678452
 20
-0.040679
 30
0.0
 11
0.679799
 21
-0.041575
 31
0.0
  0
LINE
  5
1DB8
  8
0
 10
0.679799
 20
-0.041575
 30
0.0
 11
0.6811720000000001
 21
-0.04237
 31
0.0
  0
LINE
  5
1DB9
  8
0
 10
0.6811720000000001
 20
-0.04237
 30
0.0
 11
0.6825710000000001
 21
-0.043062
 31
0.0
  0
LINE
  5
1DBA
  8
0
 10
0.6825710000000001
 20
-0.043062
 30
0.0
 11
0.68399
 21
-0.043651
 31
0.0
  0
LINE
  5
1DBB
  8
0
 10
0.68399
 20
-0.043651
 30
0.0
 11
0.685426
 21
-0.044135
 31
0.0
  0
LINE
  5
1DBC
  8
0
 10
0.685426
 20
-0.044135
 30
0.0
 11
0.6868770000000001
 21
-0.044513
 31
0.0
  0
LINE
  5
1DBD
  8
0
 10
0.6868770000000001
 20
-0.044513
 30
0.0
 11
0.6883390000000001
 21
-0.044783
 31
0.0
  0
LINE
  5
1DBE
  8
0
 10
0.6883390000000001
 20
-0.044783
 30
0.0
 11
0.689807
 21
-0.044946
 31
0.0
  0
LINE
  5
1DBF
  8
0
 10
0.689807
 20
-0.044946
 30
0.0
 11
0.691279
 21
-0.045
 31
0.0
  0
LINE
  5
1DC0
  8
0
 10
0.691279
 20
-0.045
 30
0.0
 11
0.692751
 21
-0.044946
 31
0.0
  0
LINE
  5
1DC1
  8
0
 10
0.69422
 20
-0.044783
 30
0.0
 11
0.695681
 21
-0.044513
 31
0.0
  0
LINE
  5
1DC2
  8
0
 10
0.677137
 20
-0.039686
 30
0.0
 11
0.678452
 21
-0.040679
 31
0.0
  0
LINE
  5
1DC3
  8
0
 10
0.656223
 20
-0.025001
 30
0.0
 11
0.657011
 21
-0.023135
 31
0.0
  0
LINE
  5
1DC4
  8
0
 10
0.645421
 20
-0.039686
 30
0.0
 11
0.646702
 21
-0.038598
 31
0.0
  0
LINE
  5
1DC5
  8
0
 10
0.646702
 20
-0.038598
 30
0.0
 11
0.647947
 21
-0.037416
 31
0.0
  0
LINE
  5
1DC6
  8
0
 10
0.647947
 20
-0.037416
 30
0.0
 11
0.6491500000000002
 21
-0.036144
 31
0.0
  0
LINE
  5
1DC7
  8
0
 10
0.6491500000000002
 20
-0.036144
 30
0.0
 11
0.650311
 21
-0.034786
 31
0.0
  0
LINE
  5
1DC8
  8
0
 10
0.650311
 20
-0.034786
 30
0.0
 11
0.6514260000000001
 21
-0.033343
 31
0.0
  0
LINE
  5
1DC9
  8
0
 10
0.6514260000000001
 20
-0.033343
 30
0.0
 11
0.652492
 21
-0.03182
 31
0.0
  0
LINE
  5
1DCA
  8
0
 10
0.652492
 20
-0.03182
 30
0.0
 11
0.653508
 21
-0.03022
 31
0.0
  0
LINE
  5
1DCB
  8
0
 10
0.653508
 20
-0.03022
 30
0.0
 11
0.65447
 21
-0.028548
 31
0.0
  0
LINE
  5
1DCC
  8
0
 10
0.65447
 20
-0.028548
 30
0.0
 11
0.6553750000000002
 21
-0.026806
 31
0.0
  0
LINE
  5
1DCD
  8
0
 10
0.6553750000000002
 20
-0.026806
 30
0.0
 11
0.656223
 21
-0.025001
 31
0.0
  0
LINE
  5
1DCE
  8
0
 10
0.657011
 20
-0.023135
 30
0.0
 11
0.6577370000000001
 21
-0.021213
 31
0.0
  0
LINE
  5
1DCF
  8
0
 10
0.639988
 20
-0.043062
 30
0.0
 11
0.641386
 21
-0.04237
 31
0.0
  0
LINE
  5
1DD0
  8
0
 10
0.641386
 20
-0.04237
 30
0.0
 11
0.64276
 21
-0.041575
 31
0.0
  0
LINE
  5
1DD1
  8
0
 10
0.64276
 20
-0.041575
 30
0.0
 11
0.6441060000000001
 21
-0.040679
 31
0.0
  0
LINE
  5
1DD2
  8
0
 10
0.6441060000000001
 20
-0.040679
 30
0.0
 11
0.645421
 21
-0.039686
 31
0.0
  0
LINE
  5
1DD3
  8
0
 10
0.639988
 20
0.043062
 30
0.0
 11
0.638569
 21
0.043652
 31
0.0
  0
LINE
  5
1DD4
  8
0
 10
0.663033
 20
-0.01516
 30
0.0
 11
0.663563
 21
-0.017221
 31
0.0
  0
LINE
  5
1DD5
  8
0
 10
0.663563
 20
0.017221
 30
0.0
 11
0.663033
 21
0.01516
 31
0.0
  0
LINE
  5
1DD6
  8
0
 10
0.663563
 20
-0.017221
 30
0.0
 11
0.664159
 21
-0.01924
 31
0.0
  0
LINE
  5
1DD7
  8
0
 10
0.69422
 20
0.044783
 30
0.0
 11
0.692751
 21
0.044946
 31
0.0
  0
LINE
  5
1DD8
  8
0
 10
0.691279
 20
0.045
 30
0.0
 11
0.689807
 21
0.044946
 31
0.0
  0
LINE
  5
1DD9
  8
0
 10
0.689807
 20
0.044946
 30
0.0
 11
0.6883390000000001
 21
0.044783
 31
0.0
  0
LINE
  5
1DDA
  8
0
 10
0.6883390000000001
 20
0.044783
 30
0.0
 11
0.6868770000000001
 21
0.044513
 31
0.0
  0
LINE
  5
1DDB
  8
0
 10
0.6868770000000001
 20
0.044513
 30
0.0
 11
0.685426
 21
0.044135
 31
0.0
  0
LINE
  5
1DDC
  8
0
 10
0.685426
 20
0.044135
 30
0.0
 11
0.68399
 21
0.043652
 31
0.0
  0
LINE
  5
1DDD
  8
0
 10
0.68399
 20
0.043652
 30
0.0
 11
0.6825710000000001
 21
0.043062
 31
0.0
  0
LINE
  5
1DDE
  8
0
 10
0.6825710000000001
 20
0.043062
 30
0.0
 11
0.6811720000000001
 21
0.04237
 31
0.0
  0
LINE
  5
1DDF
  8
0
 10
0.6811720000000001
 20
0.04237
 30
0.0
 11
0.679799
 21
0.041575
 31
0.0
  0
LINE
  5
1DE0
  8
0
 10
0.679799
 20
0.041575
 30
0.0
 11
0.678452
 21
0.040679
 31
0.0
  0
LINE
  5
1DE1
  8
0
 10
0.678452
 20
0.040679
 30
0.0
 11
0.677137
 21
0.039686
 31
0.0
  0
LINE
  5
1DE2
  8
0
 10
0.677137
 20
0.039686
 30
0.0
 11
0.6758560000000001
 21
0.038598
 31
0.0
  0
LINE
  5
1DE3
  8
0
 10
0.6758560000000001
 20
0.038598
 30
0.0
 11
0.674612
 21
0.037416
 31
0.0
  0
LINE
  5
1DE4
  8
0
 10
0.674612
 20
0.037416
 30
0.0
 11
0.6734080000000005
 21
0.036144
 31
0.0
  0
LINE
  5
1DE5
  8
0
 10
0.6734080000000005
 20
0.036144
 30
0.0
 11
0.6722470000000001
 21
0.034786
 31
0.0
  0
LINE
  5
1DE6
  8
0
 10
0.692751
 20
0.044946
 30
0.0
 11
0.691279
 21
0.045
 31
0.0
  0
LINE
  5
1DE7
  8
0
 10
0.695681
 20
0.044513
 30
0.0
 11
0.69422
 21
0.044783
 31
0.0
  0
LINE
  5
1DE8
  8
0
 10
0.6690510000000001
 20
0.03022
 30
0.0
 11
0.6680890000000002
 21
0.028548
 31
0.0
  0
LINE
  5
1DE9
  8
0
 10
0.6680890000000002
 20
0.028548
 30
0.0
 11
0.667183
 21
0.026806
 31
0.0
  0
LINE
  5
1DEA
  8
0
 10
0.667183
 20
0.026806
 30
0.0
 11
0.6663350000000002
 21
0.025001
 31
0.0
  0
LINE
  5
1DEB
  8
0
 10
0.6663350000000002
 20
0.025001
 30
0.0
 11
0.6655470000000001
 21
0.023135
 31
0.0
  0
LINE
  5
1DEC
  8
0
 10
0.6655470000000001
 20
0.023135
 30
0.0
 11
0.664821
 21
0.021213
 31
0.0
  0
LINE
  5
1DED
  8
0
 10
0.664821
 20
0.021213
 30
0.0
 11
0.664159
 21
0.01924
 31
0.0
  0
LINE
  5
1DEE
  8
0
 10
0.664159
 20
0.01924
 30
0.0
 11
0.663563
 21
0.017221
 31
0.0
  0
LINE
  5
1DEF
  8
0
 10
0.671132
 20
0.033343
 30
0.0
 11
0.670066
 21
0.03182
 31
0.0
  0
LINE
  5
1DF0
  8
0
 10
0.670066
 20
0.03182
 30
0.0
 11
0.6690510000000001
 21
0.03022
 31
0.0
  0
LINE
  5
1DF1
  8
0
 10
0.6722470000000001
 20
0.034786
 30
0.0
 11
0.671132
 21
0.033343
 31
0.0
  0
LINE
  5
1DF2
  8
0
 10
0.661315
 20
0.002208
 30
0.0
 11
0.661279
 21
0.0
 31
0.0
  0
LINE
  5
1DF3
  8
0
 10
0.661279
 20
0.0
 30
0.0
 11
0.661243
 21
0.002208
 31
0.0
  0
LINE
  5
1DF4
  8
0
 10
0.6589960000000002
 20
-0.017221
 30
0.0
 11
0.659525
 21
-0.01516
 31
0.0
  0
LINE
  5
1DF5
  8
0
 10
0.658399
 20
-0.01924
 30
0.0
 11
0.6589960000000002
 21
-0.017221
 31
0.0
  0
LINE
  5
1DF6
  8
0
 10
0.662178
 20
-0.010934
 30
0.0
 11
0.662571
 21
-0.013063
 31
0.0
  0
LINE
  5
1DF7
  8
0
 10
0.6599870000000001
 20
-0.013063
 30
0.0
 11
0.66038
 21
-0.010934
 31
0.0
  0
LINE
  5
1DF8
  8
0
 10
0.662571
 20
-0.013063
 30
0.0
 11
0.663033
 21
-0.01516
 31
0.0
  0
LINE
  5
1DF9
  8
0
 10
0.659525
 20
-0.01516
 30
0.0
 11
0.6599870000000001
 21
-0.013063
 31
0.0
  0
LINE
  5
1DFA
  8
0
 10
0.661279
 20
0.0
 30
0.0
 11
0.661315
 21
-0.002208
 31
0.0
  0
LINE
  5
1DFB
  8
0
 10
0.661315
 20
-0.002208
 30
0.0
 11
0.6614240000000003
 21
-0.004411
 31
0.0
  0
LINE
  5
1DFC
  8
0
 10
0.6614240000000003
 20
-0.004411
 30
0.0
 11
0.661604
 21
-0.006603
 31
0.0
  0
LINE
  5
1DFD
  8
0
 10
0.661604
 20
-0.006603
 30
0.0
 11
0.6618560000000003
 21
-0.008779
 31
0.0
  0
LINE
  5
1DFE
  8
0
 10
0.6618560000000003
 20
-0.008779
 30
0.0
 11
0.662178
 21
-0.010934
 31
0.0
  0
LINE
  5
1DFF
  8
0
 10
0.66038
 20
-0.010934
 30
0.0
 11
0.6607029999999999
 21
-0.008779
 31
0.0
  0
LINE
  5
1E00
  8
0
 10
0.6607029999999999
 20
-0.008779
 30
0.0
 11
0.6609550000000001
 21
-0.006603
 31
0.0
  0
LINE
  5
1E01
  8
0
 10
0.6609550000000001
 20
-0.006603
 30
0.0
 11
0.661135
 21
-0.004411
 31
0.0
  0
LINE
  5
1E02
  8
0
 10
0.661135
 20
-0.004411
 30
0.0
 11
0.661243
 21
-0.002208
 31
0.0
  0
LINE
  5
1E03
  8
0
 10
0.661243
 20
-0.002208
 30
0.0
 11
0.661279
 21
0.0
 31
0.0
  0
LINE
  5
1E04
  8
0
 10
0.659525
 20
0.01516
 30
0.0
 11
0.6589960000000002
 21
0.017221
 31
0.0
  0
LINE
  5
1E05
  8
0
 10
0.65447
 20
0.028548
 30
0.0
 11
0.653508
 21
0.03022
 31
0.0
  0
LINE
  5
1E06
  8
0
 10
0.6589960000000002
 20
0.017221
 30
0.0
 11
0.658399
 21
0.01924
 31
0.0
  0
LINE
  5
1E07
  8
0
 10
0.658399
 20
0.01924
 30
0.0
 11
0.6577370000000001
 21
0.021213
 31
0.0
  0
LINE
  5
1E08
  8
0
 10
0.6577370000000001
 20
0.021213
 30
0.0
 11
0.657011
 21
0.023135
 31
0.0
  0
LINE
  5
1E09
  8
0
 10
0.657011
 20
0.023135
 30
0.0
 11
0.656223
 21
0.025001
 31
0.0
  0
LINE
  5
1E0A
  8
0
 10
0.656223
 20
0.025001
 30
0.0
 11
0.6553750000000002
 21
0.026806
 31
0.0
  0
LINE
  5
1E0B
  8
0
 10
0.6553750000000002
 20
0.026806
 30
0.0
 11
0.65447
 21
0.028548
 31
0.0
  0
LINE
  5
1E0C
  8
0
 10
0.653508
 20
0.03022
 30
0.0
 11
0.652492
 21
0.03182
 31
0.0
  0
LINE
  5
1E0D
  8
0
 10
0.652492
 20
0.03182
 30
0.0
 11
0.6514260000000001
 21
0.033343
 31
0.0
  0
LINE
  5
1E0E
  8
0
 10
0.6514260000000001
 20
0.033343
 30
0.0
 11
0.650311
 21
0.034786
 31
0.0
  0
LINE
  5
1E0F
  8
0
 10
0.650311
 20
0.034786
 30
0.0
 11
0.6491500000000002
 21
0.036144
 31
0.0
  0
LINE
  5
1E10
  8
0
 10
0.6491500000000002
 20
0.036144
 30
0.0
 11
0.647947
 21
0.037416
 31
0.0
  0
LINE
  5
1E11
  8
0
 10
0.647947
 20
0.037416
 30
0.0
 11
0.646702
 21
0.038598
 31
0.0
  0
LINE
  5
1E12
  8
0
 10
0.646702
 20
0.038598
 30
0.0
 11
0.645421
 21
0.039686
 31
0.0
  0
LINE
  5
1E13
  8
0
 10
0.645421
 20
0.039686
 30
0.0
 11
0.6441060000000001
 21
0.040679
 31
0.0
  0
LINE
  5
1E14
  8
0
 10
0.6441060000000001
 20
0.040679
 30
0.0
 11
0.64276
 21
0.041575
 31
0.0
  0
LINE
  5
1E15
  8
0
 10
0.64276
 20
0.041575
 30
0.0
 11
0.641386
 21
0.04237
 31
0.0
  0
LINE
  5
1E16
  8
0
 10
0.641386
 20
0.04237
 30
0.0
 11
0.639988
 21
0.043062
 31
0.0
  0
LINE
  5
1E17
  8
0
 10
0.663033
 20
0.01516
 30
0.0
 11
0.662571
 21
0.013063
 31
0.0
  0
LINE
  5
1E18
  8
0
 10
0.662571
 20
0.013063
 30
0.0
 11
0.662178
 21
0.010934
 31
0.0
  0
LINE
  5
1E19
  8
0
 10
0.662178
 20
0.010934
 30
0.0
 11
0.6618560000000003
 21
0.008779
 31
0.0
  0
LINE
  5
1E1A
  8
0
 10
0.6618560000000003
 20
0.008779
 30
0.0
 11
0.661604
 21
0.006603
 31
0.0
  0
LINE
  5
1E1B
  8
0
 10
0.661604
 20
0.006603
 30
0.0
 11
0.6614240000000003
 21
0.004411
 31
0.0
  0
LINE
  5
1E1C
  8
0
 10
0.6614240000000003
 20
0.004411
 30
0.0
 11
0.661315
 21
0.002208
 31
0.0
  0
LINE
  5
1E1D
  8
0
 10
0.661243
 20
0.002208
 30
0.0
 11
0.661135
 21
0.004411
 31
0.0
  0
LINE
  5
1E1E
  8
0
 10
0.661135
 20
0.004411
 30
0.0
 11
0.6609550000000001
 21
0.006603
 31
0.0
  0
LINE
  5
1E1F
  8
0
 10
0.6609550000000001
 20
0.006603
 30
0.0
 11
0.6607029999999999
 21
0.008779
 31
0.0
  0
LINE
  5
1E20
  8
0
 10
0.6607029999999999
 20
0.008779
 30
0.0
 11
0.66038
 21
0.010934
 31
0.0
  0
LINE
  5
1E21
  8
0
 10
0.66038
 20
0.010934
 30
0.0
 11
0.6599870000000001
 21
0.013063
 31
0.0
  0
LINE
  5
1E22
  8
0
 10
0.6599870000000001
 20
0.013063
 30
0.0
 11
0.659525
 21
0.01516
 31
0.0
  0
LINE
  5
1E23
  8
0
 10
0.695681
 20
-0.044513
 30
0.0
 11
0.697132
 21
-0.044135
 31
0.0
  0
LINE
  5
1E24
  8
0
 10
0.697132
 20
0.044135
 30
0.0
 11
0.695681
 21
0.044513
 31
0.0
  0
LINE
  5
1E25
  8
0
 10
0.6041600000000003
 20
-0.01924
 30
0.0
 11
0.604822
 21
-0.021213
 31
0.0
  0
LINE
  5
1E26
  8
0
 10
0.597737
 20
-0.021213
 30
0.0
 11
0.5983990000000003
 21
-0.01924
 31
0.0
  0
LINE
  5
1E27
  8
0
 10
0.5799880000000001
 20
-0.043062
 30
0.0
 11
0.581386
 21
-0.04237
 31
0.0
  0
LINE
  5
1E28
  8
0
 10
0.635681
 20
-0.044513
 30
0.0
 11
0.6371319999999999
 21
-0.044135
 31
0.0
  0
LINE
  5
1E29
  8
0
 10
0.605548
 20
-0.023135
 30
0.0
 11
0.6063350000000001
 21
-0.025001
 31
0.0
  0
LINE
  5
1E2A
  8
0
 10
0.6063350000000001
 20
-0.025001
 30
0.0
 11
0.6071830000000003
 21
-0.026806
 31
0.0
  0
LINE
  5
1E2B
  8
0
 10
0.6071830000000003
 20
-0.026806
 30
0.0
 11
0.6080890000000001
 21
-0.028548
 31
0.0
  0
LINE
  5
1E2C
  8
0
 10
0.6080890000000001
 20
-0.028548
 30
0.0
 11
0.60905
 21
-0.03022
 31
0.0
  0
LINE
  5
1E2D
  8
0
 10
0.60905
 20
-0.03022
 30
0.0
 11
0.610066
 21
-0.03182
 31
0.0
  0
LINE
  5
1E2E
  8
0
 10
0.610066
 20
-0.03182
 30
0.0
 11
0.611132
 21
-0.033343
 31
0.0
  0
LINE
  5
1E2F
  8
0
 10
0.611132
 20
-0.033343
 30
0.0
 11
0.612247
 21
-0.034786
 31
0.0
  0
LINE
  5
1E30
  8
0
 10
0.612247
 20
-0.034786
 30
0.0
 11
0.613408
 21
-0.036144
 31
0.0
  0
LINE
  5
1E31
  8
0
 10
0.613408
 20
-0.036144
 30
0.0
 11
0.614612
 21
-0.037416
 31
0.0
  0
LINE
  5
1E32
  8
0
 10
0.614612
 20
-0.037416
 30
0.0
 11
0.6158560000000001
 21
-0.038598
 31
0.0
  0
LINE
  5
1E33
  8
0
 10
0.6158560000000001
 20
-0.038598
 30
0.0
 11
0.617137
 21
-0.039686
 31
0.0
  0
LINE
  5
1E34
  8
0
 10
0.604822
 20
-0.021213
 30
0.0
 11
0.605548
 21
-0.023135
 31
0.0
  0
LINE
  5
1E35
  8
0
 10
0.622571
 20
-0.043062
 30
0.0
 11
0.62399
 21
-0.043651
 31
0.0
  0
LINE
  5
1E36
  8
0
 10
0.621173
 20
-0.04237
 30
0.0
 11
0.622571
 21
-0.043062
 31
0.0
  0
LINE
  5
1E37
  8
0
 10
0.618452
 20
-0.040679
 30
0.0
 11
0.619799
 21
-0.041575
 31
0.0
  0
LINE
  5
1E38
  8
0
 10
0.619799
 20
-0.041575
 30
0.0
 11
0.621173
 21
-0.04237
 31
0.0
  0
LINE
  5
1E39
  8
0
 10
0.62399
 20
-0.043651
 30
0.0
 11
0.6254260000000001
 21
-0.044135
 31
0.0
  0
LINE
  5
1E3A
  8
0
 10
0.6254260000000001
 20
-0.044135
 30
0.0
 11
0.626877
 21
-0.044513
 31
0.0
  0
LINE
  5
1E3B
  8
0
 10
0.626877
 20
-0.044513
 30
0.0
 11
0.628339
 21
-0.044783
 31
0.0
  0
LINE
  5
1E3C
  8
0
 10
0.628339
 20
-0.044783
 30
0.0
 11
0.629807
 21
-0.044946
 31
0.0
  0
LINE
  5
1E3D
  8
0
 10
0.629807
 20
-0.044946
 30
0.0
 11
0.6312790000000001
 21
-0.045
 31
0.0
  0
LINE
  5
1E3E
  8
0
 10
0.6312790000000001
 20
-0.045
 30
0.0
 11
0.6327510000000001
 21
-0.044946
 31
0.0
  0
LINE
  5
1E3F
  8
0
 10
0.6327510000000001
 20
-0.044946
 30
0.0
 11
0.63422
 21
-0.044783
 31
0.0
  0
LINE
  5
1E40
  8
0
 10
0.63422
 20
-0.044783
 30
0.0
 11
0.635681
 21
-0.044513
 31
0.0
  0
LINE
  5
1E41
  8
0
 10
0.617137
 20
-0.039686
 30
0.0
 11
0.618452
 21
-0.040679
 31
0.0
  0
LINE
  5
1E42
  8
0
 10
0.587947
 20
-0.037416
 30
0.0
 11
0.58915
 21
-0.036144
 31
0.0
  0
LINE
  5
1E43
  8
0
 10
0.5854210000000001
 20
-0.039686
 30
0.0
 11
0.5867020000000001
 21
-0.038598
 31
0.0
  0
LINE
  5
1E44
  8
0
 10
0.5867020000000001
 20
-0.038598
 30
0.0
 11
0.587947
 21
-0.037416
 31
0.0
  0
LINE
  5
1E45
  8
0
 10
0.596223
 20
-0.025001
 30
0.0
 11
0.597011
 21
-0.023135
 31
0.0
  0
LINE
  5
1E46
  8
0
 10
0.5935080000000001
 20
-0.03022
 30
0.0
 11
0.5935080000000001
 21
-0.03022
 31
0.0
  0
LINE
  5
1E47
  8
0
 10
0.58915
 20
-0.036144
 30
0.0
 11
0.5903109999999999
 21
-0.034786
 31
0.0
  0
LINE
  5
1E48
  8
0
 10
0.5903109999999999
 20
-0.034786
 30
0.0
 11
0.5914260000000005
 21
-0.033343
 31
0.0
  0
LINE
  5
1E49
  8
0
 10
0.5914260000000005
 20
-0.033343
 30
0.0
 11
0.5924920000000001
 21
-0.03182
 31
0.0
  0
LINE
  5
1E4A
  8
0
 10
0.5924920000000001
 20
-0.03182
 30
0.0
 11
0.5935080000000001
 21
-0.03022
 31
0.0
  0
LINE
  5
1E4B
  8
0
 10
0.59447
 20
-0.028548
 30
0.0
 11
0.595375
 21
-0.026806
 31
0.0
  0
LINE
  5
1E4C
  8
0
 10
0.595375
 20
-0.026806
 30
0.0
 11
0.596223
 21
-0.025001
 31
0.0
  0
LINE
  5
1E4D
  8
0
 10
0.597011
 20
-0.023135
 30
0.0
 11
0.597737
 21
-0.021213
 31
0.0
  0
LINE
  5
1E4E
  8
0
 10
0.5841060000000003
 20
-0.040679
 30
0.0
 11
0.5854210000000001
 21
-0.039686
 31
0.0
  0
LINE
  5
1E4F
  8
0
 10
0.581386
 20
-0.04237
 30
0.0
 11
0.5827600000000001
 21
-0.041575
 31
0.0
  0
LINE
  5
1E50
  8
0
 10
0.5827600000000001
 20
-0.041575
 30
0.0
 11
0.5841060000000003
 21
-0.040679
 31
0.0
  0
LINE
  5
1E51
  8
0
 10
0.581386
 20
0.04237
 30
0.0
 11
0.5799880000000001
 21
0.043062
 31
0.0
  0
LINE
  5
1E52
  8
0
 10
0.58915
 20
0.036144
 30
0.0
 11
0.587947
 21
0.037416
 31
0.0
  0
LINE
  5
1E53
  8
0
 10
0.587947
 20
0.037416
 30
0.0
 11
0.5867020000000001
 21
0.038598
 31
0.0
  0
LINE
  5
1E54
  8
0
 10
0.5867020000000001
 20
0.038598
 30
0.0
 11
0.5854210000000001
 21
0.039686
 31
0.0
  0
LINE
  5
1E55
  8
0
 10
0.5854210000000001
 20
0.039686
 30
0.0
 11
0.5841060000000003
 21
0.040679
 31
0.0
  0
LINE
  5
1E56
  8
0
 10
0.5935080000000001
 20
0.03022
 30
0.0
 11
0.5924920000000001
 21
0.03182
 31
0.0
  0
LINE
  5
1E57
  8
0
 10
0.5924920000000001
 20
0.03182
 30
0.0
 11
0.5914260000000005
 21
0.033343
 31
0.0
  0
LINE
  5
1E58
  8
0
 10
0.5914260000000005
 20
0.033343
 30
0.0
 11
0.5903109999999999
 21
0.034786
 31
0.0
  0
LINE
  5
1E59
  8
0
 10
0.5903109999999999
 20
0.034786
 30
0.0
 11
0.58915
 21
0.036144
 31
0.0
  0
LINE
  5
1E5A
  8
0
 10
0.5827600000000001
 20
0.041575
 30
0.0
 11
0.581386
 21
0.04237
 31
0.0
  0
LINE
  5
1E5B
  8
0
 10
0.5841060000000003
 20
0.040679
 30
0.0
 11
0.5827600000000001
 21
0.041575
 31
0.0
  0
LINE
  5
1E5C
  8
0
 10
0.604822
 20
0.021213
 30
0.0
 11
0.6041600000000003
 21
0.01924
 31
0.0
  0
LINE
  5
1E5D
  8
0
 10
0.6371319999999999
 20
0.044135
 30
0.0
 11
0.635681
 21
0.044513
 31
0.0
  0
LINE
  5
1E5E
  8
0
 10
0.60905
 20
0.03022
 30
0.0
 11
0.6080890000000001
 21
0.028548
 31
0.0
  0
LINE
  5
1E5F
  8
0
 10
0.6080890000000001
 20
0.028548
 30
0.0
 11
0.6071830000000003
 21
0.026806
 31
0.0
  0
LINE
  5
1E60
  8
0
 10
0.6071830000000003
 20
0.026806
 30
0.0
 11
0.6063350000000001
 21
0.025001
 31
0.0
  0
LINE
  5
1E61
  8
0
 10
0.6063350000000001
 20
0.025001
 30
0.0
 11
0.605548
 21
0.023135
 31
0.0
  0
LINE
  5
1E62
  8
0
 10
0.605548
 20
0.023135
 30
0.0
 11
0.604822
 21
0.021213
 31
0.0
  0
LINE
  5
1E63
  8
0
 10
0.62399
 20
0.043652
 30
0.0
 11
0.622571
 21
0.043062
 31
0.0
  0
LINE
  5
1E64
  8
0
 10
0.622571
 20
0.043062
 30
0.0
 11
0.621173
 21
0.04237
 31
0.0
  0
LINE
  5
1E65
  8
0
 10
0.621173
 20
0.04237
 30
0.0
 11
0.619799
 21
0.041575
 31
0.0
  0
LINE
  5
1E66
  8
0
 10
0.619799
 20
0.041575
 30
0.0
 11
0.618452
 21
0.040679
 31
0.0
  0
LINE
  5
1E67
  8
0
 10
0.618452
 20
0.040679
 30
0.0
 11
0.617137
 21
0.039686
 31
0.0
  0
LINE
  5
1E68
  8
0
 10
0.617137
 20
0.039686
 30
0.0
 11
0.6158560000000001
 21
0.038598
 31
0.0
  0
LINE
  5
1E69
  8
0
 10
0.6158560000000001
 20
0.038598
 30
0.0
 11
0.614612
 21
0.037416
 31
0.0
  0
LINE
  5
1E6A
  8
0
 10
0.614612
 20
0.037416
 30
0.0
 11
0.613408
 21
0.036144
 31
0.0
  0
LINE
  5
1E6B
  8
0
 10
0.613408
 20
0.036144
 30
0.0
 11
0.612247
 21
0.034786
 31
0.0
  0
LINE
  5
1E6C
  8
0
 10
0.612247
 20
0.034786
 30
0.0
 11
0.611132
 21
0.033343
 31
0.0
  0
LINE
  5
1E6D
  8
0
 10
0.611132
 20
0.033343
 30
0.0
 11
0.610066
 21
0.03182
 31
0.0
  0
LINE
  5
1E6E
  8
0
 10
0.610066
 20
0.03182
 30
0.0
 11
0.60905
 21
0.03022
 31
0.0
  0
LINE
  5
1E6F
  8
0
 10
0.6312790000000001
 20
0.045
 30
0.0
 11
0.629807
 21
0.044946
 31
0.0
  0
LINE
  5
1E70
  8
0
 10
0.629807
 20
0.044946
 30
0.0
 11
0.628339
 21
0.044783
 31
0.0
  0
LINE
  5
1E71
  8
0
 10
0.628339
 20
0.044783
 30
0.0
 11
0.626877
 21
0.044513
 31
0.0
  0
LINE
  5
1E72
  8
0
 10
0.626877
 20
0.044513
 30
0.0
 11
0.6254260000000001
 21
0.044135
 31
0.0
  0
LINE
  5
1E73
  8
0
 10
0.6254260000000001
 20
0.044135
 30
0.0
 11
0.62399
 21
0.043652
 31
0.0
  0
LINE
  5
1E74
  8
0
 10
0.635681
 20
0.044513
 30
0.0
 11
0.63422
 21
0.044783
 31
0.0
  0
LINE
  5
1E75
  8
0
 10
0.63422
 20
0.044783
 30
0.0
 11
0.6327510000000001
 21
0.044946
 31
0.0
  0
LINE
  5
1E76
  8
0
 10
0.6327510000000001
 20
0.044946
 30
0.0
 11
0.6312790000000001
 21
0.045
 31
0.0
  0
LINE
  5
1E77
  8
0
 10
0.601279
 20
0.0
 30
0.0
 11
0.6012430000000001
 21
0.002208
 31
0.0
  0
LINE
  5
1E78
  8
0
 10
0.601315
 20
0.002208
 30
0.0
 11
0.601279
 21
0.0
 31
0.0
  0
LINE
  5
1E79
  8
0
 10
0.599987
 20
-0.013063
 30
0.0
 11
0.60038
 21
-0.010934
 31
0.0
  0
LINE
  5
1E7A
  8
0
 10
0.602178
 20
-0.010934
 30
0.0
 11
0.6025710000000001
 21
-0.013063
 31
0.0
  0
LINE
  5
1E7B
  8
0
 10
0.5983990000000003
 20
-0.01924
 30
0.0
 11
0.598996
 21
-0.017221
 31
0.0
  0
LINE
  5
1E7C
  8
0
 10
0.598996
 20
-0.017221
 30
0.0
 11
0.599525
 21
-0.01516
 31
0.0
  0
LINE
  5
1E7D
  8
0
 10
0.599525
 20
-0.01516
 30
0.0
 11
0.599987
 21
-0.013063
 31
0.0
  0
LINE
  5
1E7E
  8
0
 10
0.6025710000000001
 20
-0.013063
 30
0.0
 11
0.6030330000000002
 21
-0.01516
 31
0.0
  0
LINE
  5
1E7F
  8
0
 10
0.6030330000000002
 20
-0.01516
 30
0.0
 11
0.603563
 21
-0.017221
 31
0.0
  0
LINE
  5
1E80
  8
0
 10
0.603563
 20
-0.017221
 30
0.0
 11
0.6041600000000003
 21
-0.01924
 31
0.0
  0
LINE
  5
1E81
  8
0
 10
0.60038
 20
-0.010934
 30
0.0
 11
0.6007030000000002
 21
-0.008779
 31
0.0
  0
LINE
  5
1E82
  8
0
 10
0.6007030000000002
 20
-0.008779
 30
0.0
 11
0.600955
 21
-0.006603
 31
0.0
  0
LINE
  5
1E83
  8
0
 10
0.600955
 20
-0.006603
 30
0.0
 11
0.6011350000000001
 21
-0.004411
 31
0.0
  0
LINE
  5
1E84
  8
0
 10
0.6011350000000001
 20
-0.004411
 30
0.0
 11
0.6012430000000001
 21
-0.002208
 31
0.0
  0
LINE
  5
1E85
  8
0
 10
0.6012430000000001
 20
-0.002208
 30
0.0
 11
0.601279
 21
0.0
 31
0.0
  0
LINE
  5
1E86
  8
0
 10
0.601279
 20
0.0
 30
0.0
 11
0.601315
 21
-0.002208
 31
0.0
  0
LINE
  5
1E87
  8
0
 10
0.601315
 20
-0.002208
 30
0.0
 11
0.601424
 21
-0.004411
 31
0.0
  0
LINE
  5
1E88
  8
0
 10
0.601424
 20
-0.004411
 30
0.0
 11
0.6016040000000002
 21
-0.006603
 31
0.0
  0
LINE
  5
1E89
  8
0
 10
0.6016040000000002
 20
-0.006603
 30
0.0
 11
0.6018560000000001
 21
-0.008779
 31
0.0
  0
LINE
  5
1E8A
  8
0
 10
0.6018560000000001
 20
-0.008779
 30
0.0
 11
0.602178
 21
-0.010934
 31
0.0
  0
LINE
  5
1E8B
  8
0
 10
0.59447
 20
0.028548
 30
0.0
 11
0.5935080000000001
 21
0.03022
 31
0.0
  0
LINE
  5
1E8C
  8
0
 10
0.6012430000000001
 20
0.002208
 30
0.0
 11
0.6011350000000001
 21
0.004411
 31
0.0
  0
LINE
  5
1E8D
  8
0
 10
0.6011350000000001
 20
0.004411
 30
0.0
 11
0.600955
 21
0.006603
 31
0.0
  0
LINE
  5
1E8E
  8
0
 10
0.600955
 20
0.006603
 30
0.0
 11
0.6007030000000002
 21
0.008779
 31
0.0
  0
LINE
  5
1E8F
  8
0
 10
0.6007030000000002
 20
0.008779
 30
0.0
 11
0.60038
 21
0.010934
 31
0.0
  0
LINE
  5
1E90
  8
0
 10
0.60038
 20
0.010934
 30
0.0
 11
0.599987
 21
0.013063
 31
0.0
  0
LINE
  5
1E91
  8
0
 10
0.599987
 20
0.013063
 30
0.0
 11
0.599525
 21
0.01516
 31
0.0
  0
LINE
  5
1E92
  8
0
 10
0.599525
 20
0.01516
 30
0.0
 11
0.598996
 21
0.017221
 31
0.0
  0
LINE
  5
1E93
  8
0
 10
0.598996
 20
0.017221
 30
0.0
 11
0.5983990000000003
 21
0.01924
 31
0.0
  0
LINE
  5
1E94
  8
0
 10
0.5983990000000003
 20
0.01924
 30
0.0
 11
0.597737
 21
0.021213
 31
0.0
  0
LINE
  5
1E95
  8
0
 10
0.597737
 20
0.021213
 30
0.0
 11
0.597011
 21
0.023135
 31
0.0
  0
LINE
  5
1E96
  8
0
 10
0.597011
 20
0.023135
 30
0.0
 11
0.596223
 21
0.025001
 31
0.0
  0
LINE
  5
1E97
  8
0
 10
0.596223
 20
0.025001
 30
0.0
 11
0.595375
 21
0.026806
 31
0.0
  0
LINE
  5
1E98
  8
0
 10
0.595375
 20
0.026806
 30
0.0
 11
0.59447
 21
0.028548
 31
0.0
  0
LINE
  5
1E99
  8
0
 10
0.6041600000000003
 20
0.01924
 30
0.0
 11
0.603563
 21
0.017221
 31
0.0
  0
LINE
  5
1E9A
  8
0
 10
0.603563
 20
0.017221
 30
0.0
 11
0.6030330000000002
 21
0.01516
 31
0.0
  0
LINE
  5
1E9B
  8
0
 10
0.6030330000000002
 20
0.01516
 30
0.0
 11
0.6025710000000001
 21
0.013063
 31
0.0
  0
LINE
  5
1E9C
  8
0
 10
0.6025710000000001
 20
0.013063
 30
0.0
 11
0.602178
 21
0.010934
 31
0.0
  0
LINE
  5
1E9D
  8
0
 10
0.602178
 20
0.010934
 30
0.0
 11
0.6018560000000001
 21
0.008779
 31
0.0
  0
LINE
  5
1E9E
  8
0
 10
0.6018560000000001
 20
0.008779
 30
0.0
 11
0.6016040000000002
 21
0.006603
 31
0.0
  0
LINE
  5
1E9F
  8
0
 10
0.6016040000000002
 20
0.006603
 30
0.0
 11
0.601424
 21
0.004411
 31
0.0
  0
LINE
  5
1EA0
  8
0
 10
0.601424
 20
0.004411
 30
0.0
 11
0.601315
 21
0.002208
 31
0.0
  0
LINE
  5
1EA1
  8
0
 10
0.5441600000000001
 20
-0.01924
 30
0.0
 11
0.544822
 21
-0.021213
 31
0.0
  0
LINE
  5
1EA2
  8
0
 10
0.544822
 20
-0.021213
 30
0.0
 11
0.545548
 21
-0.023135
 31
0.0
  0
LINE
  5
1EA3
  8
0
 10
0.545548
 20
-0.023135
 30
0.0
 11
0.5463350000000001
 21
-0.025001
 31
0.0
  0
LINE
  5
1EA4
  8
0
 10
0.548089
 20
-0.028548
 30
0.0
 11
0.5490500000000001
 21
-0.03022
 31
0.0
  0
LINE
  5
1EA5
  8
0
 10
0.5463350000000001
 20
-0.025001
 30
0.0
 11
0.547183
 21
-0.026806
 31
0.0
  0
LINE
  5
1EA6
  8
0
 10
0.547183
 20
-0.026806
 30
0.0
 11
0.548089
 21
-0.028548
 31
0.0
  0
LINE
  5
1EA7
  8
0
 10
0.5534080000000002
 20
-0.036144
 30
0.0
 11
0.5546120000000001
 21
-0.037416
 31
0.0
  0
LINE
  5
1EA8
  8
0
 10
0.5490500000000001
 20
-0.03022
 30
0.0
 11
0.550066
 21
-0.03182
 31
0.0
  0
LINE
  5
1EA9
  8
0
 10
0.550066
 20
-0.03182
 30
0.0
 11
0.551132
 21
-0.033343
 31
0.0
  0
LINE
  5
1EAA
  8
0
 10
0.551132
 20
-0.033343
 30
0.0
 11
0.5522470000000002
 21
-0.034786
 31
0.0
  0
LINE
  5
1EAB
  8
0
 10
0.5522470000000002
 20
-0.034786
 30
0.0
 11
0.5534080000000002
 21
-0.036144
 31
0.0
  0
LINE
  5
1EAC
  8
0
 10
0.5546120000000001
 20
-0.037416
 30
0.0
 11
0.555856
 21
-0.038598
 31
0.0
  0
LINE
  5
1EAD
  8
0
 10
0.555856
 20
-0.038598
 30
0.0
 11
0.557137
 21
-0.039686
 31
0.0
  0
LINE
  5
1EAE
  8
0
 10
0.565426
 20
-0.044135
 30
0.0
 11
0.5668770000000001
 21
-0.044513
 31
0.0
  0
LINE
  5
1EAF
  8
0
 10
0.5668770000000001
 20
-0.044513
 30
0.0
 11
0.5683390000000001
 21
-0.044783
 31
0.0
  0
LINE
  5
1EB0
  8
0
 10
0.5683390000000001
 20
-0.044783
 30
0.0
 11
0.569807
 21
-0.044946
 31
0.0
  0
LINE
  5
1EB1
  8
0
 10
0.569807
 20
-0.044946
 30
0.0
 11
0.571279
 21
-0.045
 31
0.0
  0
LINE
  5
1EB2
  8
0
 10
0.571279
 20
-0.045
 30
0.0
 11
0.5727510000000005
 21
-0.044946
 31
0.0
  0
LINE
  5
1EB3
  8
0
 10
0.5727510000000005
 20
-0.044946
 30
0.0
 11
0.57422
 21
-0.044783
 31
0.0
  0
LINE
  5
1EB4
  8
0
 10
0.57422
 20
-0.044783
 30
0.0
 11
0.575681
 21
-0.044513
 31
0.0
  0
LINE
  5
1EB5
  8
0
 10
0.575681
 20
-0.044513
 30
0.0
 11
0.577132
 21
-0.044135
 31
0.0
  0
LINE
  5
1EB6
  8
0
 10
0.577132
 20
-0.044135
 30
0.0
 11
0.578569
 21
-0.043651
 31
0.0
  0
LINE
  5
1EB7
  8
0
 10
0.5584520000000001
 20
-0.040679
 30
0.0
 11
0.559799
 21
-0.041575
 31
0.0
  0
LINE
  5
1EB8
  8
0
 10
0.559799
 20
-0.041575
 30
0.0
 11
0.561173
 21
-0.04237
 31
0.0
  0
LINE
  5
1EB9
  8
0
 10
0.561173
 20
-0.04237
 30
0.0
 11
0.5625710000000002
 21
-0.043062
 31
0.0
  0
LINE
  5
1EBA
  8
0
 10
0.5625710000000002
 20
-0.043062
 30
0.0
 11
0.56399
 21
-0.043651
 31
0.0
  0
LINE
  5
1EBB
  8
0
 10
0.56399
 20
-0.043651
 30
0.0
 11
0.565426
 21
-0.044135
 31
0.0
  0
LINE
  5
1EBC
  8
0
 10
0.557137
 20
-0.039686
 30
0.0
 11
0.5584520000000001
 21
-0.040679
 31
0.0
  0
LINE
  5
1EBD
  8
0
 10
0.5546120000000001
 20
0.037416
 30
0.0
 11
0.5534080000000002
 21
0.036144
 31
0.0
  0
LINE
  5
1EBE
  8
0
 10
0.5534080000000002
 20
0.036144
 30
0.0
 11
0.5522470000000002
 21
0.034786
 31
0.0
  0
LINE
  5
1EBF
  8
0
 10
0.5522470000000002
 20
0.034786
 30
0.0
 11
0.551132
 21
0.033343
 31
0.0
  0
LINE
  5
1EC0
  8
0
 10
0.551132
 20
0.033343
 30
0.0
 11
0.550066
 21
0.03182
 31
0.0
  0
LINE
  5
1EC1
  8
0
 10
0.550066
 20
0.03182
 30
0.0
 11
0.5490500000000001
 21
0.03022
 31
0.0
  0
LINE
  5
1EC2
  8
0
 10
0.571279
 20
0.045
 30
0.0
 11
0.569807
 21
0.044946
 31
0.0
  0
LINE
  5
1EC3
  8
0
 10
0.569807
 20
0.044946
 30
0.0
 11
0.5683390000000001
 21
0.044783
 31
0.0
  0
LINE
  5
1EC4
  8
0
 10
0.5683390000000001
 20
0.044783
 30
0.0
 11
0.5668770000000001
 21
0.044513
 31
0.0
  0
LINE
  5
1EC5
  8
0
 10
0.5668770000000001
 20
0.044513
 30
0.0
 11
0.565426
 21
0.044135
 31
0.0
  0
LINE
  5
1EC6
  8
0
 10
0.578569
 20
0.043652
 30
0.0
 11
0.577132
 21
0.044135
 31
0.0
  0
LINE
  5
1EC7
  8
0
 10
0.577132
 20
0.044135
 30
0.0
 11
0.575681
 21
0.044513
 31
0.0
  0
LINE
  5
1EC8
  8
0
 10
0.575681
 20
0.044513
 30
0.0
 11
0.57422
 21
0.044783
 31
0.0
  0
LINE
  5
1EC9
  8
0
 10
0.57422
 20
0.044783
 30
0.0
 11
0.5727510000000005
 21
0.044946
 31
0.0
  0
LINE
  5
1ECA
  8
0
 10
0.5727510000000005
 20
0.044946
 30
0.0
 11
0.571279
 21
0.045
 31
0.0
  0
LINE
  5
1ECB
  8
0
 10
0.56399
 20
0.043652
 30
0.0
 11
0.5625710000000002
 21
0.043062
 31
0.0
  0
LINE
  5
1ECC
  8
0
 10
0.5625710000000002
 20
0.043062
 30
0.0
 11
0.561173
 21
0.04237
 31
0.0
  0
LINE
  5
1ECD
  8
0
 10
0.561173
 20
0.04237
 30
0.0
 11
0.559799
 21
0.041575
 31
0.0
  0
LINE
  5
1ECE
  8
0
 10
0.559799
 20
0.041575
 30
0.0
 11
0.5584520000000001
 21
0.040679
 31
0.0
  0
LINE
  5
1ECF
  8
0
 10
0.5584520000000001
 20
0.040679
 30
0.0
 11
0.557137
 21
0.039686
 31
0.0
  0
LINE
  5
1ED0
  8
0
 10
0.557137
 20
0.039686
 30
0.0
 11
0.555856
 21
0.038598
 31
0.0
  0
LINE
  5
1ED1
  8
0
 10
0.555856
 20
0.038598
 30
0.0
 11
0.5546120000000001
 21
0.037416
 31
0.0
  0
LINE
  5
1ED2
  8
0
 10
0.565426
 20
0.044135
 30
0.0
 11
0.56399
 21
0.043652
 31
0.0
  0
LINE
  5
1ED3
  8
0
 10
0.543563
 20
-0.017221
 30
0.0
 11
0.5441600000000001
 21
-0.01924
 31
0.0
  0
LINE
  5
1ED4
  8
0
 10
0.545548
 20
0.023135
 30
0.0
 11
0.544822
 21
0.021213
 31
0.0
  0
LINE
  5
1ED5
  8
0
 10
0.544822
 20
0.021213
 30
0.0
 11
0.5441600000000001
 21
0.01924
 31
0.0
  0
LINE
  5
1ED6
  8
0
 10
0.5441600000000001
 20
0.01924
 30
0.0
 11
0.543563
 21
0.017221
 31
0.0
  0
LINE
  5
1ED7
  8
0
 10
0.5463350000000001
 20
0.025001
 30
0.0
 11
0.545548
 21
0.023135
 31
0.0
  0
LINE
  5
1ED8
  8
0
 10
0.5490500000000001
 20
0.03022
 30
0.0
 11
0.548089
 21
0.028548
 31
0.0
  0
LINE
  5
1ED9
  8
0
 10
0.548089
 20
0.028548
 30
0.0
 11
0.547183
 21
0.026806
 31
0.0
  0
LINE
  5
1EDA
  8
0
 10
0.547183
 20
0.026806
 30
0.0
 11
0.5463350000000001
 21
0.025001
 31
0.0
  0
LINE
  5
1EDB
  8
0
 10
0.578569
 20
-0.043651
 30
0.0
 11
0.5799880000000001
 21
-0.043062
 31
0.0
  0
LINE
  5
1EDC
  8
0
 10
0.5799880000000001
 20
0.043062
 30
0.0
 11
0.578569
 21
0.043652
 31
0.0
  0
LINE
  5
1EDD
  8
0
 10
0.6371319999999999
 20
-0.044135
 30
0.0
 11
0.638569
 21
-0.043651
 31
0.0
  0
LINE
  5
1EDE
  8
0
 10
0.638569
 20
0.043652
 30
0.0
 11
0.6371319999999999
 21
0.044135
 31
0.0
  0
LINE
  5
1EDF
  8
0
 10
0.7542200000000002
 20
-0.044783
 30
0.0
 11
0.755681
 21
-0.044513
 31
0.0
  0
LINE
  5
1EE0
  8
0
 10
0.755681
 20
0.044513
 30
0.0
 11
0.7542200000000002
 21
0.044783
 31
0.0
  0
LINE
  5
1EE1
  8
0
 10
0.755681
 20
-0.044513
 30
0.0
 11
0.757132
 21
-0.044135
 31
0.0
  0
LINE
  5
1EE2
  8
0
 10
0.765421
 20
-0.039686
 30
0.0
 11
0.766702
 21
-0.038598
 31
0.0
  0
LINE
  5
1EE3
  8
0
 10
0.766702
 20
-0.038598
 30
0.0
 11
0.7679460000000004
 21
-0.037416
 31
0.0
  0
LINE
  5
1EE4
  8
0
 10
0.759988
 20
-0.043062
 30
0.0
 11
0.761386
 21
-0.04237
 31
0.0
  0
LINE
  5
1EE5
  8
0
 10
0.761386
 20
-0.04237
 30
0.0
 11
0.7627600000000001
 21
-0.041575
 31
0.0
  0
LINE
  5
1EE6
  8
0
 10
0.7627600000000001
 20
-0.041575
 30
0.0
 11
0.7641060000000001
 21
-0.040679
 31
0.0
  0
LINE
  5
1EE7
  8
0
 10
0.7641060000000001
 20
-0.040679
 30
0.0
 11
0.765421
 21
-0.039686
 31
0.0
  0
LINE
  5
1EE8
  8
0
 10
0.757132
 20
-0.044135
 30
0.0
 11
0.758569
 21
-0.043651
 31
0.0
  0
LINE
  5
1EE9
  8
0
 10
0.758569
 20
-0.043651
 30
0.0
 11
0.759988
 21
-0.043062
 31
0.0
  0
LINE
  5
1EEA
  8
0
 10
0.757132
 20
0.044135
 30
0.0
 11
0.755681
 21
0.044513
 31
0.0
  0
LINE
  5
1EEB
  8
0
 10
0.765421
 20
0.039686
 30
0.0
 11
0.7641060000000001
 21
0.040679
 31
0.0
  0
LINE
  5
1EEC
  8
0
 10
0.7641060000000001
 20
0.040679
 30
0.0
 11
0.7627600000000001
 21
0.041575
 31
0.0
  0
LINE
  5
1EED
  8
0
 10
0.7627600000000001
 20
0.041575
 30
0.0
 11
0.761386
 21
0.04237
 31
0.0
  0
LINE
  5
1EEE
  8
0
 10
0.761386
 20
0.04237
 30
0.0
 11
0.759988
 21
0.043062
 31
0.0
  0
LINE
  5
1EEF
  8
0
 10
0.7679460000000004
 20
0.037416
 30
0.0
 11
0.766702
 21
0.038598
 31
0.0
  0
LINE
  5
1EF0
  8
0
 10
0.766702
 20
0.038598
 30
0.0
 11
0.765421
 21
0.039686
 31
0.0
  0
LINE
  5
1EF1
  8
0
 10
0.758569
 20
0.043652
 30
0.0
 11
0.757132
 21
0.044135
 31
0.0
  0
LINE
  5
1EF2
  8
0
 10
0.759988
 20
0.043062
 30
0.0
 11
0.758569
 21
0.043652
 31
0.0
  0
LINE
  5
1EF3
  8
0
 10
0.7241590000000003
 20
-0.01924
 30
0.0
 11
0.724821
 21
-0.021213
 31
0.0
  0
LINE
  5
1EF4
  8
0
 10
0.717737
 20
-0.021213
 30
0.0
 11
0.718399
 21
-0.01924
 31
0.0
  0
LINE
  5
1EF5
  8
0
 10
0.697132
 20
-0.044135
 30
0.0
 11
0.698569
 21
-0.043651
 31
0.0
  0
LINE
  5
1EF6
  8
0
 10
0.7290510000000002
 20
-0.03022
 30
0.0
 11
0.730066
 21
-0.03182
 31
0.0
  0
LINE
  5
1EF7
  8
0
 10
0.725547
 20
-0.023135
 30
0.0
 11
0.7263350000000001
 21
-0.025001
 31
0.0
  0
LINE
  5
1EF8
  8
0
 10
0.7263350000000001
 20
-0.025001
 30
0.0
 11
0.7271830000000002
 21
-0.026806
 31
0.0
  0
LINE
  5
1EF9
  8
0
 10
0.7271830000000002
 20
-0.026806
 30
0.0
 11
0.728089
 21
-0.028548
 31
0.0
  0
LINE
  5
1EFA
  8
0
 10
0.728089
 20
-0.028548
 30
0.0
 11
0.7290510000000002
 21
-0.03022
 31
0.0
  0
LINE
  5
1EFB
  8
0
 10
0.724821
 20
-0.021213
 30
0.0
 11
0.725547
 21
-0.023135
 31
0.0
  0
LINE
  5
1EFC
  8
0
 10
0.730066
 20
-0.03182
 30
0.0
 11
0.7311320000000002
 21
-0.033343
 31
0.0
  0
LINE
  5
1EFD
  8
0
 10
0.7311320000000002
 20
-0.033343
 30
0.0
 11
0.732247
 21
-0.034786
 31
0.0
  0
LINE
  5
1EFE
  8
0
 10
0.732247
 20
-0.034786
 30
0.0
 11
0.733408
 21
-0.036144
 31
0.0
  0
LINE
  5
1EFF
  8
0
 10
0.733408
 20
-0.036144
 30
0.0
 11
0.7346120000000002
 21
-0.037416
 31
0.0
  0
LINE
  5
1F00
  8
0
 10
0.7346120000000002
 20
-0.037416
 30
0.0
 11
0.7358560000000001
 21
-0.038598
 31
0.0
  0
LINE
  5
1F01
  8
0
 10
0.5112790000000002
 20
-0.045
 30
0.0
 11
0.181279
 21
-0.045
 31
0.0
  0
LINE
  5
1F02
  8
0
 10
0.181279
 20
0.045
 30
0.0
 11
0.5112790000000002
 21
0.045
 31
0.0
  0
LINE
  5
1F03
  8
0
 10
0.407946
 20
-0.037416
 30
0.0
 11
0.40915
 21
-0.036144
 31
0.0
  0
LINE
  5
1F04
  8
0
 10
0.40915
 20
0.036144
 30
0.0
 11
0.407946
 21
0.037416
 31
0.0
  0
LINE
  5
1F05
  8
0
 10
0.51422
 20
0.044783
 30
0.0
 11
0.5127510000000001
 21
0.044946
 31
0.0
  0
LINE
  5
1F06
  8
0
 10
0.5127510000000001
 20
-0.044946
 30
0.0
 11
0.51422
 21
-0.044783
 31
0.0
  0
LINE
  5
1F07
  8
0
 10
0.537737
 20
-0.021213
 30
0.0
 11
0.538399
 21
-0.01924
 31
0.0
  0
LINE
  5
1F08
  8
0
 10
0.5362230000000002
 20
-0.025001
 30
0.0
 11
0.5370110000000003
 21
-0.023135
 31
0.0
  0
LINE
  5
1F09
  8
0
 10
0.5314260000000001
 20
-0.033343
 30
0.0
 11
0.532492
 21
-0.03182
 31
0.0
  0
LINE
  5
1F0A
  8
0
 10
0.5254210000000002
 20
-0.039686
 30
0.0
 11
0.5267020000000004
 21
-0.038598
 31
0.0
  0
LINE
  5
1F0B
  8
0
 10
0.5267020000000004
 20
-0.038598
 30
0.0
 11
0.527947
 21
-0.037416
 31
0.0
  0
LINE
  5
1F0C
  8
0
 10
0.527947
 20
-0.037416
 30
0.0
 11
0.52915
 21
-0.036144
 31
0.0
  0
LINE
  5
1F0D
  8
0
 10
0.52915
 20
-0.036144
 30
0.0
 11
0.5303110000000001
 21
-0.034786
 31
0.0
  0
LINE
  5
1F0E
  8
0
 10
0.5303110000000001
 20
-0.034786
 30
0.0
 11
0.5314260000000001
 21
-0.033343
 31
0.0
  0
LINE
  5
1F0F
  8
0
 10
0.532492
 20
-0.03182
 30
0.0
 11
0.533508
 21
-0.03022
 31
0.0
  0
LINE
  5
1F10
  8
0
 10
0.533508
 20
-0.03022
 30
0.0
 11
0.53447
 21
-0.028548
 31
0.0
  0
LINE
  5
1F11
  8
0
 10
0.53447
 20
-0.028548
 30
0.0
 11
0.535375
 21
-0.026806
 31
0.0
  0
LINE
  5
1F12
  8
0
 10
0.535375
 20
-0.026806
 30
0.0
 11
0.5362230000000002
 21
-0.025001
 31
0.0
  0
LINE
  5
1F13
  8
0
 10
0.51422
 20
-0.044783
 30
0.0
 11
0.5156810000000001
 21
-0.044513
 31
0.0
  0
LINE
  5
1F14
  8
0
 10
0.5156810000000001
 20
-0.044513
 30
0.0
 11
0.517132
 21
-0.044135
 31
0.0
  0
LINE
  5
1F15
  8
0
 10
0.517132
 20
-0.044135
 30
0.0
 11
0.518569
 21
-0.043651
 31
0.0
  0
LINE
  5
1F16
  8
0
 10
0.518569
 20
-0.043651
 30
0.0
 11
0.5199880000000002
 21
-0.043062
 31
0.0
  0
LINE
  5
1F17
  8
0
 10
0.5199880000000002
 20
-0.043062
 30
0.0
 11
0.5213860000000003
 21
-0.04237
 31
0.0
  0
LINE
  5
1F18
  8
0
 10
0.5213860000000003
 20
-0.04237
 30
0.0
 11
0.52276
 21
-0.041575
 31
0.0
  0
LINE
  5
1F19
  8
0
 10
0.52276
 20
-0.041575
 30
0.0
 11
0.5241060000000001
 21
-0.040679
 31
0.0
  0
LINE
  5
1F1A
  8
0
 10
0.5241060000000001
 20
-0.040679
 30
0.0
 11
0.5254210000000002
 21
-0.039686
 31
0.0
  0
LINE
  5
1F1B
  8
0
 10
0.5370110000000003
 20
-0.023135
 30
0.0
 11
0.537737
 21
-0.021213
 31
0.0
  0
LINE
  5
1F1C
  8
0
 10
0.541279
 20
0.0
 30
0.0
 11
0.5412430000000003
 21
0.002208
 31
0.0
  0
LINE
  5
1F1D
  8
0
 10
0.5407029999999999
 20
-0.008779
 30
0.0
 11
0.540955
 21
-0.006603
 31
0.0
  0
LINE
  5
1F1E
  8
0
 10
0.540955
 20
-0.006603
 30
0.0
 11
0.5411350000000003
 21
-0.004411
 31
0.0
  0
LINE
  5
1F1F
  8
0
 10
0.5411350000000003
 20
-0.004411
 30
0.0
 11
0.5412430000000003
 21
-0.002208
 31
0.0
  0
LINE
  5
1F20
  8
0
 10
0.5412430000000003
 20
-0.002208
 30
0.0
 11
0.541279
 21
0.0
 31
0.0
  0
LINE
  5
1F21
  8
0
 10
0.5412430000000003
 20
0.002208
 30
0.0
 11
0.5411350000000003
 21
0.004411
 31
0.0
  0
LINE
  5
1F22
  8
0
 10
0.5411350000000003
 20
0.004411
 30
0.0
 11
0.540955
 21
0.006603
 31
0.0
  0
LINE
  5
1F23
  8
0
 10
0.540955
 20
0.006603
 30
0.0
 11
0.5407029999999999
 21
0.008779
 31
0.0
  0
LINE
  5
1F24
  8
0
 10
0.54038
 20
-0.010934
 30
0.0
 11
0.5407029999999999
 21
-0.008779
 31
0.0
  0
LINE
  5
1F25
  8
0
 10
0.5407029999999999
 20
0.008779
 30
0.0
 11
0.54038
 21
0.010934
 31
0.0
  0
LINE
  5
1F26
  8
0
 10
0.539987
 20
-0.013063
 30
0.0
 11
0.54038
 21
-0.010934
 31
0.0
  0
LINE
  5
1F27
  8
0
 10
0.538399
 20
-0.01924
 30
0.0
 11
0.5389960000000003
 21
-0.017221
 31
0.0
  0
LINE
  5
1F28
  8
0
 10
0.5389960000000003
 20
-0.017221
 30
0.0
 11
0.5395250000000003
 21
-0.01516
 31
0.0
  0
LINE
  5
1F29
  8
0
 10
0.5395250000000003
 20
-0.01516
 30
0.0
 11
0.539987
 21
-0.013063
 31
0.0
  0
LINE
  5
1F2A
  8
0
 10
0.54038
 20
0.010934
 30
0.0
 11
0.539987
 21
0.013063
 31
0.0
  0
LINE
  5
1F2B
  8
0
 10
0.539987
 20
0.013063
 30
0.0
 11
0.5395250000000003
 21
0.01516
 31
0.0
  0
LINE
  5
1F2C
  8
0
 10
0.5395250000000003
 20
0.01516
 30
0.0
 11
0.5389960000000003
 21
0.017221
 31
0.0
  0
LINE
  5
1F2D
  8
0
 10
0.5389960000000003
 20
0.017221
 30
0.0
 11
0.538399
 21
0.01924
 31
0.0
  0
LINE
  5
1F2E
  8
0
 10
0.538399
 20
0.01924
 30
0.0
 11
0.537737
 21
0.021213
 31
0.0
  0
LINE
  5
1F2F
  8
0
 10
0.532492
 20
0.03182
 30
0.0
 11
0.5314260000000001
 21
0.033343
 31
0.0
  0
LINE
  5
1F30
  8
0
 10
0.5314260000000001
 20
0.033343
 30
0.0
 11
0.5303110000000001
 21
0.034786
 31
0.0
  0
LINE
  5
1F31
  8
0
 10
0.5303110000000001
 20
0.034786
 30
0.0
 11
0.52915
 21
0.036144
 31
0.0
  0
LINE
  5
1F32
  8
0
 10
0.52915
 20
0.036144
 30
0.0
 11
0.527947
 21
0.037416
 31
0.0
  0
LINE
  5
1F33
  8
0
 10
0.527947
 20
0.037416
 30
0.0
 11
0.5267020000000004
 21
0.038598
 31
0.0
  0
LINE
  5
1F34
  8
0
 10
0.5267020000000004
 20
0.038598
 30
0.0
 11
0.5254210000000002
 21
0.039686
 31
0.0
  0
LINE
  5
1F35
  8
0
 10
0.5254210000000002
 20
0.039686
 30
0.0
 11
0.5241060000000001
 21
0.040679
 31
0.0
  0
LINE
  5
1F36
  8
0
 10
0.5241060000000001
 20
0.040679
 30
0.0
 11
0.52276
 21
0.041575
 31
0.0
  0
LINE
  5
1F37
  8
0
 10
0.52276
 20
0.041575
 30
0.0
 11
0.5213860000000003
 21
0.04237
 31
0.0
  0
LINE
  5
1F38
  8
0
 10
0.5213860000000003
 20
0.04237
 30
0.0
 11
0.5199880000000002
 21
0.043062
 31
0.0
  0
LINE
  5
1F39
  8
0
 10
0.5199880000000002
 20
0.043062
 30
0.0
 11
0.518569
 21
0.043652
 31
0.0
  0
LINE
  5
1F3A
  8
0
 10
0.518569
 20
0.043652
 30
0.0
 11
0.517132
 21
0.044135
 31
0.0
  0
LINE
  5
1F3B
  8
0
 10
0.517132
 20
0.044135
 30
0.0
 11
0.5156810000000001
 21
0.044513
 31
0.0
  0
LINE
  5
1F3C
  8
0
 10
0.5156810000000001
 20
0.044513
 30
0.0
 11
0.51422
 21
0.044783
 31
0.0
  0
LINE
  5
1F3D
  8
0
 10
0.533508
 20
0.03022
 30
0.0
 11
0.532492
 21
0.03182
 31
0.0
  0
LINE
  5
1F3E
  8
0
 10
0.53447
 20
0.028548
 30
0.0
 11
0.533508
 21
0.03022
 31
0.0
  0
LINE
  5
1F3F
  8
0
 10
0.5370110000000003
 20
0.023135
 30
0.0
 11
0.5362230000000002
 21
0.025001
 31
0.0
  0
LINE
  5
1F40
  8
0
 10
0.5362230000000002
 20
0.025001
 30
0.0
 11
0.535375
 21
0.026806
 31
0.0
  0
LINE
  5
1F41
  8
0
 10
0.535375
 20
0.026806
 30
0.0
 11
0.53447
 21
0.028548
 31
0.0
  0
LINE
  5
1F42
  8
0
 10
0.537737
 20
0.021213
 30
0.0
 11
0.5370110000000003
 21
0.023135
 31
0.0
  0
LINE
  5
1F43
  8
0
 10
0.4841600000000001
 20
-0.01924
 30
0.0
 11
0.4848220000000003
 21
-0.021213
 31
0.0
  0
LINE
  5
1F44
  8
0
 10
0.477737
 20
-0.021213
 30
0.0
 11
0.478399
 21
-0.01924
 31
0.0
  0
LINE
  5
1F45
  8
0
 10
0.45422
 20
-0.044783
 30
0.0
 11
0.4556810000000004
 21
-0.044513
 31
0.0
  0
LINE
  5
1F46
  8
0
 10
0.487183
 20
-0.026806
 30
0.0
 11
0.4880890000000001
 21
-0.028548
 31
0.0
  0
LINE
  5
1F47
  8
0
 10
0.4880890000000001
 20
-0.028548
 30
0.0
 11
0.48905
 21
-0.03022
 31
0.0
  0
LINE
  5
1F48
  8
0
 10
0.48905
 20
-0.03022
 30
0.0
 11
0.4900660000000002
 21
-0.03182
 31
0.0
  0
LINE
  5
1F49
  8
0
 10
0.4900660000000002
 20
-0.03182
 30
0.0
 11
0.491132
 21
-0.033343
 31
0.0
  0
LINE
  5
1F4A
  8
0
 10
0.491132
 20
-0.033343
 30
0.0
 11
0.4922470000000001
 21
-0.034786
 31
0.0
  0
LINE
  5
1F4B
  8
0
 10
0.4922470000000001
 20
-0.034786
 30
0.0
 11
0.493408
 21
-0.036144
 31
0.0
  0
LINE
  5
1F4C
  8
0
 10
0.493408
 20
-0.036144
 30
0.0
 11
0.494612
 21
-0.037416
 31
0.0
  0
LINE
  5
1F4D
  8
0
 10
0.494612
 20
-0.037416
 30
0.0
 11
0.4958560000000001
 21
-0.038598
 31
0.0
  0
LINE
  5
1F4E
  8
0
 10
0.4958560000000001
 20
-0.038598
 30
0.0
 11
0.4971370000000002
 21
-0.039686
 31
0.0
  0
LINE
  5
1F4F
  8
0
 10
0.485548
 20
-0.023135
 30
0.0
 11
0.4863350000000001
 21
-0.025001
 31
0.0
  0
LINE
  5
1F50
  8
0
 10
0.4848220000000003
 20
-0.021213
 30
0.0
 11
0.485548
 21
-0.023135
 31
0.0
  0
LINE
  5
1F51
  8
0
 10
0.4863350000000001
 20
-0.025001
 30
0.0
 11
0.487183
 21
-0.026806
 31
0.0
  0
LINE
  5
1F52
  8
0
 10
0.509807
 20
-0.044946
 30
0.0
 11
0.5112790000000002
 21
-0.045
 31
0.0
  0
LINE
  5
1F53
  8
0
 10
0.4984520000000002
 20
-0.040679
 30
0.0
 11
0.499799
 21
-0.041575
 31
0.0
  0
LINE
  5
1F54
  8
0
 10
0.499799
 20
-0.041575
 30
0.0
 11
0.501173
 21
-0.04237
 31
0.0
  0
LINE
  5
1F55
  8
0
 10
0.501173
 20
-0.04237
 30
0.0
 11
0.5025710000000001
 21
-0.043062
 31
0.0
  0
LINE
  5
1F56
  8
0
 10
0.5025710000000001
 20
-0.043062
 30
0.0
 11
0.50399
 21
-0.043651
 31
0.0
  0
LINE
  5
1F57
  8
0
 10
0.50399
 20
-0.043651
 30
0.0
 11
0.5054260000000002
 21
-0.044135
 31
0.0
  0
LINE
  5
1F58
  8
0
 10
0.5054260000000002
 20
-0.044135
 30
0.0
 11
0.5068770000000004
 21
-0.044513
 31
0.0
  0
LINE
  5
1F59
  8
0
 10
0.5068770000000004
 20
-0.044513
 30
0.0
 11
0.508339
 21
-0.044783
 31
0.0
  0
LINE
  5
1F5A
  8
0
 10
0.508339
 20
-0.044783
 30
0.0
 11
0.509807
 21
-0.044946
 31
0.0
  0
LINE
  5
1F5B
  8
0
 10
0.4971370000000002
 20
-0.039686
 30
0.0
 11
0.4984520000000002
 21
-0.040679
 31
0.0
  0
LINE
  5
1F5C
  8
0
 10
0.476223
 20
-0.025001
 30
0.0
 11
0.477011
 21
-0.023135
 31
0.0
  0
LINE
  5
1F5D
  8
0
 10
0.47447
 20
-0.028548
 30
0.0
 11
0.4753750000000001
 21
-0.026806
 31
0.0
  0
LINE
  5
1F5E
  8
0
 10
0.465421
 20
-0.039686
 30
0.0
 11
0.4667020000000001
 21
-0.038598
 31
0.0
  0
LINE
  5
1F5F
  8
0
 10
0.4667020000000001
 20
-0.038598
 30
0.0
 11
0.4679470000000002
 21
-0.037416
 31
0.0
  0
LINE
  5
1F60
  8
0
 10
0.4679470000000002
 20
-0.037416
 30
0.0
 11
0.4691500000000002
 21
-0.036144
 31
0.0
  0
LINE
  5
1F61
  8
0
 10
0.4691500000000002
 20
-0.036144
 30
0.0
 11
0.470311
 21
-0.034786
 31
0.0
  0
LINE
  5
1F62
  8
0
 10
0.470311
 20
-0.034786
 30
0.0
 11
0.4714260000000003
 21
-0.033343
 31
0.0
  0
LINE
  5
1F63
  8
0
 10
0.4714260000000003
 20
-0.033343
 30
0.0
 11
0.472492
 21
-0.03182
 31
0.0
  0
LINE
  5
1F64
  8
0
 10
0.472492
 20
-0.03182
 30
0.0
 11
0.473508
 21
-0.03022
 31
0.0
  0
LINE
  5
1F65
  8
0
 10
0.473508
 20
-0.03022
 30
0.0
 11
0.47447
 21
-0.028548
 31
0.0
  0
LINE
  5
1F66
  8
0
 10
0.4753750000000001
 20
-0.026806
 30
0.0
 11
0.476223
 21
-0.025001
 31
0.0
  0
LINE
  5
1F67
  8
0
 10
0.477011
 20
-0.023135
 30
0.0
 11
0.477737
 21
-0.021213
 31
0.0
  0
LINE
  5
1F68
  8
0
 10
0.4556810000000004
 20
-0.044513
 30
0.0
 11
0.457132
 21
-0.044135
 31
0.0
  0
LINE
  5
1F69
  8
0
 10
0.457132
 20
-0.044135
 30
0.0
 11
0.458569
 21
-0.043651
 31
0.0
  0
LINE
  5
1F6A
  8
0
 10
0.458569
 20
-0.043651
 30
0.0
 11
0.459988
 21
-0.043062
 31
0.0
  0
LINE
  5
1F6B
  8
0
 10
0.459988
 20
-0.043062
 30
0.0
 11
0.461386
 21
-0.04237
 31
0.0
  0
LINE
  5
1F6C
  8
0
 10
0.461386
 20
-0.04237
 30
0.0
 11
0.4627600000000001
 21
-0.041575
 31
0.0
  0
LINE
  5
1F6D
  8
0
 10
0.4627600000000001
 20
-0.041575
 30
0.0
 11
0.4641060000000001
 21
-0.040679
 31
0.0
  0
LINE
  5
1F6E
  8
0
 10
0.4641060000000001
 20
-0.040679
 30
0.0
 11
0.465421
 21
-0.039686
 31
0.0
  0
LINE
  5
1F6F
  8
0
 10
0.4556810000000004
 20
0.044513
 30
0.0
 11
0.45422
 21
0.044783
 31
0.0
  0
LINE
  5
1F70
  8
0
 10
0.501173
 20
0.04237
 30
0.0
 11
0.499799
 21
0.041575
 31
0.0
  0
LINE
  5
1F71
  8
0
 10
0.499799
 20
0.041575
 30
0.0
 11
0.4984520000000002
 21
0.040679
 31
0.0
  0
LINE
  5
1F72
  8
0
 10
0.4984520000000002
 20
0.040679
 30
0.0
 11
0.4971370000000002
 21
0.039686
 31
0.0
  0
LINE
  5
1F73
  8
0
 10
0.4971370000000002
 20
0.039686
 30
0.0
 11
0.4958560000000001
 21
0.038598
 31
0.0
  0
LINE
  5
1F74
  8
0
 10
0.4958560000000001
 20
0.038598
 30
0.0
 11
0.494612
 21
0.037416
 31
0.0
  0
LINE
  5
1F75
  8
0
 10
0.494612
 20
0.037416
 30
0.0
 11
0.493408
 21
0.036144
 31
0.0
  0
LINE
  5
1F76
  8
0
 10
0.493408
 20
0.036144
 30
0.0
 11
0.4922470000000001
 21
0.034786
 31
0.0
  0
LINE
  5
1F77
  8
0
 10
0.4922470000000001
 20
0.034786
 30
0.0
 11
0.491132
 21
0.033343
 31
0.0
  0
LINE
  5
1F78
  8
0
 10
0.491132
 20
0.033343
 30
0.0
 11
0.4900660000000002
 21
0.03182
 31
0.0
  0
LINE
  5
1F79
  8
0
 10
0.4900660000000002
 20
0.03182
 30
0.0
 11
0.48905
 21
0.03022
 31
0.0
  0
LINE
  5
1F7A
  8
0
 10
0.509807
 20
0.044946
 30
0.0
 11
0.508339
 21
0.044783
 31
0.0
  0
LINE
  5
1F7B
  8
0
 10
0.4863350000000001
 20
0.025001
 30
0.0
 11
0.485548
 21
0.023135
 31
0.0
  0
LINE
  5
1F7C
  8
0
 10
0.485548
 20
0.023135
 30
0.0
 11
0.4848220000000003
 21
0.021213
 31
0.0
  0
LINE
  5
1F7D
  8
0
 10
0.4848220000000003
 20
0.021213
 30
0.0
 11
0.4841600000000001
 21
0.01924
 31
0.0
  0
LINE
  5
1F7E
  8
0
 10
0.4841600000000001
 20
0.01924
 30
0.0
 11
0.483563
 21
0.017221
 31
0.0
  0
LINE
  5
1F7F
  8
0
 10
0.483563
 20
0.017221
 30
0.0
 11
0.483033
 21
0.01516
 31
0.0
  0
LINE
  5
1F80
  8
0
 10
0.483033
 20
0.01516
 30
0.0
 11
0.482571
 21
0.013063
 31
0.0
  0
LINE
  5
1F81
  8
0
 10
0.482571
 20
0.013063
 30
0.0
 11
0.4821780000000003
 21
0.010934
 31
0.0
  0
LINE
  5
1F82
  8
0
 10
0.4821780000000003
 20
0.010934
 30
0.0
 11
0.4818560000000002
 21
0.008779
 31
0.0
  0
LINE
  5
1F83
  8
0
 10
0.4818560000000002
 20
0.008779
 30
0.0
 11
0.481604
 21
0.006603
 31
0.0
  0
LINE
  5
1F84
  8
0
 10
0.481604
 20
0.006603
 30
0.0
 11
0.481424
 21
0.004411
 31
0.0
  0
LINE
  5
1F85
  8
0
 10
0.481424
 20
0.004411
 30
0.0
 11
0.481315
 21
0.002208
 31
0.0
  0
LINE
  5
1F86
  8
0
 10
0.481243
 20
0.002208
 30
0.0
 11
0.481135
 21
0.004411
 31
0.0
  0
LINE
  5
1F87
  8
0
 10
0.481135
 20
0.004411
 30
0.0
 11
0.480955
 21
0.006603
 31
0.0
  0
LINE
  5
1F88
  8
0
 10
0.480955
 20
0.006603
 30
0.0
 11
0.4807030000000001
 21
0.008779
 31
0.0
  0
LINE
  5
1F89
  8
0
 10
0.4807030000000001
 20
0.008779
 30
0.0
 11
0.4803800000000001
 21
0.010934
 31
0.0
  0
LINE
  5
1F8A
  8
0
 10
0.4803800000000001
 20
0.010934
 30
0.0
 11
0.4799870000000002
 21
0.013063
 31
0.0
  0
LINE
  5
1F8B
  8
0
 10
0.4799870000000002
 20
0.013063
 30
0.0
 11
0.479525
 21
0.01516
 31
0.0
  0
LINE
  5
1F8C
  8
0
 10
0.479525
 20
0.01516
 30
0.0
 11
0.478996
 21
0.017221
 31
0.0
  0
LINE
  5
1F8D
  8
0
 10
0.487183
 20
0.026806
 30
0.0
 11
0.4863350000000001
 21
0.025001
 31
0.0
  0
LINE
  5
1F8E
  8
0
 10
0.481315
 20
0.002208
 30
0.0
 11
0.481279
 21
0.0
 31
0.0
  0
LINE
  5
1F8F
  8
0
 10
0.481279
 20
0.0
 30
0.0
 11
0.481243
 21
0.002208
 31
0.0
  0
LINE
  5
1F90
  8
0
 10
0.4821780000000003
 20
-0.010934
 30
0.0
 11
0.482571
 21
-0.013063
 31
0.0
  0
LINE
  5
1F91
  8
0
 10
0.4799870000000002
 20
-0.013063
 30
0.0
 11
0.4803800000000001
 21
-0.010934
 31
0.0
  0
LINE
  5
1F92
  8
0
 10
0.482571
 20
-0.013063
 30
0.0
 11
0.483033
 21
-0.01516
 31
0.0
  0
LINE
  5
1F93
  8
0
 10
0.483033
 20
-0.01516
 30
0.0
 11
0.483563
 21
-0.017221
 31
0.0
  0
LINE
  5
1F94
  8
0
 10
0.483563
 20
-0.017221
 30
0.0
 11
0.4841600000000001
 21
-0.01924
 31
0.0
  0
LINE
  5
1F95
  8
0
 10
0.478996
 20
-0.017221
 30
0.0
 11
0.479525
 21
-0.01516
 31
0.0
  0
LINE
  5
1F96
  8
0
 10
0.479525
 20
-0.01516
 30
0.0
 11
0.4799870000000002
 21
-0.013063
 31
0.0
  0
LINE
  5
1F97
  8
0
 10
0.481279
 20
0.0
 30
0.0
 11
0.481315
 21
-0.002208
 31
0.0
  0
LINE
  5
1F98
  8
0
 10
0.481315
 20
-0.002208
 30
0.0
 11
0.481424
 21
-0.004411
 31
0.0
  0
LINE
  5
1F99
  8
0
 10
0.481424
 20
-0.004411
 30
0.0
 11
0.481604
 21
-0.006603
 31
0.0
  0
LINE
  5
1F9A
  8
0
 10
0.481604
 20
-0.006603
 30
0.0
 11
0.4818560000000002
 21
-0.008779
 31
0.0
  0
LINE
  5
1F9B
  8
0
 10
0.4818560000000002
 20
-0.008779
 30
0.0
 11
0.4821780000000003
 21
-0.010934
 31
0.0
  0
LINE
  5
1F9C
  8
0
 10
0.4803800000000001
 20
-0.010934
 30
0.0
 11
0.4807030000000001
 21
-0.008779
 31
0.0
  0
LINE
  5
1F9D
  8
0
 10
0.4807030000000001
 20
-0.008779
 30
0.0
 11
0.480955
 21
-0.006603
 31
0.0
  0
LINE
  5
1F9E
  8
0
 10
0.480955
 20
-0.006603
 30
0.0
 11
0.481135
 21
-0.004411
 31
0.0
  0
LINE
  5
1F9F
  8
0
 10
0.481135
 20
-0.004411
 30
0.0
 11
0.481243
 21
-0.002208
 31
0.0
  0
LINE
  5
1FA0
  8
0
 10
0.481243
 20
-0.002208
 30
0.0
 11
0.481279
 21
0.0
 31
0.0
  0
LINE
  5
1FA1
  8
0
 10
0.48905
 20
0.03022
 30
0.0
 11
0.4880890000000001
 21
0.028548
 31
0.0
  0
LINE
  5
1FA2
  8
0
 10
0.5112790000000002
 20
0.045
 30
0.0
 11
0.509807
 21
0.044946
 31
0.0
  0
LINE
  5
1FA3
  8
0
 10
0.508339
 20
0.044783
 30
0.0
 11
0.5068770000000004
 21
0.044513
 31
0.0
  0
LINE
  5
1FA4
  8
0
 10
0.5068770000000004
 20
0.044513
 30
0.0
 11
0.5054260000000002
 21
0.044135
 31
0.0
  0
LINE
  5
1FA5
  8
0
 10
0.5054260000000002
 20
0.044135
 30
0.0
 11
0.50399
 21
0.043652
 31
0.0
  0
LINE
  5
1FA6
  8
0
 10
0.50399
 20
0.043652
 30
0.0
 11
0.5025710000000001
 21
0.043062
 31
0.0
  0
LINE
  5
1FA7
  8
0
 10
0.5025710000000001
 20
0.043062
 30
0.0
 11
0.501173
 21
0.04237
 31
0.0
  0
LINE
  5
1FA8
  8
0
 10
0.47447
 20
0.028548
 30
0.0
 11
0.473508
 21
0.03022
 31
0.0
  0
LINE
  5
1FA9
  8
0
 10
0.4753750000000001
 20
0.026806
 30
0.0
 11
0.47447
 21
0.028548
 31
0.0
  0
LINE
  5
1FAA
  8
0
 10
0.478399
 20
0.01924
 30
0.0
 11
0.477737
 21
0.021213
 31
0.0
  0
LINE
  5
1FAB
  8
0
 10
0.477737
 20
0.021213
 30
0.0
 11
0.477011
 21
0.023135
 31
0.0
  0
LINE
  5
1FAC
  8
0
 10
0.477011
 20
0.023135
 30
0.0
 11
0.476223
 21
0.025001
 31
0.0
  0
LINE
  5
1FAD
  8
0
 10
0.476223
 20
0.025001
 30
0.0
 11
0.4753750000000001
 21
0.026806
 31
0.0
  0
LINE
  5
1FAE
  8
0
 10
0.473508
 20
0.03022
 30
0.0
 11
0.472492
 21
0.03182
 31
0.0
  0
LINE
  5
1FAF
  8
0
 10
0.472492
 20
0.03182
 30
0.0
 11
0.4714260000000003
 21
0.033343
 31
0.0
  0
LINE
  5
1FB0
  8
0
 10
0.4714260000000003
 20
0.033343
 30
0.0
 11
0.470311
 21
0.034786
 31
0.0
  0
LINE
  5
1FB1
  8
0
 10
0.470311
 20
0.034786
 30
0.0
 11
0.4691500000000002
 21
0.036144
 31
0.0
  0
LINE
  5
1FB2
  8
0
 10
0.4691500000000002
 20
0.036144
 30
0.0
 11
0.4679470000000002
 21
0.037416
 31
0.0
  0
LINE
  5
1FB3
  8
0
 10
0.4679470000000002
 20
0.037416
 30
0.0
 11
0.4667020000000001
 21
0.038598
 31
0.0
  0
LINE
  5
1FB4
  8
0
 10
0.4667020000000001
 20
0.038598
 30
0.0
 11
0.465421
 21
0.039686
 31
0.0
  0
LINE
  5
1FB5
  8
0
 10
0.465421
 20
0.039686
 30
0.0
 11
0.4641060000000001
 21
0.040679
 31
0.0
  0
LINE
  5
1FB6
  8
0
 10
0.4641060000000001
 20
0.040679
 30
0.0
 11
0.4627600000000001
 21
0.041575
 31
0.0
  0
LINE
  5
1FB7
  8
0
 10
0.4627600000000001
 20
0.041575
 30
0.0
 11
0.461386
 21
0.04237
 31
0.0
  0
LINE
  5
1FB8
  8
0
 10
0.461386
 20
0.04237
 30
0.0
 11
0.459988
 21
0.043062
 31
0.0
  0
LINE
  5
1FB9
  8
0
 10
0.459988
 20
0.043062
 30
0.0
 11
0.458569
 21
0.043652
 31
0.0
  0
LINE
  5
1FBA
  8
0
 10
0.458569
 20
0.043652
 30
0.0
 11
0.457132
 21
0.044135
 31
0.0
  0
LINE
  5
1FBB
  8
0
 10
0.457132
 20
0.044135
 30
0.0
 11
0.4556810000000004
 21
0.044513
 31
0.0
  0
LINE
  5
1FBC
  8
0
 10
0.478996
 20
0.017221
 30
0.0
 11
0.478399
 21
0.01924
 31
0.0
  0
LINE
  5
1FBD
  8
0
 10
0.478399
 20
-0.01924
 30
0.0
 11
0.478996
 21
-0.017221
 31
0.0
  0
LINE
  5
1FBE
  8
0
 10
0.451279
 20
-0.045
 30
0.0
 11
0.4527510000000003
 21
-0.044946
 31
0.0
  0
LINE
  5
1FBF
  8
0
 10
0.430066
 20
-0.03182
 30
0.0
 11
0.431132
 21
-0.033343
 31
0.0
  0
LINE
  5
1FC0
  8
0
 10
0.431132
 20
-0.033343
 30
0.0
 11
0.4322470000000001
 21
-0.034786
 31
0.0
  0
LINE
  5
1FC1
  8
0
 10
0.4322470000000001
 20
-0.034786
 30
0.0
 11
0.4334080000000001
 21
-0.036144
 31
0.0
  0
LINE
  5
1FC2
  8
0
 10
0.4334080000000001
 20
-0.036144
 30
0.0
 11
0.434612
 21
-0.037416
 31
0.0
  0
LINE
  5
1FC3
  8
0
 10
0.434612
 20
-0.037416
 30
0.0
 11
0.4358560000000001
 21
-0.038598
 31
0.0
  0
LINE
  5
1FC4
  8
0
 10
0.4358560000000001
 20
-0.038598
 30
0.0
 11
0.437137
 21
-0.039686
 31
0.0
  0
LINE
  5
1FC5
  8
0
 10
0.4384520000000001
 20
-0.040679
 30
0.0
 11
0.439799
 21
-0.041575
 31
0.0
  0
LINE
  5
1FC6
  8
0
 10
0.441173
 20
-0.04237
 30
0.0
 11
0.442571
 21
-0.043062
 31
0.0
  0
LINE
  5
1FC7
  8
0
 10
0.439799
 20
-0.041575
 30
0.0
 11
0.441173
 21
-0.04237
 31
0.0
  0
LINE
  5
1FC8
  8
0
 10
0.442571
 20
-0.043062
 30
0.0
 11
0.44399
 21
-0.043651
 31
0.0
  0
LINE
  5
1FC9
  8
0
 10
0.44399
 20
-0.043651
 30
0.0
 11
0.4454260000000004
 21
-0.044135
 31
0.0
  0
LINE
  5
1FCA
  8
0
 10
0.4454260000000004
 20
-0.044135
 30
0.0
 11
0.4468770000000001
 21
-0.044513
 31
0.0
  0
LINE
  5
1FCB
  8
0
 10
0.4468770000000001
 20
-0.044513
 30
0.0
 11
0.448339
 21
-0.044783
 31
0.0
  0
LINE
  5
1FCC
  8
0
 10
0.448339
 20
-0.044783
 30
0.0
 11
0.449807
 21
-0.044946
 31
0.0
  0
LINE
  5
1FCD
  8
0
 10
0.449807
 20
-0.044946
 30
0.0
 11
0.451279
 21
-0.045
 31
0.0
  0
LINE
  5
1FCE
  8
0
 10
0.437137
 20
-0.039686
 30
0.0
 11
0.4384520000000001
 21
-0.040679
 31
0.0
  0
LINE
  5
1FCF
  8
0
 10
0.4527510000000003
 20
0.044946
 30
0.0
 11
0.451279
 21
0.045
 31
0.0
  0
LINE
  5
1FD0
  8
0
 10
0.439799
 20
0.041575
 30
0.0
 11
0.4384520000000001
 21
0.040679
 31
0.0
  0
LINE
  5
1FD1
  8
0
 10
0.4384520000000001
 20
0.040679
 30
0.0
 11
0.437137
 21
0.039686
 31
0.0
  0
LINE
  5
1FD2
  8
0
 10
0.437137
 20
0.039686
 30
0.0
 11
0.4358560000000001
 21
0.038598
 31
0.0
  0
LINE
  5
1FD3
  8
0
 10
0.4358560000000001
 20
0.038598
 30
0.0
 11
0.434612
 21
0.037416
 31
0.0
  0
LINE
  5
1FD4
  8
0
 10
0.434612
 20
0.037416
 30
0.0
 11
0.4334080000000001
 21
0.036144
 31
0.0
  0
LINE
  5
1FD5
  8
0
 10
0.4334080000000001
 20
0.036144
 30
0.0
 11
0.4322470000000001
 21
0.034786
 31
0.0
  0
LINE
  5
1FD6
  8
0
 10
0.4322470000000001
 20
0.034786
 30
0.0
 11
0.431132
 21
0.033343
 31
0.0
  0
LINE
  5
1FD7
  8
0
 10
0.431132
 20
0.033343
 30
0.0
 11
0.430066
 21
0.03182
 31
0.0
  0
LINE
  5
1FD8
  8
0
 10
0.442571
 20
0.043062
 30
0.0
 11
0.441173
 21
0.04237
 31
0.0
  0
LINE
  5
1FD9
  8
0
 10
0.441173
 20
0.04237
 30
0.0
 11
0.439799
 21
0.041575
 31
0.0
  0
LINE
  5
1FDA
  8
0
 10
0.451279
 20
0.045
 30
0.0
 11
0.449807
 21
0.044946
 31
0.0
  0
LINE
  5
1FDB
  8
0
 10
0.449807
 20
0.044946
 30
0.0
 11
0.448339
 21
0.044783
 31
0.0
  0
LINE
  5
1FDC
  8
0
 10
0.448339
 20
0.044783
 30
0.0
 11
0.4468770000000001
 21
0.044513
 31
0.0
  0
LINE
  5
1FDD
  8
0
 10
0.4468770000000001
 20
0.044513
 30
0.0
 11
0.4454260000000004
 21
0.044135
 31
0.0
  0
LINE
  5
1FDE
  8
0
 10
0.4454260000000004
 20
0.044135
 30
0.0
 11
0.44399
 21
0.043652
 31
0.0
  0
LINE
  5
1FDF
  8
0
 10
0.44399
 20
0.043652
 30
0.0
 11
0.442571
 21
0.043062
 31
0.0
  0
LINE
  5
1FE0
  8
0
 10
0.4527510000000003
 20
-0.044946
 30
0.0
 11
0.45422
 21
-0.044783
 31
0.0
  0
LINE
  5
1FE1
  8
0
 10
0.45422
 20
0.044783
 30
0.0
 11
0.4527510000000003
 21
0.044946
 31
0.0
  0
LINE
  5
1FE2
  8
0
 10
0.5112790000000002
 20
0.045
 30
0.0
 11
0.541279
 21
0.045
 31
0.0
  0
LINE
  5
1FE3
  8
0
 10
0.541279
 20
-0.045
 30
0.0
 11
0.5112790000000002
 21
-0.045
 31
0.0
  0
LINE
  5
1FE4
  8
0
 10
0.5112790000000002
 20
-0.045
 30
0.0
 11
0.5127510000000001
 21
-0.044946
 31
0.0
  0
LINE
  5
1FE5
  8
0
 10
0.5127510000000001
 20
0.044946
 30
0.0
 11
0.5112790000000002
 21
0.045
 31
0.0
  0
LINE
  5
1FE6
  8
0
 10
0.4880890000000001
 20
0.028548
 30
0.0
 11
0.479525
 21
0.01516
 31
0.0
  0
LINE
  5
1FE7
  8
0
 10
0.42905
 20
-0.03022
 30
0.0
 11
0.430066
 21
-0.03182
 31
0.0
  0
LINE
  5
1FE8
  8
0
 10
0.430066
 20
0.03182
 30
0.0
 11
0.42905
 21
0.03022
 31
0.0
  0
LINE
  5
1FE9
  8
0
 10
0.42416
 20
-0.01924
 30
0.0
 11
0.424822
 21
-0.021213
 31
0.0
  0
LINE
  5
1FEA
  8
0
 10
0.417737
 20
-0.021213
 30
0.0
 11
0.418399
 21
-0.01924
 31
0.0
  0
LINE
  5
1FEB
  8
0
 10
0.425548
 20
-0.023135
 30
0.0
 11
0.426335
 21
-0.025001
 31
0.0
  0
LINE
  5
1FEC
  8
0
 10
0.426335
 20
-0.025001
 30
0.0
 11
0.427183
 21
-0.026806
 31
0.0
  0
LINE
  5
1FED
  8
0
 10
0.427183
 20
-0.026806
 30
0.0
 11
0.4280890000000002
 21
-0.028548
 31
0.0
  0
LINE
  5
1FEE
  8
0
 10
0.4280890000000002
 20
-0.028548
 30
0.0
 11
0.42905
 21
-0.03022
 31
0.0
  0
LINE
  5
1FEF
  8
0
 10
0.424822
 20
-0.021213
 30
0.0
 11
0.425548
 21
-0.023135
 31
0.0
  0
LINE
  5
1FF0
  8
0
 10
0.416223
 20
-0.025001
 30
0.0
 11
0.417011
 21
-0.023135
 31
0.0
  0
LINE
  5
1FF1
  8
0
 10
0.40915
 20
-0.036144
 30
0.0
 11
0.410311
 21
-0.034786
 31
0.0
  0
LINE
  5
1FF2
  8
0
 10
0.410311
 20
-0.034786
 30
0.0
 11
0.411426
 21
-0.033343
 31
0.0
  0
LINE
  5
1FF3
  8
0
 10
0.411426
 20
-0.033343
 30
0.0
 11
0.4124920000000003
 21
-0.03182
 31
0.0
  0
LINE
  5
1FF4
  8
0
 10
0.4124920000000003
 20
-0.03182
 30
0.0
 11
0.4135080000000002
 21
-0.03022
 31
0.0
  0
LINE
  5
1FF5
  8
0
 10
0.4135080000000002
 20
-0.03022
 30
0.0
 11
0.414469
 21
-0.028548
 31
0.0
  0
LINE
  5
1FF6
  8
0
 10
0.414469
 20
-0.028548
 30
0.0
 11
0.415375
 21
-0.026806
 31
0.0
  0
LINE
  5
1FF7
  8
0
 10
0.415375
 20
-0.026806
 30
0.0
 11
0.416223
 21
-0.025001
 31
0.0
  0
LINE
  5
1FF8
  8
0
 10
0.417011
 20
-0.023135
 30
0.0
 11
0.417737
 21
-0.021213
 31
0.0
  0
LINE
  5
1FF9
  8
0
 10
0.419987
 20
-0.013063
 30
0.0
 11
0.4203800000000001
 21
-0.010934
 31
0.0
  0
LINE
  5
1FFA
  8
0
 10
0.4203800000000001
 20
0.010934
 30
0.0
 11
0.419987
 21
0.013063
 31
0.0
  0
LINE
  5
1FFB
  8
0
 10
0.421279
 20
0.0
 30
0.0
 11
0.4212430000000003
 21
0.002208
 31
0.0
  0
LINE
  5
1FFC
  8
0
 10
0.421315
 20
0.002208
 30
0.0
 11
0.421279
 21
0.0
 31
0.0
  0
LINE
  5
1FFD
  8
0
 10
0.422178
 20
-0.010934
 30
0.0
 11
0.4225710000000002
 21
-0.013063
 31
0.0
  0
LINE
  5
1FFE
  8
0
 10
0.4225710000000002
 20
-0.013063
 30
0.0
 11
0.4230330000000003
 21
-0.01516
 31
0.0
  0
LINE
  5
1FFF
  8
0
 10
0.4230330000000003
 20
-0.01516
 30
0.0
 11
0.4235630000000001
 21
-0.017221
 31
0.0
  0
LINE
  5
2000
  8
0
 10
0.4235630000000001
 20
-0.017221
 30
0.0
 11
0.42416
 21
-0.01924
 31
0.0
  0
LINE
  5
2001
  8
0
 10
0.4203800000000001
 20
-0.010934
 30
0.0
 11
0.420703
 21
-0.008779
 31
0.0
  0
LINE
  5
2002
  8
0
 10
0.420703
 20
-0.008779
 30
0.0
 11
0.420954
 21
-0.006603
 31
0.0
  0
LINE
  5
2003
  8
0
 10
0.420954
 20
-0.006603
 30
0.0
 11
0.4211350000000003
 21
-0.004411
 31
0.0
  0
LINE
  5
2004
  8
0
 10
0.4211350000000003
 20
-0.004411
 30
0.0
 11
0.4212430000000003
 21
-0.002208
 31
0.0
  0
LINE
  5
2005
  8
0
 10
0.4212430000000003
 20
-0.002208
 30
0.0
 11
0.421279
 21
0.0
 31
0.0
  0
LINE
  5
2006
  8
0
 10
0.421279
 20
0.0
 30
0.0
 11
0.421315
 21
-0.002208
 31
0.0
  0
LINE
  5
2007
  8
0
 10
0.421315
 20
-0.002208
 30
0.0
 11
0.421424
 21
-0.004411
 31
0.0
  0
LINE
  5
2008
  8
0
 10
0.421424
 20
-0.004411
 30
0.0
 11
0.421604
 21
-0.006603
 31
0.0
  0
LINE
  5
2009
  8
0
 10
0.421604
 20
-0.006603
 30
0.0
 11
0.4218560000000001
 21
-0.008779
 31
0.0
  0
LINE
  5
200A
  8
0
 10
0.4218560000000001
 20
-0.008779
 30
0.0
 11
0.422178
 21
-0.010934
 31
0.0
  0
LINE
  5
200B
  8
0
 10
0.42905
 20
0.03022
 30
0.0
 11
0.4280890000000002
 21
0.028548
 31
0.0
  0
LINE
  5
200C
  8
0
 10
0.4212430000000003
 20
0.002208
 30
0.0
 11
0.4211350000000003
 21
0.004411
 31
0.0
  0
LINE
  5
200D
  8
0
 10
0.4211350000000003
 20
0.004411
 30
0.0
 11
0.420954
 21
0.006603
 31
0.0
  0
LINE
  5
200E
  8
0
 10
0.420954
 20
0.006603
 30
0.0
 11
0.420703
 21
0.008779
 31
0.0
  0
LINE
  5
200F
  8
0
 10
0.420703
 20
0.008779
 30
0.0
 11
0.4203800000000001
 21
0.010934
 31
0.0
  0
LINE
  5
2010
  8
0
 10
0.4280890000000002
 20
0.028548
 30
0.0
 11
0.427183
 21
0.026806
 31
0.0
  0
LINE
  5
2011
  8
0
 10
0.427183
 20
0.026806
 30
0.0
 11
0.426335
 21
0.025001
 31
0.0
  0
LINE
  5
2012
  8
0
 10
0.426335
 20
0.025001
 30
0.0
 11
0.425548
 21
0.023135
 31
0.0
  0
LINE
  5
2013
  8
0
 10
0.425548
 20
0.023135
 30
0.0
 11
0.424822
 21
0.021213
 31
0.0
  0
LINE
  5
2014
  8
0
 10
0.424822
 20
0.021213
 30
0.0
 11
0.42416
 21
0.01924
 31
0.0
  0
LINE
  5
2015
  8
0
 10
0.42416
 20
0.01924
 30
0.0
 11
0.4235630000000001
 21
0.017221
 31
0.0
  0
LINE
  5
2016
  8
0
 10
0.4235630000000001
 20
0.017221
 30
0.0
 11
0.4230330000000003
 21
0.01516
 31
0.0
  0
LINE
  5
2017
  8
0
 10
0.4230330000000003
 20
0.01516
 30
0.0
 11
0.4225710000000002
 21
0.013063
 31
0.0
  0
LINE
  5
2018
  8
0
 10
0.4225710000000002
 20
0.013063
 30
0.0
 11
0.422178
 21
0.010934
 31
0.0
  0
LINE
  5
2019
  8
0
 10
0.422178
 20
0.010934
 30
0.0
 11
0.4218560000000001
 21
0.008779
 31
0.0
  0
LINE
  5
201A
  8
0
 10
0.4218560000000001
 20
0.008779
 30
0.0
 11
0.421604
 21
0.006603
 31
0.0
  0
LINE
  5
201B
  8
0
 10
0.421604
 20
0.006603
 30
0.0
 11
0.421424
 21
0.004411
 31
0.0
  0
LINE
  5
201C
  8
0
 10
0.421424
 20
0.004411
 30
0.0
 11
0.421315
 21
0.002208
 31
0.0
  0
LINE
  5
201D
  8
0
 10
0.418399
 20
-0.01924
 30
0.0
 11
0.4189960000000001
 21
-0.017221
 31
0.0
  0
LINE
  5
201E
  8
0
 10
0.4189960000000001
 20
-0.017221
 30
0.0
 11
0.419525
 21
-0.01516
 31
0.0
  0
LINE
  5
201F
  8
0
 10
0.419525
 20
-0.01516
 30
0.0
 11
0.419987
 21
-0.013063
 31
0.0
  0
LINE
  5
2020
  8
0
 10
0.414469
 20
0.028548
 30
0.0
 11
0.4135080000000002
 21
0.03022
 31
0.0
  0
LINE
  5
2021
  8
0
 10
0.419987
 20
0.013063
 30
0.0
 11
0.419525
 21
0.01516
 31
0.0
  0
LINE
  5
2022
  8
0
 10
0.419525
 20
0.01516
 30
0.0
 11
0.4189960000000001
 21
0.017221
 31
0.0
  0
LINE
  5
2023
  8
0
 10
0.4189960000000001
 20
0.017221
 30
0.0
 11
0.418399
 21
0.01924
 31
0.0
  0
LINE
  5
2024
  8
0
 10
0.418399
 20
0.01924
 30
0.0
 11
0.417737
 21
0.021213
 31
0.0
  0
LINE
  5
2025
  8
0
 10
0.417737
 20
0.021213
 30
0.0
 11
0.417011
 21
0.023135
 31
0.0
  0
LINE
  5
2026
  8
0
 10
0.417011
 20
0.023135
 30
0.0
 11
0.416223
 21
0.025001
 31
0.0
  0
LINE
  5
2027
  8
0
 10
0.416223
 20
0.025001
 30
0.0
 11
0.415375
 21
0.026806
 31
0.0
  0
LINE
  5
2028
  8
0
 10
0.415375
 20
0.026806
 30
0.0
 11
0.414469
 21
0.028548
 31
0.0
  0
LINE
  5
2029
  8
0
 10
0.4135080000000002
 20
0.03022
 30
0.0
 11
0.4124920000000003
 21
0.03182
 31
0.0
  0
LINE
  5
202A
  8
0
 10
0.4124920000000003
 20
0.03182
 30
0.0
 11
0.411426
 21
0.033343
 31
0.0
  0
LINE
  5
202B
  8
0
 10
0.411426
 20
0.033343
 30
0.0
 11
0.410311
 21
0.034786
 31
0.0
  0
LINE
  5
202C
  8
0
 10
0.410311
 20
0.034786
 30
0.0
 11
0.40915
 21
0.036144
 31
0.0
  0
LINE
  5
202D
  8
0
 10
0.375856
 20
-0.038598
 30
0.0
 11
0.377137
 21
-0.039686
 31
0.0
  0
LINE
  5
202E
  8
0
 10
0.378452
 20
-0.040679
 30
0.0
 11
0.379799
 21
-0.041575
 31
0.0
  0
LINE
  5
202F
  8
0
 10
0.379799
 20
-0.041575
 30
0.0
 11
0.3811719999999999
 21
-0.04237
 31
0.0
  0
LINE
  5
2030
  8
0
 10
0.3811719999999999
 20
-0.04237
 30
0.0
 11
0.382571
 21
-0.043062
 31
0.0
  0
LINE
  5
2031
  8
0
 10
0.382571
 20
-0.043062
 30
0.0
 11
0.38399
 21
-0.043651
 31
0.0
  0
LINE
  5
2032
  8
0
 10
0.38399
 20
-0.043651
 30
0.0
 11
0.385426
 21
-0.044135
 31
0.0
  0
LINE
  5
2033
  8
0
 10
0.385426
 20
-0.044135
 30
0.0
 11
0.3868769999999999
 21
-0.044513
 31
0.0
  0
LINE
  5
2034
  8
0
 10
0.3868769999999999
 20
-0.044513
 30
0.0
 11
0.388339
 21
-0.044783
 31
0.0
  0
LINE
  5
2035
  8
0
 10
0.388339
 20
-0.044783
 30
0.0
 11
0.389807
 21
-0.044946
 31
0.0
  0
LINE
  5
2036
  8
0
 10
0.389807
 20
-0.044946
 30
0.0
 11
0.391279
 21
-0.045
 31
0.0
  0
LINE
  5
2037
  8
0
 10
0.391279
 20
-0.045
 30
0.0
 11
0.392751
 21
-0.044946
 31
0.0
  0
LINE
  5
2038
  8
0
 10
0.392751
 20
-0.044946
 30
0.0
 11
0.39422
 21
-0.044783
 31
0.0
  0
LINE
  5
2039
  8
0
 10
0.377137
 20
-0.039686
 30
0.0
 11
0.378452
 21
-0.040679
 31
0.0
  0
LINE
  5
203A
  8
0
 10
0.356223
 20
-0.025001
 30
0.0
 11
0.357011
 21
-0.023135
 31
0.0
  0
LINE
  5
203B
  8
0
 10
0.351426
 20
-0.033343
 30
0.0
 11
0.352492
 21
-0.03182
 31
0.0
  0
LINE
  5
203C
  8
0
 10
0.345421
 20
-0.039686
 30
0.0
 11
0.346702
 21
-0.038598
 31
0.0
  0
LINE
  5
203D
  8
0
 10
0.346702
 20
-0.038598
 30
0.0
 11
0.3479459999999999
 21
-0.037416
 31
0.0
  0
LINE
  5
203E
  8
0
 10
0.3479459999999999
 20
-0.037416
 30
0.0
 11
0.34915
 21
-0.036144
 31
0.0
  0
LINE
  5
203F
  8
0
 10
0.34915
 20
-0.036144
 30
0.0
 11
0.350311
 21
-0.034786
 31
0.0
  0
LINE
  5
2040
  8
0
 10
0.350311
 20
-0.034786
 30
0.0
 11
0.351426
 21
-0.033343
 31
0.0
  0
LINE
  5
2041
  8
0
 10
0.352492
 20
-0.03182
 30
0.0
 11
0.353508
 21
-0.03022
 31
0.0
  0
LINE
  5
2042
  8
0
 10
0.353508
 20
-0.03022
 30
0.0
 11
0.354469
 21
-0.028548
 31
0.0
  0
LINE
  5
2043
  8
0
 10
0.354469
 20
-0.028548
 30
0.0
 11
0.355375
 21
-0.026806
 31
0.0
  0
LINE
  5
2044
  8
0
 10
0.355375
 20
-0.026806
 30
0.0
 11
0.356223
 21
-0.025001
 31
0.0
  0
LINE
  5
2045
  8
0
 10
0.357011
 20
-0.023135
 30
0.0
 11
0.357737
 21
-0.021213
 31
0.0
  0
LINE
  5
2046
  8
0
 10
0.338569
 20
-0.043651
 30
0.0
 11
0.339988
 21
-0.043062
 31
0.0
  0
LINE
  5
2047
  8
0
 10
0.339988
 20
-0.043062
 30
0.0
 11
0.341386
 21
-0.04237
 31
0.0
  0
LINE
  5
2048
  8
0
 10
0.341386
 20
-0.04237
 30
0.0
 11
0.34276
 21
-0.041575
 31
0.0
  0
LINE
  5
2049
  8
0
 10
0.34276
 20
-0.041575
 30
0.0
 11
0.344106
 21
-0.040679
 31
0.0
  0
LINE
  5
204A
  8
0
 10
0.344106
 20
-0.040679
 30
0.0
 11
0.345421
 21
-0.039686
 31
0.0
  0
LINE
  5
204B
  8
0
 10
0.338569
 20
0.043652
 30
0.0
 11
0.337132
 21
0.044135
 31
0.0
  0
LINE
  5
204C
  8
0
 10
0.364821
 20
0.021213
 30
0.0
 11
0.364159
 21
0.01924
 31
0.0
  0
LINE
  5
204D
  8
0
 10
0.362178
 20
-0.010934
 30
0.0
 11
0.362571
 21
-0.013063
 31
0.0
  0
LINE
  5
204E
  8
0
 10
0.362571
 20
-0.013063
 30
0.0
 11
0.363033
 21
-0.01516
 31
0.0
  0
LINE
  5
204F
  8
0
 10
0.363033
 20
-0.01516
 30
0.0
 11
0.363563
 21
-0.017221
 31
0.0
  0
LINE
  5
2050
  8
0
 10
0.363563
 20
-0.017221
 30
0.0
 11
0.364159
 21
-0.01924
 31
0.0
  0
LINE
  5
2051
  8
0
 10
0.361856
 20
-0.008779
 30
0.0
 11
0.362178
 21
-0.010934
 31
0.0
  0
LINE
  5
2052
  8
0
 10
0.364159
 20
0.01924
 30
0.0
 11
0.363563
 21
0.017221
 31
0.0
  0
LINE
  5
2053
  8
0
 10
0.363563
 20
0.017221
 30
0.0
 11
0.363033
 21
0.01516
 31
0.0
  0
LINE
  5
2054
  8
0
 10
0.363033
 20
0.01516
 30
0.0
 11
0.362571
 21
0.013063
 31
0.0
  0
LINE
  5
2055
  8
0
 10
0.362571
 20
0.013063
 30
0.0
 11
0.362178
 21
0.010934
 31
0.0
  0
LINE
  5
2056
  8
0
 10
0.362178
 20
0.010934
 30
0.0
 11
0.361856
 21
0.008779
 31
0.0
  0
LINE
  5
2057
  8
0
 10
0.369051
 20
0.03022
 30
0.0
 11
0.368089
 21
0.028548
 31
0.0
  0
LINE
  5
2058
  8
0
 10
0.368089
 20
0.028548
 30
0.0
 11
0.367183
 21
0.026806
 31
0.0
  0
LINE
  5
2059
  8
0
 10
0.367183
 20
0.026806
 30
0.0
 11
0.3663349999999999
 21
0.025001
 31
0.0
  0
LINE
  5
205A
  8
0
 10
0.3663349999999999
 20
0.025001
 30
0.0
 11
0.3655469999999999
 21
0.023135
 31
0.0
  0
LINE
  5
205B
  8
0
 10
0.3655469999999999
 20
0.023135
 30
0.0
 11
0.364821
 21
0.021213
 31
0.0
  0
LINE
  5
205C
  8
0
 10
0.370066
 20
0.03182
 30
0.0
 11
0.369051
 21
0.03022
 31
0.0
  0
LINE
  5
205D
  8
0
 10
0.391279
 20
0.045
 30
0.0
 11
0.389807
 21
0.044946
 31
0.0
  0
LINE
  5
205E
  8
0
 10
0.389807
 20
0.044946
 30
0.0
 11
0.388339
 21
0.044783
 31
0.0
  0
LINE
  5
205F
  8
0
 10
0.388339
 20
0.044783
 30
0.0
 11
0.3868769999999999
 21
0.044513
 31
0.0
  0
LINE
  5
2060
  8
0
 10
0.3868769999999999
 20
0.044513
 30
0.0
 11
0.385426
 21
0.044135
 31
0.0
  0
LINE
  5
2061
  8
0
 10
0.385426
 20
0.044135
 30
0.0
 11
0.38399
 21
0.043652
 31
0.0
  0
LINE
  5
2062
  8
0
 10
0.38399
 20
0.043652
 30
0.0
 11
0.382571
 21
0.043062
 31
0.0
  0
LINE
  5
2063
  8
0
 10
0.382571
 20
0.043062
 30
0.0
 11
0.3811719999999999
 21
0.04237
 31
0.0
  0
LINE
  5
2064
  8
0
 10
0.3811719999999999
 20
0.04237
 30
0.0
 11
0.379799
 21
0.041575
 31
0.0
  0
LINE
  5
2065
  8
0
 10
0.379799
 20
0.041575
 30
0.0
 11
0.378452
 21
0.040679
 31
0.0
  0
LINE
  5
2066
  8
0
 10
0.378452
 20
0.040679
 30
0.0
 11
0.377137
 21
0.039686
 31
0.0
  0
LINE
  5
2067
  8
0
 10
0.377137
 20
0.039686
 30
0.0
 11
0.375856
 21
0.038598
 31
0.0
  0
LINE
  5
2068
  8
0
 10
0.375856
 20
0.038598
 30
0.0
 11
0.374612
 21
0.037416
 31
0.0
  0
LINE
  5
2069
  8
0
 10
0.374612
 20
0.037416
 30
0.0
 11
0.373408
 21
0.036144
 31
0.0
  0
LINE
  5
206A
  8
0
 10
0.373408
 20
0.036144
 30
0.0
 11
0.372247
 21
0.034786
 31
0.0
  0
LINE
  5
206B
  8
0
 10
0.372247
 20
0.034786
 30
0.0
 11
0.371132
 21
0.033343
 31
0.0
  0
LINE
  5
206C
  8
0
 10
0.371132
 20
0.033343
 30
0.0
 11
0.370066
 21
0.03182
 31
0.0
  0
LINE
  5
206D
  8
0
 10
0.39422
 20
0.044783
 30
0.0
 11
0.392751
 21
0.044946
 31
0.0
  0
LINE
  5
206E
  8
0
 10
0.392751
 20
0.044946
 30
0.0
 11
0.391279
 21
0.045
 31
0.0
  0
LINE
  5
206F
  8
0
 10
0.361315
 20
0.002208
 30
0.0
 11
0.361279
 21
0.0
 31
0.0
  0
LINE
  5
2070
  8
0
 10
0.361279
 20
0.0
 30
0.0
 11
0.361243
 21
0.002208
 31
0.0
  0
LINE
  5
2071
  8
0
 10
0.359987
 20
-0.013063
 30
0.0
 11
0.3603800000000001
 21
-0.010934
 31
0.0
  0
LINE
  5
2072
  8
0
 10
0.358399
 20
-0.01924
 30
0.0
 11
0.358996
 21
-0.017221
 31
0.0
  0
LINE
  5
2073
  8
0
 10
0.358996
 20
-0.017221
 30
0.0
 11
0.359525
 21
-0.01516
 31
0.0
  0
LINE
  5
2074
  8
0
 10
0.359525
 20
-0.01516
 30
0.0
 11
0.359987
 21
-0.013063
 31
0.0
  0
LINE
  5
2075
  8
0
 10
0.361279
 20
0.0
 30
0.0
 11
0.361315
 21
-0.002208
 31
0.0
  0
LINE
  5
2076
  8
0
 10
0.361315
 20
-0.002208
 30
0.0
 11
0.361424
 21
-0.004411
 31
0.0
  0
LINE
  5
2077
  8
0
 10
0.361424
 20
-0.004411
 30
0.0
 11
0.361604
 21
-0.006603
 31
0.0
  0
LINE
  5
2078
  8
0
 10
0.3603800000000001
 20
-0.010934
 30
0.0
 11
0.360703
 21
-0.008779
 31
0.0
  0
LINE
  5
2079
  8
0
 10
0.360703
 20
-0.008779
 30
0.0
 11
0.360954
 21
-0.006603
 31
0.0
  0
LINE
  5
207A
  8
0
 10
0.360954
 20
-0.006603
 30
0.0
 11
0.361135
 21
-0.004411
 31
0.0
  0
LINE
  5
207B
  8
0
 10
0.181279
 20
-0.045
 30
0.0
 11
0.181279
 21
0.045
 31
0.0
  0
LINE
  5
207C
  8
0
 10
0.181315
 20
0.002208
 30
0.0
 11
0.181279
 21
0.0
 31
0.0
  0
LINE
  5
207D
  8
0
 10
0.182178
 20
-0.010934
 30
0.0
 11
0.182571
 21
-0.013063
 31
0.0
  0
LINE
  5
207E
  8
0
 10
0.182571
 20
-0.013063
 30
0.0
 11
0.183033
 21
-0.01516
 31
0.0
  0
LINE
  5
207F
  8
0
 10
0.181279
 20
0.0
 30
0.0
 11
0.181315
 21
-0.002208
 31
0.0
  0
LINE
  5
2080
  8
0
 10
0.181315
 20
-0.002208
 30
0.0
 11
0.181424
 21
-0.004411
 31
0.0
  0
LINE
  5
2081
  8
0
 10
0.181424
 20
-0.004411
 30
0.0
 11
0.181604
 21
-0.006603
 31
0.0
  0
LINE
  5
2082
  8
0
 10
0.181604
 20
-0.006603
 30
0.0
 11
0.181856
 21
-0.008779
 31
0.0
  0
LINE
  5
2083
  8
0
 10
0.181856
 20
-0.008779
 30
0.0
 11
0.182178
 21
-0.010934
 31
0.0
  0
LINE
  5
2084
  8
0
 10
0.183033
 20
0.01516
 30
0.0
 11
0.182571
 21
0.013063
 31
0.0
  0
LINE
  5
2085
  8
0
 10
0.182571
 20
0.013063
 30
0.0
 11
0.182178
 21
0.010934
 31
0.0
  0
LINE
  5
2086
  8
0
 10
0.182178
 20
0.010934
 30
0.0
 11
0.181856
 21
0.008779
 31
0.0
  0
LINE
  5
2087
  8
0
 10
0.181856
 20
0.008779
 30
0.0
 11
0.181604
 21
0.006603
 31
0.0
  0
LINE
  5
2088
  8
0
 10
0.181604
 20
0.006603
 30
0.0
 11
0.181424
 21
0.004411
 31
0.0
  0
LINE
  5
2089
  8
0
 10
0.181424
 20
0.004411
 30
0.0
 11
0.181315
 21
0.002208
 31
0.0
  0
LINE
  5
208A
  8
0
 10
0.183033
 20
-0.01516
 30
0.0
 11
0.183563
 21
-0.017221
 31
0.0
  0
LINE
  5
208B
  8
0
 10
0.183563
 20
0.017221
 30
0.0
 11
0.183033
 21
0.01516
 31
0.0
  0
LINE
  5
208C
  8
0
 10
0.361135
 20
-0.004411
 30
0.0
 11
0.361243
 21
-0.002208
 31
0.0
  0
LINE
  5
208D
  8
0
 10
0.361243
 20
-0.002208
 30
0.0
 11
0.361279
 21
0.0
 31
0.0
  0
LINE
  5
208E
  8
0
 10
0.354469
 20
0.028548
 30
0.0
 11
0.353508
 21
0.03022
 31
0.0
  0
LINE
  5
208F
  8
0
 10
0.361604
 20
0.006603
 30
0.0
 11
0.361424
 21
0.004411
 31
0.0
  0
LINE
  5
2090
  8
0
 10
0.361424
 20
0.004411
 30
0.0
 11
0.361315
 21
0.002208
 31
0.0
  0
LINE
  5
2091
  8
0
 10
0.361243
 20
0.002208
 30
0.0
 11
0.361135
 21
0.004411
 31
0.0
  0
LINE
  5
2092
  8
0
 10
0.361135
 20
0.004411
 30
0.0
 11
0.360954
 21
0.006603
 31
0.0
  0
LINE
  5
2093
  8
0
 10
0.360954
 20
0.006603
 30
0.0
 11
0.360703
 21
0.008779
 31
0.0
  0
LINE
  5
2094
  8
0
 10
0.360703
 20
0.008779
 30
0.0
 11
0.3603800000000001
 21
0.010934
 31
0.0
  0
LINE
  5
2095
  8
0
 10
0.3603800000000001
 20
0.010934
 30
0.0
 11
0.359987
 21
0.013063
 31
0.0
  0
LINE
  5
2096
  8
0
 10
0.359987
 20
0.013063
 30
0.0
 11
0.359525
 21
0.01516
 31
0.0
  0
LINE
  5
2097
  8
0
 10
0.359525
 20
0.01516
 30
0.0
 11
0.358996
 21
0.017221
 31
0.0
  0
LINE
  5
2098
  8
0
 10
0.358996
 20
0.017221
 30
0.0
 11
0.358399
 21
0.01924
 31
0.0
  0
LINE
  5
2099
  8
0
 10
0.358399
 20
0.01924
 30
0.0
 11
0.357737
 21
0.021213
 31
0.0
  0
LINE
  5
209A
  8
0
 10
0.357737
 20
0.021213
 30
0.0
 11
0.357011
 21
0.023135
 31
0.0
  0
LINE
  5
209B
  8
0
 10
0.356223
 20
0.025001
 30
0.0
 11
0.355375
 21
0.026806
 31
0.0
  0
LINE
  5
209C
  8
0
 10
0.355375
 20
0.026806
 30
0.0
 11
0.354469
 21
0.028548
 31
0.0
  0
LINE
  5
209D
  8
0
 10
0.357011
 20
0.023135
 30
0.0
 11
0.356223
 21
0.025001
 31
0.0
  0
LINE
  5
209E
  8
0
 10
0.352492
 20
0.03182
 30
0.0
 11
0.351426
 21
0.033343
 31
0.0
  0
LINE
  5
209F
  8
0
 10
0.351426
 20
0.033343
 30
0.0
 11
0.350311
 21
0.034786
 31
0.0
  0
LINE
  5
20A0
  8
0
 10
0.350311
 20
0.034786
 30
0.0
 11
0.34915
 21
0.036144
 31
0.0
  0
LINE
  5
20A1
  8
0
 10
0.34915
 20
0.036144
 30
0.0
 11
0.3479459999999999
 21
0.037416
 31
0.0
  0
LINE
  5
20A2
  8
0
 10
0.3479459999999999
 20
0.037416
 30
0.0
 11
0.346702
 21
0.038598
 31
0.0
  0
LINE
  5
20A3
  8
0
 10
0.346702
 20
0.038598
 30
0.0
 11
0.345421
 21
0.039686
 31
0.0
  0
LINE
  5
20A4
  8
0
 10
0.345421
 20
0.039686
 30
0.0
 11
0.344106
 21
0.040679
 31
0.0
  0
LINE
  5
20A5
  8
0
 10
0.344106
 20
0.040679
 30
0.0
 11
0.34276
 21
0.041575
 31
0.0
  0
LINE
  5
20A6
  8
0
 10
0.34276
 20
0.041575
 30
0.0
 11
0.341386
 21
0.04237
 31
0.0
  0
LINE
  5
20A7
  8
0
 10
0.341386
 20
0.04237
 30
0.0
 11
0.339988
 21
0.043062
 31
0.0
  0
LINE
  5
20A8
  8
0
 10
0.339988
 20
0.043062
 30
0.0
 11
0.338569
 21
0.043652
 31
0.0
  0
LINE
  5
20A9
  8
0
 10
0.353508
 20
0.03022
 30
0.0
 11
0.352492
 21
0.03182
 31
0.0
  0
LINE
  5
20AA
  8
0
 10
0.361604
 20
-0.006603
 30
0.0
 11
0.361856
 21
-0.008779
 31
0.0
  0
LINE
  5
20AB
  8
0
 10
0.361856
 20
0.008779
 30
0.0
 11
0.361604
 21
0.006603
 31
0.0
  0
LINE
  5
20AC
  8
0
 10
0.304159
 20
-0.01924
 30
0.0
 11
0.304821
 21
-0.021213
 31
0.0
  0
LINE
  5
20AD
  8
0
 10
0.297737
 20
-0.021213
 30
0.0
 11
0.298399
 21
-0.01924
 31
0.0
  0
LINE
  5
20AE
  8
0
 10
0.278569
 20
-0.043651
 30
0.0
 11
0.279988
 21
-0.043062
 31
0.0
  0
LINE
  5
20AF
  8
0
 10
0.312247
 20
-0.034786
 30
0.0
 11
0.313408
 21
-0.036144
 31
0.0
  0
LINE
  5
20B0
  8
0
 10
0.313408
 20
-0.036144
 30
0.0
 11
0.314612
 21
-0.037416
 31
0.0
  0
LINE
  5
20B1
  8
0
 10
0.314612
 20
-0.037416
 30
0.0
 11
0.315856
 21
-0.038598
 31
0.0
  0
LINE
  5
20B2
  8
0
 10
0.315856
 20
-0.038598
 30
0.0
 11
0.317137
 21
-0.039686
 31
0.0
  0
LINE
  5
20B3
  8
0
 10
0.305547
 20
-0.023135
 30
0.0
 11
0.306335
 21
-0.025001
 31
0.0
  0
LINE
  5
20B4
  8
0
 10
0.306335
 20
-0.025001
 30
0.0
 11
0.307183
 21
-0.026806
 31
0.0
  0
LINE
  5
20B5
  8
0
 10
0.307183
 20
-0.026806
 30
0.0
 11
0.308089
 21
-0.028548
 31
0.0
  0
LINE
  5
20B6
  8
0
 10
0.308089
 20
-0.028548
 30
0.0
 11
0.309051
 21
-0.03022
 31
0.0
  0
LINE
  5
20B7
  8
0
 10
0.309051
 20
-0.03022
 30
0.0
 11
0.310066
 21
-0.03182
 31
0.0
  0
LINE
  5
20B8
  8
0
 10
0.310066
 20
-0.03182
 30
0.0
 11
0.311132
 21
-0.033343
 31
0.0
  0
LINE
  5
20B9
  8
0
 10
0.304821
 20
-0.021213
 30
0.0
 11
0.305547
 21
-0.023135
 31
0.0
  0
LINE
  5
20BA
  8
0
 10
0.311132
 20
-0.033343
 30
0.0
 11
0.312247
 21
-0.034786
 31
0.0
  0
LINE
  5
20BB
  8
0
 10
0.332751
 20
-0.044946
 30
0.0
 11
0.33422
 21
-0.044783
 31
0.0
  0
LINE
  5
20BC
  8
0
 10
0.318452
 20
-0.040679
 30
0.0
 11
0.319799
 21
-0.041575
 31
0.0
  0
LINE
  5
20BD
  8
0
 10
0.319799
 20
-0.041575
 30
0.0
 11
0.321172
 21
-0.04237
 31
0.0
  0
LINE
  5
20BE
  8
0
 10
0.321172
 20
-0.04237
 30
0.0
 11
0.322571
 21
-0.043062
 31
0.0
  0
LINE
  5
20BF
  8
0
 10
0.322571
 20
-0.043062
 30
0.0
 11
0.32399
 21
-0.043651
 31
0.0
  0
LINE
  5
20C0
  8
0
 10
0.32399
 20
-0.043651
 30
0.0
 11
0.325426
 21
-0.044135
 31
0.0
  0
LINE
  5
20C1
  8
0
 10
0.325426
 20
-0.044135
 30
0.0
 11
0.326877
 21
-0.044513
 31
0.0
  0
LINE
  5
20C2
  8
0
 10
0.326877
 20
-0.044513
 30
0.0
 11
0.328339
 21
-0.044783
 31
0.0
  0
LINE
  5
20C3
  8
0
 10
0.328339
 20
-0.044783
 30
0.0
 11
0.329807
 21
-0.044946
 31
0.0
  0
LINE
  5
20C4
  8
0
 10
0.329807
 20
-0.044946
 30
0.0
 11
0.331279
 21
-0.045
 31
0.0
  0
LINE
  5
20C5
  8
0
 10
0.331279
 20
-0.045
 30
0.0
 11
0.332751
 21
-0.044946
 31
0.0
  0
LINE
  5
20C6
  8
0
 10
0.33422
 20
-0.044783
 30
0.0
 11
0.335681
 21
-0.044513
 31
0.0
  0
LINE
  5
20C7
  8
0
 10
0.317137
 20
-0.039686
 30
0.0
 11
0.318452
 21
-0.040679
 31
0.0
  0
LINE
  5
20C8
  8
0
 10
0.296223
 20
-0.025001
 30
0.0
 11
0.297011
 21
-0.023135
 31
0.0
  0
LINE
  5
20C9
  8
0
 10
0.285421
 20
-0.039686
 30
0.0
 11
0.286702
 21
-0.038598
 31
0.0
  0
LINE
  5
20CA
  8
0
 10
0.286702
 20
-0.038598
 30
0.0
 11
0.2879469999999999
 21
-0.037416
 31
0.0
  0
LINE
  5
20CB
  8
0
 10
0.2879469999999999
 20
-0.037416
 30
0.0
 11
0.28915
 21
-0.036144
 31
0.0
  0
LINE
  5
20CC
  8
0
 10
0.28915
 20
-0.036144
 30
0.0
 11
0.290311
 21
-0.034786
 31
0.0
  0
LINE
  5
20CD
  8
0
 10
0.290311
 20
-0.034786
 30
0.0
 11
0.291426
 21
-0.033343
 31
0.0
  0
LINE
  5
20CE
  8
0
 10
0.291426
 20
-0.033343
 30
0.0
 11
0.292492
 21
-0.03182
 31
0.0
  0
LINE
  5
20CF
  8
0
 10
0.292492
 20
-0.03182
 30
0.0
 11
0.293508
 21
-0.03022
 31
0.0
  0
LINE
  5
20D0
  8
0
 10
0.293508
 20
-0.03022
 30
0.0
 11
0.29447
 21
-0.028548
 31
0.0
  0
LINE
  5
20D1
  8
0
 10
0.29447
 20
-0.028548
 30
0.0
 11
0.295375
 21
-0.026806
 31
0.0
  0
LINE
  5
20D2
  8
0
 10
0.295375
 20
-0.026806
 30
0.0
 11
0.296223
 21
-0.025001
 31
0.0
  0
LINE
  5
20D3
  8
0
 10
0.297011
 20
-0.023135
 30
0.0
 11
0.297737
 21
-0.021213
 31
0.0
  0
LINE
  5
20D4
  8
0
 10
0.279988
 20
-0.043062
 30
0.0
 11
0.281386
 21
-0.04237
 31
0.0
  0
LINE
  5
20D5
  8
0
 10
0.281386
 20
-0.04237
 30
0.0
 11
0.28276
 21
-0.041575
 31
0.0
  0
LINE
  5
20D6
  8
0
 10
0.28276
 20
-0.041575
 30
0.0
 11
0.284106
 21
-0.040679
 31
0.0
  0
LINE
  5
20D7
  8
0
 10
0.284106
 20
-0.040679
 30
0.0
 11
0.285421
 21
-0.039686
 31
0.0
  0
LINE
  5
20D8
  8
0
 10
0.279988
 20
0.043062
 30
0.0
 11
0.278569
 21
0.043652
 31
0.0
  0
LINE
  5
20D9
  8
0
 10
0.303033
 20
-0.01516
 30
0.0
 11
0.303563
 21
-0.017221
 31
0.0
  0
LINE
  5
20DA
  8
0
 10
0.303563
 20
0.017221
 30
0.0
 11
0.303033
 21
0.01516
 31
0.0
  0
LINE
  5
20DB
  8
0
 10
0.303563
 20
-0.017221
 30
0.0
 11
0.304159
 21
-0.01924
 31
0.0
  0
LINE
  5
20DC
  8
0
 10
0.33422
 20
0.044783
 30
0.0
 11
0.332751
 21
0.044946
 31
0.0
  0
LINE
  5
20DD
  8
0
 10
0.331279
 20
0.045
 30
0.0
 11
0.329807
 21
0.044946
 31
0.0
  0
LINE
  5
20DE
  8
0
 10
0.329807
 20
0.044946
 30
0.0
 11
0.328339
 21
0.044783
 31
0.0
  0
LINE
  5
20DF
  8
0
 10
0.328339
 20
0.044783
 30
0.0
 11
0.326877
 21
0.044513
 31
0.0
  0
LINE
  5
20E0
  8
0
 10
0.326877
 20
0.044513
 30
0.0
 11
0.325426
 21
0.044135
 31
0.0
  0
LINE
  5
20E1
  8
0
 10
0.325426
 20
0.044135
 30
0.0
 11
0.32399
 21
0.043652
 31
0.0
  0
LINE
  5
20E2
  8
0
 10
0.32399
 20
0.043652
 30
0.0
 11
0.322571
 21
0.043062
 31
0.0
  0
LINE
  5
20E3
  8
0
 10
0.322571
 20
0.043062
 30
0.0
 11
0.321172
 21
0.04237
 31
0.0
  0
LINE
  5
20E4
  8
0
 10
0.321172
 20
0.04237
 30
0.0
 11
0.319799
 21
0.041575
 31
0.0
  0
LINE
  5
20E5
  8
0
 10
0.319799
 20
0.041575
 30
0.0
 11
0.318452
 21
0.040679
 31
0.0
  0
LINE
  5
20E6
  8
0
 10
0.318452
 20
0.040679
 30
0.0
 11
0.317137
 21
0.039686
 31
0.0
  0
LINE
  5
20E7
  8
0
 10
0.317137
 20
0.039686
 30
0.0
 11
0.315856
 21
0.038598
 31
0.0
  0
LINE
  5
20E8
  8
0
 10
0.315856
 20
0.038598
 30
0.0
 11
0.314612
 21
0.037416
 31
0.0
  0
LINE
  5
20E9
  8
0
 10
0.314612
 20
0.037416
 30
0.0
 11
0.313408
 21
0.036144
 31
0.0
  0
LINE
  5
20EA
  8
0
 10
0.313408
 20
0.036144
 30
0.0
 11
0.312247
 21
0.034786
 31
0.0
  0
LINE
  5
20EB
  8
0
 10
0.332751
 20
0.044946
 30
0.0
 11
0.331279
 21
0.045
 31
0.0
  0
LINE
  5
20EC
  8
0
 10
0.335681
 20
0.044513
 30
0.0
 11
0.33422
 21
0.044783
 31
0.0
  0
LINE
  5
20ED
  8
0
 10
0.309051
 20
0.03022
 30
0.0
 11
0.308089
 21
0.028548
 31
0.0
  0
LINE
  5
20EE
  8
0
 10
0.308089
 20
0.028548
 30
0.0
 11
0.307183
 21
0.026806
 31
0.0
  0
LINE
  5
20EF
  8
0
 10
0.307183
 20
0.026806
 30
0.0
 11
0.306335
 21
0.025001
 31
0.0
  0
LINE
  5
20F0
  8
0
 10
0.306335
 20
0.025001
 30
0.0
 11
0.305547
 21
0.023135
 31
0.0
  0
LINE
  5
20F1
  8
0
 10
0.305547
 20
0.023135
 30
0.0
 11
0.304821
 21
0.021213
 31
0.0
  0
LINE
  5
20F2
  8
0
 10
0.304821
 20
0.021213
 30
0.0
 11
0.304159
 21
0.01924
 31
0.0
  0
LINE
  5
20F3
  8
0
 10
0.304159
 20
0.01924
 30
0.0
 11
0.303563
 21
0.017221
 31
0.0
  0
LINE
  5
20F4
  8
0
 10
0.311132
 20
0.033343
 30
0.0
 11
0.310066
 21
0.03182
 31
0.0
  0
LINE
  5
20F5
  8
0
 10
0.310066
 20
0.03182
 30
0.0
 11
0.309051
 21
0.03022
 31
0.0
  0
LINE
  5
20F6
  8
0
 10
0.312247
 20
0.034786
 30
0.0
 11
0.311132
 21
0.033343
 31
0.0
  0
LINE
  5
20F7
  8
0
 10
0.301315
 20
0.002208
 30
0.0
 11
0.301279
 21
0.0
 31
0.0
  0
LINE
  5
20F8
  8
0
 10
0.301279
 20
0.0
 30
0.0
 11
0.301243
 21
0.002208
 31
0.0
  0
LINE
  5
20F9
  8
0
 10
0.298996
 20
-0.017221
 30
0.0
 11
0.299525
 21
-0.01516
 31
0.0
  0
LINE
  5
20FA
  8
0
 10
0.298399
 20
-0.01924
 30
0.0
 11
0.298996
 21
-0.017221
 31
0.0
  0
LINE
  5
20FB
  8
0
 10
0.302178
 20
-0.010934
 30
0.0
 11
0.302571
 21
-0.013063
 31
0.0
  0
LINE
  5
20FC
  8
0
 10
0.299987
 20
-0.013063
 30
0.0
 11
0.30038
 21
-0.010934
 31
0.0
  0
LINE
  5
20FD
  8
0
 10
0.302571
 20
-0.013063
 30
0.0
 11
0.303033
 21
-0.01516
 31
0.0
  0
LINE
  5
20FE
  8
0
 10
0.299525
 20
-0.01516
 30
0.0
 11
0.299987
 21
-0.013063
 31
0.0
  0
LINE
  5
20FF
  8
0
 10
0.301279
 20
0.0
 30
0.0
 11
0.301315
 21
-0.002208
 31
0.0
  0
LINE
  5
2100
  8
0
 10
0.301315
 20
-0.002208
 30
0.0
 11
0.301424
 21
-0.004411
 31
0.0
  0
LINE
  5
2101
  8
0
 10
0.301424
 20
-0.004411
 30
0.0
 11
0.301604
 21
-0.006603
 31
0.0
  0
LINE
  5
2102
  8
0
 10
0.301604
 20
-0.006603
 30
0.0
 11
0.301856
 21
-0.008779
 31
0.0
  0
LINE
  5
2103
  8
0
 10
0.301856
 20
-0.008779
 30
0.0
 11
0.302178
 21
-0.010934
 31
0.0
  0
LINE
  5
2104
  8
0
 10
0.30038
 20
-0.010934
 30
0.0
 11
0.300703
 21
-0.008779
 31
0.0
  0
LINE
  5
2105
  8
0
 10
0.300703
 20
-0.008779
 30
0.0
 11
0.300955
 21
-0.006603
 31
0.0
  0
LINE
  5
2106
  8
0
 10
0.300955
 20
-0.006603
 30
0.0
 11
0.301135
 21
-0.004411
 31
0.0
  0
LINE
  5
2107
  8
0
 10
0.301135
 20
-0.004411
 30
0.0
 11
0.301243
 21
-0.002208
 31
0.0
  0
LINE
  5
2108
  8
0
 10
0.301243
 20
-0.002208
 30
0.0
 11
0.301279
 21
0.0
 31
0.0
  0
LINE
  5
2109
  8
0
 10
0.299525
 20
0.01516
 30
0.0
 11
0.298996
 21
0.017221
 31
0.0
  0
LINE
  5
210A
  8
0
 10
0.29447
 20
0.028548
 30
0.0
 11
0.293508
 21
0.03022
 31
0.0
  0
LINE
  5
210B
  8
0
 10
0.298996
 20
0.017221
 30
0.0
 11
0.298399
 21
0.01924
 31
0.0
  0
LINE
  5
210C
  8
0
 10
0.298399
 20
0.01924
 30
0.0
 11
0.297737
 21
0.021213
 31
0.0
  0
LINE
  5
210D
  8
0
 10
0.297737
 20
0.021213
 30
0.0
 11
0.297011
 21
0.023135
 31
0.0
  0
LINE
  5
210E
  8
0
 10
0.297011
 20
0.023135
 30
0.0
 11
0.296223
 21
0.025001
 31
0.0
  0
LINE
  5
210F
  8
0
 10
0.296223
 20
0.025001
 30
0.0
 11
0.295375
 21
0.026806
 31
0.0
  0
LINE
  5
2110
  8
0
 10
0.295375
 20
0.026806
 30
0.0
 11
0.29447
 21
0.028548
 31
0.0
  0
LINE
  5
2111
  8
0
 10
0.293508
 20
0.03022
 30
0.0
 11
0.292492
 21
0.03182
 31
0.0
  0
LINE
  5
2112
  8
0
 10
0.292492
 20
0.03182
 30
0.0
 11
0.291426
 21
0.033343
 31
0.0
  0
LINE
  5
2113
  8
0
 10
0.291426
 20
0.033343
 30
0.0
 11
0.290311
 21
0.034786
 31
0.0
  0
LINE
  5
2114
  8
0
 10
0.290311
 20
0.034786
 30
0.0
 11
0.28915
 21
0.036144
 31
0.0
  0
LINE
  5
2115
  8
0
 10
0.28915
 20
0.036144
 30
0.0
 11
0.2879469999999999
 21
0.037416
 31
0.0
  0
LINE
  5
2116
  8
0
 10
0.2879469999999999
 20
0.037416
 30
0.0
 11
0.286702
 21
0.038598
 31
0.0
  0
LINE
  5
2117
  8
0
 10
0.286702
 20
0.038598
 30
0.0
 11
0.285421
 21
0.039686
 31
0.0
  0
LINE
  5
2118
  8
0
 10
0.285421
 20
0.039686
 30
0.0
 11
0.284106
 21
0.040679
 31
0.0
  0
LINE
  5
2119
  8
0
 10
0.284106
 20
0.040679
 30
0.0
 11
0.28276
 21
0.041575
 31
0.0
  0
LINE
  5
211A
  8
0
 10
0.28276
 20
0.041575
 30
0.0
 11
0.281386
 21
0.04237
 31
0.0
  0
LINE
  5
211B
  8
0
 10
0.281386
 20
0.04237
 30
0.0
 11
0.279988
 21
0.043062
 31
0.0
  0
LINE
  5
211C
  8
0
 10
0.303033
 20
0.01516
 30
0.0
 11
0.302571
 21
0.013063
 31
0.0
  0
LINE
  5
211D
  8
0
 10
0.302571
 20
0.013063
 30
0.0
 11
0.302178
 21
0.010934
 31
0.0
  0
LINE
  5
211E
  8
0
 10
0.302178
 20
0.010934
 30
0.0
 11
0.301856
 21
0.008779
 31
0.0
  0
LINE
  5
211F
  8
0
 10
0.301856
 20
0.008779
 30
0.0
 11
0.301604
 21
0.006603
 31
0.0
  0
LINE
  5
2120
  8
0
 10
0.301604
 20
0.006603
 30
0.0
 11
0.301424
 21
0.004411
 31
0.0
  0
LINE
  5
2121
  8
0
 10
0.301424
 20
0.004411
 30
0.0
 11
0.301315
 21
0.002208
 31
0.0
  0
LINE
  5
2122
  8
0
 10
0.301243
 20
0.002208
 30
0.0
 11
0.301135
 21
0.004411
 31
0.0
  0
LINE
  5
2123
  8
0
 10
0.301135
 20
0.004411
 30
0.0
 11
0.300955
 21
0.006603
 31
0.0
  0
LINE
  5
2124
  8
0
 10
0.300955
 20
0.006603
 30
0.0
 11
0.300703
 21
0.008779
 31
0.0
  0
LINE
  5
2125
  8
0
 10
0.300703
 20
0.008779
 30
0.0
 11
0.30038
 21
0.010934
 31
0.0
  0
LINE
  5
2126
  8
0
 10
0.30038
 20
0.010934
 30
0.0
 11
0.299987
 21
0.013063
 31
0.0
  0
LINE
  5
2127
  8
0
 10
0.299987
 20
0.013063
 30
0.0
 11
0.299525
 21
0.01516
 31
0.0
  0
LINE
  5
2128
  8
0
 10
0.335681
 20
-0.044513
 30
0.0
 11
0.337132
 21
-0.044135
 31
0.0
  0
LINE
  5
2129
  8
0
 10
0.337132
 20
0.044135
 30
0.0
 11
0.335681
 21
0.044513
 31
0.0
  0
LINE
  5
212A
  8
0
 10
0.24416
 20
-0.01924
 30
0.0
 11
0.244822
 21
-0.021213
 31
0.0
  0
LINE
  5
212B
  8
0
 10
0.237737
 20
-0.021213
 30
0.0
 11
0.238399
 21
-0.01924
 31
0.0
  0
LINE
  5
212C
  8
0
 10
0.219988
 20
-0.043062
 30
0.0
 11
0.221386
 21
-0.04237
 31
0.0
  0
LINE
  5
212D
  8
0
 10
0.275681
 20
-0.044513
 30
0.0
 11
0.277132
 21
-0.044135
 31
0.0
  0
LINE
  5
212E
  8
0
 10
0.245548
 20
-0.023135
 30
0.0
 11
0.246335
 21
-0.025001
 31
0.0
  0
LINE
  5
212F
  8
0
 10
0.246335
 20
-0.025001
 30
0.0
 11
0.247183
 21
-0.026806
 31
0.0
  0
LINE
  5
2130
  8
0
 10
0.247183
 20
-0.026806
 30
0.0
 11
0.248089
 21
-0.028548
 31
0.0
  0
LINE
  5
2131
  8
0
 10
0.248089
 20
-0.028548
 30
0.0
 11
0.24905
 21
-0.03022
 31
0.0
  0
LINE
  5
2132
  8
0
 10
0.24905
 20
-0.03022
 30
0.0
 11
0.250066
 21
-0.03182
 31
0.0
  0
LINE
  5
2133
  8
0
 10
0.250066
 20
-0.03182
 30
0.0
 11
0.251132
 21
-0.033343
 31
0.0
  0
LINE
  5
2134
  8
0
 10
0.251132
 20
-0.033343
 30
0.0
 11
0.252247
 21
-0.034786
 31
0.0
  0
LINE
  5
2135
  8
0
 10
0.252247
 20
-0.034786
 30
0.0
 11
0.2534079999999999
 21
-0.036144
 31
0.0
  0
LINE
  5
2136
  8
0
 10
0.2534079999999999
 20
-0.036144
 30
0.0
 11
0.254612
 21
-0.037416
 31
0.0
  0
LINE
  5
2137
  8
0
 10
0.254612
 20
-0.037416
 30
0.0
 11
0.255856
 21
-0.038598
 31
0.0
  0
LINE
  5
2138
  8
0
 10
0.255856
 20
-0.038598
 30
0.0
 11
0.257137
 21
-0.039686
 31
0.0
  0
LINE
  5
2139
  8
0
 10
0.244822
 20
-0.021213
 30
0.0
 11
0.245548
 21
-0.023135
 31
0.0
  0
LINE
  5
213A
  8
0
 10
0.262571
 20
-0.043062
 30
0.0
 11
0.26399
 21
-0.043651
 31
0.0
  0
LINE
  5
213B
  8
0
 10
0.261173
 20
-0.04237
 30
0.0
 11
0.262571
 21
-0.043062
 31
0.0
  0
LINE
  5
213C
  8
0
 10
0.258452
 20
-0.040679
 30
0.0
 11
0.259799
 21
-0.041575
 31
0.0
  0
LINE
  5
213D
  8
0
 10
0.259799
 20
-0.041575
 30
0.0
 11
0.261173
 21
-0.04237
 31
0.0
  0
LINE
  5
213E
  8
0
 10
0.26399
 20
-0.043651
 30
0.0
 11
0.265426
 21
-0.044135
 31
0.0
  0
LINE
  5
213F
  8
0
 10
0.265426
 20
-0.044135
 30
0.0
 11
0.266877
 21
-0.044513
 31
0.0
  0
LINE
  5
2140
  8
0
 10
0.266877
 20
-0.044513
 30
0.0
 11
0.268339
 21
-0.044783
 31
0.0
  0
LINE
  5
2141
  8
0
 10
0.268339
 20
-0.044783
 30
0.0
 11
0.269807
 21
-0.044946
 31
0.0
  0
LINE
  5
2142
  8
0
 10
0.269807
 20
-0.044946
 30
0.0
 11
0.271279
 21
-0.045
 31
0.0
  0
LINE
  5
2143
  8
0
 10
0.271279
 20
-0.045
 30
0.0
 11
0.272751
 21
-0.044946
 31
0.0
  0
LINE
  5
2144
  8
0
 10
0.272751
 20
-0.044946
 30
0.0
 11
0.2742199999999999
 21
-0.044783
 31
0.0
  0
LINE
  5
2145
  8
0
 10
0.2742199999999999
 20
-0.044783
 30
0.0
 11
0.275681
 21
-0.044513
 31
0.0
  0
LINE
  5
2146
  8
0
 10
0.257137
 20
-0.039686
 30
0.0
 11
0.258452
 21
-0.040679
 31
0.0
  0
LINE
  5
2147
  8
0
 10
0.227947
 20
-0.037416
 30
0.0
 11
0.22915
 21
-0.036144
 31
0.0
  0
LINE
  5
2148
  8
0
 10
0.225421
 20
-0.039686
 30
0.0
 11
0.226702
 21
-0.038598
 31
0.0
  0
LINE
  5
2149
  8
0
 10
0.226702
 20
-0.038598
 30
0.0
 11
0.227947
 21
-0.037416
 31
0.0
  0
LINE
  5
214A
  8
0
 10
0.236223
 20
-0.025001
 30
0.0
 11
0.237011
 21
-0.023135
 31
0.0
  0
LINE
  5
214B
  8
0
 10
0.233508
 20
-0.03022
 30
0.0
 11
0.233508
 21
-0.03022
 31
0.0
  0
LINE
  5
214C
  8
0
 10
0.22915
 20
-0.036144
 30
0.0
 11
0.230311
 21
-0.034786
 31
0.0
  0
LINE
  5
214D
  8
0
 10
0.230311
 20
-0.034786
 30
0.0
 11
0.231426
 21
-0.033343
 31
0.0
  0
LINE
  5
214E
  8
0
 10
0.231426
 20
-0.033343
 30
0.0
 11
0.232492
 21
-0.03182
 31
0.0
  0
LINE
  5
214F
  8
0
 10
0.232492
 20
-0.03182
 30
0.0
 11
0.233508
 21
-0.03022
 31
0.0
  0
LINE
  5
2150
  8
0
 10
0.23447
 20
-0.028548
 30
0.0
 11
0.235375
 21
-0.026806
 31
0.0
  0
LINE
  5
2151
  8
0
 10
0.235375
 20
-0.026806
 30
0.0
 11
0.236223
 21
-0.025001
 31
0.0
  0
LINE
  5
2152
  8
0
 10
0.237011
 20
-0.023135
 30
0.0
 11
0.237737
 21
-0.021213
 31
0.0
  0
LINE
  5
2153
  8
0
 10
0.224106
 20
-0.040679
 30
0.0
 11
0.225421
 21
-0.039686
 31
0.0
  0
LINE
  5
2154
  8
0
 10
0.221386
 20
-0.04237
 30
0.0
 11
0.22276
 21
-0.041575
 31
0.0
  0
LINE
  5
2155
  8
0
 10
0.22276
 20
-0.041575
 30
0.0
 11
0.224106
 21
-0.040679
 31
0.0
  0
LINE
  5
2156
  8
0
 10
0.221386
 20
0.04237
 30
0.0
 11
0.219988
 21
0.043062
 31
0.0
  0
LINE
  5
2157
  8
0
 10
0.22915
 20
0.036144
 30
0.0
 11
0.227947
 21
0.037416
 31
0.0
  0
LINE
  5
2158
  8
0
 10
0.227947
 20
0.037416
 30
0.0
 11
0.226702
 21
0.038598
 31
0.0
  0
LINE
  5
2159
  8
0
 10
0.226702
 20
0.038598
 30
0.0
 11
0.225421
 21
0.039686
 31
0.0
  0
LINE
  5
215A
  8
0
 10
0.225421
 20
0.039686
 30
0.0
 11
0.224106
 21
0.040679
 31
0.0
  0
LINE
  5
215B
  8
0
 10
0.233508
 20
0.03022
 30
0.0
 11
0.232492
 21
0.03182
 31
0.0
  0
LINE
  5
215C
  8
0
 10
0.232492
 20
0.03182
 30
0.0
 11
0.231426
 21
0.033343
 31
0.0
  0
LINE
  5
215D
  8
0
 10
0.231426
 20
0.033343
 30
0.0
 11
0.230311
 21
0.034786
 31
0.0
  0
LINE
  5
215E
  8
0
 10
0.230311
 20
0.034786
 30
0.0
 11
0.22915
 21
0.036144
 31
0.0
  0
LINE
  5
215F
  8
0
 10
0.22276
 20
0.041575
 30
0.0
 11
0.221386
 21
0.04237
 31
0.0
  0
LINE
  5
2160
  8
0
 10
0.224106
 20
0.040679
 30
0.0
 11
0.22276
 21
0.041575
 31
0.0
  0
LINE
  5
2161
  8
0
 10
0.244822
 20
0.021213
 30
0.0
 11
0.24416
 21
0.01924
 31
0.0
  0
LINE
  5
2162
  8
0
 10
0.277132
 20
0.044135
 30
0.0
 11
0.275681
 21
0.044513
 31
0.0
  0
LINE
  5
2163
  8
0
 10
0.24905
 20
0.03022
 30
0.0
 11
0.248089
 21
0.028548
 31
0.0
  0
LINE
  5
2164
  8
0
 10
0.248089
 20
0.028548
 30
0.0
 11
0.247183
 21
0.026806
 31
0.0
  0
LINE
  5
2165
  8
0
 10
0.247183
 20
0.026806
 30
0.0
 11
0.246335
 21
0.025001
 31
0.0
  0
LINE
  5
2166
  8
0
 10
0.246335
 20
0.025001
 30
0.0
 11
0.245548
 21
0.023135
 31
0.0
  0
LINE
  5
2167
  8
0
 10
0.245548
 20
0.023135
 30
0.0
 11
0.244822
 21
0.021213
 31
0.0
  0
LINE
  5
2168
  8
0
 10
0.26399
 20
0.043652
 30
0.0
 11
0.262571
 21
0.043062
 31
0.0
  0
LINE
  5
2169
  8
0
 10
0.262571
 20
0.043062
 30
0.0
 11
0.261173
 21
0.04237
 31
0.0
  0
LINE
  5
216A
  8
0
 10
0.261173
 20
0.04237
 30
0.0
 11
0.259799
 21
0.041575
 31
0.0
  0
LINE
  5
216B
  8
0
 10
0.259799
 20
0.041575
 30
0.0
 11
0.258452
 21
0.040679
 31
0.0
  0
LINE
  5
216C
  8
0
 10
0.258452
 20
0.040679
 30
0.0
 11
0.257137
 21
0.039686
 31
0.0
  0
LINE
  5
216D
  8
0
 10
0.257137
 20
0.039686
 30
0.0
 11
0.255856
 21
0.038598
 31
0.0
  0
LINE
  5
216E
  8
0
 10
0.255856
 20
0.038598
 30
0.0
 11
0.254612
 21
0.037416
 31
0.0
  0
LINE
  5
216F
  8
0
 10
0.254612
 20
0.037416
 30
0.0
 11
0.2534079999999999
 21
0.036144
 31
0.0
  0
LINE
  5
2170
  8
0
 10
0.2534079999999999
 20
0.036144
 30
0.0
 11
0.252247
 21
0.034786
 31
0.0
  0
LINE
  5
2171
  8
0
 10
0.252247
 20
0.034786
 30
0.0
 11
0.251132
 21
0.033343
 31
0.0
  0
LINE
  5
2172
  8
0
 10
0.251132
 20
0.033343
 30
0.0
 11
0.250066
 21
0.03182
 31
0.0
  0
LINE
  5
2173
  8
0
 10
0.250066
 20
0.03182
 30
0.0
 11
0.24905
 21
0.03022
 31
0.0
  0
LINE
  5
2174
  8
0
 10
0.271279
 20
0.045
 30
0.0
 11
0.269807
 21
0.044946
 31
0.0
  0
LINE
  5
2175
  8
0
 10
0.269807
 20
0.044946
 30
0.0
 11
0.268339
 21
0.044783
 31
0.0
  0
LINE
  5
2176
  8
0
 10
0.268339
 20
0.044783
 30
0.0
 11
0.266877
 21
0.044513
 31
0.0
  0
LINE
  5
2177
  8
0
 10
0.266877
 20
0.044513
 30
0.0
 11
0.265426
 21
0.044135
 31
0.0
  0
LINE
  5
2178
  8
0
 10
0.265426
 20
0.044135
 30
0.0
 11
0.26399
 21
0.043652
 31
0.0
  0
LINE
  5
2179
  8
0
 10
0.275681
 20
0.044513
 30
0.0
 11
0.2742199999999999
 21
0.044783
 31
0.0
  0
LINE
  5
217A
  8
0
 10
0.2742199999999999
 20
0.044783
 30
0.0
 11
0.272751
 21
0.044946
 31
0.0
  0
LINE
  5
217B
  8
0
 10
0.272751
 20
0.044946
 30
0.0
 11
0.271279
 21
0.045
 31
0.0
  0
LINE
  5
217C
  8
0
 10
0.241279
 20
0.0
 30
0.0
 11
0.241243
 21
0.002208
 31
0.0
  0
LINE
  5
217D
  8
0
 10
0.241315
 20
0.002208
 30
0.0
 11
0.241279
 21
0.0
 31
0.0
  0
LINE
  5
217E
  8
0
 10
0.239987
 20
-0.013063
 30
0.0
 11
0.24038
 21
-0.010934
 31
0.0
  0
LINE
  5
217F
  8
0
 10
0.242178
 20
-0.010934
 30
0.0
 11
0.242571
 21
-0.013063
 31
0.0
  0
LINE
  5
2180
  8
0
 10
0.238399
 20
-0.01924
 30
0.0
 11
0.238996
 21
-0.017221
 31
0.0
  0
LINE
  5
2181
  8
0
 10
0.238996
 20
-0.017221
 30
0.0
 11
0.239525
 21
-0.01516
 31
0.0
  0
LINE
  5
2182
  8
0
 10
0.239525
 20
-0.01516
 30
0.0
 11
0.239987
 21
-0.013063
 31
0.0
  0
LINE
  5
2183
  8
0
 10
0.242571
 20
-0.013063
 30
0.0
 11
0.243033
 21
-0.01516
 31
0.0
  0
LINE
  5
2184
  8
0
 10
0.243033
 20
-0.01516
 30
0.0
 11
0.243563
 21
-0.017221
 31
0.0
  0
LINE
  5
2185
  8
0
 10
0.243563
 20
-0.017221
 30
0.0
 11
0.24416
 21
-0.01924
 31
0.0
  0
LINE
  5
2186
  8
0
 10
0.24038
 20
-0.010934
 30
0.0
 11
0.240703
 21
-0.008779
 31
0.0
  0
LINE
  5
2187
  8
0
 10
0.240703
 20
-0.008779
 30
0.0
 11
0.240955
 21
-0.006603
 31
0.0
  0
LINE
  5
2188
  8
0
 10
0.240955
 20
-0.006603
 30
0.0
 11
0.241135
 21
-0.004411
 31
0.0
  0
LINE
  5
2189
  8
0
 10
0.241135
 20
-0.004411
 30
0.0
 11
0.241243
 21
-0.002208
 31
0.0
  0
LINE
  5
218A
  8
0
 10
0.241243
 20
-0.002208
 30
0.0
 11
0.241279
 21
0.0
 31
0.0
  0
LINE
  5
218B
  8
0
 10
0.241279
 20
0.0
 30
0.0
 11
0.241315
 21
-0.002208
 31
0.0
  0
LINE
  5
218C
  8
0
 10
0.241315
 20
-0.002208
 30
0.0
 11
0.2414239999999999
 21
-0.004411
 31
0.0
  0
LINE
  5
218D
  8
0
 10
0.2414239999999999
 20
-0.004411
 30
0.0
 11
0.241604
 21
-0.006603
 31
0.0
  0
LINE
  5
218E
  8
0
 10
0.241604
 20
-0.006603
 30
0.0
 11
0.241856
 21
-0.008779
 31
0.0
  0
LINE
  5
218F
  8
0
 10
0.241856
 20
-0.008779
 30
0.0
 11
0.242178
 21
-0.010934
 31
0.0
  0
LINE
  5
2190
  8
0
 10
0.23447
 20
0.028548
 30
0.0
 11
0.233508
 21
0.03022
 31
0.0
  0
LINE
  5
2191
  8
0
 10
0.241243
 20
0.002208
 30
0.0
 11
0.241135
 21
0.004411
 31
0.0
  0
LINE
  5
2192
  8
0
 10
0.241135
 20
0.004411
 30
0.0
 11
0.240955
 21
0.006603
 31
0.0
  0
LINE
  5
2193
  8
0
 10
0.240955
 20
0.006603
 30
0.0
 11
0.240703
 21
0.008779
 31
0.0
  0
LINE
  5
2194
  8
0
 10
0.240703
 20
0.008779
 30
0.0
 11
0.24038
 21
0.010934
 31
0.0
  0
LINE
  5
2195
  8
0
 10
0.24038
 20
0.010934
 30
0.0
 11
0.239987
 21
0.013063
 31
0.0
  0
LINE
  5
2196
  8
0
 10
0.239987
 20
0.013063
 30
0.0
 11
0.239525
 21
0.01516
 31
0.0
  0
LINE
  5
2197
  8
0
 10
0.239525
 20
0.01516
 30
0.0
 11
0.238996
 21
0.017221
 31
0.0
  0
LINE
  5
2198
  8
0
 10
0.238996
 20
0.017221
 30
0.0
 11
0.238399
 21
0.01924
 31
0.0
  0
LINE
  5
2199
  8
0
 10
0.238399
 20
0.01924
 30
0.0
 11
0.237737
 21
0.021213
 31
0.0
  0
LINE
  5
219A
  8
0
 10
0.237737
 20
0.021213
 30
0.0
 11
0.237011
 21
0.023135
 31
0.0
  0
LINE
  5
219B
  8
0
 10
0.237011
 20
0.023135
 30
0.0
 11
0.236223
 21
0.025001
 31
0.0
  0
LINE
  5
219C
  8
0
 10
0.236223
 20
0.025001
 30
0.0
 11
0.235375
 21
0.026806
 31
0.0
  0
LINE
  5
219D
  8
0
 10
0.235375
 20
0.026806
 30
0.0
 11
0.23447
 21
0.028548
 31
0.0
  0
LINE
  5
219E
  8
0
 10
0.24416
 20
0.01924
 30
0.0
 11
0.243563
 21
0.017221
 31
0.0
  0
LINE
  5
219F
  8
0
 10
0.243563
 20
0.017221
 30
0.0
 11
0.243033
 21
0.01516
 31
0.0
  0
LINE
  5
21A0
  8
0
 10
0.243033
 20
0.01516
 30
0.0
 11
0.242571
 21
0.013063
 31
0.0
  0
LINE
  5
21A1
  8
0
 10
0.242571
 20
0.013063
 30
0.0
 11
0.242178
 21
0.010934
 31
0.0
  0
LINE
  5
21A2
  8
0
 10
0.242178
 20
0.010934
 30
0.0
 11
0.241856
 21
0.008779
 31
0.0
  0
LINE
  5
21A3
  8
0
 10
0.241856
 20
0.008779
 30
0.0
 11
0.241604
 21
0.006603
 31
0.0
  0
LINE
  5
21A4
  8
0
 10
0.241604
 20
0.006603
 30
0.0
 11
0.2414239999999999
 21
0.004411
 31
0.0
  0
LINE
  5
21A5
  8
0
 10
0.2414239999999999
 20
0.004411
 30
0.0
 11
0.241315
 21
0.002208
 31
0.0
  0
LINE
  5
21A6
  8
0
 10
0.18416
 20
-0.01924
 30
0.0
 11
0.184822
 21
-0.021213
 31
0.0
  0
LINE
  5
21A7
  8
0
 10
0.184822
 20
-0.021213
 30
0.0
 11
0.185548
 21
-0.023135
 31
0.0
  0
LINE
  5
21A8
  8
0
 10
0.185548
 20
-0.023135
 30
0.0
 11
0.186335
 21
-0.025001
 31
0.0
  0
LINE
  5
21A9
  8
0
 10
0.188089
 20
-0.028548
 30
0.0
 11
0.18905
 21
-0.03022
 31
0.0
  0
LINE
  5
21AA
  8
0
 10
0.186335
 20
-0.025001
 30
0.0
 11
0.187183
 21
-0.026806
 31
0.0
  0
LINE
  5
21AB
  8
0
 10
0.187183
 20
-0.026806
 30
0.0
 11
0.188089
 21
-0.028548
 31
0.0
  0
LINE
  5
21AC
  8
0
 10
0.193408
 20
-0.036144
 30
0.0
 11
0.194612
 21
-0.037416
 31
0.0
  0
LINE
  5
21AD
  8
0
 10
0.18905
 20
-0.03022
 30
0.0
 11
0.190066
 21
-0.03182
 31
0.0
  0
LINE
  5
21AE
  8
0
 10
0.190066
 20
-0.03182
 30
0.0
 11
0.191132
 21
-0.033343
 31
0.0
  0
LINE
  5
21AF
  8
0
 10
0.191132
 20
-0.033343
 30
0.0
 11
0.192247
 21
-0.034786
 31
0.0
  0
LINE
  5
21B0
  8
0
 10
0.192247
 20
-0.034786
 30
0.0
 11
0.193408
 21
-0.036144
 31
0.0
  0
LINE
  5
21B1
  8
0
 10
0.194612
 20
-0.037416
 30
0.0
 11
0.195856
 21
-0.038598
 31
0.0
  0
LINE
  5
21B2
  8
0
 10
0.195856
 20
-0.038598
 30
0.0
 11
0.197137
 21
-0.039686
 31
0.0
  0
LINE
  5
21B3
  8
0
 10
0.205426
 20
-0.044135
 30
0.0
 11
0.206877
 21
-0.044513
 31
0.0
  0
LINE
  5
21B4
  8
0
 10
0.206877
 20
-0.044513
 30
0.0
 11
0.208339
 21
-0.044783
 31
0.0
  0
LINE
  5
21B5
  8
0
 10
0.208339
 20
-0.044783
 30
0.0
 11
0.209807
 21
-0.044946
 31
0.0
  0
LINE
  5
21B6
  8
0
 10
0.209807
 20
-0.044946
 30
0.0
 11
0.211279
 21
-0.045
 31
0.0
  0
LINE
  5
21B7
  8
0
 10
0.211279
 20
-0.045
 30
0.0
 11
0.212751
 21
-0.044946
 31
0.0
  0
LINE
  5
21B8
  8
0
 10
0.212751
 20
-0.044946
 30
0.0
 11
0.21422
 21
-0.044783
 31
0.0
  0
LINE
  5
21B9
  8
0
 10
0.21422
 20
-0.044783
 30
0.0
 11
0.215681
 21
-0.044513
 31
0.0
  0
LINE
  5
21BA
  8
0
 10
0.215681
 20
-0.044513
 30
0.0
 11
0.217132
 21
-0.044135
 31
0.0
  0
LINE
  5
21BB
  8
0
 10
0.217132
 20
-0.044135
 30
0.0
 11
0.218569
 21
-0.043651
 31
0.0
  0
LINE
  5
21BC
  8
0
 10
0.198452
 20
-0.040679
 30
0.0
 11
0.199799
 21
-0.041575
 31
0.0
  0
LINE
  5
21BD
  8
0
 10
0.199799
 20
-0.041575
 30
0.0
 11
0.201173
 21
-0.04237
 31
0.0
  0
LINE
  5
21BE
  8
0
 10
0.201173
 20
-0.04237
 30
0.0
 11
0.202571
 21
-0.043062
 31
0.0
  0
LINE
  5
21BF
  8
0
 10
0.202571
 20
-0.043062
 30
0.0
 11
0.20399
 21
-0.043651
 31
0.0
  0
LINE
  5
21C0
  8
0
 10
0.20399
 20
-0.043651
 30
0.0
 11
0.205426
 21
-0.044135
 31
0.0
  0
LINE
  5
21C1
  8
0
 10
0.197137
 20
-0.039686
 30
0.0
 11
0.198452
 21
-0.040679
 31
0.0
  0
LINE
  5
21C2
  8
0
 10
0.194612
 20
0.037416
 30
0.0
 11
0.193408
 21
0.036144
 31
0.0
  0
LINE
  5
21C3
  8
0
 10
0.193408
 20
0.036144
 30
0.0
 11
0.192247
 21
0.034786
 31
0.0
  0
LINE
  5
21C4
  8
0
 10
0.192247
 20
0.034786
 30
0.0
 11
0.191132
 21
0.033343
 31
0.0
  0
LINE
  5
21C5
  8
0
 10
0.191132
 20
0.033343
 30
0.0
 11
0.190066
 21
0.03182
 31
0.0
  0
LINE
  5
21C6
  8
0
 10
0.190066
 20
0.03182
 30
0.0
 11
0.18905
 21
0.03022
 31
0.0
  0
LINE
  5
21C7
  8
0
 10
0.211279
 20
0.045
 30
0.0
 11
0.209807
 21
0.044946
 31
0.0
  0
LINE
  5
21C8
  8
0
 10
0.209807
 20
0.044946
 30
0.0
 11
0.208339
 21
0.044783
 31
0.0
  0
LINE
  5
21C9
  8
0
 10
0.208339
 20
0.044783
 30
0.0
 11
0.206877
 21
0.044513
 31
0.0
  0
LINE
  5
21CA
  8
0
 10
0.206877
 20
0.044513
 30
0.0
 11
0.205426
 21
0.044135
 31
0.0
  0
LINE
  5
21CB
  8
0
 10
0.218569
 20
0.043652
 30
0.0
 11
0.217132
 21
0.044135
 31
0.0
  0
LINE
  5
21CC
  8
0
 10
0.217132
 20
0.044135
 30
0.0
 11
0.215681
 21
0.044513
 31
0.0
  0
LINE
  5
21CD
  8
0
 10
0.215681
 20
0.044513
 30
0.0
 11
0.21422
 21
0.044783
 31
0.0
  0
LINE
  5
21CE
  8
0
 10
0.21422
 20
0.044783
 30
0.0
 11
0.212751
 21
0.044946
 31
0.0
  0
LINE
  5
21CF
  8
0
 10
0.212751
 20
0.044946
 30
0.0
 11
0.211279
 21
0.045
 31
0.0
  0
LINE
  5
21D0
  8
0
 10
0.20399
 20
0.043652
 30
0.0
 11
0.202571
 21
0.043062
 31
0.0
  0
LINE
  5
21D1
  8
0
 10
0.202571
 20
0.043062
 30
0.0
 11
0.201173
 21
0.04237
 31
0.0
  0
LINE
  5
21D2
  8
0
 10
0.201173
 20
0.04237
 30
0.0
 11
0.199799
 21
0.041575
 31
0.0
  0
LINE
  5
21D3
  8
0
 10
0.199799
 20
0.041575
 30
0.0
 11
0.198452
 21
0.040679
 31
0.0
  0
LINE
  5
21D4
  8
0
 10
0.198452
 20
0.040679
 30
0.0
 11
0.197137
 21
0.039686
 31
0.0
  0
LINE
  5
21D5
  8
0
 10
0.197137
 20
0.039686
 30
0.0
 11
0.195856
 21
0.038598
 31
0.0
  0
LINE
  5
21D6
  8
0
 10
0.195856
 20
0.038598
 30
0.0
 11
0.194612
 21
0.037416
 31
0.0
  0
LINE
  5
21D7
  8
0
 10
0.205426
 20
0.044135
 30
0.0
 11
0.20399
 21
0.043652
 31
0.0
  0
LINE
  5
21D8
  8
0
 10
0.183563
 20
-0.017221
 30
0.0
 11
0.18416
 21
-0.01924
 31
0.0
  0
LINE
  5
21D9
  8
0
 10
0.185548
 20
0.023135
 30
0.0
 11
0.184822
 21
0.021213
 31
0.0
  0
LINE
  5
21DA
  8
0
 10
0.184822
 20
0.021213
 30
0.0
 11
0.18416
 21
0.01924
 31
0.0
  0
LINE
  5
21DB
  8
0
 10
0.18416
 20
0.01924
 30
0.0
 11
0.183563
 21
0.017221
 31
0.0
  0
LINE
  5
21DC
  8
0
 10
0.186335
 20
0.025001
 30
0.0
 11
0.185548
 21
0.023135
 31
0.0
  0
LINE
  5
21DD
  8
0
 10
0.18905
 20
0.03022
 30
0.0
 11
0.188089
 21
0.028548
 31
0.0
  0
LINE
  5
21DE
  8
0
 10
0.188089
 20
0.028548
 30
0.0
 11
0.187183
 21
0.026806
 31
0.0
  0
LINE
  5
21DF
  8
0
 10
0.187183
 20
0.026806
 30
0.0
 11
0.186335
 21
0.025001
 31
0.0
  0
LINE
  5
21E0
  8
0
 10
0.218569
 20
-0.043651
 30
0.0
 11
0.219988
 21
-0.043062
 31
0.0
  0
LINE
  5
21E1
  8
0
 10
0.219988
 20
0.043062
 30
0.0
 11
0.218569
 21
0.043652
 31
0.0
  0
LINE
  5
21E2
  8
0
 10
0.277132
 20
-0.044135
 30
0.0
 11
0.278569
 21
-0.043651
 31
0.0
  0
LINE
  5
21E3
  8
0
 10
0.278569
 20
0.043652
 30
0.0
 11
0.277132
 21
0.044135
 31
0.0
  0
LINE
  5
21E4
  8
0
 10
0.39422
 20
-0.044783
 30
0.0
 11
0.395681
 21
-0.044513
 31
0.0
  0
LINE
  5
21E5
  8
0
 10
0.395681
 20
0.044513
 30
0.0
 11
0.39422
 21
0.044783
 31
0.0
  0
LINE
  5
21E6
  8
0
 10
0.395681
 20
-0.044513
 30
0.0
 11
0.397132
 21
-0.044135
 31
0.0
  0
LINE
  5
21E7
  8
0
 10
0.4054210000000002
 20
-0.039686
 30
0.0
 11
0.4067020000000002
 21
-0.038598
 31
0.0
  0
LINE
  5
21E8
  8
0
 10
0.4067020000000002
 20
-0.038598
 30
0.0
 11
0.407946
 21
-0.037416
 31
0.0
  0
LINE
  5
21E9
  8
0
 10
0.399988
 20
-0.043062
 30
0.0
 11
0.4013860000000001
 21
-0.04237
 31
0.0
  0
LINE
  5
21EA
  8
0
 10
0.4013860000000001
 20
-0.04237
 30
0.0
 11
0.40276
 21
-0.041575
 31
0.0
  0
LINE
  5
21EB
  8
0
 10
0.40276
 20
-0.041575
 30
0.0
 11
0.404106
 21
-0.040679
 31
0.0
  0
LINE
  5
21EC
  8
0
 10
0.404106
 20
-0.040679
 30
0.0
 11
0.4054210000000002
 21
-0.039686
 31
0.0
  0
LINE
  5
21ED
  8
0
 10
0.397132
 20
-0.044135
 30
0.0
 11
0.398569
 21
-0.043651
 31
0.0
  0
LINE
  5
21EE
  8
0
 10
0.398569
 20
-0.043651
 30
0.0
 11
0.399988
 21
-0.043062
 31
0.0
  0
LINE
  5
21EF
  8
0
 10
0.397132
 20
0.044135
 30
0.0
 11
0.395681
 21
0.044513
 31
0.0
  0
LINE
  5
21F0
  8
0
 10
0.4054210000000002
 20
0.039686
 30
0.0
 11
0.404106
 21
0.040679
 31
0.0
  0
LINE
  5
21F1
  8
0
 10
0.404106
 20
0.040679
 30
0.0
 11
0.40276
 21
0.041575
 31
0.0
  0
LINE
  5
21F2
  8
0
 10
0.40276
 20
0.041575
 30
0.0
 11
0.4013860000000001
 21
0.04237
 31
0.0
  0
LINE
  5
21F3
  8
0
 10
0.4013860000000001
 20
0.04237
 30
0.0
 11
0.399988
 21
0.043062
 31
0.0
  0
LINE
  5
21F4
  8
0
 10
0.407946
 20
0.037416
 30
0.0
 11
0.4067020000000002
 21
0.038598
 31
0.0
  0
LINE
  5
21F5
  8
0
 10
0.4067020000000002
 20
0.038598
 30
0.0
 11
0.4054210000000002
 21
0.039686
 31
0.0
  0
LINE
  5
21F6
  8
0
 10
0.398569
 20
0.043652
 30
0.0
 11
0.397132
 21
0.044135
 31
0.0
  0
LINE
  5
21F7
  8
0
 10
0.399988
 20
0.043062
 30
0.0
 11
0.398569
 21
0.043652
 31
0.0
  0
LINE
  5
21F8
  8
0
 10
0.364159
 20
-0.01924
 30
0.0
 11
0.364821
 21
-0.021213
 31
0.0
  0
LINE
  5
21F9
  8
0
 10
0.357737
 20
-0.021213
 30
0.0
 11
0.358399
 21
-0.01924
 31
0.0
  0
LINE
  5
21FA
  8
0
 10
0.337132
 20
-0.044135
 30
0.0
 11
0.338569
 21
-0.043651
 31
0.0
  0
LINE
  5
21FB
  8
0
 10
0.369051
 20
-0.03022
 30
0.0
 11
0.370066
 21
-0.03182
 31
0.0
  0
LINE
  5
21FC
  8
0
 10
0.3655469999999999
 20
-0.023135
 30
0.0
 11
0.3663349999999999
 21
-0.025001
 31
0.0
  0
LINE
  5
21FD
  8
0
 10
0.3663349999999999
 20
-0.025001
 30
0.0
 11
0.367183
 21
-0.026806
 31
0.0
  0
LINE
  5
21FE
  8
0
 10
0.367183
 20
-0.026806
 30
0.0
 11
0.368089
 21
-0.028548
 31
0.0
  0
LINE
  5
21FF
  8
0
 10
0.368089
 20
-0.028548
 30
0.0
 11
0.369051
 21
-0.03022
 31
0.0
  0
LINE
  5
2200
  8
0
 10
0.364821
 20
-0.021213
 30
0.0
 11
0.3655469999999999
 21
-0.023135
 31
0.0
  0
LINE
  5
2201
  8
0
 10
0.370066
 20
-0.03182
 30
0.0
 11
0.371132
 21
-0.033343
 31
0.0
  0
LINE
  5
2202
  8
0
 10
0.371132
 20
-0.033343
 30
0.0
 11
0.372247
 21
-0.034786
 31
0.0
  0
LINE
  5
2203
  8
0
 10
0.372247
 20
-0.034786
 30
0.0
 11
0.373408
 21
-0.036144
 31
0.0
  0
LINE
  5
2204
  8
0
 10
0.373408
 20
-0.036144
 30
0.0
 11
0.374612
 21
-0.037416
 31
0.0
  0
LINE
  5
2205
  8
0
 10
0.374612
 20
-0.037416
 30
0.0
 11
0.375856
 21
-0.038598
 31
0.0
  0
ATTDEF
  5
2206
  8
0
  6
CONTINUOUS
 62
     7
 10
-0.777561
 20
1.314394999999997
 30
0.0
 40
0.2
  1

 72
     1
 11
-0.777561
 21
1.314394999999997
 31
0.0
  3
Serie
  2
SERIE
 70
     9
  0
ATTDEF
  5
2207
  8
0
  6
CONTINUOUS
 62
     7
 10
-4.234022333333334
 20
0.502286
 30
0.0
 40
0.2
  1
*INCR*
 72
     1
 11
-3.700689
 21
0.502286
 31
0.0
  3
Incremento [ %]
  2
INCR
 70
     9
  0
ATTDEF
  5
2208
  8
0
  6
CONTINUOUS
 62
     7
 10
1.119928666666667
 20
1.646279
 30
0.0
 40
0.2
  1
??
 72
     1
 11
1.253262
 21
1.646279
 31
0.0
  3
Identificatore
  2
COD
 70
     9
  0
ATTDEF
  5
2209
  8
0
  6
CONTINUOUS
 62
     7
 10
-0.777561
 20
1.059904999999994
 30
0.0
 40
0.2
  1

 72
     1
 11
-0.777561
 21
1.059904999999994
 31
0.0
  3
Modello
  2
MODELLO
 70
     9
  0
ATTDEF
  5
220A
  8
0
  6
CONTINUOUS
 62
     7
 10
-0.777561
 20
0.7807870000000002
 30
0.0
 40
0.2
  1

 72
     1
 11
-0.777561
 21
0.7807870000000002
 31
0.0
  3
N° elementi
  2
ELEMENTI
 70
     9
  0
ATTDEF
  5
220B
  8
0
  6
CONTINUOUS
 62
     7
 10
-4.272035666666667
 20
0.225798
 30
0.0
 40
0.2
  1
*LMAX*
 72
     1
 11
-3.705369
 21
0.225798
 31
0.0
  3
Larghezza massima [m]
  2
LMAX
 70
     9
  0
ATTDEF
  5
220C
  8
0
  6
CONTINUOUS
 62
     7
 10
-7.698622333333334
 20
-0.4515970000000002
 30
0.0
 40
0.2
  1
*POTENZA*
 72
     2
 11
-5.965289
 21
-0.4515970000000002
 31
0.0
  3
Potenza [w]
  2
POTENZA
 70
     9
  0
ATTDEF
  5
220D
  8
0
  6
CONTINUOUS
 62
     7
 10
-4.320387666666667
 20
-0.699286
 30
0.0
 40
0.2
  1
*PORT*
 72
     1
 11
-3.753721
 21
-0.699286
 31
0.0
  3
Portata [l/s]
  2
PORT
 70
     9
  0
ATTDEF
  5
220E
  8
0
  6
CONTINUOUS
 62
     7
 10
0.8769576666666667
 20
-1.002538999999996
 30
0.0
 40
0.2
  1
*PERD*
 72
     2
 11
2.010291
 21
-1.002538999999996
 31
0.0
  3
Perdita (Pa)
  2
PERDITA
 70
     9
  0
ATTDEF
  5
220F
  8
0
  6
CONTINUOUS
 62
     7
 10
-8.081556666666668
 20
-1.298192999999999
 30
0.0
 40
0.2
  1
*MONTAGGIO*
 72
     2
 11
-6.01489
 21
-1.298192999999999
 31
0.0
  3
Schema di montaggio
  2
MONTAGGIO
 70
     9
  0
ATTDEF
  5
2210
  8
0
  6
CONTINUOUS
 62
     7
 10
0.9751409999999999
 20
1.309839999999999
 30
0.0
 40
0.2
  1

 72
     1
 11
0.9751409999999999
 21
1.309839999999999
 31
0.0
  3
FissaSerie
  2
FISSASERIE
 70
     9
  0
ATTDEF
  5
2211
  8
0
  6
CONTINUOUS
 62
     7
 10
1.199821999999999
 20
1.041836999999999
 30
0.0
 40
0.2
  1

 72
     1
 11
1.199821999999999
 21
1.041836999999999
 31
0.0
  3
FissaModello
  2
FISSAMODELLO
 70
     9
  0
ENDBLK
  5
DC
  8
0
  0
BLOCK
  8
0
  2
TERMFANCOILS
 70
     2
 10
0.0
 20
0.0
 30
0.0
  3
TERMFANCOILS
  1

  0
LINE
  5
2212
  8
0
 10
0.181279
 20
0.0
 30
0.0
 11
0.0
 21
0.0
 31
0.0
  0
LINE
  5
2213
  8
0
  6
CONTINUOUS
 62
     7
 10
0.181279
 20
-0.045
 30
0.0
 11
0.181279
 21
0.045
 31
0.0
  0
LINE
  5
2214
  8
0
  6
CONTINUOUS
 62
     7
 10
0.181279
 20
0.045
 30
0.0
 11
0.901279
 21
0.045
 31
0.0
  0
LINE
  5
2215
  8
0
  6
CONTINUOUS
 62
     7
 10
0.901279
 20
0.045
 30
0.0
 11
0.901279
 21
-0.045
 31
0.0
  0
LINE
  5
2216
  8
0
  6
CONTINUOUS
 62
     7
 10
0.901279
 20
-0.045
 30
0.0
 11
0.181279
 21
-0.045
 31
0.0
  0
ATTDEF
  5
2217
  8
0
  6
CONTINUOUS
 62
     7
 10
1.199821999999999
 20
1.041836999999999
 30
0.0
 40
0.2
  1

 72
     1
 11
1.199821999999999
 21
1.041836999999999
 31
0.0
  3
FissaModello
  2
FISSAMODELLO
 70
     9
  0
ATTDEF
  5
2218
  8
0
  6
CONTINUOUS
 62
     7
 10
0.9751409999999999
 20
1.309839999999999
 30
0.0
 40
0.2
  1

 72
     1
 11
0.9751409999999999
 21
1.309839999999999
 31
0.0
  3
FissaSerie
  2
FISSASERIE
 70
     9
  0
ATTDEF
  5
2219
  8
0
  6
CONTINUOUS
 62
     7
 10
-8.081556666666668
 20
-1.298192999999999
 30
0.0
 40
0.2
  1
*MONTAGGIO*
 72
     2
 11
-6.01489
 21
-1.298192999999999
 31
0.0
  3
Schema di montaggio
  2
MONTAGGIO
 70
     9
  0
ATTDEF
  5
221A
  8
0
  6
CONTINUOUS
 62
     7
 10
0.8769576666666667
 20
-1.002538999999996
 30
0.0
 40
0.2
  1
*PERD*
 72
     2
 11
2.010291
 21
-1.002538999999996
 31
0.0
  3
Perdita (Pa)
  2
PERDITA
 70
     9
  0
ATTDEF
  5
221B
  8
0
  6
CONTINUOUS
 62
     7
 10
-4.320387666666667
 20
-0.699286
 30
0.0
 40
0.2
  1
*PORT*
 72
     1
 11
-3.753721
 21
-0.699286
 31
0.0
  3
Portata [l/s]
  2
PORT
 70
     9
  0
ATTDEF
  5
221C
  8
0
  6
CONTINUOUS
 62
     7
 10
-7.698622333333334
 20
-0.4515970000000002
 30
0.0
 40
0.2
  1
*POTENZA*
 72
     2
 11
-5.965289
 21
-0.4515970000000002
 31
0.0
  3
Potenza [w]
  2
POTENZA
 70
     9
  0
ATTDEF
  5
221D
  8
0
  6
CONTINUOUS
 62
     7
 10
-4.272035666666667
 20
0.225798
 30
0.0
 40
0.2
  1
*LMAX*
 72
     1
 11
-3.705369
 21
0.225798
 31
0.0
  3
Larghezza massima [m]
  2
LMAX
 70
     9
  0
ATTDEF
  5
221E
  8
0
  6
CONTINUOUS
 62
     7
 10
-0.777561
 20
0.7807870000000002
 30
0.0
 40
0.2
  1

 72
     1
 11
-0.777561
 21
0.7807870000000002
 31
0.0
  3
N° elementi
  2
ELEMENTI
 70
     9
  0
ATTDEF
  5
221F
  8
0
  6
CONTINUOUS
 62
     7
 10
-0.777561
 20
1.059904999999994
 30
0.0
 40
0.2
  1

 72
     1
 11
-0.777561
 21
1.059904999999994
 31
0.0
  3
Modello
  2
MODELLO
 70
     9
  0
ATTDEF
  5
2220
  8
0
  6
CONTINUOUS
 62
     7
 10
1.119928666666667
 20
1.646279
 30
0.0
 40
0.2
  1
??
 72
     1
 11
1.253262
 21
1.646279
 31
0.0
  3
Identificatore
  2
COD
 70
     9
  0
ATTDEF
  5
2221
  8
0
  6
CONTINUOUS
 62
     7
 10
-4.234022333333334
 20
0.502286
 30
0.0
 40
0.2
  1
*INCR*
 72
     1
 11
-3.700689
 21
0.502286
 31
0.0
  3
Incremento [ %]
  2
INCR
 70
     9
  0
ATTDEF
  5
2222
  8
0
  6
CONTINUOUS
 62
     7
 10
-0.777561
 20
1.314394999999997
 30
0.0
 40
0.2
  1

 72
     1
 11
-0.777561
 21
1.314394999999997
 31
0.0
  3
Serie
  2
SERIE
 70
     9
  0
ENDBLK
  5
DF
  8
0
  0
BLOCK
  8
0
  2
TERMPANNELLOS
 70
     2
 10
0.0
 20
0.0
 30
0.0
  3
TERMPANNELLOS
  1

  0
LINE
  5
2223
  8
0
  6
CONTINUOUS
 62
     1
 10
0.0
 20
0.0
 30
0.0
 11
0.0
 21
0.1286040000000002
 31
0.0
  0
LINE
  5
2224
  8
0
  6
CONTINUOUS
 62
     1
 10
0.0
 20
0.1286040000000002
 30
0.0
 11
0.0182909999999996
 21
0.0814890000000004
 31
0.0
  0
LINE
  5
2225
  8
0
  6
CONTINUOUS
 62
     1
 10
0.0
 20
0.1286040000000002
 30
0.0
 11
-0.0182909999999996
 21
0.0814890000000004
 31
0.0
  0
LINE
  5
2226
  8
0
  6
CONTINUOUS
 62
     5
 10
0.0999999999999996
 20
0.1286040000000002
 30
0.0
 11
0.0999999999999996
 21
0.0
 31
0.0
  0
LINE
  5
2227
  8
0
  6
CONTINUOUS
 62
     5
 10
0.0999999999999996
 20
0.0
 30
0.0
 11
0.081709
 21
0.0471159999999999
 31
0.0
  0
LINE
  5
2228
  8
0
  6
CONTINUOUS
 62
     5
 10
0.0999999999999996
 20
0.0
 30
0.0
 11
0.1182909999999993
 21
0.0471159999999999
 31
0.0
  0
ATTDEF
  5
2229
  8
0
  6
CONTINUOUS
 62
     7
 10
1.235995
 20
1.033897999999997
 30
0.0
 40
0.2
  1

 72
     1
 11
1.235995
 21
1.033897999999997
 31
0.0
  3
FissaModello
  2
FISSAMODELLO
 70
     9
  0
ATTDEF
  5
222A
  8
0
  6
CONTINUOUS
 62
     7
 10
1.007954
 20
1.310505
 30
0.0
 40
0.2
  1

 72
     1
 11
1.007954
 21
1.310505
 31
0.0
  3
FissaSerie
  2
FISSASERIE
 70
     9
  0
ATTDEF
  5
222B
  8
0
  6
CONTINUOUS
 62
     7
 10
-8.081556666666668
 20
-1.298192999999999
 30
0.0
 40
0.2
  1
*MONTAGGIO*
 72
     2
 11
-6.01489
 21
-1.298192999999999
 31
0.0
  3
Schema di montaggio
  2
MONTAGGIO
 70
     9
  0
ATTDEF
  5
222C
  8
0
  6
CONTINUOUS
 62
     7
 10
-4.320387666666667
 20
-0.699286
 30
0.0
 40
0.2
  1
*PORT*
 72
     1
 11
-3.753721
 21
-0.699286
 31
0.0
  3
Portata [l/s]
  2
PORT
 70
     9
  0
ATTDEF
  5
222D
  8
0
  6
CONTINUOUS
 62
     7
 10
0.8769576666666667
 20
-1.002538999999996
 30
0.0
 40
0.2
  1
*PERD*
 72
     2
 11
2.010291
 21
-1.002538999999996
 31
0.0
  3
Perdita (Pa)
  2
PERDITA
 70
     9
  0
ATTDEF
  5
222E
  8
0
  6
CONTINUOUS
 62
     7
 10
-7.698622333333334
 20
-0.4515970000000002
 30
0.0
 40
0.2
  1
*POTENZA*
 72
     2
 11
-5.965289
 21
-0.4515970000000002
 31
0.0
  3
Potenza [w]
  2
POTENZA
 70
     9
  0
ATTDEF
  5
222F
  8
0
  6
CONTINUOUS
 62
     7
 10
-4.272035666666667
 20
0.225798
 30
0.0
 40
0.2
  1
*LMAX*
 72
     1
 11
-3.705369
 21
0.225798
 31
0.0
  3
Larghezza massima [m]
  2
LMAX
 70
     9
  0
ATTDEF
  5
2230
  8
0
  6
CONTINUOUS
 62
     7
 10
-4.234022333333334
 20
0.502286
 30
0.0
 40
0.2
  1
*INCR*
 72
     1
 11
-3.700689
 21
0.502286
 31
0.0
  3
Incremento [ %]
  2
INCR
 70
     9
  0
ATTDEF
  5
2231
  8
0
  6
CONTINUOUS
 62
     7
 10
-0.777561
 20
1.314394999999997
 30
0.0
 40
0.2
  1

 72
     1
 11
-0.777561
 21
1.314394999999997
 31
0.0
  3
Serie
  2
SERIE
 70
     9
  0
ATTDEF
  5
2232
  8
0
  6
CONTINUOUS
 62
     7
 10
1.119928666666667
 20
1.646279
 30
0.0
 40
0.2
  1
??
 72
     1
 11
1.253262
 21
1.646279
 31
0.0
  3
Identificatore
  2
COD
 70
     9
  0
ATTDEF
  5
2233
  8
0
  6
CONTINUOUS
 62
     7
 10
-0.777561
 20
1.059904999999994
 30
0.0
 40
0.2
  1

 72
     1
 11
-0.777561
 21
1.059904999999994
 31
0.0
  3
Modello
  2
MODELLO
 70
     9
  0
ATTDEF
  5
2234
  8
0
  6
CONTINUOUS
 62
     7
 10
-0.777561
 20
0.7807870000000002
 30
0.0
 40
0.2
  1

 72
     1
 11
-0.777561
 21
0.7807870000000002
 31
0.0
  3
N° elementi
  2
ELEMENTI
 70
     9
  0
ENDBLK
  5
E2
  8
0
  0
BLOCK
  8
0
  2
RIPRETESL
 70
     2
 10
0.0
 20
0.0
 30
0.0
  3
RIPRETESL
  1

  0
INSERT
  5
2235
  8
-IDRICO-SANITARIO
  6
CONTINUOUS
 62
     4
  2
*U47
 10
0.0
 20
0.0
 30
0.0
1001
ACAD
1002
{
1000
R14_HATCH_DATA
1000
2235
1011
1.0
1021
0.0
1031
0.0
1021
0.0
1031
0.0
1011
0.0
1021
1.0
1031
0.0
1021
1.0
1031
0.0
1011
0.0
1021
0.0
1031
1.0
1021
0.0
1031
1.0
1040
0.0
1010
0.0
1020
0.0
1030
1.0
1020
0.0
1030
1.0
1000
SOLID
1070
     1
1070
     1
1071
        1
1071
        3
1070
     0
1070
     1
1071
       40
1040
0.015629
1040
0.0
1040
0.015437
1040
0.002445
1040
0.014864
1040
0.00483
1040
0.013926
1040
0.007096
1040
0.012644
1040
0.009187
1040
0.011052
1040
0.011052
1040
0.009187
1040
0.012644
1040
0.007096
1040
0.013926
1040
0.00483
1040
0.014864
1040
0.002445
1040
0.015437
1040
0.0
1040
0.015629
1040
-0.002445
1040
0.015437
1040
-0.00483
1040
0.014864
1040
-0.007096
1040
0.013926
1040
-0.009187
1040
0.012644
1040
-0.011052
1040
0.011052
1040
-0.012644
1040
0.009187
1040
-0.013926
1040
0.007096
1040
-0.014864
1040
0.00483
1040
-0.015437
1040
0.002445
1040
-0.015629
1040
0.0
1040
-0.015437
1040
-0.002445
1040
-0.014864
1040
-0.00483
1040
-0.013926
1040
-0.007096
1040
-0.012644
1040
-0.009187
1040
-0.011052
1040
-0.011052
1040
-0.009187
1040
-0.012644
1040
-0.007096
1040
-0.013926
1040
-0.00483
1040
-0.014864
1040
-0.002445
1040
-0.015437
1040
0.0
1040
-0.015629
1040
0.002445
1040
-0.015437
1040
0.00483
1040
-0.014864
1040
0.007096
1040
-0.013926
1040
0.009187
1040
-0.012644
1040
0.011052
1040
-0.011052
1040
0.012644
1040
-0.009187
1040
0.013926
1040
-0.007096
1040
0.014864
1040
-0.00483
1040
0.015437
1040
-0.002445
1071
        0
1070
     0
1070
     1
1071
        0
1002
}
  0
CIRCLE
  5
2236
  8
-IDRICO-SANITARIO
  6
ACAD_ISO04W100
 62
     4
 10
0.0
 20
0.0
 30
0.0
 40
0.0156294341362794
  0
INSERT
  5
2237
  8
-IDRICO-SANITARIO
  6
CONTINUOUS
 62
     4
  2
*U48
 10
0.0
 20
0.0
 30
0.0
1001
ACAD
1002
{
1000
R14_HATCH_DATA
1000
2237
1011
1.0
1021
0.0
1031
0.0
1021
0.0
1031
0.0
1011
0.0
1021
1.0
1031
0.0
1021
1.0
1031
0.0
1011
0.0
1021
0.0
1031
1.0
1021
0.0
1031
1.0
1040
0.0
1010
0.0
1020
0.0
1030
1.0
1020
0.0
1030
1.0
1000
SOLID
1070
     1
1070
     1
1071
        1
1071
        3
1070
     0
1070
     1
1071
       40
1040
0.015629
1040
-0.1
1040
0.015437
1040
-0.097555
1040
0.014864
1040
-0.09517
1040
0.013926
1040
-0.092904
1040
0.012644
1040
-0.090813
1040
0.011052
1040
-0.088948
1040
0.009187
1040
-0.087356
1040
0.007096
1040
-0.086074
1040
0.00483
1040
-0.085136
1040
0.002445
1040
-0.084563
1040
0.0
1040
-0.084371
1040
-0.002445
1040
-0.084563
1040
-0.00483
1040
-0.085136
1040
-0.007096
1040
-0.086074
1040
-0.009187
1040
-0.087356
1040
-0.011052
1040
-0.088948
1040
-0.012644
1040
-0.090813
1040
-0.013926
1040
-0.092904
1040
-0.014864
1040
-0.09517
1040
-0.015437
1040
-0.097555
1040
-0.015629
1040
-0.1
1040
-0.015437
1040
-0.102445
1040
-0.014864
1040
-0.10483
1040
-0.013926
1040
-0.107096
1040
-0.012644
1040
-0.109187
1040
-0.011052
1040
-0.111052
1040
-0.009187
1040
-0.112644
1040
-0.007096
1040
-0.113926
1040
-0.00483
1040
-0.114864
1040
-0.002445
1040
-0.115437
1040
0.0
1040
-0.115629
1040
0.002445
1040
-0.115437
1040
0.00483
1040
-0.114864
1040
0.007096
1040
-0.113926
1040
0.009187
1040
-0.112644
1040
0.011052
1040
-0.111052
1040
0.012644
1040
-0.109187
1040
0.013926
1040
-0.107096
1040
0.014864
1040
-0.10483
1040
0.015437
1040
-0.102445
1071
        0
1070
     0
1070
     1
1071
        0
1002
}
  0
ARC
  5
2238
  8
-IDRICO-SANITARIO
  6
ACAD_ISO04W100
 62
     4
 10
0.0
 20
-0.1
 30
0.0
 40
0.0509900831922451
 50
260.277482
 51
100.689315
  0
CIRCLE
  5
2239
  8
-IDRICO-SANITARIO
  6
ACAD_ISO04W100
 62
     4
 10
0.0
 20
-0.1
 30
0.0
 40
0.0156294341362794
  0
ARC
  5
223A
  8
-IDRICO-SANITARIO
  6
ACAD_ISO04W100
 62
     4
 10
0.0
 20
0.0
 30
0.0
 40
0.048
 50
258.829151
 51
102.137646
  0
ATTDEF
  5
223B
  8
0
 10
0.157371
 20
-0.099964
 30
0.0
 40
0.15
  1
*CODICE*
  3
Codice rete
  2
CODICE
 70
     9
  0
ENDBLK
  5
E5
  8
0
  0
BLOCK
  8
0
  2
RIMRETESL
 70
     2
 10
0.0
 20
0.0
 30
0.0
  3
RIMRETESL
  1

  0
INSERT
  5
223C
  8
-IDRICO-SANITARIO
  6
CONTINUOUS
 62
     4
  2
*U49
 10
0.0
 20
0.0
 30
0.0
1001
ACAD
1002
{
1000
R14_HATCH_DATA
1000
223C
1011
1.0
1021
0.0
1031
0.0
1021
0.0
1031
0.0
1011
0.0
1021
1.0
1031
0.0
1021
1.0
1031
0.0
1011
0.0
1021
0.0
1031
1.0
1021
0.0
1031
1.0
1040
0.0
1010
0.0
1020
0.0
1030
1.0
1020
0.0
1030
1.0
1000
SOLID
1070
     1
1070
     1
1071
        1
1071
        3
1070
     0
1070
     1
1071
       40
1040
0.015629
1040
0.1
1040
0.015437
1040
0.102445
1040
0.014864
1040
0.10483
1040
0.013926
1040
0.107096
1040
0.012644
1040
0.109187
1040
0.011052
1040
0.111052
1040
0.009187
1040
0.112644
1040
0.007096
1040
0.113926
1040
0.00483
1040
0.114864
1040
0.002445
1040
0.115437
1040
0.0
1040
0.115629
1040
-0.002445
1040
0.115437
1040
-0.00483
1040
0.114864
1040
-0.007096
1040
0.113926
1040
-0.009187
1040
0.112644
1040
-0.011052
1040
0.111052
1040
-0.012644
1040
0.109187
1040
-0.013926
1040
0.107096
1040
-0.014864
1040
0.10483
1040
-0.015437
1040
0.102445
1040
-0.015629
1040
0.1
1040
-0.015437
1040
0.097555
1040
-0.014864
1040
0.09517
1040
-0.013926
1040
0.092904
1040
-0.012644
1040
0.090813
1040
-0.011052
1040
0.088948
1040
-0.009187
1040
0.087356
1040
-0.007096
1040
0.086074
1040
-0.00483
1040
0.085136
1040
-0.002445
1040
0.084563
1040
0.0
1040
0.084371
1040
0.002445
1040
0.084563
1040
0.00483
1040
0.085136
1040
0.007096
1040
0.086074
1040
0.009187
1040
0.087356
1040
0.011052
1040
0.088948
1040
0.012644
1040
0.090813
1040
0.013926
1040
0.092904
1040
0.014864
1040
0.09517
1040
0.015437
1040
0.097555
1071
        0
1070
     0
1070
     1
1071
        0
1002
}
  0
CIRCLE
  5
223D
  8
-IDRICO-SANITARIO
  6
ACAD_ISO04W100
 62
     4
 10
0.0
 20
0.1
 30
0.0
 40
0.0156294341362794
  0
INSERT
  5
223E
  8
-IDRICO-SANITARIO
  6
CONTINUOUS
 62
     4
  2
*U50
 10
0.0
 20
0.0
 30
0.0
1001
ACAD
1002
{
1000
R14_HATCH_DATA
1000
223E
1011
1.0
1021
0.0
1031
0.0
1021
0.0
1031
0.0
1011
0.0
1021
1.0
1031
0.0
1021
1.0
1031
0.0
1011
0.0
1021
0.0
1031
1.0
1021
0.0
1031
1.0
1040
0.0
1010
0.0
1020
0.0
1030
1.0
1020
0.0
1030
1.0
1000
SOLID
1070
     1
1070
     1
1071
        1
1071
        3
1070
     0
1070
     1
1071
       40
1040
0.015629
1040
0.0
1040
0.015437
1040
0.002445
1040
0.014864
1040
0.00483
1040
0.013926
1040
0.007096
1040
0.012644
1040
0.009187
1040
0.011052
1040
0.011052
1040
0.009187
1040
0.012644
1040
0.007096
1040
0.013926
1040
0.00483
1040
0.014864
1040
0.002445
1040
0.015437
1040
0.0
1040
0.015629
1040
-0.002445
1040
0.015437
1040
-0.00483
1040
0.014864
1040
-0.007096
1040
0.013926
1040
-0.009187
1040
0.012644
1040
-0.011052
1040
0.011052
1040
-0.012644
1040
0.009187
1040
-0.013926
1040
0.007096
1040
-0.014864
1040
0.00483
1040
-0.015437
1040
0.002445
1040
-0.015629
1040
0.0
1040
-0.015437
1040
-0.002445
1040
-0.014864
1040
-0.00483
1040
-0.013926
1040
-0.007096
1040
-0.012644
1040
-0.009187
1040
-0.011052
1040
-0.011052
1040
-0.009187
1040
-0.012644
1040
-0.007096
1040
-0.013926
1040
-0.00483
1040
-0.014864
1040
-0.002445
1040
-0.015437
1040
0.0
1040
-0.015629
1040
0.002445
1040
-0.015437
1040
0.00483
1040
-0.014864
1040
0.007096
1040
-0.013926
1040
0.009187
1040
-0.012644
1040
0.011052
1040
-0.011052
1040
0.012644
1040
-0.009187
1040
0.013926
1040
-0.007096
1040
0.014864
1040
-0.00483
1040
0.015437
1040
-0.002445
1071
        0
1070
     0
1070
     1
1071
        0
1002
}
  0
ARC
  5
223F
  8
-IDRICO-SANITARIO
  6
ACAD_ISO04W100
 62
     4
 10
0.0
 20
0.0
 30
0.0
 40
0.0509900831922451
 50
260.277482
 51
100.689315
  0
CIRCLE
  5
2240
  8
-IDRICO-SANITARIO
  6
ACAD_ISO04W100
 62
     4
 10
0.0
 20
0.0
 30
0.0
 40
0.0156294341362794
  0
ARC
  5
2241
  8
-IDRICO-SANITARIO
  6
ACAD_ISO04W100
 62
     4
 10
0.0
 20
0.1
 30
0.0
 40
0.048
 50
258.829151
 51
102.137646
  0
ATTDEF
  5
2242
  8
0
 10
0.157371
 20
0.000036
 30
0.0
 40
0.15
  1
*CODICE*
  3
Codice rete
  2
CODICE
 70
     9
  0
ENDBLK
  5
E8
  8
0
  0
BLOCK
  8
0
  2
RIPRETEDL
 70
     2
 10
0.0
 20
0.0
 30
0.0
  3
RIPRETEDL
  1

  0
INSERT
  5
2243
  8
-IDRICO-SANITARIO
  6
CONTINUOUS
 62
     4
  2
*U51
 10
0.0
 20
0.0
 30
0.0
1001
ACAD
1002
{
1000
R14_HATCH_DATA
1000
2243
1011
1.0
1021
0.0
1031
0.0
1021
0.0
1031
0.0
1011
0.0
1021
1.0
1031
0.0
1021
1.0
1031
0.0
1011
0.0
1021
0.0
1031
1.0
1021
0.0
1031
1.0
1040
0.0
1010
0.0
1020
0.0
1030
1.0
1020
0.0
1030
1.0
1000
SOLID
1070
     1
1070
     1
1071
        1
1071
        3
1070
     0
1070
     1
1071
       40
1040
0.015629
1040
0.1
1040
0.015437
1040
0.102445
1040
0.014864
1040
0.10483
1040
0.013926
1040
0.107096
1040
0.012644
1040
0.109187
1040
0.011052
1040
0.111052
1040
0.009187
1040
0.112644
1040
0.007096
1040
0.113926
1040
0.00483
1040
0.114864
1040
0.002445
1040
0.115437
1040
0.0
1040
0.115629
1040
-0.002445
1040
0.115437
1040
-0.00483
1040
0.114864
1040
-0.007096
1040
0.113926
1040
-0.009187
1040
0.112644
1040
-0.011052
1040
0.111052
1040
-0.012644
1040
0.109187
1040
-0.013926
1040
0.107096
1040
-0.014864
1040
0.10483
1040
-0.015437
1040
0.102445
1040
-0.015629
1040
0.1
1040
-0.015437
1040
0.097555
1040
-0.014864
1040
0.09517
1040
-0.013926
1040
0.092904
1040
-0.012644
1040
0.090813
1040
-0.011052
1040
0.088948
1040
-0.009187
1040
0.087356
1040
-0.007096
1040
0.086074
1040
-0.00483
1040
0.085136
1040
-0.002445
1040
0.084563
1040
0.0
1040
0.084371
1040
0.002445
1040
0.084563
1040
0.00483
1040
0.085136
1040
0.007096
1040
0.086074
1040
0.009187
1040
0.087356
1040
0.011052
1040
0.088948
1040
0.012644
1040
0.090813
1040
0.013926
1040
0.092904
1040
0.014864
1040
0.09517
1040
0.015437
1040
0.097555
1071
        0
1070
     0
1070
     1
1071
        0
1002
}
  0
CIRCLE
  5
2244
  8
-IDRICO-SANITARIO
  6
ACAD_ISO04W100
 62
     4
 10
0.0
 20
0.1
 30
0.0
 40
0.0156294341362794
  0
INSERT
  5
2245
  8
-IDRICO-SANITARIO
  6
CONTINUOUS
 62
     4
  2
*U52
 10
0.0
 20
0.0
 30
0.0
1001
ACAD
1002
{
1000
R14_HATCH_DATA
1000
2245
1011
1.0
1021
0.0
1031
0.0
1021
0.0
1031
0.0
1011
0.0
1021
1.0
1031
0.0
1021
1.0
1031
0.0
1011
0.0
1021
0.0
1031
1.0
1021
0.0
1031
1.0
1040
0.0
1010
0.0
1020
0.0
1030
1.0
1020
0.0
1030
1.0
1000
SOLID
1070
     1
1070
     1
1071
        1
1071
        3
1070
     0
1070
     1
1071
       40
1040
0.015629
1040
0.0
1040
0.015437
1040
0.002445
1040
0.014864
1040
0.00483
1040
0.013926
1040
0.007096
1040
0.012644
1040
0.009187
1040
0.011052
1040
0.011052
1040
0.009187
1040
0.012644
1040
0.007096
1040
0.013926
1040
0.00483
1040
0.014864
1040
0.002445
1040
0.015437
1040
0.0
1040
0.015629
1040
-0.002445
1040
0.015437
1040
-0.00483
1040
0.014864
1040
-0.007096
1040
0.013926
1040
-0.009187
1040
0.012644
1040
-0.011052
1040
0.011052
1040
-0.012644
1040
0.009187
1040
-0.013926
1040
0.007096
1040
-0.014864
1040
0.00483
1040
-0.015437
1040
0.002445
1040
-0.015629
1040
0.0
1040
-0.015437
1040
-0.002445
1040
-0.014864
1040
-0.00483
1040
-0.013926
1040
-0.007096
1040
-0.012644
1040
-0.009187
1040
-0.011052
1040
-0.011052
1040
-0.009187
1040
-0.012644
1040
-0.007096
1040
-0.013926
1040
-0.00483
1040
-0.014864
1040
-0.002445
1040
-0.015437
1040
0.0
1040
-0.015629
1040
0.002445
1040
-0.015437
1040
0.00483
1040
-0.014864
1040
0.007096
1040
-0.013926
1040
0.009187
1040
-0.012644
1040
0.011052
1040
-0.011052
1040
0.012644
1040
-0.009187
1040
0.013926
1040
-0.007096
1040
0.014864
1040
-0.00483
1040
0.015437
1040
-0.002445
1071
        0
1070
     0
1070
     1
1071
        0
1002
}
  0
ARC
  5
2246
  8
-IDRICO-SANITARIO
  6
ACAD_ISO04W100
 62
     4
 10
0.0
 20
0.0
 30
0.0
 40
0.0509900831922451
 50
260.277482
 51
100.689315
  0
CIRCLE
  5
2247
  8
-IDRICO-SANITARIO
  6
ACAD_ISO04W100
 62
     4
 10
0.0
 20
0.0
 30
0.0
 40
0.0156294341362794
  0
ARC
  5
2248
  8
-IDRICO-SANITARIO
  6
ACAD_ISO04W100
 62
     4
 10
0.0
 20
0.1
 30
0.0
 40
0.048
 50
258.829151
 51
102.137646
  0
ATTDEF
  5
2249
  8
0
 10
0.157371
 20
0.000036
 30
0.0
 40
0.15
  1
*CODICE*
  3
Codice rete
  2
CODICE
 70
     9
  0
ENDBLK
  5
EB
  8
0
  0
BLOCK
  8
0
  2
RIMRETEDL
 70
     2
 10
0.0
 20
0.0
 30
0.0
  3
RIMRETEDL
  1

  0
INSERT
  5
224A
  8
-IDRICO-SANITARIO
  6
CONTINUOUS
 62
     4
  2
*U53
 10
0.0
 20
0.0
 30
0.0
1001
ACAD
1002
{
1000
R14_HATCH_DATA
1000
224A
1011
1.0
1021
0.0
1031
0.0
1021
0.0
1031
0.0
1011
0.0
1021
1.0
1031
0.0
1021
1.0
1031
0.0
1011
0.0
1021
0.0
1031
1.0
1021
0.0
1031
1.0
1040
0.0
1010
0.0
1020
0.0
1030
1.0
1020
0.0
1030
1.0
1000
SOLID
1070
     1
1070
     1
1071
        1
1071
        3
1070
     0
1070
     1
1071
       40
1040
0.015629
1040
0.0
1040
0.015437
1040
0.002445
1040
0.014864
1040
0.00483
1040
0.013926
1040
0.007096
1040
0.012644
1040
0.009187
1040
0.011052
1040
0.011052
1040
0.009187
1040
0.012644
1040
0.007096
1040
0.013926
1040
0.00483
1040
0.014864
1040
0.002445
1040
0.015437
1040
0.0
1040
0.015629
1040
-0.002445
1040
0.015437
1040
-0.00483
1040
0.014864
1040
-0.007096
1040
0.013926
1040
-0.009187
1040
0.012644
1040
-0.011052
1040
0.011052
1040
-0.012644
1040
0.009187
1040
-0.013926
1040
0.007096
1040
-0.014864
1040
0.00483
1040
-0.015437
1040
0.002445
1040
-0.015629
1040
0.0
1040
-0.015437
1040
-0.002445
1040
-0.014864
1040
-0.00483
1040
-0.013926
1040
-0.007096
1040
-0.012644
1040
-0.009187
1040
-0.011052
1040
-0.011052
1040
-0.009187
1040
-0.012644
1040
-0.007096
1040
-0.013926
1040
-0.00483
1040
-0.014864
1040
-0.002445
1040
-0.015437
1040
0.0
1040
-0.015629
1040
0.002445
1040
-0.015437
1040
0.00483
1040
-0.014864
1040
0.007096
1040
-0.013926
1040
0.009187
1040
-0.012644
1040
0.011052
1040
-0.011052
1040
0.012644
1040
-0.009187
1040
0.013926
1040
-0.007096
1040
0.014864
1040
-0.00483
1040
0.015437
1040
-0.002445
1071
        0
1070
     0
1070
     1
1071
        0
1002
}
  0
CIRCLE
  5
224B
  8
-IDRICO-SANITARIO
  6
ACAD_ISO04W100
 62
     4
 10
0.0
 20
0.0
 30
0.0
 40
0.0156294341362794
  0
INSERT
  5
224C
  8
-IDRICO-SANITARIO
  6
CONTINUOUS
 62
     4
  2
*U54
 10
0.0
 20
0.0
 30
0.0
1001
ACAD
1002
{
1000
R14_HATCH_DATA
1000
224C
1011
1.0
1021
0.0
1031
0.0
1021
0.0
1031
0.0
1011
0.0
1021
1.0
1031
0.0
1021
1.0
1031
0.0
1011
0.0
1021
0.0
1031
1.0
1021
0.0
1031
1.0
1040
0.0
1010
0.0
1020
0.0
1030
1.0
1020
0.0
1030
1.0
1000
SOLID
1070
     1
1070
     1
1071
        1
1071
        3
1070
     0
1070
     1
1071
       40
1040
0.015629
1040
-0.1
1040
0.015437
1040
-0.097555
1040
0.014864
1040
-0.09517
1040
0.013926
1040
-0.092904
1040
0.012644
1040
-0.090813
1040
0.011052
1040
-0.088948
1040
0.009187
1040
-0.087356
1040
0.007096
1040
-0.086074
1040
0.00483
1040
-0.085136
1040
0.002445
1040
-0.084563
1040
0.0
1040
-0.084371
1040
-0.002445
1040
-0.084563
1040
-0.00483
1040
-0.085136
1040
-0.007096
1040
-0.086074
1040
-0.009187
1040
-0.087356
1040
-0.011052
1040
-0.088948
1040
-0.012644
1040
-0.090813
1040
-0.013926
1040
-0.092904
1040
-0.014864
1040
-0.09517
1040
-0.015437
1040
-0.097555
1040
-0.015629
1040
-0.1
1040
-0.015437
1040
-0.102445
1040
-0.014864
1040
-0.10483
1040
-0.013926
1040
-0.107096
1040
-0.012644
1040
-0.109187
1040
-0.011052
1040
-0.111052
1040
-0.009187
1040
-0.112644
1040
-0.007096
1040
-0.113926
1040
-0.00483
1040
-0.114864
1040
-0.002445
1040
-0.115437
1040
0.0
1040
-0.115629
1040
0.002445
1040
-0.115437
1040
0.00483
1040
-0.114864
1040
0.007096
1040
-0.113926
1040
0.009187
1040
-0.112644
1040
0.011052
1040
-0.111052
1040
0.012644
1040
-0.109187
1040
0.013926
1040
-0.107096
1040
0.014864
1040
-0.10483
1040
0.015437
1040
-0.102445
1071
        0
1070
     0
1070
     1
1071
        0
1002
}
  0
ARC
  5
224D
  8
-IDRICO-SANITARIO
  6
ACAD_ISO04W100
 62
     4
 10
0.0
 20
-0.1
 30
0.0
 40
0.0509900831922451
 50
260.277482
 51
100.689315
  0
CIRCLE
  5
224E
  8
-IDRICO-SANITARIO
  6
ACAD_ISO04W100
 62
     4
 10
0.0
 20
-0.1
 30
0.0
 40
0.0156294341362794
  0
ARC
  5
224F
  8
-IDRICO-SANITARIO
  6
ACAD_ISO04W100
 62
     4
 10
0.0
 20
0.0
 30
0.0
 40
0.048
 50
258.829151
 51
102.137646
  0
ATTDEF
  5
2250
  8
0
 10
0.157371
 20
-0.099964
 30
0.0
 40
0.15
  1
*CODICE*
  3
Codice rete
  2
CODICE
 70
     9
  0
ENDBLK
  5
EE
  8
0
  0
BLOCK
  8
0
  2
LOCCORT
 70
     2
 10
0.0
 20
0.0
 30
0.0
  3
LOCCORT
  1

  0
LINE
  5
B535
  8
0
 62
     0
 10
0.3346928117442811
 20
0.3473564437499141
 30
0.0
 11
0.2468771858083141
 21
0.4351720696858701
 31
0.0
  0
LINE
  5
B536
  8
0
 62
     0
 10
0.4225084376802342
 20
0.2595408178139582
 30
0.0
 11
0.4059691752878738
 21
0.2760800802063072
 31
0.0
  0
LINE
  5
B537
  8
0
 62
     0
 10
0.0495873575698536
 20
0.4899091708371224
 30
0.0
 11
0.0322574895608714
 21
0.5072390388461061
 31
0.0
  0
LINE
  5
B538
  8
0
 62
     0
 10
0.3346928117442811
 20
0.2048037166627061
 30
0.0
 11
0.1208637211134533
 21
0.4186328072935154
 31
0.0
  0
LINE
  5
B539
  8
0
 62
     0
 10
0.4424892892190421
 20
0.0970072391879371
 30
0.0
 11
0.4059691752878809
 21
0.1335273531190992
 31
0.0
  0
LINE
  5
B53A
  8
0
 62
     0
 10
0.0495873575698536
 20
0.3473564437499141
 30
0.0
 11
-0.1061830692555166
 21
0.503126870575282
 31
0.0
  0
LINE
  5
B53B
  8
0
 62
     0
 10
0.2999365621318315
 20
0.0970072391879371
 30
0.0
 11
0.1208637211134533
 21
0.2760800802063072
 31
0.0
  0
LINE
  5
B53C
  8
0
 62
     0
 10
0.0495873575698536
 20
0.2048037166627061
 30
0.0
 11
-0.1642417330609565
 21
0.4186328072935197
 31
0.0
  0
LINE
  5
B53D
  8
0
 62
     0
 10
0.1573838350446213
 20
0.0970072391879371
 30
0.0
 11
0.1208637211134533
 21
0.1335273531191032
 31
0.0
  0
LINE
  5
B53E
  8
0
 62
     0
 10
0.459091904683744
 20
-0.2047008304511899
 30
0.0
 11
0.4059691752878738
 21
-0.1515781010553128
 31
0.0
  0
LINE
  5
B53F
  8
0
 62
     0
 10
-0.2355180966045562
 20
0.3473564437499133
 30
0.0
 11
-0.3104671718589191
 21
0.4223055190042633
 31
0.0
  0
LINE
  5
B540
  8
0
 62
     0
 10
0.0148311079574111
 20
0.0970072391879371
 30
0.0
 11
-0.1642417330609565
 21
0.2760800802063072
 31
0.0
  0
LINE
  5
B541
  8
0
 62
     0
 10
0.3346928117442811
 20
-0.2228544645989179
 30
0.0
 11
0.2268963342823032
 21
-0.1150579871369448
 31
0.0
  0
LINE
  5
B542
  8
0
 62
     0
 10
0.4096418869986227
 20
-0.2978035398532688
 30
0.0
 11
0.4059691752878738
 21
-0.2941308281425239
 31
0.0
  0
LINE
  5
B543
  8
0
 62
     0
 10
-0.2355180966045562
 20
0.2048037166627061
 30
0.0
 11
-0.3887306714057157
 21
0.3580162914638731
 31
0.0
  0
LINE
  5
B544
  8
0
 62
     0
 10
-0.1277216191297885
 20
0.0970072391879371
 30
0.0
 11
-0.1642417330609565
 21
0.1335273531190992
 31
0.0
  0
LINE
  5
B545
  8
0
 62
     0
 10
0.3346928117442811
 20
-0.3654071916861259
 30
0.0
 11
0.1208637211134533
 21
-0.1515781010553159
 31
0.0
  0
LINE
  5
B546
  8
0
 62
     0
 10
-0.2702743462169987
 20
0.0970072391879371
 30
0.0
 11
-0.4493471872353664
 21
0.2760800802063072
 31
0.0
  0
LINE
  5
B547
  8
0
 62
     0
 10
0.0495873575698536
 20
-0.2228544645989179
 30
0.0
 11
-0.0582091198921173
 21
-0.1150579871369448
 31
0.0
  0
LINE
  5
B548
  8
0
 62
     0
 10
0.2670891599139527
 20
-0.440356266943009
 30
0.0
 11
0.1208637211134533
 21
-0.2941308281425239
 31
0.0
  0
LINE
  5
B549
  8
0
 62
     0
 10
-0.4128270733042161
 20
0.0970072391879371
 30
0.0
 11
-0.4493471872353664
 21
0.1335273531190992
 31
0.0
  0
LINE
  5
B54A
  8
0
 62
     0
 10
0.0495873575698536
 20
-0.3654071916861268
 30
0.0
 11
-0.1642417330609565
 21
-0.1515781010553159
 31
0.0
  0
LINE
  5
B54B
  8
0
 62
     0
 10
0.1739864505147342
 20
-0.4898062846309986
 30
0.0
 11
0.1208637211134533
 21
-0.4366835552297321
 31
0.0
  0
LINE
  5
B54C
  8
0
 62
     0
 10
-0.2355180966045562
 20
-0.2228544645989179
 30
0.0
 11
-0.3433145740665378
 21
-0.1150579871369448
 31
0.0
  0
LINE
  5
B54D
  8
0
 62
     0
 10
0.0495873575698536
 20
-0.5079599187733379
 30
0.0
 11
-0.1642417330609565
 21
-0.2941308281425239
 31
0.0
  0
LINE
  5
B54E
  8
0
 62
     0
 10
-0.2355180966045562
 20
-0.3654071916861259
 30
0.0
 11
-0.4493471872353664
 21
-0.1515781010553128
 31
0.0
  0
LINE
  5
B54F
  8
0
 62
     0
 10
-0.0756355014925863
 20
-0.5252897867980983
 30
0.0
 11
-0.1642417330609565
 21
-0.4366835552297321
 31
0.0
  0
LINE
  5
B550
  8
0
 62
     0
 10
-0.2902551977038978
 20
-0.4532228176740016
 30
0.0
 11
-0.4493471872353664
 21
-0.2941308281425208
 31
0.0
  0
LINE
  5
B551
  8
0
 62
     0
 10
0.2634164481942829
 20
-0.4366835552361259
 30
0.0
 11
0.422508437699781
 21
-0.2775915657306087
 31
0.0
  0
LINE
  5
B552
  8
0
 62
     0
 10
0.2634164481942829
 20
-0.2941308281489179
 30
0.0
 11
0.4424892892062521
 21
-0.1150579871369448
 31
0.0
  0
LINE
  5
B553
  8
0
 62
     0
 10
0.0322574895465824
 20
-0.5252897867966057
 30
0.0
 11
0.1921400846506618
 21
-0.3654071916925239
 31
0.0
  0
LINE
  5
B554
  8
0
 62
     0
 10
0.2634164481942829
 20
-0.1515781010617108
 30
0.0
 11
0.2999365621190524
 21
-0.1150579871369448
 31
0.0
  0
LINE
  5
B555
  8
0
 62
     0
 10
-0.0216890059801482
 20
-0.436683555236129
 30
0.0
 11
0.1921400846506831
 21
-0.2228544646053159
 31
0.0
  0
LINE
  5
B556
  8
0
 62
     0
 10
-0.106183069266498
 20
-0.5211776185224763
 30
0.0
 11
-0.092965369523748
 21
-0.5079599187797365
 31
0.0
  0
LINE
  5
B557
  8
0
 62
     0
 10
0.369449061356713
 20
0.0970072391879371
 30
0.0
 11
0.4590919046800527
 21
0.1866500825112771
 31
0.0
  0
LINE
  5
B558
  8
0
 62
     0
 10
-0.0216890059801482
 20
-0.2941308281489179
 30
0.0
 11
0.1573838350318208
 21
-0.1150579871369448
 31
0.0
  0
LINE
  5
B559
  8
0
 62
     0
 10
-0.2173644624659357
 20
-0.4898062846347009
 30
0.0
 11
-0.092965369523748
 21
-0.3654071916925239
 31
0.0
  0
LINE
  5
B55A
  8
0
 62
     0
 10
0.2634164481942829
 20
0.1335273531127061
 30
0.0
 11
0.4096418869934926
 21
0.2797527919119251
 31
0.0
  0
LINE
  5
B55B
  8
0
 62
     0
 10
-0.0216890059801482
 20
-0.1515781010617099
 30
0.0
 11
0.0148311079446213
 21
-0.1150579871369417
 31
0.0
  0
LINE
  5
B55C
  8
0
 62
     0
 10
-0.306794460154558
 20
-0.4366835552361259
 30
0.0
 11
-0.092965369523748
 21
-0.2228544646053159
 31
0.0
  0
LINE
  5
B55D
  8
0
 62
     0
 10
0.2634164481942829
 20
0.2760800801999133
 30
0.0
 11
0.3453526594518426
 21
0.3580162914574791
 31
0.0
  0
LINE
  5
B55E
  8
0
 62
     0
 10
0.0843436071822925
 20
0.0970072391879371
 30
0.0
 11
0.1921400846506618
 21
0.2048037166563072
 31
0.0
  0
LINE
  5
B55F
  8
0
 62
     0
 10
-0.306794460154558
 20
-0.2941308281489179
 30
0.0
 11
-0.1277216191425889
 21
-0.1150579871369448
 31
0.0
  0
LINE
  5
B560
  8
0
 62
     0
 10
-0.388730671412139
 20
-0.3760670394064869
 30
0.0
 11
-0.3780708236981791
 21
-0.3654071916925239
 31
0.0
  0
LINE
  5
B561
  8
0
 62
     0
 10
0.2634164481942829
 20
0.4186328072871224
 30
0.0
 11
0.267089159906293
 21
0.4223055189991334
 31
0.0
  0
LINE
  5
B562
  8
0
 62
     0
 10
-0.0216890059801482
 20
0.1335273531127061
 30
0.0
 11
0.1921400846506618
 21
0.3473564437435169
 31
0.0
  0
LINE
  5
B563
  8
0
 62
     0
 10
-0.306794460154558
 20
-0.1515781010617099
 30
0.0
 11
-0.2702743462297885
 21
-0.1150579871369448
 31
0.0
  0
LINE
  5
B564
  8
0
 62
     0
 10
-0.4530198989537785
 20
-0.2978035398609329
 30
0.0
 11
-0.3780708236981791
 21
-0.2228544646053159
 31
0.0
  0
LINE
  5
B565
  8
0
 62
     0
 10
-0.0216890059801482
 20
0.2760800801999133
 30
0.0
 11
0.1739864505056321
 21
0.4717555366856934
 31
0.0
  0
LINE
  5
B566
  8
0
 62
     0
 10
-0.2007618469921066
 20
0.0970072391879371
 30
0.0
 11
-0.092965369523748
 21
0.2048037166563072
 31
0.0
  0
LINE
  5
B567
  8
0
 62
     0
 10
-0.5024699166403384
 20
-0.2047008304602818
 30
0.0
 11
-0.4128270733170061
 21
-0.1150579871369448
 31
0.0
  0
LINE
  5
B568
  8
0
 62
     0
 10
-0.0216890059801482
 20
0.4186328072871224
 30
0.0
 11
0.0628050573062016
 21
0.5031268705734702
 31
0.0
  0
LINE
  5
B569
  8
0
 62
     0
 10
-0.2355180966045562
 20
0.2048037166627061
 30
0.0
 11
0.0205580256630267
 21
0.4608798389302964
 31
0.0
  0
LINE
  5
B56A
  8
0
 62
     0
 10
-0.306794460154558
 20
0.2760800801999141
 30
0.0
 11
-0.092965369523748
 21
0.4899091708307254
 31
0.0
  0
LINE
  5
B56B
  8
0
 62
     0
 10
-0.485867301166538
 20
0.0970072391879371
 30
0.0
 11
-0.3780708236981791
 21
0.2048037166563072
 31
0.0
  0
LINE
  5
B56C
  8
0
 62
     0
 10
-0.306794460154558
 20
0.4186328072871224
 30
0.0
 11
-0.2902551977362488
 21
0.4351720697054298
 31
0.0
  0
LINE
  5
B56D
  8
0
 62
     0
 10
-0.4658864496600881
 20
0.2595408177816032
 30
0.0
 11
-0.3780708236981791
 21
0.3473564437435169
 31
0.0
  0
ATTDEF
  5
B56E
  8
0
 62
     0
 10
-0.63129101538577
 20
-0.0791332854223626
 30
0.0
 40
0.15
  1
*CORTILE*
 72
     1
 11
-0.00629101538577
 21
-0.0041332854223626
 31
0.0
 73
     2
  3
Cortile interno
  2
CORTILE
 70
     8
 74
     2
1001
ACDBBLOCKREPETAG
1070
     1
1071
        0
1005
0
  0
ENDBLK
  5
499F
  8
0
  0
BLOCK
  8
0
  2
LOC
 70
     2
 10
0.0
 20
0.0
 30
0.0
  3
LOC
  1

  0
TEXT
  5
A4B7
  8
0
  6
CONTINUOUS
 62
     0
 10
-0.4537129201908316
 20
-0.3352312383345026
 30
0.0
 40
0.15
  1
E:
  0
TEXT
  5
A4B8
  8
0
  6
CONTINUOUS
 62
     0
 10
-0.4533694661873255
 20
-0.099458429849749
 30
0.0
 40
0.15
  1
I:
  0
CIRCLE
  5
A4B9
  8
0
 62
     0
 10
0.3227451972002839
 20
0.1925716392451959
 30
0.0
 40
0.0753525286774118
  0
ARC
  5
A4BA
  8
0
 62
     0
 10
0.1910656037486191
 20
0.0857169205954498
 30
0.0
 40
0.0858161246217935
 50
347.9488356596593
 51
90.21128818041198
  0
ARC
  5
A4BB
  8
0
 62
     0
 10
0.454424790651949
 20
0.2994263578949434
 30
0.0
 40
0.0858161246217935
 50
167.9488356596614
 51
270.211288180412
  0
ARC
  5
A4BC
  8
0
 62
     0
 10
0.2960460930612001
 20
0.3600368716592182
 30
0.0
 40
0.0858161246217935
 50
227.9488356596628
 51
330.2112881804102
  0
ARC
  5
A4BD
  8
0
 62
     0
 10
0.1643664996095353
 20
0.2531821530094684
 30
0.0
 40
0.0858161246217935
 50
287.9488356596588
 51
30.21128818041368
  0
ARC
  5
A4BE
  8
0
 62
     0
 10
0.3494443013393749
 20
0.0251064068311742
 30
0.0
 40
0.0858161246217935
 50
47.94883565966292
 51
150.2112881804127
  0
ARC
  5
A4BF
  8
0
 62
     0
 10
0.4811238947910397
 20
0.1319611254809208
 30
0.0
 40
0.0858161246217935
 50
107.9488356596616
 51
210.2112881804134
  0
POLYLINE
  5
A4C0
  8
0
 62
     0
 66
     1
 10
0.0
 20
0.0
 30
0.0
 70
     1
  0
VERTEX
  5
F09F
  8
0
 62
     0
 10
-0.5528549366615252
 20
-0.4349116981733224
 30
0.0
  0
VERTEX
  5
F0A0
  8
0
 62
     0
 10
-0.5528549366615252
 20
0.4022305801935593
 30
0.0
  0
VERTEX
  5
F0A1
  8
0
 62
     0
 10
0.538247540232355
 20
0.4022305801935593
 30
0.0
  0
VERTEX
  5
F0A2
  8
0
 62
     0
 10
0.538247540232355
 20
-0.4349116981733224
 30
0.0
  0
SEQEND
  5
F0EB
  8
0
 62
     0
  0
POLYLINE
  5
A4C1
  8
0
 62
     0
 66
     1
 10
0.0
 20
0.0
 30
0.0
 70
     1
  0
VERTEX
  5
F0A3
  8
0
 62
     0
 10
-0.502854936661521
 20
0.3522305801935595
 30
0.0
  0
VERTEX
  5
F0A4
  8
0
 62
     0
 10
-0.502854936661521
 20
-0.3849116981733225
 30
0.0
  0
VERTEX
  5
F0A5
  8
0
 62
     0
 10
0.4882475402323509
 20
-0.3849116981733225
 30
0.0
  0
VERTEX
  5
F0A6
  8
0
 62
     0
 10
0.4882475402323509
 20
0.3522305801935595
 30
0.0
  0
SEQEND
  5
F0EA
  8
0
 62
     0
  0
LINE
  5
A4C2
  8
0
 62
     0
 10
-0.5528549366615252
 20
-0.3711118351712948
 30
0.0
 11
-0.502854936661521
 21
-0.321111835171294
 31
0.0
  0
LINE
  5
A4C3
  8
0
 62
     0
 10
0.2588758263516482
 20
0.3522305801935595
 30
0.0
 11
0.3088758263516453
 21
0.4022305801935584
 31
0.0
  0
LINE
  5
A4C4
  8
0
 62
     0
 10
0.1788403291713152
 20
-0.4349116981733224
 30
0.0
 11
0.2288403291713124
 21
-0.3849116981733225
 31
0.0
  0
LINE
  5
A4C5
  8
0
 62
     0
 10
0.1262933048791694
 20
0.3522305801935595
 30
0.0
 11
0.1762933048791666
 21
0.4022305801935575
 31
0.0
  0
LINE
  5
A4C6
  8
0
 62
     0
 10
-0.5528549366615252
 20
-0.1059467922263391
 30
0.0
 11
-0.502854936661521
 21
-0.0559467922263393
 31
0.0
  0
LINE
  5
A4C7
  8
0
 62
     0
 10
0.2230345029954748
 20
-0.4349116981733224
 30
0.0
 11
0.2730345029954719
 21
-0.3849116981733225
 31
0.0
  0
LINE
  5
A4C8
  8
0
 62
     0
 10
-0.5528549366615252
 20
-0.0175584445780199
 30
0.0
 11
-0.502854936661521
 21
0.0324415554219799
 31
0.0
  0
LINE
  5
A4C9
  8
0
 62
     0
 10
-0.4040367810107385
 20
0.3522305801935595
 30
0.0
 11
-0.3540367810107412
 21
0.4022305801935584
 31
0.0
  0
LINE
  5
A4CA
  8
0
 62
     0
 10
-0.138871738065788
 20
0.3522305801935595
 30
0.0
 11
-0.0888717380657838
 21
0.4022305801935584
 31
0.0
  0
LINE
  5
A4CB
  8
0
 62
     0
 10
-0.448230954834898
 20
0.3522305801935586
 30
0.0
 11
-0.3982309548349008
 21
0.4022305801935575
 31
0.0
  0
LINE
  5
A4CC
  8
0
 62
     0
 10
-0.2714542595382596
 20
0.3522305801935595
 30
0.0
 11
-0.2214542595382625
 21
0.4022305801935575
 31
0.0
  0
LINE
  5
A4CD
  8
0
 62
     0
 10
-0.5528549366615252
 20
0.0266357292461388
 30
0.0
 11
-0.502854936661521
 21
0.0766357292461386
 31
0.0
  0
LINE
  5
A4CE
  8
0
 62
     0
 10
0.2146816525274886
 20
0.3522305801935595
 30
0.0
 11
0.2646816525274858
 21
0.4022305801935584
 31
0.0
  0
LINE
  5
A4CF
  8
0
 62
     0
 10
0.1346461553471556
 20
-0.4349116981733224
 30
0.0
 11
0.1846461553471528
 21
-0.3849116981733225
 31
0.0
  0
LINE
  5
A4D0
  8
0
 62
     0
 10
-0.0946775642416285
 20
0.3522305801935595
 30
0.0
 11
-0.0446775642416242
 21
0.4022305801935575
 31
0.0
  0
LINE
  5
A4D1
  8
0
 62
     0
 10
0.4798466954724462
 20
0.3522305801935595
 30
0.0
 11
0.5298466954724435
 21
0.4022305801935584
 31
0.0
  0
LINE
  5
A4D2
  8
0
 62
     0
 10
-0.2631014090702806
 20
-0.4349116981733224
 30
0.0
 11
-0.2131014090702763
 21
-0.3849116981733225
 31
0.0
  0
LINE
  5
A4D3
  8
0
 62
     0
 10
0.3030700001758078
 20
0.3522305801935595
 30
0.0
 11
0.3530700001758049
 21
0.4022305801935584
 31
0.0
  0
LINE
  5
A4D4
  8
0
 62
     0
 10
0.4882475402323509
 20
-0.1255044871122841
 30
0.0
 11
0.538247540232355
 21
-0.0755044871122843
 31
0.0
  0
LINE
  5
A4D5
  8
0
 62
     0
 10
-0.5528549366615252
 20
-0.3269176613471352
 30
0.0
 11
-0.502854936661521
 21
-0.2769176613471354
 31
0.0
  0
LINE
  5
A4D6
  8
0
 62
     0
 10
0.0020636338746769
 20
-0.4349116981733224
 30
0.0
 11
0.0520636338746812
 21
-0.3849116981733225
 31
0.0
  0
LINE
  5
A4D7
  8
0
 62
     0
 10
-0.1830659118899405
 20
0.3522305801935595
 30
0.0
 11
-0.1330659118899433
 21
0.4022305801935584
 31
0.0
  0
LINE
  5
A4D8
  8
0
 62
     0
 10
-0.1747130614219614
 20
-0.4349116981733232
 30
0.0
 11
-0.1247130614219571
 21
-0.3849116981733225
 31
0.0
  0
LINE
  5
A4D9
  8
0
 62
     0
 10
-0.5528549366615252
 20
0.2034124245427762
 30
0.0
 11
-0.502854936661521
 21
0.253412424542776
 31
0.0
  0
LINE
  5
A4DA
  8
0
 62
     0
 10
0.4882475402323509
 20
0.2280489034809889
 30
0.0
 11
0.538247540232355
 21
0.2780489034809888
 31
0.0
  0
LINE
  5
A4DB
  8
0
 62
     0
 10
-0.0863247137736423
 20
-0.4349116981733224
 30
0.0
 11
-0.0363247137736451
 21
-0.3849116981733225
 31
0.0
  0
LINE
  5
A4DC
  8
0
 62
     0
 10
0.4882475402323509
 20
0.2722430773051485
 30
0.0
 11
0.538247540232355
 21
0.3222430773051483
 31
0.0
  0
LINE
  5
A4DD
  8
0
 62
     0
 10
0.3114228506437939
 20
-0.4349116981733224
 30
0.0
 11
0.3614228506437911
 21
-0.3849116981733225
 31
0.0
  0
LINE
  5
A4DE
  8
0
 62
     0
 10
-0.5528549366615252
 20
0.3801891198394127
 30
0.0
 11
-0.5308134763073796
 21
0.4022305801935584
 31
0.0
  0
LINE
  5
A4DF
  8
0
 62
     0
 10
0.4882475402323509
 20
0.1838547296568311
 30
0.0
 11
0.538247540232355
 21
0.233854729656831
 31
0.0
  0
LINE
  5
A4E0
  8
0
 62
     0
 10
-0.5528549366615252
 20
0.0708299030702975
 30
0.0
 11
-0.502854936661521
 21
0.1208299030702982
 31
0.0
  0
LINE
  5
A4E1
  8
0
 62
     0
 10
-0.5528549366615252
 20
0.2918007721910936
 30
0.0
 11
-0.502854936661521
 21
0.3418007721910943
 31
0.0
  0
LINE
  5
A4E2
  8
0
 62
     0
 10
0.0820991310550099
 20
0.3522305801935595
 30
0.0
 11
0.132099131055007
 21
0.4022305801935584
 31
0.0
  0
LINE
  5
A4E3
  8
0
 62
     0
 10
-0.4398781043669189
 20
-0.4349116981733224
 30
0.0
 11
-0.3898781043669146
 21
-0.3849116981733225
 31
0.0
  0
LINE
  5
A4E4
  8
0
 62
     0
 10
-0.3072955828944401
 20
-0.4349116981733224
 30
0.0
 11
-0.2572955828944359
 21
-0.3849116981733225
 31
0.0
  0
LINE
  5
A4E5
  8
0
 62
     0
 10
0.4882475402323509
 20
-0.0813103132881246
 30
0.0
 11
0.538247540232355
 21
-0.0313103132881247
 31
0.0
  0
LINE
  5
A4E6
  8
0
 62
     0
 10
0.4882475402323509
 20
-0.037116139463965
 30
0.0
 11
0.538247540232355
 21
0.0128838605360349
 31
0.0
  0
LINE
  5
A4E7
  8
0
 62
     0
 10
0.4882475402323509
 20
-0.2580870085847611
 30
0.0
 11
0.538247540232355
 21
-0.2080870085847613
 31
0.0
  0
LINE
  5
A4E8
  8
0
 62
     0
 10
0.4882475402323509
 20
0.0070780343601928
 30
0.0
 11
0.538247540232355
 21
0.0570780343601927
 31
0.0
  0
LINE
  5
A4E9
  8
0
 62
     0
 10
0.3472641739999673
 20
0.3522305801935595
 30
0.0
 11
0.3972641739999645
 21
0.4022305801935575
 31
0.0
  0
LINE
  5
A4EA
  8
0
 62
     0
 10
-0.5528549366615252
 20
-0.2827234875229756
 30
0.0
 11
-0.502854936661521
 21
-0.2327234875229758
 31
0.0
  0
LINE
  5
A4EB
  8
0
 62
     0
 10
-0.0062892165933093
 20
0.3522305801935595
 30
0.0
 11
0.0437107834066879
 21
0.4022305801935584
 31
0.0
  0
LINE
  5
A4EC
  8
0
 62
     0
 10
-0.5528549366615252
 20
0.2476065983669349
 30
0.0
 11
-0.502854936661521
 21
0.2976065983669347
 31
0.0
  0
LINE
  5
A4ED
  8
0
 62
     0
 10
-0.5528549366615252
 20
-0.238529313698816
 30
0.0
 11
-0.502854936661521
 21
-0.1885293136988162
 31
0.0
  0
LINE
  5
A4EE
  8
0
 62
     0
 10
-0.1305188875978018
 20
-0.4349116981733224
 30
0.0
 11
-0.0805188875977976
 21
-0.3849116981733225
 31
0.0
  0
LINE
  5
A4EF
  8
0
 62
     0
 10
-0.5528549366615252
 20
-0.1943351398746564
 30
0.0
 11
-0.502854936661521
 21
-0.1443351398746566
 31
0.0
  0
LINE
  5
A4F0
  8
0
 62
     0
 10
-0.5528549366615252
 20
-0.4153060089954528
 30
0.0
 11
-0.502854936661521
 21
-0.3653060089954527
 31
0.0
  0
LINE
  5
A4F1
  8
0
 62
     0
 10
0.4356525216482865
 20
0.3522305801935595
 30
0.0
 11
0.4856525216482839
 21
0.4022305801935584
 31
0.0
  0
LINE
  5
A4F2
  8
0
 62
     0
 10
0.170487478703329
 20
0.3522305801935595
 30
0.0
 11
0.2204874787033262
 21
0.4022305801935575
 31
0.0
  0
LINE
  5
A4F3
  8
0
 62
     0
 10
-0.4924251286590576
 20
0.3522305801935595
 30
0.0
 11
-0.4424251286590605
 21
0.4022305801935575
 31
0.0
  0
LINE
  5
A4F4
  8
0
 62
     0
 10
0.4882475402323509
 20
-0.3022811824089207
 30
0.0
 11
0.538247540232355
 21
-0.2522811824089208
 31
0.0
  0
LINE
  5
A4F5
  8
0
 62
     0
 10
0.3556170244679535
 20
-0.4349116981733224
 30
0.0
 11
0.4056170244679508
 21
-0.3849116981733225
 31
0.0
  0
LINE
  5
A4F6
  8
0
 62
     0
 10
-0.3598426071865788
 20
0.3522305801935595
 30
0.0
 11
-0.3098426071865816
 21
0.4022305801935584
 31
0.0
  0
LINE
  5
A4F7
  8
0
 62
     0
 10
-0.2272600857141072
 20
0.3522305801935586
 30
0.0
 11
-0.1772600857141029
 21
0.4022305801935575
 31
0.0
  0
LINE
  5
A4F8
  8
0
 62
     0
 10
-0.218907235246121
 20
-0.4349116981733224
 30
0.0
 11
-0.1689072352461167
 21
-0.3849116981733225
 31
0.0
  0
LINE
  5
A4F9
  8
0
 62
     0
 10
0.0379049572308503
 20
0.3522305801935595
 30
0.0
 11
0.0879049572308475
 21
0.4022305801935584
 31
0.0
  0
LINE
  5
A4FA
  8
0
 62
     0
 10
0.3914583478241269
 20
0.3522305801935595
 30
0.0
 11
0.4414583478241241
 21
0.4022305801935575
 31
0.0
  0
LINE
  5
A4FB
  8
0
 62
     0
 10
0.0462578076988365
 20
-0.4349116981733232
 30
0.0
 11
0.0962578076988337
 21
-0.3849116981733225
 31
0.0
  0
LINE
  5
A4FC
  8
0
 62
     0
 10
-0.3514897567185997
 20
-0.4349116981733224
 30
0.0
 11
-0.3014897567185955
 21
-0.3849116981733225
 31
0.0
  0
LINE
  5
A4FD
  8
0
 62
     0
 10
0.4882475402323509
 20
-0.2138928347606033
 30
0.0
 11
0.538247540232355
 21
-0.1638928347606035
 31
0.0
  0
LINE
  5
A4FE
  8
0
 62
     0
 10
0.4440053721162728
 20
-0.4349116981733224
 30
0.0
 11
0.538247540232355
 21
-0.34066953005724
 31
0.0
  0
LINE
  5
A4FF
  8
0
 62
     0
 10
0.5323937197645848
 20
-0.4349116981733224
 30
0.0
 11
0.538247540232355
 21
-0.4290578777055575
 31
0.0
  0
LINE
  5
A500
  8
0
 62
     0
 10
-0.0421305399494827
 20
-0.4349116981733224
 30
0.0
 11
0.0078694600505145
 21
-0.3849116981733225
 31
0.0
  0
LINE
  5
A501
  8
0
 62
     0
 10
-0.5528549366615252
 20
-0.0617526184021795
 30
0.0
 11
-0.502854936661521
 21
-0.0117526184021797
 31
0.0
  0
LINE
  5
A502
  8
0
 62
     0
 10
0.4881995459404325
 20
-0.4349116981733232
 30
0.0
 11
0.538247540232355
 21
-0.3848637038813996
 31
0.0
  0
LINE
  5
A503
  8
0
 62
     0
 10
-0.5528549366615252
 20
-0.1501409660504986
 30
0.0
 11
-0.502854936661521
 21
-0.1001409660504979
 31
0.0
  0
LINE
  5
A504
  8
0
 62
     0
 10
0.4882475402323509
 20
0.095466382008512
 30
0.0
 11
0.538247540232355
 21
0.1454663820085118
 31
0.0
  0
LINE
  5
A505
  8
0
 62
     0
 10
0.2672286768196344
 20
-0.4349116981733232
 30
0.0
 11
0.3172286768196315
 21
-0.3849116981733225
 31
0.0
  0
LINE
  5
A506
  8
0
 62
     0
 10
0.4882475402323509
 20
0.0512722081843524
 30
0.0
 11
0.538247540232355
 21
0.1012722081843522
 31
0.0
  0
LINE
  5
A507
  8
0
 62
     0
 10
0.4882475402323509
 20
0.3164372511293081
 30
0.0
 11
0.538247540232355
 21
0.3664372511293079
 31
0.0
  0
LINE
  5
A508
  8
0
 62
     0
 10
0.4882475402323509
 20
0.1396605558326716
 30
0.0
 11
0.538247540232355
 21
0.1896605558326714
 31
0.0
  0
LINE
  5
A509
  8
0
 62
     0
 10
0.4882475402323509
 20
-0.1696986609364437
 30
0.0
 11
0.538247540232355
 21
-0.1196986609364439
 31
0.0
  0
LINE
  5
A50A
  8
0
 62
     0
 10
0.0904519815229961
 20
-0.4349116981733224
 30
0.0
 11
0.1404519815229932
 21
-0.3849116981733225
 31
0.0
  0
LINE
  5
A50B
  8
0
 62
     0
 10
0.4882475402323509
 20
-0.3464753562330802
 30
0.0
 11
0.538247540232355
 21
-0.2964753562330804
 31
0.0
  0
LINE
  5
A50C
  8
0
 62
     0
 10
-0.0504833904174689
 20
0.3522305801935595
 30
0.0
 11
-0.0004833904174646
 21
0.4022305801935575
 31
0.0
  0
LINE
  5
A50D
  8
0
 62
     0
 10
-0.3956839305427522
 20
-0.4349116981733232
 30
0.0
 11
-0.345683930542755
 21
-0.3849116981733225
 31
0.0
  0
LINE
  5
A50E
  8
0
 62
     0
 10
-0.5282664520152311
 20
-0.4349116981733224
 30
0.0
 11
-0.4782664520152339
 21
-0.3849116981733225
 31
0.0
  0
LINE
  5
A50F
  8
0
 62
     0
 10
-0.4840722781910717
 20
-0.4349116981733224
 30
0.0
 11
-0.4340722781910742
 21
-0.3849116981733225
 31
0.0
  0
LINE
  5
A510
  8
0
 62
     0
 10
-0.5528549366615252
 20
0.3359949460152531
 30
0.0
 11
-0.48661930248322
 21
0.4022305801935575
 31
0.0
  0
LINE
  5
A511
  8
0
 62
     0
 10
-0.5528549366615252
 20
0.1592182507186166
 30
0.0
 11
-0.502854936661521
 21
0.2092182507186164
 31
0.0
  0
LINE
  5
A512
  8
0
 62
     0
 10
0.3998111982921131
 20
-0.4349116981733224
 30
0.0
 11
0.4498111982921106
 21
-0.3849116981733225
 31
0.0
  0
LINE
  5
A513
  8
0
 62
     0
 10
-0.3156484333624192
 20
0.3522305801935595
 30
0.0
 11
-0.265648433362422
 21
0.4022305801935575
 31
0.0
  0
LINE
  5
A514
  8
0
 62
     0
 10
-0.5528549366615252
 20
0.115024076894457
 30
0.0
 11
-0.502854936661521
 21
0.1650240768944569
 31
0.0
  0
ATTDEF
  5
A515
  8
0
  6
CONTINUOUS
 62
     0
 10
-0.5413536821984481
 20
1.634204406991649
 30
0.0
 40
0.0744
  1
*LOCSOTT*
  3
LOCSOTT
  2
LOCSOTT
 70
     9
  0
ATTDEF
  5
A516
  8
0
  6
CONTINUOUS
 62
     0
 10
0.0822836233799791
 20
1.428432082244718
 30
0.0
 40
0.0744
  1
*LOCABIT*
  3
LOCABIT
  2
LOCABIT
 70
     9
  0
ATTDEF
  5
A517
  8
0
  6
CONTINUOUS
 62
     0
 10
-0.529587076980576
 20
1.422552933587389
 30
0.0
 40
0.0744
  1
*APP*
  3
APP
  2
APP
 70
     9
  0
ATTDEF
  5
A518
  8
0
  6
CONTINUOUS
 62
     0
 10
-0.4533336852446725
 20
0.1400601692407673
 30
0.0
 40
0.0744
  1
-
  3
Codice
  2
COD
 70
     8
  0
ATTDEF
  5
A519
  8
0
  6
CONTINUOUS
 62
     0
 10
-0.2442473311939466
 20
-0.3352312383345026
 30
0.0
 40
0.0744
  1
-
  3
Potenza estiva
  2
PEST
 70
     8
  0
ATTDEF
  5
A51A
  8
0
  6
CONTINUOUS
 62
     0
 10
-0.2914116254697632
 20
-0.099458429849749
 30
0.0
 40
0.0744
  1
-
  3
Potenza invernale
  2
PINV
 70
     8
  0
ATTDEF
  5
A51B
  8
0
  6
CONTINUOUS
 62
     0
 10
0.1307435041230391
 20
-1.012157634249845
 30
0.0
 40
0.0744
  1
*CSOF*
  3
Confine soffitto
  2
CSOF
 70
     9
  0
ATTDEF
  5
A51C
  8
0
  6
CONTINUOUS
 62
     0
 10
0.1284503041230423
 20
-0.8583140342498445
 30
0.0
 40
0.0744
  1
*CPAV*
  3
Confine pavimento
  2
CPAV
 70
     9
  0
ATTDEF
  5
A51D
  8
0
  6
CONTINUOUS
 62
     0
 10
0.0776399041230391
 20
0.8958625066382875
 30
0.0
 40
0.0744
  1
*IMP*
  3
Impianto
  2
IMPIANTO
 70
     9
  0
ATTDEF
  5
A51E
  8
0
  6
CONTINUOUS
 62
     0
 10
-0.5078664958769608
 20
0.9166501066382876
 30
0.0
 40
0.0744
  1
*ZONA*
  3
Zona
  2
ZONA
 70
     9
  0
ATTDEF
  5
A51F
  8
0
 62
     0
 10
-0.4542037902468792
 20
-0.6688280675076829
 30
0.0
 40
0.0744
  1
-
 11
-0.4542037902468792
 21
-0.6936280675076829
 31
0.0
 73
     1
  3
Descrizione
  2
DESCR.
 70
     8
 74
     1
  0
ATTDEF
  5
A520
  8
0
  6
CONTINUOUS
 62
     0
 10
-1.78104069587696
 20
0.0956686590431035
 30
0.0
 40
0.0744
  1
*TPAV*
 72
     2
 11
-1.33464069587696
 21
0.0956686590431035
 31
0.0
  3
Tipo pavimento
  2
TPAV
 70
     9
  0
ATTDEF
  5
A521
  8
0
  6
CONTINUOUS
 62
     0
 10
-1.788758895876958
 20
-0.0386881409568964
 30
0.0
 40
0.0744
  1
*TSOF*
 72
     2
 11
-1.367158895876958
 21
-0.0386881409568964
 31
0.0
  3
Tipo soffitto
  2
TSOF
 70
     9
  0
ATTDEF
  5
A522
  8
0
 62
     0
 10
-1.339714295876959
 20
0.2888680590431036
 30
0.0
 40
0.0744
  1
*ALTEZZA*
  3
Altezza
  2
ALT.
 70
     9
  0
ATTDEF
  5
A523
  8
0
 62
     0
 10
-1.335807695876958
 20
0.4656358590431037
 30
0.0
 40
0.0744
  1
*QUOTA*
  3
QUOTA
  2
QUOTA
 70
     9
  0
ATTDEF
  5
B769
  8
0
 10
-2.994073892357596
 20
-0.0479659523850275
 30
0.0
 40
0.1
  1
*latap*
  3
latente apparecchiature
  2
latap
 70
     9
  0
ATTDEF
  5
B76A
  8
0
 10
-4.310849892298787
 20
0.8673172277269094
 30
0.0
 40
0.1
  1
*insman*
  3
inserimento manuale
  2
insman
 70
     9
  0
ATTDEF
  5
B76B
  8
0
 10
-4.334373892357599
 20
0.3055340476149726
 30
0.0
 40
0.1
  1
*potlamp*
  3
potenza lampada
  2
potlamp
 70
     9
  0
ATTDEF
  5
B76C
  8
0
 10
-4.347973892357598
 20
-0.2082659523850277
 30
0.0
 40
0.1
  1
*potmotel*
  3
potenzamotoreelettrico
  2
potmotel
 70
     9
  0
ATTDEF
  5
B76D
  8
0
 10
-2.977043631605631
 20
0.5999672337645962
 30
0.0
 40
0.1
  1
*ricariapers*
  3
ricambi aria persona
  2
ricariapers
 70
     9
  0
ATTDEF
  5
B76E
  8
0
 10
-3.005473892357603
 20
-0.3151659523850276
 30
0.0
 40
0.1
  1
*senspers*
  3
sensibile persone
  2
senspers
 70
     9
  0
ATTDEF
  5
B76F
  8
0
 10
-4.3524738923576
 20
-0.4628659523850276
 30
0.0
 40
0.1
  1
*profpers*
  3
profilo persone
  2
profpers
 70
     9
  0
ATTDEF
  5
B770
  8
0
 10
-4.325273892357603
 20
0.5783340476149724
 30
0.0
 40
0.1
  1
*numlamp*
  3
numero lampade
  2
numlamp
 70
     9
  0
ATTDEF
  5
B771
  8
0
 10
-4.343373892357599
 20
0.0463340476149723
 30
0.0
 40
0.1
  1
*nummotel*
  3
numero motori elettrici
  2
nummotel
 70
     9
  0
ATTDEF
  5
B772
  8
0
 10
-2.976973892357598
 20
-0.6220659523850274
 30
0.0
 40
0.1
  1
*latpers*
  3
latente persone
  2
latpers
 70
     9
  0
ATTDEF
  5
B773
  8
0
 10
-2.994073892357596
 20
0.2475340476149728
 30
0.0
 40
0.1
  1
*sensap*
  3
sensibile apparecchiature
  2
sensap
 70
     9
  0
ATTDEF
  5
B774
  8
0
 10
-2.959943631605631
 20
0.8841672337645963
 30
0.0
 40
0.1
  1
*profap*
  3
profilo apparecchiature
  2
profap
 70
     9
  0
ATTDEF
  5
C1B8
  8
0
 10
-4.381899607462377
 20
-0.750793502952686
 30
0.0
 40
0.1
  1
*numpers*
  3
numero persone
  2
numpers
 70
     1
  0
ENDBLK
  5
72DE
  8
0
  0
BLOCK
  8
0
  2
LOCNR
 70
     2
 10
0.0
 20
0.0
 30
0.0
  3
LOCNR
  1

  0
TEXT
  5
A3A6
  8
0
  6
CONTINUOUS
 62
     0
 10
-0.4547297355349187
 20
-0.3208415660940216
 30
0.0
 40
0.15
  1
E:
  0
TEXT
  5
A3A7
  8
0
  6
CONTINUOUS
 62
     0
 10
-0.4543862815314199
 20
-0.0850687576092679
 30
0.0
 40
0.15
  1
I:
  0
LINE
  5
A3A8
  8
0
 62
     0
 10
0.3533222727282776
 20
0.2857117414440342
 30
0.0
 11
0.3765506412335569
 21
0.304837345108842
 31
0.0
  0
LINE
  5
A3A9
  8
0
 62
     0
 10
0.3533222727282776
 20
0.2294070991868415
 30
0.0
 11
0.3533222727282776
 21
0.1254038165128541
 31
0.0
  0
LINE
  5
A3AA
  8
0
 62
     0
 10
0.4020835232739941
 20
0.2575594203154385
 30
0.0
 11
0.4070325976577891
 21
0.2872385793618801
 31
0.0
  0
LINE
  5
A3AB
  8
0
 62
     0
 10
0.3533222727282776
 20
0.2294070991868407
 30
0.0
 11
0.2632527878556274
 21
0.1774054578498476
 31
0.0
  0
LINE
  5
A3AC
  8
0
 62
     0
 10
0.4020835232739941
 20
0.2012547780582463
 30
0.0
 11
0.4302609661630754
 21
0.2118083334398819
 31
0.0
  0
LINE
  5
A3AD
  8
0
 62
     0
 10
0.3533222727282776
 20
0.1731024569296489
 30
0.0
 11
0.3765506412335569
 21
0.1539768532648411
 31
0.0
  0
LINE
  5
A3AE
  8
0
 62
     0
 10
0.304561022182547
 20
0.2575594203154385
 30
0.0
 11
0.299611947798752
 21
0.2872385793618837
 31
0.0
  0
LINE
  5
A3AF
  8
0
 62
     0
 10
0.4020835232739941
 20
0.2575594203154385
 30
0.0
 11
0.4302609661630754
 21
0.2470058649338047
 31
0.0
  0
LINE
  5
A3B0
  8
0
 62
     0
 10
0.3533222727282776
 20
0.2857117414440342
 30
0.0
 11
0.3300939042229913
 21
0.304837345108842
 31
0.0
  0
LINE
  5
A3B1
  8
0
 62
     0
 10
0.304561022182547
 20
0.2575594203154385
 30
0.0
 11
0.2763835792934728
 21
0.2470058649338047
 31
0.0
  0
LINE
  5
A3B2
  8
0
 62
     0
 10
0.3045610221825541
 20
0.2012547780582445
 30
0.0
 11
0.299611947798752
 21
0.171575619011803
 31
0.0
  0
LINE
  5
A3B3
  8
0
 62
     0
 10
0.3533222727282776
 20
0.1731024569296489
 30
0.0
 11
0.3300939042229913
 21
0.1539768532648411
 31
0.0
  0
LINE
  5
A3B4
  8
0
 62
     0
 10
0.3533222727282776
 20
0.2294070991868407
 30
0.0
 11
0.4433917576009211
 21
0.2814087405238355
 31
0.0
  0
LINE
  5
A3B5
  8
0
 62
     0
 10
0.3533222727282776
 20
0.2294070991868424
 30
0.0
 11
0.2632527878556274
 21
0.2814087405238372
 31
0.0
  0
LINE
  5
A3B6
  8
0
 62
     0
 10
0.3533222727282776
 20
0.2294070991868424
 30
0.0
 11
0.4433917576009211
 21
0.1774054578498494
 31
0.0
  0
LINE
  5
A3B7
  8
0
 62
     0
 10
0.3533222727282776
 20
0.2294070991868415
 30
0.0
 11
0.3533222727282776
 21
0.3334103818608289
 31
0.0
  0
LINE
  5
A3B8
  8
0
 62
     0
 10
0.3045610221825541
 20
0.2012547780582445
 30
0.0
 11
0.2763835792934728
 21
0.2118083334398784
 31
0.0
  0
LINE
  5
A3B9
  8
0
 62
     0
 10
0.4020835232739941
 20
0.2012547780582463
 30
0.0
 11
0.4070325976577962
 21
0.1715756190118047
 31
0.0
  0
POLYLINE
  5
A3BA
  8
0
 62
     0
 66
     1
 10
0.0
 20
0.0
 30
0.0
 70
     1
  0
VERTEX
  5
F0A7
  8
0
 62
     0
 10
-0.5038717520056082
 20
-0.3705220259328414
 30
0.0
  0
VERTEX
  5
F0A8
  8
0
 62
     0
 10
-0.5038717520056082
 20
0.3666202524340401
 30
0.0
  0
VERTEX
  5
F0A9
  8
0
 62
     0
 10
0.4872307248882636
 20
0.3666202524340401
 30
0.0
  0
VERTEX
  5
F0AA
  8
0
 62
     0
 10
0.4872307248882636
 20
-0.3705220259328414
 30
0.0
  0
SEQEND
  5
F0E9
  8
0
 62
     0
  0
POLYLINE
  5
A3BB
  8
0
 62
     0
 66
     1
 10
0.0
 20
0.0
 30
0.0
 70
     1
  0
VERTEX
  5
F0AB
  8
0
 62
     0
 10
-0.5538717520056124
 20
-0.4205220259328418
 30
0.0
  0
VERTEX
  5
F0AC
  8
0
 62
     0
 10
-0.5538717520056124
 20
0.4166202524340405
 30
0.0
  0
VERTEX
  5
F0AD
  8
0
 62
     0
 10
0.537230724888268
 20
0.4166202524340405
 30
0.0
  0
VERTEX
  5
F0AE
  8
0
 62
     0
 10
0.537230724888268
 20
-0.4205220259328418
 30
0.0
  0
SEQEND
  5
F0E8
  8
0
 62
     0
  0
LINE
  5
A3BC
  8
0
 62
     0
 10
-0.5038717520056082
 20
-0.0557233520598954
 30
0.0
 11
-0.5538717520056124
 21
-0.0057233520598938
 31
0.0
  0
LINE
  5
A3BD
  8
0
 62
     0
 10
-0.5038717520056082
 20
0.0768591694125833
 30
0.0
 11
-0.5538717520056124
 21
0.126859169412584
 31
0.0
  0
LINE
  5
A3BE
  8
0
 62
     0
 10
0.537230724888268
 20
0.1848052119468439
 30
0.0
 11
0.4872307248882636
 21
0.2348052119468438
 31
0.0
  0
LINE
  5
A3BF
  8
0
 62
     0
 10
0.3554156844010734
 20
0.3666202524340392
 30
0.0
 11
0.3054156844010691
 21
0.4166202524340389
 31
0.0
  0
LINE
  5
A3C0
  8
0
 62
     0
 10
-0.1307202276646819
 20
0.3666202524340392
 30
0.0
 11
-0.1807202276646791
 21
0.4166202524340373
 31
0.0
  0
LINE
  5
A3C1
  8
0
 62
     0
 10
-0.5038717520056082
 20
-0.232500047356532
 30
0.0
 11
-0.5538717520056124
 21
-0.1825000473565303
 31
0.0
  0
LINE
  5
A3C2
  8
0
 62
     0
 10
0.3470628339330872
 20
-0.4205220259328426
 30
0.0
 11
0.2970628339330901
 21
-0.3705220259328428
 31
0.0
  0
LINE
  5
A3C3
  8
0
 62
     0
 10
-0.3158497734292993
 20
-0.4205220259328435
 30
0.0
 11
-0.3658497734293036
 21
-0.3705220259328428
 31
0.0
  0
LINE
  5
A3C4
  8
0
 62
     0
 10
0.3028686601089277
 20
-0.4205220259328426
 30
0.0
 11
0.2528686601089305
 21
-0.3705220259328428
 31
0.0
  0
LINE
  5
A3C5
  8
0
 62
     0
 10
-0.1832672519568206
 20
-0.4205220259328435
 30
0.0
 11
-0.2332672519568248
 21
-0.3705220259328419
 31
0.0
  0
LINE
  5
A3C6
  8
0
 62
     0
 10
-0.0064905566601823
 20
-0.4205220259328435
 30
0.0
 11
-0.0564905566601866
 21
-0.3705220259328419
 31
0.0
  0
LINE
  5
A3C7
  8
0
 62
     0
 10
0.1702861386364489
 20
-0.4205220259328418
 30
0.0
 11
0.1202861386364518
 21
-0.370522025932841
 31
0.0
  0
LINE
  5
A3C8
  8
0
 62
     0
 10
-0.4042381210776185
 20
-0.4205220259328435
 30
0.0
 11
-0.454238121077623
 21
-0.3705220259328419
 31
0.0
  0
LINE
  5
A3C9
  8
0
 62
     0
 10
0.090250641456116
 20
0.3666202524340401
 30
0.0
 11
0.0402506414561188
 21
0.4166202524340405
 31
0.0
  0
LINE
  5
A3CA
  8
0
 62
     0
 10
0.3912570077572468
 20
-0.4205220259328426
 30
0.0
 11
0.3412570077572496
 21
-0.3705220259328419
 31
0.0
  0
LINE
  5
A3CB
  8
0
 62
     0
 10
0.0018622938077968
 20
0.3666202524340392
 30
0.0
 11
-0.0481377061922004
 21
0.4166202524340381
 31
0.0
  0
LINE
  5
A3CC
  8
0
 62
     0
 10
-0.2191085753130011
 20
0.3666202524340401
 30
0.0
 11
-0.2691085753129982
 21
0.4166202524340389
 31
0.0
  0
LINE
  5
A3CD
  8
0
 62
     0
 10
0.0818977909881298
 20
-0.4205220259328418
 30
0.0
 11
0.0318977909881326
 21
-0.3705220259328419
 31
0.0
  0
LINE
  5
A3CE
  8
0
 62
     0
 10
-0.0948789043085015
 20
-0.4205220259328435
 30
0.0
 11
-0.1448789043085057
 21
-0.3705220259328428
 31
0.0
  0
LINE
  5
A3CF
  8
0
 62
     0
 10
0.537230724888268
 20
0.0964168642985248
 30
0.0
 11
0.4872307248882636
 21
0.1464168642985246
 31
0.0
  0
LINE
  5
A3D0
  8
0
 62
     0
 10
0.537230724888268
 20
0.3173877334193218
 30
0.0
 11
0.4379982058735479
 21
0.4166202524340405
 31
0.0
  0
LINE
  5
A3D1
  8
0
 62
     0
 10
0.4438040320493928
 20
0.3666202524340392
 30
0.0
 11
0.3938040320493883
 21
0.4166202524340389
 31
0.0
  0
LINE
  5
A3D2
  8
0
 62
     0
 10
-0.3600439472534589
 20
-0.4205220259328435
 30
0.0
 11
-0.4100439472534563
 21
-0.3705220259328428
 31
0.0
  0
LINE
  5
A3D3
  8
0
 62
     0
 10
-0.5038717520056082
 20
0.2536358647092207
 30
0.0
 11
-0.5538717520056124
 21
0.3036358647092223
 31
0.0
  0
LINE
  5
A3D4
  8
0
 62
     0
 10
0.537230724888268
 20
0.0080285166502083
 30
0.0
 11
0.4872307248882636
 21
0.0580285166502082
 31
0.0
  0
LINE
  5
A3D5
  8
0
 62
     0
 10
0.1786389891044351
 20
0.3666202524340401
 30
0.0
 11
0.1286389891044308
 21
0.4166202524340405
 31
0.0
  0
LINE
  5
A3D6
  8
0
 62
     0
 10
0.537230724888268
 20
-0.1245540048222704
 30
0.0
 11
0.4872307248882636
 21
-0.0745540048222706
 31
0.0
  0
LINE
  5
A3D7
  8
0
 62
     0
 10
0.5238395292297257
 20
-0.4205220259328418
 30
0.0
 11
0.4738395292297213
 21
-0.3705220259328419
 31
0.0
  0
LINE
  5
A3D8
  8
0
 62
     0
 10
0.537230724888268
 20
-0.0361656571739513
 30
0.0
 11
0.4872307248882707
 21
0.0138343428260486
 31
0.0
  0
LINE
  5
A3D9
  8
0
 62
     0
 10
0.537230724888268
 20
-0.3897190477672252
 30
0.0
 11
0.4872307248882636
 21
-0.3397190477672245
 31
0.0
  0
LINE
  5
A3DA
  8
0
 62
     0
 10
-0.5038717520056082
 20
0.2094416908850611
 30
0.0
 11
-0.5538717520056124
 21
0.2594416908850627
 31
0.0
  0
LINE
  5
A3DB
  8
0
 62
     0
 10
-0.5038717520056082
 20
-0.3650825688290089
 30
0.0
 11
-0.5538717520056124
 21
-0.3150825688290082
 31
0.0
  0
LINE
  5
A3DC
  8
0
 62
     0
 10
-0.5368206425500972
 20
-0.4205220259328435
 30
0.0
 11
-0.5538717520056124
 21
-0.4034709164773266
 31
0.0
  0
LINE
  5
A3DD
  8
0
 62
     0
 10
-0.5038717520056082
 20
-0.0999175258840532
 30
0.0
 11
-0.5538717520056124
 21
-0.0499175258840525
 31
0.0
  0
LINE
  5
A3DE
  8
0
 62
     0
 10
-0.0865260538405224
 20
0.3666202524340392
 30
0.0
 11
-0.1365260538405195
 21
0.4166202524340381
 31
0.0
  0
LINE
  5
A3DF
  8
0
 62
     0
 10
-0.2716555996051397
 20
-0.4205220259328435
 30
0.0
 11
-0.321655599605144
 21
-0.3705220259328419
 31
0.0
  0
LINE
  5
A3E0
  8
0
 62
     0
 10
-0.1749144014888415
 20
0.3666202524340409
 30
0.0
 11
-0.2249144014888387
 21
0.4166202524340389
 31
0.0
  0
LINE
  5
A3E1
  8
0
 62
     0
 10
-0.5038717520056082
 20
-0.1883058735323724
 30
0.0
 11
-0.5538717520056124
 21
-0.1383058735323708
 31
0.0
  0
LINE
  5
A3E2
  8
0
 62
     0
 10
0.537230724888268
 20
0.1406110381226844
 30
0.0
 11
0.4872307248882636
 21
0.1906110381226842
 31
0.0
  0
LINE
  5
A3E3
  8
0
 62
     0
 10
0.537230724888268
 20
0.2289993857710035
 30
0.0
 11
0.4872307248882636
 21
0.2789993857710034
 31
0.0
  0
LINE
  5
A3E4
  8
0
 62
     0
 10
0.537230724888268
 20
0.052222690474367
 30
0.0
 11
0.4872307248882636
 21
0.1022226904743677
 31
0.0
  0
LINE
  5
A3E5
  8
0
 62
     0
 10
-0.4926264687259378
 20
-0.4205220259328435
 30
0.0
 11
-0.5538717520056124
 21
-0.3592767426531669
 31
0.0
  0
LINE
  5
A3E6
  8
0
 62
     0
 10
0.537230724888268
 20
-0.2129423524705887
 30
0.0
 11
0.4872307248882636
 21
-0.1629423524705889
 31
0.0
  0
LINE
  5
A3E7
  8
0
 62
     0
 10
0.0377036171639702
 20
-0.4205220259328418
 30
0.0
 11
-0.012296382836027
 21
-0.3705220259328419
 31
0.0
  0
LINE
  5
A3E8
  8
0
 62
     0
 10
-0.5038717520056082
 20
-0.0115291782357359
 30
0.0
 11
-0.5538717520056124
 21
0.0384708217642658
 31
0.0
  0
LINE
  5
A3E9
  8
0
 62
     0
 10
0.537230724888268
 20
-0.2571365262947483
 30
0.0
 11
0.4872307248882636
 21
-0.2071365262947484
 31
0.0
  0
LINE
  5
A3EA
  8
0
 62
     0
 10
-0.3074969229613131
 20
0.3666202524340401
 30
0.0
 11
-0.3574969229613174
 21
0.4166202524340389
 31
0.0
  0
LINE
  5
A3EB
  8
0
 62
     0
 10
0.0460564676319564
 20
0.3666202524340401
 30
0.0
 11
-0.0039435323680408
 21
0.4166202524340381
 31
0.0
  0
LINE
  5
A3EC
  8
0
 62
     0
 10
-0.0423318800163628
 20
0.3666202524340392
 30
0.0
 11
-0.09233188001636
 21
0.4166202524340381
 31
0.0
  0
LINE
  5
A3ED
  8
0
 62
     0
 10
-0.5038717520056082
 20
-0.2766942211806915
 30
0.0
 11
-0.5538717520056124
 21
-0.2266942211806899
 31
0.0
  0
LINE
  5
A3EE
  8
0
 62
     0
 10
-0.3516910967854727
 20
0.3666202524340401
 30
0.0
 11
-0.4016910967854699
 21
0.4166202524340381
 31
0.0
  0
LINE
  5
A3EF
  8
0
 62
     0
 10
-0.5038717520056082
 20
-0.3208883950048493
 30
0.0
 11
-0.5538717520056124
 21
-0.2708883950048486
 31
0.0
  0
LINE
  5
A3F0
  8
0
 62
     0
 10
0.399609858225233
 20
0.3666202524340392
 30
0.0
 11
0.3496098582252287
 21
0.4166202524340389
 31
0.0
  0
LINE
  5
A3F1
  8
0
 62
     0
 10
0.537230724888268
 20
-0.3013307001189078
 30
0.0
 11
0.4872307248882636
 21
-0.251330700118908
 31
0.0
  0
LINE
  5
A3F2
  8
0
 62
     0
 10
0.537230724888268
 20
-0.3455248739430656
 30
0.0
 11
0.4872307248882636
 21
-0.2955248739430658
 31
0.0
  0
LINE
  5
A3F3
  8
0
 62
     0
 10
-0.5038717520056082
 20
0.1652475170609016
 30
0.0
 11
-0.5538717520056124
 21
0.2152475170609032
 31
0.0
  0
LINE
  5
A3F4
  8
0
 62
     0
 10
-0.0506847304843419
 20
-0.4205220259328435
 30
0.0
 11
-0.1006847304843461
 21
-0.3705220259328419
 31
0.0
  0
LINE
  5
A3F5
  8
0
 62
     0
 10
0.4796453554055661
 20
-0.4205220259328418
 30
0.0
 11
0.4296453554055688
 21
-0.3705220259328419
 31
0.0
  0
LINE
  5
A3F6
  8
0
 62
     0
 10
0.537230724888268
 20
0.4057760810676412
 30
0.0
 11
0.5263865535218673
 21
0.4166202524340405
 31
0.0
  0
LINE
  5
A3F7
  8
0
 62
     0
 10
0.537230724888268
 20
0.3615819072434814
 30
0.0
 11
0.4821923796977077
 21
0.4166202524340405
 31
0.0
  0
LINE
  5
A3F8
  8
0
 62
     0
 10
0.2228331629285947
 20
0.3666202524340401
 30
0.0
 11
0.1728331629285904
 21
0.4166202524340405
 31
0.0
  0
LINE
  5
A3F9
  8
0
 62
     0
 10
-0.3958852706096323
 20
0.3666202524340401
 30
0.0
 11
-0.4458852706096367
 21
0.4166202524340381
 31
0.0
  0
LINE
  5
A3FA
  8
0
 62
     0
 10
0.1344448152802755
 20
0.3666202524340401
 30
0.0
 11
0.0844448152802784
 21
0.4166202524340405
 31
0.0
  0
LINE
  5
A3FB
  8
0
 62
     0
 10
0.537230724888268
 20
0.2731935595951622
 30
0.0
 11
0.4872307248882636
 21
0.3231935595951629
 31
0.0
  0
LINE
  5
A3FC
  8
0
 62
     0
 10
-0.2633027491371607
 20
0.3666202524340401
 30
0.0
 11
-0.3133027491371578
 21
0.4166202524340389
 31
0.0
  0
LINE
  5
A3FD
  8
0
 62
     0
 10
-0.5038717520056082
 20
-0.1441116997082128
 30
0.0
 11
-0.5538717520056124
 21
-0.0941116997082121
 31
0.0
  0
LINE
  5
A3FE
  8
0
 62
     0
 10
-0.4400794444337919
 20
0.3666202524340392
 30
0.0
 11
-0.4900794444337893
 21
0.4166202524340381
 31
0.0
  0
LINE
  5
A3FF
  8
0
 62
     0
 10
0.4354511815814064
 20
-0.4205220259328418
 30
0.0
 11
0.3854511815814092
 21
-0.3705220259328419
 31
0.0
  0
LINE
  5
A400
  8
0
 62
     0
 10
-0.139073078132661
 20
-0.4205220259328435
 30
0.0
 11
-0.1890730781326653
 21
-0.3705220259328428
 31
0.0
  0
LINE
  5
A401
  8
0
 62
     0
 10
-0.5038717520056082
 20
0.3420242123575381
 30
0.0
 11
-0.5538717520056124
 21
0.3920242123575388
 31
0.0
  0
LINE
  5
A402
  8
0
 62
     0
 10
0.2144803124606085
 20
-0.4205220259328426
 30
0.0
 11
0.1644803124606113
 21
-0.3705220259328428
 31
0.0
  0
LINE
  5
A403
  8
0
 62
     0
 10
-0.4484322949017784
 20
-0.4205220259328435
 30
0.0
 11
-0.4984322949017752
 21
-0.3705220259328419
 31
0.0
  0
LINE
  5
A404
  8
0
 62
     0
 10
0.537230724888268
 20
-0.0803598309981109
 30
0.0
 11
0.4872307248882707
 21
-0.030359830998111
 31
0.0
  0
LINE
  5
A405
  8
0
 62
     0
 10
0.1260919648122893
 20
-0.4205220259328418
 30
0.0
 11
0.0760919648122922
 21
-0.3705220259328419
 31
0.0
  0
LINE
  5
A406
  8
0
 62
     0
 10
0.3112215105769138
 20
0.3666202524340392
 30
0.0
 11
0.2612215105769096
 21
0.4166202524340389
 31
0.0
  0
LINE
  5
A407
  8
0
 62
     0
 10
0.2670273367527542
 20
0.3666202524340392
 30
0.0
 11
0.21702733675275
 21
0.4166202524340389
 31
0.0
  0
LINE
  5
A408
  8
0
 62
     0
 10
0.537230724888268
 20
-0.16874817864643
 30
0.0
 11
0.4872307248882636
 21
-0.1187481786464293
 31
0.0
  0
LINE
  5
A409
  8
0
 62
     0
 10
-0.5038717520056082
 20
0.1210533432367429
 30
0.0
 11
-0.5538717520056124
 21
0.1710533432367436
 31
0.0
  0
LINE
  5
A40A
  8
0
 62
     0
 10
-0.2274614257809802
 20
-0.4205220259328435
 30
0.0
 11
-0.2774614257809844
 21
-0.3705220259328419
 31
0.0
  0
LINE
  5
A40B
  8
0
 62
     0
 10
-0.4842736182579517
 20
0.3666202524340392
 30
0.0
 11
-0.5342736182579558
 21
0.4166202524340381
 31
0.0
  0
LINE
  5
A40C
  8
0
 62
     0
 10
-0.5038717520056082
 20
0.0326649955884237
 30
0.0
 11
-0.5538717520056124
 21
0.0826649955884253
 31
0.0
  0
LINE
  5
A40D
  8
0
 62
     0
 10
-0.5038717520056082
 20
0.2978300385333785
 30
0.0
 11
-0.5538717520056124
 21
0.3478300385333792
 31
0.0
  0
LINE
  5
A40E
  8
0
 62
     0
 10
0.2586744862847681
 20
-0.4205220259328426
 30
0.0
 11
0.2086744862847709
 21
-0.3705220259328428
 31
0.0
  0
ATTDEF
  5
A40F
  8
0
  6
CONTINUOUS
 62
     0
 10
1.862784746284958
 20
1.567483592263589
 30
0.0
 40
0.0744
  1
*LOCSOTT*
  3
LOCSOTT
  2
LOCSOTT
 70
     9
  0
ATTDEF
  5
A410
  8
0
  6
CONTINUOUS
 62
     0
 10
2.486422051863383
 20
1.361711267516658
 30
0.0
 40
0.0744
  1
*LOCABIT*
  3
LOCABIT
  2
LOCABIT
 70
     9
  0
ATTDEF
  5
A411
  8
0
  6
CONTINUOUS
 62
     0
 10
1.874551351502828
 20
1.35583211885933
 30
0.0
 40
0.0744
  1
*APP*
  3
APP
  2
APP
 70
     9
  0
ATTDEF
  5
A412
  8
0
 62
     0
 10
1.007635096016199
 20
0.1635437141844198
 30
0.0
 40
0.0744
  1
*QUOTA*
  7
STUDIO
  3
Quota
  2
QUOTA
 70
     9
  0
ATTDEF
  5
A413
  8
0
  6
CONTINUOUS
 62
     0
 10
0.5742156960162013
 20
-0.1372002858155801
 30
0.0
 40
0.0744
  1
*TSOF*
 72
     2
 11
0.9958156960162012
 21
-0.1372002858155801
 31
0.0
  3
Tipo soffitto
  2
TSOF
 70
     9
  0
ATTDEF
  5
A414
  8
0
  6
CONTINUOUS
 62
     0
 10
0.5741662960162042
 20
-0.03808328581558
 30
0.0
 40
0.0744
  1
*TPAV*
 72
     2
 11
1.020566296016204
 21
-0.03808328581558
 31
0.0
  3
Tipo pavimento
  2
TPAV
 70
     9
  0
ATTDEF
  5
A415
  8
0
  6
CONTINUOUS
 62
     0
 10
2.479605496016203
 20
-0.6624733051151024
 30
0.0
 40
0.0744
  1
*LUNG*
  3
LUNG
  2
LUNG
 70
     9
  0
ATTDEF
  5
A416
  8
0
  6
CONTINUOUS
 62
     0
 10
2.353708696016198
 20
-0.8041813051151017
 30
0.0
 40
0.0744
  1
*POSTUBI*
  3
POSTUBI
  2
POSTUBI
 70
     9
  0
ATTDEF
  5
A417
  8
0
 62
     0
 10
1.942448896016202
 20
-0.2811727550817817
 30
0.0
 40
0.0744
  1
*ALTEZZA*
  3
Altezza
  2
ALT.
 70
     9
  0
ATTDEF
  5
A418
  8
0
  6
CONTINUOUS
 62
     0
 10
2.457818296016199
 20
1.139012125667224
 30
0.0
 40
0.0744
  1
*APPGRA*
  3
Apporti gratuiti
  2
APPGRA
 70
     9
  0
ATTDEF
  5
A419
  8
0
  6
CONTINUOUS
 62
     0
 10
1.850382496016202
 20
1.132754725667221
 30
0.0
 40
0.0744
  1
*RICARIA*
  3
Ricambio d'aria
  2
RICARIA
 70
     9
  0
ATTDEF
  5
A41A
  8
0
  6
CONTINUOUS
 62
     0
 10
2.4828670960162
 20
1.004480125667222
 30
0.0
 40
0.0744
  1
*FCONV*
  3
Fattore conversione
  2
FCONV
 70
     9
  0
ATTDEF
  5
A41B
  8
0
  6
CONTINUOUS
 62
     0
 10
1.844254696016198
 20
1.007785525667223
 30
0.0
 40
0.0744
  1
*CALCT*
  3
Calcolo Temp
  2
CALCOLOT
 70
     9
  0
ATTDEF
  5
A41C
  8
0
 62
     0
 10
-0.4549819072708348
 20
-0.6521622459732975
 30
0.0
 40
0.0744
  1
-
  3
Descrizione
  2
DESCR.
 70
     8
  0
ATTDEF
  5
A41D
  8
0
  6
CONTINUOUS
 62
     0
 10
1.855775296016203
 20
0.8830629256672253
 30
0.0
 40
0.0744
  1
*ZONA*
  3
Zona
  2
ZONA
 70
     9
  0
ATTDEF
  5
A41E
  8
0
  6
CONTINUOUS
 62
     0
 10
2.441281696016194
 20
0.8622753256672249
 30
0.0
 40
0.0744
  1
*IMP*
  3
Impianto
  2
IMPIANTO
 70
     9
  0
ATTDEF
  5
A41F
  8
0
  6
CONTINUOUS
 62
     0
 10
2.492092096016199
 20
-0.2889393431124114
 30
0.0
 40
0.0744
  1
*CPAV*
  3
Confine pavimento
  2
CPAV
 70
     9
  0
ATTDEF
  5
A420
  8
0
  6
CONTINUOUS
 62
     0
 10
2.494385296016194
 20
-0.4098889051151029
 30
0.0
 40
0.0744
  1
*CSOF*
  3
Confine soffitto
  2
CSOF
 70
     9
  0
ATTDEF
  5
A421
  8
0
  6
CONTINUOUS
 62
     0
 10
-0.2875447015379606
 20
-0.0836734050890855
 30
0.0
 40
0.0744
  1
*TINV*
  3
Temperatura invernale
  2
TINV
 70
     8
  0
ATTDEF
  5
A422
  8
0
  6
CONTINUOUS
 62
     0
 10
-0.2426522834333227
 20
-0.3204517328105911
 30
0.0
 40
0.0744
  1
*TEST*
  3
Temperatura estiva
  2
TEST
 70
     8
  0
ATTDEF
  5
A423
  8
0
  6
CONTINUOUS
 62
     0
 10
-0.4527903341164289
 20
0.1287374438905142
 30
0.0
 40
0.0744
  1
-
  3
Codice
  2
COD
 70
     8
  0
ATTDEF
  5
A424
  8
0
  6
CONTINUOUS
 62
     0
 10
1.8597478960162
 20
-0.5217505051151026
 30
0.0
 40
0.0744
  1
*TIPOBXSCELTO*
  3
TIPOBXSCELTO
  2
TIPOBXSCELTO
 70
     9
  0
ENDBLK
  5
7310
  8
0
  0
BLOCK
  8
0
  2
FIN
 70
     2
 10
0.0
 20
0.0
 30
0.0
  3
FIN
  1

  0
LINE
  5
9A0F
  8
0
 62
     0
 10
-0.5115718732695314
 20
-0.1499999999996362
 30
0.0
 11
-0.5499999999994998
 21
-0.1115718732698951
 31
0.0
1001
ACAD
1010
0.0
1020
0.0
1030
0.0
1020
0.0
1030
0.0
  0
LINE
  5
9A10
  8
0
 62
     0
 10
-0.466670592664059
 20
-0.1499999999996362
 30
0.0
 11
-0.5499999999994998
 21
-0.0666705926641953
 31
0.0
1001
ACAD
1010
0.0
1020
0.0
1030
0.0
1020
0.0
1030
0.0
  0
LINE
  5
9A11
  8
0
 62
     0
 10
-0.421769312058814
 20
-0.1500000000000909
 30
0.0
 11
-0.5499999999997272
 21
-0.0217693120589502
 31
0.0
1001
ACAD
1010
0.0
1020
0.0
1030
0.0
1020
0.0
1030
0.0
  0
LINE
  5
9A12
  8
0
 62
     0
 10
-0.3999999999998636
 20
-0.126868031453113
 30
0.0
 11
-0.5499999999997272
 21
0.0231319685467497
 31
0.0
1001
ACAD
1010
0.0
1020
0.0
1030
0.0
1020
0.0
1030
0.0
  0
LINE
  5
9A13
  8
0
 62
     0
 10
-0.3999999999998636
 20
-0.0819667508480953
 30
0.0
 11
-0.5499999999999547
 21
0.0680332491519948
 31
0.0
1001
ACAD
1010
0.0
1020
0.0
1030
0.0
1020
0.0
1030
0.0
  0
LINE
  5
9A14
  8
0
 62
     0
 10
-0.3999999999998636
 20
-0.0370654702421689
 30
0.0
 11
-0.5499999999999547
 21
0.1129345297572399
 31
0.0
1001
ACAD
1010
0.0
1020
0.0
1030
0.0
1020
0.0
1030
0.0
  0
LINE
  5
9A15
  8
0
 62
     0
 10
-0.3999999999998636
 20
0.0078358103641563
 30
0.0
 11
-0.5421641896373331
 21
0.1500000000000909
 31
0.0
1001
ACAD
1010
0.0
1020
0.0
1030
0.0
1020
0.0
1030
0.0
  0
LINE
  5
9A16
  8
0
 62
     0
 10
0.4313550194428899
 20
-0.1499999999996362
 30
0.0
 11
0.4000000000005457
 21
-0.118644980557292
 31
0.0
1001
ACAD
1010
0.0
1020
0.0
1030
0.0
1020
0.0
1030
0.0
  0
LINE
  5
9A17
  8
0
 62
     0
 10
0.4762563000483624
 20
-0.1499999999996362
 30
0.0
 11
0.4000000000003185
 21
-0.0737436999515921
 31
0.0
1001
ACAD
1010
0.0
1020
0.0
1030
0.0
1020
0.0
1030
0.0
  0
LINE
  5
9A18
  8
0
 62
     0
 10
0.5211575806533802
 20
-0.1499999999996362
 30
0.0
 11
0.400000000000091
 21
-0.0288424193466241
 31
0.0
1001
ACAD
1010
0.0
1020
0.0
1030
0.0
1020
0.0
1030
0.0
  0
LINE
  5
9A19
  8
0
 62
     0
 10
0.5500000000004093
 20
-0.1339411387411928
 30
0.0
 11
0.400000000000091
 21
0.0160588612595314
 31
0.0
1001
ACAD
1010
0.0
1020
0.0
1030
0.0
1020
0.0
1030
0.0
  0
LINE
  5
9A1A
  8
0
 62
     0
 10
0.5499999999999547
 20
-0.0890398581359477
 30
0.0
 11
0.400000000000091
 21
0.0609601418645953
 31
0.0
1001
ACAD
1010
0.0
1020
0.0
1030
0.0
1020
0.0
1030
0.0
  0
LINE
  5
9A1B
  8
0
 62
     0
 10
0.5500000000001819
 20
-0.0441385775307026
 30
0.0
 11
0.400000000000091
 21
0.1058614224707508
 31
0.0
1001
ACAD
1010
0.0
1020
0.0
1030
0.0
1020
0.0
1030
0.0
  0
LINE
  5
9A1C
  8
0
 62
     0
 10
0.5507627030754066
 20
0.0
 30
0.0
 11
0.4007627030753156
 21
0.1500000000000909
 31
0.0
1001
ACAD
1010
0.0
1020
0.0
1030
0.0
1020
0.0
1030
0.0
  0
LINE
  5
9A1D
  8
0
 62
     0
 10
0.5499999999999547
 20
0.0456639836802406
 30
0.0
 11
0.4456639836805821
 21
0.1500000000000909
 31
0.0
1001
ACAD
1010
0.0
1020
0.0
1030
0.0
1020
0.0
1030
0.0
  0
LINE
  5
9A1E
  8
0
 62
     0
 10
0.5499999999999547
 20
0.0905652642861696
 30
0.0
 11
0.4905652642860332
 21
0.1500000000000909
 31
0.0
1001
ACAD
1010
0.0
1020
0.0
1030
0.0
1020
0.0
1030
0.0
  0
LINE
  5
9A1F
  8
0
 62
     0
 10
0.5499999999999547
 20
0.1354665448907326
 30
0.0
 11
0.5354665448905962
 21
0.1500000000000909
 31
0.0
1001
ACAD
1010
0.0
1020
0.0
1030
0.0
1020
0.0
1030
0.0
  0
LINE
  5
9A20
  8
0
 62
     0
 10
-0.5499999999999547
 20
0.1500000000000909
 30
0.0
 11
0.5499999999999547
 21
0.1500000000000909
 31
0.0
  0
LINE
  5
9A21
  8
0
 62
     0
 10
-0.5499999999999547
 20
-0.1500000000000909
 30
0.0
 11
0.5499999999999547
 21
-0.1500000000000909
 31
0.0
  0
LINE
  5
9A22
  8
0
 62
     0
 10
-0.5499999999999547
 20
-0.1500000000000909
 30
0.0
 11
-0.5499999999999547
 21
0.1500000000000909
 31
0.0
  0
LINE
  5
9A23
  8
0
 62
     0
 10
-0.3999999999998636
 20
-0.1500000000000909
 30
0.0
 11
-0.3999999999998636
 21
0.1500000000000918
 31
0.0
  0
LINE
  5
9A24
  8
0
 62
     0
 10
0.5499999999999547
 20
-0.1500000000000909
 30
0.0
 11
0.5499999999999547
 21
0.1500000000000909
 31
0.0
  0
LINE
  5
9A25
  8
0
 62
     0
 10
0.400000000000091
 20
-0.1500000000000909
 30
0.0
 11
0.400000000000091
 21
0.1500000000000918
 31
0.0
  0
LINE
  5
9A26
  8
0
 62
     0
 10
0.0000000000002274
 20
0.2400000000002365
 30
0.0
 11
0.0000000000002274
 21
-0.2400000000002365
 31
0.0
  0
LINE
  5
9A27
  8
0
 62
     0
 10
-0.7629890948180674
 20
0.0
 30
0.0
 11
0.7629890948185221
 21
0.0
 31
0.0
  0
CIRCLE
  5
9A28
  8
0
 62
     0
 10
0.0000000000002274
 20
0.0
 30
0.0
 40
0.0062535727762452
  0
CIRCLE
  5
9A29
  8
0
 62
     0
 10
0.0000000000002274
 20
0.0
 30
0.0
 40
0.0092349878274263
  0
CIRCLE
  5
9A2A
  8
0
 62
     0
 10
0.0000000000002274
 20
0.0
 30
0.0
 40
0.0122164028786074
  0
CIRCLE
  5
9A2B
  8
0
 62
     0
 10
0.0
 20
0.0
 30
0.0
 40
0.0154738748811951
  0
CIRCLE
  5
9A2C
  8
0
 62
     0
 10
0.0000000000002274
 20
0.0
 30
0.0
 40
0.0185057263280442
  0
CIRCLE
  5
9A2D
  8
0
 62
     0
 10
0.0000000000002274
 20
0.0
 30
0.0
 40
0.0214919163723835
  0
LINE
  5
9A2E
  8
0
 62
     0
 10
-0.3999999999998636
 20
0.052737090969174
 30
0.0
 11
-0.4972629090307806
 21
0.1500000000000909
 31
0.0
1001
ACAD
1010
0.0
1020
0.0
1030
0.0
1020
0.0
1030
0.0
  0
LINE
  5
9A2F
  8
0
 62
     0
 10
-0.3999999999998636
 20
0.0976383715751004
 30
0.0
 11
-0.4523616284250951
 21
0.1500000000000909
 31
0.0
1001
ACAD
1010
0.0
1020
0.0
1030
0.0
1020
0.0
1030
0.0
  0
LINE
  5
9A30
  8
0
 62
     0
 10
-0.3999999999998636
 20
0.1425396521814255
 30
0.0
 11
-0.4074603478186134
 21
0.1500000000000901
 31
0.0
1001
ACAD
1010
0.0
1020
0.0
1030
0.0
1020
0.0
1030
0.0
  0
LINE
  5
9A31
  8
0
 62
     0
 10
-0.3999999999998636
 20
0.0359131361353233
 30
0.0
 11
0.400000000000091
 21
0.0359131361353216
 31
0.0
  0
LINE
  5
9A32
  8
0
 62
     0
 10
-0.3999999999998636
 20
-0.0359131361353233
 30
0.0
 11
0.400000000000091
 21
-0.0359131361353216
 31
0.0
  0
ATTDEF
  5
9A33
  8
0
 62
     0
 10
-0.1999999999997703
 20
0.3236404631810554
 30
0.0
 40
0.2
  1
*TIPO*
 72
     1
 11
0.3333333333335631
 21
0.3236404631810554
 31
0.0
  3
Tipo finestra
  2
TIPO
 70
     8
  0
ATTDEF
  5
9A34
  8
0
 62
     0
 10
0.1502288763583692
 20
-0.3650439914082355
 30
0.0
 40
0.2
  1
*H*
  3
Altezza [m]( facoltativa )
  2
ALTEZZA
 70
     9
  0
ENDBLK
  5
789A
  8
0
  0
BLOCK
  8
0
  2
ETICHETTA
 70
     2
 10
0.0
 20
0.0
 30
0.0
  3
ETICHETTA
  1

  0
LINE
  5
78A7
  8
0
  6
CONTINUOUS
 62
     1
 10
0.0
 20
0.1163664673830538
 30
0.0
 11
0.0
 21
0.5972200000000001
 31
0.0
  0
LINE
  5
78A8
  8
0
  6
CONTINUOUS
 62
     1
 10
0.0
 20
0.5972200000000001
 30
0.0
 11
1.307912532616946
 21
0.5972200000000001
 31
0.0
  0
LINE
  5
78A9
  8
0
  6
CONTINUOUS
 62
     1
 10
1.424278999999999
 20
0.4808535326169463
 30
0.0
 11
1.424278999999999
 21
0.0
 31
0.0
  0
LINE
  5
78AA
  8
0
  6
CONTINUOUS
 62
     1
 10
0.1163664673830542
 20
0.0
 30
0.0
 11
1.424278999999999
 21
0.0
 31
0.0
  0
ATTDEF
  5
78AB
  8
0
  6
CONTINUOUS
 62
     7
 10
0.2067233873731115
 20
0.1490733333333333
 30
0.0
 40
0.08
  1
Nessun modello
 72
     1
 11
0.7133900540397781
 21
0.1890733333333333
 31
0.0
 73
     2
  3
Modello
  2
MODELLO
 70
     8
 74
     2
  0
ATTDEF
  5
78AD
  8
0
  6
CONTINUOUS
 62
     7
 10
0.3333900540397781
 20
0.9328572845613552
 30
0.0
 40
0.08
  1
Nessun link
 72
     1
 11
0.7133900540397781
 21
0.9728572845613552
 31
0.0
 73
     2
  3
Link
  2
LINK
 70
     9
 74
     2
  0
ATTDEF
  5
78AE
  8
0
  6
CONTINUOUS
 62
     7
 10
0.1267233873731115
 20
0.3681466666666666
 30
0.0
 40
0.08
  1
Nessuna potenza
 72
     1
 11
0.7133900540397781
 21
0.4081466666666666
 31
0.0
 73
     2
  3
Potenza
  2
POTENZA
 70
     8
 74
     2
  0
ATTDEF
  5
78AF
  8
0
  6
CONTINUOUS
 62
     7
 10
0.0600567207064447
 20
0.7237839512280224
 30
0.0
 40
0.08
  1
Nessun riferimento
 72
     1
 11
0.7133900540397781
 21
0.7637839512280225
 31
0.0
 73
     2
  3
Riferimento
  2
RIF
 70
     8
 74
     2
  0
LINE
  5
78B0
  8
0
 62
     5
 10
-0.0511564722852178
 20
0.6483764722852179
 30
0.0
 11
-0.0511564722852178
 21
0.4113823192028594
 31
0.0
  0
LINE
  5
78B1
  8
0
 62
     5
 10
-0.0511564722852178
 20
0.6483764722852179
 30
0.0
 11
0.1858376807971407
 21
0.6483764722852179
 31
0.0
  0
LINE
  5
78B2
  8
0
 62
     5
 10
1.475435472285214
 20
-0.0511564722852178
 30
0.0
 11
1.238441319202856
 21
-0.0511564722852178
 31
0.0
  0
LINE
  5
78B3
  8
0
 62
     5
 10
1.475435472285214
 20
-0.0511564722852178
 30
0.0
 11
1.475435472285214
 21
0.1858376807971407
 31
0.0
  0
LINE
  5
78B4
  8
0
  6
CONTINUOUS
 62
     1
 10
0.0
 20
0.1163664673830538
 30
0.0
 11
0.1163664673830542
 21
0.0
 31
0.0
  0
LINE
  5
78B5
  8
0
  6
CONTINUOUS
 62
     1
 10
1.424278999999999
 20
0.4808535326169463
 30
0.0
 11
1.307912532616946
 21
0.5972200000000001
 31
0.0
  0
ENDBLK
  5
78B6
  8
0
  0
BLOCK
  8
0
  2
ETICHETTAPAN
 70
     2
 10
0.0
 20
0.0
 30
0.0
  3
ETICHETTAPAN
  1

  0
LINE
  5
7DA5
  8
0
  6
CONTINUOUS
 62
     1
 10
1.181179532616944
 20
0.6192840000000001
 30
0.0
 11
-0.15
 21
0.6192840000000001
 31
0.0
  0
LINE
  5
7DA6
  8
0
  6
CONTINUOUS
 62
     1
 10
-0.15
 20
0.6192840000000001
 30
0.0
 11
-0.15
 21
0.1163664673830539
 31
0.0
  0
LINE
  5
7DA7
  8
0
  6
CONTINUOUS
 62
     1
 10
-0.0336335326169461
 20
0.0
 30
0.0
 11
1.297545999999998
 21
0.0
 31
0.0
  0
LINE
  5
7DA8
  8
0
  6
CONTINUOUS
 62
     1
 10
1.219508532616945
 20
0.7040180000000003
 30
0.0
 11
-0.236978
 21
0.7040180000000003
 31
0.0
  0
LINE
  5
7DA9
  8
0
  6
CONTINUOUS
 62
     1
 10
-0.236978
 20
0.7040180000000003
 30
0.0
 11
-0.236978
 21
-0.017694
 31
0.0
  0
LINE
  5
7DAA
  8
0
  6
CONTINUOUS
 62
     5
 10
1.181179532616944
 20
0.6192840000000001
 30
0.0
 11
1.181179532616944
 21
0.658396
 31
0.0
  0
LINE
  5
7DAB
  8
0
  6
CONTINUOUS
 62
     5
 10
1.181179532616944
 20
0.6583960000000002
 30
0.0
 11
-0.191321
 21
0.658396
 31
0.0
  0
LINE
  5
7DAC
  8
0
  6
CONTINUOUS
 62
     5
 10
-0.191321
 20
0.658396
 30
0.0
 11
-0.191321
 21
-0.017694
 31
0.0
  0
LINE
  5
7DAD
  8
0
  6
CONTINUOUS
 62
     1
 10
1.335874999999999
 20
0.5876515326169462
 30
0.0
 11
1.335874999999999
 21
0.0
 31
0.0
  0
ATTDEF
  5
7DAE
  8
0
  6
CONTINUOUS
 62
     7
 10
-0.0337291666666664
 20
-0.1448512654404767
 30
0.0
 40
0.08
  1
Nessuna taratura
 72
     1
 11
0.5929375000000002
 21
-0.1048512654404767
 31
0.0
 73
     2
  3
TARATURA
  2
TARATURA
 70
     8
 74
     2
  0
ATTDEF
  5
7DB0
  8
0
  6
CONTINUOUS
 62
     7
 10
0.118330511813686
 20
0.7835576121103693
 30
0.0
 40
0.08
  1
nessun locale
 72
     1
 11
0.5849971784803527
 21
0.8235576121103694
 31
0.0
 73
     2
  3
Locale
  2
NLOC
 70
     8
 74
     2
  0
ATTDEF
  5
7DB1
  8
0
  6
CONTINUOUS
 62
     7
 10
-0.0524555118136856
 20
-0.4774156935441791
 30
0.0
 40
0.08
  1
Nessun riferimento
 72
     1
 11
0.6008778215196477
 21
-0.4374156935441791
 31
0.0
 73
     2
  3
Riferimento
  2
RIF
 70
     9
 74
     2
  0
ATTDEF
  5
7DB2
  8
0
  6
CONTINUOUS
 62
     7
 10
-0.0016694881863138
 20
0.3877214057619661
 30
0.0
 40
0.08
  1
Nessuna potenza
 72
     1
 11
0.5849971784803527
 21
0.4277214057619661
 31
0.0
 73
     2
  3
Potenza
  2
POTENZA
 70
     8
 74
     2
  0
ATTDEF
  5
7DB3
  8
0
  6
CONTINUOUS
 62
     7
 10
0.2208778215196477
 20
-0.3138062573725877
 30
0.0
 40
0.08
  1
Nessun link
 72
     1
 11
0.6008778215196477
 21
-0.2738062573725877
 31
0.0
 73
     2
  3
Link
  2
LINK
 70
     9
 74
     2
  0
ATTDEF
  5
7DB4
  8
0
  6
CONTINUOUS
 62
     7
 10
0.0783305118136861
 20
0.1304761307485059
 30
0.0
 40
0.08
  1
Nessun modello
 72
     1
 11
0.5849971784803527
 21
0.1704761307485059
 31
0.0
 73
     2
  3
Modello
  2
MODELLO
 70
     8
 74
     2
  0
LINE
  5
7DB5
  8
0
  6
CONTINUOUS
 62
     1
 10
-0.1499999999999999
 20
0.1163664673830538
 30
0.0
 11
-0.0336335326169461
 21
0.0
 31
0.0
  0
LINE
  5
7DB6
  8
0
  6
CONTINUOUS
 62
     1
 10
1.335874999999999
 20
0.5876515326169465
 30
0.0
 11
1.219508532616945
 21
0.7040180000000003
 31
0.0
  0
ENDBLK
  5
7DB7
  8
0
  0
BLOCK
  8
0
  2
RIPRETED
 70
     2
 10
0.0
 20
0.0
 30
0.0
  3
RIPRETED
  1

  0
LINE
  5
9B93
  8
0
 10
-0.147043
 20
0.271449
 30
0.0
 11
-1.706858999999995
 21
0.271449
 31
0.0
  0
LINE
  5
9B94
  8
0
 10
-1.706858999999995
 20
0.0
 30
0.0
 11
-0.147043
 21
0.0
 31
0.0
  0
LINE
  5
9B95
  8
0
 10
-0.147043
 20
0.0
 30
0.0
 11
-0.147043
 21
0.271449
 31
0.0
  0
LINE
  5
9B96
  8
0
 10
-0.147043
 20
0.0
 30
0.0
 11
0.0
 21
0.0
 31
0.0
  0
LINE
  5
9B97
  8
0
  6
CONTINUOUS
 62
     7
 10
-1.706858999999995
 20
0.271449
 30
0.0
 11
-1.546295999999999
 21
0.129498
 31
0.0
  0
LINE
  5
9B98
  8
0
  6
CONTINUOUS
 62
     7
 10
-1.546295999999999
 20
0.129498
 30
0.0
 11
-1.706858999999995
 21
0.0
 31
0.0
  0
ATTDEF
  5
9B99
  8
0
 10
-1.481049
 20
0.065838
 30
0.0
 40
0.15
  1
*CODICE*
  3
Codice rete
  2
CODICE
 70
     8
  0
ENDBLK
  5
9B9B
  8
0
  0
BLOCK
  8
0
  2
VALVOLA
 70
     2
 10
0.0
 20
0.0
 30
0.0
  3
VALVOLA
  1

  0
LINE
  5
DC18
  8
0
 10
-0.0790684372294788
 20
-0.0790684372294783
 30
0.0
 11
0.0790684372294752
 21
0.0790684372294774
 31
0.0
  0
LINE
  5
DC19
  8
0
 10
-0.0790684372294788
 20
0.0790684372294774
 30
0.0
 11
0.0790684372294752
 21
-0.0790684372294783
 31
0.0
  0
LINE
  5
DC1B
  8
0
 10
-0.0790684372294788
 20
0.0790684372294774
 30
0.0
 11
0.0790684372294752
 21
0.0790684372294774
 31
0.0
  0
LINE
  5
DC1D
  8
0
 10
0.0790684372294752
 20
-0.0790684372294783
 30
0.0
 11
-0.0790684372294788
 21
-0.0790684372294783
 31
0.0
  0
ATTDEF
  5
DC1E
  8
0
 10
-0.508098268632251
 20
-0.6048842424258316
 30
0.0
 40
0.2
  1
*GIRI*
 72
     1
 11
-0.0080982686322511
 21
-0.6048842424258316
 31
0.0
  3
Numero giri
  2
GIRI
 70
     0
1001
ACDBATTR
1070
     0
1070
     1
  0
ATTDEF
  5
DC1F
  8
0
 10
-0.7332155676857387
 20
0.4578403081904634
 30
0.0
 40
0.2
  1
*CODICE*
 72
     1
 11
0.0001177656475946
 21
0.4578403081904634
 31
0.0
  3
Tipo valvola
  2
CODICE
 70
     0
1001
ACDBATTR
1070
     0
1070
     1
  0
ENDBLK
  5
CAC6
  8
0
  0
BLOCK
  8
0
  2
VALVOLA_E
 70
     2
 10
0.0
 20
0.0
 30
0.0
  3
VALVOLA_E
  1

  0
ATTDEF
  5
CE81
  8
0
 10
-0.5080982686322493
 20
-0.6048842424258318
 30
0.0
 40
0.2
  1
*GIRI*
 72
     1
 11
-0.0080982686322493
 21
-0.6048842424258318
 31
0.0
  3
Numero giri
  2
GIRI
 70
     0
1001
ACDBATTR
1070
     0
1070
     1
  0
ENDBLK
  5
CE02
  8
0
  0
BLOCK
  8
0
  2
PROPL
 70
     2
 10
0.0
 20
0.0
 30
0.0
  3
PROPL
  1

  0
LINE
  5
E0E0
  8
0
 10
0.0
 20
0.0
 30
0.0
 11
0.0
 21
0.0
 31
0.0
  0
LINE
  5
E0E1
  8
0
 10
0.0
 20
0.0
 30
0.0
 11
0.0
 21
0.0
 31
0.0
  0
LINE
  5
E0E2
  8
0
 10
0.0
 20
0.0
 30
0.0
 11
0.0
 21
0.0
 31
0.0
  0
LINE
  5
E0E3
  8
0
 10
0.0
 20
0.0
 30
0.0
 11
0.0
 21
0.0
 31
0.0
  0
LINE
  5
E0E4
  8
0
 10
-0.0000000000000053
 20
-0.0000000000000036
 30
0.0
 11
0.0852291124120921
 21
-0.0000000000000036
 31
0.0
  0
LINE
  5
E0E5
  8
0
 10
-0.0000000000000053
 20
-0.0000000000000036
 30
0.0
 11
-0.042803529330147
 21
0.0737011497836786
 31
0.0
  0
LINE
  5
E0E6
  8
0
 10
-0.0000000000000053
 20
-0.0000000000000036
 30
0.0
 11
-0.0452807744987265
 21
-0.0791688704777549
 31
0.0
  0
LINE
  5
E0E7
  8
0
 10
-0.042803529330147
 20
0.0737011497836786
 30
0.0
 11
0.0852291124120921
 21
0.0
 31
0.0
  0
LINE
  5
E0E8
  8
0
 10
0.0852291124120921
 20
0.0
 30
0.0
 11
-0.0423146569788049
 21
-0.0739829129415632
 31
0.0
  0
LINE
  5
E0E9
  8
0
 10
-0.0428035293301505
 20
0.0737011497836768
 30
0.0
 11
-0.0428035293301505
 21
-0.073701149783675
 31
0.0
  0
ATTDEF
  5
E0EA
  8
0
 10
-0.04990414500719
 20
0.190811135559187
 30
0.0
 40
0.1
  1
*PROP*
  3
Proprietà
  2
PROP
 70
     1
1001
ACDBATTR
1070
     0
1070
     1
  0
ENDBLK
  5
E0DF
  8
0
  0
BLOCK
  8
0
  2
CAMBIOZ
 70
     2
 10
0.0
 20
0.0
 30
0.0
  3
CAMBIOZ
  1

  0
INSERT
  5
E79A
  8
-IDRICO-SANITARIO
  6
CONTINUOUS
 62
     4
  2
*U55
 10
0.0
 20
0.0
 30
0.0
1001
ACAD
1002
{
1000
R14_HATCH_DATA
1000
E79A
1011
1.0
1021
0.0
1031
0.0
1021
0.0
1031
0.0
1011
0.0
1021
1.0
1031
0.0
1021
1.0
1031
0.0
1011
0.0
1021
0.0
1031
1.0
1021
0.0
1031
1.0
1040
0.0
1010
0.0
1020
0.0
1030
1.0
1020
0.0
1030
1.0
1000
SOLID
1070
     1
1070
     1
1071
        1
1071
        3
1070
     0
1070
     1
1071
       40
1040
0.015629
1040
-0.0000000000000021
1040
0.015437
1040
0.0024449999999979
1040
0.014864
1040
0.0048299999999979
1040
0.013926
1040
0.0070959999999979
1040
0.012644
1040
0.0091869999999979
1040
0.011052
1040
0.0110519999999979
1040
0.009187
1040
0.0126439999999979
1040
0.007096
1040
0.0139259999999979
1040
0.00483
1040
0.0148639999999979
1040
0.002445
1040
0.0154369999999979
1040
0.0
1040
0.0156289999999979
1040
-0.002445
1040
0.0154369999999979
1040
-0.00483
1040
0.0148639999999979
1040
-0.007096
1040
0.0139259999999979
1040
-0.009187
1040
0.0126439999999979
1040
-0.011052
1040
0.0110519999999979
1040
-0.012644
1040
0.0091869999999979
1040
-0.013926
1040
0.0070959999999979
1040
-0.014864
1040
0.0048299999999979
1040
-0.015437
1040
0.0024449999999979
1040
-0.015629
1040
-0.0000000000000021
1040
-0.015437
1040
-0.0024450000000021
1040
-0.014864
1040
-0.0048300000000021
1040
-0.013926
1040
-0.0070960000000021
1040
-0.012644
1040
-0.0091870000000021
1040
-0.011052
1040
-0.0110520000000021
1040
-0.009187
1040
-0.0126440000000021
1040
-0.007096
1040
-0.0139260000000021
1040
-0.00483
1040
-0.0148640000000021
1040
-0.002445
1040
-0.0154370000000021
1040
0.0
1040
-0.0156290000000021
1040
0.002445
1040
-0.0154370000000021
1040
0.00483
1040
-0.0148640000000021
1040
0.007096
1040
-0.0139260000000021
1040
0.009187
1040
-0.0126440000000021
1040
0.011052
1040
-0.0110520000000021
1040
0.012644
1040
-0.0091870000000021
1040
0.013926
1040
-0.0070960000000021
1040
0.014864
1040
-0.0048300000000021
1040
0.015437
1040
-0.0024450000000021
1071
        0
1070
     0
1070
     1
1071
        0
1002
}
  0
ARC
  5
E79B
  8
-IDRICO-SANITARIO
  6
ACAD_ISO04W100
 62
     4
 10
0.0
 20
0.0
 30
0.0
 40
0.0509900831922451
 50
260.2774820000001
 51
100.6893149999998
  0
CIRCLE
  5
E79C
  8
-IDRICO-SANITARIO
  6
ACAD_ISO04W100
 62
     4
 10
0.0
 20
0.0
 30
0.0
 40
0.0156294341362794
  0
ATTDEF
  5
E79D
  8
0
 10
-0.0265744368265128
 20
0.6372934029452795
 30
0.0
 40
0.15
  1
*DFISSO*
  3
Diametro fissato
  2
DFISSO
 70
     9
  0
ATTDEF
  5
E79E
  8
0
 10
-0.0265744368265128
 20
0.195582601273462
 30
0.0
 40
0.15
  1
*DZ*
  3
salto quota
  2
DZ
 70
     8
  0
ATTDEF
  5
E79F
  8
0
 10
-0.0265744368265128
 20
0.4164380430496717
 30
0.0
 40
0.15
  1
*TUBO*
  3
Tipo tubo
  2
TUBO
 70
     9
  0
ENDBLK
  5
E303
  8
0
  0
BLOCK
  8
0
  2
DN
 70
     2
 10
0.0
 20
0.0
 30
0.0
  3
DN
  1

  0
ATTDEF
  5
E95E
  8
0
 10
-0.3710355110088304
 20
-0.4701444327957001
 30
0.0
 40
0.2
  1
*DN*
 72
     1
 11
-0.0043688443421637
 21
-0.4701444327957001
 31
0.0
  3
Diametro nominale
  2
DN
 70
     0
1001
ACDBATTR
1070
     0
1070
     1
  0
LINE
  5
E95F
  8
0
  6
DIVIDE
 10
0.0328294204971371
 20
0.0328294204971318
 30
0.0
 11
-0.0328294204971264
 21
-0.0328294204971318
 31
0.0
  0
CIRCLE
  5
E960
  8
0
  6
DIVIDE
 10
0.0
 20
0.0
 30
0.0
 40
0.0290896545341956
  0
ATTDEF
  5
EC4B
  8
0
 10
-0.3710355110088304
 20
0.2539467724456346
 30
0.0
 40
0.2
  1
*NO*
 72
     1
 11
-0.0043688443421637
 21
0.2539467724456346
 31
0.0
  3
Stringa vuota
  2
FISSO
 70
     1
1001
ACDBATTR
1070
     0
1070
     1
  0
ENDBLK
  5
E95D
  8
0
  0
BLOCK
  8
0
  2
*U47
 70
     1
 10
0.0
 20
0.0
 30
0.0
  3
*U47
  1

  0
SOLID
  5
EF68
  8
-IDRICO-SANITARIO
  6
CONTINUOUS
 62
     4
 10
-0.015437
 20
-0.002445
 30
0.0
 11
-0.015629
 21
0.0
 31
0.0
 12
-0.015437
 22
0.002445
 32
0.0
 13
-0.015437
 23
0.002445
 33
0.0
  0
SOLID
  5
EF69
  8
-IDRICO-SANITARIO
  6
CONTINUOUS
 62
     4
 10
-0.015437
 20
-0.002445
 30
0.0
 11
-0.015437
 21
0.002445
 31
0.0
 12
-0.014864
 22
-0.00483
 32
0.0
 13
-0.014864
 23
-0.00483
 33
0.0
  0
SOLID
  5
EF6A
  8
-IDRICO-SANITARIO
  6
CONTINUOUS
 62
     4
 10
-0.014864
 20
-0.00483
 30
0.0
 11
-0.015437
 21
0.002445
 31
0.0
 12
-0.014864
 22
0.00483
 32
0.0
 13
-0.014864
 23
0.00483
 33
0.0
  0
SOLID
  5
EF6B
  8
-IDRICO-SANITARIO
  6
CONTINUOUS
 62
     4
 10
-0.014864
 20
-0.00483
 30
0.0
 11
-0.014864
 21
0.00483
 31
0.0
 12
-0.013926
 22
-0.007096
 32
0.0
 13
-0.013926
 23
-0.007096
 33
0.0
  0
SOLID
  5
EF6C
  8
-IDRICO-SANITARIO
  6
CONTINUOUS
 62
     4
 10
-0.013926
 20
-0.007096
 30
0.0
 11
-0.014864
 21
0.00483
 31
0.0
 12
-0.013926
 22
0.007096
 32
0.0
 13
-0.013926
 23
0.007096
 33
0.0
  0
SOLID
  5
EF6D
  8
-IDRICO-SANITARIO
  6
CONTINUOUS
 62
     4
 10
-0.013926
 20
-0.007096
 30
0.0
 11
-0.013926
 21
0.007096
 31
0.0
 12
-0.012644
 22
-0.009187
 32
0.0
 13
-0.012644
 23
-0.009187
 33
0.0
  0
SOLID
  5
EF6E
  8
-IDRICO-SANITARIO
  6
CONTINUOUS
 62
     4
 10
-0.012644
 20
-0.009187
 30
0.0
 11
-0.013926
 21
0.007096
 31
0.0
 12
-0.012644
 22
0.009187
 32
0.0
 13
-0.012644
 23
0.009187
 33
0.0
  0
SOLID
  5
EF6F
  8
-IDRICO-SANITARIO
  6
CONTINUOUS
 62
     4
 10
-0.012644
 20
-0.009187
 30
0.0
 11
-0.012644
 21
0.009187
 31
0.0
 12
-0.011052
 22
-0.011052
 32
0.0
 13
-0.011052
 23
-0.011052
 33
0.0
  0
SOLID
  5
EF70
  8
-IDRICO-SANITARIO
  6
CONTINUOUS
 62
     4
 10
-0.011052
 20
-0.011052
 30
0.0
 11
-0.012644
 21
0.009187
 31
0.0
 12
-0.011052
 22
0.011052
 32
0.0
 13
-0.011052
 23
0.011052
 33
0.0
  0
SOLID
  5
EF71
  8
-IDRICO-SANITARIO
  6
CONTINUOUS
 62
     4
 10
-0.011052
 20
-0.011052
 30
0.0
 11
-0.011052
 21
0.011052
 31
0.0
 12
-0.009187
 22
-0.012644
 32
0.0
 13
-0.009187
 23
-0.012644
 33
0.0
  0
SOLID
  5
EF72
  8
-IDRICO-SANITARIO
  6
CONTINUOUS
 62
     4
 10
-0.009187
 20
-0.012644
 30
0.0
 11
-0.011052
 21
0.011052
 31
0.0
 12
-0.009187
 22
0.012644
 32
0.0
 13
-0.009187
 23
0.012644
 33
0.0
  0
SOLID
  5
EF73
  8
-IDRICO-SANITARIO
  6
CONTINUOUS
 62
     4
 10
-0.009187
 20
-0.012644
 30
0.0
 11
-0.009187
 21
0.012644
 31
0.0
 12
-0.007096
 22
-0.013926
 32
0.0
 13
-0.007096
 23
-0.013926
 33
0.0
  0
SOLID
  5
EF74
  8
-IDRICO-SANITARIO
  6
CONTINUOUS
 62
     4
 10
-0.007096
 20
-0.013926
 30
0.0
 11
-0.009187
 21
0.012644
 31
0.0
 12
-0.007096
 22
0.013926
 32
0.0
 13
-0.007096
 23
0.013926
 33
0.0
  0
SOLID
  5
EF75
  8
-IDRICO-SANITARIO
  6
CONTINUOUS
 62
     4
 10
-0.007096
 20
-0.013926
 30
0.0
 11
-0.007096
 21
0.013926
 31
0.0
 12
-0.00483
 22
-0.014864
 32
0.0
 13
-0.00483
 23
-0.014864
 33
0.0
  0
SOLID
  5
EF76
  8
-IDRICO-SANITARIO
  6
CONTINUOUS
 62
     4
 10
-0.00483
 20
-0.014864
 30
0.0
 11
-0.007096
 21
0.013926
 31
0.0
 12
-0.00483
 22
0.014864
 32
0.0
 13
-0.00483
 23
0.014864
 33
0.0
  0
SOLID
  5
EF77
  8
-IDRICO-SANITARIO
  6
CONTINUOUS
 62
     4
 10
-0.00483
 20
-0.014864
 30
0.0
 11
-0.00483
 21
0.014864
 31
0.0
 12
-0.002445
 22
-0.015437
 32
0.0
 13
-0.002445
 23
-0.015437
 33
0.0
  0
SOLID
  5
EF78
  8
-IDRICO-SANITARIO
  6
CONTINUOUS
 62
     4
 10
-0.002445
 20
-0.015437
 30
0.0
 11
-0.00483
 21
0.014864
 31
0.0
 12
-0.002445
 22
0.015437
 32
0.0
 13
-0.002445
 23
0.015437
 33
0.0
  0
SOLID
  5
EF79
  8
-IDRICO-SANITARIO
  6
CONTINUOUS
 62
     4
 10
-0.002445
 20
-0.015437
 30
0.0
 11
-0.002445
 21
0.015437
 31
0.0
 12
0.0
 22
-0.015629
 32
0.0
 13
0.0
 23
-0.015629
 33
0.0
  0
SOLID
  5
EF7A
  8
-IDRICO-SANITARIO
  6
CONTINUOUS
 62
     4
 10
0.0
 20
-0.015629
 30
0.0
 11
-0.002445
 21
0.015437
 31
0.0
 12
0.0
 22
0.015629
 32
0.0
 13
0.0
 23
0.015629
 33
0.0
  0
SOLID
  5
EF7B
  8
-IDRICO-SANITARIO
  6
CONTINUOUS
 62
     4
 10
0.0
 20
-0.015629
 30
0.0
 11
0.0
 21
0.015629
 31
0.0
 12
0.002445
 22
-0.015437
 32
0.0
 13
0.002445
 23
-0.015437
 33
0.0
  0
SOLID
  5
EF7C
  8
-IDRICO-SANITARIO
  6
CONTINUOUS
 62
     4
 10
0.002445
 20
-0.015437
 30
0.0
 11
0.0
 21
0.015629
 31
0.0
 12
0.002445
 22
0.015437
 32
0.0
 13
0.002445
 23
0.015437
 33
0.0
  0
SOLID
  5
EF7D
  8
-IDRICO-SANITARIO
  6
CONTINUOUS
 62
     4
 10
0.002445
 20
-0.015437
 30
0.0
 11
0.002445
 21
0.015437
 31
0.0
 12
0.00483
 22
-0.014864
 32
0.0
 13
0.00483
 23
-0.014864
 33
0.0
  0
SOLID
  5
EF7E
  8
-IDRICO-SANITARIO
  6
CONTINUOUS
 62
     4
 10
0.00483
 20
-0.014864
 30
0.0
 11
0.002445
 21
0.015437
 31
0.0
 12
0.00483
 22
0.014864
 32
0.0
 13
0.00483
 23
0.014864
 33
0.0
  0
SOLID
  5
EF7F
  8
-IDRICO-SANITARIO
  6
CONTINUOUS
 62
     4
 10
0.00483
 20
-0.014864
 30
0.0
 11
0.00483
 21
0.014864
 31
0.0
 12
0.007096
 22
-0.013926
 32
0.0
 13
0.007096
 23
-0.013926
 33
0.0
  0
SOLID
  5
EF80
  8
-IDRICO-SANITARIO
  6
CONTINUOUS
 62
     4
 10
0.007096
 20
-0.013926
 30
0.0
 11
0.00483
 21
0.014864
 31
0.0
 12
0.007096
 22
0.013926
 32
0.0
 13
0.007096
 23
0.013926
 33
0.0
  0
SOLID
  5
EF81
  8
-IDRICO-SANITARIO
  6
CONTINUOUS
 62
     4
 10
0.007096
 20
-0.013926
 30
0.0
 11
0.007096
 21
0.013926
 31
0.0
 12
0.009187
 22
-0.012644
 32
0.0
 13
0.009187
 23
-0.012644
 33
0.0
  0
SOLID
  5
EF82
  8
-IDRICO-SANITARIO
  6
CONTINUOUS
 62
     4
 10
0.009187
 20
-0.012644
 30
0.0
 11
0.007096
 21
0.013926
 31
0.0
 12
0.009187
 22
0.012644
 32
0.0
 13
0.009187
 23
0.012644
 33
0.0
  0
SOLID
  5
EF83
  8
-IDRICO-SANITARIO
  6
CONTINUOUS
 62
     4
 10
0.009187
 20
-0.012644
 30
0.0
 11
0.009187
 21
0.012644
 31
0.0
 12
0.011052
 22
-0.011052
 32
0.0
 13
0.011052
 23
-0.011052
 33
0.0
  0
SOLID
  5
EF84
  8
-IDRICO-SANITARIO
  6
CONTINUOUS
 62
     4
 10
0.011052
 20
-0.011052
 30
0.0
 11
0.009187
 21
0.012644
 31
0.0
 12
0.011052
 22
0.011052
 32
0.0
 13
0.011052
 23
0.011052
 33
0.0
  0
SOLID
  5
EF85
  8
-IDRICO-SANITARIO
  6
CONTINUOUS
 62
     4
 10
0.011052
 20
-0.011052
 30
0.0
 11
0.011052
 21
0.011052
 31
0.0
 12
0.012644
 22
-0.009187
 32
0.0
 13
0.012644
 23
-0.009187
 33
0.0
  0
SOLID
  5
EF86
  8
-IDRICO-SANITARIO
  6
CONTINUOUS
 62
     4
 10
0.012644
 20
-0.009187
 30
0.0
 11
0.011052
 21
0.011052
 31
0.0
 12
0.012644
 22
0.009187
 32
0.0
 13
0.012644
 23
0.009187
 33
0.0
  0
SOLID
  5
EF87
  8
-IDRICO-SANITARIO
  6
CONTINUOUS
 62
     4
 10
0.012644
 20
-0.009187
 30
0.0
 11
0.012644
 21
0.009187
 31
0.0
 12
0.013926
 22
-0.007096
 32
0.0
 13
0.013926
 23
-0.007096
 33
0.0
  0
SOLID
  5
EF88
  8
-IDRICO-SANITARIO
  6
CONTINUOUS
 62
     4
 10
0.013926
 20
-0.007096
 30
0.0
 11
0.012644
 21
0.009187
 31
0.0
 12
0.013926
 22
0.007096
 32
0.0
 13
0.013926
 23
0.007096
 33
0.0
  0
SOLID
  5
EF89
  8
-IDRICO-SANITARIO
  6
CONTINUOUS
 62
     4
 10
0.013926
 20
-0.007096
 30
0.0
 11
0.013926
 21
0.007096
 31
0.0
 12
0.014864
 22
-0.00483
 32
0.0
 13
0.014864
 23
-0.00483
 33
0.0
  0
SOLID
  5
EF8A
  8
-IDRICO-SANITARIO
  6
CONTINUOUS
 62
     4
 10
0.014864
 20
-0.00483
 30
0.0
 11
0.013926
 21
0.007096
 31
0.0
 12
0.014864
 22
0.00483
 32
0.0
 13
0.014864
 23
0.00483
 33
0.0
  0
SOLID
  5
EF8B
  8
-IDRICO-SANITARIO
  6
CONTINUOUS
 62
     4
 10
0.014864
 20
-0.00483
 30
0.0
 11
0.014864
 21
0.00483
 31
0.0
 12
0.015437
 22
-0.002445
 32
0.0
 13
0.015437
 23
-0.002445
 33
0.0
  0
SOLID
  5
EF8C
  8
-IDRICO-SANITARIO
  6
CONTINUOUS
 62
     4
 10
0.015437
 20
-0.002445
 30
0.0
 11
0.014864
 21
0.00483
 31
0.0
 12
0.015437
 22
0.002445
 32
0.0
 13
0.015437
 23
0.002445
 33
0.0
  0
SOLID
  5
EF8D
  8
-IDRICO-SANITARIO
  6
CONTINUOUS
 62
     4
 10
0.015437
 20
-0.002445
 30
0.0
 11
0.015437
 21
0.002445
 31
0.0
 12
0.015629
 22
0.0
 32
0.0
 13
0.015629
 23
0.0
 33
0.0
  0
ENDBLK
  5
F0D7
  8
0
  0
BLOCK
  8
0
  2
*U48
 70
     1
 10
0.0
 20
0.0
 30
0.0
  3
*U48
  1

  0
SOLID
  5
EF8F
  8
-IDRICO-SANITARIO
  6
CONTINUOUS
 62
     4
 10
-0.015437
 20
-0.102445
 30
0.0
 11
-0.015629
 21
-0.1
 31
0.0
 12
-0.015437
 22
-0.097555
 32
0.0
 13
-0.015437
 23
-0.097555
 33
0.0
  0
SOLID
  5
EF90
  8
-IDRICO-SANITARIO
  6
CONTINUOUS
 62
     4
 10
-0.015437
 20
-0.102445
 30
0.0
 11
-0.015437
 21
-0.097555
 31
0.0
 12
-0.014864
 22
-0.10483
 32
0.0
 13
-0.014864
 23
-0.10483
 33
0.0
  0
SOLID
  5
EF91
  8
-IDRICO-SANITARIO
  6
CONTINUOUS
 62
     4
 10
-0.014864
 20
-0.10483
 30
0.0
 11
-0.015437
 21
-0.097555
 31
0.0
 12
-0.014864
 22
-0.09517
 32
0.0
 13
-0.014864
 23
-0.09517
 33
0.0
  0
SOLID
  5
EF92
  8
-IDRICO-SANITARIO
  6
CONTINUOUS
 62
     4
 10
-0.014864
 20
-0.10483
 30
0.0
 11
-0.014864
 21
-0.09517
 31
0.0
 12
-0.013926
 22
-0.107096
 32
0.0
 13
-0.013926
 23
-0.107096
 33
0.0
  0
SOLID
  5
EF93
  8
-IDRICO-SANITARIO
  6
CONTINUOUS
 62
     4
 10
-0.013926
 20
-0.107096
 30
0.0
 11
-0.014864
 21
-0.09517
 31
0.0
 12
-0.013926
 22
-0.092904
 32
0.0
 13
-0.013926
 23
-0.092904
 33
0.0
  0
SOLID
  5
EF94
  8
-IDRICO-SANITARIO
  6
CONTINUOUS
 62
     4
 10
-0.013926
 20
-0.107096
 30
0.0
 11
-0.013926
 21
-0.092904
 31
0.0
 12
-0.012644
 22
-0.109187
 32
0.0
 13
-0.012644
 23
-0.109187
 33
0.0
  0
SOLID
  5
EF95
  8
-IDRICO-SANITARIO
  6
CONTINUOUS
 62
     4
 10
-0.012644
 20
-0.109187
 30
0.0
 11
-0.013926
 21
-0.092904
 31
0.0
 12
-0.012644
 22
-0.090813
 32
0.0
 13
-0.012644
 23
-0.090813
 33
0.0
  0
SOLID
  5
EF96
  8
-IDRICO-SANITARIO
  6
CONTINUOUS
 62
     4
 10
-0.012644
 20
-0.109187
 30
0.0
 11
-0.012644
 21
-0.090813
 31
0.0
 12
-0.011052
 22
-0.111052
 32
0.0
 13
-0.011052
 23
-0.111052
 33
0.0
  0
SOLID
  5
EF97
  8
-IDRICO-SANITARIO
  6
CONTINUOUS
 62
     4
 10
-0.011052
 20
-0.111052
 30
0.0
 11
-0.012644
 21
-0.090813
 31
0.0
 12
-0.011052
 22
-0.088948
 32
0.0
 13
-0.011052
 23
-0.088948
 33
0.0
  0
SOLID
  5
EF98
  8
-IDRICO-SANITARIO
  6
CONTINUOUS
 62
     4
 10
-0.011052
 20
-0.111052
 30
0.0
 11
-0.011052
 21
-0.088948
 31
0.0
 12
-0.009187
 22
-0.112644
 32
0.0
 13
-0.009187
 23
-0.112644
 33
0.0
  0
SOLID
  5
EF99
  8
-IDRICO-SANITARIO
  6
CONTINUOUS
 62
     4
 10
-0.009187
 20
-0.112644
 30
0.0
 11
-0.011052
 21
-0.088948
 31
0.0
 12
-0.009187
 22
-0.087356
 32
0.0
 13
-0.009187
 23
-0.087356
 33
0.0
  0
SOLID
  5
EF9A
  8
-IDRICO-SANITARIO
  6
CONTINUOUS
 62
     4
 10
-0.009187
 20
-0.112644
 30
0.0
 11
-0.009187
 21
-0.087356
 31
0.0
 12
-0.007096
 22
-0.113926
 32
0.0
 13
-0.007096
 23
-0.113926
 33
0.0
  0
SOLID
  5
EF9B
  8
-IDRICO-SANITARIO
  6
CONTINUOUS
 62
     4
 10
-0.007096
 20
-0.113926
 30
0.0
 11
-0.009187
 21
-0.087356
 31
0.0
 12
-0.007096
 22
-0.086074
 32
0.0
 13
-0.007096
 23
-0.086074
 33
0.0
  0
SOLID
  5
EF9C
  8
-IDRICO-SANITARIO
  6
CONTINUOUS
 62
     4
 10
-0.007096
 20
-0.113926
 30
0.0
 11
-0.007096
 21
-0.086074
 31
0.0
 12
-0.00483
 22
-0.114864
 32
0.0
 13
-0.00483
 23
-0.114864
 33
0.0
  0
SOLID
  5
EF9D
  8
-IDRICO-SANITARIO
  6
CONTINUOUS
 62
     4
 10
-0.00483
 20
-0.114864
 30
0.0
 11
-0.007096
 21
-0.086074
 31
0.0
 12
-0.00483
 22
-0.085136
 32
0.0
 13
-0.00483
 23
-0.085136
 33
0.0
  0
SOLID
  5
EF9E
  8
-IDRICO-SANITARIO
  6
CONTINUOUS
 62
     4
 10
-0.00483
 20
-0.114864
 30
0.0
 11
-0.00483
 21
-0.085136
 31
0.0
 12
-0.002445
 22
-0.115437
 32
0.0
 13
-0.002445
 23
-0.115437
 33
0.0
  0
SOLID
  5
EF9F
  8
-IDRICO-SANITARIO
  6
CONTINUOUS
 62
     4
 10
-0.002445
 20
-0.115437
 30
0.0
 11
-0.00483
 21
-0.085136
 31
0.0
 12
-0.002445
 22
-0.084563
 32
0.0
 13
-0.002445
 23
-0.084563
 33
0.0
  0
SOLID
  5
EFA0
  8
-IDRICO-SANITARIO
  6
CONTINUOUS
 62
     4
 10
-0.002445
 20
-0.115437
 30
0.0
 11
-0.002445
 21
-0.084563
 31
0.0
 12
0.0
 22
-0.115629
 32
0.0
 13
0.0
 23
-0.115629
 33
0.0
  0
SOLID
  5
EFA1
  8
-IDRICO-SANITARIO
  6
CONTINUOUS
 62
     4
 10
0.0
 20
-0.115629
 30
0.0
 11
-0.002445
 21
-0.084563
 31
0.0
 12
0.0
 22
-0.084371
 32
0.0
 13
0.0
 23
-0.084371
 33
0.0
  0
SOLID
  5
EFA2
  8
-IDRICO-SANITARIO
  6
CONTINUOUS
 62
     4
 10
0.0
 20
-0.115629
 30
0.0
 11
0.0
 21
-0.084371
 31
0.0
 12
0.002445
 22
-0.115437
 32
0.0
 13
0.002445
 23
-0.115437
 33
0.0
  0
SOLID
  5
EFA3
  8
-IDRICO-SANITARIO
  6
CONTINUOUS
 62
     4
 10
0.002445
 20
-0.115437
 30
0.0
 11
0.0
 21
-0.084371
 31
0.0
 12
0.002445
 22
-0.084563
 32
0.0
 13
0.002445
 23
-0.084563
 33
0.0
  0
SOLID
  5
EFA4
  8
-IDRICO-SANITARIO
  6
CONTINUOUS
 62
     4
 10
0.002445
 20
-0.115437
 30
0.0
 11
0.002445
 21
-0.084563
 31
0.0
 12
0.00483
 22
-0.114864
 32
0.0
 13
0.00483
 23
-0.114864
 33
0.0
  0
SOLID
  5
EFA5
  8
-IDRICO-SANITARIO
  6
CONTINUOUS
 62
     4
 10
0.00483
 20
-0.114864
 30
0.0
 11
0.002445
 21
-0.084563
 31
0.0
 12
0.00483
 22
-0.085136
 32
0.0
 13
0.00483
 23
-0.085136
 33
0.0
  0
SOLID
  5
EFA6
  8
-IDRICO-SANITARIO
  6
CONTINUOUS
 62
     4
 10
0.00483
 20
-0.114864
 30
0.0
 11
0.00483
 21
-0.085136
 31
0.0
 12
0.007096
 22
-0.113926
 32
0.0
 13
0.007096
 23
-0.113926
 33
0.0
  0
SOLID
  5
EFA7
  8
-IDRICO-SANITARIO
  6
CONTINUOUS
 62
     4
 10
0.007096
 20
-0.113926
 30
0.0
 11
0.00483
 21
-0.085136
 31
0.0
 12
0.007096
 22
-0.086074
 32
0.0
 13
0.007096
 23
-0.086074
 33
0.0
  0
SOLID
  5
EFA8
  8
-IDRICO-SANITARIO
  6
CONTINUOUS
 62
     4
 10
0.007096
 20
-0.113926
 30
0.0
 11
0.007096
 21
-0.086074
 31
0.0
 12
0.009187
 22
-0.112644
 32
0.0
 13
0.009187
 23
-0.112644
 33
0.0
  0
SOLID
  5
EFA9
  8
-IDRICO-SANITARIO
  6
CONTINUOUS
 62
     4
 10
0.009187
 20
-0.112644
 30
0.0
 11
0.007096
 21
-0.086074
 31
0.0
 12
0.009187
 22
-0.087356
 32
0.0
 13
0.009187
 23
-0.087356
 33
0.0
  0
SOLID
  5
EFAA
  8
-IDRICO-SANITARIO
  6
CONTINUOUS
 62
     4
 10
0.009187
 20
-0.112644
 30
0.0
 11
0.009187
 21
-0.087356
 31
0.0
 12
0.011052
 22
-0.111052
 32
0.0
 13
0.011052
 23
-0.111052
 33
0.0
  0
SOLID
  5
EFAB
  8
-IDRICO-SANITARIO
  6
CONTINUOUS
 62
     4
 10
0.011052
 20
-0.111052
 30
0.0
 11
0.009187
 21
-0.087356
 31
0.0
 12
0.011052
 22
-0.088948
 32
0.0
 13
0.011052
 23
-0.088948
 33
0.0
  0
SOLID
  5
EFAC
  8
-IDRICO-SANITARIO
  6
CONTINUOUS
 62
     4
 10
0.011052
 20
-0.111052
 30
0.0
 11
0.011052
 21
-0.088948
 31
0.0
 12
0.012644
 22
-0.109187
 32
0.0
 13
0.012644
 23
-0.109187
 33
0.0
  0
SOLID
  5
EFAD
  8
-IDRICO-SANITARIO
  6
CONTINUOUS
 62
     4
 10
0.012644
 20
-0.109187
 30
0.0
 11
0.011052
 21
-0.088948
 31
0.0
 12
0.012644
 22
-0.090813
 32
0.0
 13
0.012644
 23
-0.090813
 33
0.0
  0
SOLID
  5
EFAE
  8
-IDRICO-SANITARIO
  6
CONTINUOUS
 62
     4
 10
0.012644
 20
-0.109187
 30
0.0
 11
0.012644
 21
-0.090813
 31
0.0
 12
0.013926
 22
-0.107096
 32
0.0
 13
0.013926
 23
-0.107096
 33
0.0
  0
SOLID
  5
EFAF
  8
-IDRICO-SANITARIO
  6
CONTINUOUS
 62
     4
 10
0.013926
 20
-0.107096
 30
0.0
 11
0.012644
 21
-0.090813
 31
0.0
 12
0.013926
 22
-0.092904
 32
0.0
 13
0.013926
 23
-0.092904
 33
0.0
  0
SOLID
  5
EFB0
  8
-IDRICO-SANITARIO
  6
CONTINUOUS
 62
     4
 10
0.013926
 20
-0.107096
 30
0.0
 11
0.013926
 21
-0.092904
 31
0.0
 12
0.014864
 22
-0.10483
 32
0.0
 13
0.014864
 23
-0.10483
 33
0.0
  0
SOLID
  5
EFB1
  8
-IDRICO-SANITARIO
  6
CONTINUOUS
 62
     4
 10
0.014864
 20
-0.10483
 30
0.0
 11
0.013926
 21
-0.092904
 31
0.0
 12
0.014864
 22
-0.09517
 32
0.0
 13
0.014864
 23
-0.09517
 33
0.0
  0
SOLID
  5
EFB2
  8
-IDRICO-SANITARIO
  6
CONTINUOUS
 62
     4
 10
0.014864
 20
-0.10483
 30
0.0
 11
0.014864
 21
-0.09517
 31
0.0
 12
0.015437
 22
-0.102445
 32
0.0
 13
0.015437
 23
-0.102445
 33
0.0
  0
SOLID
  5
EFB3
  8
-IDRICO-SANITARIO
  6
CONTINUOUS
 62
     4
 10
0.015437
 20
-0.102445
 30
0.0
 11
0.014864
 21
-0.09517
 31
0.0
 12
0.015437
 22
-0.097555
 32
0.0
 13
0.015437
 23
-0.097555
 33
0.0
  0
SOLID
  5
EFB4
  8
-IDRICO-SANITARIO
  6
CONTINUOUS
 62
     4
 10
0.015437
 20
-0.102445
 30
0.0
 11
0.015437
 21
-0.097555
 31
0.0
 12
0.015629
 22
-0.1
 32
0.0
 13
0.015629
 23
-0.1
 33
0.0
  0
ENDBLK
  5
F0D9
  8
0
  0
BLOCK
  8
0
  2
*U49
 70
     1
 10
0.0
 20
0.0
 30
0.0
  3
*U49
  1

  0
SOLID
  5
EFB6
  8
-IDRICO-SANITARIO
  6
CONTINUOUS
 62
     4
 10
-0.015437
 20
0.097555
 30
0.0
 11
-0.015629
 21
0.1
 31
0.0
 12
-0.015437
 22
0.102445
 32
0.0
 13
-0.015437
 23
0.102445
 33
0.0
  0
SOLID
  5
EFB7
  8
-IDRICO-SANITARIO
  6
CONTINUOUS
 62
     4
 10
-0.015437
 20
0.097555
 30
0.0
 11
-0.015437
 21
0.102445
 31
0.0
 12
-0.014864
 22
0.09517
 32
0.0
 13
-0.014864
 23
0.09517
 33
0.0
  0
SOLID
  5
EFB8
  8
-IDRICO-SANITARIO
  6
CONTINUOUS
 62
     4
 10
-0.014864
 20
0.09517
 30
0.0
 11
-0.015437
 21
0.102445
 31
0.0
 12
-0.014864
 22
0.10483
 32
0.0
 13
-0.014864
 23
0.10483
 33
0.0
  0
SOLID
  5
EFB9
  8
-IDRICO-SANITARIO
  6
CONTINUOUS
 62
     4
 10
-0.014864
 20
0.09517
 30
0.0
 11
-0.014864
 21
0.10483
 31
0.0
 12
-0.013926
 22
0.092904
 32
0.0
 13
-0.013926
 23
0.092904
 33
0.0
  0
SOLID
  5
EFBA
  8
-IDRICO-SANITARIO
  6
CONTINUOUS
 62
     4
 10
-0.013926
 20
0.092904
 30
0.0
 11
-0.014864
 21
0.10483
 31
0.0
 12
-0.013926
 22
0.107096
 32
0.0
 13
-0.013926
 23
0.107096
 33
0.0
  0
SOLID
  5
EFBB
  8
-IDRICO-SANITARIO
  6
CONTINUOUS
 62
     4
 10
-0.013926
 20
0.092904
 30
0.0
 11
-0.013926
 21
0.107096
 31
0.0
 12
-0.012644
 22
0.090813
 32
0.0
 13
-0.012644
 23
0.090813
 33
0.0
  0
SOLID
  5
EFBC
  8
-IDRICO-SANITARIO
  6
CONTINUOUS
 62
     4
 10
-0.012644
 20
0.090813
 30
0.0
 11
-0.013926
 21
0.107096
 31
0.0
 12
-0.012644
 22
0.109187
 32
0.0
 13
-0.012644
 23
0.109187
 33
0.0
  0
SOLID
  5
EFBD
  8
-IDRICO-SANITARIO
  6
CONTINUOUS
 62
     4
 10
-0.012644
 20
0.090813
 30
0.0
 11
-0.012644
 21
0.109187
 31
0.0
 12
-0.011052
 22
0.088948
 32
0.0
 13
-0.011052
 23
0.088948
 33
0.0
  0
SOLID
  5
EFBE
  8
-IDRICO-SANITARIO
  6
CONTINUOUS
 62
     4
 10
-0.011052
 20
0.088948
 30
0.0
 11
-0.012644
 21
0.109187
 31
0.0
 12
-0.011052
 22
0.111052
 32
0.0
 13
-0.011052
 23
0.111052
 33
0.0
  0
SOLID
  5
EFBF
  8
-IDRICO-SANITARIO
  6
CONTINUOUS
 62
     4
 10
-0.011052
 20
0.088948
 30
0.0
 11
-0.011052
 21
0.111052
 31
0.0
 12
-0.009187
 22
0.087356
 32
0.0
 13
-0.009187
 23
0.087356
 33
0.0
  0
SOLID
  5
EFC0
  8
-IDRICO-SANITARIO
  6
CONTINUOUS
 62
     4
 10
-0.009187
 20
0.087356
 30
0.0
 11
-0.011052
 21
0.111052
 31
0.0
 12
-0.009187
 22
0.112644
 32
0.0
 13
-0.009187
 23
0.112644
 33
0.0
  0
SOLID
  5
EFC1
  8
-IDRICO-SANITARIO
  6
CONTINUOUS
 62
     4
 10
-0.009187
 20
0.087356
 30
0.0
 11
-0.009187
 21
0.112644
 31
0.0
 12
-0.007096
 22
0.086074
 32
0.0
 13
-0.007096
 23
0.086074
 33
0.0
  0
SOLID
  5
EFC2
  8
-IDRICO-SANITARIO
  6
CONTINUOUS
 62
     4
 10
-0.007096
 20
0.086074
 30
0.0
 11
-0.009187
 21
0.112644
 31
0.0
 12
-0.007096
 22
0.113926
 32
0.0
 13
-0.007096
 23
0.113926
 33
0.0
  0
SOLID
  5
EFC3
  8
-IDRICO-SANITARIO
  6
CONTINUOUS
 62
     4
 10
-0.007096
 20
0.086074
 30
0.0
 11
-0.007096
 21
0.113926
 31
0.0
 12
-0.00483
 22
0.085136
 32
0.0
 13
-0.00483
 23
0.085136
 33
0.0
  0
SOLID
  5
EFC4
  8
-IDRICO-SANITARIO
  6
CONTINUOUS
 62
     4
 10
-0.00483
 20
0.085136
 30
0.0
 11
-0.007096
 21
0.113926
 31
0.0
 12
-0.00483
 22
0.114864
 32
0.0
 13
-0.00483
 23
0.114864
 33
0.0
  0
SOLID
  5
EFC5
  8
-IDRICO-SANITARIO
  6
CONTINUOUS
 62
     4
 10
-0.00483
 20
0.085136
 30
0.0
 11
-0.00483
 21
0.114864
 31
0.0
 12
-0.002445
 22
0.084563
 32
0.0
 13
-0.002445
 23
0.084563
 33
0.0
  0
SOLID
  5
EFC6
  8
-IDRICO-SANITARIO
  6
CONTINUOUS
 62
     4
 10
-0.002445
 20
0.084563
 30
0.0
 11
-0.00483
 21
0.114864
 31
0.0
 12
-0.002445
 22
0.115437
 32
0.0
 13
-0.002445
 23
0.115437
 33
0.0
  0
SOLID
  5
EFC7
  8
-IDRICO-SANITARIO
  6
CONTINUOUS
 62
     4
 10
-0.002445
 20
0.084563
 30
0.0
 11
-0.002445
 21
0.115437
 31
0.0
 12
0.0
 22
0.084371
 32
0.0
 13
0.0
 23
0.084371
 33
0.0
  0
SOLID
  5
EFC8
  8
-IDRICO-SANITARIO
  6
CONTINUOUS
 62
     4
 10
0.0
 20
0.084371
 30
0.0
 11
-0.002445
 21
0.115437
 31
0.0
 12
0.0
 22
0.115629
 32
0.0
 13
0.0
 23
0.115629
 33
0.0
  0
SOLID
  5
EFC9
  8
-IDRICO-SANITARIO
  6
CONTINUOUS
 62
     4
 10
0.0
 20
0.084371
 30
0.0
 11
0.0
 21
0.115629
 31
0.0
 12
0.002445
 22
0.084563
 32
0.0
 13
0.002445
 23
0.084563
 33
0.0
  0
SOLID
  5
EFCA
  8
-IDRICO-SANITARIO
  6
CONTINUOUS
 62
     4
 10
0.002445
 20
0.084563
 30
0.0
 11
0.0
 21
0.115629
 31
0.0
 12
0.002445
 22
0.115437
 32
0.0
 13
0.002445
 23
0.115437
 33
0.0
  0
SOLID
  5
EFCB
  8
-IDRICO-SANITARIO
  6
CONTINUOUS
 62
     4
 10
0.002445
 20
0.084563
 30
0.0
 11
0.002445
 21
0.115437
 31
0.0
 12
0.00483
 22
0.085136
 32
0.0
 13
0.00483
 23
0.085136
 33
0.0
  0
SOLID
  5
EFCC
  8
-IDRICO-SANITARIO
  6
CONTINUOUS
 62
     4
 10
0.00483
 20
0.085136
 30
0.0
 11
0.002445
 21
0.115437
 31
0.0
 12
0.00483
 22
0.114864
 32
0.0
 13
0.00483
 23
0.114864
 33
0.0
  0
SOLID
  5
EFCD
  8
-IDRICO-SANITARIO
  6
CONTINUOUS
 62
     4
 10
0.00483
 20
0.085136
 30
0.0
 11
0.00483
 21
0.114864
 31
0.0
 12
0.007096
 22
0.086074
 32
0.0
 13
0.007096
 23
0.086074
 33
0.0
  0
SOLID
  5
EFCE
  8
-IDRICO-SANITARIO
  6
CONTINUOUS
 62
     4
 10
0.007096
 20
0.086074
 30
0.0
 11
0.00483
 21
0.114864
 31
0.0
 12
0.007096
 22
0.113926
 32
0.0
 13
0.007096
 23
0.113926
 33
0.0
  0
SOLID
  5
EFCF
  8
-IDRICO-SANITARIO
  6
CONTINUOUS
 62
     4
 10
0.007096
 20
0.086074
 30
0.0
 11
0.007096
 21
0.113926
 31
0.0
 12
0.009187
 22
0.087356
 32
0.0
 13
0.009187
 23
0.087356
 33
0.0
  0
SOLID
  5
EFD0
  8
-IDRICO-SANITARIO
  6
CONTINUOUS
 62
     4
 10
0.009187
 20
0.087356
 30
0.0
 11
0.007096
 21
0.113926
 31
0.0
 12
0.009187
 22
0.112644
 32
0.0
 13
0.009187
 23
0.112644
 33
0.0
  0
SOLID
  5
EFD1
  8
-IDRICO-SANITARIO
  6
CONTINUOUS
 62
     4
 10
0.009187
 20
0.087356
 30
0.0
 11
0.009187
 21
0.112644
 31
0.0
 12
0.011052
 22
0.088948
 32
0.0
 13
0.011052
 23
0.088948
 33
0.0
  0
SOLID
  5
EFD2
  8
-IDRICO-SANITARIO
  6
CONTINUOUS
 62
     4
 10
0.011052
 20
0.088948
 30
0.0
 11
0.009187
 21
0.112644
 31
0.0
 12
0.011052
 22
0.111052
 32
0.0
 13
0.011052
 23
0.111052
 33
0.0
  0
SOLID
  5
EFD3
  8
-IDRICO-SANITARIO
  6
CONTINUOUS
 62
     4
 10
0.011052
 20
0.088948
 30
0.0
 11
0.011052
 21
0.111052
 31
0.0
 12
0.012644
 22
0.090813
 32
0.0
 13
0.012644
 23
0.090813
 33
0.0
  0
SOLID
  5
EFD4
  8
-IDRICO-SANITARIO
  6
CONTINUOUS
 62
     4
 10
0.012644
 20
0.090813
 30
0.0
 11
0.011052
 21
0.111052
 31
0.0
 12
0.012644
 22
0.109187
 32
0.0
 13
0.012644
 23
0.109187
 33
0.0
  0
SOLID
  5
EFD5
  8
-IDRICO-SANITARIO
  6
CONTINUOUS
 62
     4
 10
0.012644
 20
0.090813
 30
0.0
 11
0.012644
 21
0.109187
 31
0.0
 12
0.013926
 22
0.092904
 32
0.0
 13
0.013926
 23
0.092904
 33
0.0
  0
SOLID
  5
EFD6
  8
-IDRICO-SANITARIO
  6
CONTINUOUS
 62
     4
 10
0.013926
 20
0.092904
 30
0.0
 11
0.012644
 21
0.109187
 31
0.0
 12
0.013926
 22
0.107096
 32
0.0
 13
0.013926
 23
0.107096
 33
0.0
  0
SOLID
  5
EFD7
  8
-IDRICO-SANITARIO
  6
CONTINUOUS
 62
     4
 10
0.013926
 20
0.092904
 30
0.0
 11
0.013926
 21
0.107096
 31
0.0
 12
0.014864
 22
0.09517
 32
0.0
 13
0.014864
 23
0.09517
 33
0.0
  0
SOLID
  5
EFD8
  8
-IDRICO-SANITARIO
  6
CONTINUOUS
 62
     4
 10
0.014864
 20
0.09517
 30
0.0
 11
0.013926
 21
0.107096
 31
0.0
 12
0.014864
 22
0.10483
 32
0.0
 13
0.014864
 23
0.10483
 33
0.0
  0
SOLID
  5
EFD9
  8
-IDRICO-SANITARIO
  6
CONTINUOUS
 62
     4
 10
0.014864
 20
0.09517
 30
0.0
 11
0.014864
 21
0.10483
 31
0.0
 12
0.015437
 22
0.097555
 32
0.0
 13
0.015437
 23
0.097555
 33
0.0
  0
SOLID
  5
EFDA
  8
-IDRICO-SANITARIO
  6
CONTINUOUS
 62
     4
 10
0.015437
 20
0.097555
 30
0.0
 11
0.014864
 21
0.10483
 31
0.0
 12
0.015437
 22
0.102445
 32
0.0
 13
0.015437
 23
0.102445
 33
0.0
  0
SOLID
  5
EFDB
  8
-IDRICO-SANITARIO
  6
CONTINUOUS
 62
     4
 10
0.015437
 20
0.097555
 30
0.0
 11
0.015437
 21
0.102445
 31
0.0
 12
0.015629
 22
0.1
 32
0.0
 13
0.015629
 23
0.1
 33
0.0
  0
ENDBLK
  5
F0DB
  8
0
  0
BLOCK
  8
0
  2
*U50
 70
     1
 10
0.0
 20
0.0
 30
0.0
  3
*U50
  1

  0
SOLID
  5
EFDD
  8
-IDRICO-SANITARIO
  6
CONTINUOUS
 62
     4
 10
-0.015437
 20
-0.002445
 30
0.0
 11
-0.015629
 21
0.0
 31
0.0
 12
-0.015437
 22
0.002445
 32
0.0
 13
-0.015437
 23
0.002445
 33
0.0
  0
SOLID
  5
EFDE
  8
-IDRICO-SANITARIO
  6
CONTINUOUS
 62
     4
 10
-0.015437
 20
-0.002445
 30
0.0
 11
-0.015437
 21
0.002445
 31
0.0
 12
-0.014864
 22
-0.00483
 32
0.0
 13
-0.014864
 23
-0.00483
 33
0.0
  0
SOLID
  5
EFDF
  8
-IDRICO-SANITARIO
  6
CONTINUOUS
 62
     4
 10
-0.014864
 20
-0.00483
 30
0.0
 11
-0.015437
 21
0.002445
 31
0.0
 12
-0.014864
 22
0.00483
 32
0.0
 13
-0.014864
 23
0.00483
 33
0.0
  0
SOLID
  5
EFE0
  8
-IDRICO-SANITARIO
  6
CONTINUOUS
 62
     4
 10
-0.014864
 20
-0.00483
 30
0.0
 11
-0.014864
 21
0.00483
 31
0.0
 12
-0.013926
 22
-0.007096
 32
0.0
 13
-0.013926
 23
-0.007096
 33
0.0
  0
SOLID
  5
EFE1
  8
-IDRICO-SANITARIO
  6
CONTINUOUS
 62
     4
 10
-0.013926
 20
-0.007096
 30
0.0
 11
-0.014864
 21
0.00483
 31
0.0
 12
-0.013926
 22
0.007096
 32
0.0
 13
-0.013926
 23
0.007096
 33
0.0
  0
SOLID
  5
EFE2
  8
-IDRICO-SANITARIO
  6
CONTINUOUS
 62
     4
 10
-0.013926
 20
-0.007096
 30
0.0
 11
-0.013926
 21
0.007096
 31
0.0
 12
-0.012644
 22
-0.009187
 32
0.0
 13
-0.012644
 23
-0.009187
 33
0.0
  0
SOLID
  5
EFE3
  8
-IDRICO-SANITARIO
  6
CONTINUOUS
 62
     4
 10
-0.012644
 20
-0.009187
 30
0.0
 11
-0.013926
 21
0.007096
 31
0.0
 12
-0.012644
 22
0.009187
 32
0.0
 13
-0.012644
 23
0.009187
 33
0.0
  0
SOLID
  5
EFE4
  8
-IDRICO-SANITARIO
  6
CONTINUOUS
 62
     4
 10
-0.012644
 20
-0.009187
 30
0.0
 11
-0.012644
 21
0.009187
 31
0.0
 12
-0.011052
 22
-0.011052
 32
0.0
 13
-0.011052
 23
-0.011052
 33
0.0
  0
SOLID
  5
EFE5
  8
-IDRICO-SANITARIO
  6
CONTINUOUS
 62
     4
 10
-0.011052
 20
-0.011052
 30
0.0
 11
-0.012644
 21
0.009187
 31
0.0
 12
-0.011052
 22
0.011052
 32
0.0
 13
-0.011052
 23
0.011052
 33
0.0
  0
SOLID
  5
EFE6
  8
-IDRICO-SANITARIO
  6
CONTINUOUS
 62
     4
 10
-0.011052
 20
-0.011052
 30
0.0
 11
-0.011052
 21
0.011052
 31
0.0
 12
-0.009187
 22
-0.012644
 32
0.0
 13
-0.009187
 23
-0.012644
 33
0.0
  0
SOLID
  5
EFE7
  8
-IDRICO-SANITARIO
  6
CONTINUOUS
 62
     4
 10
-0.009187
 20
-0.012644
 30
0.0
 11
-0.011052
 21
0.011052
 31
0.0
 12
-0.009187
 22
0.012644
 32
0.0
 13
-0.009187
 23
0.012644
 33
0.0
  0
SOLID
  5
EFE8
  8
-IDRICO-SANITARIO
  6
CONTINUOUS
 62
     4
 10
-0.009187
 20
-0.012644
 30
0.0
 11
-0.009187
 21
0.012644
 31
0.0
 12
-0.007096
 22
-0.013926
 32
0.0
 13
-0.007096
 23
-0.013926
 33
0.0
  0
SOLID
  5
EFE9
  8
-IDRICO-SANITARIO
  6
CONTINUOUS
 62
     4
 10
-0.007096
 20
-0.013926
 30
0.0
 11
-0.009187
 21
0.012644
 31
0.0
 12
-0.007096
 22
0.013926
 32
0.0
 13
-0.007096
 23
0.013926
 33
0.0
  0
SOLID
  5
EFEA
  8
-IDRICO-SANITARIO
  6
CONTINUOUS
 62
     4
 10
-0.007096
 20
-0.013926
 30
0.0
 11
-0.007096
 21
0.013926
 31
0.0
 12
-0.00483
 22
-0.014864
 32
0.0
 13
-0.00483
 23
-0.014864
 33
0.0
  0
SOLID
  5
EFEB
  8
-IDRICO-SANITARIO
  6
CONTINUOUS
 62
     4
 10
-0.00483
 20
-0.014864
 30
0.0
 11
-0.007096
 21
0.013926
 31
0.0
 12
-0.00483
 22
0.014864
 32
0.0
 13
-0.00483
 23
0.014864
 33
0.0
  0
SOLID
  5
EFEC
  8
-IDRICO-SANITARIO
  6
CONTINUOUS
 62
     4
 10
-0.00483
 20
-0.014864
 30
0.0
 11
-0.00483
 21
0.014864
 31
0.0
 12
-0.002445
 22
-0.015437
 32
0.0
 13
-0.002445
 23
-0.015437
 33
0.0
  0
SOLID
  5
EFED
  8
-IDRICO-SANITARIO
  6
CONTINUOUS
 62
     4
 10
-0.002445
 20
-0.015437
 30
0.0
 11
-0.00483
 21
0.014864
 31
0.0
 12
-0.002445
 22
0.015437
 32
0.0
 13
-0.002445
 23
0.015437
 33
0.0
  0
SOLID
  5
EFEE
  8
-IDRICO-SANITARIO
  6
CONTINUOUS
 62
     4
 10
-0.002445
 20
-0.015437
 30
0.0
 11
-0.002445
 21
0.015437
 31
0.0
 12
0.0
 22
-0.015629
 32
0.0
 13
0.0
 23
-0.015629
 33
0.0
  0
SOLID
  5
EFEF
  8
-IDRICO-SANITARIO
  6
CONTINUOUS
 62
     4
 10
0.0
 20
-0.015629
 30
0.0
 11
-0.002445
 21
0.015437
 31
0.0
 12
0.0
 22
0.015629
 32
0.0
 13
0.0
 23
0.015629
 33
0.0
  0
SOLID
  5
EFF0
  8
-IDRICO-SANITARIO
  6
CONTINUOUS
 62
     4
 10
0.0
 20
-0.015629
 30
0.0
 11
0.0
 21
0.015629
 31
0.0
 12
0.002445
 22
-0.015437
 32
0.0
 13
0.002445
 23
-0.015437
 33
0.0
  0
SOLID
  5
EFF1
  8
-IDRICO-SANITARIO
  6
CONTINUOUS
 62
     4
 10
0.002445
 20
-0.015437
 30
0.0
 11
0.0
 21
0.015629
 31
0.0
 12
0.002445
 22
0.015437
 32
0.0
 13
0.002445
 23
0.015437
 33
0.0
  0
SOLID
  5
EFF2
  8
-IDRICO-SANITARIO
  6
CONTINUOUS
 62
     4
 10
0.002445
 20
-0.015437
 30
0.0
 11
0.002445
 21
0.015437
 31
0.0
 12
0.00483
 22
-0.014864
 32
0.0
 13
0.00483
 23
-0.014864
 33
0.0
  0
SOLID
  5
EFF3
  8
-IDRICO-SANITARIO
  6
CONTINUOUS
 62
     4
 10
0.00483
 20
-0.014864
 30
0.0
 11
0.002445
 21
0.015437
 31
0.0
 12
0.00483
 22
0.014864
 32
0.0
 13
0.00483
 23
0.014864
 33
0.0
  0
SOLID
  5
EFF4
  8
-IDRICO-SANITARIO
  6
CONTINUOUS
 62
     4
 10
0.00483
 20
-0.014864
 30
0.0
 11
0.00483
 21
0.014864
 31
0.0
 12
0.007096
 22
-0.013926
 32
0.0
 13
0.007096
 23
-0.013926
 33
0.0
  0
SOLID
  5
EFF5
  8
-IDRICO-SANITARIO
  6
CONTINUOUS
 62
     4
 10
0.007096
 20
-0.013926
 30
0.0
 11
0.00483
 21
0.014864
 31
0.0
 12
0.007096
 22
0.013926
 32
0.0
 13
0.007096
 23
0.013926
 33
0.0
  0
SOLID
  5
EFF6
  8
-IDRICO-SANITARIO
  6
CONTINUOUS
 62
     4
 10
0.007096
 20
-0.013926
 30
0.0
 11
0.007096
 21
0.013926
 31
0.0
 12
0.009187
 22
-0.012644
 32
0.0
 13
0.009187
 23
-0.012644
 33
0.0
  0
SOLID
  5
EFF7
  8
-IDRICO-SANITARIO
  6
CONTINUOUS
 62
     4
 10
0.009187
 20
-0.012644
 30
0.0
 11
0.007096
 21
0.013926
 31
0.0
 12
0.009187
 22
0.012644
 32
0.0
 13
0.009187
 23
0.012644
 33
0.0
  0
SOLID
  5
EFF8
  8
-IDRICO-SANITARIO
  6
CONTINUOUS
 62
     4
 10
0.009187
 20
-0.012644
 30
0.0
 11
0.009187
 21
0.012644
 31
0.0
 12
0.011052
 22
-0.011052
 32
0.0
 13
0.011052
 23
-0.011052
 33
0.0
  0
SOLID
  5
EFF9
  8
-IDRICO-SANITARIO
  6
CONTINUOUS
 62
     4
 10
0.011052
 20
-0.011052
 30
0.0
 11
0.009187
 21
0.012644
 31
0.0
 12
0.011052
 22
0.011052
 32
0.0
 13
0.011052
 23
0.011052
 33
0.0
  0
SOLID
  5
EFFA
  8
-IDRICO-SANITARIO
  6
CONTINUOUS
 62
     4
 10
0.011052
 20
-0.011052
 30
0.0
 11
0.011052
 21
0.011052
 31
0.0
 12
0.012644
 22
-0.009187
 32
0.0
 13
0.012644
 23
-0.009187
 33
0.0
  0
SOLID
  5
EFFB
  8
-IDRICO-SANITARIO
  6
CONTINUOUS
 62
     4
 10
0.012644
 20
-0.009187
 30
0.0
 11
0.011052
 21
0.011052
 31
0.0
 12
0.012644
 22
0.009187
 32
0.0
 13
0.012644
 23
0.009187
 33
0.0
  0
SOLID
  5
EFFC
  8
-IDRICO-SANITARIO
  6
CONTINUOUS
 62
     4
 10
0.012644
 20
-0.009187
 30
0.0
 11
0.012644
 21
0.009187
 31
0.0
 12
0.013926
 22
-0.007096
 32
0.0
 13
0.013926
 23
-0.007096
 33
0.0
  0
SOLID
  5
EFFD
  8
-IDRICO-SANITARIO
  6
CONTINUOUS
 62
     4
 10
0.013926
 20
-0.007096
 30
0.0
 11
0.012644
 21
0.009187
 31
0.0
 12
0.013926
 22
0.007096
 32
0.0
 13
0.013926
 23
0.007096
 33
0.0
  0
SOLID
  5
EFFE
  8
-IDRICO-SANITARIO
  6
CONTINUOUS
 62
     4
 10
0.013926
 20
-0.007096
 30
0.0
 11
0.013926
 21
0.007096
 31
0.0
 12
0.014864
 22
-0.00483
 32
0.0
 13
0.014864
 23
-0.00483
 33
0.0
  0
SOLID
  5
EFFF
  8
-IDRICO-SANITARIO
  6
CONTINUOUS
 62
     4
 10
0.014864
 20
-0.00483
 30
0.0
 11
0.013926
 21
0.007096
 31
0.0
 12
0.014864
 22
0.00483
 32
0.0
 13
0.014864
 23
0.00483
 33
0.0
  0
SOLID
  5
F000
  8
-IDRICO-SANITARIO
  6
CONTINUOUS
 62
     4
 10
0.014864
 20
-0.00483
 30
0.0
 11
0.014864
 21
0.00483
 31
0.0
 12
0.015437
 22
-0.002445
 32
0.0
 13
0.015437
 23
-0.002445
 33
0.0
  0
SOLID
  5
F001
  8
-IDRICO-SANITARIO
  6
CONTINUOUS
 62
     4
 10
0.015437
 20
-0.002445
 30
0.0
 11
0.014864
 21
0.00483
 31
0.0
 12
0.015437
 22
0.002445
 32
0.0
 13
0.015437
 23
0.002445
 33
0.0
  0
SOLID
  5
F002
  8
-IDRICO-SANITARIO
  6
CONTINUOUS
 62
     4
 10
0.015437
 20
-0.002445
 30
0.0
 11
0.015437
 21
0.002445
 31
0.0
 12
0.015629
 22
0.0
 32
0.0
 13
0.015629
 23
0.0
 33
0.0
  0
ENDBLK
  5
F0DD
  8
0
  0
BLOCK
  8
0
  2
*U51
 70
     1
 10
0.0
 20
0.0
 30
0.0
  3
*U51
  1

  0
SOLID
  5
F004
  8
-IDRICO-SANITARIO
  6
CONTINUOUS
 62
     4
 10
-0.015437
 20
0.097555
 30
0.0
 11
-0.015629
 21
0.1
 31
0.0
 12
-0.015437
 22
0.102445
 32
0.0
 13
-0.015437
 23
0.102445
 33
0.0
  0
SOLID
  5
F005
  8
-IDRICO-SANITARIO
  6
CONTINUOUS
 62
     4
 10
-0.015437
 20
0.097555
 30
0.0
 11
-0.015437
 21
0.102445
 31
0.0
 12
-0.014864
 22
0.09517
 32
0.0
 13
-0.014864
 23
0.09517
 33
0.0
  0
SOLID
  5
F006
  8
-IDRICO-SANITARIO
  6
CONTINUOUS
 62
     4
 10
-0.014864
 20
0.09517
 30
0.0
 11
-0.015437
 21
0.102445
 31
0.0
 12
-0.014864
 22
0.10483
 32
0.0
 13
-0.014864
 23
0.10483
 33
0.0
  0
SOLID
  5
F007
  8
-IDRICO-SANITARIO
  6
CONTINUOUS
 62
     4
 10
-0.014864
 20
0.09517
 30
0.0
 11
-0.014864
 21
0.10483
 31
0.0
 12
-0.013926
 22
0.092904
 32
0.0
 13
-0.013926
 23
0.092904
 33
0.0
  0
SOLID
  5
F008
  8
-IDRICO-SANITARIO
  6
CONTINUOUS
 62
     4
 10
-0.013926
 20
0.092904
 30
0.0
 11
-0.014864
 21
0.10483
 31
0.0
 12
-0.013926
 22
0.107096
 32
0.0
 13
-0.013926
 23
0.107096
 33
0.0
  0
SOLID
  5
F009
  8
-IDRICO-SANITARIO
  6
CONTINUOUS
 62
     4
 10
-0.013926
 20
0.092904
 30
0.0
 11
-0.013926
 21
0.107096
 31
0.0
 12
-0.012644
 22
0.090813
 32
0.0
 13
-0.012644
 23
0.090813
 33
0.0
  0
SOLID
  5
F00A
  8
-IDRICO-SANITARIO
  6
CONTINUOUS
 62
     4
 10
-0.012644
 20
0.090813
 30
0.0
 11
-0.013926
 21
0.107096
 31
0.0
 12
-0.012644
 22
0.109187
 32
0.0
 13
-0.012644
 23
0.109187
 33
0.0
  0
SOLID
  5
F00B
  8
-IDRICO-SANITARIO
  6
CONTINUOUS
 62
     4
 10
-0.012644
 20
0.090813
 30
0.0
 11
-0.012644
 21
0.109187
 31
0.0
 12
-0.011052
 22
0.088948
 32
0.0
 13
-0.011052
 23
0.088948
 33
0.0
  0
SOLID
  5
F00C
  8
-IDRICO-SANITARIO
  6
CONTINUOUS
 62
     4
 10
-0.011052
 20
0.088948
 30
0.0
 11
-0.012644
 21
0.109187
 31
0.0
 12
-0.011052
 22
0.111052
 32
0.0
 13
-0.011052
 23
0.111052
 33
0.0
  0
SOLID
  5
F00D
  8
-IDRICO-SANITARIO
  6
CONTINUOUS
 62
     4
 10
-0.011052
 20
0.088948
 30
0.0
 11
-0.011052
 21
0.111052
 31
0.0
 12
-0.009187
 22
0.087356
 32
0.0
 13
-0.009187
 23
0.087356
 33
0.0
  0
SOLID
  5
F00E
  8
-IDRICO-SANITARIO
  6
CONTINUOUS
 62
     4
 10
-0.009187
 20
0.087356
 30
0.0
 11
-0.011052
 21
0.111052
 31
0.0
 12
-0.009187
 22
0.112644
 32
0.0
 13
-0.009187
 23
0.112644
 33
0.0
  0
SOLID
  5
F00F
  8
-IDRICO-SANITARIO
  6
CONTINUOUS
 62
     4
 10
-0.009187
 20
0.087356
 30
0.0
 11
-0.009187
 21
0.112644
 31
0.0
 12
-0.007096
 22
0.086074
 32
0.0
 13
-0.007096
 23
0.086074
 33
0.0
  0
SOLID
  5
F010
  8
-IDRICO-SANITARIO
  6
CONTINUOUS
 62
     4
 10
-0.007096
 20
0.086074
 30
0.0
 11
-0.009187
 21
0.112644
 31
0.0
 12
-0.007096
 22
0.113926
 32
0.0
 13
-0.007096
 23
0.113926
 33
0.0
  0
SOLID
  5
F011
  8
-IDRICO-SANITARIO
  6
CONTINUOUS
 62
     4
 10
-0.007096
 20
0.086074
 30
0.0
 11
-0.007096
 21
0.113926
 31
0.0
 12
-0.00483
 22
0.085136
 32
0.0
 13
-0.00483
 23
0.085136
 33
0.0
  0
SOLID
  5
F012
  8
-IDRICO-SANITARIO
  6
CONTINUOUS
 62
     4
 10
-0.00483
 20
0.085136
 30
0.0
 11
-0.007096
 21
0.113926
 31
0.0
 12
-0.00483
 22
0.114864
 32
0.0
 13
-0.00483
 23
0.114864
 33
0.0
  0
SOLID
  5
F013
  8
-IDRICO-SANITARIO
  6
CONTINUOUS
 62
     4
 10
-0.00483
 20
0.085136
 30
0.0
 11
-0.00483
 21
0.114864
 31
0.0
 12
-0.002445
 22
0.084563
 32
0.0
 13
-0.002445
 23
0.084563
 33
0.0
  0
SOLID
  5
F014
  8
-IDRICO-SANITARIO
  6
CONTINUOUS
 62
     4
 10
-0.002445
 20
0.084563
 30
0.0
 11
-0.00483
 21
0.114864
 31
0.0
 12
-0.002445
 22
0.115437
 32
0.0
 13
-0.002445
 23
0.115437
 33
0.0
  0
SOLID
  5
F015
  8
-IDRICO-SANITARIO
  6
CONTINUOUS
 62
     4
 10
-0.002445
 20
0.084563
 30
0.0
 11
-0.002445
 21
0.115437
 31
0.0
 12
0.0
 22
0.084371
 32
0.0
 13
0.0
 23
0.084371
 33
0.0
  0
SOLID
  5
F016
  8
-IDRICO-SANITARIO
  6
CONTINUOUS
 62
     4
 10
0.0
 20
0.084371
 30
0.0
 11
-0.002445
 21
0.115437
 31
0.0
 12
0.0
 22
0.115629
 32
0.0
 13
0.0
 23
0.115629
 33
0.0
  0
SOLID
  5
F017
  8
-IDRICO-SANITARIO
  6
CONTINUOUS
 62
     4
 10
0.0
 20
0.084371
 30
0.0
 11
0.0
 21
0.115629
 31
0.0
 12
0.002445
 22
0.084563
 32
0.0
 13
0.002445
 23
0.084563
 33
0.0
  0
SOLID
  5
F018
  8
-IDRICO-SANITARIO
  6
CONTINUOUS
 62
     4
 10
0.002445
 20
0.084563
 30
0.0
 11
0.0
 21
0.115629
 31
0.0
 12
0.002445
 22
0.115437
 32
0.0
 13
0.002445
 23
0.115437
 33
0.0
  0
SOLID
  5
F019
  8
-IDRICO-SANITARIO
  6
CONTINUOUS
 62
     4
 10
0.002445
 20
0.084563
 30
0.0
 11
0.002445
 21
0.115437
 31
0.0
 12
0.00483
 22
0.085136
 32
0.0
 13
0.00483
 23
0.085136
 33
0.0
  0
SOLID
  5
F01A
  8
-IDRICO-SANITARIO
  6
CONTINUOUS
 62
     4
 10
0.00483
 20
0.085136
 30
0.0
 11
0.002445
 21
0.115437
 31
0.0
 12
0.00483
 22
0.114864
 32
0.0
 13
0.00483
 23
0.114864
 33
0.0
  0
SOLID
  5
F01B
  8
-IDRICO-SANITARIO
  6
CONTINUOUS
 62
     4
 10
0.00483
 20
0.085136
 30
0.0
 11
0.00483
 21
0.114864
 31
0.0
 12
0.007096
 22
0.086074
 32
0.0
 13
0.007096
 23
0.086074
 33
0.0
  0
SOLID
  5
F01C
  8
-IDRICO-SANITARIO
  6
CONTINUOUS
 62
     4
 10
0.007096
 20
0.086074
 30
0.0
 11
0.00483
 21
0.114864
 31
0.0
 12
0.007096
 22
0.113926
 32
0.0
 13
0.007096
 23
0.113926
 33
0.0
  0
SOLID
  5
F01D
  8
-IDRICO-SANITARIO
  6
CONTINUOUS
 62
     4
 10
0.007096
 20
0.086074
 30
0.0
 11
0.007096
 21
0.113926
 31
0.0
 12
0.009187
 22
0.087356
 32
0.0
 13
0.009187
 23
0.087356
 33
0.0
  0
SOLID
  5
F01E
  8
-IDRICO-SANITARIO
  6
CONTINUOUS
 62
     4
 10
0.009187
 20
0.087356
 30
0.0
 11
0.007096
 21
0.113926
 31
0.0
 12
0.009187
 22
0.112644
 32
0.0
 13
0.009187
 23
0.112644
 33
0.0
  0
SOLID
  5
F01F
  8
-IDRICO-SANITARIO
  6
CONTINUOUS
 62
     4
 10
0.009187
 20
0.087356
 30
0.0
 11
0.009187
 21
0.112644
 31
0.0
 12
0.011052
 22
0.088948
 32
0.0
 13
0.011052
 23
0.088948
 33
0.0
  0
SOLID
  5
F020
  8
-IDRICO-SANITARIO
  6
CONTINUOUS
 62
     4
 10
0.011052
 20
0.088948
 30
0.0
 11
0.009187
 21
0.112644
 31
0.0
 12
0.011052
 22
0.111052
 32
0.0
 13
0.011052
 23
0.111052
 33
0.0
  0
SOLID
  5
F021
  8
-IDRICO-SANITARIO
  6
CONTINUOUS
 62
     4
 10
0.011052
 20
0.088948
 30
0.0
 11
0.011052
 21
0.111052
 31
0.0
 12
0.012644
 22
0.090813
 32
0.0
 13
0.012644
 23
0.090813
 33
0.0
  0
SOLID
  5
F022
  8
-IDRICO-SANITARIO
  6
CONTINUOUS
 62
     4
 10
0.012644
 20
0.090813
 30
0.0
 11
0.011052
 21
0.111052
 31
0.0
 12
0.012644
 22
0.109187
 32
0.0
 13
0.012644
 23
0.109187
 33
0.0
  0
SOLID
  5
F023
  8
-IDRICO-SANITARIO
  6
CONTINUOUS
 62
     4
 10
0.012644
 20
0.090813
 30
0.0
 11
0.012644
 21
0.109187
 31
0.0
 12
0.013926
 22
0.092904
 32
0.0
 13
0.013926
 23
0.092904
 33
0.0
  0
SOLID
  5
F024
  8
-IDRICO-SANITARIO
  6
CONTINUOUS
 62
     4
 10
0.013926
 20
0.092904
 30
0.0
 11
0.012644
 21
0.109187
 31
0.0
 12
0.013926
 22
0.107096
 32
0.0
 13
0.013926
 23
0.107096
 33
0.0
  0
SOLID
  5
F025
  8
-IDRICO-SANITARIO
  6
CONTINUOUS
 62
     4
 10
0.013926
 20
0.092904
 30
0.0
 11
0.013926
 21
0.107096
 31
0.0
 12
0.014864
 22
0.09517
 32
0.0
 13
0.014864
 23
0.09517
 33
0.0
  0
SOLID
  5
F026
  8
-IDRICO-SANITARIO
  6
CONTINUOUS
 62
     4
 10
0.014864
 20
0.09517
 30
0.0
 11
0.013926
 21
0.107096
 31
0.0
 12
0.014864
 22
0.10483
 32
0.0
 13
0.014864
 23
0.10483
 33
0.0
  0
SOLID
  5
F027
  8
-IDRICO-SANITARIO
  6
CONTINUOUS
 62
     4
 10
0.014864
 20
0.09517
 30
0.0
 11
0.014864
 21
0.10483
 31
0.0
 12
0.015437
 22
0.097555
 32
0.0
 13
0.015437
 23
0.097555
 33
0.0
  0
SOLID
  5
F028
  8
-IDRICO-SANITARIO
  6
CONTINUOUS
 62
     4
 10
0.015437
 20
0.097555
 30
0.0
 11
0.014864
 21
0.10483
 31
0.0
 12
0.015437
 22
0.102445
 32
0.0
 13
0.015437
 23
0.102445
 33
0.0
  0
SOLID
  5
F029
  8
-IDRICO-SANITARIO
  6
CONTINUOUS
 62
     4
 10
0.015437
 20
0.097555
 30
0.0
 11
0.015437
 21
0.102445
 31
0.0
 12
0.015629
 22
0.1
 32
0.0
 13
0.015629
 23
0.1
 33
0.0
  0
ENDBLK
  5
F0DF
  8
0
  0
BLOCK
  8
0
  2
*U52
 70
     1
 10
0.0
 20
0.0
 30
0.0
  3
*U52
  1

  0
SOLID
  5
F02B
  8
-IDRICO-SANITARIO
  6
CONTINUOUS
 62
     4
 10
-0.015437
 20
-0.002445
 30
0.0
 11
-0.015629
 21
0.0
 31
0.0
 12
-0.015437
 22
0.002445
 32
0.0
 13
-0.015437
 23
0.002445
 33
0.0
  0
SOLID
  5
F02C
  8
-IDRICO-SANITARIO
  6
CONTINUOUS
 62
     4
 10
-0.015437
 20
-0.002445
 30
0.0
 11
-0.015437
 21
0.002445
 31
0.0
 12
-0.014864
 22
-0.00483
 32
0.0
 13
-0.014864
 23
-0.00483
 33
0.0
  0
SOLID
  5
F02D
  8
-IDRICO-SANITARIO
  6
CONTINUOUS
 62
     4
 10
-0.014864
 20
-0.00483
 30
0.0
 11
-0.015437
 21
0.002445
 31
0.0
 12
-0.014864
 22
0.00483
 32
0.0
 13
-0.014864
 23
0.00483
 33
0.0
  0
SOLID
  5
F02E
  8
-IDRICO-SANITARIO
  6
CONTINUOUS
 62
     4
 10
-0.014864
 20
-0.00483
 30
0.0
 11
-0.014864
 21
0.00483
 31
0.0
 12
-0.013926
 22
-0.007096
 32
0.0
 13
-0.013926
 23
-0.007096
 33
0.0
  0
SOLID
  5
F02F
  8
-IDRICO-SANITARIO
  6
CONTINUOUS
 62
     4
 10
-0.013926
 20
-0.007096
 30
0.0
 11
-0.014864
 21
0.00483
 31
0.0
 12
-0.013926
 22
0.007096
 32
0.0
 13
-0.013926
 23
0.007096
 33
0.0
  0
SOLID
  5
F030
  8
-IDRICO-SANITARIO
  6
CONTINUOUS
 62
     4
 10
-0.013926
 20
-0.007096
 30
0.0
 11
-0.013926
 21
0.007096
 31
0.0
 12
-0.012644
 22
-0.009187
 32
0.0
 13
-0.012644
 23
-0.009187
 33
0.0
  0
SOLID
  5
F031
  8
-IDRICO-SANITARIO
  6
CONTINUOUS
 62
     4
 10
-0.012644
 20
-0.009187
 30
0.0
 11
-0.013926
 21
0.007096
 31
0.0
 12
-0.012644
 22
0.009187
 32
0.0
 13
-0.012644
 23
0.009187
 33
0.0
  0
SOLID
  5
F032
  8
-IDRICO-SANITARIO
  6
CONTINUOUS
 62
     4
 10
-0.012644
 20
-0.009187
 30
0.0
 11
-0.012644
 21
0.009187
 31
0.0
 12
-0.011052
 22
-0.011052
 32
0.0
 13
-0.011052
 23
-0.011052
 33
0.0
  0
SOLID
  5
F033
  8
-IDRICO-SANITARIO
  6
CONTINUOUS
 62
     4
 10
-0.011052
 20
-0.011052
 30
0.0
 11
-0.012644
 21
0.009187
 31
0.0
 12
-0.011052
 22
0.011052
 32
0.0
 13
-0.011052
 23
0.011052
 33
0.0
  0
SOLID
  5
F034
  8
-IDRICO-SANITARIO
  6
CONTINUOUS
 62
     4
 10
-0.011052
 20
-0.011052
 30
0.0
 11
-0.011052
 21
0.011052
 31
0.0
 12
-0.009187
 22
-0.012644
 32
0.0
 13
-0.009187
 23
-0.012644
 33
0.0
  0
SOLID
  5
F035
  8
-IDRICO-SANITARIO
  6
CONTINUOUS
 62
     4
 10
-0.009187
 20
-0.012644
 30
0.0
 11
-0.011052
 21
0.011052
 31
0.0
 12
-0.009187
 22
0.012644
 32
0.0
 13
-0.009187
 23
0.012644
 33
0.0
  0
SOLID
  5
F036
  8
-IDRICO-SANITARIO
  6
CONTINUOUS
 62
     4
 10
-0.009187
 20
-0.012644
 30
0.0
 11
-0.009187
 21
0.012644
 31
0.0
 12
-0.007096
 22
-0.013926
 32
0.0
 13
-0.007096
 23
-0.013926
 33
0.0
  0
SOLID
  5
F037
  8
-IDRICO-SANITARIO
  6
CONTINUOUS
 62
     4
 10
-0.007096
 20
-0.013926
 30
0.0
 11
-0.009187
 21
0.012644
 31
0.0
 12
-0.007096
 22
0.013926
 32
0.0
 13
-0.007096
 23
0.013926
 33
0.0
  0
SOLID
  5
F038
  8
-IDRICO-SANITARIO
  6
CONTINUOUS
 62
     4
 10
-0.007096
 20
-0.013926
 30
0.0
 11
-0.007096
 21
0.013926
 31
0.0
 12
-0.00483
 22
-0.014864
 32
0.0
 13
-0.00483
 23
-0.014864
 33
0.0
  0
SOLID
  5
F039
  8
-IDRICO-SANITARIO
  6
CONTINUOUS
 62
     4
 10
-0.00483
 20
-0.014864
 30
0.0
 11
-0.007096
 21
0.013926
 31
0.0
 12
-0.00483
 22
0.014864
 32
0.0
 13
-0.00483
 23
0.014864
 33
0.0
  0
SOLID
  5
F03A
  8
-IDRICO-SANITARIO
  6
CONTINUOUS
 62
     4
 10
-0.00483
 20
-0.014864
 30
0.0
 11
-0.00483
 21
0.014864
 31
0.0
 12
-0.002445
 22
-0.015437
 32
0.0
 13
-0.002445
 23
-0.015437
 33
0.0
  0
SOLID
  5
F03B
  8
-IDRICO-SANITARIO
  6
CONTINUOUS
 62
     4
 10
-0.002445
 20
-0.015437
 30
0.0
 11
-0.00483
 21
0.014864
 31
0.0
 12
-0.002445
 22
0.015437
 32
0.0
 13
-0.002445
 23
0.015437
 33
0.0
  0
SOLID
  5
F03C
  8
-IDRICO-SANITARIO
  6
CONTINUOUS
 62
     4
 10
-0.002445
 20
-0.015437
 30
0.0
 11
-0.002445
 21
0.015437
 31
0.0
 12
0.0
 22
-0.015629
 32
0.0
 13
0.0
 23
-0.015629
 33
0.0
  0
SOLID
  5
F03D
  8
-IDRICO-SANITARIO
  6
CONTINUOUS
 62
     4
 10
0.0
 20
-0.015629
 30
0.0
 11
-0.002445
 21
0.015437
 31
0.0
 12
0.0
 22
0.015629
 32
0.0
 13
0.0
 23
0.015629
 33
0.0
  0
SOLID
  5
F03E
  8
-IDRICO-SANITARIO
  6
CONTINUOUS
 62
     4
 10
0.0
 20
-0.015629
 30
0.0
 11
0.0
 21
0.015629
 31
0.0
 12
0.002445
 22
-0.015437
 32
0.0
 13
0.002445
 23
-0.015437
 33
0.0
  0
SOLID
  5
F03F
  8
-IDRICO-SANITARIO
  6
CONTINUOUS
 62
     4
 10
0.002445
 20
-0.015437
 30
0.0
 11
0.0
 21
0.015629
 31
0.0
 12
0.002445
 22
0.015437
 32
0.0
 13
0.002445
 23
0.015437
 33
0.0
  0
SOLID
  5
F040
  8
-IDRICO-SANITARIO
  6
CONTINUOUS
 62
     4
 10
0.002445
 20
-0.015437
 30
0.0
 11
0.002445
 21
0.015437
 31
0.0
 12
0.00483
 22
-0.014864
 32
0.0
 13
0.00483
 23
-0.014864
 33
0.0
  0
SOLID
  5
F041
  8
-IDRICO-SANITARIO
  6
CONTINUOUS
 62
     4
 10
0.00483
 20
-0.014864
 30
0.0
 11
0.002445
 21
0.015437
 31
0.0
 12
0.00483
 22
0.014864
 32
0.0
 13
0.00483
 23
0.014864
 33
0.0
  0
SOLID
  5
F042
  8
-IDRICO-SANITARIO
  6
CONTINUOUS
 62
     4
 10
0.00483
 20
-0.014864
 30
0.0
 11
0.00483
 21
0.014864
 31
0.0
 12
0.007096
 22
-0.013926
 32
0.0
 13
0.007096
 23
-0.013926
 33
0.0
  0
SOLID
  5
F043
  8
-IDRICO-SANITARIO
  6
CONTINUOUS
 62
     4
 10
0.007096
 20
-0.013926
 30
0.0
 11
0.00483
 21
0.014864
 31
0.0
 12
0.007096
 22
0.013926
 32
0.0
 13
0.007096
 23
0.013926
 33
0.0
  0
SOLID
  5
F044
  8
-IDRICO-SANITARIO
  6
CONTINUOUS
 62
     4
 10
0.007096
 20
-0.013926
 30
0.0
 11
0.007096
 21
0.013926
 31
0.0
 12
0.009187
 22
-0.012644
 32
0.0
 13
0.009187
 23
-0.012644
 33
0.0
  0
SOLID
  5
F045
  8
-IDRICO-SANITARIO
  6
CONTINUOUS
 62
     4
 10
0.009187
 20
-0.012644
 30
0.0
 11
0.007096
 21
0.013926
 31
0.0
 12
0.009187
 22
0.012644
 32
0.0
 13
0.009187
 23
0.012644
 33
0.0
  0
SOLID
  5
F046
  8
-IDRICO-SANITARIO
  6
CONTINUOUS
 62
     4
 10
0.009187
 20
-0.012644
 30
0.0
 11
0.009187
 21
0.012644
 31
0.0
 12
0.011052
 22
-0.011052
 32
0.0
 13
0.011052
 23
-0.011052
 33
0.0
  0
SOLID
  5
F047
  8
-IDRICO-SANITARIO
  6
CONTINUOUS
 62
     4
 10
0.011052
 20
-0.011052
 30
0.0
 11
0.009187
 21
0.012644
 31
0.0
 12
0.011052
 22
0.011052
 32
0.0
 13
0.011052
 23
0.011052
 33
0.0
  0
SOLID
  5
F048
  8
-IDRICO-SANITARIO
  6
CONTINUOUS
 62
     4
 10
0.011052
 20
-0.011052
 30
0.0
 11
0.011052
 21
0.011052
 31
0.0
 12
0.012644
 22
-0.009187
 32
0.0
 13
0.012644
 23
-0.009187
 33
0.0
  0
SOLID
  5
F049
  8
-IDRICO-SANITARIO
  6
CONTINUOUS
 62
     4
 10
0.012644
 20
-0.009187
 30
0.0
 11
0.011052
 21
0.011052
 31
0.0
 12
0.012644
 22
0.009187
 32
0.0
 13
0.012644
 23
0.009187
 33
0.0
  0
SOLID
  5
F04A
  8
-IDRICO-SANITARIO
  6
CONTINUOUS
 62
     4
 10
0.012644
 20
-0.009187
 30
0.0
 11
0.012644
 21
0.009187
 31
0.0
 12
0.013926
 22
-0.007096
 32
0.0
 13
0.013926
 23
-0.007096
 33
0.0
  0
SOLID
  5
F04B
  8
-IDRICO-SANITARIO
  6
CONTINUOUS
 62
     4
 10
0.013926
 20
-0.007096
 30
0.0
 11
0.012644
 21
0.009187
 31
0.0
 12
0.013926
 22
0.007096
 32
0.0
 13
0.013926
 23
0.007096
 33
0.0
  0
SOLID
  5
F04C
  8
-IDRICO-SANITARIO
  6
CONTINUOUS
 62
     4
 10
0.013926
 20
-0.007096
 30
0.0
 11
0.013926
 21
0.007096
 31
0.0
 12
0.014864
 22
-0.00483
 32
0.0
 13
0.014864
 23
-0.00483
 33
0.0
  0
SOLID
  5
F04D
  8
-IDRICO-SANITARIO
  6
CONTINUOUS
 62
     4
 10
0.014864
 20
-0.00483
 30
0.0
 11
0.013926
 21
0.007096
 31
0.0
 12
0.014864
 22
0.00483
 32
0.0
 13
0.014864
 23
0.00483
 33
0.0
  0
SOLID
  5
F04E
  8
-IDRICO-SANITARIO
  6
CONTINUOUS
 62
     4
 10
0.014864
 20
-0.00483
 30
0.0
 11
0.014864
 21
0.00483
 31
0.0
 12
0.015437
 22
-0.002445
 32
0.0
 13
0.015437
 23
-0.002445
 33
0.0
  0
SOLID
  5
F04F
  8
-IDRICO-SANITARIO
  6
CONTINUOUS
 62
     4
 10
0.015437
 20
-0.002445
 30
0.0
 11
0.014864
 21
0.00483
 31
0.0
 12
0.015437
 22
0.002445
 32
0.0
 13
0.015437
 23
0.002445
 33
0.0
  0
SOLID
  5
F050
  8
-IDRICO-SANITARIO
  6
CONTINUOUS
 62
     4
 10
0.015437
 20
-0.002445
 30
0.0
 11
0.015437
 21
0.002445
 31
0.0
 12
0.015629
 22
0.0
 32
0.0
 13
0.015629
 23
0.0
 33
0.0
  0
ENDBLK
  5
F0E1
  8
0
  0
BLOCK
  8
0
  2
*U53
 70
     1
 10
0.0
 20
0.0
 30
0.0
  3
*U53
  1

  0
SOLID
  5
F052
  8
-IDRICO-SANITARIO
  6
CONTINUOUS
 62
     4
 10
-0.015437
 20
-0.002445
 30
0.0
 11
-0.015629
 21
0.0
 31
0.0
 12
-0.015437
 22
0.002445
 32
0.0
 13
-0.015437
 23
0.002445
 33
0.0
  0
SOLID
  5
F053
  8
-IDRICO-SANITARIO
  6
CONTINUOUS
 62
     4
 10
-0.015437
 20
-0.002445
 30
0.0
 11
-0.015437
 21
0.002445
 31
0.0
 12
-0.014864
 22
-0.00483
 32
0.0
 13
-0.014864
 23
-0.00483
 33
0.0
  0
SOLID
  5
F054
  8
-IDRICO-SANITARIO
  6
CONTINUOUS
 62
     4
 10
-0.014864
 20
-0.00483
 30
0.0
 11
-0.015437
 21
0.002445
 31
0.0
 12
-0.014864
 22
0.00483
 32
0.0
 13
-0.014864
 23
0.00483
 33
0.0
  0
SOLID
  5
F055
  8
-IDRICO-SANITARIO
  6
CONTINUOUS
 62
     4
 10
-0.014864
 20
-0.00483
 30
0.0
 11
-0.014864
 21
0.00483
 31
0.0
 12
-0.013926
 22
-0.007096
 32
0.0
 13
-0.013926
 23
-0.007096
 33
0.0
  0
SOLID
  5
F056
  8
-IDRICO-SANITARIO
  6
CONTINUOUS
 62
     4
 10
-0.013926
 20
-0.007096
 30
0.0
 11
-0.014864
 21
0.00483
 31
0.0
 12
-0.013926
 22
0.007096
 32
0.0
 13
-0.013926
 23
0.007096
 33
0.0
  0
SOLID
  5
F057
  8
-IDRICO-SANITARIO
  6
CONTINUOUS
 62
     4
 10
-0.013926
 20
-0.007096
 30
0.0
 11
-0.013926
 21
0.007096
 31
0.0
 12
-0.012644
 22
-0.009187
 32
0.0
 13
-0.012644
 23
-0.009187
 33
0.0
  0
SOLID
  5
F058
  8
-IDRICO-SANITARIO
  6
CONTINUOUS
 62
     4
 10
-0.012644
 20
-0.009187
 30
0.0
 11
-0.013926
 21
0.007096
 31
0.0
 12
-0.012644
 22
0.009187
 32
0.0
 13
-0.012644
 23
0.009187
 33
0.0
  0
SOLID
  5
F059
  8
-IDRICO-SANITARIO
  6
CONTINUOUS
 62
     4
 10
-0.012644
 20
-0.009187
 30
0.0
 11
-0.012644
 21
0.009187
 31
0.0
 12
-0.011052
 22
-0.011052
 32
0.0
 13
-0.011052
 23
-0.011052
 33
0.0
  0
SOLID
  5
F05A
  8
-IDRICO-SANITARIO
  6
CONTINUOUS
 62
     4
 10
-0.011052
 20
-0.011052
 30
0.0
 11
-0.012644
 21
0.009187
 31
0.0
 12
-0.011052
 22
0.011052
 32
0.0
 13
-0.011052
 23
0.011052
 33
0.0
  0
SOLID
  5
F05B
  8
-IDRICO-SANITARIO
  6
CONTINUOUS
 62
     4
 10
-0.011052
 20
-0.011052
 30
0.0
 11
-0.011052
 21
0.011052
 31
0.0
 12
-0.009187
 22
-0.012644
 32
0.0
 13
-0.009187
 23
-0.012644
 33
0.0
  0
SOLID
  5
F05C
  8
-IDRICO-SANITARIO
  6
CONTINUOUS
 62
     4
 10
-0.009187
 20
-0.012644
 30
0.0
 11
-0.011052
 21
0.011052
 31
0.0
 12
-0.009187
 22
0.012644
 32
0.0
 13
-0.009187
 23
0.012644
 33
0.0
  0
SOLID
  5
F05D
  8
-IDRICO-SANITARIO
  6
CONTINUOUS
 62
     4
 10
-0.009187
 20
-0.012644
 30
0.0
 11
-0.009187
 21
0.012644
 31
0.0
 12
-0.007096
 22
-0.013926
 32
0.0
 13
-0.007096
 23
-0.013926
 33
0.0
  0
SOLID
  5
F05E
  8
-IDRICO-SANITARIO
  6
CONTINUOUS
 62
     4
 10
-0.007096
 20
-0.013926
 30
0.0
 11
-0.009187
 21
0.012644
 31
0.0
 12
-0.007096
 22
0.013926
 32
0.0
 13
-0.007096
 23
0.013926
 33
0.0
  0
SOLID
  5
F05F
  8
-IDRICO-SANITARIO
  6
CONTINUOUS
 62
     4
 10
-0.007096
 20
-0.013926
 30
0.0
 11
-0.007096
 21
0.013926
 31
0.0
 12
-0.00483
 22
-0.014864
 32
0.0
 13
-0.00483
 23
-0.014864
 33
0.0
  0
SOLID
  5
F060
  8
-IDRICO-SANITARIO
  6
CONTINUOUS
 62
     4
 10
-0.00483
 20
-0.014864
 30
0.0
 11
-0.007096
 21
0.013926
 31
0.0
 12
-0.00483
 22
0.014864
 32
0.0
 13
-0.00483
 23
0.014864
 33
0.0
  0
SOLID
  5
F061
  8
-IDRICO-SANITARIO
  6
CONTINUOUS
 62
     4
 10
-0.00483
 20
-0.014864
 30
0.0
 11
-0.00483
 21
0.014864
 31
0.0
 12
-0.002445
 22
-0.015437
 32
0.0
 13
-0.002445
 23
-0.015437
 33
0.0
  0
SOLID
  5
F062
  8
-IDRICO-SANITARIO
  6
CONTINUOUS
 62
     4
 10
-0.002445
 20
-0.015437
 30
0.0
 11
-0.00483
 21
0.014864
 31
0.0
 12
-0.002445
 22
0.015437
 32
0.0
 13
-0.002445
 23
0.015437
 33
0.0
  0
SOLID
  5
F063
  8
-IDRICO-SANITARIO
  6
CONTINUOUS
 62
     4
 10
-0.002445
 20
-0.015437
 30
0.0
 11
-0.002445
 21
0.015437
 31
0.0
 12
0.0
 22
-0.015629
 32
0.0
 13
0.0
 23
-0.015629
 33
0.0
  0
SOLID
  5
F064
  8
-IDRICO-SANITARIO
  6
CONTINUOUS
 62
     4
 10
0.0
 20
-0.015629
 30
0.0
 11
-0.002445
 21
0.015437
 31
0.0
 12
0.0
 22
0.015629
 32
0.0
 13
0.0
 23
0.015629
 33
0.0
  0
SOLID
  5
F065
  8
-IDRICO-SANITARIO
  6
CONTINUOUS
 62
     4
 10
0.0
 20
-0.015629
 30
0.0
 11
0.0
 21
0.015629
 31
0.0
 12
0.002445
 22
-0.015437
 32
0.0
 13
0.002445
 23
-0.015437
 33
0.0
  0
SOLID
  5
F066
  8
-IDRICO-SANITARIO
  6
CONTINUOUS
 62
     4
 10
0.002445
 20
-0.015437
 30
0.0
 11
0.0
 21
0.015629
 31
0.0
 12
0.002445
 22
0.015437
 32
0.0
 13
0.002445
 23
0.015437
 33
0.0
  0
SOLID
  5
F067
  8
-IDRICO-SANITARIO
  6
CONTINUOUS
 62
     4
 10
0.002445
 20
-0.015437
 30
0.0
 11
0.002445
 21
0.015437
 31
0.0
 12
0.00483
 22
-0.014864
 32
0.0
 13
0.00483
 23
-0.014864
 33
0.0
  0
SOLID
  5
F068
  8
-IDRICO-SANITARIO
  6
CONTINUOUS
 62
     4
 10
0.00483
 20
-0.014864
 30
0.0
 11
0.002445
 21
0.015437
 31
0.0
 12
0.00483
 22
0.014864
 32
0.0
 13
0.00483
 23
0.014864
 33
0.0
  0
SOLID
  5
F069
  8
-IDRICO-SANITARIO
  6
CONTINUOUS
 62
     4
 10
0.00483
 20
-0.014864
 30
0.0
 11
0.00483
 21
0.014864
 31
0.0
 12
0.007096
 22
-0.013926
 32
0.0
 13
0.007096
 23
-0.013926
 33
0.0
  0
SOLID
  5
F06A
  8
-IDRICO-SANITARIO
  6
CONTINUOUS
 62
     4
 10
0.007096
 20
-0.013926
 30
0.0
 11
0.00483
 21
0.014864
 31
0.0
 12
0.007096
 22
0.013926
 32
0.0
 13
0.007096
 23
0.013926
 33
0.0
  0
SOLID
  5
F06B
  8
-IDRICO-SANITARIO
  6
CONTINUOUS
 62
     4
 10
0.007096
 20
-0.013926
 30
0.0
 11
0.007096
 21
0.013926
 31
0.0
 12
0.009187
 22
-0.012644
 32
0.0
 13
0.009187
 23
-0.012644
 33
0.0
  0
SOLID
  5
F06C
  8
-IDRICO-SANITARIO
  6
CONTINUOUS
 62
     4
 10
0.009187
 20
-0.012644
 30
0.0
 11
0.007096
 21
0.013926
 31
0.0
 12
0.009187
 22
0.012644
 32
0.0
 13
0.009187
 23
0.012644
 33
0.0
  0
SOLID
  5
F06D
  8
-IDRICO-SANITARIO
  6
CONTINUOUS
 62
     4
 10
0.009187
 20
-0.012644
 30
0.0
 11
0.009187
 21
0.012644
 31
0.0
 12
0.011052
 22
-0.011052
 32
0.0
 13
0.011052
 23
-0.011052
 33
0.0
  0
SOLID
  5
F06E
  8
-IDRICO-SANITARIO
  6
CONTINUOUS
 62
     4
 10
0.011052
 20
-0.011052
 30
0.0
 11
0.009187
 21
0.012644
 31
0.0
 12
0.011052
 22
0.011052
 32
0.0
 13
0.011052
 23
0.011052
 33
0.0
  0
SOLID
  5
F06F
  8
-IDRICO-SANITARIO
  6
CONTINUOUS
 62
     4
 10
0.011052
 20
-0.011052
 30
0.0
 11
0.011052
 21
0.011052
 31
0.0
 12
0.012644
 22
-0.009187
 32
0.0
 13
0.012644
 23
-0.009187
 33
0.0
  0
SOLID
  5
F070
  8
-IDRICO-SANITARIO
  6
CONTINUOUS
 62
     4
 10
0.012644
 20
-0.009187
 30
0.0
 11
0.011052
 21
0.011052
 31
0.0
 12
0.012644
 22
0.009187
 32
0.0
 13
0.012644
 23
0.009187
 33
0.0
  0
SOLID
  5
F071
  8
-IDRICO-SANITARIO
  6
CONTINUOUS
 62
     4
 10
0.012644
 20
-0.009187
 30
0.0
 11
0.012644
 21
0.009187
 31
0.0
 12
0.013926
 22
-0.007096
 32
0.0
 13
0.013926
 23
-0.007096
 33
0.0
  0
SOLID
  5
F072
  8
-IDRICO-SANITARIO
  6
CONTINUOUS
 62
     4
 10
0.013926
 20
-0.007096
 30
0.0
 11
0.012644
 21
0.009187
 31
0.0
 12
0.013926
 22
0.007096
 32
0.0
 13
0.013926
 23
0.007096
 33
0.0
  0
SOLID
  5
F073
  8
-IDRICO-SANITARIO
  6
CONTINUOUS
 62
     4
 10
0.013926
 20
-0.007096
 30
0.0
 11
0.013926
 21
0.007096
 31
0.0
 12
0.014864
 22
-0.00483
 32
0.0
 13
0.014864
 23
-0.00483
 33
0.0
  0
SOLID
  5
F074
  8
-IDRICO-SANITARIO
  6
CONTINUOUS
 62
     4
 10
0.014864
 20
-0.00483
 30
0.0
 11
0.013926
 21
0.007096
 31
0.0
 12
0.014864
 22
0.00483
 32
0.0
 13
0.014864
 23
0.00483
 33
0.0
  0
SOLID
  5
F075
  8
-IDRICO-SANITARIO
  6
CONTINUOUS
 62
     4
 10
0.014864
 20
-0.00483
 30
0.0
 11
0.014864
 21
0.00483
 31
0.0
 12
0.015437
 22
-0.002445
 32
0.0
 13
0.015437
 23
-0.002445
 33
0.0
  0
SOLID
  5
F076
  8
-IDRICO-SANITARIO
  6
CONTINUOUS
 62
     4
 10
0.015437
 20
-0.002445
 30
0.0
 11
0.014864
 21
0.00483
 31
0.0
 12
0.015437
 22
0.002445
 32
0.0
 13
0.015437
 23
0.002445
 33
0.0
  0
SOLID
  5
F077
  8
-IDRICO-SANITARIO
  6
CONTINUOUS
 62
     4
 10
0.015437
 20
-0.002445
 30
0.0
 11
0.015437
 21
0.002445
 31
0.0
 12
0.015629
 22
0.0
 32
0.0
 13
0.015629
 23
0.0
 33
0.0
  0
ENDBLK
  5
F0E3
  8
0
  0
BLOCK
  8
0
  2
*U54
 70
     1
 10
0.0
 20
0.0
 30
0.0
  3
*U54
  1

  0
SOLID
  5
F079
  8
-IDRICO-SANITARIO
  6
CONTINUOUS
 62
     4
 10
-0.015437
 20
-0.102445
 30
0.0
 11
-0.015629
 21
-0.1
 31
0.0
 12
-0.015437
 22
-0.097555
 32
0.0
 13
-0.015437
 23
-0.097555
 33
0.0
  0
SOLID
  5
F07A
  8
-IDRICO-SANITARIO
  6
CONTINUOUS
 62
     4
 10
-0.015437
 20
-0.102445
 30
0.0
 11
-0.015437
 21
-0.097555
 31
0.0
 12
-0.014864
 22
-0.10483
 32
0.0
 13
-0.014864
 23
-0.10483
 33
0.0
  0
SOLID
  5
F07B
  8
-IDRICO-SANITARIO
  6
CONTINUOUS
 62
     4
 10
-0.014864
 20
-0.10483
 30
0.0
 11
-0.015437
 21
-0.097555
 31
0.0
 12
-0.014864
 22
-0.09517
 32
0.0
 13
-0.014864
 23
-0.09517
 33
0.0
  0
SOLID
  5
F07C
  8
-IDRICO-SANITARIO
  6
CONTINUOUS
 62
     4
 10
-0.014864
 20
-0.10483
 30
0.0
 11
-0.014864
 21
-0.09517
 31
0.0
 12
-0.013926
 22
-0.107096
 32
0.0
 13
-0.013926
 23
-0.107096
 33
0.0
  0
SOLID
  5
F07D
  8
-IDRICO-SANITARIO
  6
CONTINUOUS
 62
     4
 10
-0.013926
 20
-0.107096
 30
0.0
 11
-0.014864
 21
-0.09517
 31
0.0
 12
-0.013926
 22
-0.092904
 32
0.0
 13
-0.013926
 23
-0.092904
 33
0.0
  0
SOLID
  5
F07E
  8
-IDRICO-SANITARIO
  6
CONTINUOUS
 62
     4
 10
-0.013926
 20
-0.107096
 30
0.0
 11
-0.013926
 21
-0.092904
 31
0.0
 12
-0.012644
 22
-0.109187
 32
0.0
 13
-0.012644
 23
-0.109187
 33
0.0
  0
SOLID
  5
F07F
  8
-IDRICO-SANITARIO
  6
CONTINUOUS
 62
     4
 10
-0.012644
 20
-0.109187
 30
0.0
 11
-0.013926
 21
-0.092904
 31
0.0
 12
-0.012644
 22
-0.090813
 32
0.0
 13
-0.012644
 23
-0.090813
 33
0.0
  0
SOLID
  5
F080
  8
-IDRICO-SANITARIO
  6
CONTINUOUS
 62
     4
 10
-0.012644
 20
-0.109187
 30
0.0
 11
-0.012644
 21
-0.090813
 31
0.0
 12
-0.011052
 22
-0.111052
 32
0.0
 13
-0.011052
 23
-0.111052
 33
0.0
  0
SOLID
  5
F081
  8
-IDRICO-SANITARIO
  6
CONTINUOUS
 62
     4
 10
-0.011052
 20
-0.111052
 30
0.0
 11
-0.012644
 21
-0.090813
 31
0.0
 12
-0.011052
 22
-0.088948
 32
0.0
 13
-0.011052
 23
-0.088948
 33
0.0
  0
SOLID
  5
F082
  8
-IDRICO-SANITARIO
  6
CONTINUOUS
 62
     4
 10
-0.011052
 20
-0.111052
 30
0.0
 11
-0.011052
 21
-0.088948
 31
0.0
 12
-0.009187
 22
-0.112644
 32
0.0
 13
-0.009187
 23
-0.112644
 33
0.0
  0
SOLID
  5
F083
  8
-IDRICO-SANITARIO
  6
CONTINUOUS
 62
     4
 10
-0.009187
 20
-0.112644
 30
0.0
 11
-0.011052
 21
-0.088948
 31
0.0
 12
-0.009187
 22
-0.087356
 32
0.0
 13
-0.009187
 23
-0.087356
 33
0.0
  0
SOLID
  5
F084
  8
-IDRICO-SANITARIO
  6
CONTINUOUS
 62
     4
 10
-0.009187
 20
-0.112644
 30
0.0
 11
-0.009187
 21
-0.087356
 31
0.0
 12
-0.007096
 22
-0.113926
 32
0.0
 13
-0.007096
 23
-0.113926
 33
0.0
  0
SOLID
  5
F085
  8
-IDRICO-SANITARIO
  6
CONTINUOUS
 62
     4
 10
-0.007096
 20
-0.113926
 30
0.0
 11
-0.009187
 21
-0.087356
 31
0.0
 12
-0.007096
 22
-0.086074
 32
0.0
 13
-0.007096
 23
-0.086074
 33
0.0
  0
SOLID
  5
F086
  8
-IDRICO-SANITARIO
  6
CONTINUOUS
 62
     4
 10
-0.007096
 20
-0.113926
 30
0.0
 11
-0.007096
 21
-0.086074
 31
0.0
 12
-0.00483
 22
-0.114864
 32
0.0
 13
-0.00483
 23
-0.114864
 33
0.0
  0
SOLID
  5
F087
  8
-IDRICO-SANITARIO
  6
CONTINUOUS
 62
     4
 10
-0.00483
 20
-0.114864
 30
0.0
 11
-0.007096
 21
-0.086074
 31
0.0
 12
-0.00483
 22
-0.085136
 32
0.0
 13
-0.00483
 23
-0.085136
 33
0.0
  0
SOLID
  5
F088
  8
-IDRICO-SANITARIO
  6
CONTINUOUS
 62
     4
 10
-0.00483
 20
-0.114864
 30
0.0
 11
-0.00483
 21
-0.085136
 31
0.0
 12
-0.002445
 22
-0.115437
 32
0.0
 13
-0.002445
 23
-0.115437
 33
0.0
  0
SOLID
  5
F089
  8
-IDRICO-SANITARIO
  6
CONTINUOUS
 62
     4
 10
-0.002445
 20
-0.115437
 30
0.0
 11
-0.00483
 21
-0.085136
 31
0.0
 12
-0.002445
 22
-0.084563
 32
0.0
 13
-0.002445
 23
-0.084563
 33
0.0
  0
SOLID
  5
F08A
  8
-IDRICO-SANITARIO
  6
CONTINUOUS
 62
     4
 10
-0.002445
 20
-0.115437
 30
0.0
 11
-0.002445
 21
-0.084563
 31
0.0
 12
0.0
 22
-0.115629
 32
0.0
 13
0.0
 23
-0.115629
 33
0.0
  0
SOLID
  5
F08B
  8
-IDRICO-SANITARIO
  6
CONTINUOUS
 62
     4
 10
0.0
 20
-0.115629
 30
0.0
 11
-0.002445
 21
-0.084563
 31
0.0
 12
0.0
 22
-0.084371
 32
0.0
 13
0.0
 23
-0.084371
 33
0.0
  0
SOLID
  5
F08C
  8
-IDRICO-SANITARIO
  6
CONTINUOUS
 62
     4
 10
0.0
 20
-0.115629
 30
0.0
 11
0.0
 21
-0.084371
 31
0.0
 12
0.002445
 22
-0.115437
 32
0.0
 13
0.002445
 23
-0.115437
 33
0.0
  0
SOLID
  5
F08D
  8
-IDRICO-SANITARIO
  6
CONTINUOUS
 62
     4
 10
0.002445
 20
-0.115437
 30
0.0
 11
0.0
 21
-0.084371
 31
0.0
 12
0.002445
 22
-0.084563
 32
0.0
 13
0.002445
 23
-0.084563
 33
0.0
  0
SOLID
  5
F08E
  8
-IDRICO-SANITARIO
  6
CONTINUOUS
 62
     4
 10
0.002445
 20
-0.115437
 30
0.0
 11
0.002445
 21
-0.084563
 31
0.0
 12
0.00483
 22
-0.114864
 32
0.0
 13
0.00483
 23
-0.114864
 33
0.0
  0
SOLID
  5
F08F
  8
-IDRICO-SANITARIO
  6
CONTINUOUS
 62
     4
 10
0.00483
 20
-0.114864
 30
0.0
 11
0.002445
 21
-0.084563
 31
0.0
 12
0.00483
 22
-0.085136
 32
0.0
 13
0.00483
 23
-0.085136
 33
0.0
  0
SOLID
  5
F090
  8
-IDRICO-SANITARIO
  6
CONTINUOUS
 62
     4
 10
0.00483
 20
-0.114864
 30
0.0
 11
0.00483
 21
-0.085136
 31
0.0
 12
0.007096
 22
-0.113926
 32
0.0
 13
0.007096
 23
-0.113926
 33
0.0
  0
SOLID
  5
F091
  8
-IDRICO-SANITARIO
  6
CONTINUOUS
 62
     4
 10
0.007096
 20
-0.113926
 30
0.0
 11
0.00483
 21
-0.085136
 31
0.0
 12
0.007096
 22
-0.086074
 32
0.0
 13
0.007096
 23
-0.086074
 33
0.0
  0
SOLID
  5
F092
  8
-IDRICO-SANITARIO
  6
CONTINUOUS
 62
     4
 10
0.007096
 20
-0.113926
 30
0.0
 11
0.007096
 21
-0.086074
 31
0.0
 12
0.009187
 22
-0.112644
 32
0.0
 13
0.009187
 23
-0.112644
 33
0.0
  0
SOLID
  5
F093
  8
-IDRICO-SANITARIO
  6
CONTINUOUS
 62
     4
 10
0.009187
 20
-0.112644
 30
0.0
 11
0.007096
 21
-0.086074
 31
0.0
 12
0.009187
 22
-0.087356
 32
0.0
 13
0.009187
 23
-0.087356
 33
0.0
  0
SOLID
  5
F094
  8
-IDRICO-SANITARIO
  6
CONTINUOUS
 62
     4
 10
0.009187
 20
-0.112644
 30
0.0
 11
0.009187
 21
-0.087356
 31
0.0
 12
0.011052
 22
-0.111052
 32
0.0
 13
0.011052
 23
-0.111052
 33
0.0
  0
SOLID
  5
F095
  8
-IDRICO-SANITARIO
  6
CONTINUOUS
 62
     4
 10
0.011052
 20
-0.111052
 30
0.0
 11
0.009187
 21
-0.087356
 31
0.0
 12
0.011052
 22
-0.088948
 32
0.0
 13
0.011052
 23
-0.088948
 33
0.0
  0
SOLID
  5
F096
  8
-IDRICO-SANITARIO
  6
CONTINUOUS
 62
     4
 10
0.011052
 20
-0.111052
 30
0.0
 11
0.011052
 21
-0.088948
 31
0.0
 12
0.012644
 22
-0.109187
 32
0.0
 13
0.012644
 23
-0.109187
 33
0.0
  0
SOLID
  5
F097
  8
-IDRICO-SANITARIO
  6
CONTINUOUS
 62
     4
 10
0.012644
 20
-0.109187
 30
0.0
 11
0.011052
 21
-0.088948
 31
0.0
 12
0.012644
 22
-0.090813
 32
0.0
 13
0.012644
 23
-0.090813
 33
0.0
  0
SOLID
  5
F098
  8
-IDRICO-SANITARIO
  6
CONTINUOUS
 62
     4
 10
0.012644
 20
-0.109187
 30
0.0
 11
0.012644
 21
-0.090813
 31
0.0
 12
0.013926
 22
-0.107096
 32
0.0
 13
0.013926
 23
-0.107096
 33
0.0
  0
SOLID
  5
F099
  8
-IDRICO-SANITARIO
  6
CONTINUOUS
 62
     4
 10
0.013926
 20
-0.107096
 30
0.0
 11
0.012644
 21
-0.090813
 31
0.0
 12
0.013926
 22
-0.092904
 32
0.0
 13
0.013926
 23
-0.092904
 33
0.0
  0
SOLID
  5
F09A
  8
-IDRICO-SANITARIO
  6
CONTINUOUS
 62
     4
 10
0.013926
 20
-0.107096
 30
0.0
 11
0.013926
 21
-0.092904
 31
0.0
 12
0.014864
 22
-0.10483
 32
0.0
 13
0.014864
 23
-0.10483
 33
0.0
  0
SOLID
  5
F09B
  8
-IDRICO-SANITARIO
  6
CONTINUOUS
 62
     4
 10
0.014864
 20
-0.10483
 30
0.0
 11
0.013926
 21
-0.092904
 31
0.0
 12
0.014864
 22
-0.09517
 32
0.0
 13
0.014864
 23
-0.09517
 33
0.0
  0
SOLID
  5
F09C
  8
-IDRICO-SANITARIO
  6
CONTINUOUS
 62
     4
 10
0.014864
 20
-0.10483
 30
0.0
 11
0.014864
 21
-0.09517
 31
0.0
 12
0.015437
 22
-0.102445
 32
0.0
 13
0.015437
 23
-0.102445
 33
0.0
  0
SOLID
  5
F09D
  8
-IDRICO-SANITARIO
  6
CONTINUOUS
 62
     4
 10
0.015437
 20
-0.102445
 30
0.0
 11
0.014864
 21
-0.09517
 31
0.0
 12
0.015437
 22
-0.097555
 32
0.0
 13
0.015437
 23
-0.097555
 33
0.0
  0
SOLID
  5
F09E
  8
-IDRICO-SANITARIO
  6
CONTINUOUS
 62
     4
 10
0.015437
 20
-0.102445
 30
0.0
 11
0.015437
 21
-0.097555
 31
0.0
 12
0.015629
 22
-0.1
 32
0.0
 13
0.015629
 23
-0.1
 33
0.0
  0
ENDBLK
  5
F0E5
  8
0
  0
BLOCK
  8
0
  2
*U55
 70
     1
 10
0.0
 20
0.0
 30
0.0
  3
*U55
  1

  0
SOLID
  5
F0B0
  8
-IDRICO-SANITARIO
  6
CONTINUOUS
 62
     4
 10
-0.015437
 20
-0.0024450000000021
 30
0.0
 11
-0.015629
 21
-0.0000000000000021
 31
0.0
 12
-0.015437
 22
0.0024449999999979
 32
0.0
 13
-0.015437
 23
0.0024449999999979
 33
0.0
  0
SOLID
  5
F0B1
  8
-IDRICO-SANITARIO
  6
CONTINUOUS
 62
     4
 10
-0.015437
 20
-0.0024450000000021
 30
0.0
 11
-0.015437
 21
0.0024449999999979
 31
0.0
 12
-0.014864
 22
-0.0048300000000021
 32
0.0
 13
-0.014864
 23
-0.0048300000000021
 33
0.0
  0
SOLID
  5
F0B2
  8
-IDRICO-SANITARIO
  6
CONTINUOUS
 62
     4
 10
-0.014864
 20
-0.0048300000000021
 30
0.0
 11
-0.015437
 21
0.0024449999999979
 31
0.0
 12
-0.014864
 22
0.0048299999999979
 32
0.0
 13
-0.014864
 23
0.0048299999999979
 33
0.0
  0
SOLID
  5
F0B3
  8
-IDRICO-SANITARIO
  6
CONTINUOUS
 62
     4
 10
-0.014864
 20
-0.0048300000000021
 30
0.0
 11
-0.014864
 21
0.0048299999999979
 31
0.0
 12
-0.013926
 22
-0.0070960000000021
 32
0.0
 13
-0.013926
 23
-0.0070960000000021
 33
0.0
  0
SOLID
  5
F0B4
  8
-IDRICO-SANITARIO
  6
CONTINUOUS
 62
     4
 10
-0.013926
 20
-0.0070960000000021
 30
0.0
 11
-0.014864
 21
0.0048299999999979
 31
0.0
 12
-0.013926
 22
0.0070959999999979
 32
0.0
 13
-0.013926
 23
0.0070959999999979
 33
0.0
  0
SOLID
  5
F0B5
  8
-IDRICO-SANITARIO
  6
CONTINUOUS
 62
     4
 10
-0.013926
 20
-0.0070960000000021
 30
0.0
 11
-0.013926
 21
0.0070959999999979
 31
0.0
 12
-0.012644
 22
-0.0091870000000021
 32
0.0
 13
-0.012644
 23
-0.0091870000000021
 33
0.0
  0
SOLID
  5
F0B6
  8
-IDRICO-SANITARIO
  6
CONTINUOUS
 62
     4
 10
-0.012644
 20
-0.0091870000000021
 30
0.0
 11
-0.013926
 21
0.0070959999999979
 31
0.0
 12
-0.012644
 22
0.0091869999999979
 32
0.0
 13
-0.012644
 23
0.0091869999999979
 33
0.0
  0
SOLID
  5
F0B7
  8
-IDRICO-SANITARIO
  6
CONTINUOUS
 62
     4
 10
-0.012644
 20
-0.0091870000000021
 30
0.0
 11
-0.012644
 21
0.0091869999999979
 31
0.0
 12
-0.011052
 22
-0.0110520000000021
 32
0.0
 13
-0.011052
 23
-0.0110520000000021
 33
0.0
  0
SOLID
  5
F0B8
  8
-IDRICO-SANITARIO
  6
CONTINUOUS
 62
     4
 10
-0.011052
 20
-0.0110520000000021
 30
0.0
 11
-0.012644
 21
0.0091869999999979
 31
0.0
 12
-0.011052
 22
0.0110519999999979
 32
0.0
 13
-0.011052
 23
0.0110519999999979
 33
0.0
  0
SOLID
  5
F0B9
  8
-IDRICO-SANITARIO
  6
CONTINUOUS
 62
     4
 10
-0.011052
 20
-0.0110520000000021
 30
0.0
 11
-0.011052
 21
0.0110519999999979
 31
0.0
 12
-0.009187
 22
-0.0126440000000021
 32
0.0
 13
-0.009187
 23
-0.0126440000000021
 33
0.0
  0
SOLID
  5
F0BA
  8
-IDRICO-SANITARIO
  6
CONTINUOUS
 62
     4
 10
-0.009187
 20
-0.0126440000000021
 30
0.0
 11
-0.011052
 21
0.0110519999999979
 31
0.0
 12
-0.009187
 22
0.0126439999999979
 32
0.0
 13
-0.009187
 23
0.0126439999999979
 33
0.0
  0
SOLID
  5
F0BB
  8
-IDRICO-SANITARIO
  6
CONTINUOUS
 62
     4
 10
-0.009187
 20
-0.0126440000000021
 30
0.0
 11
-0.009187
 21
0.0126439999999979
 31
0.0
 12
-0.007096
 22
-0.0139260000000021
 32
0.0
 13
-0.007096
 23
-0.0139260000000021
 33
0.0
  0
SOLID
  5
F0BC
  8
-IDRICO-SANITARIO
  6
CONTINUOUS
 62
     4
 10
-0.007096
 20
-0.0139260000000021
 30
0.0
 11
-0.009187
 21
0.0126439999999979
 31
0.0
 12
-0.007096
 22
0.0139259999999979
 32
0.0
 13
-0.007096
 23
0.0139259999999979
 33
0.0
  0
SOLID
  5
F0BD
  8
-IDRICO-SANITARIO
  6
CONTINUOUS
 62
     4
 10
-0.007096
 20
-0.0139260000000021
 30
0.0
 11
-0.007096
 21
0.0139259999999979
 31
0.0
 12
-0.00483
 22
-0.0148640000000021
 32
0.0
 13
-0.00483
 23
-0.0148640000000021
 33
0.0
  0
SOLID
  5
F0BE
  8
-IDRICO-SANITARIO
  6
CONTINUOUS
 62
     4
 10
-0.00483
 20
-0.0148640000000021
 30
0.0
 11
-0.007096
 21
0.0139259999999979
 31
0.0
 12
-0.00483
 22
0.0148639999999979
 32
0.0
 13
-0.00483
 23
0.0148639999999979
 33
0.0
  0
SOLID
  5
F0BF
  8
-IDRICO-SANITARIO
  6
CONTINUOUS
 62
     4
 10
-0.00483
 20
-0.0148640000000021
 30
0.0
 11
-0.00483
 21
0.0148639999999979
 31
0.0
 12
-0.002445
 22
-0.0154370000000021
 32
0.0
 13
-0.002445
 23
-0.0154370000000021
 33
0.0
  0
SOLID
  5
F0C0
  8
-IDRICO-SANITARIO
  6
CONTINUOUS
 62
     4
 10
-0.002445
 20
-0.0154370000000021
 30
0.0
 11
-0.00483
 21
0.0148639999999979
 31
0.0
 12
-0.002445
 22
0.0154369999999979
 32
0.0
 13
-0.002445
 23
0.0154369999999979
 33
0.0
  0
SOLID
  5
F0C1
  8
-IDRICO-SANITARIO
  6
CONTINUOUS
 62
     4
 10
-0.002445
 20
-0.0154370000000021
 30
0.0
 11
-0.002445
 21
0.0154369999999979
 31
0.0
 12
0.0
 22
-0.0156290000000021
 32
0.0
 13
0.0
 23
-0.0156290000000021
 33
0.0
  0
SOLID
  5
F0C2
  8
-IDRICO-SANITARIO
  6
CONTINUOUS
 62
     4
 10
0.0
 20
-0.0156290000000021
 30
0.0
 11
-0.002445
 21
0.0154369999999979
 31
0.0
 12
0.0
 22
0.0156289999999979
 32
0.0
 13
0.0
 23
0.0156289999999979
 33
0.0
  0
SOLID
  5
F0C3
  8
-IDRICO-SANITARIO
  6
CONTINUOUS
 62
     4
 10
0.0
 20
-0.0156290000000021
 30
0.0
 11
0.0
 21
0.0156289999999979
 31
0.0
 12
0.002445
 22
-0.0154370000000021
 32
0.0
 13
0.002445
 23
-0.0154370000000021
 33
0.0
  0
SOLID
  5
F0C4
  8
-IDRICO-SANITARIO
  6
CONTINUOUS
 62
     4
 10
0.002445
 20
-0.0154370000000021
 30
0.0
 11
0.0
 21
0.0156289999999979
 31
0.0
 12
0.002445
 22
0.0154369999999979
 32
0.0
 13
0.002445
 23
0.0154369999999979
 33
0.0
  0
SOLID
  5
F0C5
  8
-IDRICO-SANITARIO
  6
CONTINUOUS
 62
     4
 10
0.002445
 20
-0.0154370000000021
 30
0.0
 11
0.002445
 21
0.0154369999999979
 31
0.0
 12
0.00483
 22
-0.0148640000000021
 32
0.0
 13
0.00483
 23
-0.0148640000000021
 33
0.0
  0
SOLID
  5
F0C6
  8
-IDRICO-SANITARIO
  6
CONTINUOUS
 62
     4
 10
0.00483
 20
-0.0148640000000021
 30
0.0
 11
0.002445
 21
0.0154369999999979
 31
0.0
 12
0.00483
 22
0.0148639999999979
 32
0.0
 13
0.00483
 23
0.0148639999999979
 33
0.0
  0
SOLID
  5
F0C7
  8
-IDRICO-SANITARIO
  6
CONTINUOUS
 62
     4
 10
0.00483
 20
-0.0148640000000021
 30
0.0
 11
0.00483
 21
0.0148639999999979
 31
0.0
 12
0.007096
 22
-0.0139260000000021
 32
0.0
 13
0.007096
 23
-0.0139260000000021
 33
0.0
  0
SOLID
  5
F0C8
  8
-IDRICO-SANITARIO
  6
CONTINUOUS
 62
     4
 10
0.007096
 20
-0.0139260000000021
 30
0.0
 11
0.00483
 21
0.0148639999999979
 31
0.0
 12
0.007096
 22
0.0139259999999979
 32
0.0
 13
0.007096
 23
0.0139259999999979
 33
0.0
  0
SOLID
  5
F0C9
  8
-IDRICO-SANITARIO
  6
CONTINUOUS
 62
     4
 10
0.007096
 20
-0.0139260000000021
 30
0.0
 11
0.007096
 21
0.0139259999999979
 31
0.0
 12
0.009187
 22
-0.0126440000000021
 32
0.0
 13
0.009187
 23
-0.0126440000000021
 33
0.0
  0
SOLID
  5
F0CA
  8
-IDRICO-SANITARIO
  6
CONTINUOUS
 62
     4
 10
0.009187
 20
-0.0126440000000021
 30
0.0
 11
0.007096
 21
0.0139259999999979
 31
0.0
 12
0.009187
 22
0.0126439999999979
 32
0.0
 13
0.009187
 23
0.0126439999999979
 33
0.0
  0
SOLID
  5
F0CB
  8
-IDRICO-SANITARIO
  6
CONTINUOUS
 62
     4
 10
0.009187
 20
-0.0126440000000021
 30
0.0
 11
0.009187
 21
0.0126439999999979
 31
0.0
 12
0.011052
 22
-0.0110520000000021
 32
0.0
 13
0.011052
 23
-0.0110520000000021
 33
0.0
  0
SOLID
  5
F0CC
  8
-IDRICO-SANITARIO
  6
CONTINUOUS
 62
     4
 10
0.011052
 20
-0.0110520000000021
 30
0.0
 11
0.009187
 21
0.0126439999999979
 31
0.0
 12
0.011052
 22
0.0110519999999979
 32
0.0
 13
0.011052
 23
0.0110519999999979
 33
0.0
  0
SOLID
  5
F0CD
  8
-IDRICO-SANITARIO
  6
CONTINUOUS
 62
     4
 10
0.011052
 20
-0.0110520000000021
 30
0.0
 11
0.011052
 21
0.0110519999999979
 31
0.0
 12
0.012644
 22
-0.0091870000000021
 32
0.0
 13
0.012644
 23
-0.0091870000000021
 33
0.0
  0
SOLID
  5
F0CE
  8
-IDRICO-SANITARIO
  6
CONTINUOUS
 62
     4
 10
0.012644
 20
-0.0091870000000021
 30
0.0
 11
0.011052
 21
0.0110519999999979
 31
0.0
 12
0.012644
 22
0.0091869999999979
 32
0.0
 13
0.012644
 23
0.0091869999999979
 33
0.0
  0
SOLID
  5
F0CF
  8
-IDRICO-SANITARIO
  6
CONTINUOUS
 62
     4
 10
0.012644
 20
-0.0091870000000021
 30
0.0
 11
0.012644
 21
0.0091869999999979
 31
0.0
 12
0.013926
 22
-0.0070960000000021
 32
0.0
 13
0.013926
 23
-0.0070960000000021
 33
0.0
  0
SOLID
  5
F0D0
  8
-IDRICO-SANITARIO
  6
CONTINUOUS
 62
     4
 10
0.013926
 20
-0.0070960000000021
 30
0.0
 11
0.012644
 21
0.0091869999999979
 31
0.0
 12
0.013926
 22
0.0070959999999979
 32
0.0
 13
0.013926
 23
0.0070959999999979
 33
0.0
  0
SOLID
  5
F0D1
  8
-IDRICO-SANITARIO
  6
CONTINUOUS
 62
     4
 10
0.013926
 20
-0.0070960000000021
 30
0.0
 11
0.013926
 21
0.0070959999999979
 31
0.0
 12
0.014864
 22
-0.0048300000000021
 32
0.0
 13
0.014864
 23
-0.0048300000000021
 33
0.0
  0
SOLID
  5
F0D2
  8
-IDRICO-SANITARIO
  6
CONTINUOUS
 62
     4
 10
0.014864
 20
-0.0048300000000021
 30
0.0
 11
0.013926
 21
0.0070959999999979
 31
0.0
 12
0.014864
 22
0.0048299999999979
 32
0.0
 13
0.014864
 23
0.0048299999999979
 33
0.0
  0
SOLID
  5
F0D3
  8
-IDRICO-SANITARIO
  6
CONTINUOUS
 62
     4
 10
0.014864
 20
-0.0048300000000021
 30
0.0
 11
0.014864
 21
0.0048299999999979
 31
0.0
 12
0.015437
 22
-0.0024450000000021
 32
0.0
 13
0.015437
 23
-0.0024450000000021
 33
0.0
  0
SOLID
  5
F0D4
  8
-IDRICO-SANITARIO
  6
CONTINUOUS
 62
     4
 10
0.015437
 20
-0.0024450000000021
 30
0.0
 11
0.014864
 21
0.0048299999999979
 31
0.0
 12
0.015437
 22
0.0024449999999979
 32
0.0
 13
0.015437
 23
0.0024449999999979
 33
0.0
  0
SOLID
  5
F0D5
  8
-IDRICO-SANITARIO
  6
CONTINUOUS
 62
     4
 10
0.015437
 20
-0.0024450000000021
 30
0.0
 11
0.015437
 21
0.0024449999999979
 31
0.0
 12
0.015629
 22
-0.0000000000000021
 32
0.0
 13
0.015629
 23
-0.0000000000000021
 33
0.0
  0
ENDBLK
  5
F0E7
  8
0
  0
ENDSEC
  0
SECTION
  2
ENTITIES
  0
INSERT
  5
EF
  8
0
 66
     1
  2
TABCOLORI
 10
6.007799574849236
 20
8.553037
 30
0.0
  0
ATTRIB
  5
112
  8
0
 10
6.167096574849241
 20
9.287
 30
0.0
 40
0.2
  1
*CODP*
  2
CODP
 70
     0
  0
ATTRIB
  5
113
  8
0
 10
6.153118574849241
 20
8.637471000000001
 30
0.0
 40
0.2
  1
*DESCP*
  2
DESCP
 70
     0
  0
ATTRIB
  5
114
  8
0
 10
7.739649574849241
 20
8.98668
 30
0.0
 40
0.2
  1
*NOMECOLP*
  2
NOMECOLP
 70
     0
  0
SEQEND
  5
115
  8
0
  0
INSERT
  5
116
  8
0
  2
NORD
 10
21.88032531880759
 20
10.58842579224386
 30
0.0
  0
LINE
  5
118
  8
0
  6
CONTINUOUS
 62
     7
 10
0.353387
 20
0.253364
 30
0.0
 11
0.353387
 21
15.472808
 31
0.0
  0
LINE
  5
119
  8
0
  6
CONTINUOUS
 62
     7
 10
0.353387
 20
15.472808
 30
0.0
 11
26.043159
 21
15.472808
 31
0.0
  0
LINE
  5
11A
  8
0
  6
CONTINUOUS
 62
     7
 10
26.043159
 20
15.472808
 30
0.0
 11
26.043159
 21
0.253364
 31
0.0
  0
LINE
  5
11B
  8
0
  6
CONTINUOUS
 62
     7
 10
0.353387
 20
0.253364
 30
0.0
 11
26.043159
 21
0.253364
 31
0.0
  0
INSERT
  5
11C
  8
0
  2
RIFEST
 10
0.0
 20
0.253364
 30
0.0
  0
INSERT
  5
11D
  8
0
  6
FITTIZIA
 66
     1
  2
RIMRETED
 10
22.68473636762123
 20
7.141672130713867
 30
0.0
  0
ATTRIB
  5
11E
  8
0
 10
21.69076836762122
 20
7.94545913071387
 30
0.0
 40
0.15
  1
*NC*
 72
     2
 11
22.24076836762122
 21
7.94545913071387
 31
0.0
  2
NUM-PERD
 70
     1
  0
ATTRIB
  5
11F
  8
0
 10
21.00954836762122
 20
7.774744130713869
 30
0.0
 40
0.15
  1
*TC*
  2
COD-PERD
 70
     1
  0
ATTRIB
  5
120
  8
0
 10
20.90949736762123
 20
7.570104130713867
 30
0.0
 40
0.15
  1
*L*
  2
LUNGHEZZA
 70
     1
  0
ATTRIB
  5
121
  8
0
 10
21.41538836762123
 20
7.211308130713867
 30
0.0
 40
0.15
  1
*CODICE*
  2
CODICE
 70
     0
  0
SEQEND
  5
122
  8
0
  6
FITTIZIA
  0
INSERT
  5
13B
  8
0
  6
COLLETTORE
 62
     1
 66
     1
  2
TERMPANNELLOD
 10
15.726559
 20
5.895013999999997
 30
0.0
  0
ATTRIB
  5
13C
  8
0
 10
16.862554
 20
6.928911999999996
 30
0.0
 40
0.2
  1
 
 72
     1
 11
16.962554
 21
6.928911999999996
 31
0.0
  2
FISSAMODELLO
 70
     1
  0
ATTRIB
  5
13D
  8
0
 10
16.634513
 20
7.205518999999998
 30
0.0
 40
0.2
  1
 
 72
     1
 11
16.734513
 21
7.205518999999998
 31
0.0
  2
FISSASERIE
 70
     1
  0
ATTRIB
  5
13E
  8
0
 10
13.64500233333333
 20
4.596821
 30
0.0
 40
0.2
  1
*MONTAGGIO*
 72
     2
 11
15.711669
 21
4.596821
 31
0.0
  2
MONTAGGIO
 70
     1
  0
ATTRIB
  5
13F
  8
0
 10
14.40617133333333
 20
5.195727999999999
 30
0.0
 40
0.2
  1
*PORT*
 72
     1
 11
14.972838
 21
5.195727999999999
 31
0.0
  2
PORT
 70
     1
  0
ATTRIB
  5
140
  8
0
 10
14.60251566666667
 20
4.892475
 30
0.0
 40
0.2
  1
*PERD*
 72
     2
 11
15.735849
 21
4.892475
 31
0.0
  2
PERDITA
 70
     1
  0
ATTRIB
  5
141
  8
0
 10
14.02793666666667
 20
5.443417
 30
0.0
 40
0.2
  1
*POTENZA*
 72
     2
 11
15.76127
 21
5.443417
 31
0.0
  2
POTENZA
 70
     1
  0
ATTRIB
  5
142
  8
0
 10
14.45452333333333
 20
6.120811999999999
 30
0.0
 40
0.2
  1
*LMAX*
 72
     1
 11
15.02119
 21
6.120811999999999
 31
0.0
  2
LMAX
 70
     1
  0
ATTRIB
  5
143
  8
0
 10
14.49253666666667
 20
6.3973
 30
0.0
 40
0.2
  1
*INCR*
 72
     1
 11
15.02587
 21
6.3973
 31
0.0
  2
INCR
 70
     1
  0
ATTRIB
  5
144
  8
0
 10
14.848998
 20
7.209408999999996
 30
0.0
 40
0.2
  1
 
 72
     1
 11
14.948998
 21
7.209408999999996
 31
0.0
  2
SERIE
 70
     1
  0
ATTRIB
  5
145
  8
0
 10
14.84548766666667
 20
7.541292999999996
 30
0.0
 40
0.2
  1
??
 72
     1
 11
14.978821
 21
7.541292999999996
 31
0.0
  2
COD
 70
     1
  0
ATTRIB
  5
146
  8
0
 10
14.848998
 20
6.954919
 30
0.0
 40
0.2
  1
 
 72
     1
 11
14.948998
 21
6.954919
 31
0.0
  2
MODELLO
 70
     1
  0
ATTRIB
  5
147
  8
0
 10
14.848998
 20
6.675800999999997
 30
0.0
 40
0.2
  1
 
 72
     1
 11
14.948998
 21
6.675800999999997
 31
0.0
  2
ELEMENTI
 70
     1
  0
SEQEND
  5
148
  8
0
  6
COLLETTORE
 62
     1
  0
INSERT
  5
149
  8
0
  6
QUOTE
 62
     7
 66
     1
  2
TESTO
 10
14.499851
 20
11.436905
 30
0.0
  0
ATTRIB
  5
14A
  8
0
 10
14.499851
 20
11.436905
 30
0.0
 40
0.15
  1
Testo assente
  2
TESTO
 70
     0
  0
SEQEND
  5
14B
  8
0
  6
QUOTE
 62
     7
  0
INSERT
  5
14C
  8
0
  6
QUOTE
 62
     7
 66
     1
  2
TESTOD
 10
14.585921
 20
10.554173
 30
0.0
  0
ATTRIB
  5
14D
  8
0
 10
14.585315
 20
10.428738
 30
0.0
 40
0.15
  1
&Testo assente
  2
&TESTO
 70
     0
  0
SEQEND
  5
14E
  8
0
  6
QUOTE
 62
     7
  0
INSERT
  5
14F
  8
0
  6
CONTINUOUS
 62
     7
 66
     1
  2
RIMRETES
 10
21.67128136762123
 20
6.101324130713869
 30
0.0
  0
ATTRIB
  5
150
  8
0
 10
22.10007036762123
 20
6.83011113071387
 30
0.0
 40
0.15
  1
*NC*
 72
     2
 11
22.65007036762123
 21
6.83011113071387
 31
0.0
  2
NUM-PERD
 70
     1
  0
ATTRIB
  5
151
  8
0
 10
21.41885036762122
 20
6.659396130713867
 30
0.0
 40
0.15
  1
*TC*
  2
COD-PERD
 70
     1
  0
ATTRIB
  5
152
  8
0
 10
21.31879936762123
 20
6.454756130713867
 30
0.0
 40
0.15
  1
*L*
  2
LUNGHEZZA
 70
     1
  0
ATTRIB
  5
153
  8
0
 10
21.82160636762123
 20
6.076324130713866
 30
0.0
 40
0.15
  1
*CODICE*
  2
CODICE
 70
     0
  0
SEQEND
  5
154
  8
0
  6
CONTINUOUS
 62
     7
  0
INSERT
  5
155
  8
0
  6
CONTINUOUS
 62
     7
 66
     1
  2
RIPRETES
 10
17.409526
 20
6.214993999999999
 30
0.0
  0
ATTRIB
  5
156
  8
0
 10
17.573359
 20
6.090468999999997
 30
0.0
 40
0.15
  1
*CODICE*
  2
CODICE
 70
     0
  0
SEQEND
  5
157
  8
0
  6
CONTINUOUS
 62
     7
  0
INSERT
  5
158
  8
0
  6
CONTINUOUS
 62
     7
 66
     1
  2
IRETED
 10
22.495501
 20
4.141233999999998
 30
0.0
  0
ATTRIB
  5
159
  8
0
 10
20.29786833333333
 20
4.025164
 30
0.0
 40
0.2
  1
*CODICE*
 72
     2
 11
21.764535
 21
4.025164
 31
0.0
  2
CODICE
 70
     0
  0
ATTRIB
  5
15A
  8
0
 10
19.97666933333333
 20
4.406317999999997
 30
0.0
 40
0.2
  1
*TIPORETE*
 72
     2
 11
21.843336
 21
4.406317999999997
 31
0.0
  2
TIPORETE
 70
     0
  0
SEQEND
  5
15B
  8
0
  6
CONTINUOUS
 62
     7
  0
INSERT
  5
15C
  8
0
  6
CONTINUOUS
 62
     7
 66
     1
  2
IRETES
 10
18.166367
 20
4.403514
 30
0.0
  0
ATTRIB
  5
15D
  8
0
 10
16.59427733333333
 20
3.991518
 30
0.0
 40
0.2
  1
*CODICE*
 72
     2
 11
18.060944
 21
3.991518
 31
0.0
  2
CODICE
 70
     0
  0
ATTRIB
  5
15E
  8
0
 10
16.27307833333333
 20
4.372671999999997
 30
0.0
 40
0.2
  1
*TIPORETE*
 72
     2
 11
18.139745
 21
4.372671999999997
 31
0.0
  2
TIPORETE
 70
     0
  0
SEQEND
  5
15F
  8
0
  6
CONTINUOUS
 62
     7
  0
INSERT
  5
160
  8
0
  6
CONTINUOUS
 62
     7
 66
     1
  2
QUOTA
 10
11.42736
 20
11.32521
 30
0.0
  0
ATTRIB
  5
161
  8
0
 10
11.461626
 20
11.366365
 30
0.0
 40
0.15
  1
Diametro assente
  2
DIAM
 70
     0
  0
ATTRIB
  5
162
  8
0
 10
11.452012
 20
11.137649
 30
0.0
 40
0.15
  1
Numero assente
  2
CODTR
 70
     0
  0
SEQEND
  5
163
  8
0
  6
CONTINUOUS
 62
     7
  0
INSERT
  5
164
  8
0
  6
CONTINUOUS
 62
     7
 66
     1
  2
QUOTAD
 10
11.546183
 20
12.746077
 30
0.0
  0
ATTRIB
  5
165
  8
0
 10
11.580449
 20
12.787233
 30
0.0
 40
0.15
  1
Diametro assente
  2
&DIAM
 70
     0
  0
ATTRIB
  5
166
  8
0
 10
11.570835
 20
12.558517
 30
0.0
 40
0.15
  1
Numero assente
  2
&CODTR
 70
     0
  0
SEQEND
  5
167
  8
0
  6
CONTINUOUS
 62
     7
  0
INSERT
  5
17E
  8
0
  6
CONTINUOUS
 62
     7
 66
     1
  2
TERMRADIATORES
 10
15.805906
 20
6.85456
 30
0.0
  0
ATTRIB
  5
17F
  8
0
 10
14.928345
 20
8.168955
 30
0.0
 40
0.2
  1
 
 72
     1
 11
15.028345
 21
8.168955
 31
0.0
  2
SERIE
 70
     1
  0
ATTRIB
  5
180
  8
0
 10
14.57188366666667
 20
7.356846
 30
0.0
 40
0.2
  1
*INCR*
 72
     1
 11
15.105217
 21
7.356846
 31
0.0
  2
INCR
 70
     1
  0
ATTRIB
  5
181
  8
0
 10
14.92483466666667
 20
8.500837999999998
 30
0.0
 40
0.2
  1
??
 72
     1
 11
15.058168
 21
8.500837999999998
 31
0.0
  2
COD
 70
     1
  0
ATTRIB
  5
182
  8
0
 10
14.928345
 20
7.914464999999997
 30
0.0
 40
0.2
  1
 
 72
     1
 11
15.028345
 21
7.914464999999997
 31
0.0
  2
MODELLO
 70
     1
  0
ATTRIB
  5
183
  8
0
 10
14.928345
 20
7.635346000000001
 30
0.0
 40
0.2
  1
 
 72
     1
 11
15.028345
 21
7.635346000000001
 31
0.0
  2
ELEMENTI
 70
     1
  0
ATTRIB
  5
184
  8
0
 10
14.53387033333333
 20
7.080358
 30
0.0
 40
0.2
  1
*LMAX*
 72
     1
 11
15.100537
 21
7.080358
 31
0.0
  2
LMAX
 70
     1
  0
ATTRIB
  5
185
  8
0
 10
14.10728366666667
 20
6.402962999999997
 30
0.0
 40
0.2
  1
*POTENZA*
 72
     2
 11
15.840617
 21
6.402962999999997
 31
0.0
  2
POTENZA
 70
     1
  0
ATTRIB
  5
186
  8
0
 10
14.48551733333333
 20
6.155273
 30
0.0
 40
0.2
  1
*PORT*
 72
     1
 11
15.052184
 21
6.155273
 31
0.0
  2
PORT
 70
     1
  0
ATTRIB
  5
187
  8
0
 10
14.68186266666667
 20
5.852019999999996
 30
0.0
 40
0.2
  1
*PERD*
 72
     2
 11
15.815196
 21
5.852019999999996
 31
0.0
  2
PERDITA
 70
     1
  0
ATTRIB
  5
188
  8
0
 10
13.72434933333333
 20
5.556366999999998
 30
0.0
 40
0.2
  1
*MONTAGGIO*
 72
     2
 11
15.791016
 21
5.556366999999998
 31
0.0
  2
MONTAGGIO
 70
     1
  0
ATTRIB
  5
189
  8
0
 10
16.681047
 20
8.164399000000001
 30
0.0
 40
0.2
  1
 
 72
     1
 11
16.781047
 21
8.164399000000001
 31
0.0
  2
FISSASERIE
 70
     1
  0
ATTRIB
  5
18A
  8
0
 10
16.905728
 20
7.896396000000001
 30
0.0
 40
0.2
  1
 
 72
     1
 11
17.005728
 21
7.896396000000001
 31
0.0
  2
FISSAMODELLO
 70
     1
  0
SEQEND
  5
18B
  8
0
  6
CONTINUOUS
 62
     7
  0
INSERT
  5
19A
  8
0
  6
CONTINUOUS
 62
     7
 66
     1
  2
TERMPANNELLOS
 10
15.629262
 20
6.155516999999997
 30
0.0
  0
ATTRIB
  5
19B
  8
0
 10
14.751701
 20
6.936303999999998
 30
0.0
 40
0.2
  1
 
 72
     1
 11
14.851701
 21
6.936303999999998
 31
0.0
  2
ELEMENTI
 70
     1
  0
ATTRIB
  5
19C
  8
0
 10
14.751701
 20
7.215422
 30
0.0
 40
0.2
  1
 
 72
     1
 11
14.851701
 21
7.215422
 31
0.0
  2
MODELLO
 70
     1
  0
ATTRIB
  5
19D
  8
0
 10
14.74819066666667
 20
7.801796
 30
0.0
 40
0.2
  1
??
 72
     1
 11
14.881524
 21
7.801796
 31
0.0
  2
COD
 70
     1
  0
ATTRIB
  5
19E
  8
0
 10
14.751701
 20
7.469913
 30
0.0
 40
0.2
  1
 
 72
     1
 11
14.851701
 21
7.469913
 31
0.0
  2
SERIE
 70
     1
  0
ATTRIB
  5
19F
  8
0
 10
14.39523966666667
 20
6.657802999999995
 30
0.0
 40
0.2
  1
*INCR*
 72
     1
 11
14.928573
 21
6.657802999999995
 31
0.0
  2
INCR
 70
     1
  0
ATTRIB
  5
1A0
  8
0
 10
14.35722633333333
 20
6.381315999999999
 30
0.0
 40
0.2
  1
*LMAX*
 72
     1
 11
14.923893
 21
6.381315999999999
 31
0.0
  2
LMAX
 70
     1
  0
ATTRIB
  5
1A1
  8
0
 10
13.93064066666667
 20
5.70392
 30
0.0
 40
0.2
  1
*POTENZA*
 72
     2
 11
15.663974
 21
5.70392
 31
0.0
  2
POTENZA
 70
     1
  0
ATTRIB
  5
1A2
  8
0
 10
14.50521966666667
 20
5.152978
 30
0.0
 40
0.2
  1
*PERD*
 72
     2
 11
15.638553
 21
5.152978
 31
0.0
  2
PERDITA
 70
     1
  0
ATTRIB
  5
1A3
  8
0
 10
14.30887433333333
 20
5.456230999999998
 30
0.0
 40
0.2
  1
*PORT*
 72
     1
 11
14.875541
 21
5.456230999999998
 31
0.0
  2
PORT
 70
     1
  0
ATTRIB
  5
1A4
  8
0
 10
13.54770533333333
 20
4.857324
 30
0.0
 40
0.2
  1
*MONTAGGIO*
 72
     2
 11
15.614372
 21
4.857324
 31
0.0
  2
MONTAGGIO
 70
     1
  0
ATTRIB
  5
1A5
  8
0
 10
16.537216
 20
7.466021999999997
 30
0.0
 40
0.2
  1
 
 72
     1
 11
16.637216
 21
7.466021999999997
 31
0.0
  2
FISSASERIE
 70
     1
  0
ATTRIB
  5
1A6
  8
0
 10
16.765258
 20
7.189414999999995
 30
0.0
 40
0.2
  1
 
 72
     1
 11
16.865258
 21
7.189414999999995
 31
0.0
  2
FISSAMODELLO
 70
     1
  0
SEQEND
  5
1A7
  8
0
  6
CONTINUOUS
 62
     7
  0
INSERT
  5
1A8
  8
0
  6
CONTINUOUS
 62
     7
 66
     1
  2
RIPRETESL
 10
17.53067
 20
5.620613999999998
 30
0.0
  0
ATTRIB
  5
1A9
  8
0
 10
17.68804
 20
5.520648999999997
 30
0.0
 40
0.15
  1
*CODICE*
  2
CODICE
 70
     1
  0
SEQEND
  5
1AA
  8
0
  6
CONTINUOUS
 62
     7
  0
INSERT
  5
1AB
  8
0
  6
CONTINUOUS
 62
     7
 66
     1
  2
RIMRETESL
 10
21.69774536762123
 20
5.463761130713865
 30
0.0
  0
ATTRIB
  5
1AC
  8
0
 10
21.85511636762123
 20
5.46379613071387
 30
0.0
 40
0.15
  1
*CODICE*
  2
CODICE
 70
     1
  0
SEQEND
  5
1AD
  8
0
  6
CONTINUOUS
 62
     7
  0
INSERT
  5
1B4
  8
0
  6
CONTINUOUS
 62
     7
 66
     1
  2
RIPRETEDL
 10
17.532671
 20
5.231306
 30
0.0
  0
ATTRIB
  5
1B5
  8
0
 10
17.69004199999999
 20
5.231340999999996
 30
0.0
 40
0.15
  1
*CODICE*
  2
CODICE
 70
     1
  0
SEQEND
  5
1B6
  8
0
  6
CONTINUOUS
 62
     7
  0
INSERT
  5
1B7
  8
0
  6
CONTINUOUS
 62
     7
 66
     1
  2
RIMRETEDL
 10
21.70483736762124
 20
5.305176130713871
 30
0.0
  0
ATTRIB
  5
1B8
  8
0
 10
21.86220836762123
 20
5.20521113071387
 30
0.0
 40
0.15
  1
*CODICE*
  2
CODICE
 70
     1
  0
SEQEND
  5
1B9
  8
0
  6
CONTINUOUS
 62
     7
  0
LINE
  5
1E1
  8
0
  6
NONSC
 62
     1
 10
20.28506534583121
 20
12.4815127701763
 30
0.0
 11
23.78384834583122
 21
13.4794057701763
 31
0.0
  0
LINE
  5
4003
  8
0
  6
SPECIALE
 62
     7
 10
0.7602723191996859
 20
16.3674150878183
 30
0.0
 11
8.281553142993857
 21
16.3674150878183
 31
0.0
  0
LINE
  5
4152
  8
0
  6
CONF1
 62
     7
 10
-3.233634603864603
 20
24.48723171585786
 30
0.0
 11
0.2444922159127962
 21
24.48723171585786
 31
0.0
  0
LINE
  5
4153
  8
0
  6
CONF2
 62
     7
 10
-3.260596681391323
 20
23.67890358665901
 30
0.0
 11
0.190567795805439
 21
23.67890358665901
 31
0.0
  0
LINE
  5
4154
  8
0
  6
CONF3
 62
     7
 10
-3.260596681391323
 20
22.97835258679248
 30
0.0
 11
0.2984166360202174
 21
22.97835258679248
 31
0.0
  0
LINE
  5
4155
  8
0
  6
CONF4
 62
     7
 10
-3.287559023971966
 20
22.27780158692597
 30
0.0
 11
0.4062654762350101
 21
22.27780158692597
 31
0.0
  0
LINE
  5
4156
  8
0
  6
CONF5
 62
     7
 10
-3.260596681391323
 20
21.46947345772713
 30
0.0
 11
0.3253787135469359
 21
21.46947345772713
 31
0.0
  0
LINE
  5
4157
  8
0
  6
CONF6
 62
     7
 10
-3.233634603864603
 20
20.87669945087546
 30
0.0
 11
0.3253787135469359
 21
20.87669945087546
 31
0.0
  0
LINE
  5
4158
  8
0
  6
CONF7
 62
     7
 10
-2.882865195852268
 20
20.2188888507021
 30
0.0
 11
0.0290548152166323
 21
20.2188888507021
 31
0.0
  0
LINE
  5
4159
  8
0
  6
CONF8
 62
     7
 10
-2.855903118325548
 20
19.46444921801064
 30
0.0
 11
-0.0248696048907888
 21
19.46444921801064
 31
0.0
  0
LINE
  5
415A
  8
0
  6
CONF9
 62
     7
 10
-2.801978698218126
 20
18.65612108881178
 30
0.0
 11
0.2177904181194315
 21
18.65612108881178
 31
0.0
  0
INSERT
  5
7DD5
  8
0
 66
     1
  2
ETICHETTAPAN
 10
4.228260151381491
 20
2.05730560372647
 30
0.0
  0
ATTRIB
  5
7DD6
  8
0
  6
CONTINUOUS
 62
     7
 10
4.194530984714828
 20
1.912454338285994
 30
0.0
 40
0.08
  1
Nessuna taratura
 72
     1
 11
4.821197651381495
 21
1.952454338285994
 31
0.0
 73
     2
  2
TARATURA
 70
     8
 74
     2
  0
ATTRIB
  5
7DD7
  8
0
  6
CONTINUOUS
 62
     7
 10
4.34659066319518
 20
2.840863215836836
 30
0.0
 40
0.08
  1
nessun locale
 72
     1
 11
4.813257329861846
 21
2.880863215836836
 31
0.0
 73
     2
  2
NLOC
 70
     8
 74
     2
  0
ATTRIB
  5
7DD8
  8
0
  6
CONTINUOUS
 62
     7
 10
4.175804639567808
 20
1.579889910182291
 30
0.0
 40
0.08
  1
Nessun riferimento
 72
     1
 11
4.829137972901141
 21
1.619889910182291
 31
0.0
 73
     2
  2
RIF
 70
     9
 74
     2
  0
ATTRIB
  5
7DD9
  8
0
  6
CONTINUOUS
 62
     7
 10
4.22659066319518
 20
2.445027009488435
 30
0.0
 40
0.08
  1
Nessuna potenza
 72
     1
 11
4.813257329861846
 21
2.485027009488435
 31
0.0
 73
     2
  2
POTENZA
 70
     8
 74
     2
  0
ATTRIB
  5
7DDA
  8
0
  6
CONTINUOUS
 62
     7
 10
4.449137972901141
 20
1.743499346353883
 30
0.0
 40
0.08
  1
Nessun link
 72
     1
 11
4.829137972901141
 21
1.783499346353883
 31
0.0
 73
     2
  2
LINK
 70
     9
 74
     2
  0
ATTRIB
  5
7DDB
  8
0
  6
CONTINUOUS
 62
     7
 10
4.30659066319518
 20
2.187781734474976
 30
0.0
 40
0.08
  1
Nessun modello
 72
     1
 11
4.813257329861846
 21
2.227781734474976
 31
0.0
 73
     2
  2
MODELLO
 70
     8
 74
     2
  0
SEQEND
  5
7DDC
  8
0
  0
INSERT
  5
944D
  8
0
 66
     1
  2
FINLUCUP
 10
3.922957411036143
 20
11.28674301717826
 30
0.0
  0
ATTRIB
  5
944E
  8
0
 62
     0
 10
4.185516142875902
 20
13.14835343392492
 30
0.0
 40
0.15
  1
*H*
  2
ALTEZZA
 70
     8
  0
ATTRIB
  5
944F
  8
0
 62
     0
 10
3.464854814801121
 20
13.14835343392492
 30
0.0
 40
0.15
  1
*L*
 72
     2
 11
3.864854814801121
 21
13.14835343392492
 31
0.0
  2
LARGHEZZA
 70
     8
  0
ATTRIB
  5
9450
  8
0
 62
     0
 10
3.555916255962431
 20
12.78738827151594
 30
0.0
 40
0.15
  1
*TIPO*
 11
3.555916255962431
 21
12.73738827151594
 31
0.0
 73
     1
  2
TIPO
 70
     8
 74
     1
  0
SEQEND
  5
9451
  8
0
  0
INSERT
  5
9452
  8
0
 66
     1
  2
FINLUCDWN
 10
6.364135875826661
 20
12.71419448648437
 30
0.0
  0
ATTRIB
  5
9453
  8
0
  6
BYBLOCK
 62
     0
 10
6.626694607666423
 20
10.64775424353007
 30
0.0
 40
0.15
  1
*H*
  2
ALTEZZA
 70
     8
  0
ATTRIB
  5
9454
  8
0
  6
BYBLOCK
 62
     0
 10
5.906033279591636
 20
10.64775424353007
 30
0.0
 40
0.15
  1
*L*
 72
     2
 11
6.306033279591636
 21
10.64775424353007
 31
0.0
  2
LARGHEZZA
 70
     8
  0
ATTRIB
  5
9455
  8
0
 62
     0
 10
5.997094720752945
 20
10.96694274082205
 30
0.0
 40
0.15
  1
*TIPO*
 11
5.997094720752945
 21
10.91694274082205
 31
0.0
 73
     1
  2
TIPO
 70
     8
 74
     1
  0
SEQEND
  5
9456
  8
0
  0
INSERT
  5
9B90
  8
0
 66
     1
  2
RIPRETED
 10
19.96975137232567
 20
7.167365862877097
 30
0.0
  0
ATTRIB
  5
9B9C
  8
0
 10
18.48870237232567
 20
7.233203862877097
 30
0.0
 40
0.15
  1
*CODICE*
  2
CODICE
 70
     8
  0
SEQEND
  5
9B9D
  8
0
  0
INSERT
  5
AFB3
  8
0
 66
     1
  2
ETICHETTA
 10
7.317896746029925
 20
0.7187707334485918
 30
0.0
  0
ATTRIB
  5
AFB4
  8
0
  6
CONTINUOUS
 62
     7
 10
7.524620133403039
 20
0.867844066781925
 30
0.0
 40
0.08
  1
Nessun modello
 72
     1
 11
8.031286800069706
 21
0.9078440667819251
 31
0.0
 73
     2
  2
MODELLO
 70
     8
 74
     2
  0
ATTRIB
  5
AFB5
  8
0
  6
CONTINUOUS
 62
     7
 10
7.651286800069706
 20
1.651628018009946
 30
0.0
 40
0.08
  1
Nessun link
 72
     1
 11
8.031286800069706
 21
1.691628018009946
 31
0.0
 73
     2
  2
LINK
 70
     9
 74
     2
  0
ATTRIB
  5
AFB6
  8
0
  6
CONTINUOUS
 62
     7
 10
7.444620133403039
 20
1.086917400115258
 30
0.0
 40
0.08
  1
Nessuna potenza
 72
     1
 11
8.031286800069706
 21
1.126917400115258
 31
0.0
 73
     2
  2
POTENZA
 70
     8
 74
     2
  0
ATTRIB
  5
AFB7
  8
0
  6
CONTINUOUS
 62
     7
 10
7.377953466736373
 20
1.44255468467661
 30
0.0
 40
0.08
  1
Nessun riferimento
 72
     1
 11
8.031286800069706
 21
1.48255468467661
 31
0.0
 73
     2
  2
RIF
 70
     8
 74
     2
  0
SEQEND
  5
AFB8
  8
0
  0
INSERT
  5
B1CD
  8
0
 66
     1
  2
TERMRADIATORED
 10
15.23249978928839
 20
7.124343744874589
 30
0.0
  0
ATTRIB
  5
B1CE
  8
0
  6
CONTINUOUS
 62
     7
 10
16.43232178928839
 20
8.166180744874591
 30
0.0
 40
0.2
  1

 72
     1
 11
16.43232178928839
 21
8.166180744874591
 31
0.0
  2
FISSAMODELLO
 70
     9
  0
ATTRIB
  5
B1CF
  8
0
  6
CONTINUOUS
 62
     7
 10
16.20764078928839
 20
8.43418374487459
 30
0.0
 40
0.2
  1

 72
     1
 11
16.20764078928839
 21
8.43418374487459
 31
0.0
  2
FISSASERIE
 70
     9
  0
ATTRIB
  5
B1D0
  8
0
  6
CONTINUOUS
 62
     7
 10
7.150943122621728
 20
5.826150744874592
 30
0.0
 40
0.2
  1
*MONTAGGIO*
 72
     2
 11
9.217609789288394
 21
5.826150744874592
 31
0.0
  2
MONTAGGIO
 70
     9
  0
ATTRIB
  5
B1D1
  8
0
  6
CONTINUOUS
 62
     7
 10
16.10945745595506
 20
6.121804744874594
 30
0.0
 40
0.2
  1
*PERD*
 72
     2
 11
17.24279078928839
 21
6.121804744874594
 31
0.0
  2
PERDITA
 70
     9
  0
ATTRIB
  5
B1D2
  8
0
  6
CONTINUOUS
 62
     7
 10
10.91211212262172
 20
6.425057744874592
 30
0.0
 40
0.2
  1
*PORT*
 72
     1
 11
11.47877878928839
 21
6.425057744874592
 31
0.0
  2
PORT
 70
     9
  0
ATTRIB
  5
B1D3
  8
0
  6
CONTINUOUS
 62
     7
 10
7.533877455955063
 20
6.672746744874593
 30
0.0
 40
0.2
  1
*POTENZA*
 72
     2
 11
9.267210789288397
 21
6.672746744874593
 31
0.0
  2
POTENZA
 70
     9
  0
ATTRIB
  5
B1D4
  8
0
  6
CONTINUOUS
 62
     7
 10
10.96046412262172
 20
7.350141744874592
 30
0.0
 40
0.2
  1
*LMAX*
 72
     1
 11
11.52713078928839
 21
7.350141744874592
 31
0.0
  2
LMAX
 70
     9
  0
ATTRIB
  5
B1D5
  8
0
  6
CONTINUOUS
 62
     7
 10
14.45493878928839
 20
7.905130744874585
 30
0.0
 40
0.2
  1

 72
     1
 11
14.45493878928839
 21
7.905130744874585
 31
0.0
  2
ELEMENTI
 70
     9
  0
ATTRIB
  5
B1D6
  8
0
  6
CONTINUOUS
 62
     7
 10
14.45493878928839
 20
8.184248744874585
 30
0.0
 40
0.2
  1

 72
     1
 11
14.45493878928839
 21
8.184248744874585
 31
0.0
  2
MODELLO
 70
     9
  0
ATTRIB
  5
B1D7
  8
0
  6
CONTINUOUS
 62
     7
 10
16.35242845595507
 20
8.770622744874588
 30
0.0
 40
0.2
  1
??
 72
     1
 11
16.4857617892884
 21
8.770622744874588
 31
0.0
  2
COD
 70
     9
  0
ATTRIB
  5
B1D8
  8
0
  6
CONTINUOUS
 62
     7
 10
10.99847745595506
 20
7.626629744874589
 30
0.0
 40
0.2
  1
*INCR*
 72
     1
 11
11.53181078928839
 21
7.626629744874589
 31
0.0
  2
INCR
 70
     9
  0
ATTRIB
  5
B1D9
  8
0
  6
CONTINUOUS
 62
     7
 10
14.45493878928839
 20
8.43873874487459
 30
0.0
 40
0.2
  1

 72
     1
 11
14.45493878928839
 21
8.43873874487459
 31
0.0
  2
SERIE
 70
     9
  0
SEQEND
  5
B1DA
  8
0
  0
INSERT
  5
B1DB
  8
0
 66
     1
  2
PON
 10
9.789129901685284
 20
6.456757305721707
 30
0.0
  0
ATTRIB
  5
B1DC
  8
0
  6
CONTINUOUS
 62
     0
 10
9.058723235018617
 20
6.943895305721705
 30
0.0
 40
0.2
  1
*COD*
 72
     1
 11
9.525389901685283
 21
6.943895305721705
 31
0.0
  2
TIPO
 70
     8
  0
ATTRIB
  5
B1DD
  8
0
  6
CONTINUOUS
 62
     0
 10
9.725323235018616
 20
5.867658305721707
 30
0.0
 40
0.2
  1
*L*
 72
     1
 11
9.991989901685283
 21
5.867658305721707
 31
0.0
  2
LUNG
 70
     8
  0
SEQEND
  5
B1DE
  8
0
  0
INSERT
  5
B1DF
  8
0
 66
     1
  2
FIN
 10
5.141182193592793
 20
6.342780022201687
 30
0.0
  0
ATTRIB
  5
B1E0
  8
0
 62
     0
 10
4.941182193593023
 20
6.666420485382746
 30
0.0
 40
0.2
  1
*TIPO*
 72
     1
 11
5.474515526926356
 21
6.666420485382746
 31
0.0
  2
TIPO
 70
     8
  0
ATTRIB
  5
B1E1
  8
0
 62
     0
 10
5.291411069951164
 20
5.977736030793455
 30
0.0
 40
0.2
  1
*H*
  2
ALTEZZA
 70
     9
  0
SEQEND
  5
B1E2
  8
0
  0
INSERT
  5
B1E3
  8
0
  2
ALLINEA
 10
12.74947496704404
 20
5.699355434431645
 30
0.0
  0
INSERT
  5
B2E4
  8
0
 66
     1
  2
LOCNR
 10
22.16297770155195
 20
1.835364112875208
 30
0.0
  0
ATTRIB
  5
B2E5
  8
0
  6
CONTINUOUS
 62
     0
 10
24.02576244783691
 20
3.402847705138798
 30
0.0
 40
0.0744
  1
*LOCSOTT*
  2
LOCSOTT
 70
     9
  0
ATTRIB
  5
B2E6
  8
0
  6
CONTINUOUS
 62
     0
 10
24.64939975341533
 20
3.197075380391869
 30
0.0
 40
0.0744
  1
*LOCABIT*
  2
LOCABIT
 70
     9
  0
ATTRIB
  5
B2E7
  8
0
  6
CONTINUOUS
 62
     0
 10
24.03752905305478
 20
3.191196231734541
 30
0.0
 40
0.0744
  1
*APP*
  2
APP
 70
     9
  0
ATTRIB
  5
B2E8
  8
0
 62
     0
 10
23.17061279756815
 20
1.998907827059629
 30
0.0
 40
0.0744
  1
*QUOTA*
  7
STUDIO
  2
QUOTA
 70
     9
  0
ATTRIB
  5
B2E9
  8
0
  6
CONTINUOUS
 62
     0
 10
22.73719339756815
 20
1.698163827059629
 30
0.0
 40
0.0744
  1
*TSOF*
 72
     2
 11
23.15879339756815
 21
1.698163827059629
 31
0.0
  2
TSOF
 70
     9
  0
ATTRIB
  5
B2EA
  8
0
  6
CONTINUOUS
 62
     0
 10
22.73714399756816
 20
1.797280827059629
 30
0.0
 40
0.0744
  1
*TPAV*
 72
     2
 11
23.18354399756816
 21
1.797280827059629
 31
0.0
  2
TPAV
 70
     9
  0
ATTRIB
  5
B2EB
  8
0
  6
CONTINUOUS
 62
     0
 10
24.64258319756816
 20
1.172890807760107
 30
0.0
 40
0.0744
  1
*LUNG*
  2
LUNG
 70
     9
  0
ATTRIB
  5
B2EC
  8
0
  6
CONTINUOUS
 62
     0
 10
24.51668639756815
 20
1.031182807760107
 30
0.0
 40
0.0744
  1
*POSTUBI*
  2
POSTUBI
 70
     9
  0
ATTRIB
  5
B2ED
  8
0
 62
     0
 10
24.10542659756816
 20
1.554191357793428
 30
0.0
 40
0.0744
  1
*ALTEZZA*
  2
ALT.
 70
     9
  0
ATTRIB
  5
B2EE
  8
0
  6
CONTINUOUS
 62
     0
 10
24.62079599756815
 20
2.974376238542431
 30
0.0
 40
0.0744
  1
*APPGRA*
  2
APPGRA
 70
     9
  0
ATTRIB
  5
B2EF
  8
0
  6
CONTINUOUS
 62
     0
 10
24.01336019756815
 20
2.96811883854243
 30
0.0
 40
0.0744
  1
*RICARIA*
  2
RICARIA
 70
     9
  0
ATTRIB
  5
B2F0
  8
0
  6
CONTINUOUS
 62
     0
 10
24.64584479756815
 20
2.839844238542431
 30
0.0
 40
0.0744
  1
*FCONV*
  2
FCONV
 70
     9
  0
ATTRIB
  5
B2F1
  8
0
  6
CONTINUOUS
 62
     0
 10
24.00723239756815
 20
2.84314963854243
 30
0.0
 40
0.0744
  1
*CALCT*
  2
CALCOLOT
 70
     9
  0
ATTRIB
  5
B2F2
  8
0
 62
     0
 10
21.70799579428112
 20
1.183201866901912
 30
0.0
 40
0.0744
  1
-
  2
DESCR.
 70
     8
  0
ATTRIB
  5
B2F3
  8
0
  6
CONTINUOUS
 62
     0
 10
24.01875299756816
 20
2.718427038542435
 30
0.0
 40
0.0744
  1
*ZONA*
  2
ZONA
 70
     9
  0
ATTRIB
  5
B2F4
  8
0
  6
CONTINUOUS
 62
     0
 10
24.60425939756815
 20
2.697639438542434
 30
0.0
 40
0.0744
  1
*IMP*
  2
IMPIANTO
 70
     9
  0
ATTRIB
  5
B2F5
  8
0
  6
CONTINUOUS
 62
     0
 10
24.65506979756816
 20
1.546424769762795
 30
0.0
 40
0.0744
  1
*CPAV*
  2
CPAV
 70
     9
  0
ATTRIB
  5
B2F6
  8
0
  6
CONTINUOUS
 62
     0
 10
24.65736299756815
 20
1.425475207760106
 30
0.0
 40
0.0744
  1
*CSOF*
  2
CSOF
 70
     9
  0
ATTRIB
  5
B2F7
  8
0
  6
CONTINUOUS
 62
     0
 10
21.87543300001399
 20
1.751690707786123
 30
0.0
 40
0.0744
  1
*TINV*
  2
TINV
 70
     8
  0
ATTRIB
  5
B2F8
  8
0
  6
CONTINUOUS
 62
     0
 10
21.92032541811863
 20
1.514912380064618
 30
0.0
 40
0.0744
  1
*TEST*
  2
TEST
 70
     8
  0
ATTRIB
  5
B2F9
  8
0
  6
CONTINUOUS
 62
     0
 10
21.71018736743552
 20
1.964101556765724
 30
0.0
 40
0.0744
  1
-
  2
COD
 70
     8
  0
ATTRIB
  5
B2FA
  8
0
  6
CONTINUOUS
 62
     0
 10
24.02272559756815
 20
1.313613607760105
 30
0.0
 40
0.0744
  1
*TIPOBXSCELTO*
  2
TIPOBXSCELTO
 70
     9
  0
SEQEND
  5
B2FB
  8
0
  0
INSERT
  5
B56F
  8
0
 66
     1
  2
LOCCORT
 10
10.37390498055769
 20
2.207654905993392
 30
0.0
  0
ATTRIB
  5
B571
  8
0
 62
     0
 10
9.74261396517192
 20
2.128521620571028
 30
0.0
 40
0.15
  1
*CORTILE*
 72
     1
 11
10.36761396517192
 21
2.203521620571028
 31
0.0
 73
     2
  2
CORTILE
 70
     0
 74
     2
1001
ACDBBLOCKREPETAG
1070
     1
1071
        0
1005
0
  0
SEQEND
  5
B570
  8
0
  0
INSERT
  5
C1B9
  8
0
 66
     1
  2
LOC
 10
20.18867956743937
 20
1.862658248690286
 30
0.0
  0
ATTRIB
  5
C1BA
  8
0
  6
CONTINUOUS
 62
     0
 10
19.64732588524092
 20
3.496862655681935
 30
0.0
 40
0.0744
  1
*LOCSOTT*
  2
LOCSOTT
 70
     9
  0
ATTRIB
  5
C1BB
  8
0
  6
CONTINUOUS
 62
     0
 10
20.27096319081934
 20
3.291090330935006
 30
0.0
 40
0.0744
  1
*LOCABIT*
  2
LOCABIT
 70
     9
  0
ATTRIB
  5
C1BC
  8
0
  6
CONTINUOUS
 62
     0
 10
19.65909249045879
 20
3.285211182277678
 30
0.0
 40
0.0744
  1
*APP*
  2
APP
 70
     9
  0
ATTRIB
  5
C1BD
  8
0
  6
CONTINUOUS
 62
     0
 10
19.73534588219469
 20
2.002718417931052
 30
0.0
 40
0.0744
  1
-
  2
COD
 70
     8
  0
ATTRIB
  5
C1BE
  8
0
  6
CONTINUOUS
 62
     0
 10
19.94443223624539
 20
1.527427010355784
 30
0.0
 40
0.0744
  1
-
  2
PEST
 70
     8
  0
ATTRIB
  5
C1BF
  8
0
  6
CONTINUOUS
 62
     0
 10
19.8972679419696
 20
1.763199818840534
 30
0.0
 40
0.0744
  1
-
  2
PINV
 70
     8
  0
ATTRIB
  5
C1C0
  8
0
  6
CONTINUOUS
 62
     0
 10
20.3194230715624
 20
0.8505006144404426
 30
0.0
 40
0.0744
  1
*CSOF*
  2
CSOF
 70
     9
  0
ATTRIB
  5
C1C1
  8
0
  6
CONTINUOUS
 62
     0
 10
20.31712987156241
 20
1.004344214440441
 30
0.0
 40
0.0744
  1
*CPAV*
  2
CPAV
 70
     9
  0
ATTRIB
  5
C1C2
  8
0
  6
CONTINUOUS
 62
     0
 10
20.2663194715624
 20
2.758520755328575
 30
0.0
 40
0.0744
  1
*IMP*
  2
IMPIANTO
 70
     9
  0
ATTRIB
  5
C1C3
  8
0
  6
CONTINUOUS
 62
     0
 10
19.68081307156239
 20
2.779308355328574
 30
0.0
 40
0.0744
  1
*ZONA*
  2
ZONA
 70
     9
  0
ATTRIB
  5
C1C4
  8
0
 62
     0
 10
19.73447577719248
 20
1.193830181182604
 30
0.0
 40
0.0744
  1
-
 11
19.73447577719248
 21
1.169030181182604
 31
0.0
 73
     1
  2
DESCR.
 70
     8
 74
     1
  0
ATTRIB
  5
C1C5
  8
0
  6
CONTINUOUS
 62
     0
 10
18.4076388715624
 20
1.95832690773339
 30
0.0
 40
0.0744
  1
*TPAV*
 72
     2
 11
18.8540388715624
 21
1.95832690773339
 31
0.0
  2
TPAV
 70
     9
  0
ATTRIB
  5
C1C6
  8
0
  6
CONTINUOUS
 62
     0
 10
18.39992067156241
 20
1.823970107733391
 30
0.0
 40
0.0744
  1
*TSOF*
 72
     2
 11
18.82152067156241
 21
1.823970107733391
 31
0.0
  2
TSOF
 70
     9
  0
ATTRIB
  5
C1C7
  8
0
 62
     0
 10
18.84896527156241
 20
2.151526307733389
 30
0.0
 40
0.0744
  1
*ALTEZZA*
  2
ALT.
 70
     9
  0
ATTRIB
  5
C1C8
  8
0
 62
     0
 10
18.85287187156241
 20
2.328294107733391
 30
0.0
 40
0.0744
  1
*QUOTA*
  2
QUOTA
 70
     9
  0
ATTRIB
  5
C1C9
  8
0
 10
17.19460567508177
 20
1.81469229630526
 30
0.0
 40
0.1
  1
*latap*
  2
latap
 70
     9
  0
ATTRIB
  5
C1CA
  8
0
 10
15.87782967514058
 20
2.729975476417195
 30
0.0
 40
0.1
  1
*insman*
  2
insman
 70
     9
  0
ATTRIB
  5
C1CB
  8
0
 10
15.85430567508176
 20
2.168192296305258
 30
0.0
 40
0.1
  1
*potlamp*
  2
potlamp
 70
     9
  0
ATTRIB
  5
C1CC
  8
0
 10
15.84070567508176
 20
1.654392296305259
 30
0.0
 40
0.1
  1
*potmotel*
  2
potmotel
 70
     9
  0
ATTRIB
  5
C1CD
  8
0
 10
17.21163593583373
 20
2.462625482454884
 30
0.0
 40
0.1
  1
*ricariapers*
  2
ricariapers
 70
     9
  0
ATTRIB
  5
C1CE
  8
0
 10
17.18320567508176
 20
1.547492296305259
 30
0.0
 40
0.1
  1
*senspers*
  2
senspers
 70
     9
  0
ATTRIB
  5
C1CF
  8
0
 10
15.83620567508176
 20
1.39979229630526
 30
0.0
 40
0.1
  1
*profpers*
  2
profpers
 70
     9
  0
ATTRIB
  5
C1D0
  8
0
 10
15.86340567508176
 20
2.440992296305259
 30
0.0
 40
0.1
  1
*numlamp*
  2
numlamp
 70
     9
  0
ATTRIB
  5
C1D1
  8
0
 10
15.84530567508176
 20
1.908992296305259
 30
0.0
 40
0.1
  1
*nummotel*
  2
nummotel
 70
     9
  0
ATTRIB
  5
C1D2
  8
0
 10
17.21170567508177
 20
1.24059229630526
 30
0.0
 40
0.1
  1
*latpers*
  2
latpers
 70
     9
  0
ATTRIB
  5
C1D3
  8
0
 10
17.19460567508177
 20
2.110192296305259
 30
0.0
 40
0.1
  1
*sensap*
  2
sensap
 70
     9
  0
ATTRIB
  5
C1D4
  8
0
 10
17.22873593583371
 20
2.746825482454883
 30
0.0
 40
0.1
  1
*profap*
  2
profap
 70
     9
  0
ATTRIB
  5
C1D5
  8
0
 10
15.80677995997699
 20
1.111864745737602
 30
0.0
 40
0.1
  1
*numpers*
  2
numpers
 70
     1
  0
SEQEND
  5
C1D6
  8
0
  0
LINE
  5
C47B
  8
0
  6
CONF10
 62
     7
 10
-2.705583275106719
 20
17.78856228080908
 30
0.0
 11
0.3141858412308416
 21
17.78856228080908
 31
0.0
  0
LINE
  5
C47C
  8
0
  6
CONF11
 62
     7
 10
1.682531974817323
 20
24.39083629274645
 30
0.0
 11
5.160658794594728
 21
24.39083629274645
 31
0.0
  0
LINE
  5
C47D
  8
0
  6
CONF12
 62
     7
 10
1.655569897290608
 20
23.58250816354759
 30
0.0
 11
5.106734374487369
 21
23.58250816354759
 31
0.0
  0
LINE
  5
C47E
  8
0
  6
CONF13
 62
     7
 10
1.655569897290608
 20
22.88195716368107
 30
0.0
 11
5.214583214702146
 21
22.88195716368107
 31
0.0
  0
LINE
  5
C47F
  8
0
  6
CONF14
 62
     7
 10
1.628607554709964
 20
22.18140616381456
 30
0.0
 11
5.32243205491694
 21
22.18140616381456
 31
0.0
  0
LINE
  5
C480
  8
0
  6
CONF15
 62
     7
 10
1.655569897290608
 20
21.37307803461572
 30
0.0
 11
5.241545292228867
 21
21.37307803461572
 31
0.0
  0
LINE
  5
C481
  8
0
  6
CONF16
 62
     7
 10
1.682531974817323
 20
20.78030402776405
 30
0.0
 11
5.241545292228867
 21
20.78030402776405
 31
0.0
  0
LINE
  5
C482
  8
0
  6
CONF17
 62
     7
 10
2.03330138282966
 20
20.12249342759069
 30
0.0
 11
4.945221393898561
 21
20.12249342759069
 31
0.0
  0
LINE
  5
C483
  8
0
  6
CONF18
 62
     7
 10
2.060263460356384
 20
19.36805379489923
 30
0.0
 11
4.891296973791138
 21
19.36805379489923
 31
0.0
  0
LINE
  5
C484
  8
0
  6
CONF19
 62
     7
 10
2.114187880463803
 20
18.55972566570037
 30
0.0
 11
5.133956996801361
 21
18.55972566570037
 31
0.0
  0
LINE
  5
C485
  8
0
  6
CONF20
 62
     7
 10
2.21058330357521
 20
17.69216685769767
 30
0.0
 11
5.230352419912771
 21
17.69216685769767
 31
0.0
  0
LINE
  5
C486
  8
0
  6
CONF21
 62
     7
 10
6.645390086568839
 20
24.3772806863714
 30
0.0
 11
10.12351690634624
 21
24.3772806863714
 31
0.0
  0
LINE
  5
C487
  8
0
  6
CONF22
 62
     7
 10
6.618428009042117
 20
23.56895255717254
 30
0.0
 11
10.06959248623888
 21
23.56895255717254
 31
0.0
  0
LINE
  5
C488
  8
0
  6
CONF23
 62
     7
 10
6.618428009042117
 20
22.86840155730602
 30
0.0
 11
10.17744132645366
 21
22.86840155730602
 31
0.0
  0
LINE
  5
C489
  8
0
  6
CONF24
 62
     7
 10
6.591465666461481
 20
22.16785055743952
 30
0.0
 11
10.28529016666846
 21
22.16785055743952
 31
0.0
  0
LINE
  5
C48A
  8
0
  6
CONF25
 62
     7
 10
6.618428009042117
 20
21.35952242824067
 30
0.0
 11
10.20440340398038
 21
21.35952242824067
 31
0.0
  0
LINE
  5
C48B
  8
0
  6
CONF26
 62
     7
 10
6.645390086568839
 20
20.766748421389
 30
0.0
 11
10.20440340398038
 21
20.766748421389
 31
0.0
  0
LINE
  5
C48C
  8
0
  6
CONF27
 62
     7
 10
6.996159494581177
 20
20.10893782121564
 30
0.0
 11
9.90807950565008
 21
20.10893782121564
 31
0.0
  0
LINE
  5
C48D
  8
0
  6
CONF28
 62
     7
 10
7.0231215721079
 20
19.35449818852417
 30
0.0
 11
9.854155085542656
 21
19.35449818852417
 31
0.0
  0
LINE
  5
C48E
  8
0
  6
CONF29
 62
     7
 10
7.077045992215317
 20
18.54617005932532
 30
0.0
 11
10.09681510855288
 21
18.54617005932532
 31
0.0
  0
LINE
  5
C48F
  8
0
  6
CONF30
 62
     7
 10
7.173441415326727
 20
17.67861125132263
 30
0.0
 11
10.19321053166429
 21
17.67861125132263
 31
0.0
  0
LINE
  5
C490
  8
0
  6
CONF31
 62
     7
 10
11.38985231783358
 20
24.3772806863714
 30
0.0
 11
14.86797913761097
 21
24.3772806863714
 31
0.0
  0
LINE
  5
C491
  8
0
  6
CONF32
 62
     7
 10
11.36289024030685
 20
23.56895255717254
 30
0.0
 11
14.81405471750362
 21
23.56895255717254
 31
0.0
  0
LINE
  5
C492
  8
0
  6
CONF33
 62
     7
 10
11.36289024030685
 20
22.86840155730602
 30
0.0
 11
14.92190355771839
 21
22.86840155730602
 31
0.0
  0
LINE
  5
C493
  8
0
  6
CONF34
 62
     7
 10
11.33592789772621
 20
22.16785055743952
 30
0.0
 11
15.02975239793319
 21
22.16785055743952
 31
0.0
  0
LINE
  5
C494
  8
0
  6
CONF35
 62
     7
 10
11.36289024030685
 20
21.35952242824067
 30
0.0
 11
14.94886563524511
 21
21.35952242824067
 31
0.0
  0
LINE
  5
C495
  8
0
  6
CONF36
 62
     7
 10
11.38985231783358
 20
20.766748421389
 30
0.0
 11
14.94886563524511
 21
20.766748421389
 31
0.0
  0
LINE
  5
C496
  8
0
  6
CONF37
 62
     7
 10
11.74062172584591
 20
20.10893782121564
 30
0.0
 11
14.6525417369148
 21
20.10893782121564
 31
0.0
  0
LINE
  5
C497
  8
0
  6
CONF38
 62
     7
 10
11.76758380337263
 20
19.35449818852417
 30
0.0
 11
14.59861731680739
 21
19.35449818852417
 31
0.0
  0
LINE
  5
C498
  8
0
  6
CONF39
 62
     7
 10
11.82150822348005
 20
18.54617005932532
 30
0.0
 11
14.84127733981761
 21
18.54617005932532
 31
0.0
  0
LINE
  5
C499
  8
0
  6
CONF40
 62
     7
 10
11.91790364659146
 20
17.67861125132263
 30
0.0
 11
14.93767276292902
 21
17.67861125132263
 31
0.0
  0
LINE
  5
C49A
  8
0
  6
CONF41
 62
     7
 10
17.00036717861488
 20
24.3772806863714
 30
0.0
 11
20.47849399839228
 21
24.3772806863714
 31
0.0
  0
LINE
  5
C49B
  8
0
  6
CONF42
 62
     7
 10
16.97340510108816
 20
23.56895255717254
 30
0.0
 11
20.42456957828492
 21
23.56895255717254
 31
0.0
  0
LINE
  5
C49C
  8
0
  6
CONF43
 62
     7
 10
16.97340510108816
 20
22.86840155730602
 30
0.0
 11
20.5324184184997
 21
22.86840155730602
 31
0.0
  0
LINE
  5
C49D
  8
0
  6
CONF44
 62
     7
 10
16.94644275850751
 20
22.16785055743952
 30
0.0
 11
20.64026725871449
 21
22.16785055743952
 31
0.0
  0
LINE
  5
C49E
  8
0
  6
CONF45
 62
     7
 10
16.97340510108816
 20
21.35952242824067
 30
0.0
 11
20.55938049602643
 21
21.35952242824067
 31
0.0
  0
LINE
  5
C49F
  8
0
  6
CONF46
 62
     7
 10
17.00036717861488
 20
20.766748421389
 30
0.0
 11
20.55938049602643
 21
20.766748421389
 31
0.0
  0
LINE
  5
C4A0
  8
0
  6
CONF47
 62
     7
 10
17.35113658662722
 20
20.10893782121564
 30
0.0
 11
20.26305659769612
 21
20.10893782121564
 31
0.0
  0
LINE
  5
C4A1
  8
0
  6
CONF48
 62
     7
 10
17.37809866415394
 20
19.35449818852417
 30
0.0
 11
20.2091321775887
 21
19.35449818852417
 31
0.0
  0
LINE
  5
C4A2
  8
0
  6
CONF49
 62
     7
 10
17.43202308426136
 20
18.54617005932532
 30
0.0
 11
20.45179220059891
 21
18.54617005932532
 31
0.0
  0
LINE
  5
C4A3
  8
0
  6
CONF50
 62
     7
 10
17.52841850737276
 20
17.67861125132263
 30
0.0
 11
20.54818762371032
 21
17.67861125132263
 31
0.0
  0
LINE
  5
C4A4
  8
0
  6
CONF66
 62
     7
 10
28.18444833301054
 20
20.6597718929207
 30
0.0
 11
31.66257515278795
 21
20.6597718929207
 31
0.0
  0
LINE
  5
C4A5
  8
0
  6
CONF61
 62
     7
 10
28.3081041040954
 20
24.27960851290225
 30
0.0
 11
31.75926858129215
 21
24.27960851290225
 31
0.0
  0
LINE
  5
C4A6
  8
0
  6
CONF62
 62
     7
 10
28.3081041040954
 20
23.57905751303573
 30
0.0
 11
31.86711742150694
 21
23.57905751303573
 31
0.0
  0
LINE
  5
C4A7
  8
0
  6
CONF63
 62
     7
 10
28.28114176151475
 20
22.87850651316923
 30
0.0
 11
31.97496626172173
 21
22.87850651316923
 31
0.0
  0
LINE
  5
C4A8
  8
0
  6
CONF64
 62
     7
 10
28.3081041040954
 20
22.07017838397038
 30
0.0
 11
31.89407949903366
 21
22.07017838397038
 31
0.0
  0
LINE
  5
C4A9
  8
0
  6
CONF65
 62
     7
 10
28.33506618162211
 20
21.47740437711871
 30
0.0
 11
31.89407949903366
 21
21.47740437711871
 31
0.0
  0
LINE
  5
C4AA
  8
0
  6
CONF67
 62
     7
 10
28.50509417130057
 20
19.97613382472052
 30
0.0
 11
31.41701418236946
 21
19.97613382472052
 31
0.0
  0
LINE
  5
C4AB
  8
0
  6
CONF68
 62
     7
 10
28.53205624882728
 20
19.22169419202905
 30
0.0
 11
31.36308976226204
 21
19.22169419202905
 31
0.0
  0
LINE
  5
C4AC
  8
0
  6
CONF69
 62
     7
 10
28.58598066893471
 20
18.4133660628302
 30
0.0
 11
31.60574978527226
 21
18.4133660628302
 31
0.0
  0
LINE
  5
C4AD
  8
0
  6
CONF70
 62
     7
 10
28.68237609204611
 20
17.5458072548275
 30
0.0
 11
31.70214520838368
 21
17.5458072548275
 31
0.0
  0
LINE
  5
C4AE
  8
0
  6
CONF60
 62
     7
 10
23.13239634021379
 20
17.71620633152433
 30
0.0
 11
26.61052315999119
 21
17.71620633152433
 31
0.0
  0
LINE
  5
C4AF
  8
0
  6
CONF51
 62
     7
 10
22.681821563467
 20
24.34463447752218
 30
0.0
 11
26.13298604066376
 21
24.34463447752218
 31
0.0
  0
LINE
  5
C4B0
  8
0
  6
CONF52
 62
     7
 10
22.681821563467
 20
23.64408347765565
 30
0.0
 11
26.24083488087854
 21
23.64408347765565
 31
0.0
  0
LINE
  5
C4B1
  8
0
  6
CONF53
 62
     7
 10
22.65485922088635
 20
22.94353247778915
 30
0.0
 11
26.34868372109333
 21
22.94353247778915
 31
0.0
  0
LINE
  5
C4B2
  8
0
  6
CONF54
 62
     7
 10
22.681821563467
 20
22.1352043485903
 30
0.0
 11
26.26779695840526
 21
22.1352043485903
 31
0.0
  0
LINE
  5
C4B3
  8
0
  6
CONF55
 62
     7
 10
22.70878364099372
 20
21.54243034173863
 30
0.0
 11
26.26779695840526
 21
21.54243034173863
 31
0.0
  0
LINE
  5
C4B4
  8
0
  6
CONF56
 62
     7
 10
23.05955304900606
 20
20.88461974156528
 30
0.0
 11
25.97147306007496
 21
20.88461974156528
 31
0.0
  0
LINE
  5
C4B5
  8
0
  6
CONF57
 62
     7
 10
23.08651512653279
 20
20.13018010887381
 30
0.0
 11
25.91754863996754
 21
20.13018010887381
 31
0.0
  0
LINE
  5
C4B6
  8
0
  6
CONF58
 62
     7
 10
23.1404395466402
 20
19.32185197967496
 30
0.0
 11
26.16020866297776
 21
19.32185197967496
 31
0.0
  0
LINE
  5
C4B7
  8
0
  6
CONF59
 62
     7
 10
23.2368349697516
 20
18.45429317167225
 30
0.0
 11
26.25660408608917
 21
18.45429317167225
 31
0.0
  0
LINE
  5
C4B8
  8
0
  6
CONF72
 62
     7
 10
33.34368252205912
 20
23.48423001732853
 30
0.0
 11
36.79484699925589
 21
23.48423001732853
 31
0.0
  0
LINE
  5
C4B9
  8
0
  6
CONF71
 62
     7
 10
33.37064459958584
 20
24.29255814652739
 30
0.0
 11
36.84877141936324
 21
24.29255814652739
 31
0.0
  0
INSERT
  5
CE82
  8
0
 66
     1
  2
VALVOLA_E
 10
17.25022404987636
 20
1.81655228142482
 30
0.0
  0
ATTRIB
  5
CE84
  8
0
 10
16.7421257812441
 20
1.211668038998988
 30
0.0
 40
0.2
  1
*GIRI*
 72
     1
 11
17.2421257812441
 21
1.211668038998988
 31
0.0
  2
GIRI
 70
     0
1001
ACDBATTR
1070
     0
1070
     1
  0
SEQEND
  5
CE83
  8
0
  0
INSERT
  5
DC20
  8
0
 66
     1
  2
VALVOLA
 10
14.98851241967396
 20
2.841989265597808
 30
0.0
  0
ATTRIB
  5
DC22
  8
0
 10
14.48041415104171
 20
2.237105023171976
 30
0.0
 40
0.2
  1
*GIRI*
 72
     1
 11
14.98041415104171
 21
2.237105023171976
 31
0.0
  2
GIRI
 70
     0
1001
ACDBATTR
1070
     0
1070
     1
  0
ATTRIB
  5
DC23
  8
0
 10
14.25529685198822
 20
3.299829573788271
 30
0.0
 40
0.2
  1
*CODICE*
 72
     1
 11
14.98863018532155
 21
3.299829573788271
 31
0.0
  2
CODICE
 70
     0
1001
ACDBATTR
1070
     0
1070
     1
  0
SEQEND
  5
DC21
  8
0
  0
INSERT
  5
E0EB
  8
0
 66
     1
  2
PROPL
 10
14.63987452944486
 20
8.467452012550387
 30
0.0
  0
ATTRIB
  5
E0ED
  8
0
 10
14.58997038443767
 20
8.658263148109574
 30
0.0
 40
0.1
  1
*PROP*
  2
PROP
 70
     1
1001
ACDBATTR
1070
     0
1070
     1
  0
SEQEND
  5
E0EC
  8
0
  0
INSERT
  5
E0F3
  8
0
 66
     1
  2
TERMFANCOILS
 10
18.92109085074072
 20
14.28686284962982
 30
0.0
  0
ATTRIB
  5
E0F4
  8
0
  6
CONTINUOUS
 62
     7
 10
20.12091285074072
 20
15.32869984962982
 30
0.0
 40
0.2
  1

 72
     1
 11
20.12091285074072
 21
15.32869984962982
 31
0.0
  2
FISSAMODELLO
 70
     9
  0
ATTRIB
  5
E0F5
  8
0
  6
CONTINUOUS
 62
     7
 10
19.89623185074072
 20
15.59670284962982
 30
0.0
 40
0.2
  1

 72
     1
 11
19.89623185074072
 21
15.59670284962982
 31
0.0
  2
FISSASERIE
 70
     9
  0
ATTRIB
  5
E0F6
  8
0
  6
CONTINUOUS
 62
     7
 10
10.83953418407405
 20
12.98866984962982
 30
0.0
 40
0.2
  1
*MONTAGGIO*
 72
     2
 11
12.90620085074072
 21
12.98866984962982
 31
0.0
  2
MONTAGGIO
 70
     9
  0
ATTRIB
  5
E0F7
  8
0
  6
CONTINUOUS
 62
     7
 10
19.7980485174074
 20
13.28432384962982
 30
0.0
 40
0.2
  1
*PERD*
 72
     2
 11
20.93138185074073
 21
13.28432384962982
 31
0.0
  2
PERDITA
 70
     9
  0
ATTRIB
  5
E0F8
  8
0
  6
CONTINUOUS
 62
     7
 10
14.60070318407405
 20
13.58757684962982
 30
0.0
 40
0.2
  1
*PORT*
 72
     1
 11
15.16736985074072
 21
13.58757684962982
 31
0.0
  2
PORT
 70
     9
  0
ATTRIB
  5
E0F9
  8
0
  6
CONTINUOUS
 62
     7
 10
11.22246851740739
 20
13.83526584962982
 30
0.0
 40
0.2
  1
*POTENZA*
 72
     2
 11
12.95580185074072
 21
13.83526584962982
 31
0.0
  2
POTENZA
 70
     9
  0
ATTRIB
  5
E0FA
  8
0
  6
CONTINUOUS
 62
     7
 10
14.64905518407405
 20
14.51266084962982
 30
0.0
 40
0.2
  1
*LMAX*
 72
     1
 11
15.21572185074072
 21
14.51266084962982
 31
0.0
  2
LMAX
 70
     9
  0
ATTRIB
  5
E0FB
  8
0
  6
CONTINUOUS
 62
     7
 10
18.14352985074073
 20
15.06764984962982
 30
0.0
 40
0.2
  1

 72
     1
 11
18.14352985074073
 21
15.06764984962982
 31
0.0
  2
ELEMENTI
 70
     9
  0
ATTRIB
  5
E0FC
  8
0
  6
CONTINUOUS
 62
     7
 10
18.14352985074073
 20
15.34676784962981
 30
0.0
 40
0.2
  1

 72
     1
 11
18.14352985074073
 21
15.34676784962981
 31
0.0
  2
MODELLO
 70
     9
  0
ATTRIB
  5
E0FD
  8
0
  6
CONTINUOUS
 62
     7
 10
20.0410195174074
 20
15.93314184962982
 30
0.0
 40
0.2
  1
??
 72
     1
 11
20.17435285074073
 21
15.93314184962982
 31
0.0
  2
COD
 70
     9
  0
ATTRIB
  5
E0FE
  8
0
  6
CONTINUOUS
 62
     7
 10
14.68706851740739
 20
14.78914884962982
 30
0.0
 40
0.2
  1
*INCR*
 72
     1
 11
15.22040185074072
 21
14.78914884962982
 31
0.0
  2
INCR
 70
     9
  0
ATTRIB
  5
E0FF
  8
0
  6
CONTINUOUS
 62
     7
 10
18.14352985074073
 20
15.60125784962982
 30
0.0
 40
0.2
  1

 72
     1
 11
18.14352985074073
 21
15.60125784962982
 31
0.0
  2
SERIE
 70
     9
  0
SEQEND
  5
E100
  8
0
  0
INSERT
  5
E101
  8
0
 66
     1
  2
TERMFANCOILD
 10
17.18800181424304
 20
14.33076304295324
 30
0.0
  0
ATTRIB
  5
E102
  8
0
  6
CONTINUOUS
 62
     7
 10
16.41044081424304
 20
15.64515804295324
 30
0.0
 40
0.2
  1

 72
     1
 11
16.41044081424304
 21
15.64515804295324
 31
0.0
  2
SERIE
 70
     9
  0
ATTRIB
  5
E103
  8
0
  6
CONTINUOUS
 62
     7
 10
12.9539794809097
 20
14.83304904295324
 30
0.0
 40
0.2
  1
*INCR*
 72
     1
 11
13.48731281424303
 21
14.83304904295324
 31
0.0
  2
INCR
 70
     9
  0
ATTRIB
  5
E104
  8
0
  6
CONTINUOUS
 62
     7
 10
18.30793048090971
 20
15.97704204295324
 30
0.0
 40
0.2
  1
??
 72
     1
 11
18.44126381424304
 21
15.97704204295324
 31
0.0
  2
COD
 70
     9
  0
ATTRIB
  5
E105
  8
0
  6
CONTINUOUS
 62
     7
 10
16.41044081424304
 20
15.39066804295323
 30
0.0
 40
0.2
  1

 72
     1
 11
16.41044081424304
 21
15.39066804295323
 31
0.0
  2
MODELLO
 70
     9
  0
ATTRIB
  5
E106
  8
0
  6
CONTINUOUS
 62
     7
 10
16.41044081424304
 20
15.11155004295324
 30
0.0
 40
0.2
  1

 72
     1
 11
16.41044081424304
 21
15.11155004295324
 31
0.0
  2
ELEMENTI
 70
     9
  0
ATTRIB
  5
E107
  8
0
  6
CONTINUOUS
 62
     7
 10
12.91596614757635
 20
14.55656104295324
 30
0.0
 40
0.2
  1
*LMAX*
 72
     1
 11
13.48263281424302
 21
14.55656104295324
 31
0.0
  2
LMAX
 70
     9
  0
ATTRIB
  5
E108
  8
0
  6
CONTINUOUS
 62
     7
 10
9.489379480909687
 20
13.87916604295324
 30
0.0
 40
0.2
  1
*POTENZA*
 72
     2
 11
11.22271281424302
 21
13.87916604295324
 31
0.0
  2
POTENZA
 70
     9
  0
ATTRIB
  5
E109
  8
0
  6
CONTINUOUS
 62
     7
 10
12.86761414757637
 20
13.63147704295324
 30
0.0
 40
0.2
  1
*PORT*
 72
     1
 11
13.43428081424304
 21
13.63147704295324
 31
0.0
  2
PORT
 70
     9
  0
ATTRIB
  5
E10A
  8
0
  6
CONTINUOUS
 62
     7
 10
18.0649594809097
 20
13.32822404295325
 30
0.0
 40
0.2
  1
*PERD*
 72
     2
 11
19.19829281424303
 21
13.32822404295325
 31
0.0
  2
PERDITA
 70
     9
  0
ATTRIB
  5
E10B
  8
0
  6
CONTINUOUS
 62
     7
 10
9.106445147576364
 20
13.03257004295324
 30
0.0
 40
0.2
  1
*MONTAGGIO*
 72
     2
 11
11.17311181424303
 21
13.03257004295324
 31
0.0
  2
MONTAGGIO
 70
     9
  0
ATTRIB
  5
E10C
  8
0
  6
CONTINUOUS
 62
     7
 10
18.16314281424304
 20
15.64060304295324
 30
0.0
 40
0.2
  1

 72
     1
 11
18.16314281424304
 21
15.64060304295324
 31
0.0
  2
FISSASERIE
 70
     9
  0
ATTRIB
  5
E10D
  8
0
  6
CONTINUOUS
 62
     7
 10
18.38782381424303
 20
15.37260004295324
 30
0.0
 40
0.2
  1

 72
     1
 11
18.38782381424303
 21
15.37260004295324
 31
0.0
  2
FISSAMODELLO
 70
     9
  0
SEQEND
  5
E10E
  8
0
  0
INSERT
  5
E10F
  8
0
 66
     1
  2
TABCOLORI
 10
9.330379932775896
 20
13.93091406640277
 30
0.0
  0
ATTRIB
  5
E110
  8
0
 62
     7
 10
9.489676932775897
 20
14.66487706640277
 30
0.0
 40
0.2
  1
*CODP*
  2
CODP
 70
     8
  0
ATTRIB
  5
E111
  8
0
 62
     7
 10
9.475698932775895
 20
14.01534906640277
 30
0.0
 40
0.2
  1
*DESCP*
  2
DESCP
 70
     8
  0
ATTRIB
  5
E112
  8
0
 62
     7
 10
11.06222993277589
 20
14.36455806640277
 30
0.0
 40
0.2
  1
*NOMECOLP*
  2
NOMECOLP
 70
     8
  0
SEQEND
  5
E113
  8
0
  0
LINE
  5
E11A
  8
0
  6
COLLETTORE
 10
11.14094204462806
 20
16.32124197334757
 30
0.0
 11
19.41111610799676
 21
16.32124197334757
 31
0.0
  0
LINE
  5
E121
  8
0
  6
COLLETTORE1
 10
21.00153434424719
 20
16.32124197334757
 30
0.0
 11
28.198176137273
 21
16.32124197334757
 31
0.0
  0
LINE
  5
E123
  8
0
  6
DIVIDE
 10
30.06691743879411
 20
16.36097922599867
 30
0.0
 11
36.66715258885672
 21
16.36097922599867
 31
0.0
  0
INSERT
  5
E7A0
  8
0
  6
DIVIDE
 66
     1
  2
CAMBIOZ
 10
15.10068032577338
 20
4.969766294266195
 30
0.0
  0
ATTRIB
  5
E7A2
  8
0
 10
15.07410588894687
 20
5.607059697211474
 30
0.0
 40
0.15
  1
*DFISSO*
  2
DFISSO
 70
     1
  0
ATTRIB
  5
E7A3
  8
0
 10
15.07410588894687
 20
5.165348895539657
 30
0.0
 40
0.15
  1
*DZ*
  2
DZ
 70
     0
  0
ATTRIB
  5
E7A4
  8
0
 10
15.07410588894687
 20
5.386204337315867
 30
0.0
 40
0.15
  1
*TUBO*
  2
TUBO
 70
     1
  0
SEQEND
  5
E7A1
  8
0
  6
DIVIDE
  0
INSERT
  5
EF3D
  8
0
  6
DIVIDE
 66
     1
  2
DN
 10
17.81649470162002
 20
2.579866639283741
 30
0.0
  0
ATTRIB
  5
EF3E
  8
0
 10
17.44545919061119
 20
2.109722206488041
 30
0.0
 40
0.2
  1
*DN*
 72
     1
 11
17.81212585727785
 21
2.109722206488041
 31
0.0
  2
DN
 70
     0
1001
ACDBATTR
1070
     0
1070
     1
  0
ATTRIB
  5
EF3F
  8
0
 10
17.44545919061119
 20
2.833813411729376
 30
0.0
 40
0.2
  1
*NO*
 72
     1
 11
17.81212585727785
 21
2.833813411729376
 31
0.0
  2
FISSO
 70
     1
1001
ACDBATTR
1070
     0
1070
     1
  0
SEQEND
  5
EF40
  8
0
  6
DIVIDE
  0
ENDSEC
  0
EOF
