  0
SECTION
  2
HEADER
  9
$ACADVER
  1
AC1009
  9
$INSBASE
 10
0.0
 20
0.0
 30
0.0
  9
$EXTMIN
 10
0.0
 20
-0.5799689375836483
 30
0.0
  9
$EXTMAX
 10
51.666666666666657
 20
15.47280790714796
 30
3.0
  9
$LIMMIN
 10
0.0
 20
0.0
  9
$LIMMAX
 10
420.0
 20
297.0
  9
$ORTHOMODE
 70
     1
  9
$REGENMODE
 70
     1
  9
$FILLMODE
 70
     1
  9
$QTEXTMODE
 70
     0
  9
$MIRRTEXT
 70
     0
  9
$DRAGMODE
 70
     2
  9
$LTSCALE
 40
1.0
  9
$OSMODE
 70
  3071
  9
$ATTMODE
 70
     1
  9
$TEXTSIZE
 40
2.5
  9
$TRACEWID
 40
1.0
  9
$TEXTSTYLE
  7
STANDARD
  9
$CLAYER
  8
0
  9
$CELTYPE
  6
FITTIZIA
  9
$CECOLOR
 62
   256
  9
$DIMSCALE
 40
1.0
  9
$DIMASZ
 40
2.5
  9
$DIMEXO
 40
0.625
  9
$DIMDLI
 40
3.75
  9
$DIMRND
 40
0.0
  9
$DIMDLE
 40
0.0
  9
$DIMEXE
 40
1.25
  9
$DIMTP
 40
0.0
  9
$DIMTM
 40
0.0
  9
$DIMTXT
 40
2.5
  9
$DIMCEN
 40
2.5
  9
$DIMTSZ
 40
0.0
  9
$DIMTOL
 70
     0
  9
$DIMLIM
 70
     0
  9
$DIMTIH
 70
     0
  9
$DIMTOH
 70
     0
  9
$DIMSE1
 70
     0
  9
$DIMSE2
 70
     0
  9
$DIMTAD
 70
     1
  9
$DIMZIN
 70
     8
  9
$DIMBLK
  1

  9
$DIMASO
 70
     1
  9
$DIMSHO
 70
     1
  9
$DIMPOST
  1

  9
$DIMAPOST
  1

  9
$DIMALT
 70
     0
  9
$DIMALTD
 70
     3
  9
$DIMALTF
 40
0.03937007874016
  9
$DIMLFAC
 40
1.0
  9
$DIMTOFL
 70
     1
  9
$DIMTVP
 40
0.0
  9
$DIMTIX
 70
     0
  9
$DIMSOXD
 70
     0
  9
$DIMSAH
 70
     0
  9
$DIMBLK1
  1

  9
$DIMBLK2
  1

  9
$DIMSTYLE
  2
ISO-25
  9
$DIMCLRD
 70
     0
  9
$DIMCLRE
 70
     0
  9
$DIMCLRT
 70
     0
  9
$DIMTFAC
 40
1.0
  9
$DIMGAP
 40
0.625
  9
$LUNITS
 70
     2
  9
$LUPREC
 70
     4
  9
$SKETCHINC
 40
1.0
  9
$FILLETRAD
 40
0.0
  9
$AUNITS
 70
     0
  9
$AUPREC
 70
     0
  9
$MENU
  1
.
  9
$ELEVATION
 40
0.0
  9
$PELEVATION
 40
0.0
  9
$THICKNESS
 40
0.0
  9
$LIMCHECK
 70
     0
  9
$BLIPMODE
 70
     0
  9
$CHAMFERA
 40
0.0
  9
$CHAMFERB
 40
0.0
  9
$SKPOLY
 70
     0
  9
$TDCREATE
 40
2454237.3597545829
  9
$TDUPDATE
 40
2454762.4344325
  9
$TDINDWG
 40
0.1207078356
  9
$TDUSRTIMER
 40
0.1206824884
  9
$USRTIMER
 70
     1
  9
$ANGBASE
 50
0.0
  9
$ANGDIR
 70
     0
  9
$PDMODE
 70
     0
  9
$PDSIZE
 40
0.0
  9
$PLINEWID
 40
0.0
  9
$COORDS
 70
     1
  9
$SPLFRAME
 70
     0
  9
$SPLINETYPE
 70
     6
  9
$SPLINESEGS
 70
     8
  9
$ATTDIA
 70
     0
  9
$ATTREQ
 70
     1
  9
$HANDLING
 70
     1
  9
$HANDSEED
  5
20F3
  9
$SURFTAB1
 70
     6
  9
$SURFTAB2
 70
     6
  9
$SURFTYPE
 70
     6
  9
$SURFU
 70
     6
  9
$SURFV
 70
     6
  9
$UCSNAME
  2

  9
$UCSORG
 10
0.0
 20
0.0
 30
0.0
  9
$UCSXDIR
 10
1.0
 20
0.0
 30
0.0
  9
$UCSYDIR
 10
0.0
 20
1.0
 30
0.0
  9
$PUCSNAME
  2

  9
$PUCSORG
 10
0.0
 20
0.0
 30
0.0
  9
$PUCSXDIR
 10
1.0
 20
0.0
 30
0.0
  9
$PUCSYDIR
 10
0.0
 20
1.0
 30
0.0
  9
$USERI1
 70
     0
  9
$USERI2
 70
     0
  9
$USERI3
 70
     0
  9
$USERI4
 70
     0
  9
$USERI5
 70
     0
  9
$USERR1
 40
0.0
  9
$USERR2
 40
0.0
  9
$USERR3
 40
0.0
  9
$USERR4
 40
0.0
  9
$USERR5
 40
0.0
  9
$WORLDVIEW
 70
     1
  9
$SHADEDGE
 70
     3
  9
$SHADEDIF
 70
    70
  9
$TILEMODE
 70
     1
  9
$MAXACTVP
 70
    64
  9
$PLIMCHECK
 70
     0
  9
$PEXTMIN
 10
0.0
 20
0.0
 30
0.0
  9
$PEXTMAX
 10
0.0
 20
0.0
 30
0.0
  9
$PLIMMIN
 10
0.0
 20
0.0
  9
$PLIMMAX
 10
12.0
 20
9.0
  9
$UNITMODE
 70
     0
  9
$VISRETAIN
 70
     1
  9
$PLINEGEN
 70
     0
  9
$PSLTSCALE
 70
     1
  0
ENDSEC
  0
SECTION
  2
TABLES
  0
TABLE
  2
VPORT
 70
     2
  0
VPORT
  2
*ACTIVE
 70
     0
 10
0.0
 20
0.0
 11
1.0
 21
1.0
 12
10.59318390975182
 22
8.0212162059408296
 13
0.0
 23
0.0
 14
10.0
 24
10.0
 15
10.0
 25
10.0
 16
0.0
 26
0.0
 36
1.0
 17
0.0
 27
0.0
 37
0.0
 40
15.20919164389186
 41
1.9912536443148681
 42
50.0
 43
0.0
 44
0.0
 50
0.0
 51
0.0
 71
     0
 72
  1000
 73
     1
 74
     3
 75
     0
 76
     0
 77
     0
 78
     0
  0
ENDTAB
  0
TABLE
  2
LTYPE
 70
     2
  0
LTYPE
  2
CONTINUOUS
 70
     0
  3
Solid line
 72
    65
 73
     0
 40
0.0
  0
LTYPE
  2
FITTIZIA
 70
     0
  3
Parete fittizia
 72
    65
 73
     2
 40
0.5
 49
0.25
 49
-0.25
  0
ENDTAB
  0
TABLE
  2
LAYER
 70
     4
  0
LAYER
  2
0
 70
     0
 62
     7
  6
CONTINUOUS
  0
LAYER
  2
PIANTA
 70
     0
 62
    -7
  6
CONTINUOUS
  0
LAYER
  2
P1
 70
     0
 62
     7
  6
CONTINUOUS
  0
LAYER
  2
EDIFICIO
 70
     0
 62
     7
  6
CONTINUOUS
  0
ENDTAB
  0
TABLE
  2
STYLE
 70
     1
  0
STYLE
  2
STANDARD
 70
     0
 40
0.0
 41
1.0
 50
0.0
 71
     0
 42
2.5
  3
txt
  4

  0
ENDTAB
  0
TABLE
  2
VIEW
 70
     0
  0
ENDTAB
  0
TABLE
  2
UCS
 70
     0
  0
ENDTAB
  0
TABLE
  2
APPID
 70
     9
  0
APPID
  2
ACAD
 70
     0
  0
APPID
  2
ACAD_PSEXT
 70
     0
  0
APPID
  2
CONTENTBLOCKICON
 70
     0
  0
APPID
  2
ACAUTHENVIRON
 70
     0
  0
APPID
  2
ACDBDYNAMICBLOCKTRUENAME
 70
     0
  0
APPID
  2
ACDBDYNAMICBLOCKGUID
 70
     0
  0
APPID
  2
ACDBBLOCKREPETAG
 70
     0
  0
APPID
  2
ACAD_EXEMPT_FROM_CAD_STANDARDS
 70
     0
  0
APPID
  2
ACAECLAYERSTANDARD
 70
     0
  0
ENDTAB
  0
TABLE
  2
DIMSTYLE
 70
     2
  0
DIMSTYLE
  2
ISO-25
 70
     0
  3

  4

  5

  6

  7

 40
1.0
 41
2.5
 42
0.625
 43
3.75
 44
1.25
 45
0.0
 46
0.0
 47
0.0
 48
0.0
140
2.5
141
2.5
142
0.0
143
0.03937007874016
144
1.0
145
0.0
146
1.0
147
0.625
 71
     0
 72
     0
 73
     0
 74
     0
 75
     0
 76
     0
 77
     1
 78
     8
170
     0
171
     3
172
     1
173
     0
174
     0
175
     0
176
     0
177
     0
178
     0
  0
DIMSTYLE
  2
STANDARD
 70
     0
  3

  4

  5

  6

  7

 40
1.0
 41
0.18
 42
0.0625
 43
0.38
 44
0.18
 45
0.0
 46
0.0
 47
0.0
 48
0.0
140
0.18
141
0.09
142
0.0
143
25.399999999999999
144
1.0
145
0.0
146
1.0
147
0.09
 71
     0
 72
     0
 73
     1
 74
     1
 75
     0
 76
     0
 77
     0
 78
     0
170
     0
171
     2
172
     0
173
     0
174
     0
175
     0
176
     0
177
     0
178
     0
  0
ENDTAB
  0
ENDSEC
  0
SECTION
  2
BLOCKS
  0
BLOCK
  8
0
  2
$MODEL_SPACE
 70
     0
 10
0.0
 20
0.0
 30
0.0
  3
$MODEL_SPACE
  1

  0
ENDBLK
  5
20A9
  8
0
  0
BLOCK
 67
     1
  8
0
  2
$PAPER_SPACE
 70
     0
 10
0.0
 20
0.0
 30
0.0
  3
$PAPER_SPACE
  1

  0
ENDBLK
  5
20A5
 67
     1
  8
0
  0
BLOCK
  8
0
  2
LOC
 70
     2
 10
0.0
 20
0.0
 30
0.0
  3
LOC
  1

  0
CIRCLE
  5
362
  8
0
  6
CONTINUOUS
 39
1.0
 10
-0.0005750848099417
 20
0.4523369143386521
 30
0.0
 40
0.099878341350383
1001
ACDBBLOCKREPETAG
1070
     1
1071
        0
1005
362
  0
LINE
  5
363
  8
0
  6
CONTINUOUS
 10
-0.4549898800490162
 20
-0.0016556297495995
 30
0.0
 11
0.4538397104291401
 21
-0.0016556297495995
 31
0.0
1001
ACDBBLOCKREPETAG
1070
     1
1071
        1
1005
363
  0
ATTDEF
  5
364
  8
0
 10
0.0535125786580348
 20
-0.2878659193486825
 30
0.0
 40
0.1921732441292363
  1
-
  3
Descrizione
  2
DESCR.
 70
     8
1001
ACDBBLOCKREPETAG
1070
     1
1071
        2
1005
0
  0
LINE
  5
365
  8
0
  6
CONTINUOUS
 10
-0.0005750848099382
 20
-0.0016556297495995
 30
0.0
 11
-0.0005750848099382
 21
0.3615384055210029
 31
0.0
1001
ACDBBLOCKREPETAG
1070
     1
1071
        3
1005
365
  0
LINE
  5
366
  8
0
  6
CONTINUOUS
 10
-0.0005750848099417
 20
0.4523369143386521
 30
0.0
 11
-0.1005463219150862
 21
0.4523369143386521
 31
0.0
1001
ACDBBLOCKREPETAG
1070
     1
1071
        4
1005
366
  0
LINE
  5
367
  8
0
  6
CONTINUOUS
 10
-0.0005750848099417
 20
0.4523369143386521
 30
0.0
 11
-0.0005750848099417
 21
0.5431354231563006
 31
0.0
1001
ACDBBLOCKREPETAG
1070
     1
1071
        5
1005
367
  0
LINE
  5
368
  8
0
  6
CONTINUOUS
 10
-0.0005750848099417
 20
0.4523369143386521
 30
0.0
 11
0.0993961522952098
 21
0.4523369143386521
 31
0.0
1001
ACDBBLOCKREPETAG
1070
     1
1071
        6
1005
368
  0
LINE
  5
369
  8
0
  6
CONTINUOUS
 10
-0.0005750848099382
 20
0.3524585729882688
 30
0.0
 11
-0.0005750848099417
 21
0.4523369143386521
 31
0.0
1001
ACDBBLOCKREPETAG
1070
     1
1071
        7
1005
369
  0
ATTDEF
  5
36A
  8
0
  6
CONTINUOUS
 10
-1.174241043398947
 20
0.0371602929097819
 30
0.0
 40
0.2
  1
*ZONA*
 72
     2
 11
-0.0409077100656141
 21
0.0371602929097819
 31
0.0
  3
Zona
  2
ZONA
 70
     8
1001
ACDBBLOCKREPETAG
1070
     1
1071
        8
1005
0
  0
ATTDEF
  5
36B
  8
0
  6
CONTINUOUS
 10
0.0260321935668024
 20
0.0371602929097785
 30
0.0
 40
0.2
  1
*IMP*
 11
0.0260321935668024
 21
-0.0295063737568882
 31
0.0
  3
Impianto
  2
IMPIANTO
 70
     8
 74
     1
1001
ACDBBLOCKREPETAG
1070
     1
1071
        9
1005
0
  0
ATTDEF
  5
36C
  8
0
  6
CONTINUOUS
 10
0.0774908265897647
 20
-1.016639969727932
 30
0.0
 40
0.2
  1
*CPAV*
  3
Confine pavimento
  2
CPAV
 70
     9
1001
ACDBBLOCKREPETAG
1070
     1
1071
       10
1005
0
  0
ATTDEF
  5
36D
  8
0
  6
CONTINUOUS
 10
0.0813134593099179
 20
-1.273046001142198
 30
0.0
 40
0.2
  1
*CSOF*
  3
Confine soffitto
  2
CSOF
 70
     9
1001
ACDBBLOCKREPETAG
1070
     1
1071
       11
1005
0
  0
ATTDEF
  5
36E
  8
0
  6
CONTINUOUS
 10
-1.3403993006011781
 20
-1.024072033478248
 30
0.0
 40
0.2
  1
*TPAV*
 72
     2
 11
-0.1403993006011781
 21
-1.024072033478248
 31
0.0
  3
Tipo pavimento
  2
TPAV
 70
     9
1001
ACDBBLOCKREPETAG
1070
     1
1071
       12
1005
0
  0
ATTDEF
  5
36F
  8
0
  6
CONTINUOUS
 10
-1.2775552666546639
 20
-1.273046001142198
 30
0.0
 40
0.2
  1
*TSOF*
 72
     2
 11
-0.1442219333213313
 21
-1.273046001142198
 31
0.0
  3
Tipo soffitto
  2
TSOF
 70
     9
1001
ACDBBLOCKREPETAG
1070
     1
1071
       13
1005
0
  0
TEXT
  5
370
  8
0
  6
CONTINUOUS
 10
-0.5271080031030416
 20
-0.5339213362990211
 30
0.0
 40
0.2
  1
[W]:
1001
ACDBBLOCKREPETAG
1070
     1
1071
       14
1005
370
  0
TEXT
  5
371
  8
0
  6
CONTINUOUS
 10
-0.9308361306415962
 20
-0.7665653263578393
 30
0.0
 40
0.2
  1
PE[W]:
1001
ACDBBLOCKREPETAG
1070
     1
1071
       15
1005
371
  0
ATTDEF
  5
372
  8
0
  6
CONTINUOUS
 10
0.044896122613165
 20
-0.545261287088998
 30
0.0
 40
0.2
  1
-
  3
Potenza invernale
  2
PINV
 70
     8
1001
ACDBBLOCKREPETAG
1070
     1
1071
       16
1005
0
  0
ATTDEF
  5
373
  8
0
  6
CONTINUOUS
 10
0.039862557095729
 20
-0.766565426087105
 30
0.0
 40
0.2
  1
-
  3
Potenza estiva
  2
PEST
 70
     8
1001
ACDBBLOCKREPETAG
1070
     1
1071
       17
1005
0
  0
TEXT
  5
374
  8
0
  6
CONTINUOUS
 10
-0.9300399152883899
 20
-0.5342168462331473
 30
0.0
 40
0.2
  1
PI
1001
ACDBBLOCKREPETAG
1070
     1
1071
       18
1005
374
  0
LINE
  5
375
  8
0
  6
CONTINUOUS
 39
3.0
 10
-0.0005750848099382
 20
-0.0016556297495995
 30
0.0
 11
-0.0005750848099382
 21
-0.2943393322715551
 31
0.0
1001
ACDBBLOCKREPETAG
1070
     1
1071
       19
1005
375
  0
ATTDEF
  5
376
  8
0
  6
CONTINUOUS
 10
-0.2251270016280515
 20
-0.2886425377768091
 30
0.0
 40
0.2
  1
-
 72
     2
 11
-0.0917936682947181
 21
-0.2886425377768091
 31
0.0
  3
Codice
  2
COD
 70
     8
1001
ACDBBLOCKREPETAG
1070
     1
1071
       20
1005
0
  0
ENDBLK
  5
135
  8
0
  0
BLOCK
  8
0
  2
TABCOLORI
 70
     2
 10
0.0
 20
0.0
 30
0.0
  3
TABCOLORI
  1

  0
LINE
  5
161
  8
0
  6
CONTINUOUS
 62
     7
 39
3.0
 10
0.1747281334008051
 20
0.5098447757923382
 30
0.0
 11
1.649433645387514
 21
0.5098447757923382
 31
0.0
  0
LINE
  5
162
  8
0
  6
CONTINUOUS
 62
     0
 39
3.0
 10
0.0
 20
1.0266736789138591
 30
0.0
 11
0.0
 21
0.0
 31
0.0
  0
LINE
  5
163
  8
0
  6
CONTINUOUS
 62
     0
 39
3.0
 10
0.0
 20
0.0
 30
0.0
 11
5.0015773636329746
 21
0.0
 31
0.0
  0
LINE
  5
164
  8
0
  6
CONTINUOUS
 62
     0
 39
3.0
 10
0.0
 20
1.0266736789138591
 30
0.0
 11
5.0015773636329746
 21
1.0266736789138591
 31
0.0
  0
LINE
  5
165
  8
0
  6
CONTINUOUS
 62
     7
 39
3.0
 10
5.0015773636329746
 20
1.0266736789138591
 30
0.0
 11
5.0015773636329746
 21
0.0
 31
0.0
  0
ATTDEF
  5
166
  8
0
 62
     7
 10
0.1592971135539756
 20
0.7339630274946103
 30
0.0
 40
0.2
  1
*CODP*
  3
Codice parete
  2
CODP
 70
     8
  0
ATTDEF
  5
167
  8
0
 62
     7
 10
0.1453188641775682
 20
0.084434800006072
 30
0.0
 40
0.2
  1
*DESCP*
  3
Descrizione parete
  2
DESCP
 70
     8
  0
ATTDEF
  5
168
  8
0
 62
     7
 10
1.731850365019808
 20
0.4336435149311342
 30
0.0
 40
0.2
  1
*NOMECOLP*
  3
Nome colore
  2
NOMECOLP
 70
     8
  0
ENDBLK
  5
16C
  8
0
  0
BLOCK
  8
0
  2
NORD
 70
     0
 10
0.0
 20
0.0
 30
0.0
  3
NORD
  1

  0
LINE
  5
194
  8
0
 62
     0
 10
0.0076377354011707
 20
0.4363369144246916
 30
0.0
 11
0.007637735401171
 21
0.8233216001902139
 31
0.0
  0
LINE
  5
195
  8
0
 62
     0
 10
-0.0407353503195196
 20
0.6298292573074527
 30
0.0
 11
-0.0407353503195196
 21
0.847658680093323
 31
0.0
  0
LINE
  5
196
  8
0
 62
     0
 10
-0.0165488074591744
 20
0.5330830858660729
 30
0.0
 11
-0.0165488074591744
 21
0.9200677716315953
 31
0.0
  0
LINE
  5
197
  8
0
 62
     0
 10
0.0318242782615159
 20
0.3395907429833098
 30
0.0
 11
0.0318242782615161
 21
0.7265754287488342
 31
0.0
  0
LINE
  5
198
  8
0
 10
-0.4040036796179029
 20
-0.4237798919739915
 30
0.0
 11
-0.0170189938523795
 21
0.9306665082053411
 31
0.0
  0
LINE
  5
199
  8
0
 10
-0.0170189938523795
 20
0.9306665082053411
 30
0.0
 11
0.369965691913144
 21
-0.4237798919739915
 31
0.0
  0
LINE
  5
19A
  8
0
 62
     0
 10
-0.1224614851522832
 20
0.1219118572402031
 30
0.0
 11
-0.248091806554517
 21
0.1219118572402031
 31
0.0
  0
LINE
  5
19B
  8
0
 62
     0
 10
-0.1647879351578874
 20
-0.0473939427822128
 30
0.0
 11
-0.2584142360626267
 21
-0.0473939427822128
 31
0.0
  0
LINE
  5
19C
  8
0
 62
     0
 10
-0.158741299442801
 20
-0.0232073999218674
 30
0.0
 11
-0.2895545067414926
 21
-0.0232073999218674
 31
0.0
  0
LINE
  5
19D
  8
0
 62
     0
 10
-0.1526946637277149
 20
0.000979142938478
 30
0.0
 11
-0.2826437342230919
 21
0.000979142938478
 31
0.0
  0
LINE
  5
19E
  8
0
 62
     0
 10
-0.1616680646212458
 20
0.0251656857988216
 30
0.0
 11
-0.2757333486893769
 21
0.0251656857988216
 31
0.0
  0
LINE
  5
19F
  8
0
 62
     0
 10
-0.1285081208673695
 20
0.0977253143798578
 30
0.0
 11
-0.2550021920882319
 21
0.0977253143798578
 31
0.0
  0
LINE
  5
1A0
  8
0
 62
     0
 10
-0.2010677494484052
 20
-0.192513199944285
 30
0.0
 11
-0.2584142360626267
 21
-0.192513199944285
 31
0.0
  0
LINE
  5
1A1
  8
0
 62
     0
 10
0.128570449702897
 20
-0.3376324571063556
 30
0.0
 11
-0.2584142360626267
 21
-0.3376324571063556
 31
0.0
  0
LINE
  5
1A2
  8
0
 62
     0
 10
-0.1616680646212458
 20
-0.4101920856873921
 30
0.0
 11
-0.4001214492503036
 21
-0.4101920856873921
 31
0.0
  0
LINE
  5
1A3
  8
0
 62
     0
 10
0.0318242782615159
 20
-0.3134459142460102
 30
0.0
 11
-0.3551604075040076
 21
-0.3134459142460102
 31
0.0
  0
LINE
  5
1A4
  8
0
 62
     0
 10
-0.064921893179865
 20
-0.2892593713856648
 30
0.0
 11
-0.3655691345970426
 21
-0.2892593713856648
 31
0.0
  0
LINE
  5
1A5
  8
0
 62
     0
 10
-0.1616680646212458
 20
-0.2650728285253194
 30
0.0
 11
-0.3586587490633279
 21
-0.2650728285253194
 31
0.0
  0
LINE
  5
1A6
  8
0
 62
     0
 10
-0.1950211137333189
 20
-0.1683266570839397
 30
0.0
 11
-0.3310168199437822
 21
-0.1683266570839397
 31
0.0
  0
LINE
  5
1A7
  8
0
 62
     0
 10
-0.1889744780182325
 20
-0.1441401142235943
 30
0.0
 11
-0.3241064344100675
 21
-0.1441401142235943
 31
0.0
  0
LINE
  5
1A8
  8
0
 62
     0
 10
-0.1829278423031464
 20
-0.1199535713632489
 30
0.0
 11
-0.3171960488763523
 21
-0.1199535713632489
 31
0.0
  0
LINE
  5
1A9
  8
0
 10
0.369965691913144
 20
-0.4237798919739915
 30
0.0
 11
-0.4040036796179029
 21
-0.4237798919739915
 31
0.0
  0
CIRCLE
  5
1AA
  8
PIANTA
 10
-0.0144712291646529
 20
0.005331598268846
 30
0.0
 40
0.4989293801331363
  0
LINE
  5
1AB
  8
0
 62
     0
 10
-0.2826007789229718
 20
-0.4237795049893053
 30
0.0
 11
-0.2826007789229718
 21
-0.3376324571063556
 31
0.0
  0
LINE
  5
1AC
  8
0
 62
     0
 10
-0.3551604075040076
 20
-0.4237795049893053
 30
0.0
 11
-0.3551604075040076
 21
-0.2528290200523848
 31
0.0
  0
LINE
  5
1AD
  8
0
 62
     0
 10
-0.306787321783317
 20
-0.4237795049893053
 30
0.0
 11
-0.306787321783317
 21
-0.2408862856649758
 31
0.0
  0
LINE
  5
1AE
  8
0
 62
     0
 10
-0.3309738646436622
 20
-0.4237795049893053
 30
0.0
 11
-0.3309738646436622
 21
-0.168176120041176
 31
0.0
  0
LINE
  5
1AF
  8
0
 62
     0
 10
-0.2584142360626267
 20
-0.3860055428270463
 30
0.0
 11
-0.3932110637165884
 21
-0.3860055428270463
 31
0.0
  0
LINE
  5
1B0
  8
0
 62
     0
 10
-0.3551604075040076
 20
-0.361818999966701
 30
0.0
 11
-0.3863006781828733
 21
-0.361818999966701
 31
0.0
  0
LINE
  5
1B1
  8
0
 62
     0
 10
-0.2826007789229718
 20
-0.1441401142235943
 30
0.0
 11
-0.2826007789229718
 21
0.0011296799812399
 31
0.0
  0
LINE
  5
1B2
  8
0
 62
     0
 10
-0.2584142360626267
 20
-0.2408862856649758
 30
0.0
 11
-0.2584142360626267
 21
0.0857825799924488
 31
0.0
  0
LINE
  5
1B3
  8
0
 62
     0
 10
-0.3793469503643527
 20
-0.3376324571063556
 30
0.0
 11
-0.3793469503643527
 21
-0.3374819200635937
 31
0.0
  0
LINE
  5
1B4
  8
0
 62
     0
 10
-0.2584142360626267
 20
-0.2408862856649758
 30
0.0
 11
-0.3517483635296128
 21
-0.2408862856649758
 31
0.0
  0
LINE
  5
1B5
  8
0
 62
     0
 10
-0.2584142360626267
 20
0.049352228659167
 30
0.0
 11
-0.268822963155662
 21
0.049352228659167
 31
0.0
  0
LINE
  5
1B6
  8
0
 62
     0
 10
-0.2584142360626267
 20
-0.0957670285029035
 30
0.0
 11
-0.3102856633426372
 21
-0.0957670285029035
 31
0.0
  0
LINE
  5
1B7
  8
0
 62
     0
 10
0.1527569925632421
 20
-0.4237795049893053
 30
0.0
 11
0.1527569925632421
 21
-0.3376324571063556
 31
0.0
  0
LINE
  5
1B8
  8
0
 62
     0
 10
0.2736897068649682
 20
-0.4237795049893053
 30
0.0
 11
0.2736897068649682
 21
-0.2408862856649758
 31
0.0
  0
LINE
  5
1B9
  8
0
 62
     0
 10
0.2978762497253134
 20
-0.4237795049893053
 30
0.0
 11
0.2978762497253134
 21
-0.3376324571063556
 31
0.0
  0
LINE
  5
1BA
  8
0
 62
     0
 10
0.0076377354011707
 20
-0.4237795049893053
 30
0.0
 11
0.0076377354011707
 21
-0.3376324571063556
 31
0.0
  0
LINE
  5
1BB
  8
0
 62
     0
 10
0.0801973639822065
 20
-0.4237795049893053
 30
0.0
 11
0.0801973639822065
 21
-0.2302871621065439
 31
0.0
  0
LINE
  5
1BC
  8
0
 62
     0
 10
0.1043839068425516
 20
-0.4237795049893053
 30
0.0
 11
0.1043839068425516
 21
-0.2302871621065439
 31
0.0
  0
LINE
  5
1BD
  8
0
 62
     0
 10
0.128570449702897
 20
-0.4237795049893053
 30
0.0
 11
0.128570449702897
 21
-0.2408862856649758
 31
0.0
  0
LINE
  5
1BE
  8
0
 62
     0
 10
-0.1374815217609004
 20
-0.4237795049893053
 30
0.0
 11
-0.1374815217609004
 21
-0.3376324571063556
 31
0.0
  0
LINE
  5
1BF
  8
0
 62
     0
 10
-0.064921893179865
 20
-0.4237795049893053
 30
0.0
 11
-0.064921893179865
 21
-0.2302871621065439
 31
0.0
  0
LINE
  5
1C0
  8
0
 62
     0
 10
-0.0407353503195196
 20
-0.4237795049893053
 30
0.0
 11
-0.0407353503195196
 21
-0.2302871621065439
 31
0.0
  0
LINE
  5
1C1
  8
0
 62
     0
 10
-0.0165488074591744
 20
-0.4237795049893053
 30
0.0
 11
-0.0165488074591744
 21
-0.2408862856649758
 31
0.0
  0
LINE
  5
1C2
  8
0
 62
     0
 10
-0.2100411503419362
 20
-0.4237795049893053
 30
0.0
 11
-0.2100411503419362
 21
-0.2302871621065439
 31
0.0
  0
LINE
  5
1C3
  8
0
 62
     0
 10
-0.185854607481591
 20
-0.4237795049893053
 30
0.0
 11
-0.185854607481591
 21
-0.2302871621065439
 31
0.0
  0
LINE
  5
1C4
  8
0
 62
     0
 10
-0.1616680646212458
 20
-0.4237795049893053
 30
0.0
 11
-0.1616680646212458
 21
-0.2408862856649758
 31
0.0
  0
LINE
  5
1C5
  8
0
 62
     0
 10
0.2253166211442776
 20
-0.4237795049893053
 30
0.0
 11
0.2253166211442779
 21
-0.0473939427822128
 31
0.0
  0
LINE
  5
1C6
  8
0
 62
     0
 10
0.249503164004623
 20
-0.4237795049893053
 30
0.0
 11
0.249503164004623
 21
-0.1441401142235943
 31
0.0
  0
LINE
  5
1C7
  8
0
 62
     0
 10
0.3660834615455442
 20
-0.4101920856873921
 30
0.0
 11
0.0318242782615159
 21
-0.4101920856873921
 31
0.0
  0
LINE
  5
1C8
  8
0
 62
     0
 10
0.2253166211442776
 20
-0.361818999966701
 30
0.0
 11
-0.1616680646212458
 21
-0.361818999966701
 31
0.0
  0
LINE
  5
1C9
  8
0
 62
     0
 10
0.3220627925856587
 20
-0.3860055428270463
 30
0.0
 11
-0.064921893179865
 21
-0.3860055428270463
 31
0.0
  0
LINE
  5
1CA
  8
0
 62
     0
 10
0.128570449702897
 20
-0.0416712132491135
 30
0.0
 11
0.128570449702897
 21
0.3395907429833098
 31
0.0
  0
LINE
  5
1CB
  8
0
 62
     0
 10
0.1527569925632421
 20
-0.136904661553837
 30
0.0
 11
0.1527569925632421
 21
0.2428445715419301
 31
0.0
  0
LINE
  5
1CC
  8
0
 62
     0
 10
-0.185854607481591
 20
0.049352228659167
 30
0.0
 11
-0.185854607481591
 21
0.3397412800260735
 31
0.0
  0
LINE
  5
1CD
  8
0
 62
     0
 10
-0.1616680646212458
 20
-0.0349148476203318
 30
0.0
 11
-0.1616680646212458
 21
0.3395907429833098
 31
0.0
  0
LINE
  5
1CE
  8
0
 62
     0
 10
-0.1374815217609004
 20
0.061831323821048
 30
0.0
 11
-0.1374815217609004
 21
0.2428445715419301
 31
0.0
  0
LINE
  5
1CF
  8
0
 62
     0
 10
0.1769435354235873
 20
-0.2408862856649758
 30
0.0
 11
0.1769435354235873
 21
0.1460984001005485
 31
0.0
  0
LINE
  5
1D0
  8
0
 62
     0
 10
0.1043839068425516
 20
0.05356223505561
 30
0.0
 11
0.1043839068425516
 21
0.4363369144246916
 31
0.0
  0
LINE
  5
1D1
  8
0
 10
-0.0175015637555292
 20
0.5334805191383527
 30
0.0
 11
0.1764733490303822
 21
-0.2302875490912299
 31
0.0
  0
LINE
  5
1D2
  8
0
 10
-0.2105113367351412
 20
-0.2302875490912299
 30
0.0
 11
-0.0170189938523795
 21
0.543681822439817
 31
0.0
  0
LINE
  5
1D3
  8
0
 10
0.1764733490303822
 20
-0.2302875490912299
 30
0.0
 11
-0.2105113367351412
 21
-0.2302875490912299
 31
0.0
  0
LINE
  5
1D4
  8
0
 62
     0
 10
0.3246207613585688
 20
-0.2650728285253194
 30
0.0
 11
0.0318242782615159
 21
-0.2650728285253194
 31
0.0
  0
LINE
  5
1D5
  8
0
 62
     0
 10
0.3177103758248538
 20
-0.2408862856649758
 30
0.0
 11
-0.064921893179865
 21
-0.2408862856649758
 31
0.0
  0
LINE
  5
1D6
  8
0
 62
     0
 10
-0.2342276932022815
 20
-0.3376324571063556
 30
0.0
 11
-0.2342276932022815
 21
0.049352228659167
 31
0.0
  0
LINE
  5
1D7
  8
0
 62
     0
 10
-0.2100411503419362
 20
-0.2284071905030949
 30
0.0
 11
-0.2100411503419362
 21
-0.0473939427822128
 31
0.0
  0
LINE
  5
1D8
  8
0
 62
     0
 10
-0.1132949789005553
 20
-0.2408862856649758
 30
0.0
 11
-0.1132949789005553
 21
-0.2302871621065439
 31
0.0
  0
LINE
  5
1D9
  8
0
 62
     0
 10
0.0318242782615159
 20
-0.2408862856649758
 30
0.0
 11
0.0318242782615159
 21
-0.2302871621065439
 31
0.0
  0
LINE
  5
1DA
  8
0
 62
     0
 10
0.0560108211218613
 20
-0.3376324571063556
 30
0.0
 11
0.0560108211218613
 21
-0.2302871621065439
 31
0.0
  0
LINE
  5
1DB
  8
0
 62
     0
 10
-0.0891084360402101
 20
-0.3376324571063556
 30
0.0
 11
-0.0891084360402101
 21
-0.2302871621065439
 31
0.0
  0
LINE
  5
1DC
  8
0
 62
     0
 10
-0.1345547565824559
 20
0.0735387715195124
 30
0.0
 11
-0.1616680646212458
 21
0.0735387715195124
 31
0.0
  0
LINE
  5
1DD
  8
0
 62
     0
 10
0.2011300782839325
 20
-0.3376324571063556
 30
0.0
 11
0.2011300782839325
 21
0.049352228659167
 31
0.0
  0
LINE
  5
1DE
  8
0
 62
     0
 10
0.2900688336899941
 20
-0.1441401142235943
 30
0.0
 11
0.1545943958512568
 21
-0.1441401142235943
 31
0.0
  0
LINE
  5
1DF
  8
0
 62
     0
 10
0.283158448156279
 20
-0.1199535713632489
 30
0.0
 11
0.1484517879341007
 21
-0.1199535713632489
 31
0.0
  0
LINE
  5
1E0
  8
0
 62
     0
 10
0.2253166211442779
 20
-0.2166997428046304
 30
0.0
 11
0.173022606587411
 21
-0.2166997428046304
 31
0.0
  0
LINE
  5
1E1
  8
0
 62
     0
 10
0.3315315338769693
 20
-0.2892593713856648
 30
0.0
 11
0.128570449702897
 21
-0.2892593713856648
 31
0.0
  0
LINE
  5
1E2
  8
0
 62
     0
 10
0.3453523049443994
 20
-0.3376324571063556
 30
0.0
 11
0.3220627925856587
 21
-0.3376324571063556
 31
0.0
  0
LINE
  5
1E3
  8
0
 62
     0
 10
0.2969792192237088
 20
-0.1683266570839397
 30
0.0
 11
0.2253166211442779
 21
-0.1683266570839397
 31
0.0
  0
LINE
  5
1E4
  8
0
 62
     0
 10
0.3384419194106845
 20
-0.3134459142460102
 30
0.0
 11
0.2253166211442776
 21
-0.3134459142460102
 31
0.0
  0
LINE
  5
1E5
  8
0
 62
     0
 10
0.2762476756378784
 20
-0.0957670285029035
 30
0.0
 11
0.1423091800169445
 21
-0.0957670285029035
 31
0.0
  0
LINE
  5
1E6
  8
0
 62
     0
 10
0.2253166211442779
 20
-0.0715804856425582
 30
0.0
 11
0.1361665720997884
 21
-0.0715804856425582
 31
0.0
  0
LINE
  5
1E7
  8
0
 62
     0
 10
0.2486061335030185
 20
0.000979142938478
 30
0.0
 11
0.128570449702897
 21
0.000979142938478
 31
0.0
  0
LINE
  5
1E8
  8
0
 62
     0
 10
0.2416957479693036
 20
0.0251656857988216
 30
0.0
 11
0.111595753446478
 21
0.0251656857988216
 31
0.0
  0
LINE
  5
1E9
  8
0
 62
     0
 10
0.2347853624355887
 20
0.049352228659167
 30
0.0
 11
0.1054531455293217
 21
0.049352228659167
 31
0.0
  0
LINE
  5
1EA
  8
0
 62
     0
 10
0.2253166211442779
 20
0.0735387715195124
 30
0.0
 11
0.0993105376121657
 21
0.0735387715195124
 31
0.0
  0
LINE
  5
1EB
  8
0
 62
     0
 10
0.128570449702897
 20
0.0977253143798578
 30
0.0
 11
0.0931675427103238
 21
0.0977253143798578
 31
0.0
  0
LINE
  5
1EC
  8
0
 62
     0
 10
0.2555165190367334
 20
-0.0232073999218674
 30
0.0
 11
0.2253166211442779
 21
-0.0232073999218674
 31
0.0
  0
LINE
  5
1ED
  8
0
 62
     0
 10
0.1173076474083772
 20
0.460523457285037
 30
0.0
 11
0.0318242782615159
 21
0.460523457285037
 31
0.0
  0
LINE
  5
1EE
  8
0
 62
     0
 10
0.0758449472214018
 20
0.6056427144471073
 30
0.0
 11
0.0318242782615159
 21
0.6056427144471073
 31
0.0
  0
LINE
  5
1EF
  8
0
 62
     0
 10
0.110397261874662
 20
0.4847100001453823
 30
0.0
 11
-0.005115344918232
 21
0.4847100001453823
 31
0.0
  0
LINE
  5
1F0
  8
0
 62
     0
 10
0.1034868763409473
 20
0.5088965430057275
 30
0.0
 11
-0.0112579528353882
 21
0.5088965430057275
 31
0.0
  0
LINE
  5
1F1
  8
0
 62
     0
 10
0.0965764908072322
 20
0.5330830858660729
 30
0.0
 11
-0.0174005607525443
 21
0.5330830858660729
 31
0.0
  0
LINE
  5
1F2
  8
0
 62
     0
 10
0.0689345616876866
 20
0.6298292573074527
 30
0.0
 11
-0.064921893179865
 21
0.6298292573074527
 31
0.0
  0
LINE
  5
1F3
  8
0
 62
     0
 10
0.128570449702897
 20
0.2428445715419301
 30
0.0
 11
0.056311508222701
 21
0.2428445715419301
 31
0.0
  0
LINE
  5
1F4
  8
0
 62
     0
 10
0.1449495765279227
 20
0.3637772858436552
 30
0.0
 11
0.0255980816522346
 21
0.3637772858436552
 31
0.0
  0
LINE
  5
1F5
  8
0
 62
     0
 10
0.128570449702897
 20
0.3879638287040006
 30
0.0
 11
0.0194554737350785
 21
0.3879638287040006
 31
0.0
  0
LINE
  5
1F6
  8
0
 62
     0
 10
0.1587703475953526
 20
0.3154042001229644
 30
0.0
 11
0.0378836844712325
 21
0.3154042001229644
 31
0.0
  0
LINE
  5
1F7
  8
0
 62
     0
 10
0.1518599620616376
 20
0.3395907429833098
 30
0.0
 11
0.0317410765540764
 21
0.3395907429833098
 31
0.0
  0
LINE
  5
1F8
  8
0
 62
     0
 10
-0.1132949789005553
 20
0.3395907429833098
 30
0.0
 11
-0.1132949789005553
 21
0.5936999800596983
 31
0.0
  0
LINE
  5
1F9
  8
0
 62
     0
 10
-0.0891084360402101
 20
0.255323666703811
 30
0.0
 11
-0.0891084360402101
 21
0.6298292573074527
 31
0.0
  0
LINE
  5
1FA
  8
0
 62
     0
 10
-0.064921893179865
 20
0.3520698381451908
 30
0.0
 11
-0.064921893179865
 21
0.5330830858660729
 31
0.0
  0
LINE
  5
1FB
  8
0
 62
     0
 10
0.0560108211218613
 20
0.2440291316650569
 30
0.0
 11
0.0560108211218613
 21
0.6298292573074527
 31
0.0
  0
LINE
  5
1FC
  8
0
 62
     0
 10
-0.0861816708617656
 20
0.2670311144022754
 30
0.0
 11
-0.2066291063675416
 21
0.2670311144022754
 31
0.0
  0
LINE
  5
1FD
  8
0
 62
     0
 10
-0.0801350351466792
 20
0.291217657262619
 30
0.0
 11
-0.1997187208338267
 21
0.291217657262619
 31
0.0
  0
LINE
  5
1FE
  8
0
 62
     0
 10
-0.0619951280014202
 20
0.3637772858436552
 30
0.0
 11
-0.1616680646212458
 21
0.3637772858436552
 31
0.0
  0
LINE
  5
1FF
  8
0
 62
     0
 10
-0.0559484922863338
 20
0.3879638287040006
 30
0.0
 11
-0.1720767917142809
 21
0.3879638287040006
 31
0.0
  0
LINE
  5
200
  8
0
 62
     0
 10
-0.2100411503419362
 20
0.1460984001005485
 30
0.0
 11
-0.2100411503419362
 21
0.2550883800148647
 31
0.0
  0
LINE
  5
201
  8
0
 62
     0
 10
-0.1616680646212458
 20
0.1702849429608939
 30
0.0
 11
-0.2342706485024013
 21
0.1702849429608939
 31
0.0
  0
LINE
  5
202
  8
0
 62
     0
 10
-0.1616680646212458
 20
0.3154042001229644
 30
0.0
 11
-0.1928083353001115
 21
0.3154042001229644
 31
0.0
  0
LINE
  5
203
  8
0
 62
     0
 10
-0.116414849437197
 20
0.1460984001005485
 30
0.0
 11
-0.2411814210208021
 21
0.1460984001005485
 31
0.0
  0
LINE
  5
204
  8
0
 62
     0
 10
-0.098274942291938
 20
0.2186580286815847
 30
0.0
 11
-0.1616680646212458
 21
0.2186580286815847
 31
0.0
  0
LINE
  5
205
  8
0
 62
     0
 10
-0.0922283065768517
 20
0.2428445715419301
 30
0.0
 11
-0.2135394919012565
 21
0.2428445715419301
 31
0.0
  0
LINE
  5
206
  8
0
 62
     0
 10
-0.0257153137109023
 20
0.5088965430057275
 30
0.0
 11
-0.1375244770610204
 21
0.5088965430057275
 31
0.0
  0
LINE
  5
207
  8
0
 62
     0
 10
-0.019668677995816
 20
0.5330830858660729
 30
0.0
 11
-0.1306140915273055
 21
0.5330830858660729
 31
0.0
  0
LINE
  5
208
  8
0
 62
     0
 10
-0.064921893179865
 20
0.5814561715867619
 30
0.0
 11
-0.1167933204598757
 21
0.5814561715867619
 31
0.0
  0
LINE
  5
209
  8
0
 62
     0
 10
-0.0499018565712477
 20
0.4121503715643461
 30
0.0
 11
-0.165166406180566
 21
0.4121503715643461
 31
0.0
  0
LINE
  5
20A
  8
0
 62
     0
 10
-0.064921893179865
 20
0.4363369144246916
 30
0.0
 11
-0.1582560206468511
 21
0.4363369144246916
 31
0.0
  0
LINE
  5
20B
  8
0
 62
     0
 10
0.0318242782615159
 20
0.5572696287264165
 30
0.0
 11
-0.1237037059935906
 21
0.5572696287264165
 31
0.0
  0
LINE
  5
20C
  8
0
 62
     0
 10
-0.1374815217609004
 20
0.4363369144246916
 30
0.0
 11
-0.1374815217609004
 21
0.5090470800484895
 31
0.0
  0
LINE
  5
20D
  8
0
 62
     0
 10
0.0318242782615159
 20
0.4121503715643461
 30
0.0
 11
0.0133128658179223
 21
0.4121503715643461
 31
0.0
  0
LINE
  5
20E
  8
0
 62
     0
 10
-0.0317619494259887
 20
0.4847100001453823
 30
0.0
 11
-0.064921893179865
 21
0.4847100001453823
 31
0.0
  0
LINE
  5
20F
  8
0
 62
     0
 10
0.0801973639822065
 20
0.1487956833603334
 30
0.0
 11
0.0801973639822065
 21
0.5330830858660729
 31
0.0
  0
LINE
  5
210
  8
0
 62
     0
 10
0.2071434333160431
 20
0.1460984001005485
 30
0.0
 11
0.128570449702897
 21
0.1460984001005485
 31
0.0
  0
LINE
  5
211
  8
0
 62
     0
 10
0.200233047782328
 20
0.1702849429608939
 30
0.0
 11
0.0747397189588552
 21
0.1702849429608939
 31
0.0
  0
LINE
  5
212
  8
0
 62
     0
 10
0.1933226622486131
 20
0.1944714858212393
 30
0.0
 11
0.0685971110416992
 21
0.1944714858212393
 31
0.0
  0
LINE
  5
213
  8
0
 62
     0
 10
0.1864122767148981
 20
0.2186580286815847
 30
0.0
 11
0.0624541161398573
 21
0.2186580286815847
 31
0.0
  0
LINE
  5
214
  8
0
 62
     0
 10
0.1656807331290677
 20
0.291217657262619
 30
0.0
 11
0.128570449702897
 21
0.291217657262619
 31
0.0
  0
TEXT
  5
215
  8
PIANTA
 10
0.1591013798990895
 20
0.6863418064556637
 30
0.0
 40
0.3869846857655235
  1
N
  0
LINE
  5
216
  8
0
 62
     0
 10
0.0620241761539717
 20
0.6540158001677981
 30
0.0
 11
-0.0960621638587307
 21
0.6540158001677981
 31
0.0
  0
LINE
  5
217
  8
0
 62
     0
 10
0.0343822470344262
 20
0.7507619716091796
 30
0.0
 11
0.0318242782615161
 21
0.7507619716091796
 31
0.0
  0
LINE
  5
218
  8
0
 62
     0
 10
-0.0649218931798648
 20
0.7265754287488342
 30
0.0
 11
-0.0649218931798648
 21
0.7630057800821142
 31
0.0
  0
LINE
  5
219
  8
0
 62
     0
 10
-0.0649218931798648
 20
0.7265754287488342
 30
0.0
 11
-0.0753306202729001
 21
0.7265754287488342
 31
0.0
  0
LINE
  5
21A
  8
0
 62
     0
 10
0.0551137906202568
 20
0.6782023430281435
 30
0.0
 11
-0.0891513913403301
 21
0.6782023430281435
 31
0.0
  0
LINE
  5
21B
  8
0
 62
     0
 10
0.0318242782615159
 20
0.7023888858884888
 30
0.0
 11
-0.0822410058066152
 21
0.7023888858884888
 31
0.0
  0
LINE
  5
21C
  8
0
 62
     0
 10
0.0274718615007112
 20
0.7749485144695251
 30
0.0
 11
-0.0615098492054702
 21
0.7749485144695251
 31
0.0
  0
LINE
  5
21D
  8
0
 62
     0
 10
0.0205614759669963
 20
0.7991350573298705
 30
0.0
 11
-0.0545994636717553
 21
0.7991350573298705
 31
0.0
  0
LINE
  5
21E
  8
0
 62
     0
 10
0.0136510904332814
 20
0.8233216001902139
 30
0.0
 11
-0.0476890781380404
 21
0.8233216001902139
 31
0.0
  0
LINE
  5
21F
  8
0
 62
     0
 10
0.0067407048995665
 20
0.8475081430505593
 30
0.0
 11
-0.0407783056196396
 21
0.8475081430505593
 31
0.0
  0
LINE
  5
220
  8
0
 62
     0
 10
-0.0139908386862642
 20
0.9200677716315953
 30
0.0
 11
-0.0200471490184948
 21
0.9200677716315953
 31
0.0
  0
ENDBLK
  5
222
  8
0
  0
BLOCK
  8
0
  2
FIN
 70
     2
 10
0.0
 20
0.0
 30
0.0
  3
FIN
  1

  0
LINE
  5
2A0
  8
0
 10
0.0
 20
0.1681213459530113
 30
0.0
 11
0.0
 21
-0.1681213459529545
 31
0.0
  0
TEXT
  5
2A1
  8
0
  6
CONTINUOUS
 62
     7
 10
-0.064387289120873
 20
-0.3789101945426978
 30
0.0
 40
0.2
  1
X
  0
LINE
  5
2A2
  8
0
 10
0.8871459938879978
 20
-0.0496967981069929
 30
0.0
 11
-0.8370481990529584
 21
-0.0496967981069929
 31
0.0
  0
LINE
  5
2A3
  8
0
 10
-0.8370481990529584
 20
-0.0496967981069929
 30
0.0
 11
-0.8370481990529584
 21
0.0496851338940019
 31
0.0
  0
LINE
  5
2A4
  8
0
 10
-0.8370481990529584
 20
0.0496851338940019
 30
0.0
 11
0.8871459938879978
 21
0.0496851338940019
 31
0.0
  0
LINE
  5
2A5
  8
0
 10
0.8871459938879978
 20
0.0496851338940019
 30
0.0
 11
0.8871459938879978
 21
-0.0496967981069929
 31
0.0
  0
ATTDEF
  5
2A6
  8
0
 62
     3
 10
-0.6619626671625004
 20
-0.3756563861582549
 30
0.0
 40
0.2
  1
*L*
 72
     2
 11
-0.1286293338291671
 21
-0.3756563861582549
 31
0.0
  3
Larghezza [m](facoltativa)
  2
LARGHEZZA
 70
     8
  0
ATTDEF
  5
2A7
  8
0
 62
     3
 10
0.1491139877967385
 20
-0.3784525156053746
 30
0.0
 40
0.2
  1
*H*
  3
Altezza [m]( facoltativa )
  2
ALTEZZA
 70
     8
  0
ATTDEF
  5
2A8
  8
0
 62
     3
 10
-0.5332846688997127
 20
0.1777474843946152
 30
0.0
 40
0.2
  1
*TIPO*
 72
     1
 11
0.0000486644336206
 21
0.1777474843946152
 31
0.0
  3
Tipo finestra
  2
TIPO
 70
     8
  0
ENDBLK
  5
22F
  8
0
  0
BLOCK
  8
0
  2
PON
 70
     2
 10
0.0
 20
0.0
 30
0.0
  3
PON
  1

  0
ATTDEF
  5
236
  8
0
  6
CONTINUOUS
 10
-0.2666666666666666
 20
-0.6071076652831522
 30
0.0
 40
0.2
  1
*L*
 72
     1
 11
0.0
 21
-0.6071076652831522
 31
0.0
  3
Lunghezza ponte
  2
Lung
 70
     8
  0
ATTDEF
  5
237
  8
0
  6
CONTINUOUS
 10
-0.4804795798863086
 20
0.469128656267671
 30
0.0
 40
0.2
  1
*COD*
 72
     1
 11
-0.0138129132196419
 21
0.469128656267671
 31
0.0
  3
Tipo ponte
  2
TIPO
 70
     8
  0
LINE
  5
238
  8
0
 10
-0.0024344175095123
 20
0.1887102143683492
 30
0.0
 11
-0.1888741628058312
 21
0.0532536181111425
 31
0.0
  0
LINE
  5
239
  8
0
 10
-0.2704415906265254
 20
-0.0944050774600811
 30
0.0
 11
-0.0024344175095123
 21
-0.2891238691572297
 31
0.0
  0
LINE
  5
23A
  8
0
 10
-0.1680720800017106
 20
0.2206563299181923
 30
0.0
 11
-0.2704415906265254
 21
-0.0944050774600811
 31
0.0
  0
LINE
  5
23B
  8
0
 10
-0.1888741628058312
 20
0.0532536181111425
 30
0.0
 11
-0.1176606721177293
 21
-0.1659194074158208
 31
0.0
  0
LINE
  5
23C
  8
0
 10
0.2655729649598051
 20
-0.0944050774600811
 30
0.0
 11
0.1632032449826823
 21
0.2206563299181923
 31
0.0
  0
LINE
  5
23D
  8
0
 10
-0.0024344175095123
 20
-0.2891238691572297
 30
0.0
 11
0.2655729649598051
 21
-0.0944050774600811
 31
0.0
  0
LINE
  5
23E
  8
0
 10
-0.1176606721177293
 20
-0.1659194074158208
 30
0.0
 11
0.1127918370987011
 21
-0.1659194074158208
 31
0.0
  0
LINE
  5
23F
  8
0
 10
0.1632032449826823
 20
0.2206563299181923
 30
0.0
 11
-0.1680720800017106
 21
0.2206563299181923
 31
0.0
  0
LINE
  5
240
  8
0
 10
0.1840055371391074
 20
0.0532536181111425
 30
0.0
 11
-0.0024344175095123
 21
0.1887102143683492
 31
0.0
  0
LINE
  5
241
  8
0
 10
0.1127918370987011
 20
-0.1659194074158208
 30
0.0
 11
0.1840055371391074
 21
0.0532536181111425
 31
0.0
  0
ENDBLK
  5
243
  8
0
  0
BLOCK
  8
0
  2
ALLINEA
 70
     0
 10
0.0
 20
0.0
 30
0.0
  3
ALLINEA
  1

  0
CIRCLE
  5
52A
  8
P1
 10
0.0
 20
0.0
 30
0.0
 40
0.3156809218774015
  0
LINE
  5
52B
  8
P1
 10
0.0
 20
0.5718450313470385
 30
0.0
 11
0.0
 21
-0.5926086650540583
 31
0.0
  0
LINE
  5
52C
  8
P1
 10
-0.5761490947302264
 20
0.0
 30
0.0
 11
0.5666546268457751
 21
0.0
 31
0.0
  0
CIRCLE
  5
52D
  8
P1
 10
0.0
 20
0.0
 30
0.0
 40
0.4770413096948687
  0
ENDBLK
  5
52F
  8
0
  0
BLOCK
  8
0
  2
T_RADIATORED
 70
     2
 10
0.0
 20
0.0
 30
0.0
  3
T_RADIATORED
  1

  0
ATTDEF
  5
FC9
  8
0
  6
CONTINUOUS
 62
     7
 10
-1.8319556127453169
 20
-0.451596868923275
 30
0.0
 40
0.2
  1
*POTENZA*
 72
     2
 11
-0.098622279411984
 21
-0.451596868923275
 31
0.0
  3
Potenza [w]
  2
POTENZA
 70
     9
  0
ATTDEF
  5
FCA
  8
0
  6
CONTINUOUS
 62
     7
 10
-1.2573763784698211
 20
-1.0025390813744921
 30
0.0
 40
0.2
  1
*PERD*
 72
     2
 11
-0.1240430451364887
 21
-1.0025390813744921
 31
0.0
  3
Perdita (Pa)
  2
PERDITA
 70
     9
  0
ATTDEF
  5
FCB
  8
0
  6
CONTINUOUS
 62
     7
 10
-0.7775611269020147
 20
0.7807867428018369
 30
0.0
 40
0.2
  1

 72
     1
 11
-0.7775611269020147
 21
0.7807867428018369
 31
0.0
  3
N° elementi
  2
ELEMENTI
 70
     9
  0
ATTDEF
  5
FCC
  8
0
  6
CONTINUOUS
 62
     7
 10
-0.7775611269020147
 20
1.05990511777756
 30
0.0
 40
0.2
  1

 72
     1
 11
-0.7775611269020147
 21
1.05990511777756
 31
0.0
  3
Modello
  2
MODELLO
 70
     9
  0
ATTDEF
  5
FCD
  8
0
  6
CONTINUOUS
 62
     7
 10
-0.945005014740396
 20
1.6462786655557691
 30
0.0
 40
0.2
  1
??
 72
     1
 11
-0.8116716814070628
 21
1.6462786655557691
 31
0.0
  3
Identificatore
  2
COD
 70
     9
  0
ATTDEF
  5
FCE
  8
0
  6
CONTINUOUS
 62
     7
 10
-1.3387018574270011
 20
0.2257984409205562
 30
0.0
 40
0.2
  1
*LMAX*
 72
     1
 11
-0.7720351907603346
 21
0.2257984409205562
 31
0.0
  3
Larghezza massima [m]
  2
LMAX
 70
     9
  0
ATTDEF
  5
FCF
  8
0
  6
CONTINUOUS
 62
     7
 10
-1.300756115928978
 20
0.5022863207759089
 30
0.0
 40
0.2
  1
*INCR*
 72
     1
 11
-0.767422782595645
 21
0.5022863207759089
 31
0.0
  3
Incremento [ %]
  2
INCR
 70
     9
  0
ATTDEF
  5
FD0
  8
0
  6
CONTINUOUS
 62
     7
 10
-1.387054319504049
 20
-0.6992862872683077
 30
0.0
 40
0.2
  1
*PORT*
 72
     1
 11
-0.8203876528373824
 21
-0.6992862872683077
 31
0.0
  3
Portata [l/s]
  2
PORT
 70
     9
  0
ATTDEF
  5
FD1
  8
0
  6
CONTINUOUS
 62
     7
 10
-0.7775611269020147
 20
1.314395393054951
 30
0.0
 40
0.2
  1

 72
     1
 11
-0.7775611269020147
 21
1.314395393054951
 31
0.0
  3
Serie
  2
SERIE
 70
     9
  0
LINE
  5
FD2
  8
0
 10
-0.1812791410079057
 20
0.0
 30
0.0
 11
0.0
 21
0.0
 31
0.0
  0
LINE
  5
FD3
  8
0
 10
-0.8712791410078917
 20
-0.0450000000000017
 30
0.0
 11
-0.5412791410079021
 21
-0.0450000000000017
 31
0.0
  0
LINE
  5
FD4
  8
0
 10
-0.5412791410079021
 20
0.0450000000000017
 30
0.0
 11
-0.8712791410078917
 21
0.0450000000000017
 31
0.0
  0
LINE
  5
FD5
  8
0
 10
-0.7679462410079057
 20
-0.0374159999999989
 30
0.0
 11
-0.7691501410079012
 21
-0.0361442999999951
 31
0.0
  0
LINE
  5
FD6
  8
0
 10
-0.7691501410079012
 20
0.0361443000000037
 30
0.0
 11
-0.7679462410079057
 21
0.0374159999999989
 31
0.0
  0
LINE
  5
FD7
  8
0
 10
-0.8742197410079025
 20
0.0447834000000029
 30
0.0
 11
-0.872750941007893
 21
0.0449457000000024
 31
0.0
  0
LINE
  5
FD8
  8
0
 10
-0.872750941007893
 20
-0.0449456999999939
 30
0.0
 11
-0.8742197410079025
 21
-0.0447833999999943
 31
0.0
  0
LINE
  5
FD9
  8
0
 10
-0.9012791410078984
 20
0.0450000000000017
 30
0.0
 11
-0.9012791410078984
 21
-0.0450000000000017
 31
0.0
  0
LINE
  5
FDA
  8
0
 10
-0.8977367410078894
 20
-0.0212128499999977
 30
0.0
 11
-0.8983985410078895
 21
-0.0192399899999941
 31
0.0
  0
LINE
  5
FDB
  8
0
 10
-0.8962229410078915
 20
-0.0250006500000012
 30
0.0
 11
-0.8970107410078977
 21
-0.023134619999999
 31
0.0
  0
LINE
  5
FDC
  8
0
 10
-0.8914259410078951
 20
-0.0333428999999995
 30
0.0
 11
-0.8924921410078976
 21
-0.0318197999999995
 31
0.0
  0
LINE
  5
FDD
  8
0
 10
-0.8854211410078956
 20
-0.0396863999999965
 30
0.0
 11
-0.8867021410079015
 21
-0.0385976999999997
 31
0.0
  0
LINE
  5
FDE
  8
0
 10
-0.8867021410079015
 20
-0.0385976999999997
 30
0.0
 11
-0.8879465410078973
 21
-0.0374159999999989
 31
0.0
  0
LINE
  5
FDF
  8
0
 10
-0.8879465410078973
 20
-0.0374159999999989
 30
0.0
 11
-0.8891501410078941
 21
-0.0361442999999951
 31
0.0
  0
LINE
  5
FE0
  8
0
 10
-0.8891501410078941
 20
-0.0361442999999951
 30
0.0
 11
-0.8903111410078958
 21
-0.0347855999999979
 31
0.0
  0
LINE
  5
FE1
  8
0
 10
-0.8903111410078958
 20
-0.0347855999999979
 30
0.0
 11
-0.8914259410078951
 21
-0.0333428999999995
 31
0.0
  0
LINE
  5
FE2
  8
0
 10
-0.8924921410078976
 20
-0.0318197999999995
 30
0.0
 11
-0.8935079410078906
 21
-0.0302201999999966
 31
0.0
  0
LINE
  5
FE3
  8
0
 10
-0.8935079410078906
 20
-0.0302201999999966
 30
0.0
 11
-0.8944697410079008
 21
-0.0285476999999986
 31
0.0
  0
LINE
  5
FE4
  8
0
 10
-0.8944697410079008
 20
-0.0285476999999986
 30
0.0
 11
-0.8953751410079004
 21
-0.0268064699999968
 31
0.0
  0
LINE
  5
FE5
  8
0
 10
-0.8953751410079004
 20
-0.0268064699999968
 30
0.0
 11
-0.8962229410078915
 21
-0.0250006500000012
 31
0.0
  0
LINE
  5
FE6
  8
0
 10
-0.8742197410079025
 20
-0.0447833999999943
 30
0.0
 11
-0.8756813410078959
 21
-0.0445127999999954
 31
0.0
  0
LINE
  5
FE7
  8
0
 10
-0.8756813410078959
 20
-0.0445127999999954
 30
0.0
 11
-0.8771321410078989
 21
-0.0441354000000018
 31
0.0
  0
LINE
  5
FE8
  8
0
 10
-0.8771321410078989
 20
-0.0441354000000018
 30
0.0
 11
-0.8785685410078878
 21
-0.0436514999999958
 31
0.0
  0
LINE
  5
FE9
  8
0
 10
-0.8785685410078878
 20
-0.0436514999999958
 30
0.0
 11
-0.8799875410079033
 21
-0.0430622999999997
 31
0.0
  0
LINE
  5
FEA
  8
0
 10
-0.8799875410079033
 20
-0.0430622999999997
 30
0.0
 11
-0.8813855410079035
 21
-0.0423696000000007
 31
0.0
  0
LINE
  5
FEB
  8
0
 10
-0.8813855410079035
 20
-0.0423696000000007
 30
0.0
 11
-0.8827595410078966
 21
-0.0415745999999956
 31
0.0
  0
LINE
  5
FEC
  8
0
 10
-0.8827595410078966
 20
-0.0415745999999956
 30
0.0
 11
-0.8841059410078909
 21
-0.0406793999999962
 31
0.0
  0
LINE
  5
FED
  8
0
 10
-0.8841059410078909
 20
-0.0406793999999962
 30
0.0
 11
-0.8854211410078956
 21
-0.0396863999999965
 31
0.0
  0
LINE
  5
FEE
  8
0
 10
-0.8970107410078977
 20
-0.023134619999999
 30
0.0
 11
-0.8977367410078894
 21
-0.0212128499999977
 31
0.0
  0
LINE
  5
FEF
  8
0
 10
-0.9012791410078984
 20
0.0
 30
0.0
 11
-0.9012431410079042
 21
0.0022080599999981
 31
0.0
  0
LINE
  5
FF0
  8
0
 10
-0.9007025410078878
 20
-0.0087790499999954
 30
0.0
 11
-0.9009545410078995
 21
-0.006602879999997
 31
0.0
  0
LINE
  5
FF1
  8
0
 10
-0.9009545410078995
 20
-0.006602879999997
 30
0.0
 11
-0.9011345410078883
 21
-0.0044107799999978
 31
0.0
  0
LINE
  5
FF2
  8
0
 10
-0.9011345410078883
 20
-0.0044107799999978
 30
0.0
 11
-0.9012431410079042
 21
-0.0022080599999981
 31
0.0
  0
LINE
  5
FF3
  8
0
 10
-0.9012431410079042
 20
-0.0022080599999981
 30
0.0
 11
-0.9012791410078984
 21
0.0
 31
0.0
  0
LINE
  5
FF4
  8
0
 10
-0.9012431410079042
 20
0.0022080599999981
 30
0.0
 11
-0.9011345410078883
 21
0.0044107800000063
 31
0.0
  0
LINE
  5
FF5
  8
0
 10
-0.9011345410078883
 20
0.0044107800000063
 30
0.0
 11
-0.9009545410078995
 21
0.0066028800000055
 31
0.0
  0
LINE
  5
FF6
  8
0
 10
-0.9009545410078995
 20
0.0066028800000055
 30
0.0
 11
-0.9007025410078878
 21
0.008779050000004
 31
0.0
  0
LINE
  5
FF7
  8
0
 10
-0.9003803410078997
 20
-0.0109341000000029
 30
0.0
 11
-0.9007025410078878
 21
-0.0087790499999954
 31
0.0
  0
LINE
  5
FF8
  8
0
 10
-0.9007025410078878
 20
0.008779050000004
 30
0.0
 11
-0.9003803410078997
 21
0.0109341000000029
 31
0.0
  0
LINE
  5
FF9
  8
0
 10
-0.8999873410078857
 20
-0.0130628099999967
 30
0.0
 11
-0.9003803410078997
 21
-0.0109341000000029
 31
0.0
  0
LINE
  5
FFA
  8
0
 10
-0.8983985410078895
 20
-0.0192399899999941
 30
0.0
 11
-0.8989955410079003
 21
-0.0172207499999985
 31
0.0
  0
LINE
  5
FFB
  8
0
 10
-0.8989955410079003
 20
-0.0172207499999985
 30
0.0
 11
-0.8995253410078925
 21
-0.0151600500000001
 31
0.0
  0
LINE
  5
FFC
  8
0
 10
-0.8995253410078925
 20
-0.0151600500000001
 30
0.0
 11
-0.8999873410078857
 21
-0.0130628099999967
 31
0.0
  0
LINE
  5
FFD
  8
0
 10
-0.9003803410078997
 20
0.0109341000000029
 30
0.0
 11
-0.8999873410078857
 21
0.0130628100000053
 31
0.0
  0
LINE
  5
FFE
  8
0
 10
-0.8999873410078857
 20
0.0130628100000053
 30
0.0
 11
-0.8995253410078925
 21
0.0151600500000001
 31
0.0
  0
LINE
  5
FFF
  8
0
 10
-0.8995253410078925
 20
0.0151600500000001
 30
0.0
 11
-0.8989955410079003
 21
0.0172207499999985
 31
0.0
  0
LINE
  5
1000
  8
0
 10
-0.8989955410079003
 20
0.0172207499999985
 30
0.0
 11
-0.8983985410078895
 21
0.0192399900000027
 31
0.0
  0
LINE
  5
1001
  8
0
 10
-0.8983985410078895
 20
0.0192399900000027
 30
0.0
 11
-0.8977367410078894
 21
0.0212128500000063
 31
0.0
  0
LINE
  5
1002
  8
0
 10
-0.8924921410078976
 20
0.0318197999999995
 30
0.0
 11
-0.8914259410078951
 21
0.0333428999999995
 31
0.0
  0
LINE
  5
1003
  8
0
 10
-0.8914259410078951
 20
0.0333428999999995
 30
0.0
 11
-0.8903111410078958
 21
0.0347856000000064
 31
0.0
  0
LINE
  5
1004
  8
0
 10
-0.8903111410078958
 20
0.0347856000000064
 30
0.0
 11
-0.8891501410078941
 21
0.0361443000000037
 31
0.0
  0
LINE
  5
1005
  8
0
 10
-0.8891501410078941
 20
0.0361443000000037
 30
0.0
 11
-0.8879465410078973
 21
0.0374159999999989
 31
0.0
  0
LINE
  5
1006
  8
0
 10
-0.8879465410078973
 20
0.0374159999999989
 30
0.0
 11
-0.8867021410079015
 21
0.0385976999999997
 31
0.0
  0
LINE
  5
1007
  8
0
 10
-0.8867021410079015
 20
0.0385976999999997
 30
0.0
 11
-0.8854211410078956
 21
0.039686400000005
 31
0.0
  0
LINE
  5
1008
  8
0
 10
-0.8854211410078956
 20
0.039686400000005
 30
0.0
 11
-0.8841059410078909
 21
0.0406794000000048
 31
0.0
  0
LINE
  5
1009
  8
0
 10
-0.8841059410078909
 20
0.0406794000000048
 30
0.0
 11
-0.8827595410078966
 21
0.0415746000000041
 31
0.0
  0
LINE
  5
100A
  8
0
 10
-0.8827595410078966
 20
0.0415746000000041
 30
0.0
 11
-0.8813855410079035
 21
0.0423696000000007
 31
0.0
  0
LINE
  5
100B
  8
0
 10
-0.8813855410079035
 20
0.0423696000000007
 30
0.0
 11
-0.8799875410079033
 21
0.0430622999999997
 31
0.0
  0
LINE
  5
100C
  8
0
 10
-0.8799875410079033
 20
0.0430622999999997
 30
0.0
 11
-0.8785685410078878
 21
0.0436515000000043
 31
0.0
  0
LINE
  5
100D
  8
0
 10
-0.8785685410078878
 20
0.0436515000000043
 30
0.0
 11
-0.8771321410078989
 21
0.0441354000000018
 31
0.0
  0
LINE
  5
100E
  8
0
 10
-0.8771321410078989
 20
0.0441354000000018
 30
0.0
 11
-0.8756813410078959
 21
0.044512800000004
 31
0.0
  0
LINE
  5
100F
  8
0
 10
-0.8756813410078959
 20
0.044512800000004
 30
0.0
 11
-0.8742197410079025
 21
0.0447834000000029
 31
0.0
  0
LINE
  5
1010
  8
0
 10
-0.8935079410078906
 20
0.0302202000000051
 30
0.0
 11
-0.8924921410078976
 21
0.0318197999999995
 31
0.0
  0
LINE
  5
1011
  8
0
 10
-0.8944697410079008
 20
0.0285476999999986
 30
0.0
 11
-0.8935079410078906
 21
0.0302202000000051
 31
0.0
  0
LINE
  5
1012
  8
0
 10
-0.8970107410078977
 20
0.0231346199999991
 30
0.0
 11
-0.8962229410078915
 21
0.0250006500000012
 31
0.0
  0
LINE
  5
1013
  8
0
 10
-0.8962229410078915
 20
0.0250006500000012
 30
0.0
 11
-0.8953751410079004
 21
0.0268064700000054
 31
0.0
  0
LINE
  5
1014
  8
0
 10
-0.8953751410079004
 20
0.0268064700000054
 30
0.0
 11
-0.8944697410079008
 21
0.0285476999999986
 31
0.0
  0
LINE
  5
1015
  8
0
 10
-0.8977367410078894
 20
0.0212128500000063
 30
0.0
 11
-0.8970107410078977
 21
0.0231346199999991
 31
0.0
  0
LINE
  5
1016
  8
0
 10
-0.8441597410078937
 20
-0.0192399899999941
 30
0.0
 11
-0.8448215410078939
 21
-0.0212128499999977
 31
0.0
  0
LINE
  5
1017
  8
0
 10
-0.8377367410078926
 20
-0.0212128499999977
 30
0.0
 11
-0.8383985410078931
 21
-0.0192399899999941
 31
0.0
  0
LINE
  5
1018
  8
0
 10
-0.8142197410078887
 20
-0.0447833999999943
 30
0.0
 11
-0.815681341007899
 21
-0.0445127999999954
 31
0.0
  0
LINE
  5
1019
  8
0
 10
-0.8471831410078999
 20
-0.0268064699999968
 30
0.0
 11
-0.8480885410078993
 21
-0.0285476999999986
 31
0.0
  0
LINE
  5
101A
  8
0
 10
-0.8480885410078993
 20
-0.0285476999999986
 30
0.0
 11
-0.8490503410078925
 21
-0.0302201999999966
 31
0.0
  0
LINE
  5
101B
  8
0
 10
-0.8490503410078925
 20
-0.0302201999999966
 30
0.0
 11
-0.8500661410078857
 21
-0.0318197999999995
 31
0.0
  0
LINE
  5
101C
  8
0
 10
-0.8500661410078857
 20
-0.0318197999999995
 30
0.0
 11
-0.8511323410078882
 21
-0.0333428999999995
 31
0.0
  0
LINE
  5
101D
  8
0
 10
-0.8511323410078882
 20
-0.0333428999999995
 30
0.0
 11
-0.8522471410078875
 21
-0.0347855999999979
 31
0.0
  0
LINE
  5
101E
  8
0
 10
-0.8522471410078875
 20
-0.0347855999999979
 30
0.0
 11
-0.8534081410078893
 21
-0.0361442999999951
 31
0.0
  0
LINE
  5
101F
  8
0
 10
-0.8534081410078893
 20
-0.0361442999999951
 30
0.0
 11
-0.8546117410079031
 21
-0.0374159999999989
 31
0.0
  0
LINE
  5
1020
  8
0
 10
-0.8546117410079031
 20
-0.0374159999999989
 30
0.0
 11
-0.8558561410078986
 21
-0.0385976999999997
 31
0.0
  0
LINE
  5
1021
  8
0
 10
-0.8558561410078986
 20
-0.0385976999999997
 30
0.0
 11
-0.8571371410078879
 21
-0.0396863999999965
 31
0.0
  0
LINE
  5
1022
  8
0
 10
-0.8455475410079028
 20
-0.023134619999999
 30
0.0
 11
-0.8463353410078918
 21
-0.0250006500000012
 31
0.0
  0
LINE
  5
1023
  8
0
 10
-0.8448215410078939
 20
-0.0212128499999977
 30
0.0
 11
-0.8455475410079028
 21
-0.023134619999999
 31
0.0
  0
LINE
  5
1024
  8
0
 10
-0.8463353410078918
 20
-0.0250006500000012
 30
0.0
 11
-0.8471831410078999
 21
-0.0268064699999968
 31
0.0
  0
LINE
  5
1025
  8
0
 10
-0.8698073410078901
 20
-0.0449456999999939
 30
0.0
 11
-0.8712791410078917
 21
-0.0450000000000017
 31
0.0
  0
LINE
  5
1026
  8
0
 10
-0.8584523410078926
 20
-0.0406793999999962
 30
0.0
 11
-0.8597987410079037
 21
-0.0415745999999956
 31
0.0
  0
LINE
  5
1027
  8
0
 10
-0.8597987410079037
 20
-0.0415745999999956
 30
0.0
 11
-0.8611727410078964
 21
-0.0423696000000007
 31
0.0
  0
LINE
  5
1028
  8
0
 10
-0.8611727410078964
 20
-0.0423696000000007
 30
0.0
 11
-0.8625707410078968
 21
-0.0430622999999997
 31
0.0
  0
LINE
  5
1029
  8
0
 10
-0.8625707410078968
 20
-0.0430622999999997
 30
0.0
 11
-0.8639897410078953
 21
-0.0436514999999958
 31
0.0
  0
LINE
  5
102A
  8
0
 10
-0.8639897410078953
 20
-0.0436514999999958
 30
0.0
 11
-0.8654261410079014
 21
-0.0441354000000018
 31
0.0
  0
LINE
  5
102B
  8
0
 10
-0.8654261410079014
 20
-0.0441354000000018
 30
0.0
 11
-0.8668769410078875
 21
-0.0445127999999954
 31
0.0
  0
LINE
  5
102C
  8
0
 10
-0.8668769410078875
 20
-0.0445127999999954
 30
0.0
 11
-0.8683385410078978
 21
-0.0447833999999943
 31
0.0
  0
LINE
  5
102D
  8
0
 10
-0.8683385410078978
 20
-0.0447833999999943
 30
0.0
 11
-0.8698073410078901
 21
-0.0449456999999939
 31
0.0
  0
LINE
  5
102E
  8
0
 10
-0.8571371410078879
 20
-0.0396863999999965
 30
0.0
 11
-0.8584523410078926
 21
-0.0406793999999962
 31
0.0
  0
LINE
  5
102F
  8
0
 10
-0.8362229410078951
 20
-0.0250006500000012
 30
0.0
 11
-0.8370107410079011
 21
-0.023134619999999
 31
0.0
  0
LINE
  5
1030
  8
0
 10
-0.8344697410078875
 20
-0.0285476999999986
 30
0.0
 11
-0.8353751410079038
 21
-0.0268064699999968
 31
0.0
  0
LINE
  5
1031
  8
0
 10
-0.8254211410078989
 20
-0.0396863999999965
 30
0.0
 11
-0.8267021410078879
 21
-0.0385976999999997
 31
0.0
  0
LINE
  5
1032
  8
0
 10
-0.8267021410078879
 20
-0.0385976999999997
 30
0.0
 11
-0.8279465410079007
 21
-0.0374159999999989
 31
0.0
  0
LINE
  5
1033
  8
0
 10
-0.8279465410079007
 20
-0.0374159999999989
 30
0.0
 11
-0.8291501410078973
 21
-0.0361442999999951
 31
0.0
  0
LINE
  5
1034
  8
0
 10
-0.8291501410078973
 20
-0.0361442999999951
 30
0.0
 11
-0.8303111410078991
 21
-0.0347855999999979
 31
0.0
  0
LINE
  5
1035
  8
0
 10
-0.8303111410078991
 20
-0.0347855999999979
 30
0.0
 11
-0.8314259410078984
 21
-0.0333428999999995
 31
0.0
  0
LINE
  5
1036
  8
0
 10
-0.8314259410078984
 20
-0.0333428999999995
 30
0.0
 11
-0.8324921410079008
 21
-0.0318197999999995
 31
0.0
  0
LINE
  5
1037
  8
0
 10
-0.8324921410079008
 20
-0.0318197999999995
 30
0.0
 11
-0.8335079410078945
 21
-0.0302201999999966
 31
0.0
  0
LINE
  5
1038
  8
0
 10
-0.8335079410078945
 20
-0.0302201999999966
 30
0.0
 11
-0.8344697410078875
 21
-0.0285476999999986
 31
0.0
  0
LINE
  5
1039
  8
0
 10
-0.8353751410079038
 20
-0.0268064699999968
 30
0.0
 11
-0.8362229410078951
 21
-0.0250006500000012
 31
0.0
  0
LINE
  5
103A
  8
0
 10
-0.8370107410079011
 20
-0.023134619999999
 30
0.0
 11
-0.8377367410078926
 21
-0.0212128499999977
 31
0.0
  0
LINE
  5
103B
  8
0
 10
-0.815681341007899
 20
-0.0445127999999954
 30
0.0
 11
-0.8171321410079029
 21
-0.0441354000000018
 31
0.0
  0
LINE
  5
103C
  8
0
 10
-0.8171321410079029
 20
-0.0441354000000018
 30
0.0
 11
-0.8185685410078916
 21
-0.0436514999999958
 31
0.0
  0
LINE
  5
103D
  8
0
 10
-0.8185685410078916
 20
-0.0436514999999958
 30
0.0
 11
-0.81998754100789
 21
-0.0430622999999997
 31
0.0
  0
LINE
  5
103E
  8
0
 10
-0.81998754100789
 20
-0.0430622999999997
 30
0.0
 11
-0.8213855410078901
 21
-0.0423696000000007
 31
0.0
  0
LINE
  5
103F
  8
0
 10
-0.8213855410078901
 20
-0.0423696000000007
 30
0.0
 11
-0.8227595410079001
 21
-0.0415745999999956
 31
0.0
  0
LINE
  5
1040
  8
0
 10
-0.8227595410079001
 20
-0.0415745999999956
 30
0.0
 11
-0.8241059410078941
 21
-0.0406793999999962
 31
0.0
  0
LINE
  5
1041
  8
0
 10
-0.8241059410078941
 20
-0.0406793999999962
 30
0.0
 11
-0.8254211410078989
 21
-0.0396863999999965
 31
0.0
  0
LINE
  5
1042
  8
0
 10
-0.815681341007899
 20
0.044512800000004
 30
0.0
 11
-0.8142197410078887
 21
0.0447834000000029
 31
0.0
  0
LINE
  5
1043
  8
0
 10
-0.8611727410078964
 20
0.0423696000000007
 30
0.0
 11
-0.8597987410079037
 21
0.0415746000000041
 31
0.0
  0
LINE
  5
1044
  8
0
 10
-0.8597987410079037
 20
0.0415746000000041
 30
0.0
 11
-0.8584523410078926
 21
0.0406794000000048
 31
0.0
  0
LINE
  5
1045
  8
0
 10
-0.8584523410078926
 20
0.0406794000000048
 30
0.0
 11
-0.8571371410078879
 21
0.039686400000005
 31
0.0
  0
LINE
  5
1046
  8
0
 10
-0.8571371410078879
 20
0.039686400000005
 30
0.0
 11
-0.8558561410078986
 21
0.0385976999999997
 31
0.0
  0
LINE
  5
1047
  8
0
 10
-0.8558561410078986
 20
0.0385976999999997
 30
0.0
 11
-0.8546117410079031
 21
0.0374159999999989
 31
0.0
  0
LINE
  5
1048
  8
0
 10
-0.8546117410079031
 20
0.0374159999999989
 30
0.0
 11
-0.8534081410078893
 21
0.0361443000000037
 31
0.0
  0
LINE
  5
1049
  8
0
 10
-0.8534081410078893
 20
0.0361443000000037
 30
0.0
 11
-0.8522471410078875
 21
0.0347856000000064
 31
0.0
  0
LINE
  5
104A
  8
0
 10
-0.8522471410078875
 20
0.0347856000000064
 30
0.0
 11
-0.8511323410078882
 21
0.0333428999999995
 31
0.0
  0
LINE
  5
104B
  8
0
 10
-0.8511323410078882
 20
0.0333428999999995
 30
0.0
 11
-0.8500661410078857
 21
0.0318197999999995
 31
0.0
  0
LINE
  5
104C
  8
0
 10
-0.8500661410078857
 20
0.0318197999999995
 30
0.0
 11
-0.8490503410078925
 21
0.0302202000000051
 31
0.0
  0
LINE
  5
104D
  8
0
 10
-0.8698073410078901
 20
0.0449457000000024
 30
0.0
 11
-0.8683385410078978
 21
0.0447834000000029
 31
0.0
  0
LINE
  5
104E
  8
0
 10
-0.8463353410078918
 20
0.0250006500000012
 30
0.0
 11
-0.8455475410079028
 21
0.0231346199999991
 31
0.0
  0
LINE
  5
104F
  8
0
 10
-0.8455475410079028
 20
0.0231346199999991
 30
0.0
 11
-0.8448215410078939
 21
0.0212128500000063
 31
0.0
  0
LINE
  5
1050
  8
0
 10
-0.8448215410078939
 20
0.0212128500000063
 30
0.0
 11
-0.8441597410078937
 21
0.0192399900000027
 31
0.0
  0
LINE
  5
1051
  8
0
 10
-0.8441597410078937
 20
0.0192399900000027
 30
0.0
 11
-0.8435627410079003
 21
0.0172207499999985
 31
0.0
  0
LINE
  5
1052
  8
0
 10
-0.8435627410079003
 20
0.0172207499999985
 30
0.0
 11
-0.8430329410078908
 21
0.0151600500000001
 31
0.0
  0
LINE
  5
1053
  8
0
 10
-0.8430329410078908
 20
0.0151600500000001
 30
0.0
 11
-0.8425709410078976
 21
0.0130628100000053
 31
0.0
  0
LINE
  5
1054
  8
0
 10
-0.8425709410078976
 20
0.0130628100000053
 30
0.0
 11
-0.8421779410079006
 21
0.0109341000000029
 31
0.0
  0
LINE
  5
1055
  8
0
 10
-0.8421779410079006
 20
0.0109341000000029
 30
0.0
 11
-0.8418557410078955
 21
0.008779050000004
 31
0.0
  0
LINE
  5
1056
  8
0
 10
-0.8418557410078955
 20
0.008779050000004
 30
0.0
 11
-0.8416037410079008
 21
0.0066028800000055
 31
0.0
  0
LINE
  5
1057
  8
0
 10
-0.8416037410079008
 20
0.0066028800000055
 30
0.0
 11
-0.841423741007895
 21
0.0044107800000063
 31
0.0
  0
LINE
  5
1058
  8
0
 10
-0.841423741007895
 20
0.0044107800000063
 30
0.0
 11
-0.8413151410078963
 21
0.0022080599999981
 31
0.0
  0
LINE
  5
1059
  8
0
 10
-0.8412431410078903
 20
0.0022080599999981
 30
0.0
 11
-0.8411345410078915
 21
0.0044107800000063
 31
0.0
  0
LINE
  5
105A
  8
0
 10
-0.8411345410078915
 20
0.0044107800000063
 30
0.0
 11
-0.8409545410079026
 21
0.0066028800000055
 31
0.0
  0
LINE
  5
105B
  8
0
 10
-0.8409545410079026
 20
0.0066028800000055
 30
0.0
 11
-0.840702541007891
 21
0.008779050000004
 31
0.0
  0
LINE
  5
105C
  8
0
 10
-0.840702541007891
 20
0.008779050000004
 30
0.0
 11
-0.8403803410079032
 21
0.0109341000000029
 31
0.0
  0
LINE
  5
105D
  8
0
 10
-0.8403803410079032
 20
0.0109341000000029
 30
0.0
 11
-0.8399873410078891
 21
0.0130628100000053
 31
0.0
  0
LINE
  5
105E
  8
0
 10
-0.8399873410078891
 20
0.0130628100000053
 30
0.0
 11
-0.8395253410078959
 21
0.0151600500000001
 31
0.0
  0
LINE
  5
105F
  8
0
 10
-0.8395253410078959
 20
0.0151600500000001
 30
0.0
 11
-0.8389955410079034
 21
0.0172207499999985
 31
0.0
  0
LINE
  5
1060
  8
0
 10
-0.8471831410078999
 20
0.0268064700000054
 30
0.0
 11
-0.8463353410078918
 21
0.0250006500000012
 31
0.0
  0
LINE
  5
1061
  8
0
 10
-0.8413151410078963
 20
0.0022080599999981
 30
0.0
 11
-0.8412791410079019
 21
0.0
 31
0.0
  0
LINE
  5
1062
  8
0
 10
-0.8412791410079019
 20
0.0
 30
0.0
 11
-0.8412431410078903
 21
0.0022080599999981
 31
0.0
  0
LINE
  5
1063
  8
0
 10
-0.8421779410079006
 20
-0.0109341000000029
 30
0.0
 11
-0.8425709410078976
 21
-0.0130628099999967
 31
0.0
  0
LINE
  5
1064
  8
0
 10
-0.8399873410078891
 20
-0.0130628099999967
 30
0.0
 11
-0.8403803410079032
 21
-0.0109341000000029
 31
0.0
  0
LINE
  5
1065
  8
0
 10
-0.8425709410078976
 20
-0.0130628099999967
 30
0.0
 11
-0.8430329410078908
 21
-0.0151600500000001
 31
0.0
  0
LINE
  5
1066
  8
0
 10
-0.8430329410078908
 20
-0.0151600500000001
 30
0.0
 11
-0.8435627410079003
 21
-0.0172207499999985
 31
0.0
  0
LINE
  5
1067
  8
0
 10
-0.8435627410079003
 20
-0.0172207499999985
 30
0.0
 11
-0.8441597410078937
 21
-0.0192399899999941
 31
0.0
  0
LINE
  5
1068
  8
0
 10
-0.8389955410079034
 20
-0.0172207499999985
 30
0.0
 11
-0.8395253410078959
 21
-0.0151600500000001
 31
0.0
  0
LINE
  5
1069
  8
0
 10
-0.8395253410078959
 20
-0.0151600500000001
 30
0.0
 11
-0.8399873410078891
 21
-0.0130628099999967
 31
0.0
  0
LINE
  5
106A
  8
0
 10
-0.8412791410079019
 20
0.0
 30
0.0
 11
-0.8413151410078963
 21
-0.0022080599999981
 31
0.0
  0
LINE
  5
106B
  8
0
 10
-0.8413151410078963
 20
-0.0022080599999981
 30
0.0
 11
-0.841423741007895
 21
-0.0044107799999978
 31
0.0
  0
LINE
  5
106C
  8
0
 10
-0.841423741007895
 20
-0.0044107799999978
 30
0.0
 11
-0.8416037410079008
 21
-0.006602879999997
 31
0.0
  0
LINE
  5
106D
  8
0
 10
-0.8416037410079008
 20
-0.006602879999997
 30
0.0
 11
-0.8418557410078955
 21
-0.0087790499999954
 31
0.0
  0
LINE
  5
106E
  8
0
 10
-0.8418557410078955
 20
-0.0087790499999954
 30
0.0
 11
-0.8421779410079006
 21
-0.0109341000000029
 31
0.0
  0
LINE
  5
106F
  8
0
 10
-0.8403803410079032
 20
-0.0109341000000029
 30
0.0
 11
-0.840702541007891
 21
-0.0087790499999954
 31
0.0
  0
LINE
  5
1070
  8
0
 10
-0.840702541007891
 20
-0.0087790499999954
 30
0.0
 11
-0.8409545410079026
 21
-0.006602879999997
 31
0.0
  0
LINE
  5
1071
  8
0
 10
-0.8409545410079026
 20
-0.006602879999997
 30
0.0
 11
-0.8411345410078915
 21
-0.0044107799999978
 31
0.0
  0
LINE
  5
1072
  8
0
 10
-0.8411345410078915
 20
-0.0044107799999978
 30
0.0
 11
-0.8412431410078903
 21
-0.0022080599999981
 31
0.0
  0
LINE
  5
1073
  8
0
 10
-0.8412431410078903
 20
-0.0022080599999981
 30
0.0
 11
-0.8412791410079019
 21
0.0
 31
0.0
  0
LINE
  5
1074
  8
0
 10
-0.8490503410078925
 20
0.0302202000000051
 30
0.0
 11
-0.8480885410078993
 21
0.0285476999999986
 31
0.0
  0
LINE
  5
1075
  8
0
 10
-0.8712791410078917
 20
0.0450000000000017
 30
0.0
 11
-0.8698073410078901
 21
0.0449457000000024
 31
0.0
  0
LINE
  5
1076
  8
0
 10
-0.8683385410078978
 20
0.0447834000000029
 30
0.0
 11
-0.8668769410078875
 21
0.044512800000004
 31
0.0
  0
LINE
  5
1077
  8
0
 10
-0.8668769410078875
 20
0.044512800000004
 30
0.0
 11
-0.8654261410079014
 21
0.0441354000000018
 31
0.0
  0
LINE
  5
1078
  8
0
 10
-0.8654261410079014
 20
0.0441354000000018
 30
0.0
 11
-0.8639897410078953
 21
0.0436515000000043
 31
0.0
  0
LINE
  5
1079
  8
0
 10
-0.8639897410078953
 20
0.0436515000000043
 30
0.0
 11
-0.8625707410078968
 21
0.0430622999999997
 31
0.0
  0
LINE
  5
107A
  8
0
 10
-0.8625707410078968
 20
0.0430622999999997
 30
0.0
 11
-0.8611727410078964
 21
0.0423696000000007
 31
0.0
  0
LINE
  5
107B
  8
0
 10
-0.8344697410078875
 20
0.0285476999999986
 30
0.0
 11
-0.8335079410078945
 21
0.0302202000000051
 31
0.0
  0
LINE
  5
107C
  8
0
 10
-0.8353751410079038
 20
0.0268064700000054
 30
0.0
 11
-0.8344697410078875
 21
0.0285476999999986
 31
0.0
  0
LINE
  5
107D
  8
0
 10
-0.8383985410078931
 20
0.0192399900000027
 30
0.0
 11
-0.8377367410078926
 21
0.0212128500000063
 31
0.0
  0
LINE
  5
107E
  8
0
 10
-0.8377367410078926
 20
0.0212128500000063
 30
0.0
 11
-0.8370107410079011
 21
0.0231346199999991
 31
0.0
  0
LINE
  5
107F
  8
0
 10
-0.8370107410079011
 20
0.0231346199999991
 30
0.0
 11
-0.8362229410078951
 21
0.0250006500000012
 31
0.0
  0
LINE
  5
1080
  8
0
 10
-0.8362229410078951
 20
0.0250006500000012
 30
0.0
 11
-0.8353751410079038
 21
0.0268064700000054
 31
0.0
  0
LINE
  5
1081
  8
0
 10
-0.8335079410078945
 20
0.0302202000000051
 30
0.0
 11
-0.8324921410079008
 21
0.0318197999999995
 31
0.0
  0
LINE
  5
1082
  8
0
 10
-0.8324921410079008
 20
0.0318197999999995
 30
0.0
 11
-0.8314259410078984
 21
0.0333428999999995
 31
0.0
  0
LINE
  5
1083
  8
0
 10
-0.8314259410078984
 20
0.0333428999999995
 30
0.0
 11
-0.8303111410078991
 21
0.0347856000000064
 31
0.0
  0
LINE
  5
1084
  8
0
 10
-0.8303111410078991
 20
0.0347856000000064
 30
0.0
 11
-0.8291501410078973
 21
0.0361443000000037
 31
0.0
  0
LINE
  5
1085
  8
0
 10
-0.8291501410078973
 20
0.0361443000000037
 30
0.0
 11
-0.8279465410079007
 21
0.0374159999999989
 31
0.0
  0
LINE
  5
1086
  8
0
 10
-0.8279465410079007
 20
0.0374159999999989
 30
0.0
 11
-0.8267021410078879
 21
0.0385976999999997
 31
0.0
  0
LINE
  5
1087
  8
0
 10
-0.8267021410078879
 20
0.0385976999999997
 30
0.0
 11
-0.8254211410078989
 21
0.039686400000005
 31
0.0
  0
LINE
  5
1088
  8
0
 10
-0.8254211410078989
 20
0.039686400000005
 30
0.0
 11
-0.8241059410078941
 21
0.0406794000000048
 31
0.0
  0
LINE
  5
1089
  8
0
 10
-0.8241059410078941
 20
0.0406794000000048
 30
0.0
 11
-0.8227595410079001
 21
0.0415746000000041
 31
0.0
  0
LINE
  5
108A
  8
0
 10
-0.8227595410079001
 20
0.0415746000000041
 30
0.0
 11
-0.8213855410078901
 21
0.0423696000000007
 31
0.0
  0
LINE
  5
108B
  8
0
 10
-0.8213855410078901
 20
0.0423696000000007
 30
0.0
 11
-0.81998754100789
 21
0.0430622999999997
 31
0.0
  0
LINE
  5
108C
  8
0
 10
-0.81998754100789
 20
0.0430622999999997
 30
0.0
 11
-0.8185685410078916
 21
0.0436515000000043
 31
0.0
  0
LINE
  5
108D
  8
0
 10
-0.8185685410078916
 20
0.0436515000000043
 30
0.0
 11
-0.8171321410079029
 21
0.0441354000000018
 31
0.0
  0
LINE
  5
108E
  8
0
 10
-0.8171321410079029
 20
0.0441354000000018
 30
0.0
 11
-0.815681341007899
 21
0.044512800000004
 31
0.0
  0
LINE
  5
108F
  8
0
 10
-0.8389955410079034
 20
0.0172207499999985
 30
0.0
 11
-0.8383985410078931
 21
0.0192399900000027
 31
0.0
  0
LINE
  5
1090
  8
0
 10
-0.8383985410078931
 20
-0.0192399899999941
 30
0.0
 11
-0.8389955410079034
 21
-0.0172207499999985
 31
0.0
  0
LINE
  5
1091
  8
0
 10
-0.8112791410078948
 20
-0.0450000000000017
 30
0.0
 11
-0.8127509410078966
 21
-0.0449456999999939
 31
0.0
  0
LINE
  5
1092
  8
0
 10
-0.7900661410078893
 20
-0.0318197999999995
 30
0.0
 11
-0.7911323410078918
 21
-0.0333428999999995
 31
0.0
  0
LINE
  5
1093
  8
0
 10
-0.7911323410078918
 20
-0.0333428999999995
 30
0.0
 11
-0.792247141007891
 21
-0.0347855999999979
 31
0.0
  0
LINE
  5
1094
  8
0
 10
-0.792247141007891
 20
-0.0347855999999979
 30
0.0
 11
-0.7934081410078928
 21
-0.0361442999999951
 31
0.0
  0
LINE
  5
1095
  8
0
 10
-0.7934081410078928
 20
-0.0361442999999951
 30
0.0
 11
-0.7946117410078895
 21
-0.0374159999999989
 31
0.0
  0
LINE
  5
1096
  8
0
 10
-0.7946117410078895
 20
-0.0374159999999989
 30
0.0
 11
-0.7958561410079025
 21
-0.0385976999999997
 31
0.0
  0
LINE
  5
1097
  8
0
 10
-0.7958561410079025
 20
-0.0385976999999997
 30
0.0
 11
-0.7971371410078911
 21
-0.0396863999999965
 31
0.0
  0
LINE
  5
1098
  8
0
 10
-0.7984523410078961
 20
-0.0406793999999962
 30
0.0
 11
-0.7997987410078902
 21
-0.0415745999999956
 31
0.0
  0
LINE
  5
1099
  8
0
 10
-0.8011727410079
 20
-0.0423696000000007
 30
0.0
 11
-0.8025707410079004
 21
-0.0430622999999997
 31
0.0
  0
LINE
  5
109A
  8
0
 10
-0.7997987410078902
 20
-0.0415745999999956
 30
0.0
 11
-0.8011727410079
 21
-0.0423696000000007
 31
0.0
  0
LINE
  5
109B
  8
0
 10
-0.8025707410079004
 20
-0.0430622999999997
 30
0.0
 11
-0.8039897410078989
 21
-0.0436514999999958
 31
0.0
  0
LINE
  5
109C
  8
0
 10
-0.8039897410078989
 20
-0.0436514999999958
 30
0.0
 11
-0.8054261410078876
 21
-0.0441354000000018
 31
0.0
  0
LINE
  5
109D
  8
0
 10
-0.8054261410078876
 20
-0.0441354000000018
 30
0.0
 11
-0.8068769410078909
 21
-0.0445127999999954
 31
0.0
  0
LINE
  5
109E
  8
0
 10
-0.8068769410078909
 20
-0.0445127999999954
 30
0.0
 11
-0.8083385410079014
 21
-0.0447833999999943
 31
0.0
  0
LINE
  5
109F
  8
0
 10
-0.8083385410079014
 20
-0.0447833999999943
 30
0.0
 11
-0.8098073410078933
 21
-0.0449456999999939
 31
0.0
  0
LINE
  5
10A0
  8
0
 10
-0.8098073410078933
 20
-0.0449456999999939
 30
0.0
 11
-0.8112791410078948
 21
-0.0450000000000017
 31
0.0
  0
LINE
  5
10A1
  8
0
 10
-0.7971371410078911
 20
-0.0396863999999965
 30
0.0
 11
-0.7984523410078961
 21
-0.0406793999999962
 31
0.0
  0
LINE
  5
10A2
  8
0
 10
-0.8127509410078966
 20
0.0449457000000024
 30
0.0
 11
-0.8112791410078948
 21
0.0450000000000017
 31
0.0
  0
LINE
  5
10A3
  8
0
 10
-0.7997987410078902
 20
0.0415746000000041
 30
0.0
 11
-0.7984523410078961
 21
0.0406794000000048
 31
0.0
  0
LINE
  5
10A4
  8
0
 10
-0.7984523410078961
 20
0.0406794000000048
 30
0.0
 11
-0.7971371410078911
 21
0.039686400000005
 31
0.0
  0
LINE
  5
10A5
  8
0
 10
-0.7971371410078911
 20
0.039686400000005
 30
0.0
 11
-0.7958561410079025
 21
0.0385976999999997
 31
0.0
  0
LINE
  5
10A6
  8
0
 10
-0.7958561410079025
 20
0.0385976999999997
 30
0.0
 11
-0.7946117410078895
 21
0.0374159999999989
 31
0.0
  0
LINE
  5
10A7
  8
0
 10
-0.7946117410078895
 20
0.0374159999999989
 30
0.0
 11
-0.7934081410078928
 21
0.0361443000000037
 31
0.0
  0
LINE
  5
10A8
  8
0
 10
-0.7934081410078928
 20
0.0361443000000037
 30
0.0
 11
-0.792247141007891
 21
0.0347856000000064
 31
0.0
  0
LINE
  5
10A9
  8
0
 10
-0.792247141007891
 20
0.0347856000000064
 30
0.0
 11
-0.7911323410078918
 21
0.0333428999999995
 31
0.0
  0
LINE
  5
10AA
  8
0
 10
-0.7911323410078918
 20
0.0333428999999995
 30
0.0
 11
-0.7900661410078893
 21
0.0318197999999995
 31
0.0
  0
LINE
  5
10AB
  8
0
 10
-0.8025707410079004
 20
0.0430622999999997
 30
0.0
 11
-0.8011727410079
 21
0.0423696000000007
 31
0.0
  0
LINE
  5
10AC
  8
0
 10
-0.8011727410079
 20
0.0423696000000007
 30
0.0
 11
-0.7997987410078902
 21
0.0415746000000041
 31
0.0
  0
LINE
  5
10AD
  8
0
 10
-0.8112791410078948
 20
0.0450000000000017
 30
0.0
 11
-0.8098073410078933
 21
0.0449457000000024
 31
0.0
  0
LINE
  5
10AE
  8
0
 10
-0.8098073410078933
 20
0.0449457000000024
 30
0.0
 11
-0.8083385410079014
 21
0.0447834000000029
 31
0.0
  0
LINE
  5
10AF
  8
0
 10
-0.8083385410079014
 20
0.0447834000000029
 30
0.0
 11
-0.8068769410078909
 21
0.044512800000004
 31
0.0
  0
LINE
  5
10B0
  8
0
 10
-0.8068769410078909
 20
0.044512800000004
 30
0.0
 11
-0.8054261410078876
 21
0.0441354000000018
 31
0.0
  0
LINE
  5
10B1
  8
0
 10
-0.8054261410078876
 20
0.0441354000000018
 30
0.0
 11
-0.8039897410078989
 21
0.0436515000000043
 31
0.0
  0
LINE
  5
10B2
  8
0
 10
-0.8039897410078989
 20
0.0436515000000043
 30
0.0
 11
-0.8025707410079004
 21
0.0430622999999997
 31
0.0
  0
LINE
  5
10B3
  8
0
 10
-0.8127509410078966
 20
-0.0449456999999939
 30
0.0
 11
-0.8142197410078887
 21
-0.0447833999999943
 31
0.0
  0
LINE
  5
10B4
  8
0
 10
-0.8142197410078887
 20
0.0447834000000029
 30
0.0
 11
-0.8127509410078966
 21
0.0449457000000024
 31
0.0
  0
LINE
  5
10B5
  8
0
 10
-0.8712791410078917
 20
0.0450000000000017
 30
0.0
 11
-0.9012791410078984
 21
0.0450000000000017
 31
0.0
  0
LINE
  5
10B6
  8
0
 10
-0.9012791410078984
 20
-0.0450000000000017
 30
0.0
 11
-0.8712791410078917
 21
-0.0450000000000017
 31
0.0
  0
LINE
  5
10B7
  8
0
 10
-0.8712791410078917
 20
-0.0450000000000017
 30
0.0
 11
-0.872750941007893
 21
-0.0449456999999939
 31
0.0
  0
LINE
  5
10B8
  8
0
 10
-0.872750941007893
 20
0.0449457000000024
 30
0.0
 11
-0.8712791410078917
 21
0.0450000000000017
 31
0.0
  0
LINE
  5
10B9
  8
0
 10
-0.8480885410078993
 20
0.0285476999999986
 30
0.0
 11
-0.8395253410078959
 21
0.0151600500000001
 31
0.0
  0
LINE
  5
10BA
  8
0
 10
-0.7890503410078961
 20
-0.0302201999999966
 30
0.0
 11
-0.7900661410078893
 21
-0.0318197999999995
 31
0.0
  0
LINE
  5
10BB
  8
0
 10
-0.7900661410078893
 20
0.0318197999999995
 30
0.0
 11
-0.7890503410078961
 21
0.0302202000000051
 31
0.0
  0
LINE
  5
10BC
  8
0
 10
-0.7841597410078977
 20
-0.0192399899999941
 30
0.0
 11
-0.7848215410078976
 21
-0.0212128499999977
 31
0.0
  0
LINE
  5
10BD
  8
0
 10
-0.7777368010078928
 20
-0.0212128499999977
 30
0.0
 11
-0.778398841007896
 21
-0.0192399899999941
 31
0.0
  0
LINE
  5
10BE
  8
0
 10
-0.7855475410078893
 20
-0.023134619999999
 30
0.0
 11
-0.7863353410078955
 21
-0.0250006500000012
 31
0.0
  0
LINE
  5
10BF
  8
0
 10
-0.7863353410078955
 20
-0.0250006500000012
 30
0.0
 11
-0.7871831410079034
 21
-0.0268064699999968
 31
0.0
  0
LINE
  5
10C0
  8
0
 10
-0.7871831410079034
 20
-0.0268064699999968
 30
0.0
 11
-0.7880885410079028
 21
-0.0285476999999986
 31
0.0
  0
LINE
  5
10C1
  8
0
 10
-0.7880885410079028
 20
-0.0285476999999986
 30
0.0
 11
-0.7890503410078961
 21
-0.0302201999999966
 31
0.0
  0
LINE
  5
10C2
  8
0
 10
-0.7848215410078976
 20
-0.0212128499999977
 30
0.0
 11
-0.7855475410078893
 21
-0.023134619999999
 31
0.0
  0
LINE
  5
10C3
  8
0
 10
-0.7762232410078978
 20
-0.0250006500000012
 30
0.0
 11
-0.7770109810078905
 21
-0.023134619999999
 31
0.0
  0
LINE
  5
10C4
  8
0
 10
-0.7691501410079012
 20
-0.0361442999999951
 30
0.0
 11
-0.7703109610078968
 21
-0.0347855999999979
 31
0.0
  0
LINE
  5
10C5
  8
0
 10
-0.7703109610078968
 20
-0.0347855999999979
 30
0.0
 11
-0.7714258810079057
 21
-0.0333428999999995
 31
0.0
  0
LINE
  5
10C6
  8
0
 10
-0.7714258810079057
 20
-0.0333428999999995
 30
0.0
 11
-0.7724923210078939
 21
-0.0318197999999995
 31
0.0
  0
LINE
  5
10C7
  8
0
 10
-0.7724923210078939
 20
-0.0318197999999995
 30
0.0
 11
-0.773507701007895
 21
-0.0302201999999966
 31
0.0
  0
LINE
  5
10C8
  8
0
 10
-0.773507701007895
 20
-0.0302201999999966
 30
0.0
 11
-0.7744694410078921
 21
-0.0285476999999986
 31
0.0
  0
LINE
  5
10C9
  8
0
 10
-0.7744694410078921
 20
-0.0285476999999986
 30
0.0
 11
-0.7753753810078931
 21
-0.0268064699999968
 31
0.0
  0
LINE
  5
10CA
  8
0
 10
-0.7753753810078931
 20
-0.0268064699999968
 30
0.0
 11
-0.7762232410078978
 21
-0.0250006500000012
 31
0.0
  0
LINE
  5
10CB
  8
0
 10
-0.7770109810078905
 20
-0.023134619999999
 30
0.0
 11
-0.7777368010078928
 21
-0.0212128499999977
 31
0.0
  0
LINE
  5
10CC
  8
0
 10
-0.7799873410078928
 20
-0.0130628099999967
 30
0.0
 11
-0.7803801010079039
 21
-0.0109341000000029
 31
0.0
  0
LINE
  5
10CD
  8
0
 10
-0.7803801010079039
 20
0.0109341000000029
 30
0.0
 11
-0.7799873410078928
 21
0.0130628100000053
 31
0.0
  0
LINE
  5
10CE
  8
0
 10
-0.7812791410078888
 20
0.0
 30
0.0
 11
-0.7812430210079012
 21
0.0022080599999981
 31
0.0
  0
LINE
  5
10CF
  8
0
 10
-0.7813151410078999
 20
0.0022080599999981
 30
0.0
 11
-0.7812791410078888
 21
0.0
 31
0.0
  0
LINE
  5
10D0
  8
0
 10
-0.7821779410079043
 20
-0.0109341000000029
 30
0.0
 11
-0.7825709410079013
 21
-0.0130628099999967
 31
0.0
  0
LINE
  5
10D1
  8
0
 10
-0.7825709410079013
 20
-0.0130628099999967
 30
0.0
 11
-0.7830329410078945
 21
-0.0151600500000001
 31
0.0
  0
LINE
  5
10D2
  8
0
 10
-0.7830329410078945
 20
-0.0151600500000001
 30
0.0
 11
-0.7835627410079039
 21
-0.0172207499999985
 31
0.0
  0
LINE
  5
10D3
  8
0
 10
-0.7835627410079039
 20
-0.0172207499999985
 30
0.0
 11
-0.7841597410078977
 21
-0.0192399899999941
 31
0.0
  0
LINE
  5
10D4
  8
0
 10
-0.7803801010079039
 20
-0.0109341000000029
 30
0.0
 11
-0.7807027210079011
 21
-0.0087790499999954
 31
0.0
  0
LINE
  5
10D5
  8
0
 10
-0.7807027210079011
 20
-0.0087790499999954
 30
0.0
 11
-0.7809544210078965
 21
-0.006602879999997
 31
0.0
  0
LINE
  5
10D6
  8
0
 10
-0.7809544210078965
 20
-0.006602879999997
 30
0.0
 11
-0.7811346610078883
 21
-0.0044107799999978
 31
0.0
  0
LINE
  5
10D7
  8
0
 10
-0.7811346610078883
 20
-0.0044107799999978
 30
0.0
 11
-0.7812430210079012
 21
-0.0022080599999981
 31
0.0
  0
LINE
  5
10D8
  8
0
 10
-0.7812430210079012
 20
-0.0022080599999981
 30
0.0
 11
-0.7812791410078888
 21
0.0
 31
0.0
  0
LINE
  5
10D9
  8
0
 10
-0.7812791410078888
 20
0.0
 30
0.0
 11
-0.7813151410078999
 21
-0.0022080599999981
 31
0.0
  0
LINE
  5
10DA
  8
0
 10
-0.7813151410078999
 20
-0.0022080599999981
 30
0.0
 11
-0.7814237410078987
 21
-0.0044107799999978
 31
0.0
  0
LINE
  5
10DB
  8
0
 10
-0.7814237410078987
 20
-0.0044107799999978
 30
0.0
 11
-0.7816037410078877
 21
-0.006602879999997
 31
0.0
  0
LINE
  5
10DC
  8
0
 10
-0.7816037410078877
 20
-0.006602879999997
 30
0.0
 11
-0.7818557410078995
 21
-0.0087790499999954
 31
0.0
  0
LINE
  5
10DD
  8
0
 10
-0.7818557410078995
 20
-0.0087790499999954
 30
0.0
 11
-0.7821779410079043
 21
-0.0109341000000029
 31
0.0
  0
LINE
  5
10DE
  8
0
 10
-0.7890503410078961
 20
0.0302202000000051
 30
0.0
 11
-0.7880885410079028
 21
0.0285476999999986
 31
0.0
  0
LINE
  5
10DF
  8
0
 10
-0.7812430210079012
 20
0.0022080599999981
 30
0.0
 11
-0.7811346610078883
 21
0.0044107800000063
 31
0.0
  0
LINE
  5
10E0
  8
0
 10
-0.7811346610078883
 20
0.0044107800000063
 30
0.0
 11
-0.7809544210078965
 21
0.0066028800000055
 31
0.0
  0
LINE
  5
10E1
  8
0
 10
-0.7809544210078965
 20
0.0066028800000055
 30
0.0
 11
-0.7807027210079011
 21
0.008779050000004
 31
0.0
  0
LINE
  5
10E2
  8
0
 10
-0.7807027210079011
 20
0.008779050000004
 30
0.0
 11
-0.7803801010079039
 21
0.0109341000000029
 31
0.0
  0
LINE
  5
10E3
  8
0
 10
-0.7880885410079028
 20
0.0285476999999986
 30
0.0
 11
-0.7871831410079034
 21
0.0268064700000054
 31
0.0
  0
LINE
  5
10E4
  8
0
 10
-0.7871831410079034
 20
0.0268064700000054
 30
0.0
 11
-0.7863353410078955
 21
0.0250006500000012
 31
0.0
  0
LINE
  5
10E5
  8
0
 10
-0.7863353410078955
 20
0.0250006500000012
 30
0.0
 11
-0.7855475410078893
 21
0.0231346199999991
 31
0.0
  0
LINE
  5
10E6
  8
0
 10
-0.7855475410078893
 20
0.0231346199999991
 30
0.0
 11
-0.7848215410078976
 21
0.0212128500000063
 31
0.0
  0
LINE
  5
10E7
  8
0
 10
-0.7848215410078976
 20
0.0212128500000063
 30
0.0
 11
-0.7841597410078977
 21
0.0192399900000027
 31
0.0
  0
LINE
  5
10E8
  8
0
 10
-0.7841597410078977
 20
0.0192399900000027
 30
0.0
 11
-0.7835627410079039
 21
0.0172207499999985
 31
0.0
  0
LINE
  5
10E9
  8
0
 10
-0.7835627410079039
 20
0.0172207499999985
 30
0.0
 11
-0.7830329410078945
 21
0.0151600500000001
 31
0.0
  0
LINE
  5
10EA
  8
0
 10
-0.7830329410078945
 20
0.0151600500000001
 30
0.0
 11
-0.7825709410079013
 21
0.0130628100000053
 31
0.0
  0
LINE
  5
10EB
  8
0
 10
-0.7825709410079013
 20
0.0130628100000053
 30
0.0
 11
-0.7821779410079043
 21
0.0109341000000029
 31
0.0
  0
LINE
  5
10EC
  8
0
 10
-0.7821779410079043
 20
0.0109341000000029
 30
0.0
 11
-0.7818557410078995
 21
0.008779050000004
 31
0.0
  0
LINE
  5
10ED
  8
0
 10
-0.7818557410078995
 20
0.008779050000004
 30
0.0
 11
-0.7816037410078877
 21
0.0066028800000055
 31
0.0
  0
LINE
  5
10EE
  8
0
 10
-0.7816037410078877
 20
0.0066028800000055
 30
0.0
 11
-0.7814237410078987
 21
0.0044107800000063
 31
0.0
  0
LINE
  5
10EF
  8
0
 10
-0.7814237410078987
 20
0.0044107800000063
 30
0.0
 11
-0.7813151410078999
 21
0.0022080599999981
 31
0.0
  0
LINE
  5
10F0
  8
0
 10
-0.778398841007896
 20
-0.0192399899999941
 30
0.0
 11
-0.7789955410078902
 21
-0.0172207499999985
 31
0.0
  0
LINE
  5
10F1
  8
0
 10
-0.7789955410078902
 20
-0.0172207499999985
 30
0.0
 11
-0.7795254610078926
 21
-0.0151600500000001
 31
0.0
  0
LINE
  5
10F2
  8
0
 10
-0.7795254610078926
 20
-0.0151600500000001
 30
0.0
 11
-0.7799873410078928
 21
-0.0130628099999967
 31
0.0
  0
LINE
  5
10F3
  8
0
 10
-0.7744694410078921
 20
0.0285476999999986
 30
0.0
 11
-0.773507701007895
 21
0.0302202000000051
 31
0.0
  0
LINE
  5
10F4
  8
0
 10
-0.7799873410078928
 20
0.0130628100000053
 30
0.0
 11
-0.7795254610078926
 21
0.0151600500000001
 31
0.0
  0
LINE
  5
10F5
  8
0
 10
-0.7795254610078926
 20
0.0151600500000001
 30
0.0
 11
-0.7789955410078902
 21
0.0172207499999985
 31
0.0
  0
LINE
  5
10F6
  8
0
 10
-0.7789955410078902
 20
0.0172207499999985
 30
0.0
 11
-0.778398841007896
 21
0.0192399900000027
 31
0.0
  0
LINE
  5
10F7
  8
0
 10
-0.778398841007896
 20
0.0192399900000027
 30
0.0
 11
-0.7777368010078928
 21
0.0212128500000063
 31
0.0
  0
LINE
  5
10F8
  8
0
 10
-0.7777368010078928
 20
0.0212128500000063
 30
0.0
 11
-0.7770109810078905
 21
0.0231346199999991
 31
0.0
  0
LINE
  5
10F9
  8
0
 10
-0.7770109810078905
 20
0.0231346199999991
 30
0.0
 11
-0.7762232410078978
 21
0.0250006500000012
 31
0.0
  0
LINE
  5
10FA
  8
0
 10
-0.7762232410078978
 20
0.0250006500000012
 30
0.0
 11
-0.7753753810078931
 21
0.0268064700000054
 31
0.0
  0
LINE
  5
10FB
  8
0
 10
-0.7753753810078931
 20
0.0268064700000054
 30
0.0
 11
-0.7744694410078921
 21
0.0285476999999986
 31
0.0
  0
LINE
  5
10FC
  8
0
 10
-0.773507701007895
 20
0.0302202000000051
 30
0.0
 11
-0.7724923210078939
 21
0.0318197999999995
 31
0.0
  0
LINE
  5
10FD
  8
0
 10
-0.7724923210078939
 20
0.0318197999999995
 30
0.0
 11
-0.7714258810079057
 21
0.0333428999999995
 31
0.0
  0
LINE
  5
10FE
  8
0
 10
-0.7714258810079057
 20
0.0333428999999995
 30
0.0
 11
-0.7703109610078968
 21
0.0347856000000064
 31
0.0
  0
LINE
  5
10FF
  8
0
 10
-0.7703109610078968
 20
0.0347856000000064
 30
0.0
 11
-0.7691501410079012
 21
0.0361443000000037
 31
0.0
  0
LINE
  5
1100
  8
0
 10
-0.7358560810078925
 20
-0.0385976999999997
 30
0.0
 11
-0.7371372610078879
 21
-0.0396863999999965
 31
0.0
  0
LINE
  5
1101
  8
0
 10
-0.7384524610078925
 20
-0.0406793999999962
 30
0.0
 11
-0.7397986210079008
 21
-0.0415745999999956
 31
0.0
  0
LINE
  5
1102
  8
0
 10
-0.7397986210079008
 20
-0.0415745999999956
 30
0.0
 11
-0.7411724410079044
 21
-0.0423696000000007
 31
0.0
  0
LINE
  5
1103
  8
0
 10
-0.7411724410079044
 20
-0.0423696000000007
 30
0.0
 11
-0.742570621007894
 21
-0.0430622999999997
 31
0.0
  0
LINE
  5
1104
  8
0
 10
-0.742570621007894
 20
-0.0430622999999997
 30
0.0
 11
-0.7439897410079024
 21
-0.0436514999999958
 31
0.0
  0
LINE
  5
1105
  8
0
 10
-0.7439897410079024
 20
-0.0436514999999958
 30
0.0
 11
-0.7454264410078904
 21
-0.0441354000000018
 31
0.0
  0
LINE
  5
1106
  8
0
 10
-0.7454264410078904
 20
-0.0441354000000018
 30
0.0
 11
-0.746877241007894
 21
-0.0445127999999954
 31
0.0
  0
LINE
  5
1107
  8
0
 10
-0.746877241007894
 20
-0.0445127999999954
 30
0.0
 11
-0.7483386010079013
 21
-0.0447833999999943
 31
0.0
  0
LINE
  5
1108
  8
0
 10
-0.7483386010079013
 20
-0.0447833999999943
 30
0.0
 11
-0.7498071010078942
 21
-0.0449456999999939
 31
0.0
  0
LINE
  5
1109
  8
0
 10
-0.7498071010078942
 20
-0.0449456999999939
 30
0.0
 11
-0.7512791410078991
 21
-0.0450000000000017
 31
0.0
  0
LINE
  5
110A
  8
0
 10
-0.7512791410078991
 20
-0.0450000000000017
 30
0.0
 11
-0.7527511810079031
 21
-0.0449456999999939
 31
0.0
  0
LINE
  5
110B
  8
0
 10
-0.7527511810079031
 20
-0.0449456999999939
 30
0.0
 11
-0.7542196810078961
 21
-0.0447833999999943
 31
0.0
  0
LINE
  5
110C
  8
0
 10
-0.7371372610078879
 20
-0.0396863999999965
 30
0.0
 11
-0.7384524610078925
 21
-0.0406793999999962
 31
0.0
  0
LINE
  5
110D
  8
0
 10
-0.7162232410079013
 20
-0.0250006500000012
 30
0.0
 11
-0.717010981007894
 21
-0.023134619999999
 31
0.0
  0
LINE
  5
110E
  8
0
 10
-0.7114258810078921
 20
-0.0333428999999995
 30
0.0
 11
-0.7124923210078973
 21
-0.0318197999999995
 31
0.0
  0
LINE
  5
110F
  8
0
 10
-0.7054210210078961
 20
-0.0396863999999965
 30
0.0
 11
-0.7067022010078913
 21
-0.0385976999999997
 31
0.0
  0
LINE
  5
1110
  8
0
 10
-0.7067022010078913
 20
-0.0385976999999997
 30
0.0
 11
-0.7079462410078916
 21
-0.0374159999999989
 31
0.0
  0
LINE
  5
1111
  8
0
 10
-0.7079462410078916
 20
-0.0374159999999989
 30
0.0
 11
-0.7091501410079049
 21
-0.0361442999999951
 31
0.0
  0
LINE
  5
1112
  8
0
 10
-0.7091501410079049
 20
-0.0361442999999951
 30
0.0
 11
-0.7103109610078999
 21
-0.0347855999999979
 31
0.0
  0
LINE
  5
1113
  8
0
 10
-0.7103109610078999
 20
-0.0347855999999979
 30
0.0
 11
-0.7114258810078921
 21
-0.0333428999999995
 31
0.0
  0
LINE
  5
1114
  8
0
 10
-0.7124923210078973
 20
-0.0318197999999995
 30
0.0
 11
-0.7135077010078991
 21
-0.0302201999999966
 31
0.0
  0
LINE
  5
1115
  8
0
 10
-0.7135077010078991
 20
-0.0302201999999966
 30
0.0
 11
-0.7144694410078954
 21
-0.0285476999999986
 31
0.0
  0
LINE
  5
1116
  8
0
 10
-0.7144694410078954
 20
-0.0285476999999986
 30
0.0
 11
-0.7153753810078966
 21
-0.0268064699999968
 31
0.0
  0
LINE
  5
1117
  8
0
 10
-0.7153753810078966
 20
-0.0268064699999968
 30
0.0
 11
-0.7162232410079013
 21
-0.0250006500000012
 31
0.0
  0
LINE
  5
1118
  8
0
 10
-0.717010981007894
 20
-0.023134619999999
 30
0.0
 11
-0.7177368010078963
 21
-0.0212128499999977
 31
0.0
  0
LINE
  5
1119
  8
0
 10
-0.6985685410078985
 20
-0.0436514999999958
 30
0.0
 11
-0.6999876610078897
 21
-0.0430622999999997
 31
0.0
  0
LINE
  5
111A
  8
0
 10
-0.6999876610078897
 20
-0.0430622999999997
 30
0.0
 11
-0.7013858410078965
 21
-0.0423696000000007
 31
0.0
  0
LINE
  5
111B
  8
0
 10
-0.7013858410078965
 20
-0.0423696000000007
 30
0.0
 11
-0.7027596610078999
 21
-0.0415745999999956
 31
0.0
  0
LINE
  5
111C
  8
0
 10
-0.7027596610078999
 20
-0.0415745999999956
 30
0.0
 11
-0.7041058210078913
 21
-0.0406793999999962
 31
0.0
  0
LINE
  5
111D
  8
0
 10
-0.7041058210078913
 20
-0.0406793999999962
 30
0.0
 11
-0.7054210210078961
 21
-0.0396863999999965
 31
0.0
  0
LINE
  5
111E
  8
0
 10
-0.6985685410078985
 20
0.0436515000000043
 30
0.0
 11
-0.6971318410078934
 21
0.0441354000000018
 31
0.0
  0
LINE
  5
111F
  8
0
 10
-0.7248214810079046
 20
0.0212128500000063
 30
0.0
 11
-0.7241594410079018
 21
0.0192399900000027
 31
0.0
  0
LINE
  5
1120
  8
0
 10
-0.7221781810078936
 20
-0.0109341000000029
 30
0.0
 11
-0.7225709410079048
 21
-0.0130628099999967
 31
0.0
  0
LINE
  5
1121
  8
0
 10
-0.7225709410079048
 20
-0.0130628099999967
 30
0.0
 11
-0.7230328210078878
 21
-0.0151600500000001
 31
0.0
  0
LINE
  5
1122
  8
0
 10
-0.7230328210078878
 20
-0.0151600500000001
 30
0.0
 11
-0.7235627410078905
 21
-0.0172207499999985
 31
0.0
  0
LINE
  5
1123
  8
0
 10
-0.7235627410078905
 20
-0.0172207499999985
 30
0.0
 11
-0.7241594410079018
 21
-0.0192399899999941
 31
0.0
  0
LINE
  5
1124
  8
0
 10
-0.7218555610078963
 20
-0.0087790499999954
 30
0.0
 11
-0.7221781810078936
 21
-0.0109341000000029
 31
0.0
  0
LINE
  5
1125
  8
0
 10
-0.7241594410079018
 20
0.0192399900000027
 30
0.0
 11
-0.7235627410078905
 21
0.0172207499999985
 31
0.0
  0
LINE
  5
1126
  8
0
 10
-0.7235627410078905
 20
0.0172207499999985
 30
0.0
 11
-0.7230328210078878
 21
0.0151600500000001
 31
0.0
  0
LINE
  5
1127
  8
0
 10
-0.7230328210078878
 20
0.0151600500000001
 30
0.0
 11
-0.7225709410079048
 21
0.0130628100000053
 31
0.0
  0
LINE
  5
1128
  8
0
 10
-0.7225709410079048
 20
0.0130628100000053
 30
0.0
 11
-0.7221781810078936
 21
0.0109341000000029
 31
0.0
  0
LINE
  5
1129
  8
0
 10
-0.7221781810078936
 20
0.0109341000000029
 30
0.0
 11
-0.7218555610078963
 21
0.008779050000004
 31
0.0
  0
LINE
  5
112A
  8
0
 10
-0.7290505810079023
 20
0.0302202000000051
 30
0.0
 11
-0.7280888410079056
 21
0.0285476999999986
 31
0.0
  0
LINE
  5
112B
  8
0
 10
-0.7280888410079056
 20
0.0285476999999986
 30
0.0
 11
-0.7271829010079043
 21
0.0268064700000054
 31
0.0
  0
LINE
  5
112C
  8
0
 10
-0.7271829010079043
 20
0.0268064700000054
 30
0.0
 11
-0.7263350410079001
 21
0.0250006500000012
 31
0.0
  0
LINE
  5
112D
  8
0
 10
-0.7263350410079001
 20
0.0250006500000012
 30
0.0
 11
-0.7255473010078899
 21
0.0231346199999991
 31
0.0
  0
LINE
  5
112E
  8
0
 10
-0.7255473010078899
 20
0.0231346199999991
 30
0.0
 11
-0.7248214810079046
 21
0.0212128500000063
 31
0.0
  0
LINE
  5
112F
  8
0
 10
-0.7300659610079034
 20
0.0318197999999995
 30
0.0
 11
-0.7290505810079023
 21
0.0302202000000051
 31
0.0
  0
LINE
  5
1130
  8
0
 10
-0.7512791410078991
 20
0.0450000000000017
 30
0.0
 11
-0.7498071010078942
 21
0.0449457000000024
 31
0.0
  0
LINE
  5
1131
  8
0
 10
-0.7498071010078942
 20
0.0449457000000024
 30
0.0
 11
-0.7483386010079013
 21
0.0447834000000029
 31
0.0
  0
LINE
  5
1132
  8
0
 10
-0.7483386010079013
 20
0.0447834000000029
 30
0.0
 11
-0.746877241007894
 21
0.044512800000004
 31
0.0
  0
LINE
  5
1133
  8
0
 10
-0.746877241007894
 20
0.044512800000004
 30
0.0
 11
-0.7454264410078904
 21
0.0441354000000018
 31
0.0
  0
LINE
  5
1134
  8
0
 10
-0.7454264410078904
 20
0.0441354000000018
 30
0.0
 11
-0.7439897410079024
 21
0.0436515000000043
 31
0.0
  0
LINE
  5
1135
  8
0
 10
-0.7439897410079024
 20
0.0436515000000043
 30
0.0
 11
-0.742570621007894
 21
0.0430622999999997
 31
0.0
  0
LINE
  5
1136
  8
0
 10
-0.742570621007894
 20
0.0430622999999997
 30
0.0
 11
-0.7411724410079044
 21
0.0423696000000007
 31
0.0
  0
LINE
  5
1137
  8
0
 10
-0.7411724410079044
 20
0.0423696000000007
 30
0.0
 11
-0.7397986210079008
 21
0.0415746000000041
 31
0.0
  0
LINE
  5
1138
  8
0
 10
-0.7397986210079008
 20
0.0415746000000041
 30
0.0
 11
-0.7384524610078925
 21
0.0406794000000048
 31
0.0
  0
LINE
  5
1139
  8
0
 10
-0.7384524610078925
 20
0.0406794000000048
 30
0.0
 11
-0.7371372610078879
 21
0.039686400000005
 31
0.0
  0
LINE
  5
113A
  8
0
 10
-0.7371372610078879
 20
0.039686400000005
 30
0.0
 11
-0.7358560810078925
 21
0.0385976999999997
 31
0.0
  0
LINE
  5
113B
  8
0
 10
-0.7358560810078925
 20
0.0385976999999997
 30
0.0
 11
-0.7346120410078924
 21
0.0374159999999989
 31
0.0
  0
LINE
  5
113C
  8
0
 10
-0.7346120410078924
 20
0.0374159999999989
 30
0.0
 11
-0.7334081410078963
 21
0.0361443000000037
 31
0.0
  0
LINE
  5
113D
  8
0
 10
-0.7334081410078963
 20
0.0361443000000037
 30
0.0
 11
-0.7322473210079008
 21
0.0347856000000064
 31
0.0
  0
LINE
  5
113E
  8
0
 10
-0.7322473210079008
 20
0.0347856000000064
 30
0.0
 11
-0.7311324010078917
 21
0.0333428999999995
 31
0.0
  0
LINE
  5
113F
  8
0
 10
-0.7311324010078917
 20
0.0333428999999995
 30
0.0
 11
-0.7300659610079034
 21
0.0318197999999995
 31
0.0
  0
LINE
  5
1140
  8
0
 10
-0.7542196810078961
 20
0.0447834000000029
 30
0.0
 11
-0.7527511810079031
 21
0.0449457000000024
 31
0.0
  0
LINE
  5
1141
  8
0
 10
-0.7527511810079031
 20
0.0449457000000024
 30
0.0
 11
-0.7512791410078991
 21
0.0450000000000017
 31
0.0
  0
LINE
  5
1142
  8
0
 10
-0.7213152610078961
 20
0.0022080599999981
 30
0.0
 11
-0.7212791410078923
 21
0.0
 31
0.0
  0
LINE
  5
1143
  8
0
 10
-0.7212791410078923
 20
0.0
 30
0.0
 11
-0.7212430210079046
 21
0.0022080599999981
 31
0.0
  0
LINE
  5
1144
  8
0
 10
-0.7199873410078963
 20
-0.0130628099999967
 30
0.0
 11
-0.7203801010078906
 21
-0.0109341000000029
 31
0.0
  0
LINE
  5
1145
  8
0
 10
-0.7183988410078995
 20
-0.0192399899999941
 30
0.0
 11
-0.7189955410078934
 21
-0.0172207499999985
 31
0.0
  0
LINE
  5
1146
  8
0
 10
-0.7189955410078934
 20
-0.0172207499999985
 30
0.0
 11
-0.7195254610078961
 21
-0.0151600500000001
 31
0.0
  0
LINE
  5
1147
  8
0
 10
-0.7195254610078961
 20
-0.0151600500000001
 30
0.0
 11
-0.7199873410078963
 21
-0.0130628099999967
 31
0.0
  0
LINE
  5
1148
  8
0
 10
-0.7212791410078923
 20
0.0
 30
0.0
 11
-0.7213152610078961
 21
-0.0022080599999981
 31
0.0
  0
LINE
  5
1149
  8
0
 10
-0.7213152610078961
 20
-0.0022080599999981
 30
0.0
 11
-0.7214236210078922
 21
-0.0044107799999978
 31
0.0
  0
LINE
  5
114A
  8
0
 10
-0.7214236210078922
 20
-0.0044107799999978
 30
0.0
 11
-0.7216038610079008
 21
-0.006602879999997
 31
0.0
  0
LINE
  5
114B
  8
0
 10
-0.7203801010078906
 20
-0.0109341000000029
 30
0.0
 11
-0.7207027210079046
 21
-0.0087790499999954
 31
0.0
  0
LINE
  5
114C
  8
0
 10
-0.7207027210079046
 20
-0.0087790499999954
 30
0.0
 11
-0.7209544210079001
 21
-0.006602879999997
 31
0.0
  0
LINE
  5
114D
  8
0
 10
-0.7209544210079001
 20
-0.006602879999997
 30
0.0
 11
-0.7211346610078917
 21
-0.0044107799999978
 31
0.0
  0
LINE
  5
114E
  8
0
 10
-0.5413151410078965
 20
0.0022080599999981
 30
0.0
 11
-0.5412791410079021
 21
0.0
 31
0.0
  0
LINE
  5
114F
  8
0
 10
-0.5421779410079008
 20
-0.0109341000000029
 30
0.0
 11
-0.5425709410078979
 21
-0.0130628099999967
 31
0.0
  0
LINE
  5
1150
  8
0
 10
-0.5425709410078979
 20
-0.0130628099999967
 30
0.0
 11
-0.5430329410078909
 21
-0.0151600500000001
 31
0.0
  0
LINE
  5
1151
  8
0
 10
-0.5412791410079021
 20
0.0
 30
0.0
 11
-0.5413151410078965
 21
-0.0022080599999981
 31
0.0
  0
LINE
  5
1152
  8
0
 10
-0.5413151410078965
 20
-0.0022080599999981
 30
0.0
 11
-0.5414237410078953
 21
-0.0044107799999978
 31
0.0
  0
LINE
  5
1153
  8
0
 10
-0.5414237410078953
 20
-0.0044107799999978
 30
0.0
 11
-0.5416037410079011
 21
-0.006602879999997
 31
0.0
  0
LINE
  5
1154
  8
0
 10
-0.5416037410079011
 20
-0.006602879999997
 30
0.0
 11
-0.5418557410078959
 21
-0.0087790499999954
 31
0.0
  0
LINE
  5
1155
  8
0
 10
-0.5418557410078959
 20
-0.0087790499999954
 30
0.0
 11
-0.5421779410079008
 21
-0.0109341000000029
 31
0.0
  0
LINE
  5
1156
  8
0
 10
-0.5430329410078909
 20
0.0151600500000001
 30
0.0
 11
-0.5425709410078979
 21
0.0130628100000053
 31
0.0
  0
LINE
  5
1157
  8
0
 10
-0.5425709410078979
 20
0.0130628100000053
 30
0.0
 11
-0.5421779410079008
 21
0.0109341000000029
 31
0.0
  0
LINE
  5
1158
  8
0
 10
-0.5421779410079008
 20
0.0109341000000029
 30
0.0
 11
-0.5418557410078959
 21
0.008779050000004
 31
0.0
  0
LINE
  5
1159
  8
0
 10
-0.5418557410078959
 20
0.008779050000004
 30
0.0
 11
-0.5416037410079011
 21
0.0066028800000055
 31
0.0
  0
LINE
  5
115A
  8
0
 10
-0.5416037410079011
 20
0.0066028800000055
 30
0.0
 11
-0.5414237410078953
 21
0.0044107800000063
 31
0.0
  0
LINE
  5
115B
  8
0
 10
-0.5414237410078953
 20
0.0044107800000063
 30
0.0
 11
-0.5413151410078965
 21
0.0022080599999981
 31
0.0
  0
LINE
  5
115C
  8
0
 10
-0.5430329410078909
 20
-0.0151600500000001
 30
0.0
 11
-0.5435627410079005
 21
-0.0172207499999985
 31
0.0
  0
LINE
  5
115D
  8
0
 10
-0.5435627410079005
 20
0.0172207499999985
 30
0.0
 11
-0.5430329410078909
 21
0.0151600500000001
 31
0.0
  0
LINE
  5
115E
  8
0
 10
-0.7211346610078917
 20
-0.0044107799999978
 30
0.0
 11
-0.7212430210079046
 21
-0.0022080599999981
 31
0.0
  0
LINE
  5
115F
  8
0
 10
-0.7212430210079046
 20
-0.0022080599999981
 30
0.0
 11
-0.7212791410078923
 21
0.0
 31
0.0
  0
LINE
  5
1160
  8
0
 10
-0.7144694410078954
 20
0.0285476999999986
 30
0.0
 11
-0.7135077010078991
 21
0.0302202000000051
 31
0.0
  0
LINE
  5
1161
  8
0
 10
-0.7216038610079008
 20
0.0066028800000055
 30
0.0
 11
-0.7214236210078922
 21
0.0044107800000063
 31
0.0
  0
LINE
  5
1162
  8
0
 10
-0.7214236210078922
 20
0.0044107800000063
 30
0.0
 11
-0.7213152610078961
 21
0.0022080599999981
 31
0.0
  0
LINE
  5
1163
  8
0
 10
-0.7212430210079046
 20
0.0022080599999981
 30
0.0
 11
-0.7211346610078917
 21
0.0044107800000063
 31
0.0
  0
LINE
  5
1164
  8
0
 10
-0.7211346610078917
 20
0.0044107800000063
 30
0.0
 11
-0.7209544210079001
 21
0.0066028800000055
 31
0.0
  0
LINE
  5
1165
  8
0
 10
-0.7209544210079001
 20
0.0066028800000055
 30
0.0
 11
-0.7207027210079046
 21
0.008779050000004
 31
0.0
  0
LINE
  5
1166
  8
0
 10
-0.7207027210079046
 20
0.008779050000004
 30
0.0
 11
-0.7203801010078906
 21
0.0109341000000029
 31
0.0
  0
LINE
  5
1167
  8
0
 10
-0.7203801010078906
 20
0.0109341000000029
 30
0.0
 11
-0.7199873410078963
 21
0.0130628100000053
 31
0.0
  0
LINE
  5
1168
  8
0
 10
-0.7199873410078963
 20
0.0130628100000053
 30
0.0
 11
-0.7195254610078961
 21
0.0151600500000001
 31
0.0
  0
LINE
  5
1169
  8
0
 10
-0.7195254610078961
 20
0.0151600500000001
 30
0.0
 11
-0.7189955410078934
 21
0.0172207499999985
 31
0.0
  0
LINE
  5
116A
  8
0
 10
-0.7189955410078934
 20
0.0172207499999985
 30
0.0
 11
-0.7183988410078995
 21
0.0192399900000027
 31
0.0
  0
LINE
  5
116B
  8
0
 10
-0.7183988410078995
 20
0.0192399900000027
 30
0.0
 11
-0.7177368010078963
 21
0.0212128500000063
 31
0.0
  0
LINE
  5
116C
  8
0
 10
-0.7177368010078963
 20
0.0212128500000063
 30
0.0
 11
-0.717010981007894
 21
0.0231346199999991
 31
0.0
  0
LINE
  5
116D
  8
0
 10
-0.7162232410079013
 20
0.0250006500000012
 30
0.0
 11
-0.7153753810078966
 21
0.0268064700000054
 31
0.0
  0
LINE
  5
116E
  8
0
 10
-0.7153753810078966
 20
0.0268064700000054
 30
0.0
 11
-0.7144694410078954
 21
0.0285476999999986
 31
0.0
  0
LINE
  5
116F
  8
0
 10
-0.717010981007894
 20
0.0231346199999991
 30
0.0
 11
-0.7162232410079013
 21
0.0250006500000012
 31
0.0
  0
LINE
  5
1170
  8
0
 10
-0.7124923210078973
 20
0.0318197999999995
 30
0.0
 11
-0.7114258810078921
 21
0.0333428999999995
 31
0.0
  0
LINE
  5
1171
  8
0
 10
-0.7114258810078921
 20
0.0333428999999995
 30
0.0
 11
-0.7103109610078999
 21
0.0347856000000064
 31
0.0
  0
LINE
  5
1172
  8
0
 10
-0.7103109610078999
 20
0.0347856000000064
 30
0.0
 11
-0.7091501410079049
 21
0.0361443000000037
 31
0.0
  0
LINE
  5
1173
  8
0
 10
-0.7091501410079049
 20
0.0361443000000037
 30
0.0
 11
-0.7079462410078916
 21
0.0374159999999989
 31
0.0
  0
LINE
  5
1174
  8
0
 10
-0.7079462410078916
 20
0.0374159999999989
 30
0.0
 11
-0.7067022010078913
 21
0.0385976999999997
 31
0.0
  0
LINE
  5
1175
  8
0
 10
-0.7067022010078913
 20
0.0385976999999997
 30
0.0
 11
-0.7054210210078961
 21
0.039686400000005
 31
0.0
  0
LINE
  5
1176
  8
0
 10
-0.7054210210078961
 20
0.039686400000005
 30
0.0
 11
-0.7041058210078913
 21
0.0406794000000048
 31
0.0
  0
LINE
  5
1177
  8
0
 10
-0.7041058210078913
 20
0.0406794000000048
 30
0.0
 11
-0.7027596610078999
 21
0.0415746000000041
 31
0.0
  0
LINE
  5
1178
  8
0
 10
-0.7027596610078999
 20
0.0415746000000041
 30
0.0
 11
-0.7013858410078965
 21
0.0423696000000007
 31
0.0
  0
LINE
  5
1179
  8
0
 10
-0.7013858410078965
 20
0.0423696000000007
 30
0.0
 11
-0.6999876610078897
 21
0.0430622999999997
 31
0.0
  0
LINE
  5
117A
  8
0
 10
-0.6999876610078897
 20
0.0430622999999997
 30
0.0
 11
-0.6985685410078985
 21
0.0436515000000043
 31
0.0
  0
LINE
  5
117B
  8
0
 10
-0.7135077010078991
 20
0.0302202000000051
 30
0.0
 11
-0.7124923210078973
 21
0.0318197999999995
 31
0.0
  0
LINE
  5
117C
  8
0
 10
-0.7216038610079008
 20
-0.006602879999997
 30
0.0
 11
-0.7218555610078963
 21
-0.0087790499999954
 31
0.0
  0
LINE
  5
117D
  8
0
 10
-0.7218555610078963
 20
0.008779050000004
 30
0.0
 11
-0.7216038610079008
 21
0.0066028800000055
 31
0.0
  0
LINE
  5
117E
  8
0
 10
-0.6641594410078878
 20
-0.0192399899999941
 30
0.0
 11
-0.664821481007891
 21
-0.0212128499999977
 31
0.0
  0
LINE
  5
117F
  8
0
 10
-0.6577367410079031
 20
-0.0212128499999977
 30
0.0
 11
-0.6583985410079035
 21
-0.0192399899999941
 31
0.0
  0
LINE
  5
1180
  8
0
 10
-0.638568541007902
 20
-0.0436514999999958
 30
0.0
 11
-0.6399875410079005
 21
-0.0430622999999997
 31
0.0
  0
LINE
  5
1181
  8
0
 10
-0.6722473210079042
 20
-0.0347855999999979
 30
0.0
 11
-0.6734081410078998
 21
-0.0361442999999951
 31
0.0
  0
LINE
  5
1182
  8
0
 10
-0.6734081410078998
 20
-0.0361442999999951
 30
0.0
 11
-0.6746120410078956
 21
-0.0374159999999989
 31
0.0
  0
LINE
  5
1183
  8
0
 10
-0.6746120410078956
 20
-0.0374159999999989
 30
0.0
 11
-0.6758560810078959
 21
-0.0385976999999997
 31
0.0
  0
LINE
  5
1184
  8
0
 10
-0.6758560810078959
 20
-0.0385976999999997
 30
0.0
 11
-0.6771372610078911
 21
-0.0396863999999965
 31
0.0
  0
LINE
  5
1185
  8
0
 10
-0.6655473010078934
 20
-0.023134619999999
 30
0.0
 11
-0.6663350410079031
 21
-0.0250006500000012
 31
0.0
  0
LINE
  5
1186
  8
0
 10
-0.6663350410079031
 20
-0.0250006500000012
 30
0.0
 11
-0.6671829010078909
 21
-0.0268064699999968
 31
0.0
  0
LINE
  5
1187
  8
0
 10
-0.6671829010078909
 20
-0.0268064699999968
 30
0.0
 11
-0.6680888410078919
 21
-0.0285476999999986
 31
0.0
  0
LINE
  5
1188
  8
0
 10
-0.6680888410078919
 20
-0.0285476999999986
 30
0.0
 11
-0.6690505810079057
 21
-0.0302201999999966
 31
0.0
  0
LINE
  5
1189
  8
0
 10
-0.6690505810079057
 20
-0.0302201999999966
 30
0.0
 11
-0.6700659610078901
 21
-0.0318197999999995
 31
0.0
  0
LINE
  5
118A
  8
0
 10
-0.6700659610078901
 20
-0.0318197999999995
 30
0.0
 11
-0.6711324010078953
 21
-0.0333428999999995
 31
0.0
  0
LINE
  5
118B
  8
0
 10
-0.664821481007891
 20
-0.0212128499999977
 30
0.0
 11
-0.6655473010078934
 21
-0.023134619999999
 31
0.0
  0
LINE
  5
118C
  8
0
 10
-0.6711324010078953
 20
-0.0333428999999995
 30
0.0
 11
-0.6722473210079042
 21
-0.0347855999999979
 31
0.0
  0
LINE
  5
118D
  8
0
 10
-0.6927511810078895
 20
-0.0449456999999939
 30
0.0
 11
-0.6942196810078996
 21
-0.0447833999999943
 31
0.0
  0
LINE
  5
118E
  8
0
 10
-0.678452461007896
 20
-0.0406793999999962
 30
0.0
 11
-0.6797986210079045
 21
-0.0415745999999956
 31
0.0
  0
LINE
  5
118F
  8
0
 10
-0.6797986210079045
 20
-0.0415745999999956
 30
0.0
 11
-0.6811724410078907
 21
-0.0423696000000007
 31
0.0
  0
LINE
  5
1190
  8
0
 10
-0.6811724410078907
 20
-0.0423696000000007
 30
0.0
 11
-0.6825706210078975
 21
-0.0430622999999997
 31
0.0
  0
LINE
  5
1191
  8
0
 10
-0.6825706210078975
 20
-0.0430622999999997
 30
0.0
 11
-0.6839897410078888
 21
-0.0436514999999958
 31
0.0
  0
LINE
  5
1192
  8
0
 10
-0.6839897410078888
 20
-0.0436514999999958
 30
0.0
 11
-0.6854264410078939
 21
-0.0441354000000018
 31
0.0
  0
LINE
  5
1193
  8
0
 10
-0.6854264410078939
 20
-0.0441354000000018
 30
0.0
 11
-0.6868772410078973
 21
-0.0445127999999954
 31
0.0
  0
LINE
  5
1194
  8
0
 10
-0.6868772410078973
 20
-0.0445127999999954
 30
0.0
 11
-0.6883386010079048
 21
-0.0447833999999943
 31
0.0
  0
LINE
  5
1195
  8
0
 10
-0.6883386010079048
 20
-0.0447833999999943
 30
0.0
 11
-0.6898071010078977
 21
-0.0449456999999939
 31
0.0
  0
LINE
  5
1196
  8
0
 10
-0.6898071010078977
 20
-0.0449456999999939
 30
0.0
 11
-0.6912791410079021
 21
-0.0450000000000017
 31
0.0
  0
LINE
  5
1197
  8
0
 10
-0.6912791410079021
 20
-0.0450000000000017
 30
0.0
 11
-0.6927511810078895
 21
-0.0449456999999939
 31
0.0
  0
LINE
  5
1198
  8
0
 10
-0.6942196810078996
 20
-0.0447833999999943
 30
0.0
 11
-0.69568104100789
 21
-0.0445127999999954
 31
0.0
  0
LINE
  5
1199
  8
0
 10
-0.6771372610078911
 20
-0.0396863999999965
 30
0.0
 11
-0.678452461007896
 21
-0.0406793999999962
 31
0.0
  0
LINE
  5
119A
  8
0
 10
-0.6562229410079052
 20
-0.0250006500000012
 30
0.0
 11
-0.6570107410078944
 21
-0.023134619999999
 31
0.0
  0
LINE
  5
119B
  8
0
 10
-0.6454211410078924
 20
-0.0396863999999965
 30
0.0
 11
-0.6467021410078983
 21
-0.0385976999999997
 31
0.0
  0
LINE
  5
119C
  8
0
 10
-0.6467021410078983
 20
-0.0385976999999997
 30
0.0
 11
-0.6479465410078942
 21
-0.0374159999999989
 31
0.0
  0
LINE
  5
119D
  8
0
 10
-0.6479465410078942
 20
-0.0374159999999989
 30
0.0
 11
-0.6491501410078909
 21
-0.0361442999999951
 31
0.0
  0
LINE
  5
119E
  8
0
 10
-0.6491501410078909
 20
-0.0361442999999951
 30
0.0
 11
-0.6503111410078927
 21
-0.0347855999999979
 31
0.0
  0
LINE
  5
119F
  8
0
 10
-0.6503111410078927
 20
-0.0347855999999979
 30
0.0
 11
-0.6514259410078919
 21
-0.0333428999999995
 31
0.0
  0
LINE
  5
11A0
  8
0
 10
-0.6514259410078919
 20
-0.0333428999999995
 30
0.0
 11
-0.6524921410078944
 21
-0.0318197999999995
 31
0.0
  0
LINE
  5
11A1
  8
0
 10
-0.6524921410078944
 20
-0.0318197999999995
 30
0.0
 11
-0.6535079410079047
 21
-0.0302201999999966
 31
0.0
  0
LINE
  5
11A2
  8
0
 10
-0.6535079410079047
 20
-0.0302201999999966
 30
0.0
 11
-0.6544697410078979
 21
-0.0285476999999986
 31
0.0
  0
LINE
  5
11A3
  8
0
 10
-0.6544697410078979
 20
-0.0285476999999986
 30
0.0
 11
-0.6553751410078971
 21
-0.0268064699999968
 31
0.0
  0
LINE
  5
11A4
  8
0
 10
-0.6553751410078971
 20
-0.0268064699999968
 30
0.0
 11
-0.6562229410079052
 21
-0.0250006500000012
 31
0.0
  0
LINE
  5
11A5
  8
0
 10
-0.6570107410078944
 20
-0.023134619999999
 30
0.0
 11
-0.6577367410079031
 21
-0.0212128499999977
 31
0.0
  0
LINE
  5
11A6
  8
0
 10
-0.6399875410079005
 20
-0.0430622999999997
 30
0.0
 11
-0.6413855410079007
 21
-0.0423696000000007
 31
0.0
  0
LINE
  5
11A7
  8
0
 10
-0.6413855410079007
 20
-0.0423696000000007
 30
0.0
 11
-0.6427595410078935
 21
-0.0415745999999956
 31
0.0
  0
LINE
  5
11A8
  8
0
 10
-0.6427595410078935
 20
-0.0415745999999956
 30
0.0
 11
-0.6441059410079048
 21
-0.0406793999999962
 31
0.0
  0
LINE
  5
11A9
  8
0
 10
-0.6441059410079048
 20
-0.0406793999999962
 30
0.0
 11
-0.6454211410078924
 21
-0.0396863999999965
 31
0.0
  0
LINE
  5
11AA
  8
0
 10
-0.6399875410079005
 20
0.0430622999999997
 30
0.0
 11
-0.638568541007902
 21
0.0436515000000043
 31
0.0
  0
LINE
  5
11AB
  8
0
 10
-0.6630328210078913
 20
-0.0151600500000001
 30
0.0
 11
-0.663562741007894
 21
-0.0172207499999985
 31
0.0
  0
LINE
  5
11AC
  8
0
 10
-0.663562741007894
 20
0.0172207499999985
 30
0.0
 11
-0.6630328210078913
 21
0.0151600500000001
 31
0.0
  0
LINE
  5
11AD
  8
0
 10
-0.663562741007894
 20
-0.0172207499999985
 30
0.0
 11
-0.6641594410078878
 21
-0.0192399899999941
 31
0.0
  0
LINE
  5
11AE
  8
0
 10
-0.6942196810078996
 20
0.0447834000000029
 30
0.0
 11
-0.6927511810078895
 21
0.0449457000000024
 31
0.0
  0
LINE
  5
11AF
  8
0
 10
-0.6912791410079021
 20
0.0450000000000017
 30
0.0
 11
-0.6898071010078977
 21
0.0449457000000024
 31
0.0
  0
LINE
  5
11B0
  8
0
 10
-0.6898071010078977
 20
0.0449457000000024
 30
0.0
 11
-0.6883386010079048
 21
0.0447834000000029
 31
0.0
  0
LINE
  5
11B1
  8
0
 10
-0.6883386010079048
 20
0.0447834000000029
 30
0.0
 11
-0.6868772410078973
 21
0.044512800000004
 31
0.0
  0
LINE
  5
11B2
  8
0
 10
-0.6868772410078973
 20
0.044512800000004
 30
0.0
 11
-0.6854264410078939
 21
0.0441354000000018
 31
0.0
  0
LINE
  5
11B3
  8
0
 10
-0.6854264410078939
 20
0.0441354000000018
 30
0.0
 11
-0.6839897410078888
 21
0.0436515000000043
 31
0.0
  0
LINE
  5
11B4
  8
0
 10
-0.6839897410078888
 20
0.0436515000000043
 30
0.0
 11
-0.6825706210078975
 21
0.0430622999999997
 31
0.0
  0
LINE
  5
11B5
  8
0
 10
-0.6825706210078975
 20
0.0430622999999997
 30
0.0
 11
-0.6811724410078907
 21
0.0423696000000007
 31
0.0
  0
LINE
  5
11B6
  8
0
 10
-0.6811724410078907
 20
0.0423696000000007
 30
0.0
 11
-0.6797986210079045
 21
0.0415746000000041
 31
0.0
  0
LINE
  5
11B7
  8
0
 10
-0.6797986210079045
 20
0.0415746000000041
 30
0.0
 11
-0.678452461007896
 21
0.0406794000000048
 31
0.0
  0
LINE
  5
11B8
  8
0
 10
-0.678452461007896
 20
0.0406794000000048
 30
0.0
 11
-0.6771372610078911
 21
0.039686400000005
 31
0.0
  0
LINE
  5
11B9
  8
0
 10
-0.6771372610078911
 20
0.039686400000005
 30
0.0
 11
-0.6758560810078959
 21
0.0385976999999997
 31
0.0
  0
LINE
  5
11BA
  8
0
 10
-0.6758560810078959
 20
0.0385976999999997
 30
0.0
 11
-0.6746120410078956
 21
0.0374159999999989
 31
0.0
  0
LINE
  5
11BB
  8
0
 10
-0.6746120410078956
 20
0.0374159999999989
 30
0.0
 11
-0.6734081410078998
 21
0.0361443000000037
 31
0.0
  0
LINE
  5
11BC
  8
0
 10
-0.6734081410078998
 20
0.0361443000000037
 30
0.0
 11
-0.6722473210079042
 21
0.0347856000000064
 31
0.0
  0
LINE
  5
11BD
  8
0
 10
-0.6927511810078895
 20
0.0449457000000024
 30
0.0
 11
-0.6912791410079021
 21
0.0450000000000017
 31
0.0
  0
LINE
  5
11BE
  8
0
 10
-0.69568104100789
 20
0.044512800000004
 30
0.0
 11
-0.6942196810078996
 21
0.0447834000000029
 31
0.0
  0
LINE
  5
11BF
  8
0
 10
-0.6690505810079057
 20
0.0302202000000051
 30
0.0
 11
-0.6680888410078919
 21
0.0285476999999986
 31
0.0
  0
LINE
  5
11C0
  8
0
 10
-0.6680888410078919
 20
0.0285476999999986
 30
0.0
 11
-0.6671829010078909
 21
0.0268064700000054
 31
0.0
  0
LINE
  5
11C1
  8
0
 10
-0.6671829010078909
 20
0.0268064700000054
 30
0.0
 11
-0.6663350410079031
 21
0.0250006500000012
 31
0.0
  0
LINE
  5
11C2
  8
0
 10
-0.6663350410079031
 20
0.0250006500000012
 30
0.0
 11
-0.6655473010078934
 21
0.0231346199999991
 31
0.0
  0
LINE
  5
11C3
  8
0
 10
-0.6655473010078934
 20
0.0231346199999991
 30
0.0
 11
-0.664821481007891
 21
0.0212128500000063
 31
0.0
  0
LINE
  5
11C4
  8
0
 10
-0.664821481007891
 20
0.0212128500000063
 30
0.0
 11
-0.6641594410078878
 21
0.0192399900000027
 31
0.0
  0
LINE
  5
11C5
  8
0
 10
-0.6641594410078878
 20
0.0192399900000027
 30
0.0
 11
-0.663562741007894
 21
0.0172207499999985
 31
0.0
  0
LINE
  5
11C6
  8
0
 10
-0.6711324010078953
 20
0.0333428999999995
 30
0.0
 11
-0.6700659610078901
 21
0.0318197999999995
 31
0.0
  0
LINE
  5
11C7
  8
0
 10
-0.6700659610078901
 20
0.0318197999999995
 30
0.0
 11
-0.6690505810079057
 21
0.0302202000000051
 31
0.0
  0
LINE
  5
11C8
  8
0
 10
-0.6722473210079042
 20
0.0347856000000064
 30
0.0
 11
-0.6711324010078953
 21
0.0333428999999995
 31
0.0
  0
LINE
  5
11C9
  8
0
 10
-0.6613152610079001
 20
0.0022080599999981
 30
0.0
 11
-0.6612791410078958
 21
0.0
 31
0.0
  0
LINE
  5
11CA
  8
0
 10
-0.6612791410078958
 20
0.0
 30
0.0
 11
-0.6612431410079011
 21
0.0022080599999981
 31
0.0
  0
LINE
  5
11CB
  8
0
 10
-0.658995541007897
 20
-0.0172207499999985
 30
0.0
 11
-0.6595253410078894
 21
-0.0151600500000001
 31
0.0
  0
LINE
  5
11CC
  8
0
 10
-0.6583985410079035
 20
-0.0192399899999941
 30
0.0
 11
-0.658995541007897
 21
-0.0172207499999985
 31
0.0
  0
LINE
  5
11CD
  8
0
 10
-0.6621781810078971
 20
-0.0109341000000029
 30
0.0
 11
-0.6625709410078911
 21
-0.0130628099999967
 31
0.0
  0
LINE
  5
11CE
  8
0
 10
-0.6599873410078996
 20
-0.0130628099999967
 30
0.0
 11
-0.6603803410078966
 21
-0.0109341000000029
 31
0.0
  0
LINE
  5
11CF
  8
0
 10
-0.6625709410078911
 20
-0.0130628099999967
 30
0.0
 11
-0.6630328210078913
 21
-0.0151600500000001
 31
0.0
  0
LINE
  5
11D0
  8
0
 10
-0.6595253410078894
 20
-0.0151600500000001
 30
0.0
 11
-0.6599873410078996
 21
-0.0130628099999967
 31
0.0
  0
LINE
  5
11D1
  8
0
 10
-0.6612791410078958
 20
0.0
 30
0.0
 11
-0.6613152610079001
 21
-0.0022080599999981
 31
0.0
  0
LINE
  5
11D2
  8
0
 10
-0.6613152610079001
 20
-0.0022080599999981
 30
0.0
 11
-0.6614236210078957
 21
-0.0044107799999978
 31
0.0
  0
LINE
  5
11D3
  8
0
 10
-0.6614236210078957
 20
-0.0044107799999978
 30
0.0
 11
-0.6616038610079043
 21
-0.006602879999997
 31
0.0
  0
LINE
  5
11D4
  8
0
 10
-0.6616038610079043
 20
-0.006602879999997
 30
0.0
 11
-0.6618555610078997
 21
-0.0087790499999954
 31
0.0
  0
LINE
  5
11D5
  8
0
 10
-0.6618555610078997
 20
-0.0087790499999954
 30
0.0
 11
-0.6621781810078971
 21
-0.0109341000000029
 31
0.0
  0
LINE
  5
11D6
  8
0
 10
-0.6603803410078966
 20
-0.0109341000000029
 30
0.0
 11
-0.6607025410079015
 21
-0.0087790499999954
 31
0.0
  0
LINE
  5
11D7
  8
0
 10
-0.6607025410079015
 20
-0.0087790499999954
 30
0.0
 11
-0.6609545410078968
 21
-0.006602879999997
 31
0.0
  0
LINE
  5
11D8
  8
0
 10
-0.6609545410078968
 20
-0.006602879999997
 30
0.0
 11
-0.6611345410079023
 21
-0.0044107799999978
 31
0.0
  0
LINE
  5
11D9
  8
0
 10
-0.6611345410079023
 20
-0.0044107799999978
 30
0.0
 11
-0.6612431410079011
 21
-0.0022080599999981
 31
0.0
  0
LINE
  5
11DA
  8
0
 10
-0.6612431410079011
 20
-0.0022080599999981
 30
0.0
 11
-0.6612791410078958
 21
0.0
 31
0.0
  0
LINE
  5
11DB
  8
0
 10
-0.6595253410078894
 20
0.0151600500000001
 30
0.0
 11
-0.658995541007897
 21
0.0172207499999985
 31
0.0
  0
LINE
  5
11DC
  8
0
 10
-0.6544697410078979
 20
0.0285476999999986
 30
0.0
 11
-0.6535079410079047
 21
0.0302202000000051
 31
0.0
  0
LINE
  5
11DD
  8
0
 10
-0.658995541007897
 20
0.0172207499999985
 30
0.0
 11
-0.6583985410079035
 21
0.0192399900000027
 31
0.0
  0
LINE
  5
11DE
  8
0
 10
-0.6583985410079035
 20
0.0192399900000027
 30
0.0
 11
-0.6577367410079031
 21
0.0212128500000063
 31
0.0
  0
LINE
  5
11DF
  8
0
 10
-0.6577367410079031
 20
0.0212128500000063
 30
0.0
 11
-0.6570107410078944
 21
0.0231346199999991
 31
0.0
  0
LINE
  5
11E0
  8
0
 10
-0.6570107410078944
 20
0.0231346199999991
 30
0.0
 11
-0.6562229410079052
 21
0.0250006500000012
 31
0.0
  0
LINE
  5
11E1
  8
0
 10
-0.6562229410079052
 20
0.0250006500000012
 30
0.0
 11
-0.6553751410078971
 21
0.0268064700000054
 31
0.0
  0
LINE
  5
11E2
  8
0
 10
-0.6553751410078971
 20
0.0268064700000054
 30
0.0
 11
-0.6544697410078979
 21
0.0285476999999986
 31
0.0
  0
LINE
  5
11E3
  8
0
 10
-0.6535079410079047
 20
0.0302202000000051
 30
0.0
 11
-0.6524921410078944
 21
0.0318197999999995
 31
0.0
  0
LINE
  5
11E4
  8
0
 10
-0.6524921410078944
 20
0.0318197999999995
 30
0.0
 11
-0.6514259410078919
 21
0.0333428999999995
 31
0.0
  0
LINE
  5
11E5
  8
0
 10
-0.6514259410078919
 20
0.0333428999999995
 30
0.0
 11
-0.6503111410078927
 21
0.0347856000000064
 31
0.0
  0
LINE
  5
11E6
  8
0
 10
-0.6503111410078927
 20
0.0347856000000064
 30
0.0
 11
-0.6491501410078909
 21
0.0361443000000037
 31
0.0
  0
LINE
  5
11E7
  8
0
 10
-0.6491501410078909
 20
0.0361443000000037
 30
0.0
 11
-0.6479465410078942
 21
0.0374159999999989
 31
0.0
  0
LINE
  5
11E8
  8
0
 10
-0.6479465410078942
 20
0.0374159999999989
 30
0.0
 11
-0.6467021410078983
 21
0.0385976999999997
 31
0.0
  0
LINE
  5
11E9
  8
0
 10
-0.6467021410078983
 20
0.0385976999999997
 30
0.0
 11
-0.6454211410078924
 21
0.039686400000005
 31
0.0
  0
LINE
  5
11EA
  8
0
 10
-0.6454211410078924
 20
0.039686400000005
 30
0.0
 11
-0.6441059410079048
 21
0.0406794000000048
 31
0.0
  0
LINE
  5
11EB
  8
0
 10
-0.6441059410079048
 20
0.0406794000000048
 30
0.0
 11
-0.6427595410078935
 21
0.0415746000000041
 31
0.0
  0
LINE
  5
11EC
  8
0
 10
-0.6427595410078935
 20
0.0415746000000041
 30
0.0
 11
-0.6413855410079007
 21
0.0423696000000007
 31
0.0
  0
LINE
  5
11ED
  8
0
 10
-0.6413855410079007
 20
0.0423696000000007
 30
0.0
 11
-0.6399875410079005
 21
0.0430622999999997
 31
0.0
  0
LINE
  5
11EE
  8
0
 10
-0.6630328210078913
 20
0.0151600500000001
 30
0.0
 11
-0.6625709410078911
 21
0.0130628100000053
 31
0.0
  0
LINE
  5
11EF
  8
0
 10
-0.6625709410078911
 20
0.0130628100000053
 30
0.0
 11
-0.6621781810078971
 21
0.0109341000000029
 31
0.0
  0
LINE
  5
11F0
  8
0
 10
-0.6621781810078971
 20
0.0109341000000029
 30
0.0
 11
-0.6618555610078997
 21
0.008779050000004
 31
0.0
  0
LINE
  5
11F1
  8
0
 10
-0.6618555610078997
 20
0.008779050000004
 30
0.0
 11
-0.6616038610079043
 21
0.0066028800000055
 31
0.0
  0
LINE
  5
11F2
  8
0
 10
-0.6616038610079043
 20
0.0066028800000055
 30
0.0
 11
-0.6614236210078957
 21
0.0044107800000063
 31
0.0
  0
LINE
  5
11F3
  8
0
 10
-0.6614236210078957
 20
0.0044107800000063
 30
0.0
 11
-0.6613152610079001
 21
0.0022080599999981
 31
0.0
  0
LINE
  5
11F4
  8
0
 10
-0.6612431410079011
 20
0.0022080599999981
 30
0.0
 11
-0.6611345410079023
 21
0.0044107800000063
 31
0.0
  0
LINE
  5
11F5
  8
0
 10
-0.6611345410079023
 20
0.0044107800000063
 30
0.0
 11
-0.6609545410078968
 21
0.0066028800000055
 31
0.0
  0
LINE
  5
11F6
  8
0
 10
-0.6609545410078968
 20
0.0066028800000055
 30
0.0
 11
-0.6607025410079015
 21
0.008779050000004
 31
0.0
  0
LINE
  5
11F7
  8
0
 10
-0.6607025410079015
 20
0.008779050000004
 30
0.0
 11
-0.6603803410078966
 21
0.0109341000000029
 31
0.0
  0
LINE
  5
11F8
  8
0
 10
-0.6603803410078966
 20
0.0109341000000029
 30
0.0
 11
-0.6599873410078996
 21
0.0130628100000053
 31
0.0
  0
LINE
  5
11F9
  8
0
 10
-0.6599873410078996
 20
0.0130628100000053
 30
0.0
 11
-0.6595253410078894
 21
0.0151600500000001
 31
0.0
  0
LINE
  5
11FA
  8
0
 10
-0.69568104100789
 20
-0.0445127999999954
 30
0.0
 11
-0.6971318410078934
 21
-0.0441354000000018
 31
0.0
  0
LINE
  5
11FB
  8
0
 10
-0.6971318410078934
 20
0.0441354000000018
 30
0.0
 11
-0.69568104100789
 21
0.044512800000004
 31
0.0
  0
LINE
  5
11FC
  8
0
 10
-0.6041597410078908
 20
-0.0192399899999941
 30
0.0
 11
-0.6048215410078908
 21
-0.0212128499999977
 31
0.0
  0
LINE
  5
11FD
  8
0
 10
-0.5977367410078897
 20
-0.0212128499999977
 30
0.0
 11
-0.5983985410078898
 21
-0.0192399899999941
 31
0.0
  0
LINE
  5
11FE
  8
0
 10
-0.579987541007904
 20
-0.0430622999999997
 30
0.0
 11
-0.5813855410079042
 21
-0.0423696000000007
 31
0.0
  0
LINE
  5
11FF
  8
0
 10
-0.6356813410078928
 20
-0.0445127999999954
 30
0.0
 11
-0.6371321410078961
 21
-0.0441354000000018
 31
0.0
  0
LINE
  5
1200
  8
0
 10
-0.6055475410078997
 20
-0.023134619999999
 30
0.0
 11
-0.6063353410079058
 21
-0.0250006500000012
 31
0.0
  0
LINE
  5
1201
  8
0
 10
-0.6063353410079058
 20
-0.0250006500000012
 30
0.0
 11
-0.6071831410078971
 21
-0.0268064699999968
 31
0.0
  0
LINE
  5
1202
  8
0
 10
-0.6071831410078971
 20
-0.0268064699999968
 30
0.0
 11
-0.608088541007896
 21
-0.0285476999999986
 31
0.0
  0
LINE
  5
1203
  8
0
 10
-0.608088541007896
 20
-0.0285476999999986
 30
0.0
 11
-0.6090503410078894
 21
-0.0302201999999966
 31
0.0
  0
LINE
  5
1204
  8
0
 10
-0.6090503410078894
 20
-0.0302201999999966
 30
0.0
 11
-0.6100661410078996
 21
-0.0318197999999995
 31
0.0
  0
LINE
  5
1205
  8
0
 10
-0.6100661410078996
 20
-0.0318197999999995
 30
0.0
 11
-0.6111323410079022
 21
-0.0333428999999995
 31
0.0
  0
LINE
  5
1206
  8
0
 10
-0.6111323410079022
 20
-0.0333428999999995
 30
0.0
 11
-0.6122471410079015
 21
-0.0347855999999979
 31
0.0
  0
LINE
  5
1207
  8
0
 10
-0.6122471410079015
 20
-0.0347855999999979
 30
0.0
 11
-0.6134081410079031
 21
-0.0361442999999951
 31
0.0
  0
LINE
  5
1208
  8
0
 10
-0.6134081410079031
 20
-0.0361442999999951
 30
0.0
 11
-0.6146117410078997
 21
-0.0374159999999989
 31
0.0
  0
LINE
  5
1209
  8
0
 10
-0.6146117410078997
 20
-0.0374159999999989
 30
0.0
 11
-0.6158561410078958
 21
-0.0385976999999997
 31
0.0
  0
LINE
  5
120A
  8
0
 10
-0.6158561410078958
 20
-0.0385976999999997
 30
0.0
 11
-0.6171371410079019
 21
-0.0396863999999965
 31
0.0
  0
LINE
  5
120B
  8
0
 10
-0.6048215410078908
 20
-0.0212128499999977
 30
0.0
 11
-0.6055475410078997
 21
-0.023134619999999
 31
0.0
  0
LINE
  5
120C
  8
0
 10
-0.6225707410078937
 20
-0.0430622999999997
 30
0.0
 11
-0.6239897410078922
 21
-0.0436514999999958
 31
0.0
  0
LINE
  5
120D
  8
0
 10
-0.6211727410078936
 20
-0.0423696000000007
 30
0.0
 11
-0.6225707410078937
 21
-0.0430622999999997
 31
0.0
  0
LINE
  5
120E
  8
0
 10
-0.6184523410078893
 20
-0.0406793999999962
 30
0.0
 11
-0.6197987410079006
 21
-0.0415745999999956
 31
0.0
  0
LINE
  5
120F
  8
0
 10
-0.6197987410079006
 20
-0.0415745999999956
 30
0.0
 11
-0.6211727410078936
 21
-0.0423696000000007
 31
0.0
  0
LINE
  5
1210
  8
0
 10
-0.6239897410078922
 20
-0.0436514999999958
 30
0.0
 11
-0.625426141007898
 21
-0.0441354000000018
 31
0.0
  0
LINE
  5
1211
  8
0
 10
-0.625426141007898
 20
-0.0441354000000018
 30
0.0
 11
-0.6268769410079014
 21
-0.0445127999999954
 31
0.0
  0
LINE
  5
1212
  8
0
 10
-0.6268769410079014
 20
-0.0445127999999954
 30
0.0
 11
-0.6283385410078947
 21
-0.0447833999999943
 31
0.0
  0
LINE
  5
1213
  8
0
 10
-0.6283385410078947
 20
-0.0447833999999943
 30
0.0
 11
-0.629807341007904
 21
-0.0449456999999939
 31
0.0
  0
LINE
  5
1214
  8
0
 10
-0.629807341007904
 20
-0.0449456999999939
 30
0.0
 11
-0.6312791410079055
 21
-0.0450000000000017
 31
0.0
  0
LINE
  5
1215
  8
0
 10
-0.6312791410079055
 20
-0.0450000000000017
 30
0.0
 11
-0.6327509410078901
 21
-0.0449456999999939
 31
0.0
  0
LINE
  5
1216
  8
0
 10
-0.6327509410078901
 20
-0.0449456999999939
 30
0.0
 11
-0.6342197410078994
 21
-0.0447833999999943
 31
0.0
  0
LINE
  5
1217
  8
0
 10
-0.6342197410078994
 20
-0.0447833999999943
 30
0.0
 11
-0.6356813410078928
 21
-0.0445127999999954
 31
0.0
  0
LINE
  5
1218
  8
0
 10
-0.6171371410079019
 20
-0.0396863999999965
 30
0.0
 11
-0.6184523410078893
 21
-0.0406793999999962
 31
0.0
  0
LINE
  5
1219
  8
0
 10
-0.5879465410078976
 20
-0.0374159999999989
 30
0.0
 11
-0.5891501410078944
 21
-0.0361442999999951
 31
0.0
  0
LINE
  5
121A
  8
0
 10
-0.5854211410078958
 20
-0.0396863999999965
 30
0.0
 11
-0.5867021410079018
 21
-0.0385976999999997
 31
0.0
  0
LINE
  5
121B
  8
0
 10
-0.5867021410079018
 20
-0.0385976999999997
 30
0.0
 11
-0.5879465410078976
 21
-0.0374159999999989
 31
0.0
  0
LINE
  5
121C
  8
0
 10
-0.5962229410078918
 20
-0.0250006500000012
 30
0.0
 11
-0.5970107410078979
 21
-0.023134619999999
 31
0.0
  0
LINE
  5
121D
  8
0
 10
-0.5935079410078911
 20
-0.0302201999999966
 30
0.0
 11
-0.5935079410078911
 21
-0.0302201999999966
 31
0.0
  0
LINE
  5
121E
  8
0
 10
-0.5891501410078944
 20
-0.0361442999999951
 30
0.0
 11
-0.5903111410078962
 21
-0.0347855999999979
 31
0.0
  0
LINE
  5
121F
  8
0
 10
-0.5903111410078962
 20
-0.0347855999999979
 30
0.0
 11
-0.5914259410078953
 21
-0.0333428999999995
 31
0.0
  0
LINE
  5
1220
  8
0
 10
-0.5914259410078953
 20
-0.0333428999999995
 30
0.0
 11
-0.5924921410078979
 21
-0.0318197999999995
 31
0.0
  0
LINE
  5
1221
  8
0
 10
-0.5924921410078979
 20
-0.0318197999999995
 30
0.0
 11
-0.5935079410078911
 21
-0.0302201999999966
 31
0.0
  0
LINE
  5
1222
  8
0
 10
-0.5944697410079013
 20
-0.0285476999999986
 30
0.0
 11
-0.5953751410079005
 21
-0.0268064699999968
 31
0.0
  0
LINE
  5
1223
  8
0
 10
-0.5953751410079005
 20
-0.0268064699999968
 30
0.0
 11
-0.5962229410078918
 21
-0.0250006500000012
 31
0.0
  0
LINE
  5
1224
  8
0
 10
-0.5970107410078979
 20
-0.023134619999999
 30
0.0
 11
-0.5977367410078897
 21
-0.0212128499999977
 31
0.0
  0
LINE
  5
1225
  8
0
 10
-0.5841059410078909
 20
-0.0406793999999962
 30
0.0
 11
-0.5854211410078958
 21
-0.0396863999999965
 31
0.0
  0
LINE
  5
1226
  8
0
 10
-0.5813855410079042
 20
-0.0423696000000007
 30
0.0
 11
-0.5827595410078967
 21
-0.0415745999999956
 31
0.0
  0
LINE
  5
1227
  8
0
 10
-0.5827595410078967
 20
-0.0415745999999956
 30
0.0
 11
-0.5841059410078909
 21
-0.0406793999999962
 31
0.0
  0
LINE
  5
1228
  8
0
 10
-0.5813855410079042
 20
0.0423696000000007
 30
0.0
 11
-0.579987541007904
 21
0.0430622999999997
 31
0.0
  0
LINE
  5
1229
  8
0
 10
-0.5891501410078944
 20
0.0361443000000037
 30
0.0
 11
-0.5879465410078976
 21
0.0374159999999989
 31
0.0
  0
LINE
  5
122A
  8
0
 10
-0.5879465410078976
 20
0.0374159999999989
 30
0.0
 11
-0.5867021410079018
 21
0.0385976999999997
 31
0.0
  0
LINE
  5
122B
  8
0
 10
-0.5867021410079018
 20
0.0385976999999997
 30
0.0
 11
-0.5854211410078958
 21
0.039686400000005
 31
0.0
  0
LINE
  5
122C
  8
0
 10
-0.5854211410078958
 20
0.039686400000005
 30
0.0
 11
-0.5841059410078909
 21
0.0406794000000048
 31
0.0
  0
LINE
  5
122D
  8
0
 10
-0.5935079410078911
 20
0.0302202000000051
 30
0.0
 11
-0.5924921410078979
 21
0.0318197999999995
 31
0.0
  0
LINE
  5
122E
  8
0
 10
-0.5924921410078979
 20
0.0318197999999995
 30
0.0
 11
-0.5914259410078953
 21
0.0333428999999995
 31
0.0
  0
LINE
  5
122F
  8
0
 10
-0.5914259410078953
 20
0.0333428999999995
 30
0.0
 11
-0.5903111410078962
 21
0.0347856000000064
 31
0.0
  0
LINE
  5
1230
  8
0
 10
-0.5903111410078962
 20
0.0347856000000064
 30
0.0
 11
-0.5891501410078944
 21
0.0361443000000037
 31
0.0
  0
LINE
  5
1231
  8
0
 10
-0.5827595410078967
 20
0.0415746000000041
 30
0.0
 11
-0.5813855410079042
 21
0.0423696000000007
 31
0.0
  0
LINE
  5
1232
  8
0
 10
-0.5841059410078909
 20
0.0406794000000048
 30
0.0
 11
-0.5827595410078967
 21
0.0415746000000041
 31
0.0
  0
LINE
  5
1233
  8
0
 10
-0.6048215410078908
 20
0.0212128500000063
 30
0.0
 11
-0.6041597410078908
 21
0.0192399900000027
 31
0.0
  0
LINE
  5
1234
  8
0
 10
-0.6371321410078961
 20
0.0441354000000018
 30
0.0
 11
-0.6356813410078928
 21
0.044512800000004
 31
0.0
  0
LINE
  5
1235
  8
0
 10
-0.6090503410078894
 20
0.0302202000000051
 30
0.0
 11
-0.608088541007896
 21
0.0285476999999986
 31
0.0
  0
LINE
  5
1236
  8
0
 10
-0.608088541007896
 20
0.0285476999999986
 30
0.0
 11
-0.6071831410078971
 21
0.0268064700000054
 31
0.0
  0
LINE
  5
1237
  8
0
 10
-0.6071831410078971
 20
0.0268064700000054
 30
0.0
 11
-0.6063353410079058
 21
0.0250006500000012
 31
0.0
  0
LINE
  5
1238
  8
0
 10
-0.6063353410079058
 20
0.0250006500000012
 30
0.0
 11
-0.6055475410078997
 21
0.0231346199999991
 31
0.0
  0
LINE
  5
1239
  8
0
 10
-0.6055475410078997
 20
0.0231346199999991
 30
0.0
 11
-0.6048215410078908
 21
0.0212128500000063
 31
0.0
  0
LINE
  5
123A
  8
0
 10
-0.6239897410078922
 20
0.0436515000000043
 30
0.0
 11
-0.6225707410078937
 21
0.0430622999999997
 31
0.0
  0
LINE
  5
123B
  8
0
 10
-0.6225707410078937
 20
0.0430622999999997
 30
0.0
 11
-0.6211727410078936
 21
0.0423696000000007
 31
0.0
  0
LINE
  5
123C
  8
0
 10
-0.6211727410078936
 20
0.0423696000000007
 30
0.0
 11
-0.6197987410079006
 21
0.0415746000000041
 31
0.0
  0
LINE
  5
123D
  8
0
 10
-0.6197987410079006
 20
0.0415746000000041
 30
0.0
 11
-0.6184523410078893
 21
0.0406794000000048
 31
0.0
  0
LINE
  5
123E
  8
0
 10
-0.6184523410078893
 20
0.0406794000000048
 30
0.0
 11
-0.6171371410079019
 21
0.039686400000005
 31
0.0
  0
LINE
  5
123F
  8
0
 10
-0.6171371410079019
 20
0.039686400000005
 30
0.0
 11
-0.6158561410078958
 21
0.0385976999999997
 31
0.0
  0
LINE
  5
1240
  8
0
 10
-0.6158561410078958
 20
0.0385976999999997
 30
0.0
 11
-0.6146117410078997
 21
0.0374159999999989
 31
0.0
  0
LINE
  5
1241
  8
0
 10
-0.6146117410078997
 20
0.0374159999999989
 30
0.0
 11
-0.6134081410079031
 21
0.0361443000000037
 31
0.0
  0
LINE
  5
1242
  8
0
 10
-0.6134081410079031
 20
0.0361443000000037
 30
0.0
 11
-0.6122471410079015
 21
0.0347856000000064
 31
0.0
  0
LINE
  5
1243
  8
0
 10
-0.6122471410079015
 20
0.0347856000000064
 30
0.0
 11
-0.6111323410079022
 21
0.0333428999999995
 31
0.0
  0
LINE
  5
1244
  8
0
 10
-0.6111323410079022
 20
0.0333428999999995
 30
0.0
 11
-0.6100661410078996
 21
0.0318197999999995
 31
0.0
  0
LINE
  5
1245
  8
0
 10
-0.6100661410078996
 20
0.0318197999999995
 30
0.0
 11
-0.6090503410078894
 21
0.0302202000000051
 31
0.0
  0
LINE
  5
1246
  8
0
 10
-0.6312791410079055
 20
0.0450000000000017
 30
0.0
 11
-0.629807341007904
 21
0.0449457000000024
 31
0.0
  0
LINE
  5
1247
  8
0
 10
-0.629807341007904
 20
0.0449457000000024
 30
0.0
 11
-0.6283385410078947
 21
0.0447834000000029
 31
0.0
  0
LINE
  5
1248
  8
0
 10
-0.6283385410078947
 20
0.0447834000000029
 30
0.0
 11
-0.6268769410079014
 21
0.044512800000004
 31
0.0
  0
LINE
  5
1249
  8
0
 10
-0.6268769410079014
 20
0.044512800000004
 30
0.0
 11
-0.625426141007898
 21
0.0441354000000018
 31
0.0
  0
LINE
  5
124A
  8
0
 10
-0.625426141007898
 20
0.0441354000000018
 30
0.0
 11
-0.6239897410078922
 21
0.0436515000000043
 31
0.0
  0
LINE
  5
124B
  8
0
 10
-0.6356813410078928
 20
0.044512800000004
 30
0.0
 11
-0.6342197410078994
 21
0.0447834000000029
 31
0.0
  0
LINE
  5
124C
  8
0
 10
-0.6342197410078994
 20
0.0447834000000029
 30
0.0
 11
-0.6327509410078901
 21
0.0449457000000024
 31
0.0
  0
LINE
  5
124D
  8
0
 10
-0.6327509410078901
 20
0.0449457000000024
 30
0.0
 11
-0.6312791410079055
 21
0.0450000000000017
 31
0.0
  0
LINE
  5
124E
  8
0
 10
-0.6012791410078987
 20
0.0
 30
0.0
 11
-0.6012431410079043
 21
0.0022080599999981
 31
0.0
  0
LINE
  5
124F
  8
0
 10
-0.6013151410078931
 20
0.0022080599999981
 30
0.0
 11
-0.6012791410078987
 21
0.0
 31
0.0
  0
LINE
  5
1250
  8
0
 10
-0.5999873410079032
 20
-0.0130628099999967
 30
0.0
 11
-0.6003803410078998
 21
-0.0109341000000029
 31
0.0
  0
LINE
  5
1251
  8
0
 10
-0.6021779410078975
 20
-0.0109341000000029
 30
0.0
 11
-0.6025709410078945
 21
-0.0130628099999967
 31
0.0
  0
LINE
  5
1252
  8
0
 10
-0.5983985410078898
 20
-0.0192399899999941
 30
0.0
 11
-0.5989955410079003
 21
-0.0172207499999985
 31
0.0
  0
LINE
  5
1253
  8
0
 10
-0.5989955410079003
 20
-0.0172207499999985
 30
0.0
 11
-0.5995253410078928
 21
-0.0151600500000001
 31
0.0
  0
LINE
  5
1254
  8
0
 10
-0.5995253410078928
 20
-0.0151600500000001
 30
0.0
 11
-0.5999873410079032
 21
-0.0130628099999967
 31
0.0
  0
LINE
  5
1255
  8
0
 10
-0.6025709410078945
 20
-0.0130628099999967
 30
0.0
 11
-0.6030329410078875
 21
-0.0151600500000001
 31
0.0
  0
LINE
  5
1256
  8
0
 10
-0.6030329410078875
 20
-0.0151600500000001
 30
0.0
 11
-0.6035627410078971
 21
-0.0172207499999985
 31
0.0
  0
LINE
  5
1257
  8
0
 10
-0.6035627410078971
 20
-0.0172207499999985
 30
0.0
 11
-0.6041597410078908
 21
-0.0192399899999941
 31
0.0
  0
LINE
  5
1258
  8
0
 10
-0.6003803410078998
 20
-0.0109341000000029
 30
0.0
 11
-0.6007025410079049
 21
-0.0087790499999954
 31
0.0
  0
LINE
  5
1259
  8
0
 10
-0.6007025410079049
 20
-0.0087790499999954
 30
0.0
 11
-0.6009545410078997
 21
-0.006602879999997
 31
0.0
  0
LINE
  5
125A
  8
0
 10
-0.6009545410078997
 20
-0.006602879999997
 30
0.0
 11
-0.6011345410078886
 21
-0.0044107799999978
 31
0.0
  0
LINE
  5
125B
  8
0
 10
-0.6011345410078886
 20
-0.0044107799999978
 30
0.0
 11
-0.6012431410079043
 21
-0.0022080599999981
 31
0.0
  0
LINE
  5
125C
  8
0
 10
-0.6012431410079043
 20
-0.0022080599999981
 30
0.0
 11
-0.6012791410078987
 21
0.0
 31
0.0
  0
LINE
  5
125D
  8
0
 10
-0.6012791410078987
 20
0.0
 30
0.0
 11
-0.6013151410078931
 21
-0.0022080599999981
 31
0.0
  0
LINE
  5
125E
  8
0
 10
-0.6013151410078931
 20
-0.0022080599999981
 30
0.0
 11
-0.6014237410078918
 21
-0.0044107799999978
 31
0.0
  0
LINE
  5
125F
  8
0
 10
-0.6014237410078918
 20
-0.0044107799999978
 30
0.0
 11
-0.6016037410078977
 21
-0.006602879999997
 31
0.0
  0
LINE
  5
1260
  8
0
 10
-0.6016037410078977
 20
-0.006602879999997
 30
0.0
 11
-0.6018557410078924
 21
-0.0087790499999954
 31
0.0
  0
LINE
  5
1261
  8
0
 10
-0.6018557410078924
 20
-0.0087790499999954
 30
0.0
 11
-0.6021779410078975
 21
-0.0109341000000029
 31
0.0
  0
LINE
  5
1262
  8
0
 10
-0.5944697410079013
 20
0.0285476999999986
 30
0.0
 11
-0.5935079410078911
 21
0.0302202000000051
 31
0.0
  0
LINE
  5
1263
  8
0
 10
-0.6012431410079043
 20
0.0022080599999981
 30
0.0
 11
-0.6011345410078886
 21
0.0044107800000063
 31
0.0
  0
LINE
  5
1264
  8
0
 10
-0.6011345410078886
 20
0.0044107800000063
 30
0.0
 11
-0.6009545410078997
 21
0.0066028800000055
 31
0.0
  0
LINE
  5
1265
  8
0
 10
-0.6009545410078997
 20
0.0066028800000055
 30
0.0
 11
-0.6007025410079049
 21
0.008779050000004
 31
0.0
  0
LINE
  5
1266
  8
0
 10
-0.6007025410079049
 20
0.008779050000004
 30
0.0
 11
-0.6003803410078998
 21
0.0109341000000029
 31
0.0
  0
LINE
  5
1267
  8
0
 10
-0.6003803410078998
 20
0.0109341000000029
 30
0.0
 11
-0.5999873410079032
 21
0.0130628100000053
 31
0.0
  0
LINE
  5
1268
  8
0
 10
-0.5999873410079032
 20
0.0130628100000053
 30
0.0
 11
-0.5995253410078928
 21
0.0151600500000001
 31
0.0
  0
LINE
  5
1269
  8
0
 10
-0.5995253410078928
 20
0.0151600500000001
 30
0.0
 11
-0.5989955410079003
 21
0.0172207499999985
 31
0.0
  0
LINE
  5
126A
  8
0
 10
-0.5989955410079003
 20
0.0172207499999985
 30
0.0
 11
-0.5983985410078898
 21
0.0192399900000027
 31
0.0
  0
LINE
  5
126B
  8
0
 10
-0.5983985410078898
 20
0.0192399900000027
 30
0.0
 11
-0.5977367410078897
 21
0.0212128500000063
 31
0.0
  0
LINE
  5
126C
  8
0
 10
-0.5977367410078897
 20
0.0212128500000063
 30
0.0
 11
-0.5970107410078979
 21
0.0231346199999991
 31
0.0
  0
LINE
  5
126D
  8
0
 10
-0.5970107410078979
 20
0.0231346199999991
 30
0.0
 11
-0.5962229410078918
 21
0.0250006500000012
 31
0.0
  0
LINE
  5
126E
  8
0
 10
-0.5962229410078918
 20
0.0250006500000012
 30
0.0
 11
-0.5953751410079005
 21
0.0268064700000054
 31
0.0
  0
LINE
  5
126F
  8
0
 10
-0.5953751410079005
 20
0.0268064700000054
 30
0.0
 11
-0.5944697410079013
 21
0.0285476999999986
 31
0.0
  0
LINE
  5
1270
  8
0
 10
-0.6041597410078908
 20
0.0192399900000027
 30
0.0
 11
-0.6035627410078971
 21
0.0172207499999985
 31
0.0
  0
LINE
  5
1271
  8
0
 10
-0.6035627410078971
 20
0.0172207499999985
 30
0.0
 11
-0.6030329410078875
 21
0.0151600500000001
 31
0.0
  0
LINE
  5
1272
  8
0
 10
-0.6030329410078875
 20
0.0151600500000001
 30
0.0
 11
-0.6025709410078945
 21
0.0130628100000053
 31
0.0
  0
LINE
  5
1273
  8
0
 10
-0.6025709410078945
 20
0.0130628100000053
 30
0.0
 11
-0.6021779410078975
 21
0.0109341000000029
 31
0.0
  0
LINE
  5
1274
  8
0
 10
-0.6021779410078975
 20
0.0109341000000029
 30
0.0
 11
-0.6018557410078924
 21
0.008779050000004
 31
0.0
  0
LINE
  5
1275
  8
0
 10
-0.6018557410078924
 20
0.008779050000004
 30
0.0
 11
-0.6016037410078977
 21
0.0066028800000055
 31
0.0
  0
LINE
  5
1276
  8
0
 10
-0.6016037410078977
 20
0.0066028800000055
 30
0.0
 11
-0.6014237410078918
 21
0.0044107800000063
 31
0.0
  0
LINE
  5
1277
  8
0
 10
-0.6014237410078918
 20
0.0044107800000063
 30
0.0
 11
-0.6013151410078931
 21
0.0022080599999981
 31
0.0
  0
LINE
  5
1278
  8
0
 10
-0.5441597410078939
 20
-0.0192399899999941
 30
0.0
 11
-0.5448215410078942
 21
-0.0212128499999977
 31
0.0
  0
LINE
  5
1279
  8
0
 10
-0.5448215410078942
 20
-0.0212128499999977
 30
0.0
 11
-0.545547541007903
 21
-0.023134619999999
 31
0.0
  0
LINE
  5
127A
  8
0
 10
-0.545547541007903
 20
-0.023134619999999
 30
0.0
 11
-0.5463353410078921
 21
-0.0250006500000012
 31
0.0
  0
LINE
  5
127B
  8
0
 10
-0.5480885410078994
 20
-0.0285476999999986
 30
0.0
 11
-0.5490503410078926
 21
-0.0302201999999966
 31
0.0
  0
LINE
  5
127C
  8
0
 10
-0.5463353410078921
 20
-0.0250006500000012
 30
0.0
 11
-0.5471831410079002
 21
-0.0268064699999968
 31
0.0
  0
LINE
  5
127D
  8
0
 10
-0.5471831410079002
 20
-0.0268064699999968
 30
0.0
 11
-0.5480885410078994
 21
-0.0285476999999986
 31
0.0
  0
LINE
  5
127E
  8
0
 10
-0.5534081410078895
 20
-0.0361442999999951
 30
0.0
 11
-0.5546117410079035
 21
-0.0374159999999989
 31
0.0
  0
LINE
  5
127F
  8
0
 10
-0.5490503410078926
 20
-0.0302201999999966
 30
0.0
 11
-0.5500661410079032
 21
-0.0318197999999995
 31
0.0
  0
LINE
  5
1280
  8
0
 10
-0.5500661410079032
 20
-0.0318197999999995
 30
0.0
 11
-0.5511323410078886
 21
-0.0333428999999995
 31
0.0
  0
LINE
  5
1281
  8
0
 10
-0.5511323410078886
 20
-0.0333428999999995
 30
0.0
 11
-0.5522471410079046
 21
-0.0347855999999979
 31
0.0
  0
LINE
  5
1282
  8
0
 10
-0.5522471410079046
 20
-0.0347855999999979
 30
0.0
 11
-0.5534081410078895
 21
-0.0361442999999951
 31
0.0
  0
LINE
  5
1283
  8
0
 10
-0.5546117410079035
 20
-0.0374159999999989
 30
0.0
 11
-0.5558561410078992
 21
-0.0385976999999997
 31
0.0
  0
LINE
  5
1284
  8
0
 10
-0.5558561410078992
 20
-0.0385976999999997
 30
0.0
 11
-0.557137141007905
 21
-0.0396863999999965
 31
0.0
  0
LINE
  5
1285
  8
0
 10
-0.5654261410079015
 20
-0.0441354000000018
 30
0.0
 11
-0.5668769410079048
 21
-0.0445127999999954
 31
0.0
  0
LINE
  5
1286
  8
0
 10
-0.5668769410079048
 20
-0.0445127999999954
 30
0.0
 11
-0.5683385410078981
 21
-0.0447833999999943
 31
0.0
  0
LINE
  5
1287
  8
0
 10
-0.5683385410078981
 20
-0.0447833999999943
 30
0.0
 11
-0.5698073410078904
 21
-0.0449456999999939
 31
0.0
  0
LINE
  5
1288
  8
0
 10
-0.5698073410078904
 20
-0.0449456999999939
 30
0.0
 11
-0.5712791410078922
 21
-0.0450000000000017
 31
0.0
  0
LINE
  5
1289
  8
0
 10
-0.5712791410078922
 20
-0.0450000000000017
 30
0.0
 11
-0.5727509410078935
 21
-0.0449456999999939
 31
0.0
  0
LINE
  5
128A
  8
0
 10
-0.5727509410078935
 20
-0.0449456999999939
 30
0.0
 11
-0.5742197410079029
 21
-0.0447833999999943
 31
0.0
  0
LINE
  5
128B
  8
0
 10
-0.5742197410079029
 20
-0.0447833999999943
 30
0.0
 11
-0.5756813410078963
 21
-0.0445127999999954
 31
0.0
  0
LINE
  5
128C
  8
0
 10
-0.5756813410078963
 20
-0.0445127999999954
 30
0.0
 11
-0.5771321410078995
 21
-0.0441354000000018
 31
0.0
  0
LINE
  5
128D
  8
0
 10
-0.5771321410078995
 20
-0.0441354000000018
 30
0.0
 11
-0.5785685410078881
 21
-0.0436514999999958
 31
0.0
  0
LINE
  5
128E
  8
0
 10
-0.5584523410078928
 20
-0.0406793999999962
 30
0.0
 11
-0.5597987410079039
 21
-0.0415745999999956
 31
0.0
  0
LINE
  5
128F
  8
0
 10
-0.5597987410079039
 20
-0.0415745999999956
 30
0.0
 11
-0.5611727410078971
 21
-0.0423696000000007
 31
0.0
  0
LINE
  5
1290
  8
0
 10
-0.5611727410078971
 20
-0.0423696000000007
 30
0.0
 11
-0.5625707410078971
 21
-0.0430622999999997
 31
0.0
  0
LINE
  5
1291
  8
0
 10
-0.5625707410078971
 20
-0.0430622999999997
 30
0.0
 11
-0.5639897410078956
 21
-0.0436514999999958
 31
0.0
  0
LINE
  5
1292
  8
0
 10
-0.5639897410078956
 20
-0.0436514999999958
 30
0.0
 11
-0.5654261410079015
 21
-0.0441354000000018
 31
0.0
  0
LINE
  5
1293
  8
0
 10
-0.557137141007905
 20
-0.0396863999999965
 30
0.0
 11
-0.5584523410078928
 21
-0.0406793999999962
 31
0.0
  0
LINE
  5
1294
  8
0
 10
-0.5546117410079035
 20
0.0374159999999989
 30
0.0
 11
-0.5534081410078895
 21
0.0361443000000037
 31
0.0
  0
LINE
  5
1295
  8
0
 10
-0.5534081410078895
 20
0.0361443000000037
 30
0.0
 11
-0.5522471410079046
 21
0.0347856000000064
 31
0.0
  0
LINE
  5
1296
  8
0
 10
-0.5522471410079046
 20
0.0347856000000064
 30
0.0
 11
-0.5511323410078886
 21
0.0333428999999995
 31
0.0
  0
LINE
  5
1297
  8
0
 10
-0.5511323410078886
 20
0.0333428999999995
 30
0.0
 11
-0.5500661410079032
 21
0.0318197999999995
 31
0.0
  0
LINE
  5
1298
  8
0
 10
-0.5500661410079032
 20
0.0318197999999995
 30
0.0
 11
-0.5490503410078926
 21
0.0302202000000051
 31
0.0
  0
LINE
  5
1299
  8
0
 10
-0.5712791410078922
 20
0.0450000000000017
 30
0.0
 11
-0.5698073410078904
 21
0.0449457000000024
 31
0.0
  0
LINE
  5
129A
  8
0
 10
-0.5698073410078904
 20
0.0449457000000024
 30
0.0
 11
-0.5683385410078981
 21
0.0447834000000029
 31
0.0
  0
LINE
  5
129B
  8
0
 10
-0.5683385410078981
 20
0.0447834000000029
 30
0.0
 11
-0.5668769410079048
 21
0.044512800000004
 31
0.0
  0
LINE
  5
129C
  8
0
 10
-0.5668769410079048
 20
0.044512800000004
 30
0.0
 11
-0.5654261410079015
 21
0.0441354000000018
 31
0.0
  0
LINE
  5
129D
  8
0
 10
-0.5785685410078881
 20
0.0436515000000043
 30
0.0
 11
-0.5771321410078995
 21
0.0441354000000018
 31
0.0
  0
LINE
  5
129E
  8
0
 10
-0.5771321410078995
 20
0.0441354000000018
 30
0.0
 11
-0.5756813410078963
 21
0.044512800000004
 31
0.0
  0
LINE
  5
129F
  8
0
 10
-0.5756813410078963
 20
0.044512800000004
 30
0.0
 11
-0.5742197410079029
 21
0.0447834000000029
 31
0.0
  0
LINE
  5
12A0
  8
0
 10
-0.5742197410079029
 20
0.0447834000000029
 30
0.0
 11
-0.5727509410078935
 21
0.0449457000000024
 31
0.0
  0
LINE
  5
12A1
  8
0
 10
-0.5727509410078935
 20
0.0449457000000024
 30
0.0
 11
-0.5712791410078922
 21
0.0450000000000017
 31
0.0
  0
LINE
  5
12A2
  8
0
 10
-0.5639897410078956
 20
0.0436515000000043
 30
0.0
 11
-0.5625707410078971
 21
0.0430622999999997
 31
0.0
  0
LINE
  5
12A3
  8
0
 10
-0.5625707410078971
 20
0.0430622999999997
 30
0.0
 11
-0.5611727410078971
 21
0.0423696000000007
 31
0.0
  0
LINE
  5
12A4
  8
0
 10
-0.5611727410078971
 20
0.0423696000000007
 30
0.0
 11
-0.5597987410079039
 21
0.0415746000000041
 31
0.0
  0
LINE
  5
12A5
  8
0
 10
-0.5597987410079039
 20
0.0415746000000041
 30
0.0
 11
-0.5584523410078928
 21
0.0406794000000048
 31
0.0
  0
LINE
  5
12A6
  8
0
 10
-0.5584523410078928
 20
0.0406794000000048
 30
0.0
 11
-0.557137141007905
 21
0.039686400000005
 31
0.0
  0
LINE
  5
12A7
  8
0
 10
-0.557137141007905
 20
0.039686400000005
 30
0.0
 11
-0.5558561410078992
 21
0.0385976999999997
 31
0.0
  0
LINE
  5
12A8
  8
0
 10
-0.5558561410078992
 20
0.0385976999999997
 30
0.0
 11
-0.5546117410079035
 21
0.0374159999999989
 31
0.0
  0
LINE
  5
12A9
  8
0
 10
-0.5654261410079015
 20
0.0441354000000018
 30
0.0
 11
-0.5639897410078956
 21
0.0436515000000043
 31
0.0
  0
LINE
  5
12AA
  8
0
 10
-0.5435627410079005
 20
-0.0172207499999985
 30
0.0
 11
-0.5441597410078939
 21
-0.0192399899999941
 31
0.0
  0
LINE
  5
12AB
  8
0
 10
-0.545547541007903
 20
0.0231346199999991
 30
0.0
 11
-0.5448215410078942
 21
0.0212128500000063
 31
0.0
  0
LINE
  5
12AC
  8
0
 10
-0.5448215410078942
 20
0.0212128500000063
 30
0.0
 11
-0.5441597410078939
 21
0.0192399900000027
 31
0.0
  0
LINE
  5
12AD
  8
0
 10
-0.5441597410078939
 20
0.0192399900000027
 30
0.0
 11
-0.5435627410079005
 21
0.0172207499999985
 31
0.0
  0
LINE
  5
12AE
  8
0
 10
-0.5463353410078921
 20
0.0250006500000012
 30
0.0
 11
-0.545547541007903
 21
0.0231346199999991
 31
0.0
  0
LINE
  5
12AF
  8
0
 10
-0.5490503410078926
 20
0.0302202000000051
 30
0.0
 11
-0.5480885410078994
 21
0.0285476999999986
 31
0.0
  0
LINE
  5
12B0
  8
0
 10
-0.5480885410078994
 20
0.0285476999999986
 30
0.0
 11
-0.5471831410079002
 21
0.0268064700000054
 31
0.0
  0
LINE
  5
12B1
  8
0
 10
-0.5471831410079002
 20
0.0268064700000054
 30
0.0
 11
-0.5463353410078921
 21
0.0250006500000012
 31
0.0
  0
LINE
  5
12B2
  8
0
 10
-0.5785685410078881
 20
-0.0436514999999958
 30
0.0
 11
-0.579987541007904
 21
-0.0430622999999997
 31
0.0
  0
LINE
  5
12B3
  8
0
 10
-0.579987541007904
 20
0.0430622999999997
 30
0.0
 11
-0.5785685410078881
 21
0.0436515000000043
 31
0.0
  0
LINE
  5
12B4
  8
0
 10
-0.6371321410078961
 20
-0.0441354000000018
 30
0.0
 11
-0.638568541007902
 21
-0.0436514999999958
 31
0.0
  0
LINE
  5
12B5
  8
0
 10
-0.638568541007902
 20
0.0436515000000043
 30
0.0
 11
-0.6371321410078961
 21
0.0441354000000018
 31
0.0
  0
LINE
  5
12B6
  8
0
 10
-0.7542196810078961
 20
-0.0447833999999943
 30
0.0
 11
-0.7556810410079035
 21
-0.0445127999999954
 31
0.0
  0
LINE
  5
12B7
  8
0
 10
-0.7556810410079035
 20
0.044512800000004
 30
0.0
 11
-0.7542196810078961
 21
0.0447834000000029
 31
0.0
  0
LINE
  5
12B8
  8
0
 10
-0.7556810410079035
 20
-0.0445127999999954
 30
0.0
 11
-0.7571318410078899
 21
-0.0441354000000018
 31
0.0
  0
LINE
  5
12B9
  8
0
 10
-0.7654210210078927
 20
-0.0396863999999965
 30
0.0
 11
-0.7667022010079049
 21
-0.0385976999999997
 31
0.0
  0
LINE
  5
12BA
  8
0
 10
-0.7667022010079049
 20
-0.0385976999999997
 30
0.0
 11
-0.7679462410079057
 21
-0.0374159999999989
 31
0.0
  0
LINE
  5
12BB
  8
0
 10
-0.7599876610079034
 20
-0.0430622999999997
 30
0.0
 11
-0.7613858410078933
 21
-0.0423696000000007
 31
0.0
  0
LINE
  5
12BC
  8
0
 10
-0.7613858410078933
 20
-0.0423696000000007
 30
0.0
 11
-0.7627596610078965
 21
-0.0415745999999956
 31
0.0
  0
LINE
  5
12BD
  8
0
 10
-0.7627596610078965
 20
-0.0415745999999956
 30
0.0
 11
-0.7641058210079053
 21
-0.0406793999999962
 31
0.0
  0
LINE
  5
12BE
  8
0
 10
-0.7641058210079053
 20
-0.0406793999999962
 30
0.0
 11
-0.7654210210078927
 21
-0.0396863999999965
 31
0.0
  0
LINE
  5
12BF
  8
0
 10
-0.7571318410078899
 20
-0.0441354000000018
 30
0.0
 11
-0.7585685410078951
 21
-0.0436514999999958
 31
0.0
  0
LINE
  5
12C0
  8
0
 10
-0.7585685410078951
 20
-0.0436514999999958
 30
0.0
 11
-0.7599876610079034
 21
-0.0430622999999997
 31
0.0
  0
LINE
  5
12C1
  8
0
 10
-0.7571318410078899
 20
0.0441354000000018
 30
0.0
 11
-0.7556810410079035
 21
0.044512800000004
 31
0.0
  0
LINE
  5
12C2
  8
0
 10
-0.7654210210078927
 20
0.039686400000005
 30
0.0
 11
-0.7641058210079053
 21
0.0406794000000048
 31
0.0
  0
LINE
  5
12C3
  8
0
 10
-0.7641058210079053
 20
0.0406794000000048
 30
0.0
 11
-0.7627596610078965
 21
0.0415746000000041
 31
0.0
  0
LINE
  5
12C4
  8
0
 10
-0.7627596610078965
 20
0.0415746000000041
 30
0.0
 11
-0.7613858410078933
 21
0.0423696000000007
 31
0.0
  0
LINE
  5
12C5
  8
0
 10
-0.7613858410078933
 20
0.0423696000000007
 30
0.0
 11
-0.7599876610079034
 21
0.0430622999999997
 31
0.0
  0
LINE
  5
12C6
  8
0
 10
-0.7679462410079057
 20
0.0374159999999989
 30
0.0
 11
-0.7667022010079049
 21
0.0385976999999997
 31
0.0
  0
LINE
  5
12C7
  8
0
 10
-0.7667022010079049
 20
0.0385976999999997
 30
0.0
 11
-0.7654210210078927
 21
0.039686400000005
 31
0.0
  0
LINE
  5
12C8
  8
0
 10
-0.7585685410078951
 20
0.0436515000000043
 30
0.0
 11
-0.7571318410078899
 21
0.0441354000000018
 31
0.0
  0
LINE
  5
12C9
  8
0
 10
-0.7599876610079034
 20
0.0430622999999997
 30
0.0
 11
-0.7585685410078951
 21
0.0436515000000043
 31
0.0
  0
LINE
  5
12CA
  8
0
 10
-0.7241594410079018
 20
-0.0192399899999941
 30
0.0
 11
-0.7248214810079046
 21
-0.0212128499999977
 31
0.0
  0
LINE
  5
12CB
  8
0
 10
-0.7177368010078963
 20
-0.0212128499999977
 30
0.0
 11
-0.7183988410078995
 21
-0.0192399899999941
 31
0.0
  0
LINE
  5
12CC
  8
0
 10
-0.6971318410078934
 20
-0.0441354000000018
 30
0.0
 11
-0.6985685410078985
 21
-0.0436514999999958
 31
0.0
  0
LINE
  5
12CD
  8
0
 10
-0.7290505810079023
 20
-0.0302201999999966
 30
0.0
 11
-0.7300659610079034
 21
-0.0318197999999995
 31
0.0
  0
LINE
  5
12CE
  8
0
 10
-0.7255473010078899
 20
-0.023134619999999
 30
0.0
 11
-0.7263350410079001
 21
-0.0250006500000012
 31
0.0
  0
LINE
  5
12CF
  8
0
 10
-0.7263350410079001
 20
-0.0250006500000012
 30
0.0
 11
-0.7271829010079043
 21
-0.0268064699999968
 31
0.0
  0
LINE
  5
12D0
  8
0
 10
-0.7271829010079043
 20
-0.0268064699999968
 30
0.0
 11
-0.7280888410079056
 21
-0.0285476999999986
 31
0.0
  0
LINE
  5
12D1
  8
0
 10
-0.7280888410079056
 20
-0.0285476999999986
 30
0.0
 11
-0.7290505810079023
 21
-0.0302201999999966
 31
0.0
  0
LINE
  5
12D2
  8
0
 10
-0.7248214810079046
 20
-0.0212128499999977
 30
0.0
 11
-0.7255473010078899
 21
-0.023134619999999
 31
0.0
  0
LINE
  5
12D3
  8
0
 10
-0.7300659610079034
 20
-0.0318197999999995
 30
0.0
 11
-0.7311324010078917
 21
-0.0333428999999995
 31
0.0
  0
LINE
  5
12D4
  8
0
 10
-0.7311324010078917
 20
-0.0333428999999995
 30
0.0
 11
-0.7322473210079008
 21
-0.0347855999999979
 31
0.0
  0
LINE
  5
12D5
  8
0
 10
-0.7322473210079008
 20
-0.0347855999999979
 30
0.0
 11
-0.7334081410078963
 21
-0.0361442999999951
 31
0.0
  0
LINE
  5
12D6
  8
0
 10
-0.7334081410078963
 20
-0.0361442999999951
 30
0.0
 11
-0.7346120410078924
 21
-0.0374159999999989
 31
0.0
  0
LINE
  5
12D7
  8
0
 10
-0.7346120410078924
 20
-0.0374159999999989
 30
0.0
 11
-0.7358560810078925
 21
-0.0385976999999997
 31
0.0
  0
LINE
  5
12D8
  8
0
 10
-0.5112791410078954
 20
-0.0450000000000017
 30
0.0
 11
-0.1812791410079057
 21
-0.0450000000000017
 31
0.0
  0
LINE
  5
12D9
  8
0
 10
-0.1812791410079057
 20
0.0450000000000017
 30
0.0
 11
-0.5112791410078954
 21
0.0450000000000017
 31
0.0
  0
LINE
  5
12DA
  8
0
 10
-0.4079462410079089
 20
-0.0374159999999989
 30
0.0
 11
-0.4091501410079048
 21
-0.0361442999999951
 31
0.0
  0
LINE
  5
12DB
  8
0
 10
-0.4091501410079048
 20
0.0361443000000037
 30
0.0
 11
-0.4079462410079089
 21
0.0374159999999989
 31
0.0
  0
LINE
  5
12DC
  8
0
 10
-0.5142197410079064
 20
0.0447834000000029
 30
0.0
 11
-0.5127509410078968
 21
0.0449457000000024
 31
0.0
  0
LINE
  5
12DD
  8
0
 10
-0.5127509410078968
 20
-0.0449456999999939
 30
0.0
 11
-0.5142197410079064
 21
-0.0447833999999943
 31
0.0
  0
LINE
  5
12DE
  8
0
 10
-0.537736741007893
 20
-0.0212128499999977
 30
0.0
 11
-0.5383985410078938
 21
-0.0192399899999941
 31
0.0
  0
LINE
  5
12DF
  8
0
 10
-0.5362229410078953
 20
-0.0250006500000012
 30
0.0
 11
-0.5370107410079013
 21
-0.023134619999999
 31
0.0
  0
LINE
  5
12E0
  8
0
 10
-0.5314259410078988
 20
-0.0333428999999995
 30
0.0
 11
-0.5324921410079014
 21
-0.0318197999999995
 31
0.0
  0
LINE
  5
12E1
  8
0
 10
-0.5254211410078993
 20
-0.0396863999999965
 30
0.0
 11
-0.5267021410079052
 21
-0.0385976999999997
 31
0.0
  0
LINE
  5
12E2
  8
0
 10
-0.5267021410079052
 20
-0.0385976999999997
 30
0.0
 11
-0.5279465410079012
 21
-0.0374159999999989
 31
0.0
  0
LINE
  5
12E3
  8
0
 10
-0.5279465410079012
 20
-0.0374159999999989
 30
0.0
 11
-0.5291501410078979
 21
-0.0361442999999951
 31
0.0
  0
LINE
  5
12E4
  8
0
 10
-0.5291501410078979
 20
-0.0361442999999951
 30
0.0
 11
-0.5303111410078996
 21
-0.0347855999999979
 31
0.0
  0
LINE
  5
12E5
  8
0
 10
-0.5303111410078996
 20
-0.0347855999999979
 30
0.0
 11
-0.5314259410078988
 21
-0.0333428999999995
 31
0.0
  0
LINE
  5
12E6
  8
0
 10
-0.5324921410079014
 20
-0.0318197999999995
 30
0.0
 11
-0.5335079410078945
 21
-0.0302201999999966
 31
0.0
  0
LINE
  5
12E7
  8
0
 10
-0.5335079410078945
 20
-0.0302201999999966
 30
0.0
 11
-0.5344697410079046
 21
-0.0285476999999986
 31
0.0
  0
LINE
  5
12E8
  8
0
 10
-0.5344697410079046
 20
-0.0285476999999986
 30
0.0
 11
-0.5353751410079041
 21
-0.0268064699999968
 31
0.0
  0
LINE
  5
12E9
  8
0
 10
-0.5353751410079041
 20
-0.0268064699999968
 30
0.0
 11
-0.5362229410078953
 21
-0.0250006500000012
 31
0.0
  0
LINE
  5
12EA
  8
0
 10
-0.5142197410079064
 20
-0.0447833999999943
 30
0.0
 11
-0.5156813410078998
 21
-0.0445127999999954
 31
0.0
  0
LINE
  5
12EB
  8
0
 10
-0.5156813410078998
 20
-0.0445127999999954
 30
0.0
 11
-0.517132141007903
 21
-0.0441354000000018
 31
0.0
  0
LINE
  5
12EC
  8
0
 10
-0.517132141007903
 20
-0.0441354000000018
 30
0.0
 11
-0.5185685410078916
 21
-0.0436514999999958
 31
0.0
  0
LINE
  5
12ED
  8
0
 10
-0.5185685410078916
 20
-0.0436514999999958
 30
0.0
 11
-0.5199875410079075
 21
-0.0430622999999997
 31
0.0
  0
LINE
  5
12EE
  8
0
 10
-0.5199875410079075
 20
-0.0430622999999997
 30
0.0
 11
-0.5213855410079074
 21
-0.0423696000000007
 31
0.0
  0
LINE
  5
12EF
  8
0
 10
-0.5213855410079074
 20
-0.0423696000000007
 30
0.0
 11
-0.5227595410079001
 21
-0.0415745999999956
 31
0.0
  0
LINE
  5
12F0
  8
0
 10
-0.5227595410079001
 20
-0.0415745999999956
 30
0.0
 11
-0.5241059410078945
 21
-0.0406793999999962
 31
0.0
  0
LINE
  5
12F1
  8
0
 10
-0.5241059410078945
 20
-0.0406793999999962
 30
0.0
 11
-0.5254211410078993
 21
-0.0396863999999965
 31
0.0
  0
LINE
  5
12F2
  8
0
 10
-0.5370107410079013
 20
-0.023134619999999
 30
0.0
 11
-0.537736741007893
 21
-0.0212128499999977
 31
0.0
  0
LINE
  5
12F3
  8
0
 10
-0.5412791410079021
 20
0.0
 30
0.0
 11
-0.5412431410079078
 21
0.0022080599999981
 31
0.0
  0
LINE
  5
12F4
  8
0
 10
-0.5407025410078914
 20
-0.0087790499999954
 30
0.0
 11
-0.5409545410079031
 21
-0.006602879999997
 31
0.0
  0
LINE
  5
12F5
  8
0
 10
-0.5409545410079031
 20
-0.006602879999997
 30
0.0
 11
-0.5411345410078922
 21
-0.0044107799999978
 31
0.0
  0
LINE
  5
12F6
  8
0
 10
-0.5411345410078922
 20
-0.0044107799999978
 30
0.0
 11
-0.5412431410079078
 21
-0.0022080599999981
 31
0.0
  0
LINE
  5
12F7
  8
0
 10
-0.5412431410079078
 20
-0.0022080599999981
 30
0.0
 11
-0.5412791410079021
 21
0.0
 31
0.0
  0
LINE
  5
12F8
  8
0
 10
-0.5412431410079078
 20
0.0022080599999981
 30
0.0
 11
-0.5411345410078922
 21
0.0044107800000063
 31
0.0
  0
LINE
  5
12F9
  8
0
 10
-0.5411345410078922
 20
0.0044107800000063
 30
0.0
 11
-0.5409545410079031
 21
0.0066028800000055
 31
0.0
  0
LINE
  5
12FA
  8
0
 10
-0.5409545410079031
 20
0.0066028800000055
 30
0.0
 11
-0.5407025410078914
 21
0.008779050000004
 31
0.0
  0
LINE
  5
12FB
  8
0
 10
-0.5403803410079036
 20
-0.0109341000000029
 30
0.0
 11
-0.5407025410078914
 21
-0.0087790499999954
 31
0.0
  0
LINE
  5
12FC
  8
0
 10
-0.5407025410078914
 20
0.008779050000004
 30
0.0
 11
-0.5403803410079036
 21
0.0109341000000029
 31
0.0
  0
LINE
  5
12FD
  8
0
 10
-0.5399873410078893
 20
-0.0130628099999967
 30
0.0
 11
-0.5403803410079036
 21
-0.0109341000000029
 31
0.0
  0
LINE
  5
12FE
  8
0
 10
-0.5383985410078938
 20
-0.0192399899999941
 30
0.0
 11
-0.5389955410079037
 21
-0.0172207499999985
 31
0.0
  0
LINE
  5
12FF
  8
0
 10
-0.5389955410079037
 20
-0.0172207499999985
 30
0.0
 11
-0.5395253410078962
 21
-0.0151600500000001
 31
0.0
  0
LINE
  5
1300
  8
0
 10
-0.5395253410078962
 20
-0.0151600500000001
 30
0.0
 11
-0.5399873410078893
 21
-0.0130628099999967
 31
0.0
  0
LINE
  5
1301
  8
0
 10
-0.5403803410079036
 20
0.0109341000000029
 30
0.0
 11
-0.5399873410078893
 21
0.0130628100000053
 31
0.0
  0
LINE
  5
1302
  8
0
 10
-0.5399873410078893
 20
0.0130628100000053
 30
0.0
 11
-0.5395253410078962
 21
0.0151600500000001
 31
0.0
  0
LINE
  5
1303
  8
0
 10
-0.5395253410078962
 20
0.0151600500000001
 30
0.0
 11
-0.5389955410079037
 21
0.0172207499999985
 31
0.0
  0
LINE
  5
1304
  8
0
 10
-0.5389955410079037
 20
0.0172207499999985
 30
0.0
 11
-0.5383985410078938
 21
0.0192399900000027
 31
0.0
  0
LINE
  5
1305
  8
0
 10
-0.5383985410078938
 20
0.0192399900000027
 30
0.0
 11
-0.537736741007893
 21
0.0212128500000063
 31
0.0
  0
LINE
  5
1306
  8
0
 10
-0.5324921410079014
 20
0.0318197999999995
 30
0.0
 11
-0.5314259410078988
 21
0.0333428999999995
 31
0.0
  0
LINE
  5
1307
  8
0
 10
-0.5314259410078988
 20
0.0333428999999995
 30
0.0
 11
-0.5303111410078996
 21
0.0347856000000064
 31
0.0
  0
LINE
  5
1308
  8
0
 10
-0.5303111410078996
 20
0.0347856000000064
 30
0.0
 11
-0.5291501410078979
 21
0.0361443000000037
 31
0.0
  0
LINE
  5
1309
  8
0
 10
-0.5291501410078979
 20
0.0361443000000037
 30
0.0
 11
-0.5279465410079012
 21
0.0374159999999989
 31
0.0
  0
LINE
  5
130A
  8
0
 10
-0.5279465410079012
 20
0.0374159999999989
 30
0.0
 11
-0.5267021410079052
 21
0.0385976999999997
 31
0.0
  0
LINE
  5
130B
  8
0
 10
-0.5267021410079052
 20
0.0385976999999997
 30
0.0
 11
-0.5254211410078993
 21
0.039686400000005
 31
0.0
  0
LINE
  5
130C
  8
0
 10
-0.5254211410078993
 20
0.039686400000005
 30
0.0
 11
-0.5241059410078945
 21
0.0406794000000048
 31
0.0
  0
LINE
  5
130D
  8
0
 10
-0.5241059410078945
 20
0.0406794000000048
 30
0.0
 11
-0.5227595410079001
 21
0.0415746000000041
 31
0.0
  0
LINE
  5
130E
  8
0
 10
-0.5227595410079001
 20
0.0415746000000041
 30
0.0
 11
-0.5213855410079074
 21
0.0423696000000007
 31
0.0
  0
LINE
  5
130F
  8
0
 10
-0.5213855410079074
 20
0.0423696000000007
 30
0.0
 11
-0.5199875410079075
 21
0.0430622999999997
 31
0.0
  0
LINE
  5
1310
  8
0
 10
-0.5199875410079075
 20
0.0430622999999997
 30
0.0
 11
-0.5185685410078916
 21
0.0436515000000043
 31
0.0
  0
LINE
  5
1311
  8
0
 10
-0.5185685410078916
 20
0.0436515000000043
 30
0.0
 11
-0.517132141007903
 21
0.0441354000000018
 31
0.0
  0
LINE
  5
1312
  8
0
 10
-0.517132141007903
 20
0.0441354000000018
 30
0.0
 11
-0.5156813410078998
 21
0.044512800000004
 31
0.0
  0
LINE
  5
1313
  8
0
 10
-0.5156813410078998
 20
0.044512800000004
 30
0.0
 11
-0.5142197410079064
 21
0.0447834000000029
 31
0.0
  0
LINE
  5
1314
  8
0
 10
-0.5335079410078945
 20
0.0302202000000051
 30
0.0
 11
-0.5324921410079014
 21
0.0318197999999995
 31
0.0
  0
LINE
  5
1315
  8
0
 10
-0.5344697410079046
 20
0.0285476999999986
 30
0.0
 11
-0.5335079410078945
 21
0.0302202000000051
 31
0.0
  0
LINE
  5
1316
  8
0
 10
-0.5370107410079013
 20
0.0231346199999991
 30
0.0
 11
-0.5362229410078953
 21
0.0250006500000012
 31
0.0
  0
LINE
  5
1317
  8
0
 10
-0.5362229410078953
 20
0.0250006500000012
 30
0.0
 11
-0.5353751410079041
 21
0.0268064700000054
 31
0.0
  0
LINE
  5
1318
  8
0
 10
-0.5353751410079041
 20
0.0268064700000054
 30
0.0
 11
-0.5344697410079046
 21
0.0285476999999986
 31
0.0
  0
LINE
  5
1319
  8
0
 10
-0.537736741007893
 20
0.0212128500000063
 30
0.0
 11
-0.5370107410079013
 21
0.0231346199999991
 31
0.0
  0
LINE
  5
131A
  8
0
 10
-0.4841597410078978
 20
-0.0192399899999941
 30
0.0
 11
-0.4848215410078977
 21
-0.0212128499999977
 31
0.0
  0
LINE
  5
131B
  8
0
 10
-0.4777367410078968
 20
-0.0212128499999977
 30
0.0
 11
-0.4783985410078972
 21
-0.0192399899999941
 31
0.0
  0
LINE
  5
131C
  8
0
 10
-0.4542197410078925
 20
-0.0447833999999943
 30
0.0
 11
-0.455681341007903
 21
-0.0445127999999954
 31
0.0
  0
LINE
  5
131D
  8
0
 10
-0.4871831410079038
 20
-0.0268064699999968
 30
0.0
 11
-0.488088541007903
 21
-0.0285476999999986
 31
0.0
  0
LINE
  5
131E
  8
0
 10
-0.488088541007903
 20
-0.0285476999999986
 30
0.0
 11
-0.4890503410078962
 21
-0.0302201999999966
 31
0.0
  0
LINE
  5
131F
  8
0
 10
-0.4890503410078962
 20
-0.0302201999999966
 30
0.0
 11
-0.4900661410078893
 21
-0.0318197999999995
 31
0.0
  0
LINE
  5
1320
  8
0
 10
-0.4900661410078893
 20
-0.0318197999999995
 30
0.0
 11
-0.4911323410078924
 21
-0.0333428999999995
 31
0.0
  0
LINE
  5
1321
  8
0
 10
-0.4911323410078924
 20
-0.0333428999999995
 30
0.0
 11
-0.4922471410078911
 21
-0.0347855999999979
 31
0.0
  0
LINE
  5
1322
  8
0
 10
-0.4922471410078911
 20
-0.0347855999999979
 30
0.0
 11
-0.4934081410078929
 21
-0.0361442999999951
 31
0.0
  0
LINE
  5
1323
  8
0
 10
-0.4934081410078929
 20
-0.0361442999999951
 30
0.0
 11
-0.4946117410079067
 21
-0.0374159999999989
 31
0.0
  0
LINE
  5
1324
  8
0
 10
-0.4946117410079067
 20
-0.0374159999999989
 30
0.0
 11
-0.4958561410079028
 21
-0.0385976999999997
 31
0.0
  0
LINE
  5
1325
  8
0
 10
-0.4958561410079028
 20
-0.0385976999999997
 30
0.0
 11
-0.4971371410078917
 21
-0.0396863999999965
 31
0.0
  0
LINE
  5
1326
  8
0
 10
-0.4855475410079066
 20
-0.023134619999999
 30
0.0
 11
-0.4863353410078956
 21
-0.0250006500000012
 31
0.0
  0
LINE
  5
1327
  8
0
 10
-0.4848215410078977
 20
-0.0212128499999977
 30
0.0
 11
-0.4855475410079066
 21
-0.023134619999999
 31
0.0
  0
LINE
  5
1328
  8
0
 10
-0.4863353410078956
 20
-0.0250006500000012
 30
0.0
 11
-0.4871831410079038
 21
-0.0268064699999968
 31
0.0
  0
LINE
  5
1329
  8
0
 10
-0.5098073410078939
 20
-0.0449456999999939
 30
0.0
 11
-0.5112791410078954
 21
-0.0450000000000017
 31
0.0
  0
LINE
  5
132A
  8
0
 10
-0.4984523410078963
 20
-0.0406793999999962
 30
0.0
 11
-0.4997987410079073
 21
-0.0415745999999956
 31
0.0
  0
LINE
  5
132B
  8
0
 10
-0.4997987410079073
 20
-0.0415745999999956
 30
0.0
 11
-0.5011727410079001
 21
-0.0423696000000007
 31
0.0
  0
LINE
  5
132C
  8
0
 10
-0.5011727410079001
 20
-0.0423696000000007
 30
0.0
 11
-0.5025707410079005
 21
-0.0430622999999997
 31
0.0
  0
LINE
  5
132D
  8
0
 10
-0.5025707410079005
 20
-0.0430622999999997
 30
0.0
 11
-0.503989741007899
 21
-0.0436514999999958
 31
0.0
  0
LINE
  5
132E
  8
0
 10
-0.503989741007899
 20
-0.0436514999999958
 30
0.0
 11
-0.5054261410079051
 21
-0.0441354000000018
 31
0.0
  0
LINE
  5
132F
  8
0
 10
-0.5054261410079051
 20
-0.0441354000000018
 30
0.0
 11
-0.5068769410078911
 21
-0.0445127999999954
 31
0.0
  0
LINE
  5
1330
  8
0
 10
-0.5068769410078911
 20
-0.0445127999999954
 30
0.0
 11
-0.5083385410079016
 21
-0.0447833999999943
 31
0.0
  0
LINE
  5
1331
  8
0
 10
-0.5083385410079016
 20
-0.0447833999999943
 30
0.0
 11
-0.5098073410078939
 21
-0.0449456999999939
 31
0.0
  0
LINE
  5
1332
  8
0
 10
-0.4971371410078917
 20
-0.0396863999999965
 30
0.0
 11
-0.4984523410078963
 21
-0.0406793999999962
 31
0.0
  0
LINE
  5
1333
  8
0
 10
-0.4762229410078989
 20
-0.0250006500000012
 30
0.0
 11
-0.4770107410079051
 21
-0.023134619999999
 31
0.0
  0
LINE
  5
1334
  8
0
 10
-0.4744697410078912
 20
-0.0285476999999986
 30
0.0
 11
-0.4753751410079074
 21
-0.0268064699999968
 31
0.0
  0
LINE
  5
1335
  8
0
 10
-0.4654211410079026
 20
-0.0396863999999965
 30
0.0
 11
-0.4667021410078915
 21
-0.0385976999999997
 31
0.0
  0
LINE
  5
1336
  8
0
 10
-0.4667021410078915
 20
-0.0385976999999997
 30
0.0
 11
-0.4679465410079044
 21
-0.0374159999999989
 31
0.0
  0
LINE
  5
1337
  8
0
 10
-0.4679465410079044
 20
-0.0374159999999989
 30
0.0
 11
-0.4691501410079014
 21
-0.0361442999999951
 31
0.0
  0
LINE
  5
1338
  8
0
 10
-0.4691501410079014
 20
-0.0361442999999951
 30
0.0
 11
-0.470311141007903
 21
-0.0347855999999979
 31
0.0
  0
LINE
  5
1339
  8
0
 10
-0.470311141007903
 20
-0.0347855999999979
 30
0.0
 11
-0.4714259410079026
 21
-0.0333428999999995
 31
0.0
  0
LINE
  5
133A
  8
0
 10
-0.4714259410079026
 20
-0.0333428999999995
 30
0.0
 11
-0.4724921410079049
 21
-0.0318197999999995
 31
0.0
  0
LINE
  5
133B
  8
0
 10
-0.4724921410079049
 20
-0.0318197999999995
 30
0.0
 11
-0.4735079410078983
 21
-0.0302201999999966
 31
0.0
  0
LINE
  5
133C
  8
0
 10
-0.4735079410078983
 20
-0.0302201999999966
 30
0.0
 11
-0.4744697410078912
 21
-0.0285476999999986
 31
0.0
  0
LINE
  5
133D
  8
0
 10
-0.4753751410079074
 20
-0.0268064699999968
 30
0.0
 11
-0.4762229410078989
 21
-0.0250006500000012
 31
0.0
  0
LINE
  5
133E
  8
0
 10
-0.4770107410079051
 20
-0.023134619999999
 30
0.0
 11
-0.4777367410078968
 21
-0.0212128499999977
 31
0.0
  0
LINE
  5
133F
  8
0
 10
-0.455681341007903
 20
-0.0445127999999954
 30
0.0
 11
-0.4571321410079066
 21
-0.0441354000000018
 31
0.0
  0
LINE
  5
1340
  8
0
 10
-0.4571321410079066
 20
-0.0441354000000018
 30
0.0
 11
-0.4585685410078951
 21
-0.0436514999999958
 31
0.0
  0
LINE
  5
1341
  8
0
 10
-0.4585685410078951
 20
-0.0436514999999958
 30
0.0
 11
-0.4599875410078936
 21
-0.0430622999999997
 31
0.0
  0
LINE
  5
1342
  8
0
 10
-0.4599875410078936
 20
-0.0430622999999997
 30
0.0
 11
-0.4613855410078939
 21
-0.0423696000000007
 31
0.0
  0
LINE
  5
1343
  8
0
 10
-0.4613855410078939
 20
-0.0423696000000007
 30
0.0
 11
-0.4627595410079037
 21
-0.0415745999999956
 31
0.0
  0
LINE
  5
1344
  8
0
 10
-0.4627595410079037
 20
-0.0415745999999956
 30
0.0
 11
-0.4641059410078979
 21
-0.0406793999999962
 31
0.0
  0
LINE
  5
1345
  8
0
 10
-0.4641059410078979
 20
-0.0406793999999962
 30
0.0
 11
-0.4654211410079026
 21
-0.0396863999999965
 31
0.0
  0
LINE
  5
1346
  8
0
 10
-0.455681341007903
 20
0.044512800000004
 30
0.0
 11
-0.4542197410078925
 21
0.0447834000000029
 31
0.0
  0
LINE
  5
1347
  8
0
 10
-0.5011727410079001
 20
0.0423696000000007
 30
0.0
 11
-0.4997987410079073
 21
0.0415746000000041
 31
0.0
  0
LINE
  5
1348
  8
0
 10
-0.4997987410079073
 20
0.0415746000000041
 30
0.0
 11
-0.4984523410078963
 21
0.0406794000000048
 31
0.0
  0
LINE
  5
1349
  8
0
 10
-0.4984523410078963
 20
0.0406794000000048
 30
0.0
 11
-0.4971371410078917
 21
0.039686400000005
 31
0.0
  0
LINE
  5
134A
  8
0
 10
-0.4971371410078917
 20
0.039686400000005
 30
0.0
 11
-0.4958561410079028
 21
0.0385976999999997
 31
0.0
  0
LINE
  5
134B
  8
0
 10
-0.4958561410079028
 20
0.0385976999999997
 30
0.0
 11
-0.4946117410079067
 21
0.0374159999999989
 31
0.0
  0
LINE
  5
134C
  8
0
 10
-0.4946117410079067
 20
0.0374159999999989
 30
0.0
 11
-0.4934081410078929
 21
0.0361443000000037
 31
0.0
  0
LINE
  5
134D
  8
0
 10
-0.4934081410078929
 20
0.0361443000000037
 30
0.0
 11
-0.4922471410078911
 21
0.0347856000000064
 31
0.0
  0
LINE
  5
134E
  8
0
 10
-0.4922471410078911
 20
0.0347856000000064
 30
0.0
 11
-0.4911323410078924
 21
0.0333428999999995
 31
0.0
  0
LINE
  5
134F
  8
0
 10
-0.4911323410078924
 20
0.0333428999999995
 30
0.0
 11
-0.4900661410078893
 21
0.0318197999999995
 31
0.0
  0
LINE
  5
1350
  8
0
 10
-0.4900661410078893
 20
0.0318197999999995
 30
0.0
 11
-0.4890503410078962
 21
0.0302202000000051
 31
0.0
  0
LINE
  5
1351
  8
0
 10
-0.5098073410078939
 20
0.0449457000000024
 30
0.0
 11
-0.5083385410079016
 21
0.0447834000000029
 31
0.0
  0
LINE
  5
1352
  8
0
 10
-0.4863353410078956
 20
0.0250006500000012
 30
0.0
 11
-0.4855475410079066
 21
0.0231346199999991
 31
0.0
  0
LINE
  5
1353
  8
0
 10
-0.4855475410079066
 20
0.0231346199999991
 30
0.0
 11
-0.4848215410078977
 21
0.0212128500000063
 31
0.0
  0
LINE
  5
1354
  8
0
 10
-0.4848215410078977
 20
0.0212128500000063
 30
0.0
 11
-0.4841597410078978
 21
0.0192399900000027
 31
0.0
  0
LINE
  5
1355
  8
0
 10
-0.4841597410078978
 20
0.0192399900000027
 30
0.0
 11
-0.483562741007904
 21
0.0172207499999985
 31
0.0
  0
LINE
  5
1356
  8
0
 10
-0.483562741007904
 20
0.0172207499999985
 30
0.0
 11
-0.4830329410078945
 21
0.0151600500000001
 31
0.0
  0
LINE
  5
1357
  8
0
 10
-0.4830329410078945
 20
0.0151600500000001
 30
0.0
 11
-0.4825709410079014
 21
0.0130628100000053
 31
0.0
  0
LINE
  5
1358
  8
0
 10
-0.4825709410079014
 20
0.0130628100000053
 30
0.0
 11
-0.4821779410079044
 21
0.0109341000000029
 31
0.0
  0
LINE
  5
1359
  8
0
 10
-0.4821779410079044
 20
0.0109341000000029
 30
0.0
 11
-0.4818557410078994
 21
0.008779050000004
 31
0.0
  0
LINE
  5
135A
  8
0
 10
-0.4818557410078994
 20
0.008779050000004
 30
0.0
 11
-0.4816037410079047
 21
0.0066028800000055
 31
0.0
  0
LINE
  5
135B
  8
0
 10
-0.4816037410079047
 20
0.0066028800000055
 30
0.0
 11
-0.4814237410078988
 21
0.0044107800000063
 31
0.0
  0
LINE
  5
135C
  8
0
 10
-0.4814237410078988
 20
0.0044107800000063
 30
0.0
 11
-0.4813151410078999
 21
0.0022080599999981
 31
0.0
  0
LINE
  5
135D
  8
0
 10
-0.4812431410078943
 20
0.0022080599999981
 30
0.0
 11
-0.4811345410078954
 21
0.0044107800000063
 31
0.0
  0
LINE
  5
135E
  8
0
 10
-0.4811345410078954
 20
0.0044107800000063
 30
0.0
 11
-0.4809545410079064
 21
0.0066028800000055
 31
0.0
  0
LINE
  5
135F
  8
0
 10
-0.4809545410079064
 20
0.0066028800000055
 30
0.0
 11
-0.4807025410078948
 21
0.008779050000004
 31
0.0
  0
LINE
  5
1360
  8
0
 10
-0.4807025410078948
 20
0.008779050000004
 30
0.0
 11
-0.4803803410079068
 21
0.0109341000000029
 31
0.0
  0
LINE
  5
1361
  8
0
 10
-0.4803803410079068
 20
0.0109341000000029
 30
0.0
 11
-0.4799873410078929
 21
0.0130628100000053
 31
0.0
  0
LINE
  5
1362
  8
0
 10
-0.4799873410078929
 20
0.0130628100000053
 30
0.0
 11
-0.4795253410078998
 21
0.0151600500000001
 31
0.0
  0
LINE
  5
1363
  8
0
 10
-0.4795253410078998
 20
0.0151600500000001
 30
0.0
 11
-0.4789955410079071
 21
0.0172207499999985
 31
0.0
  0
LINE
  5
1364
  8
0
 10
-0.4871831410079038
 20
0.0268064700000054
 30
0.0
 11
-0.4863353410078956
 21
0.0250006500000012
 31
0.0
  0
LINE
  5
1365
  8
0
 10
-0.4813151410078999
 20
0.0022080599999981
 30
0.0
 11
-0.4812791410079056
 21
0.0
 31
0.0
  0
LINE
  5
1366
  8
0
 10
-0.4812791410079056
 20
0.0
 30
0.0
 11
-0.4812431410078943
 21
0.0022080599999981
 31
0.0
  0
LINE
  5
1367
  8
0
 10
-0.4821779410079044
 20
-0.0109341000000029
 30
0.0
 11
-0.4825709410079014
 21
-0.0130628099999967
 31
0.0
  0
LINE
  5
1368
  8
0
 10
-0.4799873410078929
 20
-0.0130628099999967
 30
0.0
 11
-0.4803803410079068
 21
-0.0109341000000029
 31
0.0
  0
LINE
  5
1369
  8
0
 10
-0.4825709410079014
 20
-0.0130628099999967
 30
0.0
 11
-0.4830329410078945
 21
-0.0151600500000001
 31
0.0
  0
LINE
  5
136A
  8
0
 10
-0.4830329410078945
 20
-0.0151600500000001
 30
0.0
 11
-0.483562741007904
 21
-0.0172207499999985
 31
0.0
  0
LINE
  5
136B
  8
0
 10
-0.483562741007904
 20
-0.0172207499999985
 30
0.0
 11
-0.4841597410078978
 21
-0.0192399899999941
 31
0.0
  0
LINE
  5
136C
  8
0
 10
-0.4789955410079071
 20
-0.0172207499999985
 30
0.0
 11
-0.4795253410078998
 21
-0.0151600500000001
 31
0.0
  0
LINE
  5
136D
  8
0
 10
-0.4795253410078998
 20
-0.0151600500000001
 30
0.0
 11
-0.4799873410078929
 21
-0.0130628099999967
 31
0.0
  0
LINE
  5
136E
  8
0
 10
-0.4812791410079056
 20
0.0
 30
0.0
 11
-0.4813151410078999
 21
-0.0022080599999981
 31
0.0
  0
LINE
  5
136F
  8
0
 10
-0.4813151410078999
 20
-0.0022080599999981
 30
0.0
 11
-0.4814237410078988
 21
-0.0044107799999978
 31
0.0
  0
LINE
  5
1370
  8
0
 10
-0.4814237410078988
 20
-0.0044107799999978
 30
0.0
 11
-0.4816037410079047
 21
-0.006602879999997
 31
0.0
  0
LINE
  5
1371
  8
0
 10
-0.4816037410079047
 20
-0.006602879999997
 30
0.0
 11
-0.4818557410078994
 21
-0.0087790499999954
 31
0.0
  0
LINE
  5
1372
  8
0
 10
-0.4818557410078994
 20
-0.0087790499999954
 30
0.0
 11
-0.4821779410079044
 21
-0.0109341000000029
 31
0.0
  0
LINE
  5
1373
  8
0
 10
-0.4803803410079068
 20
-0.0109341000000029
 30
0.0
 11
-0.4807025410078948
 21
-0.0087790499999954
 31
0.0
  0
LINE
  5
1374
  8
0
 10
-0.4807025410078948
 20
-0.0087790499999954
 30
0.0
 11
-0.4809545410079064
 21
-0.006602879999997
 31
0.0
  0
LINE
  5
1375
  8
0
 10
-0.4809545410079064
 20
-0.006602879999997
 30
0.0
 11
-0.4811345410078954
 21
-0.0044107799999978
 31
0.0
  0
LINE
  5
1376
  8
0
 10
-0.4811345410078954
 20
-0.0044107799999978
 30
0.0
 11
-0.4812431410078943
 21
-0.0022080599999981
 31
0.0
  0
LINE
  5
1377
  8
0
 10
-0.4812431410078943
 20
-0.0022080599999981
 30
0.0
 11
-0.4812791410079056
 21
0.0
 31
0.0
  0
LINE
  5
1378
  8
0
 10
-0.4890503410078962
 20
0.0302202000000051
 30
0.0
 11
-0.488088541007903
 21
0.0285476999999986
 31
0.0
  0
LINE
  5
1379
  8
0
 10
-0.5112791410078954
 20
0.0450000000000017
 30
0.0
 11
-0.5098073410078939
 21
0.0449457000000024
 31
0.0
  0
LINE
  5
137A
  8
0
 10
-0.5083385410079016
 20
0.0447834000000029
 30
0.0
 11
-0.5068769410078911
 21
0.044512800000004
 31
0.0
  0
LINE
  5
137B
  8
0
 10
-0.5068769410078911
 20
0.044512800000004
 30
0.0
 11
-0.5054261410079051
 21
0.0441354000000018
 31
0.0
  0
LINE
  5
137C
  8
0
 10
-0.5054261410079051
 20
0.0441354000000018
 30
0.0
 11
-0.503989741007899
 21
0.0436515000000043
 31
0.0
  0
LINE
  5
137D
  8
0
 10
-0.503989741007899
 20
0.0436515000000043
 30
0.0
 11
-0.5025707410079005
 21
0.0430622999999997
 31
0.0
  0
LINE
  5
137E
  8
0
 10
-0.5025707410079005
 20
0.0430622999999997
 30
0.0
 11
-0.5011727410079001
 21
0.0423696000000007
 31
0.0
  0
LINE
  5
137F
  8
0
 10
-0.4744697410078912
 20
0.0285476999999986
 30
0.0
 11
-0.4735079410078983
 21
0.0302202000000051
 31
0.0
  0
LINE
  5
1380
  8
0
 10
-0.4753751410079074
 20
0.0268064700000054
 30
0.0
 11
-0.4744697410078912
 21
0.0285476999999986
 31
0.0
  0
LINE
  5
1381
  8
0
 10
-0.4783985410078972
 20
0.0192399900000027
 30
0.0
 11
-0.4777367410078968
 21
0.0212128500000063
 31
0.0
  0
LINE
  5
1382
  8
0
 10
-0.4777367410078968
 20
0.0212128500000063
 30
0.0
 11
-0.4770107410079051
 21
0.0231346199999991
 31
0.0
  0
LINE
  5
1383
  8
0
 10
-0.4770107410079051
 20
0.0231346199999991
 30
0.0
 11
-0.4762229410078989
 21
0.0250006500000012
 31
0.0
  0
LINE
  5
1384
  8
0
 10
-0.4762229410078989
 20
0.0250006500000012
 30
0.0
 11
-0.4753751410079074
 21
0.0268064700000054
 31
0.0
  0
LINE
  5
1385
  8
0
 10
-0.4735079410078983
 20
0.0302202000000051
 30
0.0
 11
-0.4724921410079049
 21
0.0318197999999995
 31
0.0
  0
LINE
  5
1386
  8
0
 10
-0.4724921410079049
 20
0.0318197999999995
 30
0.0
 11
-0.4714259410079026
 21
0.0333428999999995
 31
0.0
  0
LINE
  5
1387
  8
0
 10
-0.4714259410079026
 20
0.0333428999999995
 30
0.0
 11
-0.470311141007903
 21
0.0347856000000064
 31
0.0
  0
LINE
  5
1388
  8
0
 10
-0.470311141007903
 20
0.0347856000000064
 30
0.0
 11
-0.4691501410079014
 21
0.0361443000000037
 31
0.0
  0
LINE
  5
1389
  8
0
 10
-0.4691501410079014
 20
0.0361443000000037
 30
0.0
 11
-0.4679465410079044
 21
0.0374159999999989
 31
0.0
  0
LINE
  5
138A
  8
0
 10
-0.4679465410079044
 20
0.0374159999999989
 30
0.0
 11
-0.4667021410078915
 21
0.0385976999999997
 31
0.0
  0
LINE
  5
138B
  8
0
 10
-0.4667021410078915
 20
0.0385976999999997
 30
0.0
 11
-0.4654211410079026
 21
0.039686400000005
 31
0.0
  0
LINE
  5
138C
  8
0
 10
-0.4654211410079026
 20
0.039686400000005
 30
0.0
 11
-0.4641059410078979
 21
0.0406794000000048
 31
0.0
  0
LINE
  5
138D
  8
0
 10
-0.4641059410078979
 20
0.0406794000000048
 30
0.0
 11
-0.4627595410079037
 21
0.0415746000000041
 31
0.0
  0
LINE
  5
138E
  8
0
 10
-0.4627595410079037
 20
0.0415746000000041
 30
0.0
 11
-0.4613855410078939
 21
0.0423696000000007
 31
0.0
  0
LINE
  5
138F
  8
0
 10
-0.4613855410078939
 20
0.0423696000000007
 30
0.0
 11
-0.4599875410078936
 21
0.0430622999999997
 31
0.0
  0
LINE
  5
1390
  8
0
 10
-0.4599875410078936
 20
0.0430622999999997
 30
0.0
 11
-0.4585685410078951
 21
0.0436515000000043
 31
0.0
  0
LINE
  5
1391
  8
0
 10
-0.4585685410078951
 20
0.0436515000000043
 30
0.0
 11
-0.4571321410079066
 21
0.0441354000000018
 31
0.0
  0
LINE
  5
1392
  8
0
 10
-0.4571321410079066
 20
0.0441354000000018
 30
0.0
 11
-0.455681341007903
 21
0.044512800000004
 31
0.0
  0
LINE
  5
1393
  8
0
 10
-0.4789955410079071
 20
0.0172207499999985
 30
0.0
 11
-0.4783985410078972
 21
0.0192399900000027
 31
0.0
  0
LINE
  5
1394
  8
0
 10
-0.4783985410078972
 20
-0.0192399899999941
 30
0.0
 11
-0.4789955410079071
 21
-0.0172207499999985
 31
0.0
  0
LINE
  5
1395
  8
0
 10
-0.4512791410078986
 20
-0.0450000000000017
 30
0.0
 11
-0.4527509410079004
 21
-0.0449456999999939
 31
0.0
  0
LINE
  5
1396
  8
0
 10
-0.4300661410078929
 20
-0.0318197999999995
 30
0.0
 11
-0.4311323410078954
 21
-0.0333428999999995
 31
0.0
  0
LINE
  5
1397
  8
0
 10
-0.4311323410078954
 20
-0.0333428999999995
 30
0.0
 11
-0.4322471410078946
 21
-0.0347855999999979
 31
0.0
  0
LINE
  5
1398
  8
0
 10
-0.4322471410078946
 20
-0.0347855999999979
 30
0.0
 11
-0.4334081410078963
 21
-0.0361442999999951
 31
0.0
  0
LINE
  5
1399
  8
0
 10
-0.4334081410078963
 20
-0.0361442999999951
 30
0.0
 11
-0.434611741007893
 21
-0.0374159999999989
 31
0.0
  0
LINE
  5
139A
  8
0
 10
-0.434611741007893
 20
-0.0374159999999989
 30
0.0
 11
-0.4358561410079063
 21
-0.0385976999999997
 31
0.0
  0
LINE
  5
139B
  8
0
 10
-0.4358561410079063
 20
-0.0385976999999997
 30
0.0
 11
-0.4371371410078952
 21
-0.0396863999999965
 31
0.0
  0
LINE
  5
139C
  8
0
 10
-0.4384523410078998
 20
-0.0406793999999962
 30
0.0
 11
-0.4397987410078938
 21
-0.0415745999999956
 31
0.0
  0
LINE
  5
139D
  8
0
 10
-0.441172741007904
 20
-0.0423696000000007
 30
0.0
 11
-0.4425707410079041
 21
-0.0430622999999997
 31
0.0
  0
LINE
  5
139E
  8
0
 10
-0.4397987410078938
 20
-0.0415745999999956
 30
0.0
 11
-0.441172741007904
 21
-0.0423696000000007
 31
0.0
  0
LINE
  5
139F
  8
0
 10
-0.4425707410079041
 20
-0.0430622999999997
 30
0.0
 11
-0.4439897410079026
 21
-0.0436514999999958
 31
0.0
  0
LINE
  5
13A0
  8
0
 10
-0.4439897410079026
 20
-0.0436514999999958
 30
0.0
 11
-0.4454261410078912
 21
-0.0441354000000018
 31
0.0
  0
LINE
  5
13A1
  8
0
 10
-0.4454261410078912
 20
-0.0441354000000018
 30
0.0
 11
-0.4468769410078947
 21
-0.0445127999999954
 31
0.0
  0
LINE
  5
13A2
  8
0
 10
-0.4468769410078947
 20
-0.0445127999999954
 30
0.0
 11
-0.448338541007905
 21
-0.0447833999999943
 31
0.0
  0
LINE
  5
13A3
  8
0
 10
-0.448338541007905
 20
-0.0447833999999943
 30
0.0
 11
-0.4498073410078974
 21
-0.0449456999999939
 31
0.0
  0
LINE
  5
13A4
  8
0
 10
-0.4498073410078974
 20
-0.0449456999999939
 30
0.0
 11
-0.4512791410078986
 21
-0.0450000000000017
 31
0.0
  0
LINE
  5
13A5
  8
0
 10
-0.4371371410078952
 20
-0.0396863999999965
 30
0.0
 11
-0.4384523410078998
 21
-0.0406793999999962
 31
0.0
  0
LINE
  5
13A6
  8
0
 10
-0.4527509410079004
 20
0.0449457000000024
 30
0.0
 11
-0.4512791410078986
 21
0.0450000000000017
 31
0.0
  0
LINE
  5
13A7
  8
0
 10
-0.4397987410078938
 20
0.0415746000000041
 30
0.0
 11
-0.4384523410078998
 21
0.0406794000000048
 31
0.0
  0
LINE
  5
13A8
  8
0
 10
-0.4384523410078998
 20
0.0406794000000048
 30
0.0
 11
-0.4371371410078952
 21
0.039686400000005
 31
0.0
  0
LINE
  5
13A9
  8
0
 10
-0.4371371410078952
 20
0.039686400000005
 30
0.0
 11
-0.4358561410079063
 21
0.0385976999999997
 31
0.0
  0
LINE
  5
13AA
  8
0
 10
-0.4358561410079063
 20
0.0385976999999997
 30
0.0
 11
-0.434611741007893
 21
0.0374159999999989
 31
0.0
  0
LINE
  5
13AB
  8
0
 10
-0.434611741007893
 20
0.0374159999999989
 30
0.0
 11
-0.4334081410078963
 21
0.0361443000000037
 31
0.0
  0
LINE
  5
13AC
  8
0
 10
-0.4334081410078963
 20
0.0361443000000037
 30
0.0
 11
-0.4322471410078946
 21
0.0347856000000064
 31
0.0
  0
LINE
  5
13AD
  8
0
 10
-0.4322471410078946
 20
0.0347856000000064
 30
0.0
 11
-0.4311323410078954
 21
0.0333428999999995
 31
0.0
  0
LINE
  5
13AE
  8
0
 10
-0.4311323410078954
 20
0.0333428999999995
 30
0.0
 11
-0.4300661410078929
 21
0.0318197999999995
 31
0.0
  0
LINE
  5
13AF
  8
0
 10
-0.4425707410079041
 20
0.0430622999999997
 30
0.0
 11
-0.441172741007904
 21
0.0423696000000007
 31
0.0
  0
LINE
  5
13B0
  8
0
 10
-0.441172741007904
 20
0.0423696000000007
 30
0.0
 11
-0.4397987410078938
 21
0.0415746000000041
 31
0.0
  0
LINE
  5
13B1
  8
0
 10
-0.4512791410078986
 20
0.0450000000000017
 30
0.0
 11
-0.4498073410078974
 21
0.0449457000000024
 31
0.0
  0
LINE
  5
13B2
  8
0
 10
-0.4498073410078974
 20
0.0449457000000024
 30
0.0
 11
-0.448338541007905
 21
0.0447834000000029
 31
0.0
  0
LINE
  5
13B3
  8
0
 10
-0.448338541007905
 20
0.0447834000000029
 30
0.0
 11
-0.4468769410078947
 21
0.044512800000004
 31
0.0
  0
LINE
  5
13B4
  8
0
 10
-0.4468769410078947
 20
0.044512800000004
 30
0.0
 11
-0.4454261410078912
 21
0.0441354000000018
 31
0.0
  0
LINE
  5
13B5
  8
0
 10
-0.4454261410078912
 20
0.0441354000000018
 30
0.0
 11
-0.4439897410079026
 21
0.0436515000000043
 31
0.0
  0
LINE
  5
13B6
  8
0
 10
-0.4439897410079026
 20
0.0436515000000043
 30
0.0
 11
-0.4425707410079041
 21
0.0430622999999997
 31
0.0
  0
LINE
  5
13B7
  8
0
 10
-0.4527509410079004
 20
-0.0449456999999939
 30
0.0
 11
-0.4542197410078925
 21
-0.0447833999999943
 31
0.0
  0
LINE
  5
13B8
  8
0
 10
-0.4542197410078925
 20
0.0447834000000029
 30
0.0
 11
-0.4527509410079004
 21
0.0449457000000024
 31
0.0
  0
LINE
  5
13B9
  8
0
 10
-0.5112791410078954
 20
0.0450000000000017
 30
0.0
 11
-0.5412791410079021
 21
0.0450000000000017
 31
0.0
  0
LINE
  5
13BA
  8
0
 10
-0.5412791410079021
 20
-0.0450000000000017
 30
0.0
 11
-0.5112791410078954
 21
-0.0450000000000017
 31
0.0
  0
LINE
  5
13BB
  8
0
 10
-0.5112791410078954
 20
-0.0450000000000017
 30
0.0
 11
-0.5127509410078968
 21
-0.0449456999999939
 31
0.0
  0
LINE
  5
13BC
  8
0
 10
-0.5127509410078968
 20
0.0449457000000024
 30
0.0
 11
-0.5112791410078954
 21
0.0450000000000017
 31
0.0
  0
LINE
  5
13BD
  8
0
 10
-0.488088541007903
 20
0.0285476999999986
 30
0.0
 11
-0.4795253410078998
 21
0.0151600500000001
 31
0.0
  0
LINE
  5
13BE
  8
0
 10
-0.4290503410078996
 20
-0.0302201999999966
 30
0.0
 11
-0.4300661410078929
 21
-0.0318197999999995
 31
0.0
  0
LINE
  5
13BF
  8
0
 10
-0.4300661410078929
 20
0.0318197999999995
 30
0.0
 11
-0.4290503410078996
 21
0.0302202000000051
 31
0.0
  0
LINE
  5
13C0
  8
0
 10
-0.4241597410079009
 20
-0.0192399899999941
 30
0.0
 11
-0.4248215410079012
 21
-0.0212128499999977
 31
0.0
  0
LINE
  5
13C1
  8
0
 10
-0.4177368010078964
 20
-0.0212128499999977
 30
0.0
 11
-0.4183988410078995
 21
-0.0192399899999941
 31
0.0
  0
LINE
  5
13C2
  8
0
 10
-0.4255475410078929
 20
-0.023134619999999
 30
0.0
 11
-0.4263353410078991
 21
-0.0250006500000012
 31
0.0
  0
LINE
  5
13C3
  8
0
 10
-0.4263353410078991
 20
-0.0250006500000012
 30
0.0
 11
-0.4271831410079069
 21
-0.0268064699999968
 31
0.0
  0
LINE
  5
13C4
  8
0
 10
-0.4271831410079069
 20
-0.0268064699999968
 30
0.0
 11
-0.4280885410079064
 21
-0.0285476999999986
 31
0.0
  0
LINE
  5
13C5
  8
0
 10
-0.4280885410079064
 20
-0.0285476999999986
 30
0.0
 11
-0.4290503410078996
 21
-0.0302201999999966
 31
0.0
  0
LINE
  5
13C6
  8
0
 10
-0.4248215410079012
 20
-0.0212128499999977
 30
0.0
 11
-0.4255475410078929
 21
-0.023134619999999
 31
0.0
  0
LINE
  5
13C7
  8
0
 10
-0.4162232410079013
 20
-0.0250006500000012
 30
0.0
 11
-0.417010981007894
 21
-0.023134619999999
 31
0.0
  0
LINE
  5
13C8
  8
0
 10
-0.4091501410079048
 20
-0.0361442999999951
 30
0.0
 11
-0.4103109610079001
 21
-0.0347855999999979
 31
0.0
  0
LINE
  5
13C9
  8
0
 10
-0.4103109610079001
 20
-0.0347855999999979
 30
0.0
 11
-0.4114258810079093
 21
-0.0333428999999995
 31
0.0
  0
LINE
  5
13CA
  8
0
 10
-0.4114258810079093
 20
-0.0333428999999995
 30
0.0
 11
-0.4124923210078978
 21
-0.0318197999999995
 31
0.0
  0
LINE
  5
13CB
  8
0
 10
-0.4124923210078978
 20
-0.0318197999999995
 30
0.0
 11
-0.4135077010078986
 21
-0.0302201999999966
 31
0.0
  0
LINE
  5
13CC
  8
0
 10
-0.4135077010078986
 20
-0.0302201999999966
 30
0.0
 11
-0.4144694410078956
 21
-0.0285476999999986
 31
0.0
  0
LINE
  5
13CD
  8
0
 10
-0.4144694410078956
 20
-0.0285476999999986
 30
0.0
 11
-0.4153753810078968
 21
-0.0268064699999968
 31
0.0
  0
LINE
  5
13CE
  8
0
 10
-0.4153753810078968
 20
-0.0268064699999968
 30
0.0
 11
-0.4162232410079013
 21
-0.0250006500000012
 31
0.0
  0
LINE
  5
13CF
  8
0
 10
-0.417010981007894
 20
-0.023134619999999
 30
0.0
 11
-0.4177368010078964
 21
-0.0212128499999977
 31
0.0
  0
LINE
  5
13D0
  8
0
 10
-0.4199873410078964
 20
-0.0130628099999967
 30
0.0
 11
-0.4203801010079075
 21
-0.0109341000000029
 31
0.0
  0
LINE
  5
13D1
  8
0
 10
-0.4203801010079075
 20
0.0109341000000029
 30
0.0
 11
-0.4199873410078964
 21
0.0130628100000053
 31
0.0
  0
LINE
  5
13D2
  8
0
 10
-0.4212791410078922
 20
0.0
 30
0.0
 11
-0.4212430210079048
 21
0.0022080599999981
 31
0.0
  0
LINE
  5
13D3
  8
0
 10
-0.4213151410079039
 20
0.0022080599999981
 30
0.0
 11
-0.4212791410078922
 21
0.0
 31
0.0
  0
LINE
  5
13D4
  8
0
 10
-0.4221779410079079
 20
-0.0109341000000029
 30
0.0
 11
-0.4225709410079049
 21
-0.0130628099999967
 31
0.0
  0
LINE
  5
13D5
  8
0
 10
-0.4225709410079049
 20
-0.0130628099999967
 30
0.0
 11
-0.4230329410078979
 21
-0.0151600500000001
 31
0.0
  0
LINE
  5
13D6
  8
0
 10
-0.4230329410078979
 20
-0.0151600500000001
 30
0.0
 11
-0.4235627410079075
 21
-0.0172207499999985
 31
0.0
  0
LINE
  5
13D7
  8
0
 10
-0.4235627410079075
 20
-0.0172207499999985
 30
0.0
 11
-0.4241597410079009
 21
-0.0192399899999941
 31
0.0
  0
LINE
  5
13D8
  8
0
 10
-0.4203801010079075
 20
-0.0109341000000029
 30
0.0
 11
-0.4207027210079047
 21
-0.0087790499999954
 31
0.0
  0
LINE
  5
13D9
  8
0
 10
-0.4207027210079047
 20
-0.0087790499999954
 30
0.0
 11
-0.4209544210079001
 21
-0.006602879999997
 31
0.0
  0
LINE
  5
13DA
  8
0
 10
-0.4209544210079001
 20
-0.006602879999997
 30
0.0
 11
-0.4211346610078919
 21
-0.0044107799999978
 31
0.0
  0
LINE
  5
13DB
  8
0
 10
-0.4211346610078919
 20
-0.0044107799999978
 30
0.0
 11
-0.4212430210079048
 21
-0.0022080599999981
 31
0.0
  0
LINE
  5
13DC
  8
0
 10
-0.4212430210079048
 20
-0.0022080599999981
 30
0.0
 11
-0.4212791410078922
 21
0.0
 31
0.0
  0
LINE
  5
13DD
  8
0
 10
-0.4212791410078922
 20
0.0
 30
0.0
 11
-0.4213151410079039
 21
-0.0022080599999981
 31
0.0
  0
LINE
  5
13DE
  8
0
 10
-0.4213151410079039
 20
-0.0022080599999981
 30
0.0
 11
-0.4214237410079022
 21
-0.0044107799999978
 31
0.0
  0
LINE
  5
13DF
  8
0
 10
-0.4214237410079022
 20
-0.0044107799999978
 30
0.0
 11
-0.4216037410078913
 21
-0.006602879999997
 31
0.0
  0
LINE
  5
13E0
  8
0
 10
-0.4216037410078913
 20
-0.006602879999997
 30
0.0
 11
-0.4218557410079029
 21
-0.0087790499999954
 31
0.0
  0
LINE
  5
13E1
  8
0
 10
-0.4218557410079029
 20
-0.0087790499999954
 30
0.0
 11
-0.4221779410079079
 21
-0.0109341000000029
 31
0.0
  0
LINE
  5
13E2
  8
0
 10
-0.4290503410078996
 20
0.0302202000000051
 30
0.0
 11
-0.4280885410079064
 21
0.0285476999999986
 31
0.0
  0
LINE
  5
13E3
  8
0
 10
-0.4212430210079048
 20
0.0022080599999981
 30
0.0
 11
-0.4211346610078919
 21
0.0044107800000063
 31
0.0
  0
LINE
  5
13E4
  8
0
 10
-0.4211346610078919
 20
0.0044107800000063
 30
0.0
 11
-0.4209544210079001
 21
0.0066028800000055
 31
0.0
  0
LINE
  5
13E5
  8
0
 10
-0.4209544210079001
 20
0.0066028800000055
 30
0.0
 11
-0.4207027210079047
 21
0.008779050000004
 31
0.0
  0
LINE
  5
13E6
  8
0
 10
-0.4207027210079047
 20
0.008779050000004
 30
0.0
 11
-0.4203801010079075
 21
0.0109341000000029
 31
0.0
  0
LINE
  5
13E7
  8
0
 10
-0.4280885410079064
 20
0.0285476999999986
 30
0.0
 11
-0.4271831410079069
 21
0.0268064700000054
 31
0.0
  0
LINE
  5
13E8
  8
0
 10
-0.4271831410079069
 20
0.0268064700000054
 30
0.0
 11
-0.4263353410078991
 21
0.0250006500000012
 31
0.0
  0
LINE
  5
13E9
  8
0
 10
-0.4263353410078991
 20
0.0250006500000012
 30
0.0
 11
-0.4255475410078929
 21
0.0231346199999991
 31
0.0
  0
LINE
  5
13EA
  8
0
 10
-0.4255475410078929
 20
0.0231346199999991
 30
0.0
 11
-0.4248215410079012
 21
0.0212128500000063
 31
0.0
  0
LINE
  5
13EB
  8
0
 10
-0.4248215410079012
 20
0.0212128500000063
 30
0.0
 11
-0.4241597410079009
 21
0.0192399900000027
 31
0.0
  0
LINE
  5
13EC
  8
0
 10
-0.4241597410079009
 20
0.0192399900000027
 30
0.0
 11
-0.4235627410079075
 21
0.0172207499999985
 31
0.0
  0
LINE
  5
13ED
  8
0
 10
-0.4235627410079075
 20
0.0172207499999985
 30
0.0
 11
-0.4230329410078979
 21
0.0151600500000001
 31
0.0
  0
LINE
  5
13EE
  8
0
 10
-0.4230329410078979
 20
0.0151600500000001
 30
0.0
 11
-0.4225709410079049
 21
0.0130628100000053
 31
0.0
  0
LINE
  5
13EF
  8
0
 10
-0.4225709410079049
 20
0.0130628100000053
 30
0.0
 11
-0.4221779410079079
 21
0.0109341000000029
 31
0.0
  0
LINE
  5
13F0
  8
0
 10
-0.4221779410079079
 20
0.0109341000000029
 30
0.0
 11
-0.4218557410079029
 21
0.008779050000004
 31
0.0
  0
LINE
  5
13F1
  8
0
 10
-0.4218557410079029
 20
0.008779050000004
 30
0.0
 11
-0.4216037410078913
 21
0.0066028800000055
 31
0.0
  0
LINE
  5
13F2
  8
0
 10
-0.4216037410078913
 20
0.0066028800000055
 30
0.0
 11
-0.4214237410079022
 21
0.0044107800000063
 31
0.0
  0
LINE
  5
13F3
  8
0
 10
-0.4214237410079022
 20
0.0044107800000063
 30
0.0
 11
-0.4213151410079039
 21
0.0022080599999981
 31
0.0
  0
LINE
  5
13F4
  8
0
 10
-0.4183988410078995
 20
-0.0192399899999941
 30
0.0
 11
-0.418995541007894
 21
-0.0172207499999985
 31
0.0
  0
LINE
  5
13F5
  8
0
 10
-0.418995541007894
 20
-0.0172207499999985
 30
0.0
 11
-0.4195254610078961
 21
-0.0151600500000001
 31
0.0
  0
LINE
  5
13F6
  8
0
 10
-0.4195254610078961
 20
-0.0151600500000001
 30
0.0
 11
-0.4199873410078964
 21
-0.0130628099999967
 31
0.0
  0
LINE
  5
13F7
  8
0
 10
-0.4144694410078956
 20
0.0285476999999986
 30
0.0
 11
-0.4135077010078986
 21
0.0302202000000051
 31
0.0
  0
LINE
  5
13F8
  8
0
 10
-0.4199873410078964
 20
0.0130628100000053
 30
0.0
 11
-0.4195254610078961
 21
0.0151600500000001
 31
0.0
  0
LINE
  5
13F9
  8
0
 10
-0.4195254610078961
 20
0.0151600500000001
 30
0.0
 11
-0.418995541007894
 21
0.0172207499999985
 31
0.0
  0
LINE
  5
13FA
  8
0
 10
-0.418995541007894
 20
0.0172207499999985
 30
0.0
 11
-0.4183988410078995
 21
0.0192399900000027
 31
0.0
  0
LINE
  5
13FB
  8
0
 10
-0.4183988410078995
 20
0.0192399900000027
 30
0.0
 11
-0.4177368010078964
 21
0.0212128500000063
 31
0.0
  0
LINE
  5
13FC
  8
0
 10
-0.4177368010078964
 20
0.0212128500000063
 30
0.0
 11
-0.417010981007894
 21
0.0231346199999991
 31
0.0
  0
LINE
  5
13FD
  8
0
 10
-0.417010981007894
 20
0.0231346199999991
 30
0.0
 11
-0.4162232410079013
 21
0.0250006500000012
 31
0.0
  0
LINE
  5
13FE
  8
0
 10
-0.4162232410079013
 20
0.0250006500000012
 30
0.0
 11
-0.4153753810078968
 21
0.0268064700000054
 31
0.0
  0
LINE
  5
13FF
  8
0
 10
-0.4153753810078968
 20
0.0268064700000054
 30
0.0
 11
-0.4144694410078956
 21
0.0285476999999986
 31
0.0
  0
LINE
  5
1400
  8
0
 10
-0.4135077010078986
 20
0.0302202000000051
 30
0.0
 11
-0.4124923210078978
 21
0.0318197999999995
 31
0.0
  0
LINE
  5
1401
  8
0
 10
-0.4124923210078978
 20
0.0318197999999995
 30
0.0
 11
-0.4114258810079093
 21
0.0333428999999995
 31
0.0
  0
LINE
  5
1402
  8
0
 10
-0.4114258810079093
 20
0.0333428999999995
 30
0.0
 11
-0.4103109610079001
 21
0.0347856000000064
 31
0.0
  0
LINE
  5
1403
  8
0
 10
-0.4103109610079001
 20
0.0347856000000064
 30
0.0
 11
-0.4091501410079048
 21
0.0361443000000037
 31
0.0
  0
LINE
  5
1404
  8
0
 10
-0.3758560810078961
 20
-0.0385976999999997
 30
0.0
 11
-0.3771372610078912
 21
-0.0396863999999965
 31
0.0
  0
LINE
  5
1405
  8
0
 10
-0.378452461007896
 20
-0.0406793999999962
 30
0.0
 11
-0.3797986210079045
 21
-0.0415745999999956
 31
0.0
  0
LINE
  5
1406
  8
0
 10
-0.3797986210079045
 20
-0.0415745999999956
 30
0.0
 11
-0.3811724410079079
 21
-0.0423696000000007
 31
0.0
  0
LINE
  5
1407
  8
0
 10
-0.3811724410079079
 20
-0.0423696000000007
 30
0.0
 11
-0.3825706210078976
 21
-0.0430622999999997
 31
0.0
  0
LINE
  5
1408
  8
0
 10
-0.3825706210078976
 20
-0.0430622999999997
 30
0.0
 11
-0.3839897410079061
 21
-0.0436514999999958
 31
0.0
  0
LINE
  5
1409
  8
0
 10
-0.3839897410079061
 20
-0.0436514999999958
 30
0.0
 11
-0.3854264410078939
 21
-0.0441354000000018
 31
0.0
  0
LINE
  5
140A
  8
0
 10
-0.3854264410078939
 20
-0.0441354000000018
 30
0.0
 11
-0.3868772410078974
 21
-0.0445127999999954
 31
0.0
  0
LINE
  5
140B
  8
0
 10
-0.3868772410078974
 20
-0.0445127999999954
 30
0.0
 11
-0.3883386010079049
 21
-0.0447833999999943
 31
0.0
  0
LINE
  5
140C
  8
0
 10
-0.3883386010079049
 20
-0.0447833999999943
 30
0.0
 11
-0.3898071010078978
 21
-0.0449456999999939
 31
0.0
  0
LINE
  5
140D
  8
0
 10
-0.3898071010078978
 20
-0.0449456999999939
 30
0.0
 11
-0.3912791410079023
 21
-0.0450000000000017
 31
0.0
  0
LINE
  5
140E
  8
0
 10
-0.3912791410079023
 20
-0.0450000000000017
 30
0.0
 11
-0.3927511810079067
 21
-0.0449456999999939
 31
0.0
  0
LINE
  5
140F
  8
0
 10
-0.3927511810079067
 20
-0.0449456999999939
 30
0.0
 11
-0.3942196810078996
 21
-0.0447833999999943
 31
0.0
  0
LINE
  5
1410
  8
0
 10
-0.3771372610078912
 20
-0.0396863999999965
 30
0.0
 11
-0.378452461007896
 21
-0.0406793999999962
 31
0.0
  0
LINE
  5
1411
  8
0
 10
-0.3562232410079047
 20
-0.0250006500000012
 30
0.0
 11
-0.3570109810078974
 21
-0.023134619999999
 31
0.0
  0
LINE
  5
1412
  8
0
 10
-0.3514258810078956
 20
-0.0333428999999995
 30
0.0
 11
-0.3524923210079009
 21
-0.0318197999999995
 31
0.0
  0
LINE
  5
1413
  8
0
 10
-0.3454210210078997
 20
-0.0396863999999965
 30
0.0
 11
-0.3467022010078948
 21
-0.0385976999999997
 31
0.0
  0
LINE
  5
1414
  8
0
 10
-0.3467022010078948
 20
-0.0385976999999997
 30
0.0
 11
-0.3479462410078952
 21
-0.0374159999999989
 31
0.0
  0
LINE
  5
1415
  8
0
 10
-0.3479462410078952
 20
-0.0374159999999989
 30
0.0
 11
-0.3491501410079081
 21
-0.0361442999999951
 31
0.0
  0
LINE
  5
1416
  8
0
 10
-0.3491501410079081
 20
-0.0361442999999951
 30
0.0
 11
-0.3503109610079036
 21
-0.0347855999999979
 31
0.0
  0
LINE
  5
1417
  8
0
 10
-0.3503109610079036
 20
-0.0347855999999979
 30
0.0
 11
-0.3514258810078956
 21
-0.0333428999999995
 31
0.0
  0
LINE
  5
1418
  8
0
 10
-0.3524923210079009
 20
-0.0318197999999995
 30
0.0
 11
-0.353507701007902
 21
-0.0302201999999966
 31
0.0
  0
LINE
  5
1419
  8
0
 10
-0.353507701007902
 20
-0.0302201999999966
 30
0.0
 11
-0.3544694410078989
 21
-0.0285476999999986
 31
0.0
  0
LINE
  5
141A
  8
0
 10
-0.3544694410078989
 20
-0.0285476999999986
 30
0.0
 11
-0.3553753810079001
 21
-0.0268064699999968
 31
0.0
  0
LINE
  5
141B
  8
0
 10
-0.3553753810079001
 20
-0.0268064699999968
 30
0.0
 11
-0.3562232410079047
 21
-0.0250006500000012
 31
0.0
  0
LINE
  5
141C
  8
0
 10
-0.3570109810078974
 20
-0.023134619999999
 30
0.0
 11
-0.3577368010078998
 21
-0.0212128499999977
 31
0.0
  0
LINE
  5
141D
  8
0
 10
-0.338568541007902
 20
-0.0436514999999958
 30
0.0
 11
-0.3399876610078933
 21
-0.0430622999999997
 31
0.0
  0
LINE
  5
141E
  8
0
 10
-0.3399876610078933
 20
-0.0430622999999997
 30
0.0
 11
-0.3413858410079001
 21
-0.0423696000000007
 31
0.0
  0
LINE
  5
141F
  8
0
 10
-0.3413858410079001
 20
-0.0423696000000007
 30
0.0
 11
-0.3427596610079035
 21
-0.0415745999999956
 31
0.0
  0
LINE
  5
1420
  8
0
 10
-0.3427596610079035
 20
-0.0415745999999956
 30
0.0
 11
-0.3441058210078949
 21
-0.0406793999999962
 31
0.0
  0
LINE
  5
1421
  8
0
 10
-0.3441058210078949
 20
-0.0406793999999962
 30
0.0
 11
-0.3454210210078997
 21
-0.0396863999999965
 31
0.0
  0
LINE
  5
1422
  8
0
 10
-0.338568541007902
 20
0.0436515000000043
 30
0.0
 11
-0.3371318410078969
 21
0.0441354000000018
 31
0.0
  0
LINE
  5
1423
  8
0
 10
-0.3648214810079082
 20
0.0212128500000063
 30
0.0
 11
-0.3641594410079051
 21
0.0192399900000027
 31
0.0
  0
LINE
  5
1424
  8
0
 10
-0.3621781810078971
 20
-0.0109341000000029
 30
0.0
 11
-0.3625709410079082
 21
-0.0130628099999967
 31
0.0
  0
LINE
  5
1425
  8
0
 10
-0.3625709410079082
 20
-0.0130628099999967
 30
0.0
 11
-0.3630328210078914
 21
-0.0151600500000001
 31
0.0
  0
LINE
  5
1426
  8
0
 10
-0.3630328210078914
 20
-0.0151600500000001
 30
0.0
 11
-0.3635627410078939
 21
-0.0172207499999985
 31
0.0
  0
LINE
  5
1427
  8
0
 10
-0.3635627410078939
 20
-0.0172207499999985
 30
0.0
 11
-0.3641594410079051
 21
-0.0192399899999941
 31
0.0
  0
LINE
  5
1428
  8
0
 10
-0.3618555610078999
 20
-0.0087790499999954
 30
0.0
 11
-0.3621781810078971
 21
-0.0109341000000029
 31
0.0
  0
LINE
  5
1429
  8
0
 10
-0.3641594410079051
 20
0.0192399900000027
 30
0.0
 11
-0.3635627410078939
 21
0.0172207499999985
 31
0.0
  0
LINE
  5
142A
  8
0
 10
-0.3635627410078939
 20
0.0172207499999985
 30
0.0
 11
-0.3630328210078914
 21
0.0151600500000001
 31
0.0
  0
LINE
  5
142B
  8
0
 10
-0.3630328210078914
 20
0.0151600500000001
 30
0.0
 11
-0.3625709410079082
 21
0.0130628100000053
 31
0.0
  0
LINE
  5
142C
  8
0
 10
-0.3625709410079082
 20
0.0130628100000053
 30
0.0
 11
-0.3621781810078971
 21
0.0109341000000029
 31
0.0
  0
LINE
  5
142D
  8
0
 10
-0.3621781810078971
 20
0.0109341000000029
 30
0.0
 11
-0.3618555610078999
 21
0.008779050000004
 31
0.0
  0
LINE
  5
142E
  8
0
 10
-0.3690505810079059
 20
0.0302202000000051
 30
0.0
 11
-0.3680888410079091
 21
0.0285476999999986
 31
0.0
  0
LINE
  5
142F
  8
0
 10
-0.3680888410079091
 20
0.0285476999999986
 30
0.0
 11
-0.3671829010079079
 21
0.0268064700000054
 31
0.0
  0
LINE
  5
1430
  8
0
 10
-0.3671829010079079
 20
0.0268064700000054
 30
0.0
 11
-0.3663350410079032
 21
0.0250006500000012
 31
0.0
  0
LINE
  5
1431
  8
0
 10
-0.3663350410079032
 20
0.0250006500000012
 30
0.0
 11
-0.3655473010078935
 21
0.0231346199999991
 31
0.0
  0
LINE
  5
1432
  8
0
 10
-0.3655473010078935
 20
0.0231346199999991
 30
0.0
 11
-0.3648214810079082
 21
0.0212128500000063
 31
0.0
  0
LINE
  5
1433
  8
0
 10
-0.3700659610079071
 20
0.0318197999999995
 30
0.0
 11
-0.3690505810079059
 21
0.0302202000000051
 31
0.0
  0
LINE
  5
1434
  8
0
 10
-0.3912791410079023
 20
0.0450000000000017
 30
0.0
 11
-0.3898071010078978
 21
0.0449457000000024
 31
0.0
  0
LINE
  5
1435
  8
0
 10
-0.3898071010078978
 20
0.0449457000000024
 30
0.0
 11
-0.3883386010079049
 21
0.0447834000000029
 31
0.0
  0
LINE
  5
1436
  8
0
 10
-0.3883386010079049
 20
0.0447834000000029
 30
0.0
 11
-0.3868772410078974
 21
0.044512800000004
 31
0.0
  0
LINE
  5
1437
  8
0
 10
-0.3868772410078974
 20
0.044512800000004
 30
0.0
 11
-0.3854264410078939
 21
0.0441354000000018
 31
0.0
  0
LINE
  5
1438
  8
0
 10
-0.3854264410078939
 20
0.0441354000000018
 30
0.0
 11
-0.3839897410079061
 21
0.0436515000000043
 31
0.0
  0
LINE
  5
1439
  8
0
 10
-0.3839897410079061
 20
0.0436515000000043
 30
0.0
 11
-0.3825706210078976
 21
0.0430622999999997
 31
0.0
  0
LINE
  5
143A
  8
0
 10
-0.3825706210078976
 20
0.0430622999999997
 30
0.0
 11
-0.3811724410079079
 21
0.0423696000000007
 31
0.0
  0
LINE
  5
143B
  8
0
 10
-0.3811724410079079
 20
0.0423696000000007
 30
0.0
 11
-0.3797986210079045
 21
0.0415746000000041
 31
0.0
  0
LINE
  5
143C
  8
0
 10
-0.3797986210079045
 20
0.0415746000000041
 30
0.0
 11
-0.378452461007896
 21
0.0406794000000048
 31
0.0
  0
LINE
  5
143D
  8
0
 10
-0.378452461007896
 20
0.0406794000000048
 30
0.0
 11
-0.3771372610078912
 21
0.039686400000005
 31
0.0
  0
LINE
  5
143E
  8
0
 10
-0.3771372610078912
 20
0.039686400000005
 30
0.0
 11
-0.3758560810078961
 21
0.0385976999999997
 31
0.0
  0
LINE
  5
143F
  8
0
 10
-0.3758560810078961
 20
0.0385976999999997
 30
0.0
 11
-0.3746120410078958
 21
0.0374159999999989
 31
0.0
  0
LINE
  5
1440
  8
0
 10
-0.3746120410078958
 20
0.0374159999999989
 30
0.0
 11
-0.3734081410078999
 21
0.0361443000000037
 31
0.0
  0
LINE
  5
1441
  8
0
 10
-0.3734081410078999
 20
0.0361443000000037
 30
0.0
 11
-0.3722473210079044
 21
0.0347856000000064
 31
0.0
  0
LINE
  5
1442
  8
0
 10
-0.3722473210079044
 20
0.0347856000000064
 30
0.0
 11
-0.3711324010078953
 21
0.0333428999999995
 31
0.0
  0
LINE
  5
1443
  8
0
 10
-0.3711324010078953
 20
0.0333428999999995
 30
0.0
 11
-0.3700659610079071
 21
0.0318197999999995
 31
0.0
  0
LINE
  5
1444
  8
0
 10
-0.3942196810078996
 20
0.0447834000000029
 30
0.0
 11
-0.3927511810079067
 21
0.0449457000000024
 31
0.0
  0
LINE
  5
1445
  8
0
 10
-0.3927511810079067
 20
0.0449457000000024
 30
0.0
 11
-0.3912791410079023
 21
0.0450000000000017
 31
0.0
  0
LINE
  5
1446
  8
0
 10
-0.3613152610078998
 20
0.0022080599999981
 30
0.0
 11
-0.3612791410078955
 21
0.0
 31
0.0
  0
LINE
  5
1447
  8
0
 10
-0.3612791410078955
 20
0.0
 30
0.0
 11
-0.3612430210079083
 21
0.0022080599999981
 31
0.0
  0
LINE
  5
1448
  8
0
 10
-0.3599873410078999
 20
-0.0130628099999967
 30
0.0
 11
-0.3603801010078938
 21
-0.0109341000000029
 31
0.0
  0
LINE
  5
1449
  8
0
 10
-0.3583988410079029
 20
-0.0192399899999941
 30
0.0
 11
-0.3589955410078971
 21
-0.0172207499999985
 31
0.0
  0
LINE
  5
144A
  8
0
 10
-0.3589955410078971
 20
-0.0172207499999985
 30
0.0
 11
-0.3595254610078995
 21
-0.0151600500000001
 31
0.0
  0
LINE
  5
144B
  8
0
 10
-0.3595254610078995
 20
-0.0151600500000001
 30
0.0
 11
-0.3599873410078999
 21
-0.0130628099999967
 31
0.0
  0
LINE
  5
144C
  8
0
 10
-0.3612791410078955
 20
0.0
 30
0.0
 11
-0.3613152610078998
 21
-0.0022080599999981
 31
0.0
  0
LINE
  5
144D
  8
0
 10
-0.3613152610078998
 20
-0.0022080599999981
 30
0.0
 11
-0.3614236210078956
 21
-0.0044107799999978
 31
0.0
  0
LINE
  5
144E
  8
0
 10
-0.3614236210078956
 20
-0.0044107799999978
 30
0.0
 11
-0.3616038610079044
 21
-0.006602879999997
 31
0.0
  0
LINE
  5
144F
  8
0
 10
-0.3603801010078938
 20
-0.0109341000000029
 30
0.0
 11
-0.3607027210079081
 21
-0.0087790499999954
 31
0.0
  0
LINE
  5
1450
  8
0
 10
-0.3607027210079081
 20
-0.0087790499999954
 30
0.0
 11
-0.3609544210079036
 21
-0.006602879999997
 31
0.0
  0
LINE
  5
1451
  8
0
 10
-0.3609544210079036
 20
-0.006602879999997
 30
0.0
 11
-0.3611346610078953
 21
-0.0044107799999978
 31
0.0
  0
LINE
  5
1452
  8
0
 10
-0.1812791410079057
 20
-0.0450000000000017
 30
0.0
 11
-0.1812791410079057
 21
0.0450000000000017
 31
0.0
  0
LINE
  5
1453
  8
0
 10
-0.1813151410079001
 20
0.0022080599999981
 30
0.0
 11
-0.1812791410079057
 21
0.0
 31
0.0
  0
LINE
  5
1454
  8
0
 10
-0.1821779410079045
 20
-0.0109341000000029
 30
0.0
 11
-0.1825709410079014
 21
-0.0130628099999967
 31
0.0
  0
LINE
  5
1455
  8
0
 10
-0.1825709410079014
 20
-0.0130628099999967
 30
0.0
 11
-0.1830329410078945
 21
-0.0151600500000001
 31
0.0
  0
LINE
  5
1456
  8
0
 10
-0.1812791410079057
 20
0.0
 30
0.0
 11
-0.1813151410079001
 21
-0.0022080599999981
 31
0.0
  0
LINE
  5
1457
  8
0
 10
-0.1813151410079001
 20
-0.0022080599999981
 30
0.0
 11
-0.1814237410078987
 21
-0.0044107799999978
 31
0.0
  0
LINE
  5
1458
  8
0
 10
-0.1814237410078987
 20
-0.0044107799999978
 30
0.0
 11
-0.1816037410079047
 21
-0.006602879999997
 31
0.0
  0
LINE
  5
1459
  8
0
 10
-0.1816037410079047
 20
-0.006602879999997
 30
0.0
 11
-0.1818557410078994
 21
-0.0087790499999954
 31
0.0
  0
LINE
  5
145A
  8
0
 10
-0.1818557410078994
 20
-0.0087790499999954
 30
0.0
 11
-0.1821779410079045
 21
-0.0109341000000029
 31
0.0
  0
LINE
  5
145B
  8
0
 10
-0.1830329410078945
 20
0.0151600500000001
 30
0.0
 11
-0.1825709410079014
 21
0.0130628100000053
 31
0.0
  0
LINE
  5
145C
  8
0
 10
-0.1825709410079014
 20
0.0130628100000053
 30
0.0
 11
-0.1821779410079045
 21
0.0109341000000029
 31
0.0
  0
LINE
  5
145D
  8
0
 10
-0.1821779410079045
 20
0.0109341000000029
 30
0.0
 11
-0.1818557410078994
 21
0.008779050000004
 31
0.0
  0
LINE
  5
145E
  8
0
 10
-0.1818557410078994
 20
0.008779050000004
 30
0.0
 11
-0.1816037410079047
 21
0.0066028800000055
 31
0.0
  0
LINE
  5
145F
  8
0
 10
-0.1816037410079047
 20
0.0066028800000055
 30
0.0
 11
-0.1814237410078987
 21
0.0044107800000063
 31
0.0
  0
LINE
  5
1460
  8
0
 10
-0.1814237410078987
 20
0.0044107800000063
 30
0.0
 11
-0.1813151410079001
 21
0.0022080599999981
 31
0.0
  0
LINE
  5
1461
  8
0
 10
-0.1830329410078945
 20
-0.0151600500000001
 30
0.0
 11
-0.1835627410079041
 21
-0.0172207499999985
 31
0.0
  0
LINE
  5
1462
  8
0
 10
-0.1835627410079041
 20
0.0172207499999985
 30
0.0
 11
-0.1830329410078945
 21
0.0151600500000001
 31
0.0
  0
LINE
  5
1463
  8
0
 10
-0.3611346610078953
 20
-0.0044107799999978
 30
0.0
 11
-0.3612430210079083
 21
-0.0022080599999981
 31
0.0
  0
LINE
  5
1464
  8
0
 10
-0.3612430210079083
 20
-0.0022080599999981
 30
0.0
 11
-0.3612791410078955
 21
0.0
 31
0.0
  0
LINE
  5
1465
  8
0
 10
-0.3544694410078989
 20
0.0285476999999986
 30
0.0
 11
-0.353507701007902
 21
0.0302202000000051
 31
0.0
  0
LINE
  5
1466
  8
0
 10
-0.3616038610079044
 20
0.0066028800000055
 30
0.0
 11
-0.3614236210078956
 21
0.0044107800000063
 31
0.0
  0
LINE
  5
1467
  8
0
 10
-0.3614236210078956
 20
0.0044107800000063
 30
0.0
 11
-0.3613152610078998
 21
0.0022080599999981
 31
0.0
  0
LINE
  5
1468
  8
0
 10
-0.3612430210079083
 20
0.0022080599999981
 30
0.0
 11
-0.3611346610078953
 21
0.0044107800000063
 31
0.0
  0
LINE
  5
1469
  8
0
 10
-0.3611346610078953
 20
0.0044107800000063
 30
0.0
 11
-0.3609544210079036
 21
0.0066028800000055
 31
0.0
  0
LINE
  5
146A
  8
0
 10
-0.3609544210079036
 20
0.0066028800000055
 30
0.0
 11
-0.3607027210079081
 21
0.008779050000004
 31
0.0
  0
LINE
  5
146B
  8
0
 10
-0.3607027210079081
 20
0.008779050000004
 30
0.0
 11
-0.3603801010078938
 21
0.0109341000000029
 31
0.0
  0
LINE
  5
146C
  8
0
 10
-0.3603801010078938
 20
0.0109341000000029
 30
0.0
 11
-0.3599873410078999
 21
0.0130628100000053
 31
0.0
  0
LINE
  5
146D
  8
0
 10
-0.3599873410078999
 20
0.0130628100000053
 30
0.0
 11
-0.3595254610078995
 21
0.0151600500000001
 31
0.0
  0
LINE
  5
146E
  8
0
 10
-0.3595254610078995
 20
0.0151600500000001
 30
0.0
 11
-0.3589955410078971
 21
0.0172207499999985
 31
0.0
  0
LINE
  5
146F
  8
0
 10
-0.3589955410078971
 20
0.0172207499999985
 30
0.0
 11
-0.3583988410079029
 21
0.0192399900000027
 31
0.0
  0
LINE
  5
1470
  8
0
 10
-0.3583988410079029
 20
0.0192399900000027
 30
0.0
 11
-0.3577368010078998
 21
0.0212128500000063
 31
0.0
  0
LINE
  5
1471
  8
0
 10
-0.3577368010078998
 20
0.0212128500000063
 30
0.0
 11
-0.3570109810078974
 21
0.0231346199999991
 31
0.0
  0
LINE
  5
1472
  8
0
 10
-0.3562232410079047
 20
0.0250006500000012
 30
0.0
 11
-0.3553753810079001
 21
0.0268064700000054
 31
0.0
  0
LINE
  5
1473
  8
0
 10
-0.3553753810079001
 20
0.0268064700000054
 30
0.0
 11
-0.3544694410078989
 21
0.0285476999999986
 31
0.0
  0
LINE
  5
1474
  8
0
 10
-0.3570109810078974
 20
0.0231346199999991
 30
0.0
 11
-0.3562232410079047
 21
0.0250006500000012
 31
0.0
  0
LINE
  5
1475
  8
0
 10
-0.3524923210079009
 20
0.0318197999999995
 30
0.0
 11
-0.3514258810078956
 21
0.0333428999999995
 31
0.0
  0
LINE
  5
1476
  8
0
 10
-0.3514258810078956
 20
0.0333428999999995
 30
0.0
 11
-0.3503109610079036
 21
0.0347856000000064
 31
0.0
  0
LINE
  5
1477
  8
0
 10
-0.3503109610079036
 20
0.0347856000000064
 30
0.0
 11
-0.3491501410079081
 21
0.0361443000000037
 31
0.0
  0
LINE
  5
1478
  8
0
 10
-0.3491501410079081
 20
0.0361443000000037
 30
0.0
 11
-0.3479462410078952
 21
0.0374159999999989
 31
0.0
  0
LINE
  5
1479
  8
0
 10
-0.3479462410078952
 20
0.0374159999999989
 30
0.0
 11
-0.3467022010078948
 21
0.0385976999999997
 31
0.0
  0
LINE
  5
147A
  8
0
 10
-0.3467022010078948
 20
0.0385976999999997
 30
0.0
 11
-0.3454210210078997
 21
0.039686400000005
 31
0.0
  0
LINE
  5
147B
  8
0
 10
-0.3454210210078997
 20
0.039686400000005
 30
0.0
 11
-0.3441058210078949
 21
0.0406794000000048
 31
0.0
  0
LINE
  5
147C
  8
0
 10
-0.3441058210078949
 20
0.0406794000000048
 30
0.0
 11
-0.3427596610079035
 21
0.0415746000000041
 31
0.0
  0
LINE
  5
147D
  8
0
 10
-0.3427596610079035
 20
0.0415746000000041
 30
0.0
 11
-0.3413858410079001
 21
0.0423696000000007
 31
0.0
  0
LINE
  5
147E
  8
0
 10
-0.3413858410079001
 20
0.0423696000000007
 30
0.0
 11
-0.3399876610078933
 21
0.0430622999999997
 31
0.0
  0
LINE
  5
147F
  8
0
 10
-0.3399876610078933
 20
0.0430622999999997
 30
0.0
 11
-0.338568541007902
 21
0.0436515000000043
 31
0.0
  0
LINE
  5
1480
  8
0
 10
-0.353507701007902
 20
0.0302202000000051
 30
0.0
 11
-0.3524923210079009
 21
0.0318197999999995
 31
0.0
  0
LINE
  5
1481
  8
0
 10
-0.3616038610079044
 20
-0.006602879999997
 30
0.0
 11
-0.3618555610078999
 21
-0.0087790499999954
 31
0.0
  0
LINE
  5
1482
  8
0
 10
-0.3618555610078999
 20
0.008779050000004
 30
0.0
 11
-0.3616038610079044
 21
0.0066028800000055
 31
0.0
  0
LINE
  5
1483
  8
0
 10
-0.3041594410078914
 20
-0.0192399899999941
 30
0.0
 11
-0.3048214810078945
 21
-0.0212128499999977
 31
0.0
  0
LINE
  5
1484
  8
0
 10
-0.2977367410079068
 20
-0.0212128499999977
 30
0.0
 11
-0.2983985410079071
 21
-0.0192399899999941
 31
0.0
  0
LINE
  5
1485
  8
0
 10
-0.2785685410079053
 20
-0.0436514999999958
 30
0.0
 11
-0.2799875410079038
 21
-0.0430622999999997
 31
0.0
  0
LINE
  5
1486
  8
0
 10
-0.3122473210079079
 20
-0.0347855999999979
 30
0.0
 11
-0.3134081410079034
 21
-0.0361442999999951
 31
0.0
  0
LINE
  5
1487
  8
0
 10
-0.3134081410079034
 20
-0.0361442999999951
 30
0.0
 11
-0.3146120410078992
 21
-0.0374159999999989
 31
0.0
  0
LINE
  5
1488
  8
0
 10
-0.3146120410078992
 20
-0.0374159999999989
 30
0.0
 11
-0.3158560810078995
 21
-0.0385976999999997
 31
0.0
  0
LINE
  5
1489
  8
0
 10
-0.3158560810078995
 20
-0.0385976999999997
 30
0.0
 11
-0.3171372610078946
 21
-0.0396863999999965
 31
0.0
  0
LINE
  5
148A
  8
0
 10
-0.305547301007897
 20
-0.023134619999999
 30
0.0
 11
-0.3063350410079066
 21
-0.0250006500000012
 31
0.0
  0
LINE
  5
148B
  8
0
 10
-0.3063350410079066
 20
-0.0250006500000012
 30
0.0
 11
-0.3071829010078942
 21
-0.0268064699999968
 31
0.0
  0
LINE
  5
148C
  8
0
 10
-0.3071829010078942
 20
-0.0268064699999968
 30
0.0
 11
-0.3080888410078955
 21
-0.0285476999999986
 31
0.0
  0
LINE
  5
148D
  8
0
 10
-0.3080888410078955
 20
-0.0285476999999986
 30
0.0
 11
-0.3090505810079093
 21
-0.0302201999999966
 31
0.0
  0
LINE
  5
148E
  8
0
 10
-0.3090505810079093
 20
-0.0302201999999966
 30
0.0
 11
-0.3100659610078935
 21
-0.0318197999999995
 31
0.0
  0
LINE
  5
148F
  8
0
 10
-0.3100659610078935
 20
-0.0318197999999995
 30
0.0
 11
-0.3111324010078987
 21
-0.0333428999999995
 31
0.0
  0
LINE
  5
1490
  8
0
 10
-0.3048214810078945
 20
-0.0212128499999977
 30
0.0
 11
-0.305547301007897
 21
-0.023134619999999
 31
0.0
  0
LINE
  5
1491
  8
0
 10
-0.3111324010078987
 20
-0.0333428999999995
 30
0.0
 11
-0.3122473210079079
 21
-0.0347855999999979
 31
0.0
  0
LINE
  5
1492
  8
0
 10
-0.3327511810078931
 20
-0.0449456999999939
 30
0.0
 11
-0.334219681007903
 21
-0.0447833999999943
 31
0.0
  0
LINE
  5
1493
  8
0
 10
-0.3184524610078995
 20
-0.0406793999999962
 30
0.0
 11
-0.3197986210079079
 21
-0.0415745999999956
 31
0.0
  0
LINE
  5
1494
  8
0
 10
-0.3197986210079079
 20
-0.0415745999999956
 30
0.0
 11
-0.3211724410078943
 21
-0.0423696000000007
 31
0.0
  0
LINE
  5
1495
  8
0
 10
-0.3211724410078943
 20
-0.0423696000000007
 30
0.0
 11
-0.3225706210079009
 21
-0.0430622999999997
 31
0.0
  0
LINE
  5
1496
  8
0
 10
-0.3225706210079009
 20
-0.0430622999999997
 30
0.0
 11
-0.3239897410078924
 21
-0.0436514999999958
 31
0.0
  0
LINE
  5
1497
  8
0
 10
-0.3239897410078924
 20
-0.0436514999999958
 30
0.0
 11
-0.3254264410078974
 21
-0.0441354000000018
 31
0.0
  0
LINE
  5
1498
  8
0
 10
-0.3254264410078974
 20
-0.0441354000000018
 30
0.0
 11
-0.3268772410079008
 21
-0.0445127999999954
 31
0.0
  0
LINE
  5
1499
  8
0
 10
-0.3268772410079008
 20
-0.0445127999999954
 30
0.0
 11
-0.3283386010079084
 21
-0.0447833999999943
 31
0.0
  0
LINE
  5
149A
  8
0
 10
-0.3283386010079084
 20
-0.0447833999999943
 30
0.0
 11
-0.3298071010079013
 21
-0.0449456999999939
 31
0.0
  0
LINE
  5
149B
  8
0
 10
-0.3298071010079013
 20
-0.0449456999999939
 30
0.0
 11
-0.3312791410079057
 21
-0.0450000000000017
 31
0.0
  0
LINE
  5
149C
  8
0
 10
-0.3312791410079057
 20
-0.0450000000000017
 30
0.0
 11
-0.3327511810078931
 21
-0.0449456999999939
 31
0.0
  0
LINE
  5
149D
  8
0
 10
-0.334219681007903
 20
-0.0447833999999943
 30
0.0
 11
-0.3356810410078935
 21
-0.0445127999999954
 31
0.0
  0
LINE
  5
149E
  8
0
 10
-0.3171372610078946
 20
-0.0396863999999965
 30
0.0
 11
-0.3184524610078995
 21
-0.0406793999999962
 31
0.0
  0
LINE
  5
149F
  8
0
 10
-0.2962229410079089
 20
-0.0250006500000012
 30
0.0
 11
-0.297010741007898
 21
-0.023134619999999
 31
0.0
  0
LINE
  5
14A0
  8
0
 10
-0.285421141007896
 20
-0.0396863999999965
 30
0.0
 11
-0.2867021410079019
 21
-0.0385976999999997
 31
0.0
  0
LINE
  5
14A1
  8
0
 10
-0.2867021410079019
 20
-0.0385976999999997
 30
0.0
 11
-0.2879465410078978
 21
-0.0374159999999989
 31
0.0
  0
LINE
  5
14A2
  8
0
 10
-0.2879465410078978
 20
-0.0374159999999989
 30
0.0
 11
-0.2891501410078945
 21
-0.0361442999999951
 31
0.0
  0
LINE
  5
14A3
  8
0
 10
-0.2891501410078945
 20
-0.0361442999999951
 30
0.0
 11
-0.2903111410078963
 21
-0.0347855999999979
 31
0.0
  0
LINE
  5
14A4
  8
0
 10
-0.2903111410078963
 20
-0.0347855999999979
 30
0.0
 11
-0.2914259410078954
 21
-0.0333428999999995
 31
0.0
  0
LINE
  5
14A5
  8
0
 10
-0.2914259410078954
 20
-0.0333428999999995
 30
0.0
 11
-0.292492141007898
 21
-0.0318197999999995
 31
0.0
  0
LINE
  5
14A6
  8
0
 10
-0.292492141007898
 20
-0.0318197999999995
 30
0.0
 11
-0.2935079410079083
 21
-0.0302201999999966
 31
0.0
  0
LINE
  5
14A7
  8
0
 10
-0.2935079410079083
 20
-0.0302201999999966
 30
0.0
 11
-0.2944697410079015
 21
-0.0285476999999986
 31
0.0
  0
LINE
  5
14A8
  8
0
 10
-0.2944697410079015
 20
-0.0285476999999986
 30
0.0
 11
-0.2953751410079007
 21
-0.0268064699999968
 31
0.0
  0
LINE
  5
14A9
  8
0
 10
-0.2953751410079007
 20
-0.0268064699999968
 30
0.0
 11
-0.2962229410079089
 21
-0.0250006500000012
 31
0.0
  0
LINE
  5
14AA
  8
0
 10
-0.297010741007898
 20
-0.023134619999999
 30
0.0
 11
-0.2977367410079068
 21
-0.0212128499999977
 31
0.0
  0
LINE
  5
14AB
  8
0
 10
-0.2799875410079038
 20
-0.0430622999999997
 30
0.0
 11
-0.2813855410079042
 21
-0.0423696000000007
 31
0.0
  0
LINE
  5
14AC
  8
0
 10
-0.2813855410079042
 20
-0.0423696000000007
 30
0.0
 11
-0.282759541007897
 21
-0.0415745999999956
 31
0.0
  0
LINE
  5
14AD
  8
0
 10
-0.282759541007897
 20
-0.0415745999999956
 30
0.0
 11
-0.2841059410079083
 21
-0.0406793999999962
 31
0.0
  0
LINE
  5
14AE
  8
0
 10
-0.2841059410079083
 20
-0.0406793999999962
 30
0.0
 11
-0.285421141007896
 21
-0.0396863999999965
 31
0.0
  0
LINE
  5
14AF
  8
0
 10
-0.2799875410079038
 20
0.0430622999999997
 30
0.0
 11
-0.2785685410079053
 21
0.0436515000000043
 31
0.0
  0
LINE
  5
14B0
  8
0
 10
-0.3030328210078949
 20
-0.0151600500000001
 30
0.0
 11
-0.3035627410078972
 21
-0.0172207499999985
 31
0.0
  0
LINE
  5
14B1
  8
0
 10
-0.3035627410078972
 20
0.0172207499999985
 30
0.0
 11
-0.3030328210078949
 21
0.0151600500000001
 31
0.0
  0
LINE
  5
14B2
  8
0
 10
-0.3035627410078972
 20
-0.0172207499999985
 30
0.0
 11
-0.3041594410078914
 21
-0.0192399899999941
 31
0.0
  0
LINE
  5
14B3
  8
0
 10
-0.334219681007903
 20
0.0447834000000029
 30
0.0
 11
-0.3327511810078931
 21
0.0449457000000024
 31
0.0
  0
LINE
  5
14B4
  8
0
 10
-0.3312791410079057
 20
0.0450000000000017
 30
0.0
 11
-0.3298071010079013
 21
0.0449457000000024
 31
0.0
  0
LINE
  5
14B5
  8
0
 10
-0.3298071010079013
 20
0.0449457000000024
 30
0.0
 11
-0.3283386010079084
 21
0.0447834000000029
 31
0.0
  0
LINE
  5
14B6
  8
0
 10
-0.3283386010079084
 20
0.0447834000000029
 30
0.0
 11
-0.3268772410079008
 21
0.044512800000004
 31
0.0
  0
LINE
  5
14B7
  8
0
 10
-0.3268772410079008
 20
0.044512800000004
 30
0.0
 11
-0.3254264410078974
 21
0.0441354000000018
 31
0.0
  0
LINE
  5
14B8
  8
0
 10
-0.3254264410078974
 20
0.0441354000000018
 30
0.0
 11
-0.3239897410078924
 21
0.0436515000000043
 31
0.0
  0
LINE
  5
14B9
  8
0
 10
-0.3239897410078924
 20
0.0436515000000043
 30
0.0
 11
-0.3225706210079009
 21
0.0430622999999997
 31
0.0
  0
LINE
  5
14BA
  8
0
 10
-0.3225706210079009
 20
0.0430622999999997
 30
0.0
 11
-0.3211724410078943
 21
0.0423696000000007
 31
0.0
  0
LINE
  5
14BB
  8
0
 10
-0.3211724410078943
 20
0.0423696000000007
 30
0.0
 11
-0.3197986210079079
 21
0.0415746000000041
 31
0.0
  0
LINE
  5
14BC
  8
0
 10
-0.3197986210079079
 20
0.0415746000000041
 30
0.0
 11
-0.3184524610078995
 21
0.0406794000000048
 31
0.0
  0
LINE
  5
14BD
  8
0
 10
-0.3184524610078995
 20
0.0406794000000048
 30
0.0
 11
-0.3171372610078946
 21
0.039686400000005
 31
0.0
  0
LINE
  5
14BE
  8
0
 10
-0.3171372610078946
 20
0.039686400000005
 30
0.0
 11
-0.3158560810078995
 21
0.0385976999999997
 31
0.0
  0
LINE
  5
14BF
  8
0
 10
-0.3158560810078995
 20
0.0385976999999997
 30
0.0
 11
-0.3146120410078992
 21
0.0374159999999989
 31
0.0
  0
LINE
  5
14C0
  8
0
 10
-0.3146120410078992
 20
0.0374159999999989
 30
0.0
 11
-0.3134081410079034
 21
0.0361443000000037
 31
0.0
  0
LINE
  5
14C1
  8
0
 10
-0.3134081410079034
 20
0.0361443000000037
 30
0.0
 11
-0.3122473210079079
 21
0.0347856000000064
 31
0.0
  0
LINE
  5
14C2
  8
0
 10
-0.3327511810078931
 20
0.0449457000000024
 30
0.0
 11
-0.3312791410079057
 21
0.0450000000000017
 31
0.0
  0
LINE
  5
14C3
  8
0
 10
-0.3356810410078935
 20
0.044512800000004
 30
0.0
 11
-0.334219681007903
 21
0.0447834000000029
 31
0.0
  0
LINE
  5
14C4
  8
0
 10
-0.3090505810079093
 20
0.0302202000000051
 30
0.0
 11
-0.3080888410078955
 21
0.0285476999999986
 31
0.0
  0
LINE
  5
14C5
  8
0
 10
-0.3080888410078955
 20
0.0285476999999986
 30
0.0
 11
-0.3071829010078942
 21
0.0268064700000054
 31
0.0
  0
LINE
  5
14C6
  8
0
 10
-0.3071829010078942
 20
0.0268064700000054
 30
0.0
 11
-0.3063350410079066
 21
0.0250006500000012
 31
0.0
  0
LINE
  5
14C7
  8
0
 10
-0.3063350410079066
 20
0.0250006500000012
 30
0.0
 11
-0.305547301007897
 21
0.0231346199999991
 31
0.0
  0
LINE
  5
14C8
  8
0
 10
-0.305547301007897
 20
0.0231346199999991
 30
0.0
 11
-0.3048214810078945
 21
0.0212128500000063
 31
0.0
  0
LINE
  5
14C9
  8
0
 10
-0.3048214810078945
 20
0.0212128500000063
 30
0.0
 11
-0.3041594410078914
 21
0.0192399900000027
 31
0.0
  0
LINE
  5
14CA
  8
0
 10
-0.3041594410078914
 20
0.0192399900000027
 30
0.0
 11
-0.3035627410078972
 21
0.0172207499999985
 31
0.0
  0
LINE
  5
14CB
  8
0
 10
-0.3111324010078987
 20
0.0333428999999995
 30
0.0
 11
-0.3100659610078935
 21
0.0318197999999995
 31
0.0
  0
LINE
  5
14CC
  8
0
 10
-0.3100659610078935
 20
0.0318197999999995
 30
0.0
 11
-0.3090505810079093
 21
0.0302202000000051
 31
0.0
  0
LINE
  5
14CD
  8
0
 10
-0.3122473210079079
 20
0.0347856000000064
 30
0.0
 11
-0.3111324010078987
 21
0.0333428999999995
 31
0.0
  0
LINE
  5
14CE
  8
0
 10
-0.3013152610079032
 20
0.0022080599999981
 30
0.0
 11
-0.3012791410078988
 21
0.0
 31
0.0
  0
LINE
  5
14CF
  8
0
 10
-0.3012791410078988
 20
0.0
 30
0.0
 11
-0.3012431410079046
 21
0.0022080599999981
 31
0.0
  0
LINE
  5
14D0
  8
0
 10
-0.2989955410079005
 20
-0.0172207499999985
 30
0.0
 11
-0.2995253410078931
 21
-0.0151600500000001
 31
0.0
  0
LINE
  5
14D1
  8
0
 10
-0.2983985410079071
 20
-0.0192399899999941
 30
0.0
 11
-0.2989955410079005
 21
-0.0172207499999985
 31
0.0
  0
LINE
  5
14D2
  8
0
 10
-0.3021781810079005
 20
-0.0109341000000029
 30
0.0
 11
-0.3025709410078945
 21
-0.0130628099999967
 31
0.0
  0
LINE
  5
14D3
  8
0
 10
-0.2999873410079032
 20
-0.0130628099999967
 30
0.0
 11
-0.3003803410079
 21
-0.0109341000000029
 31
0.0
  0
LINE
  5
14D4
  8
0
 10
-0.3025709410078945
 20
-0.0130628099999967
 30
0.0
 11
-0.3030328210078949
 21
-0.0151600500000001
 31
0.0
  0
LINE
  5
14D5
  8
0
 10
-0.2995253410078931
 20
-0.0151600500000001
 30
0.0
 11
-0.2999873410079032
 21
-0.0130628099999967
 31
0.0
  0
LINE
  5
14D6
  8
0
 10
-0.3012791410078988
 20
0.0
 30
0.0
 11
-0.3013152610079032
 21
-0.0022080599999981
 31
0.0
  0
LINE
  5
14D7
  8
0
 10
-0.3013152610079032
 20
-0.0022080599999981
 30
0.0
 11
-0.3014236210078991
 21
-0.0044107799999978
 31
0.0
  0
LINE
  5
14D8
  8
0
 10
-0.3014236210078991
 20
-0.0044107799999978
 30
0.0
 11
-0.3016038610079078
 21
-0.006602879999997
 31
0.0
  0
LINE
  5
14D9
  8
0
 10
-0.3016038610079078
 20
-0.006602879999997
 30
0.0
 11
-0.3018555610079033
 21
-0.0087790499999954
 31
0.0
  0
LINE
  5
14DA
  8
0
 10
-0.3018555610079033
 20
-0.0087790499999954
 30
0.0
 11
-0.3021781810079005
 21
-0.0109341000000029
 31
0.0
  0
LINE
  5
14DB
  8
0
 10
-0.3003803410079
 20
-0.0109341000000029
 30
0.0
 11
-0.3007025410079052
 21
-0.0087790499999954
 31
0.0
  0
LINE
  5
14DC
  8
0
 10
-0.3007025410079052
 20
-0.0087790499999954
 30
0.0
 11
-0.3009545410078998
 21
-0.006602879999997
 31
0.0
  0
LINE
  5
14DD
  8
0
 10
-0.3009545410078998
 20
-0.006602879999997
 30
0.0
 11
-0.3011345410079058
 21
-0.0044107799999978
 31
0.0
  0
LINE
  5
14DE
  8
0
 10
-0.3011345410079058
 20
-0.0044107799999978
 30
0.0
 11
-0.3012431410079046
 21
-0.0022080599999981
 31
0.0
  0
LINE
  5
14DF
  8
0
 10
-0.3012431410079046
 20
-0.0022080599999981
 30
0.0
 11
-0.3012791410078988
 21
0.0
 31
0.0
  0
LINE
  5
14E0
  8
0
 10
-0.2995253410078931
 20
0.0151600500000001
 30
0.0
 11
-0.2989955410079005
 21
0.0172207499999985
 31
0.0
  0
LINE
  5
14E1
  8
0
 10
-0.2944697410079015
 20
0.0285476999999986
 30
0.0
 11
-0.2935079410079083
 21
0.0302202000000051
 31
0.0
  0
LINE
  5
14E2
  8
0
 10
-0.2989955410079005
 20
0.0172207499999985
 30
0.0
 11
-0.2983985410079071
 21
0.0192399900000027
 31
0.0
  0
LINE
  5
14E3
  8
0
 10
-0.2983985410079071
 20
0.0192399900000027
 30
0.0
 11
-0.2977367410079068
 21
0.0212128500000063
 31
0.0
  0
LINE
  5
14E4
  8
0
 10
-0.2977367410079068
 20
0.0212128500000063
 30
0.0
 11
-0.297010741007898
 21
0.0231346199999991
 31
0.0
  0
LINE
  5
14E5
  8
0
 10
-0.297010741007898
 20
0.0231346199999991
 30
0.0
 11
-0.2962229410079089
 21
0.0250006500000012
 31
0.0
  0
LINE
  5
14E6
  8
0
 10
-0.2962229410079089
 20
0.0250006500000012
 30
0.0
 11
-0.2953751410079007
 21
0.0268064700000054
 31
0.0
  0
LINE
  5
14E7
  8
0
 10
-0.2953751410079007
 20
0.0268064700000054
 30
0.0
 11
-0.2944697410079015
 21
0.0285476999999986
 31
0.0
  0
LINE
  5
14E8
  8
0
 10
-0.2935079410079083
 20
0.0302202000000051
 30
0.0
 11
-0.292492141007898
 21
0.0318197999999995
 31
0.0
  0
LINE
  5
14E9
  8
0
 10
-0.292492141007898
 20
0.0318197999999995
 30
0.0
 11
-0.2914259410078954
 21
0.0333428999999995
 31
0.0
  0
LINE
  5
14EA
  8
0
 10
-0.2914259410078954
 20
0.0333428999999995
 30
0.0
 11
-0.2903111410078963
 21
0.0347856000000064
 31
0.0
  0
LINE
  5
14EB
  8
0
 10
-0.2903111410078963
 20
0.0347856000000064
 30
0.0
 11
-0.2891501410078945
 21
0.0361443000000037
 31
0.0
  0
LINE
  5
14EC
  8
0
 10
-0.2891501410078945
 20
0.0361443000000037
 30
0.0
 11
-0.2879465410078978
 21
0.0374159999999989
 31
0.0
  0
LINE
  5
14ED
  8
0
 10
-0.2879465410078978
 20
0.0374159999999989
 30
0.0
 11
-0.2867021410079019
 21
0.0385976999999997
 31
0.0
  0
LINE
  5
14EE
  8
0
 10
-0.2867021410079019
 20
0.0385976999999997
 30
0.0
 11
-0.285421141007896
 21
0.039686400000005
 31
0.0
  0
LINE
  5
14EF
  8
0
 10
-0.285421141007896
 20
0.039686400000005
 30
0.0
 11
-0.2841059410079083
 21
0.0406794000000048
 31
0.0
  0
LINE
  5
14F0
  8
0
 10
-0.2841059410079083
 20
0.0406794000000048
 30
0.0
 11
-0.282759541007897
 21
0.0415746000000041
 31
0.0
  0
LINE
  5
14F1
  8
0
 10
-0.282759541007897
 20
0.0415746000000041
 30
0.0
 11
-0.2813855410079042
 21
0.0423696000000007
 31
0.0
  0
LINE
  5
14F2
  8
0
 10
-0.2813855410079042
 20
0.0423696000000007
 30
0.0
 11
-0.2799875410079038
 21
0.0430622999999997
 31
0.0
  0
LINE
  5
14F3
  8
0
 10
-0.3030328210078949
 20
0.0151600500000001
 30
0.0
 11
-0.3025709410078945
 21
0.0130628100000053
 31
0.0
  0
LINE
  5
14F4
  8
0
 10
-0.3025709410078945
 20
0.0130628100000053
 30
0.0
 11
-0.3021781810079005
 21
0.0109341000000029
 31
0.0
  0
LINE
  5
14F5
  8
0
 10
-0.3021781810079005
 20
0.0109341000000029
 30
0.0
 11
-0.3018555610079033
 21
0.008779050000004
 31
0.0
  0
LINE
  5
14F6
  8
0
 10
-0.3018555610079033
 20
0.008779050000004
 30
0.0
 11
-0.3016038610079078
 21
0.0066028800000055
 31
0.0
  0
LINE
  5
14F7
  8
0
 10
-0.3016038610079078
 20
0.0066028800000055
 30
0.0
 11
-0.3014236210078991
 21
0.0044107800000063
 31
0.0
  0
LINE
  5
14F8
  8
0
 10
-0.3014236210078991
 20
0.0044107800000063
 30
0.0
 11
-0.3013152610079032
 21
0.0022080599999981
 31
0.0
  0
LINE
  5
14F9
  8
0
 10
-0.3012431410079046
 20
0.0022080599999981
 30
0.0
 11
-0.3011345410079058
 21
0.0044107800000063
 31
0.0
  0
LINE
  5
14FA
  8
0
 10
-0.3011345410079058
 20
0.0044107800000063
 30
0.0
 11
-0.3009545410078998
 21
0.0066028800000055
 31
0.0
  0
LINE
  5
14FB
  8
0
 10
-0.3009545410078998
 20
0.0066028800000055
 30
0.0
 11
-0.3007025410079052
 21
0.008779050000004
 31
0.0
  0
LINE
  5
14FC
  8
0
 10
-0.3007025410079052
 20
0.008779050000004
 30
0.0
 11
-0.3003803410079
 21
0.0109341000000029
 31
0.0
  0
LINE
  5
14FD
  8
0
 10
-0.3003803410079
 20
0.0109341000000029
 30
0.0
 11
-0.2999873410079032
 21
0.0130628100000053
 31
0.0
  0
LINE
  5
14FE
  8
0
 10
-0.2999873410079032
 20
0.0130628100000053
 30
0.0
 11
-0.2995253410078931
 21
0.0151600500000001
 31
0.0
  0
LINE
  5
14FF
  8
0
 10
-0.3356810410078935
 20
-0.0445127999999954
 30
0.0
 11
-0.3371318410078969
 21
-0.0441354000000018
 31
0.0
  0
LINE
  5
1500
  8
0
 10
-0.3371318410078969
 20
0.0441354000000018
 30
0.0
 11
-0.3356810410078935
 21
0.044512800000004
 31
0.0
  0
LINE
  5
1501
  8
0
 10
-0.244159741007894
 20
-0.0192399899999941
 30
0.0
 11
-0.2448215410078944
 21
-0.0212128499999977
 31
0.0
  0
LINE
  5
1502
  8
0
 10
-0.2377367410078932
 20
-0.0212128499999977
 30
0.0
 11
-0.2383985410078934
 21
-0.0192399899999941
 31
0.0
  0
LINE
  5
1503
  8
0
 10
-0.2199875410079073
 20
-0.0430622999999997
 30
0.0
 11
-0.2213855410079077
 21
-0.0423696000000007
 31
0.0
  0
LINE
  5
1504
  8
0
 10
-0.2756813410078962
 20
-0.0445127999999954
 30
0.0
 11
-0.2771321410078996
 21
-0.0441354000000018
 31
0.0
  0
LINE
  5
1505
  8
0
 10
-0.2455475410079031
 20
-0.023134619999999
 30
0.0
 11
-0.2463353410079093
 21
-0.0250006500000012
 31
0.0
  0
LINE
  5
1506
  8
0
 10
-0.2463353410079093
 20
-0.0250006500000012
 30
0.0
 11
-0.2471831410079004
 21
-0.0268064699999968
 31
0.0
  0
LINE
  5
1507
  8
0
 10
-0.2471831410079004
 20
-0.0268064699999968
 30
0.0
 11
-0.2480885410078997
 21
-0.0285476999999986
 31
0.0
  0
LINE
  5
1508
  8
0
 10
-0.2480885410078997
 20
-0.0285476999999986
 30
0.0
 11
-0.2490503410078929
 21
-0.0302201999999966
 31
0.0
  0
LINE
  5
1509
  8
0
 10
-0.2490503410078929
 20
-0.0302201999999966
 30
0.0
 11
-0.2500661410079032
 21
-0.0318197999999995
 31
0.0
  0
LINE
  5
150A
  8
0
 10
-0.2500661410079032
 20
-0.0318197999999995
 30
0.0
 11
-0.2511323410079057
 21
-0.0333428999999995
 31
0.0
  0
LINE
  5
150B
  8
0
 10
-0.2511323410079057
 20
-0.0333428999999995
 30
0.0
 11
-0.2522471410079049
 21
-0.0347855999999979
 31
0.0
  0
LINE
  5
150C
  8
0
 10
-0.2522471410079049
 20
-0.0347855999999979
 30
0.0
 11
-0.2534081410079068
 21
-0.0361442999999951
 31
0.0
  0
LINE
  5
150D
  8
0
 10
-0.2534081410079068
 20
-0.0361442999999951
 30
0.0
 11
-0.2546117410079034
 21
-0.0374159999999989
 31
0.0
  0
LINE
  5
150E
  8
0
 10
-0.2546117410079034
 20
-0.0374159999999989
 30
0.0
 11
-0.2558561410078993
 21
-0.0385976999999997
 31
0.0
  0
LINE
  5
150F
  8
0
 10
-0.2558561410078993
 20
-0.0385976999999997
 30
0.0
 11
-0.2571371410079052
 21
-0.0396863999999965
 31
0.0
  0
LINE
  5
1510
  8
0
 10
-0.2448215410078944
 20
-0.0212128499999977
 30
0.0
 11
-0.2455475410079031
 21
-0.023134619999999
 31
0.0
  0
LINE
  5
1511
  8
0
 10
-0.2625707410078973
 20
-0.0430622999999997
 30
0.0
 11
-0.2639897410078958
 21
-0.0436514999999958
 31
0.0
  0
LINE
  5
1512
  8
0
 10
-0.261172741007897
 20
-0.0423696000000007
 30
0.0
 11
-0.2625707410078973
 21
-0.0430622999999997
 31
0.0
  0
LINE
  5
1513
  8
0
 10
-0.2584523410078929
 20
-0.0406793999999962
 30
0.0
 11
-0.2597987410079042
 21
-0.0415745999999956
 31
0.0
  0
LINE
  5
1514
  8
0
 10
-0.2597987410079042
 20
-0.0415745999999956
 30
0.0
 11
-0.261172741007897
 21
-0.0423696000000007
 31
0.0
  0
LINE
  5
1515
  8
0
 10
-0.2639897410078958
 20
-0.0436514999999958
 30
0.0
 11
-0.2654261410079015
 21
-0.0441354000000018
 31
0.0
  0
LINE
  5
1516
  8
0
 10
-0.2654261410079015
 20
-0.0441354000000018
 30
0.0
 11
-0.266876941007905
 21
-0.0445127999999954
 31
0.0
  0
LINE
  5
1517
  8
0
 10
-0.266876941007905
 20
-0.0445127999999954
 30
0.0
 11
-0.2683385410078983
 21
-0.0447833999999943
 31
0.0
  0
LINE
  5
1518
  8
0
 10
-0.2683385410078983
 20
-0.0447833999999943
 30
0.0
 11
-0.2698073410079075
 21
-0.0449456999999939
 31
0.0
  0
LINE
  5
1519
  8
0
 10
-0.2698073410079075
 20
-0.0449456999999939
 30
0.0
 11
-0.2712791410079091
 21
-0.0450000000000017
 31
0.0
  0
LINE
  5
151A
  8
0
 10
-0.2712791410079091
 20
-0.0450000000000017
 30
0.0
 11
-0.2727509410078936
 21
-0.0449456999999939
 31
0.0
  0
LINE
  5
151B
  8
0
 10
-0.2727509410078936
 20
-0.0449456999999939
 30
0.0
 11
-0.2742197410079028
 21
-0.0447833999999943
 31
0.0
  0
LINE
  5
151C
  8
0
 10
-0.2742197410079028
 20
-0.0447833999999943
 30
0.0
 11
-0.2756813410078962
 21
-0.0445127999999954
 31
0.0
  0
LINE
  5
151D
  8
0
 10
-0.2571371410079052
 20
-0.0396863999999965
 30
0.0
 11
-0.2584523410078929
 21
-0.0406793999999962
 31
0.0
  0
LINE
  5
151E
  8
0
 10
-0.2279465410079012
 20
-0.0374159999999989
 30
0.0
 11
-0.2291501410078979
 21
-0.0361442999999951
 31
0.0
  0
LINE
  5
151F
  8
0
 10
-0.2254211410078994
 20
-0.0396863999999965
 30
0.0
 11
-0.2267021410079053
 21
-0.0385976999999997
 31
0.0
  0
LINE
  5
1520
  8
0
 10
-0.2267021410079053
 20
-0.0385976999999997
 30
0.0
 11
-0.2279465410079012
 21
-0.0374159999999989
 31
0.0
  0
LINE
  5
1521
  8
0
 10
-0.2362229410078953
 20
-0.0250006500000012
 30
0.0
 11
-0.2370107410079014
 21
-0.023134619999999
 31
0.0
  0
LINE
  5
1522
  8
0
 10
-0.2335079410078947
 20
-0.0302201999999966
 30
0.0
 11
-0.2335079410078947
 21
-0.0302201999999966
 31
0.0
  0
LINE
  5
1523
  8
0
 10
-0.2291501410078979
 20
-0.0361442999999951
 30
0.0
 11
-0.2303111410078997
 21
-0.0347855999999979
 31
0.0
  0
LINE
  5
1524
  8
0
 10
-0.2303111410078997
 20
-0.0347855999999979
 30
0.0
 11
-0.2314259410078988
 21
-0.0333428999999995
 31
0.0
  0
LINE
  5
1525
  8
0
 10
-0.2314259410078988
 20
-0.0333428999999995
 30
0.0
 11
-0.2324921410079014
 21
-0.0318197999999995
 31
0.0
  0
LINE
  5
1526
  8
0
 10
-0.2324921410079014
 20
-0.0318197999999995
 30
0.0
 11
-0.2335079410078947
 21
-0.0302201999999966
 31
0.0
  0
LINE
  5
1527
  8
0
 10
-0.2344697410079049
 20
-0.0285476999999986
 30
0.0
 11
-0.2353751410079041
 21
-0.0268064699999968
 31
0.0
  0
LINE
  5
1528
  8
0
 10
-0.2353751410079041
 20
-0.0268064699999968
 30
0.0
 11
-0.2362229410078953
 21
-0.0250006500000012
 31
0.0
  0
LINE
  5
1529
  8
0
 10
-0.2370107410079014
 20
-0.023134619999999
 30
0.0
 11
-0.2377367410078932
 21
-0.0212128499999977
 31
0.0
  0
LINE
  5
152A
  8
0
 10
-0.2241059410078946
 20
-0.0406793999999962
 30
0.0
 11
-0.2254211410078994
 21
-0.0396863999999965
 31
0.0
  0
LINE
  5
152B
  8
0
 10
-0.2213855410079077
 20
-0.0423696000000007
 30
0.0
 11
-0.2227595410079004
 21
-0.0415745999999956
 31
0.0
  0
LINE
  5
152C
  8
0
 10
-0.2227595410079004
 20
-0.0415745999999956
 30
0.0
 11
-0.2241059410078946
 21
-0.0406793999999962
 31
0.0
  0
LINE
  5
152D
  8
0
 10
-0.2213855410079077
 20
0.0423696000000007
 30
0.0
 11
-0.2199875410079073
 21
0.0430622999999997
 31
0.0
  0
LINE
  5
152E
  8
0
 10
-0.2291501410078979
 20
0.0361443000000037
 30
0.0
 11
-0.2279465410079012
 21
0.0374159999999989
 31
0.0
  0
LINE
  5
152F
  8
0
 10
-0.2279465410079012
 20
0.0374159999999989
 30
0.0
 11
-0.2267021410079053
 21
0.0385976999999997
 31
0.0
  0
LINE
  5
1530
  8
0
 10
-0.2267021410079053
 20
0.0385976999999997
 30
0.0
 11
-0.2254211410078994
 21
0.039686400000005
 31
0.0
  0
LINE
  5
1531
  8
0
 10
-0.2254211410078994
 20
0.039686400000005
 30
0.0
 11
-0.2241059410078946
 21
0.0406794000000048
 31
0.0
  0
LINE
  5
1532
  8
0
 10
-0.2335079410078947
 20
0.0302202000000051
 30
0.0
 11
-0.2324921410079014
 21
0.0318197999999995
 31
0.0
  0
LINE
  5
1533
  8
0
 10
-0.2324921410079014
 20
0.0318197999999995
 30
0.0
 11
-0.2314259410078988
 21
0.0333428999999995
 31
0.0
  0
LINE
  5
1534
  8
0
 10
-0.2314259410078988
 20
0.0333428999999995
 30
0.0
 11
-0.2303111410078997
 21
0.0347856000000064
 31
0.0
  0
LINE
  5
1535
  8
0
 10
-0.2303111410078997
 20
0.0347856000000064
 30
0.0
 11
-0.2291501410078979
 21
0.0361443000000037
 31
0.0
  0
LINE
  5
1536
  8
0
 10
-0.2227595410079004
 20
0.0415746000000041
 30
0.0
 11
-0.2213855410079077
 21
0.0423696000000007
 31
0.0
  0
LINE
  5
1537
  8
0
 10
-0.2241059410078946
 20
0.0406794000000048
 30
0.0
 11
-0.2227595410079004
 21
0.0415746000000041
 31
0.0
  0
LINE
  5
1538
  8
0
 10
-0.2448215410078944
 20
0.0212128500000063
 30
0.0
 11
-0.244159741007894
 21
0.0192399900000027
 31
0.0
  0
LINE
  5
1539
  8
0
 10
-0.2771321410078996
 20
0.0441354000000018
 30
0.0
 11
-0.2756813410078962
 21
0.044512800000004
 31
0.0
  0
LINE
  5
153A
  8
0
 10
-0.2490503410078929
 20
0.0302202000000051
 30
0.0
 11
-0.2480885410078997
 21
0.0285476999999986
 31
0.0
  0
LINE
  5
153B
  8
0
 10
-0.2480885410078997
 20
0.0285476999999986
 30
0.0
 11
-0.2471831410079004
 21
0.0268064700000054
 31
0.0
  0
LINE
  5
153C
  8
0
 10
-0.2471831410079004
 20
0.0268064700000054
 30
0.0
 11
-0.2463353410079093
 21
0.0250006500000012
 31
0.0
  0
LINE
  5
153D
  8
0
 10
-0.2463353410079093
 20
0.0250006500000012
 30
0.0
 11
-0.2455475410079031
 21
0.0231346199999991
 31
0.0
  0
LINE
  5
153E
  8
0
 10
-0.2455475410079031
 20
0.0231346199999991
 30
0.0
 11
-0.2448215410078944
 21
0.0212128500000063
 31
0.0
  0
LINE
  5
153F
  8
0
 10
-0.2639897410078958
 20
0.0436515000000043
 30
0.0
 11
-0.2625707410078973
 21
0.0430622999999997
 31
0.0
  0
LINE
  5
1540
  8
0
 10
-0.2625707410078973
 20
0.0430622999999997
 30
0.0
 11
-0.261172741007897
 21
0.0423696000000007
 31
0.0
  0
LINE
  5
1541
  8
0
 10
-0.261172741007897
 20
0.0423696000000007
 30
0.0
 11
-0.2597987410079042
 21
0.0415746000000041
 31
0.0
  0
LINE
  5
1542
  8
0
 10
-0.2597987410079042
 20
0.0415746000000041
 30
0.0
 11
-0.2584523410078929
 21
0.0406794000000048
 31
0.0
  0
LINE
  5
1543
  8
0
 10
-0.2584523410078929
 20
0.0406794000000048
 30
0.0
 11
-0.2571371410079052
 21
0.039686400000005
 31
0.0
  0
LINE
  5
1544
  8
0
 10
-0.2571371410079052
 20
0.039686400000005
 30
0.0
 11
-0.2558561410078993
 21
0.0385976999999997
 31
0.0
  0
LINE
  5
1545
  8
0
 10
-0.2558561410078993
 20
0.0385976999999997
 30
0.0
 11
-0.2546117410079034
 21
0.0374159999999989
 31
0.0
  0
LINE
  5
1546
  8
0
 10
-0.2546117410079034
 20
0.0374159999999989
 30
0.0
 11
-0.2534081410079068
 21
0.0361443000000037
 31
0.0
  0
LINE
  5
1547
  8
0
 10
-0.2534081410079068
 20
0.0361443000000037
 30
0.0
 11
-0.2522471410079049
 21
0.0347856000000064
 31
0.0
  0
LINE
  5
1548
  8
0
 10
-0.2522471410079049
 20
0.0347856000000064
 30
0.0
 11
-0.2511323410079057
 21
0.0333428999999995
 31
0.0
  0
LINE
  5
1549
  8
0
 10
-0.2511323410079057
 20
0.0333428999999995
 30
0.0
 11
-0.2500661410079032
 21
0.0318197999999995
 31
0.0
  0
LINE
  5
154A
  8
0
 10
-0.2500661410079032
 20
0.0318197999999995
 30
0.0
 11
-0.2490503410078929
 21
0.0302202000000051
 31
0.0
  0
LINE
  5
154B
  8
0
 10
-0.2712791410079091
 20
0.0450000000000017
 30
0.0
 11
-0.2698073410079075
 21
0.0449457000000024
 31
0.0
  0
LINE
  5
154C
  8
0
 10
-0.2698073410079075
 20
0.0449457000000024
 30
0.0
 11
-0.2683385410078983
 21
0.0447834000000029
 31
0.0
  0
LINE
  5
154D
  8
0
 10
-0.2683385410078983
 20
0.0447834000000029
 30
0.0
 11
-0.266876941007905
 21
0.044512800000004
 31
0.0
  0
LINE
  5
154E
  8
0
 10
-0.266876941007905
 20
0.044512800000004
 30
0.0
 11
-0.2654261410079015
 21
0.0441354000000018
 31
0.0
  0
LINE
  5
154F
  8
0
 10
-0.2654261410079015
 20
0.0441354000000018
 30
0.0
 11
-0.2639897410078958
 21
0.0436515000000043
 31
0.0
  0
LINE
  5
1550
  8
0
 10
-0.2756813410078962
 20
0.044512800000004
 30
0.0
 11
-0.2742197410079028
 21
0.0447834000000029
 31
0.0
  0
LINE
  5
1551
  8
0
 10
-0.2742197410079028
 20
0.0447834000000029
 30
0.0
 11
-0.2727509410078936
 21
0.0449457000000024
 31
0.0
  0
LINE
  5
1552
  8
0
 10
-0.2727509410078936
 20
0.0449457000000024
 30
0.0
 11
-0.2712791410079091
 21
0.0450000000000017
 31
0.0
  0
LINE
  5
1553
  8
0
 10
-0.2412791410079023
 20
0.0
 30
0.0
 11
-0.2412431410079079
 21
0.0022080599999981
 31
0.0
  0
LINE
  5
1554
  8
0
 10
-0.2413151410078967
 20
0.0022080599999981
 30
0.0
 11
-0.2412791410079023
 21
0.0
 31
0.0
  0
LINE
  5
1555
  8
0
 10
-0.2399873410079067
 20
-0.0130628099999967
 30
0.0
 11
-0.2403803410079035
 21
-0.0109341000000029
 31
0.0
  0
LINE
  5
1556
  8
0
 10
-0.2421779410079011
 20
-0.0109341000000029
 30
0.0
 11
-0.2425709410078979
 21
-0.0130628099999967
 31
0.0
  0
LINE
  5
1557
  8
0
 10
-0.2383985410078934
 20
-0.0192399899999941
 30
0.0
 11
-0.2389955410079039
 21
-0.0172207499999985
 31
0.0
  0
LINE
  5
1558
  8
0
 10
-0.2389955410079039
 20
-0.0172207499999985
 30
0.0
 11
-0.2395253410078964
 21
-0.0151600500000001
 31
0.0
  0
LINE
  5
1559
  8
0
 10
-0.2395253410078964
 20
-0.0151600500000001
 30
0.0
 11
-0.2399873410079067
 21
-0.0130628099999967
 31
0.0
  0
LINE
  5
155A
  8
0
 10
-0.2425709410078979
 20
-0.0130628099999967
 30
0.0
 11
-0.2430329410078911
 21
-0.0151600500000001
 31
0.0
  0
LINE
  5
155B
  8
0
 10
-0.2430329410078911
 20
-0.0151600500000001
 30
0.0
 11
-0.2435627410079007
 21
-0.0172207499999985
 31
0.0
  0
LINE
  5
155C
  8
0
 10
-0.2435627410079007
 20
-0.0172207499999985
 30
0.0
 11
-0.244159741007894
 21
-0.0192399899999941
 31
0.0
  0
LINE
  5
155D
  8
0
 10
-0.2403803410079035
 20
-0.0109341000000029
 30
0.0
 11
-0.2407025410079085
 21
-0.0087790499999954
 31
0.0
  0
LINE
  5
155E
  8
0
 10
-0.2407025410079085
 20
-0.0087790499999954
 30
0.0
 11
-0.2409545410079033
 21
-0.006602879999997
 31
0.0
  0
LINE
  5
155F
  8
0
 10
-0.2409545410079033
 20
-0.006602879999997
 30
0.0
 11
-0.2411345410078922
 21
-0.0044107799999978
 31
0.0
  0
LINE
  5
1560
  8
0
 10
-0.2411345410078922
 20
-0.0044107799999978
 30
0.0
 11
-0.2412431410079079
 21
-0.0022080599999981
 31
0.0
  0
LINE
  5
1561
  8
0
 10
-0.2412431410079079
 20
-0.0022080599999981
 30
0.0
 11
-0.2412791410079023
 21
0.0
 31
0.0
  0
LINE
  5
1562
  8
0
 10
-0.2412791410079023
 20
0.0
 30
0.0
 11
-0.2413151410078967
 21
-0.0022080599999981
 31
0.0
  0
LINE
  5
1563
  8
0
 10
-0.2413151410078967
 20
-0.0022080599999981
 30
0.0
 11
-0.2414237410078953
 21
-0.0044107799999978
 31
0.0
  0
LINE
  5
1564
  8
0
 10
-0.2414237410078953
 20
-0.0044107799999978
 30
0.0
 11
-0.2416037410079013
 21
-0.006602879999997
 31
0.0
  0
LINE
  5
1565
  8
0
 10
-0.2416037410079013
 20
-0.006602879999997
 30
0.0
 11
-0.241855741007896
 21
-0.0087790499999954
 31
0.0
  0
LINE
  5
1566
  8
0
 10
-0.241855741007896
 20
-0.0087790499999954
 30
0.0
 11
-0.2421779410079011
 21
-0.0109341000000029
 31
0.0
  0
LINE
  5
1567
  8
0
 10
-0.2344697410079049
 20
0.0285476999999986
 30
0.0
 11
-0.2335079410078947
 21
0.0302202000000051
 31
0.0
  0
LINE
  5
1568
  8
0
 10
-0.2412431410079079
 20
0.0022080599999981
 30
0.0
 11
-0.2411345410078922
 21
0.0044107800000063
 31
0.0
  0
LINE
  5
1569
  8
0
 10
-0.2411345410078922
 20
0.0044107800000063
 30
0.0
 11
-0.2409545410079033
 21
0.0066028800000055
 31
0.0
  0
LINE
  5
156A
  8
0
 10
-0.2409545410079033
 20
0.0066028800000055
 30
0.0
 11
-0.2407025410079085
 21
0.008779050000004
 31
0.0
  0
LINE
  5
156B
  8
0
 10
-0.2407025410079085
 20
0.008779050000004
 30
0.0
 11
-0.2403803410079035
 21
0.0109341000000029
 31
0.0
  0
LINE
  5
156C
  8
0
 10
-0.2403803410079035
 20
0.0109341000000029
 30
0.0
 11
-0.2399873410079067
 21
0.0130628100000053
 31
0.0
  0
LINE
  5
156D
  8
0
 10
-0.2399873410079067
 20
0.0130628100000053
 30
0.0
 11
-0.2395253410078964
 21
0.0151600500000001
 31
0.0
  0
LINE
  5
156E
  8
0
 10
-0.2395253410078964
 20
0.0151600500000001
 30
0.0
 11
-0.2389955410079039
 21
0.0172207499999985
 31
0.0
  0
LINE
  5
156F
  8
0
 10
-0.2389955410079039
 20
0.0172207499999985
 30
0.0
 11
-0.2383985410078934
 21
0.0192399900000027
 31
0.0
  0
LINE
  5
1570
  8
0
 10
-0.2383985410078934
 20
0.0192399900000027
 30
0.0
 11
-0.2377367410078932
 21
0.0212128500000063
 31
0.0
  0
LINE
  5
1571
  8
0
 10
-0.2377367410078932
 20
0.0212128500000063
 30
0.0
 11
-0.2370107410079014
 21
0.0231346199999991
 31
0.0
  0
LINE
  5
1572
  8
0
 10
-0.2370107410079014
 20
0.0231346199999991
 30
0.0
 11
-0.2362229410078953
 21
0.0250006500000012
 31
0.0
  0
LINE
  5
1573
  8
0
 10
-0.2362229410078953
 20
0.0250006500000012
 30
0.0
 11
-0.2353751410079041
 21
0.0268064700000054
 31
0.0
  0
LINE
  5
1574
  8
0
 10
-0.2353751410079041
 20
0.0268064700000054
 30
0.0
 11
-0.2344697410079049
 21
0.0285476999999986
 31
0.0
  0
LINE
  5
1575
  8
0
 10
-0.244159741007894
 20
0.0192399900000027
 30
0.0
 11
-0.2435627410079007
 21
0.0172207499999985
 31
0.0
  0
LINE
  5
1576
  8
0
 10
-0.2435627410079007
 20
0.0172207499999985
 30
0.0
 11
-0.2430329410078911
 21
0.0151600500000001
 31
0.0
  0
LINE
  5
1577
  8
0
 10
-0.2430329410078911
 20
0.0151600500000001
 30
0.0
 11
-0.2425709410078979
 21
0.0130628100000053
 31
0.0
  0
LINE
  5
1578
  8
0
 10
-0.2425709410078979
 20
0.0130628100000053
 30
0.0
 11
-0.2421779410079011
 21
0.0109341000000029
 31
0.0
  0
LINE
  5
1579
  8
0
 10
-0.2421779410079011
 20
0.0109341000000029
 30
0.0
 11
-0.241855741007896
 21
0.008779050000004
 31
0.0
  0
LINE
  5
157A
  8
0
 10
-0.241855741007896
 20
0.008779050000004
 30
0.0
 11
-0.2416037410079013
 21
0.0066028800000055
 31
0.0
  0
LINE
  5
157B
  8
0
 10
-0.2416037410079013
 20
0.0066028800000055
 30
0.0
 11
-0.2414237410078953
 21
0.0044107800000063
 31
0.0
  0
LINE
  5
157C
  8
0
 10
-0.2414237410078953
 20
0.0044107800000063
 30
0.0
 11
-0.2413151410078967
 21
0.0022080599999981
 31
0.0
  0
LINE
  5
157D
  8
0
 10
-0.1841597410078975
 20
-0.0192399899999941
 30
0.0
 11
-0.1848215410078978
 21
-0.0212128499999977
 31
0.0
  0
LINE
  5
157E
  8
0
 10
-0.1848215410078978
 20
-0.0212128499999977
 30
0.0
 11
-0.1855475410079066
 21
-0.023134619999999
 31
0.0
  0
LINE
  5
157F
  8
0
 10
-0.1855475410079066
 20
-0.023134619999999
 30
0.0
 11
-0.1863353410078957
 21
-0.0250006500000012
 31
0.0
  0
LINE
  5
1580
  8
0
 10
-0.1880885410079031
 20
-0.0285476999999986
 30
0.0
 11
-0.1890503410078963
 21
-0.0302201999999966
 31
0.0
  0
LINE
  5
1581
  8
0
 10
-0.1863353410078957
 20
-0.0250006500000012
 30
0.0
 11
-0.1871831410079039
 21
-0.0268064699999968
 31
0.0
  0
LINE
  5
1582
  8
0
 10
-0.1871831410079039
 20
-0.0268064699999968
 30
0.0
 11
-0.1880885410079031
 21
-0.0285476999999986
 31
0.0
  0
LINE
  5
1583
  8
0
 10
-0.1934081410078931
 20
-0.0361442999999951
 30
0.0
 11
-0.1946117410079068
 21
-0.0374159999999989
 31
0.0
  0
LINE
  5
1584
  8
0
 10
-0.1890503410078963
 20
-0.0302201999999966
 30
0.0
 11
-0.1900661410079066
 21
-0.0318197999999995
 31
0.0
  0
LINE
  5
1585
  8
0
 10
-0.1900661410079066
 20
-0.0318197999999995
 30
0.0
 11
-0.1911323410078921
 21
-0.0333428999999995
 31
0.0
  0
LINE
  5
1586
  8
0
 10
-0.1911323410078921
 20
-0.0333428999999995
 30
0.0
 11
-0.1922471410079083
 21
-0.0347855999999979
 31
0.0
  0
LINE
  5
1587
  8
0
 10
-0.1922471410079083
 20
-0.0347855999999979
 30
0.0
 11
-0.1934081410078931
 21
-0.0361442999999951
 31
0.0
  0
LINE
  5
1588
  8
0
 10
-0.1946117410079068
 20
-0.0374159999999989
 30
0.0
 11
-0.1958561410079027
 21
-0.0385976999999997
 31
0.0
  0
LINE
  5
1589
  8
0
 10
-0.1958561410079027
 20
-0.0385976999999997
 30
0.0
 11
-0.1971371410079086
 21
-0.0396863999999965
 31
0.0
  0
LINE
  5
158A
  8
0
 10
-0.2054261410079049
 20
-0.0441354000000018
 30
0.0
 11
-0.2068769410079084
 21
-0.0445127999999954
 31
0.0
  0
LINE
  5
158B
  8
0
 10
-0.2068769410079084
 20
-0.0445127999999954
 30
0.0
 11
-0.2083385410079017
 21
-0.0447833999999943
 31
0.0
  0
LINE
  5
158C
  8
0
 10
-0.2083385410079017
 20
-0.0447833999999943
 30
0.0
 11
-0.2098073410078939
 21
-0.0449456999999939
 31
0.0
  0
LINE
  5
158D
  8
0
 10
-0.2098073410078939
 20
-0.0449456999999939
 30
0.0
 11
-0.2112791410078954
 21
-0.0450000000000017
 31
0.0
  0
LINE
  5
158E
  8
0
 10
-0.2112791410078954
 20
-0.0450000000000017
 30
0.0
 11
-0.2127509410078971
 21
-0.0449456999999939
 31
0.0
  0
LINE
  5
158F
  8
0
 10
-0.2127509410078971
 20
-0.0449456999999939
 30
0.0
 11
-0.2142197410079063
 21
-0.0447833999999943
 31
0.0
  0
LINE
  5
1590
  8
0
 10
-0.2142197410079063
 20
-0.0447833999999943
 30
0.0
 11
-0.2156813410078995
 21
-0.0445127999999954
 31
0.0
  0
LINE
  5
1591
  8
0
 10
-0.2156813410078995
 20
-0.0445127999999954
 30
0.0
 11
-0.2171321410079031
 21
-0.0441354000000018
 31
0.0
  0
LINE
  5
1592
  8
0
 10
-0.2171321410079031
 20
-0.0441354000000018
 30
0.0
 11
-0.2185685410078917
 21
-0.0436514999999958
 31
0.0
  0
LINE
  5
1593
  8
0
 10
-0.1984523410078963
 20
-0.0406793999999962
 30
0.0
 11
-0.1997987410079076
 21
-0.0415745999999956
 31
0.0
  0
LINE
  5
1594
  8
0
 10
-0.1997987410079076
 20
-0.0415745999999956
 30
0.0
 11
-0.2011727410079004
 21
-0.0423696000000007
 31
0.0
  0
LINE
  5
1595
  8
0
 10
-0.2011727410079004
 20
-0.0423696000000007
 30
0.0
 11
-0.2025707410079007
 21
-0.0430622999999997
 31
0.0
  0
LINE
  5
1596
  8
0
 10
-0.2025707410079007
 20
-0.0430622999999997
 30
0.0
 11
-0.2039897410078992
 21
-0.0436514999999958
 31
0.0
  0
LINE
  5
1597
  8
0
 10
-0.2039897410078992
 20
-0.0436514999999958
 30
0.0
 11
-0.2054261410079049
 21
-0.0441354000000018
 31
0.0
  0
LINE
  5
1598
  8
0
 10
-0.1971371410079086
 20
-0.0396863999999965
 30
0.0
 11
-0.1984523410078963
 21
-0.0406793999999962
 31
0.0
  0
LINE
  5
1599
  8
0
 10
-0.1946117410079068
 20
0.0374159999999989
 30
0.0
 11
-0.1934081410078931
 21
0.0361443000000037
 31
0.0
  0
LINE
  5
159A
  8
0
 10
-0.1934081410078931
 20
0.0361443000000037
 30
0.0
 11
-0.1922471410079083
 21
0.0347856000000064
 31
0.0
  0
LINE
  5
159B
  8
0
 10
-0.1922471410079083
 20
0.0347856000000064
 30
0.0
 11
-0.1911323410078921
 21
0.0333428999999995
 31
0.0
  0
LINE
  5
159C
  8
0
 10
-0.1911323410078921
 20
0.0333428999999995
 30
0.0
 11
-0.1900661410079066
 21
0.0318197999999995
 31
0.0
  0
LINE
  5
159D
  8
0
 10
-0.1900661410079066
 20
0.0318197999999995
 30
0.0
 11
-0.1890503410078963
 21
0.0302202000000051
 31
0.0
  0
LINE
  5
159E
  8
0
 10
-0.2112791410078954
 20
0.0450000000000017
 30
0.0
 11
-0.2098073410078939
 21
0.0449457000000024
 31
0.0
  0
LINE
  5
159F
  8
0
 10
-0.2098073410078939
 20
0.0449457000000024
 30
0.0
 11
-0.2083385410079017
 21
0.0447834000000029
 31
0.0
  0
LINE
  5
15A0
  8
0
 10
-0.2083385410079017
 20
0.0447834000000029
 30
0.0
 11
-0.2068769410079084
 21
0.044512800000004
 31
0.0
  0
LINE
  5
15A1
  8
0
 10
-0.2068769410079084
 20
0.044512800000004
 30
0.0
 11
-0.2054261410079049
 21
0.0441354000000018
 31
0.0
  0
LINE
  5
15A2
  8
0
 10
-0.2185685410078917
 20
0.0436515000000043
 30
0.0
 11
-0.2171321410079031
 21
0.0441354000000018
 31
0.0
  0
LINE
  5
15A3
  8
0
 10
-0.2171321410079031
 20
0.0441354000000018
 30
0.0
 11
-0.2156813410078995
 21
0.044512800000004
 31
0.0
  0
LINE
  5
15A4
  8
0
 10
-0.2156813410078995
 20
0.044512800000004
 30
0.0
 11
-0.2142197410079063
 21
0.0447834000000029
 31
0.0
  0
LINE
  5
15A5
  8
0
 10
-0.2142197410079063
 20
0.0447834000000029
 30
0.0
 11
-0.2127509410078971
 21
0.0449457000000024
 31
0.0
  0
LINE
  5
15A6
  8
0
 10
-0.2127509410078971
 20
0.0449457000000024
 30
0.0
 11
-0.2112791410078954
 21
0.0450000000000017
 31
0.0
  0
LINE
  5
15A7
  8
0
 10
-0.2039897410078992
 20
0.0436515000000043
 30
0.0
 11
-0.2025707410079007
 21
0.0430622999999997
 31
0.0
  0
LINE
  5
15A8
  8
0
 10
-0.2025707410079007
 20
0.0430622999999997
 30
0.0
 11
-0.2011727410079004
 21
0.0423696000000007
 31
0.0
  0
LINE
  5
15A9
  8
0
 10
-0.2011727410079004
 20
0.0423696000000007
 30
0.0
 11
-0.1997987410079076
 21
0.0415746000000041
 31
0.0
  0
LINE
  5
15AA
  8
0
 10
-0.1997987410079076
 20
0.0415746000000041
 30
0.0
 11
-0.1984523410078963
 21
0.0406794000000048
 31
0.0
  0
LINE
  5
15AB
  8
0
 10
-0.1984523410078963
 20
0.0406794000000048
 30
0.0
 11
-0.1971371410079086
 21
0.039686400000005
 31
0.0
  0
LINE
  5
15AC
  8
0
 10
-0.1971371410079086
 20
0.039686400000005
 30
0.0
 11
-0.1958561410079027
 21
0.0385976999999997
 31
0.0
  0
LINE
  5
15AD
  8
0
 10
-0.1958561410079027
 20
0.0385976999999997
 30
0.0
 11
-0.1946117410079068
 21
0.0374159999999989
 31
0.0
  0
LINE
  5
15AE
  8
0
 10
-0.2054261410079049
 20
0.0441354000000018
 30
0.0
 11
-0.2039897410078992
 21
0.0436515000000043
 31
0.0
  0
LINE
  5
15AF
  8
0
 10
-0.1835627410079041
 20
-0.0172207499999985
 30
0.0
 11
-0.1841597410078975
 21
-0.0192399899999941
 31
0.0
  0
LINE
  5
15B0
  8
0
 10
-0.1855475410079066
 20
0.0231346199999991
 30
0.0
 11
-0.1848215410078978
 21
0.0212128500000063
 31
0.0
  0
LINE
  5
15B1
  8
0
 10
-0.1848215410078978
 20
0.0212128500000063
 30
0.0
 11
-0.1841597410078975
 21
0.0192399900000027
 31
0.0
  0
LINE
  5
15B2
  8
0
 10
-0.1841597410078975
 20
0.0192399900000027
 30
0.0
 11
-0.1835627410079041
 21
0.0172207499999985
 31
0.0
  0
LINE
  5
15B3
  8
0
 10
-0.1863353410078957
 20
0.0250006500000012
 30
0.0
 11
-0.1855475410079066
 21
0.0231346199999991
 31
0.0
  0
LINE
  5
15B4
  8
0
 10
-0.1890503410078963
 20
0.0302202000000051
 30
0.0
 11
-0.1880885410079031
 21
0.0285476999999986
 31
0.0
  0
LINE
  5
15B5
  8
0
 10
-0.1880885410079031
 20
0.0285476999999986
 30
0.0
 11
-0.1871831410079039
 21
0.0268064700000054
 31
0.0
  0
LINE
  5
15B6
  8
0
 10
-0.1871831410079039
 20
0.0268064700000054
 30
0.0
 11
-0.1863353410078957
 21
0.0250006500000012
 31
0.0
  0
LINE
  5
15B7
  8
0
 10
-0.2185685410078917
 20
-0.0436514999999958
 30
0.0
 11
-0.2199875410079073
 21
-0.0430622999999997
 31
0.0
  0
LINE
  5
15B8
  8
0
 10
-0.2199875410079073
 20
0.0430622999999997
 30
0.0
 11
-0.2185685410078917
 21
0.0436515000000043
 31
0.0
  0
LINE
  5
15B9
  8
0
 10
-0.2771321410078996
 20
-0.0441354000000018
 30
0.0
 11
-0.2785685410079053
 21
-0.0436514999999958
 31
0.0
  0
LINE
  5
15BA
  8
0
 10
-0.2785685410079053
 20
0.0436515000000043
 30
0.0
 11
-0.2771321410078996
 21
0.0441354000000018
 31
0.0
  0
LINE
  5
15BB
  8
0
 10
-0.3942196810078996
 20
-0.0447833999999943
 30
0.0
 11
-0.3956810410079071
 21
-0.0445127999999954
 31
0.0
  0
LINE
  5
15BC
  8
0
 10
-0.3956810410079071
 20
0.044512800000004
 30
0.0
 11
-0.3942196810078996
 21
0.0447834000000029
 31
0.0
  0
LINE
  5
15BD
  8
0
 10
-0.3956810410079071
 20
-0.0445127999999954
 30
0.0
 11
-0.3971318410078935
 21
-0.0441354000000018
 31
0.0
  0
LINE
  5
15BE
  8
0
 10
-0.4054210210078966
 20
-0.0396863999999965
 30
0.0
 11
-0.4067022010079085
 21
-0.0385976999999997
 31
0.0
  0
LINE
  5
15BF
  8
0
 10
-0.4067022010079085
 20
-0.0385976999999997
 30
0.0
 11
-0.4079462410079089
 21
-0.0374159999999989
 31
0.0
  0
LINE
  5
15C0
  8
0
 10
-0.399987661007907
 20
-0.0430622999999997
 30
0.0
 11
-0.4013858410078968
 21
-0.0423696000000007
 31
0.0
  0
LINE
  5
15C1
  8
0
 10
-0.4013858410078968
 20
-0.0423696000000007
 30
0.0
 11
-0.4027596610079005
 21
-0.0415745999999956
 31
0.0
  0
LINE
  5
15C2
  8
0
 10
-0.4027596610079005
 20
-0.0415745999999956
 30
0.0
 11
-0.4041058210079087
 21
-0.0406793999999962
 31
0.0
  0
LINE
  5
15C3
  8
0
 10
-0.4041058210079087
 20
-0.0406793999999962
 30
0.0
 11
-0.4054210210078966
 21
-0.0396863999999965
 31
0.0
  0
LINE
  5
15C4
  8
0
 10
-0.3971318410078935
 20
-0.0441354000000018
 30
0.0
 11
-0.3985685410078986
 21
-0.0436514999999958
 31
0.0
  0
LINE
  5
15C5
  8
0
 10
-0.3985685410078986
 20
-0.0436514999999958
 30
0.0
 11
-0.399987661007907
 21
-0.0430622999999997
 31
0.0
  0
LINE
  5
15C6
  8
0
 10
-0.3971318410078935
 20
0.0441354000000018
 30
0.0
 11
-0.3956810410079071
 21
0.044512800000004
 31
0.0
  0
LINE
  5
15C7
  8
0
 10
-0.4054210210078966
 20
0.039686400000005
 30
0.0
 11
-0.4041058210079087
 21
0.0406794000000048
 31
0.0
  0
LINE
  5
15C8
  8
0
 10
-0.4041058210079087
 20
0.0406794000000048
 30
0.0
 11
-0.4027596610079005
 21
0.0415746000000041
 31
0.0
  0
LINE
  5
15C9
  8
0
 10
-0.4027596610079005
 20
0.0415746000000041
 30
0.0
 11
-0.4013858410078968
 21
0.0423696000000007
 31
0.0
  0
LINE
  5
15CA
  8
0
 10
-0.4013858410078968
 20
0.0423696000000007
 30
0.0
 11
-0.399987661007907
 21
0.0430622999999997
 31
0.0
  0
LINE
  5
15CB
  8
0
 10
-0.4079462410079089
 20
0.0374159999999989
 30
0.0
 11
-0.4067022010079085
 21
0.0385976999999997
 31
0.0
  0
LINE
  5
15CC
  8
0
 10
-0.4067022010079085
 20
0.0385976999999997
 30
0.0
 11
-0.4054210210078966
 21
0.039686400000005
 31
0.0
  0
LINE
  5
15CD
  8
0
 10
-0.3985685410078986
 20
0.0436515000000043
 30
0.0
 11
-0.3971318410078935
 21
0.0441354000000018
 31
0.0
  0
LINE
  5
15CE
  8
0
 10
-0.399987661007907
 20
0.0430622999999997
 30
0.0
 11
-0.3985685410078986
 21
0.0436515000000043
 31
0.0
  0
LINE
  5
15CF
  8
0
 10
-0.3641594410079051
 20
-0.0192399899999941
 30
0.0
 11
-0.3648214810079082
 21
-0.0212128499999977
 31
0.0
  0
LINE
  5
15D0
  8
0
 10
-0.3577368010078998
 20
-0.0212128499999977
 30
0.0
 11
-0.3583988410079029
 21
-0.0192399899999941
 31
0.0
  0
LINE
  5
15D1
  8
0
 10
-0.3371318410078969
 20
-0.0441354000000018
 30
0.0
 11
-0.338568541007902
 21
-0.0436514999999958
 31
0.0
  0
LINE
  5
15D2
  8
0
 10
-0.3690505810079059
 20
-0.0302201999999966
 30
0.0
 11
-0.3700659610079071
 21
-0.0318197999999995
 31
0.0
  0
LINE
  5
15D3
  8
0
 10
-0.3655473010078935
 20
-0.023134619999999
 30
0.0
 11
-0.3663350410079032
 21
-0.0250006500000012
 31
0.0
  0
LINE
  5
15D4
  8
0
 10
-0.3663350410079032
 20
-0.0250006500000012
 30
0.0
 11
-0.3671829010079079
 21
-0.0268064699999968
 31
0.0
  0
LINE
  5
15D5
  8
0
 10
-0.3671829010079079
 20
-0.0268064699999968
 30
0.0
 11
-0.3680888410079091
 21
-0.0285476999999986
 31
0.0
  0
LINE
  5
15D6
  8
0
 10
-0.3680888410079091
 20
-0.0285476999999986
 30
0.0
 11
-0.3690505810079059
 21
-0.0302201999999966
 31
0.0
  0
LINE
  5
15D7
  8
0
 10
-0.3648214810079082
 20
-0.0212128499999977
 30
0.0
 11
-0.3655473010078935
 21
-0.023134619999999
 31
0.0
  0
LINE
  5
15D8
  8
0
 10
-0.3700659610079071
 20
-0.0318197999999995
 30
0.0
 11
-0.3711324010078953
 21
-0.0333428999999995
 31
0.0
  0
LINE
  5
15D9
  8
0
 10
-0.3711324010078953
 20
-0.0333428999999995
 30
0.0
 11
-0.3722473210079044
 21
-0.0347855999999979
 31
0.0
  0
LINE
  5
15DA
  8
0
 10
-0.3722473210079044
 20
-0.0347855999999979
 30
0.0
 11
-0.3734081410078999
 21
-0.0361442999999951
 31
0.0
  0
LINE
  5
15DB
  8
0
 10
-0.3734081410078999
 20
-0.0361442999999951
 30
0.0
 11
-0.3746120410078958
 21
-0.0374159999999989
 31
0.0
  0
LINE
  5
15DC
  8
0
 10
-0.3746120410078958
 20
-0.0374159999999989
 30
0.0
 11
-0.3758560810078961
 21
-0.0385976999999997
 31
0.0
  0
ATTDEF
  5
15DD
  8
0
  6
CONTINUOUS
 62
     7
 10
-2.2150227390262032
 20
-1.298193047673688
 30
0.0
 40
0.2
  1
*MONTAGGIO*
 72
     2
 11
-0.1483560723595367
 21
-1.298193047673688
 31
0.0
  3
Schema di montaggio
  2
MONTAGGIO
 70
     9
  0
ENDBLK
  5
15DF
  8
0
  0
BLOCK
  8
0
  2
IRETED
 70
     2
 10
0.0
 20
0.0
 30
0.0
  3
IRETED
  1

  0
ATTDEF
  5
16EC
  8
0
 10
-1.598383275904234
 20
-0.242340272938831
 30
0.0
 40
0.2
  1
*CODICE*
 72
     2
 11
-0.1317166092375683
 21
-0.242340272938831
 31
0.0
  3
Codice rete
  2
CODICE
 70
     8
  0
LINE
  5
16ED
  8
0
  6
CONTINUOUS
 62
     7
 39
3.0
 10
0.0
 20
0.0
 30
0.0
 11
-0.1
 21
0.1
 31
0.0
  0
LINE
  5
16EE
  8
0
  6
CONTINUOUS
 62
     7
 39
3.0
 10
-0.1
 20
0.1
 30
0.0
 11
-0.1
 21
-0.1
 31
0.0
  0
LINE
  5
16EF
  8
0
  6
CONTINUOUS
 62
     7
 39
3.0
 10
-0.1
 20
-0.1
 30
0.0
 11
0.0
 21
0.0
 31
0.0
  0
ATTDEF
  5
16F0
  8
0
 10
-2.002018935872683
 20
0.0472856731124996
 30
0.0
 40
0.2
  1
*TIPORETE*
 72
     2
 11
-0.1353522692060172
 21
0.0472856731124996
 31
0.0
  3
Tipo rete
  2
TIPORETE
 70
     8
  0
ENDBLK
  5
16F2
  8
0
  0
BLOCK
  8
0
  2
RIFEST
 70
     4
 10
0.0
 20
0.0
 30
0.0
  3
RIFEST
  1
C:\temp\rifest.dwg
  0
ENDBLK
  5
174E
  8
0
  0
BLOCK
  8
0
  2
ETICHETTA
 70
     2
 10
0.0
 20
0.0
 30
0.0
  3
ETICHETTA
  1

  0
LINE
  5
1A19
  8
0
  6
CONTINUOUS
 62
     7
 39
2.25
 10
0.0
 20
0.0
 30
0.0
 11
0.0
 21
0.5972196241479555
 31
0.0
  0
LINE
  5
1A1A
  8
0
  6
CONTINUOUS
 62
     7
 39
2.25
 10
0.0
 20
0.5972196241479555
 30
0.0
 11
1.124279400991099
 21
0.5972196241479555
 31
0.0
  0
LINE
  5
1A1B
  8
0
  6
CONTINUOUS
 62
     7
 39
2.25
 10
1.124279400991099
 20
0.5972196241479555
 30
0.0
 11
1.124279400991099
 21
0.0
 31
0.0
  0
LINE
  5
1A1C
  8
0
  6
CONTINUOUS
 62
     7
 39
2.25
 10
0.0
 20
0.0
 30
0.0
 11
1.124279400991099
 21
0.0
 31
0.0
  0
ATTDEF
  5
1A1D
  8
0
  6
CONTINUOUS
 62
     7
 10
0.0557600019321623
 20
0.6703624266262978
 30
0.0
 40
0.15
  1
Nessun riferimento
  3
Riferimento
  2
RIF
 70
     9
  0
ATTDEF
  5
1A1E
  8
0
  6
CONTINUOUS
 62
     7
 10
0.0701810356260744
 20
0.3954917771635333
 30
0.0
 40
0.15
  1
Nessuna potenza
  3
Potenza
  2
POTENZA
 70
     8
  0
ATTDEF
  5
1A1F
  8
0
  6
CONTINUOUS
 62
     7
 10
0.0356886242265056
 20
0.9094151508779971
 30
0.0
 40
0.15
  1
Nessun link
  3
Link
  2
LINK
 70
     9
  0
ATTDEF
  5
1A20
  8
0
  6
CONTINUOUS
 62
     7
 10
0.0560146044887038
 20
0.0840515673329119
 30
0.0
 40
0.15
  1
Nessun modello
  3
Modello
  2
MODELLO
 70
     8
  0
ENDBLK
  5
19A5
  8
0
  0
BLOCK
  8
0
  2
QUOTA
 70
     2
 10
0.0
 20
0.0
 30
0.0
  3
QUOTA
  1

  0
LINE
  5
1A99
  8
0
  6
CONTINUOUS
 62
     7
 39
2.25
 10
0.0
 20
0.0
 30
0.0
 11
0.2984098065854521
 21
0.0
 31
0.0
  0
ATTDEF
  5
1A9A
  8
0
  6
CONTINUOUS
 62
     7
 10
0.0342659172763735
 20
0.0411552178620962
 30
0.0
 40
0.15
  1
Diametro assente
  3
Diamentro
  2
DIAM
 70
     8
  0
ATTDEF
  5
1A9B
  8
0
  6
CONTINUOUS
 62
     7
 10
0.0472118060798579
 20
0.2610599373660509
 30
0.0
 40
0.15
  1
Numero assente
  3
Codice ramo
  2
CODTR
 70
     8
  0
ENDBLK
  5
1A8F
  8
0
  0
BLOCK
  8
0
  2
RIMRETED
 70
     2
 10
0.0
 20
0.0
 30
0.0
  3
RIMRETED
  1

  0
LINE
  5
1BB6
  8
0
 10
-1.4881028835076311
 20
0.2714485244730191
 30
0.0
 11
-0.1804071775488616
 21
0.2714485244730191
 31
0.0
  0
LINE
  5
1BB7
  8
0
 10
-0.1804071775488616
 20
0.0
 30
0.0
 11
-1.501740616030907
 21
0.0
 31
0.0
  0
LINE
  5
1BB8
  8
0
 10
-0.1804071775488616
 20
0.2714485244730191
 30
0.0
 11
-0.1804071775488616
 21
0.0
 31
0.0
  0
LINE
  5
1BB9
  8
0
  6
CONTINUOUS
 62
     7
 10
-1.641089897903099
 20
0.1357242622365096
 30
0.0
 11
-1.4881028835076311
 21
0.2714485244730191
 31
0.0
  0
LINE
  5
1BBA
  8
0
  6
CONTINUOUS
 62
     7
 10
-1.641089897903099
 20
0.1357242622365096
 30
0.0
 11
-1.501740616030907
 21
0.0
 31
0.0
  0
LINE
  5
1BBB
  8
0
  6
CONTINUOUS
 62
     7
 10
0.0
 20
0.0
 30
0.0
 11
0.0
 21
0.0
 31
0.0
  0
LINE
  5
1BBC
  8
0
  6
CONTINUOUS
 62
     7
 10
-0.1804071775488616
 20
0.0
 30
0.0
 11
0.0
 21
0.0
 31
0.0
  0
ATTDEF
  5
1BBD
  8
0
  6
CONTINUOUS
 62
     7
 10
-1.0939685857869339
 20
0.803786939138142
 30
0.0
 40
0.15
  1
*NC*
 72
     2
 11
-0.543968585786935
 21
0.803786939138142
 31
0.0
  3
Perdite localizzate (Numero)
  2
NUM-PERD
 70
     9
  0
ATTDEF
  5
1BBE
  8
0
  6
CONTINUOUS
 62
     7
 10
-1.6751884895944891
 20
0.63307131849988
 30
0.0
 40
0.15
  1
*TC*
  3
Perdite localizzate ( Cod )
  2
COD-PERD
 70
     9
  0
ATTDEF
  5
1BBF
  8
0
  6
CONTINUOUS
 62
     7
 10
-1.775239803259999
 20
0.4284320325127207
 30
0.0
 40
0.15
  1
*L*
  3
Lunghezza
  2
LUNGHEZZA
 70
     9
  0
ATTDEF
  5
1BC0
  8
0
 10
-1.269348843901382
 20
0.0696355430324722
 30
0.0
 40
0.15
  1
*CODICE*
  3
Codice rete
  2
CODICE
 70
     8
  0
ENDBLK
  5
1BB5
  8
0
  0
BLOCK
  8
0
  2
RIPRETES
 70
     2
 10
0.0
 20
0.0
 30
0.0
  3
RIPRETES
  1

  0
LINE
  5
1BE2
  8
0
 10
0.1470433689518202
 20
0.2714485244730191
 30
0.0
 11
1.706858986694783
 21
0.2714485244730191
 31
0.0
  0
LINE
  5
1BE3
  8
0
 10
1.706858986694783
 20
0.0
 30
0.0
 11
0.1470433689518202
 21
0.0
 31
0.0
  0
LINE
  5
1BE4
  8
0
 10
0.1470433689518202
 20
0.0
 30
0.0
 11
0.1470433689518202
 21
0.2714485244730191
 31
0.0
  0
LINE
  5
1BE5
  8
0
 10
0.1470433689518202
 20
0.0
 30
0.0
 11
0.0
 21
0.0
 31
0.0
  0
LINE
  5
1BE6
  8
0
  6
CONTINUOUS
 62
     7
 10
1.706858986694783
 20
0.2714485244730191
 30
0.0
 11
1.5462961441580341
 21
0.1294984394615746
 31
0.0
  0
LINE
  5
1BE7
  8
0
  6
CONTINUOUS
 62
     7
 10
1.5462961441580341
 20
0.1294984394615746
 30
0.0
 11
1.706858986694783
 21
0.0
 31
0.0
  0
ATTDEF
  5
1BE8
  8
0
 10
0.2338385522288604
 20
0.0628198313352897
 30
0.0
 40
0.15
  1
*CODICE*
  3
Codice rete
  2
CODICE
 70
     8
  0
ENDBLK
  5
1BE1
  8
0
  0
BLOCK
  8
0
  2
RIPRETED
 70
     2
 10
0.0
 20
0.0
 30
0.0
  3
RIPRETED
  1

  0
LINE
  5
1C8D
  8
0
 10
-0.1470433689518202
 20
0.2714485244730191
 30
0.0
 11
-1.706858986694783
 21
0.2714485244730191
 31
0.0
  0
LINE
  5
1C8E
  8
0
 10
-1.706858986694783
 20
0.0
 30
0.0
 11
-0.1470433689518202
 21
0.0
 31
0.0
  0
LINE
  5
1C8F
  8
0
 10
-0.1470433689518202
 20
0.0
 30
0.0
 11
-0.1470433689518202
 21
0.2714485244730191
 31
0.0
  0
LINE
  5
1C90
  8
0
 10
-0.1470433689518202
 20
0.0
 30
0.0
 11
0.0
 21
0.0
 31
0.0
  0
LINE
  5
1C91
  8
0
  6
CONTINUOUS
 62
     7
 10
-1.706858986694783
 20
0.2714485244730191
 30
0.0
 11
-1.5462961441580341
 21
0.1294984394615746
 31
0.0
  0
LINE
  5
1C92
  8
0
  6
CONTINUOUS
 62
     7
 10
-1.5462961441580341
 20
0.1294984394615746
 30
0.0
 11
-1.706858986694783
 21
0.0
 31
0.0
  0
ATTDEF
  5
1C93
  8
0
 10
-1.481049022039616
 20
0.0658381187944457
 30
0.0
 40
0.15
  1
*CODICE*
  3
Codice rete
  2
CODICE
 70
     8
  0
ENDBLK
  5
1C8C
  8
0
  0
BLOCK
  8
0
  2
RIMRETES
 70
     2
 10
0.0
 20
0.0
 30
0.0
  3
RIMRETES
  1

  0
LINE
  5
1D21
  8
0
 10
1.4881028835076291
 20
0.2714485244730191
 30
0.0
 11
0.1804071775488616
 21
0.2714485244730191
 31
0.0
  0
LINE
  5
1D22
  8
0
 10
0.1804071775488616
 20
0.0
 30
0.0
 11
1.501740616030907
 21
0.0
 31
0.0
  0
LINE
  5
1D23
  8
0
 10
0.1804071775488616
 20
0.2714485244730191
 30
0.0
 11
0.1804071775488616
 21
0.0
 31
0.0
  0
LINE
  5
1D24
  8
0
  6
CONTINUOUS
 62
     7
 10
1.641089897903099
 20
0.1357242622365096
 30
0.0
 11
1.4881028835076291
 21
0.2714485244730191
 31
0.0
  0
LINE
  5
1D25
  8
0
  6
CONTINUOUS
 62
     7
 10
1.641089897903099
 20
0.1357242622365096
 30
0.0
 11
1.501740616030907
 21
0.0
 31
0.0
  0
LINE
  5
1D26
  8
0
  6
CONTINUOUS
 62
     7
 10
-0.0000000000000036
 20
0.0
 30
0.0
 11
-0.0000000000000036
 21
0.0
 31
0.0
  0
LINE
  5
1D27
  8
0
  6
CONTINUOUS
 62
     7
 10
0.1804071775488616
 20
0.0
 30
0.0
 11
0.0
 21
0.0
 31
0.0
  0
ATTDEF
  5
1D28
  8
0
 10
0.2333827984961232
 20
0.0696355430324722
 30
0.0
 40
0.15
  1
*CODICE*
  3
Codice rete
  2
CODICE
 70
     8
  0
ATTDEF
  5
1D29
  8
0
  6
CONTINUOUS
 62
     7
 10
-0.2725081608624933
 20
0.4284320325127207
 30
0.0
 40
0.15
  1
*L*
  3
Lunghezza
  2
LUNGHEZZA
 70
     9
  0
ATTDEF
  5
1D2A
  8
0
  6
CONTINUOUS
 62
     7
 10
-0.1724568471969832
 20
0.63307131849988
 30
0.0
 40
0.15
  1
*TC*
  3
Perdite localizzate ( Cod )
  2
COD-PERD
 70
     9
  0
ATTDEF
  5
1D2B
  8
0
  6
CONTINUOUS
 62
     7
 10
0.4087630566105717
 20
0.803786939138142
 30
0.0
 40
0.15
  1
*NC*
 72
     2
 11
0.9587630566105715
 21
0.803786939138142
 31
0.0
  3
Perdite localizzate (Numero)
  2
NUM-PERD
 70
     9
  0
ENDBLK
  5
1D20
  8
0
  0
BLOCK
  8
0
  2
FINLUCUP
 70
     2
 10
0.0
 20
0.0
 30
0.0
  3
FINLUCUP
  1

  0
TEXT
  5
1E4D
  8
0
  6
CONTINUOUS
 62
     7
 10
-0.064387289120873
 20
0.9982614886911863
 30
0.0
 40
0.2
  1
X
  0
LINE
  5
1E4E
  8
0
 10
0.8871459938879986
 20
1.327474885126908
 30
0.0
 11
-0.8370481990529992
 21
1.327474885126908
 31
0.0
  0
LINE
  5
1E4F
  8
0
  6
CONTINUOUS
 10
-0.8370481990529992
 20
1.327474885126908
 30
0.0
 11
-0.8370481990529992
 21
2.721781554555422
 31
0.0
  0
LINE
  5
1E50
  8
0
  6
CONTINUOUS
 10
-0.8370481990529992
 20
2.721781554555422
 30
0.0
 11
0.8871459938879986
 21
2.721781554555422
 31
0.0
  0
LINE
  5
1E51
  8
0
  6
CONTINUOUS
 10
0.8871459938879986
 20
1.327474885126908
 30
0.0
 11
0.8871459938879986
 21
2.721781554555422
 31
0.0
  0
LINE
  5
1E52
  8
0
  6
CONTINUOUS
 10
0.0
 20
0.0
 30
0.0
 11
0.0
 21
0.3679473605238464
 31
0.0
  0
LINE
  5
1E53
  8
0
  6
CONTINUOUS
 10
0.0
 20
0.0
 30
0.0
 11
0.0
 21
-0.3679473605238464
 31
0.0
  0
ATTDEF
  5
1E54
  8
0
 62
     3
 10
-0.5332846688997269
 20
1.554919167628493
 30
0.0
 40
0.2
  1
*TIPO*
 72
     1
 11
0.0000486644336064
 21
1.554919167628493
 31
0.0
  3
Tipo finestra
  2
TIPO
 70
     8
  0
ATTDEF
  5
1E55
  8
0
 62
     3
 10
0.1491139877967402
 20
0.9987191676284972
 30
0.0
 40
0.2
  1
*H*
  3
Altezza [m]( facoltativa )
  2
ALTEZZA
 70
     8
  0
ATTDEF
  5
1E56
  8
0
 62
     3
 10
-0.6619626671625271
 20
1.001515297075636
 30
0.0
 40
0.2
  1
*L*
 72
     2
 11
-0.1286293338291937
 21
1.001515297075636
 31
0.0
  3
Larghezza [m](facoltativa)
  2
LARGHEZZA
 70
     8
  0
ENDBLK
  5
1E4C
  8
0
  0
BLOCK
  8
0
  2
FINLUCDWN
 70
     2
 10
0.0
 20
0.0
 30
0.0
  3
FINLUCDWN
  1

  0
TEXT
  5
2069
  8
0
  6
CONTINUOUS
 62
     7
 10
-0.064387289120873
 20
-2.4663416425084881
 30
0.0
 40
0.2
  1
X
  0
LINE
  5
206A
  8
0
 10
0.8871459938879986
 20
-2.1371282460727672
 30
0.0
 11
-0.8370481990529992
 21
-2.1371282460727672
 31
0.0
  0
LINE
  5
206B
  8
0
  6
CONTINUOUS
 10
-0.8370481990529992
 20
-2.1371282460727672
 30
0.0
 11
-0.8370481990529992
 21
-0.7428215766442535
 31
0.0
  0
LINE
  5
206C
  8
0
  6
CONTINUOUS
 10
-0.8370481990529992
 20
-0.7428215766442535
 30
0.0
 11
0.8871459938879986
 21
-0.7428215766442535
 31
0.0
  0
LINE
  5
206D
  8
0
  6
CONTINUOUS
 10
0.8871459938879986
 20
-2.1371282460727672
 30
0.0
 11
0.8871459938879986
 21
-0.7428215766442535
 31
0.0
  0
LINE
  5
206E
  8
0
  6
CONTINUOUS
 10
0.0
 20
0.0
 30
0.0
 11
0.0
 21
0.3679473605238464
 31
0.0
  0
LINE
  5
206F
  8
0
  6
CONTINUOUS
 10
0.0
 20
0.0
 30
0.0
 11
0.0
 21
-0.3679473605238464
 31
0.0
  0
ATTDEF
  5
2070
  8
0
 62
     3
 10
-0.6619626671625271
 20
-2.4630878341240381
 30
0.0
 40
0.2
  1
*L*
 72
     2
 11
-0.1286293338291937
 21
-2.4630878341240381
 31
0.0
  3
Larghezza [m](facoltativa)
  2
LARGHEZZA
 70
     8
  0
ATTDEF
  5
2071
  8
0
 62
     3
 10
0.1491139877967402
 20
-2.4658839635711769
 30
0.0
 40
0.2
  1
*H*
  3
Altezza [m]( facoltativa )
  2
ALTEZZA
 70
     8
  0
ATTDEF
  5
2072
  8
0
 62
     3
 10
-0.5332846688997269
 20
-1.909683963571182
 30
0.0
 40
0.2
  1
*TIPO*
 72
     1
 11
0.0000486644336064
 21
-1.909683963571182
 31
0.0
  3
Tipo finestra
  2
TIPO
 70
     8
  0
ENDBLK
  5
2068
  8
0
  0
ENDSEC
  0
SECTION
  2
ENTITIES
  0
INSERT
  5
154
  8
0
 66
     1
  2
LOC
 10
8.4426068556634846
 20
8.7124741083994728
 30
0.0
  0
ATTRIB
  5
155
  8
0
 10
8.4961194343218231
 20
8.4246081890507298
 30
0.0
 40
0.1921732441292363
  1
-
  2
DESCR.
 70
     8
  0
ATTRIB
  5
156
  8
0
  6
CONTINUOUS
 10
7.2683658122647223
 20
8.7496344013092653
 30
0.0
 40
0.2
  1
*ZONA*
 72
     2
 11
8.4016991455980552
 21
8.7496344013092653
 31
0.0
  2
ZONA
 70
     8
  0
ATTRIB
  5
157
  8
0
  6
CONTINUOUS
 10
8.46863904923066
 20
8.7496344013092688
 30
0.0
 40
0.2
  1
*IMP*
 11
8.46863904923066
 21
8.6829677346426024
 31
0.0
  2
IMPIANTO
 70
     8
 74
     1
  0
ATTRIB
  5
158
  8
0
  6
CONTINUOUS
 10
8.4524488066449521
 20
7.6958341386716143
 30
0.0
 40
0.2
  1
*CPAV*
  2
CPAV
 70
     9
  0
ATTRIB
  5
159
  8
0
  6
CONTINUOUS
 10
8.4636054837131951
 20
7.439428107257072
 30
0.0
 40
0.2
  1
*CSOF*
  2
CSOF
 70
     9
  0
ATTRIB
  5
15A
  8
0
  6
CONTINUOUS
 10
7.2412921825023631
 20
7.6884020749212141
 30
0.0
 40
0.2
  1
*TPAV*
 72
     2
 11
8.4412921825023641
 21
7.6884020749212141
 31
0.0
  2
TPAV
 70
     9
  0
ATTRIB
  5
15B
  8
0
  6
CONTINUOUS
 10
7.285645547958147
 20
7.439428107257072
 30
0.0
 40
0.2
  1
*TSOF*
 72
     2
 11
8.4189788812914799
 21
7.439428107257072
 31
0.0
  2
TSOF
 70
     9
  0
ATTRIB
  5
15C
  8
0
  6
CONTINUOUS
 10
8.4875029782768934
 20
8.1672128213103861
 30
0.0
 40
0.2
  1
-
  2
PINV
 70
     8
  0
ATTRIB
  5
15D
  8
0
  6
CONTINUOUS
 10
8.4824694127594853
 20
7.9459086823123348
 30
0.0
 40
0.2
  1
-
  2
PEST
 70
     8
  0
ATTRIB
  5
15E
  8
0
  6
CONTINUOUS
 10
8.217479854035723
 20
8.4238315706226672
 30
0.0
 40
0.2
  1
-
 72
     2
 11
8.3508131873690559
 21
8.4238315706226672
 31
0.0
  2
COD
 70
     8
  0
SEQEND
  5
15F
  8
0
  0
INSERT
  5
16D
  8
0
 66
     1
  2
TABCOLORI
 10
10.75072473565768
 20
8.5530365335264378
 30
0.0
  0
ATTRIB
  5
16E
  8
0
 62
     7
 10
10.91002184921166
 20
9.2869995610212168
 30
0.0
 40
0.2
  1
*CODP*
  2
CODP
 70
     8
  0
ATTRIB
  5
16F
  8
0
 62
     7
 10
10.896043599835251
 20
8.6374713335328561
 30
0.0
 40
0.2
  1
*DESCP*
  2
DESCP
 70
     8
  0
ATTRIB
  5
170
  8
0
 62
     7
 10
12.482575100677479
 20
8.986680048457913
 30
0.0
 40
0.2
  1
*NOMECOLP*
  2
NOMECOLP
 70
     8
  0
SEQEND
  5
171
  8
0
  0
INSERT
  5
223
  8
0
  2
NORD
 10
17.733335945352682
 20
8.758036054136312
 30
0.0
  0
INSERT
  5
244
  8
0
 66
     1
  2
PON
 10
10.942351636706571
 20
6.2605780134295506
 30
0.0
  0
ATTRIB
  5
245
  8
0
  6
CONTINUOUS
 10
10.675684970039899
 20
5.6534703481463531
 30
0.0
 40
0.2
  1
*L*
 72
     1
 11
10.942351636706571
 21
5.6534703481463531
 31
0.0
  2
Lung
 70
     8
  0
ATTRIB
  5
246
  8
0
  6
CONTINUOUS
 10
10.461872056820109
 20
6.7297066696972321
 30
0.0
 40
0.2
  1
*COD*
 72
     1
 11
10.928538723486779
 21
6.7297066696972321
 31
0.0
  2
TIPO
 70
     8
  0
SEQEND
  5
247
  8
0
  0
INSERT
  5
415
  8
0
 66
     1
  2
FIN
 10
7.7014431685963132
 20
6.3154625587424631
 30
0.0
  0
ATTRIB
  5
416
  8
0
 62
     3
 10
7.0394805014336379
 20
5.9398061725838707
 30
0.0
 40
0.2
  1
*L*
 72
     2
 11
7.572813834766972
 21
5.9398061725838707
 31
0.0
  2
LARGHEZZA
 70
     8
  0
ATTRIB
  5
417
  8
0
 62
     3
 10
7.8505571563929371
 20
5.9370100431370361
 30
0.0
 40
0.2
  1
*H*
  2
ALTEZZA
 70
     8
  0
ATTRIB
  5
418
  8
0
 62
     3
 10
7.1681584996962
 20
6.4932100431370801
 30
0.0
 40
0.2
  1
*TIPO*
 72
     1
 11
7.7014918330295341
 21
6.4932100431370801
 31
0.0
  2
TIPO
 70
     8
  0
SEQEND
  5
419
  8
0
  0
INSERT
  5
530
  8
0
  2
ALLINEA
 10
13.19827287042744
 20
6.5113633095975283
 30
0.0
  0
LINE
  5
5DC
  8
0
 10
0.3533872059013188
 20
0.253364395749685
 30
0.0
 11
0.3533872059013188
 21
15.47280790714796
 31
0.0
  0
LINE
  5
5DD
  8
0
 10
0.3533872059013188
 20
15.47280790714796
 30
0.0
 11
26.043158534953591
 21
15.47280790714796
 31
0.0
  0
LINE
  5
5DE
  8
0
 10
26.043158534953591
 20
15.47280790714796
 30
0.0
 11
26.043158534953591
 21
0.2533643957496849
 31
0.0
  0
LINE
  5
5DF
  8
0
 10
0.3533872059013188
 20
0.253364395749685
 30
0.0
 11
26.043158534953591
 21
0.2533643957496849
 31
0.0
  0
INSERT
  5
15E0
  8
0
 66
     1
  2
T_RADIATORED
 10
15.251140783521461
 20
6.4934818445445881
 30
0.0
  0
ATTRIB
  5
15E1
  8
0
  6
CONTINUOUS
 62
     7
 10
13.419185170776149
 20
6.0418849756213131
 30
0.0
 40
0.2
  1
*POTENZA*
 72
     2
 11
15.15251850410948
 21
6.0418849756213131
 31
0.0
  2
POTENZA
 70
     9
  0
ATTRIB
  5
15E2
  8
0
  6
CONTINUOUS
 62
     7
 10
13.993764405051641
 20
5.4909427631700964
 30
0.0
 40
0.2
  1
*PERD*
 72
     2
 11
15.12709773838497
 21
5.4909427631700964
 31
0.0
  2
PERDITA
 70
     9
  0
ATTRIB
  5
15E3
  8
0
  6
CONTINUOUS
 62
     7
 10
14.473579656619441
 20
7.2742685873464259
 30
0.0
 40
0.2
  1

 72
     1
 11
14.473579656619441
 21
7.2742685873464259
 31
0.0
  2
ELEMENTI
 70
     9
  0
ATTRIB
  5
15E4
  8
0
  6
CONTINUOUS
 62
     7
 10
14.473579656619441
 20
7.553386962322147
 30
0.0
 40
0.2
  1

 72
     1
 11
14.473579656619441
 21
7.553386962322147
 31
0.0
  2
MODELLO
 70
     9
  0
ATTRIB
  5
15E5
  8
0
  6
CONTINUOUS
 62
     7
 10
14.30613576878107
 20
8.1397605101003592
 30
0.0
 40
0.2
  1
??
 72
     1
 11
14.439469102114399
 21
8.1397605101003592
 31
0.0
  2
COD
 70
     9
  0
ATTRIB
  5
15E6
  8
0
  6
CONTINUOUS
 62
     7
 10
13.91243892609446
 20
6.7192802854651452
 30
0.0
 40
0.2
  1
*LMAX*
 72
     1
 11
14.47910559276113
 21
6.7192802854651452
 31
0.0
  2
LMAX
 70
     9
  0
ATTRIB
  5
15E7
  8
0
  6
CONTINUOUS
 62
     7
 10
13.950384667592481
 20
6.9957681653204951
 30
0.0
 40
0.2
  1
*INCR*
 72
     1
 11
14.483718000925821
 21
6.9957681653204951
 31
0.0
  2
INCR
 70
     9
  0
ATTRIB
  5
15E8
  8
0
  6
CONTINUOUS
 62
     7
 10
13.86408646401741
 20
5.7941955572762804
 30
0.0
 40
0.2
  1
*PORT*
 72
     1
 11
14.43075313068408
 21
5.7941955572762804
 31
0.0
  2
PORT
 70
     9
  0
ATTRIB
  5
15E9
  8
0
  6
CONTINUOUS
 62
     7
 10
14.473579656619441
 20
7.8078772375995369
 30
0.0
 40
0.2
  1

 72
     1
 11
14.473579656619441
 21
7.8078772375995369
 31
0.0
  2
SERIE
 70
     9
  0
ATTRIB
  5
15EA
  8
0
  6
CONTINUOUS
 62
     7
 10
13.03611804449525
 20
5.1952887968708961
 30
0.0
 40
0.2
  1
*MONTAGGIO*
 72
     2
 11
15.10278471116192
 21
5.1952887968708961
 31
0.0
  2
MONTAGGIO
 70
     9
  0
SEQEND
  5
15EB
  8
0
  0
INSERT
  5
16F3
  8
0
 66
     1
  2
IRETED
 10
18.062355849813851
 20
6.6201880800145361
 30
0.0
  0
ATTRIB
  5
16F4
  8
0
 10
16.463972573909611
 20
6.3778478070757041
 30
0.0
 40
0.2
  1
*CODICE*
 72
     2
 11
17.93063924057628
 21
6.3778478070757041
 31
0.0
  2
CODICE
 70
     8
  0
ATTRIB
  5
16F5
  8
0
 10
16.06033691394116
 20
6.6674737531270321
 30
0.0
 40
0.2
  1
*TIPORETE*
 72
     2
 11
17.927003580607831
 21
6.6674737531270321
 31
0.0
  2
TIPORETE
 70
     8
  0
SEQEND
  5
16F6
  8
0
  0
INSERT
  5
174F
  8
0
  2
RIFEST
 10
0.0
 20
0.253364395749685
 30
0.0
  0
INSERT
  5
1A21
  8
0
  6
FITTIZIA
 66
     1
  2
ETICHETTA
 10
7.2098718883120059
 20
10.94827816909487
 30
0.0
  0
ATTRIB
  5
1A23
  8
0
  6
CONTINUOUS
 62
     7
 10
7.2656318902441681
 20
11.618640595721169
 30
0.0
 40
0.15
  1
Nessun riferimento
  2
RIF
 70
     1
  0
ATTRIB
  5
1A24
  8
0
  6
CONTINUOUS
 62
     7
 10
7.280052923938082
 20
11.3437699462584
 30
0.0
 40
0.15
  1
Nessuna potenza
  2
POTENZA
 70
     0
  0
ATTRIB
  5
1A25
  8
0
  6
CONTINUOUS
 62
     7
 10
7.2455605125385123
 20
11.857693319972871
 30
0.0
 40
0.15
  1
Nessun link
  2
LINK
 70
     1
  0
ATTRIB
  5
1A26
  8
0
  6
CONTINUOUS
 62
     7
 10
7.2658864928007079
 20
11.03232973642778
 30
0.0
 40
0.15
  1
Nessun modello
  2
MODELLO
 70
     0
  0
SEQEND
  5
1A22
  8
0
  6
FITTIZIA
  0
INSERT
  5
1A9C
  8
0
  6
FITTIZIA
 66
     1
  2
QUOTA
 10
11.427360182479619
 20
11.32521001015332
 30
0.0
  0
ATTRIB
  5
1A9E
  8
0
  6
CONTINUOUS
 62
     7
 10
11.461626099755989
 20
11.366365228015409
 30
0.0
 40
0.15
  1
Diametro assente
  2
DIAM
 70
     0
  0
ATTRIB
  5
1A9F
  8
0
  6
CONTINUOUS
 62
     7
 10
11.47457198855947
 20
11.58626994751936
 30
0.0
 40
0.15
  1
Numero assente
  2
CODTR
 70
     0
  0
SEQEND
  5
1A9D
  8
0
  6
FITTIZIA
  0
TEXT
  5
1B8B
  8
0
 10
20.428192864669452
 20
6.6498753215948643
 30
0.0
 40
0.15
  1

  0
INSERT
  5
1C87
  8
0
  6
FITTIZIA
 66
     1
  2
RIPRETES
 10
19.641104741460651
 20
8.0200759688657381
 30
0.0
  0
ATTRIB
  5
1C88
  8
0
 10
19.874943293689508
 20
8.0828958002010296
 30
0.0
 40
0.15
  1
*CODICE*
  2
CODICE
 70
     8
  0
SEQEND
  5
1C89
  8
0
  6
FITTIZIA
  0
INSERT
  5
1C94
  8
0
  6
FITTIZIA
 66
     1
  2
RIPRETED
 10
20.167282556728271
 20
7.3817352605159341
 30
0.0
  0
ATTRIB
  5
1C96
  8
0
 10
18.68623353468865
 20
7.4475733793103842
 30
0.0
 40
0.15
  1
*CODICE*
  2
CODICE
 70
     0
  0
SEQEND
  5
1C95
  8
0
  6
FITTIZIA
  0
INSERT
  5
1D2C
  8
0
  6
FITTIZIA
 66
     1
  2
RIMRETES
 10
21.008182496072859
 20
6.5701880800145362
 30
0.0
  0
ATTRIB
  5
1D2E
  8
0
 10
21.241565294568979
 20
6.6398236230470067
 30
0.0
 40
0.15
  1
*CODICE*
  2
CODICE
 70
     0
  0
ATTRIB
  5
1D2F
  8
0
  6
CONTINUOUS
 62
     7
 10
20.735674335210369
 20
6.998620112527254
 30
0.0
 40
0.15
  1
*L*
  2
LUNGHEZZA
 70
     1
  0
ATTRIB
  5
1D30
  8
0
  6
CONTINUOUS
 62
     7
 10
20.835725648875879
 20
7.2032593985144162
 30
0.0
 40
0.15
  1
*TC*
  2
COD-PERD
 70
     1
  0
ATTRIB
  5
1D31
  8
0
  6
CONTINUOUS
 62
     7
 10
21.41694555268344
 20
7.3739750191526783
 30
0.0
 40
0.15
  1
*NC*
 72
     2
 11
21.966945552683441
 21
7.3739750191526783
 31
0.0
  2
NUM-PERD
 70
     1
  0
SEQEND
  5
1D2D
  8
0
  6
FITTIZIA
  0
INSERT
  5
1D32
  8
0
  6
FITTIZIA
 66
     1
  2
RIMRETED
 10
22.56282147918466
 20
7.1660383838504691
 30
0.0
  0
ATTRIB
  5
1D33
  8
0
  6
CONTINUOUS
 62
     7
 10
21.468852893397731
 20
7.969825322988612
 30
0.0
 40
0.15
  1
*NC*
 72
     2
 11
22.018852893397732
 21
7.969825322988612
 31
0.0
  2
NUM-PERD
 70
     9
  0
ATTRIB
  5
1D34
  8
0
  6
CONTINUOUS
 62
     7
 10
20.88763298959017
 20
7.7991097023503491
 30
0.0
 40
0.15
  1
*TC*
  2
COD-PERD
 70
     9
  0
ATTRIB
  5
1D35
  8
0
  6
CONTINUOUS
 62
     7
 10
20.78758167592466
 20
7.5944704163631904
 30
0.0
 40
0.15
  1
*L*
  2
LUNGHEZZA
 70
     9
  0
ATTRIB
  5
1D36
  8
0
 10
21.29347263528329
 20
7.2356739268829422
 30
0.0
 40
0.15
  1
*CODICE*
  2
CODICE
 70
     8
  0
SEQEND
  5
1D37
  8
0
  6
FITTIZIA
  0
INSERT
  5
1E57
  8
0
  6
FITTIZIA
 66
     1
  2
FINLUCUP
 10
4.801684070118978
 20
7.8033678183563531
 30
0.0
  0
ATTRIB
  5
1E59
  8
0
 62
     3
 10
4.268399401219253
 20
9.3582869859848508
 30
0.0
 40
0.2
  1
*TIPO*
 72
     1
 11
4.8017327345525871
 21
9.3582869859848508
 31
0.0
  2
TIPO
 70
     0
  0
ATTRIB
  5
1E5A
  8
0
 62
     3
 10
4.95079805791572
 20
8.8020869859848538
 30
0.0
 40
0.2
  1
*H*
  2
ALTEZZA
 70
     0
  0
ATTRIB
  5
1E5B
  8
0
 62
     3
 10
4.1397214029564511
 20
8.8048831154319949
 30
0.0
 40
0.2
  1
*L*
 72
     2
 11
4.6730547362897852
 21
8.8048831154319949
 31
0.0
  2
LARGHEZZA
 70
     0
  0
SEQEND
  5
1E58
  8
0
  6
FITTIZIA
  0
INSERT
  5
2073
  8
0
  6
FITTIZIA
 66
     1
  2
FINLUCDWN
 10
4.7306212488542334
 20
6.46230517368633
 30
0.0
  0
ATTRIB
  5
2075
  8
0
 62
     3
 10
4.0686585816917056
 20
3.999217339562291
 30
0.0
 40
0.2
  1
*L*
 72
     2
 11
4.6019919150250388
 21
3.999217339562291
 31
0.0
  2
LARGHEZZA
 70
     0
  0
ATTRIB
  5
2076
  8
0
 62
     3
 10
4.8797352366509728
 20
3.9964212101151522
 30
0.0
 40
0.2
  1
*H*
  2
ALTEZZA
 70
     0
  0
ATTRIB
  5
2077
  8
0
 62
     3
 10
4.1973365799545057
 20
4.5526212101151478
 30
0.0
 40
0.2
  1
*TIPO*
 72
     1
 11
4.7306699132878389
 21
4.5526212101151478
 31
0.0
  2
TIPO
 70
     0
  0
SEQEND
  5
2074
  8
0
  6
FITTIZIA
  0
ENDSEC
  0
EOF
