  0
SECTION
  2
HEADER
  9
$ACADVER
  1
AC1009
  9
$INSBASE
 10
0.0
 20
0.0
 30
0.0
  9
$EXTMIN
 10
1.0000000000000000E+020
 20
1.0000000000000000E+020
 30
1.0000000000000000E+020
  9
$EXTMAX
 10
-1.0000000000000000E+020
 20
-1.0000000000000000E+020
 30
-1.0000000000000000E+020
  9
$LIMMIN
 10
0.0
 20
0.0
  9
$LIMMAX
 10
15.0
 20
15.0
  9
$ORTHOMODE
 70
     0
  9
$REGENMODE
 70
     1
  9
$FILLMODE
 70
     1
  9
$QTEXTMODE
 70
     0
  9
$MIRRTEXT
 70
     1
  9
$DRAGMODE
 70
     2
  9
$LTSCALE
 40
1.0
  9
$OSMODE
 70
   675
  9
$ATTMODE
 70
     1
  9
$TEXTSIZE
 40
2.5
  9
$TRACEWID
 40
1.0
  9
$TEXTSTYLE
  7
STANDARD
  9
$CLAYER
  8
0
  9
$CELTYPE
  6
BYLAYER
  9
$CECOLOR
 62
   256
  9
$DIMSCALE
 40
1.0
  9
$DIMASZ
 40
2.5
  9
$DIMEXO
 40
0.625
  9
$DIMDLI
 40
3.75
  9
$DIMRND
 40
0.0
  9
$DIMDLE
 40
0.0
  9
$DIMEXE
 40
1.25
  9
$DIMTP
 40
0.0
  9
$DIMTM
 40
0.0
  9
$DIMTXT
 40
2.5
  9
$DIMCEN
 40
2.5
  9
$DIMTSZ
 40
0.0
  9
$DIMTOL
 70
     0
  9
$DIMLIM
 70
     0
  9
$DIMTIH
 70
     0
  9
$DIMTOH
 70
     0
  9
$DIMSE1
 70
     0
  9
$DIMSE2
 70
     0
  9
$DIMTAD
 70
     1
  9
$DIMZIN
 70
     8
  9
$DIMBLK
  1

  9
$DIMASO
 70
     1
  9
$DIMSHO
 70
     1
  9
$DIMPOST
  1

  9
$DIMAPOST
  1

  9
$DIMALT
 70
     0
  9
$DIMALTD
 70
     3
  9
$DIMALTF
 40
0.03937007874016
  9
$DIMLFAC
 40
1.0
  9
$DIMTOFL
 70
     1
  9
$DIMTVP
 40
0.0
  9
$DIMTIX
 70
     0
  9
$DIMSOXD
 70
     0
  9
$DIMSAH
 70
     0
  9
$DIMBLK1
  1

  9
$DIMBLK2
  1

  9
$DIMSTYLE
  2
ISO-25
  9
$DIMCLRD
 70
     0
  9
$DIMCLRE
 70
     0
  9
$DIMCLRT
 70
     0
  9
$DIMTFAC
 40
1.0
  9
$DIMGAP
 40
0.625
  9
$LUNITS
 70
     2
  9
$LUPREC
 70
     4
  9
$SKETCHINC
 40
1.0
  9
$FILLETRAD
 40
10.0
  9
$AUNITS
 70
     0
  9
$AUPREC
 70
     0
  9
$MENU
  1
.
  9
$ELEVATION
 40
0.0
  9
$PELEVATION
 40
0.0
  9
$THICKNESS
 40
0.0
  9
$LIMCHECK
 70
     0
  9
$BLIPMODE
 70
     0
  9
$CHAMFERA
 40
10.0
  9
$CHAMFERB
 40
10.0
  9
$SKPOLY
 70
     0
  9
$TDCREATE
 40
2453118.6088764458
  9
$TDUPDATE
 40
2453615.4456454278
  9
$TDINDWG
 40
0.2204202778
  9
$TDUSRTIMER
 40
0.2204027199
  9
$USRTIMER
 70
     1
  9
$ANGBASE
 50
0.0
  9
$ANGDIR
 70
     0
  9
$PDMODE
 70
     0
  9
$PDSIZE
 40
0.0
  9
$PLINEWID
 40
0.0
  9
$COORDS
 70
     1
  9
$SPLFRAME
 70
     0
  9
$SPLINETYPE
 70
     6
  9
$SPLINESEGS
 70
     8
  9
$ATTDIA
 70
     0
  9
$ATTREQ
 70
     1
  9
$HANDLING
 70
 22529
  9
$HANDSEED
  5
E57B
  9
$SURFTAB1
 70
     6
  9
$SURFTAB2
 70
     6
  9
$SURFTYPE
 70
     6
  9
$SURFU
 70
     6
  9
$SURFV
 70
     6
  9
$UCSNAME
  2

  9
$UCSORG
 10
0.0
 20
0.0
 30
0.0
  9
$UCSXDIR
 10
1.0
 20
0.0
 30
0.0
  9
$UCSYDIR
 10
0.0
 20
1.0
 30
0.0
  9
$PUCSNAME
  2

  9
$PUCSORG
 10
0.0
 20
0.0
 30
0.0
  9
$PUCSXDIR
 10
1.0
 20
0.0
 30
0.0
  9
$PUCSYDIR
 10
0.0
 20
1.0
 30
0.0
  9
$USERI1
 70
     0
  9
$USERI2
 70
     0
  9
$USERI3
 70
     0
  9
$USERI4
 70
     0
  9
$USERI5
 70
     0
  9
$USERR1
 40
0.0
  9
$USERR2
 40
0.0
  9
$USERR3
 40
0.0
  9
$USERR4
 40
0.0
  9
$USERR5
 40
0.0
  9
$WORLDVIEW
 70
     1
  9
$SHADEDGE
 70
     3
  9
$SHADEDIF
 70
    70
  9
$TILEMODE
 70
     1
  9
$MAXACTVP
 70
    64
  9
$PLIMCHECK
 70
     0
  9
$PEXTMIN
 10
0.0
 20
0.0
 30
0.0
  9
$PEXTMAX
 10
0.0
 20
0.0
 30
0.0
  9
$PLIMMIN
 10
0.0
 20
0.0
  9
$PLIMMAX
 10
12.0
 20
9.0
  9
$UNITMODE
 70
     0
  9
$VISRETAIN
 70
     1
  9
$PLINEGEN
 70
     0
  9
$PSLTSCALE
 70
     1
  0
ENDSEC
  0
SECTION
  2
TABLES
  0
TABLE
  2
VPORT
 70
    20
  0
VPORT
  2
*ACTIVE
 70
     0
 10
0.0
 20
0.0
 11
1.0
 21
1.0
 12
7.5
 22
7.4999999999999991
 13
0.0
 23
0.0
 14
10.0
 24
10.0
 15
10.0
 25
10.0
 16
0.0
 26
0.0
 36
1.0
 17
0.0
 27
0.0
 37
0.0
 40
15.11378002528444
 41
1.5240506329113921
 42
50.0
 43
0.0
 44
0.0
 50
0.0
 51
0.0
 71
     0
 72
   100
 73
     1
 74
     3
 75
     0
 76
     1
 77
     0
 78
     0
  0
ENDTAB
  0
TABLE
  2
LTYPE
 70
     1
  0
LTYPE
  2
CONTINUOUS
 70
     0
  3
Solid line
 72
    65
 73
     0
 40
0.0
  0
ENDTAB
  0
TABLE
  2
LAYER
 70
     1
  0
LAYER
  2
0
 70
     0
 62
     7
  6
CONTINUOUS
  0
ENDTAB
  0
TABLE
  2
STYLE
 70
     1
  0
STYLE
  2
STANDARD
 70
     0
 40
0.0
 41
1.0
 50
0.0
 71
     0
 42
2.5
  3
txt
  4

  0
ENDTAB
  0
TABLE
  2
VIEW
 70
     0
  0
ENDTAB
  0
TABLE
  2
UCS
 70
     0
  0
ENDTAB
  0
TABLE
  2
APPID
 70
     3
  0
APPID
  2
ACAD
 70
     0
  0
APPID
  2
CONTENTBLOCKICON
 70
     0
  0
APPID
  2
ACAD_EXEMPT_FROM_CAD_STANDARDS
 70
     0
  0
ENDTAB
  0
TABLE
  2
DIMSTYLE
 70
     1
  0
DIMSTYLE
  2
ISO-25
 70
     0
  3

  4

  5

  6

  7

 40
1.0
 41
2.5
 42
0.625
 43
3.75
 44
1.25
 45
0.0
 46
0.0
 47
0.0
 48
0.0
140
2.5
141
2.5
142
0.0
143
0.03937007874016
144
1.0
145
0.0
146
1.0
147
0.625
 71
     0
 72
     0
 73
     0
 74
     0
 75
     0
 76
     0
 77
     1
 78
     8
170
     0
171
     3
172
     1
173
     0
174
     0
175
     0
176
     0
177
     0
178
     0
  0
ENDTAB
  0
ENDSEC
  0
SECTION
  2
BLOCKS
  0
BLOCK
  8
0
  2
$MODEL_SPACE
 70
     0
 10
0.0
 20
0.0
 30
0.0
  3
$MODEL_SPACE
  1

  0
ENDBLK
  5
C34D
  8
0
  0
BLOCK
 67
     1
  8
0
  2
$PAPER_SPACE
 70
     0
 10
0.0
 20
0.0
 30
0.0
  3
$PAPER_SPACE
  1

  0
ENDBLK
  5
C349
 67
     1
  8
0
  0
BLOCK
  8
0
  2
LOCALE
 70
     0
 10
0.0
 20
0.0
 30
0.0
  3
LOCALE
  1

  0
LINE
  5
C35C
  8
0
 10
0.7847527002430113
 20
0.3432020938740194
 30
0.0
 11
-0.7685824419588201
 21
0.3432020938740194
 31
0.0
  0
LINE
  5
C35D
  8
0
 10
0.7205851291417318
 20
0.3015345227718669
 30
0.0
 11
-0.7044148708575407
 21
0.3015345227718669
 31
0.0
  0
LINE
  5
C35E
  8
0
 10
0.2319938587950716
 20
0.3015345227718669
 30
0.0
 11
0.2736614298935862
 21
0.3432020938740194
 31
0.0
  0
LINE
  5
C35F
  8
0
 10
-0.7685824419588201
 20
-0.3101330483263567
 30
0.0
 11
0.7847527002430113
 21
-0.3101330483263567
 31
0.0
  0
LINE
  5
C360
  8
0
 10
-0.7044148708575407
 20
-0.2684654772278421
 30
0.0
 11
0.7205851291417318
 21
-0.2684654772278421
 31
0.0
  0
LINE
  5
C361
  8
0
 10
0.2213670517028774
 20
-0.3101330483263567
 30
0.0
 11
0.263034622801392
 21
-0.2684654772278421
 31
0.0
  0
LINE
  5
C362
  8
0
 10
-0.7685824419588201
 20
0.184841698504492
 30
0.0
 11
-0.7044148708575407
 21
0.2490092696057715
 31
0.0
  0
LINE
  5
C363
  8
0
 10
-0.7685824419588201
 20
0.2201970375640982
 30
0.0
 11
-0.7044148708575407
 21
0.2843646086617397
 31
0.0
  0
LINE
  5
C364
  8
0
 10
-0.7685824419588201
 20
0.3432020938740194
 30
0.0
 11
-0.7685824419588201
 21
-0.3101330483263567
 31
0.0
  0
LINE
  5
C365
  8
0
 10
-0.7044148708575407
 20
0.3015345227718669
 30
0.0
 11
-0.7044148708575407
 21
-0.2684654772278421
 31
0.0
  0
LINE
  5
C366
  8
0
 10
-0.3443183732471837
 20
-0.3101330483263567
 30
0.0
 11
-0.3026508021450311
 21
-0.2684654772278421
 31
0.0
  0
LINE
  5
C367
  8
0
 10
-0.6625164247800015
 20
-0.3101330483263567
 30
0.0
 11
-0.6208488536814869
 21
-0.2684654772278421
 31
0.0
  0
LINE
  5
C368
  8
0
 10
-0.7685824419588201
 20
-0.0980010139723575
 30
0.0
 11
-0.7044148708575407
 21
-0.033833442871078
 31
0.0
  0
LINE
  5
C369
  8
0
 10
-0.7685824419588201
 20
-0.0626456749127513
 30
0.0
 11
-0.7044148708575407
 21
0.0015218961885282
 31
0.0
  0
LINE
  5
C36A
  8
0
 10
-0.6978717638396077
 20
-0.3101330483263567
 30
0.0
 11
-0.6562041927410931
 21
-0.2684654772278421
 31
0.0
  0
LINE
  5
C36B
  8
0
 10
-0.7332271028992139
 20
-0.3101330483263567
 30
0.0
 11
-0.6915595317970613
 21
-0.2684654772278421
 31
0.0
  0
LINE
  5
C36C
  8
0
 10
-0.7685824419588201
 20
-0.3101330483263567
 30
0.0
 11
-0.7044148708575407
 21
-0.2459654772250772
 31
0.0
  0
LINE
  5
C36D
  8
0
 10
-0.7685824419588201
 20
-0.2747777092667505
 30
0.0
 11
-0.7044148708575407
 21
-0.210610138165471
 31
0.0
  0
LINE
  5
C36E
  8
0
 10
-0.7685824419588201
 20
-0.2394223702071443
 30
0.0
 11
-0.7044148708575407
 21
-0.1752547991095028
 31
0.0
  0
LINE
  5
C36F
  8
0
 10
-0.7685824419588201
 20
-0.2040670311475381
 30
0.0
 11
-0.7044148708575407
 21
-0.1398994600498966
 31
0.0
  0
LINE
  5
C370
  8
0
 10
-0.7685824419588201
 20
-0.1687116920879319
 30
0.0
 11
-0.7044148708575407
 21
-0.1045441209902904
 31
0.0
  0
LINE
  5
C371
  8
0
 10
-0.7685824419588201
 20
-0.1333563530319637
 30
0.0
 11
-0.7044148708575407
 21
-0.0691887819306842
 31
0.0
  0
LINE
  5
C372
  8
0
 10
-0.7685824419588201
 20
0.0080650032064611
 30
0.0
 11
-0.7044148708575407
 21
0.0722325743077406
 31
0.0
  0
LINE
  5
C373
  8
0
 10
-0.7685824419588201
 20
0.0434203422660673
 30
0.0
 11
-0.7044148708575407
 21
0.1075879133673467
 31
0.0
  0
LINE
  5
C374
  8
0
 10
-0.7685824419588201
 20
0.0787756813256735
 30
0.0
 11
-0.7044148708575407
 21
0.1429432524269529
 31
0.0
  0
LINE
  5
C375
  8
0
 10
-0.7685824419588201
 20
0.1141310203852797
 30
0.0
 11
-0.7044148708575407
 21
0.1782985914865591
 31
0.0
  0
LINE
  5
C376
  8
0
 10
-0.7685824419588201
 20
0.1494863594448859
 30
0.0
 11
-0.7044148708575407
 21
0.2136539305461653
 31
0.0
  0
LINE
  5
C377
  8
0
 10
-0.7685824419588201
 20
-0.0272903358531451
 30
0.0
 11
-0.7044148708575407
 21
0.0368772352481344
 31
0.0
  0
LINE
  5
C378
  8
0
 10
-0.4857397294856085
 20
-0.3101330483263567
 30
0.0
 11
-0.4440721583834561
 21
-0.2684654772278421
 31
0.0
  0
LINE
  5
C379
  8
0
 10
-0.5210950685415769
 20
-0.3101330483263567
 30
0.0
 11
-0.4794274974430623
 21
-0.2684654772278421
 31
0.0
  0
LINE
  5
C37A
  8
0
 10
-0.5918057466607892
 20
-0.3101330483263567
 30
0.0
 11
-0.5501381755622746
 21
-0.2684654772278421
 31
0.0
  0
LINE
  5
C37B
  8
0
 10
-0.6271610857203953
 20
-0.3101330483263567
 30
0.0
 11
-0.5854935146218807
 21
-0.2684654772278421
 31
0.0
  0
LINE
  5
C37C
  8
0
 10
-0.556450407601183
 20
-0.3101330483263567
 30
0.0
 11
-0.5147828365026684
 21
-0.2684654772278421
 31
0.0
  0
LINE
  5
C37D
  8
0
 10
-0.3796737123067899
 20
-0.3101330483263567
 30
0.0
 11
-0.3380061412046373
 21
-0.2684654772278421
 31
0.0
  0
LINE
  5
C37E
  8
0
 10
-0.4150290513663962
 20
-0.3101330483263567
 30
0.0
 11
-0.3733614802642435
 21
-0.2684654772278421
 31
0.0
  0
LINE
  5
C37F
  8
0
 10
-0.4503843904260024
 20
-0.3101330483263567
 30
0.0
 11
-0.40871681932385
 21
-0.2684654772278421
 31
0.0
  0
LINE
  5
C380
  8
0
 10
-0.0614756607703342
 20
-0.3101330483263567
 30
0.0
 11
-0.0198080896718196
 21
-0.2684654772278421
 31
0.0
  0
LINE
  5
C381
  8
0
 10
-0.2028970170087589
 20
-0.3101330483263567
 30
0.0
 11
-0.1612294459102443
 21
-0.2684654772278421
 31
0.0
  0
LINE
  5
C382
  8
0
 10
-0.2382523560683651
 20
-0.3101330483263567
 30
0.0
 11
-0.1965847849698505
 21
-0.2684654772278421
 31
0.0
  0
LINE
  5
C383
  8
0
 10
-0.2736076951279713
 20
-0.3101330483263567
 30
0.0
 11
-0.2319401240258188
 21
-0.2684654772278421
 31
0.0
  0
LINE
  5
C384
  8
0
 10
-0.3089630341875775
 20
-0.3101330483263567
 30
0.0
 11
-0.267295463085425
 21
-0.2684654772278421
 31
0.0
  0
LINE
  5
C385
  8
0
 10
-0.0968309998299404
 20
-0.3101330483263567
 30
0.0
 11
-0.0551634287314258
 21
-0.2684654772278421
 31
0.0
  0
LINE
  5
C386
  8
0
 10
-0.1675416779491528
 20
-0.3101330483263567
 30
0.0
 11
-0.1258741068506382
 21
-0.2684654772278421
 31
0.0
  0
LINE
  5
C387
  8
0
 10
-0.1321863388895466
 20
-0.3101330483263567
 30
0.0
 11
-0.090518767791032
 21
-0.2684654772278421
 31
0.0
  0
LINE
  5
C388
  8
0
 10
0.0799456954644526
 20
-0.3101330483263567
 30
0.0
 11
0.1216132665666052
 21
-0.2684654772278421
 31
0.0
  0
LINE
  5
C389
  8
0
 10
0.0445903564048464
 20
-0.3101330483263567
 30
0.0
 11
0.086257927506999
 21
-0.2684654772278421
 31
0.0
  0
LINE
  5
C38A
  8
0
 10
0.0092350173452402
 20
-0.3101330483263567
 30
0.0
 11
0.0509025884473928
 21
-0.2684654772278421
 31
0.0
  0
LINE
  5
C38B
  8
0
 10
-0.026120321714366
 20
-0.3101330483263567
 30
0.0
 11
0.0155472493877866
 21
-0.2684654772278421
 31
0.0
  0
LINE
  5
C38C
  8
0
 10
0.1860117126432712
 20
-0.3101330483263567
 30
0.0
 11
0.2276792837454238
 21
-0.2684654772278421
 31
0.0
  0
LINE
  5
C38D
  8
0
 10
0.1153010345240588
 20
-0.3101330483263567
 30
0.0
 11
0.1569686056262114
 21
-0.2684654772278421
 31
0.0
  0
LINE
  5
C38E
  8
0
 10
0.150656373583665
 20
-0.3101330483263567
 30
0.0
 11
0.1923239446858176
 21
-0.2684654772278421
 31
0.0
  0
LINE
  5
C38F
  8
0
 10
-0.3690469052145957
 20
0.3015345227718669
 30
0.0
 11
-0.3273793341124431
 21
0.3432020938740194
 31
0.0
  0
LINE
  5
C390
  8
0
 10
-0.6518896176878073
 20
0.3015345227718669
 30
0.0
 11
-0.6102220465892927
 21
0.3432020938740194
 31
0.0
  0
LINE
  5
C391
  8
0
 10
-0.6872449567474135
 20
0.3015345227718669
 30
0.0
 11
-0.6455773856488989
 21
0.3432020938740194
 31
0.0
  0
LINE
  5
C392
  8
0
 10
-0.7685824419588201
 20
0.2909077156833106
 30
0.0
 11
-0.7162880637644733
 21
0.3432020938740194
 31
0.0
  0
LINE
  5
C393
  8
0
 10
-0.7685824419588201
 20
0.2555523766237044
 30
0.0
 11
-0.6809327247085051
 21
0.3432020938740194
 31
0.0
  0
LINE
  5
C394
  8
0
 10
-0.7685824419588201
 20
0.3262630547392789
 30
0.0
 11
-0.7516434028240795
 21
0.3432020938740194
 31
0.0
  0
LINE
  5
C395
  8
0
 10
-0.5104682614530205
 20
0.3015345227718669
 30
0.0
 11
-0.4688006903508679
 21
0.3432020938740194
 31
0.0
  0
LINE
  5
C396
  8
0
 10
-0.5811789395685949
 20
0.3015345227718669
 30
0.0
 11
-0.5395113684700803
 21
0.3432020938740194
 31
0.0
  0
LINE
  5
C397
  8
0
 10
-0.6165342786282011
 20
0.3015345227718669
 30
0.0
 11
-0.5748667075296865
 21
0.3432020938740194
 31
0.0
  0
LINE
  5
C398
  8
0
 10
-0.5458236005089887
 20
0.3015345227718669
 30
0.0
 11
-0.5041560294104741
 21
0.3432020938740194
 31
0.0
  0
LINE
  5
C399
  8
0
 10
-0.4044022442742019
 20
0.3015345227718669
 30
0.0
 11
-0.3627346731720493
 21
0.3432020938740194
 31
0.0
  0
LINE
  5
C39A
  8
0
 10
-0.4751129223934143
 20
0.3015345227718669
 30
0.0
 11
-0.4334453512912618
 21
0.3432020938740194
 31
0.0
  0
LINE
  5
C39B
  8
0
 10
-0.4397575833338081
 20
0.3015345227718669
 30
0.0
 11
-0.3980900122316555
 21
0.3432020938740194
 31
0.0
  0
LINE
  5
C39C
  8
0
 10
-0.0862041927377462
 20
0.3015345227718669
 30
0.0
 11
-0.0445366216392316
 21
0.3432020938740194
 31
0.0
  0
LINE
  5
C39D
  8
0
 10
-0.050848853681778
 20
0.3015345227718669
 30
0.0
 11
-0.0091812825796254
 21
0.3432020938740194
 31
0.0
  0
LINE
  5
C39E
  8
0
 10
-0.1922702099165647
 20
0.3015345227718669
 30
0.0
 11
-0.1506026388180501
 21
0.3432020938740194
 31
0.0
  0
LINE
  5
C39F
  8
0
 10
-0.2276255489761709
 20
0.3015345227718669
 30
0.0
 11
-0.1859579778776563
 21
0.3432020938740194
 31
0.0
  0
LINE
  5
C3A0
  8
0
 10
-0.2629808880357771
 20
0.3015345227718669
 30
0.0
 11
-0.2213133169372625
 21
0.3432020938740194
 31
0.0
  0
LINE
  5
C3A1
  8
0
 10
-0.2983362270953833
 20
0.3015345227718669
 30
0.0
 11
-0.2566686559932307
 21
0.3432020938740194
 31
0.0
  0
LINE
  5
C3A2
  8
0
 10
-0.3336915661549895
 20
0.3015345227718669
 30
0.0
 11
-0.2920239950528369
 21
0.3432020938740194
 31
0.0
  0
LINE
  5
C3A3
  8
0
 10
-0.1215595317973523
 20
0.3015345227718669
 30
0.0
 11
-0.0798919606988378
 21
0.3432020938740194
 31
0.0
  0
LINE
  5
C3A4
  8
0
 10
-0.1569148708569585
 20
0.3015345227718669
 30
0.0
 11
-0.1152472997584439
 21
0.3432020938740194
 31
0.0
  0
LINE
  5
C3A5
  8
0
 10
0.0905725025566469
 20
0.3015345227718669
 30
0.0
 11
0.1322400736587994
 21
0.3432020938740194
 31
0.0
  0
LINE
  5
C3A6
  8
0
 10
0.0552171634970407
 20
0.3015345227718669
 30
0.0
 11
0.0968847345991932
 21
0.3432020938740194
 31
0.0
  0
LINE
  5
C3A7
  8
0
 10
0.0198618244374345
 20
0.3015345227718669
 30
0.0
 11
0.061529395539587
 21
0.3432020938740194
 31
0.0
  0
LINE
  5
C3A8
  8
0
 10
-0.0154935146221718
 20
0.3015345227718669
 30
0.0
 11
0.0261740564799808
 21
0.3432020938740194
 31
0.0
  0
LINE
  5
C3A9
  8
0
 10
0.1966385197354654
 20
0.3015345227718669
 30
0.0
 11
0.23830609083398
 21
0.3432020938740194
 31
0.0
  0
LINE
  5
C3AA
  8
0
 10
0.125927841616253
 20
0.3015345227718669
 30
0.0
 11
0.1675954127184056
 21
0.3432020938740194
 31
0.0
  0
LINE
  5
C3AB
  8
0
 10
0.1612831806758592
 20
0.3015345227718669
 30
0.0
 11
0.2029507517780118
 21
0.3432020938740194
 31
0.0
  0
LINE
  5
C3AC
  8
0
 10
0.7205851291417318
 20
0.2244403681721039
 30
0.0
 11
0.7847527002430113
 21
0.2886079392733833
 31
0.0
  0
LINE
  5
C3AD
  8
0
 10
0.7205851291417318
 20
0.1890850291124977
 30
0.0
 11
0.7847527002430113
 21
0.2532526002137772
 31
0.0
  0
LINE
  5
C3AE
  8
0
 10
0.7847527002430113
 20
-0.3101330483263567
 30
0.0
 11
0.7847527002430113
 21
0.3432020938740194
 31
0.0
  0
LINE
  5
C3AF
  8
0
 10
0.7205851291417318
 20
-0.2684654772278421
 30
0.0
 11
0.7205851291417318
 21
0.3015345227718669
 31
0.0
  0
LINE
  5
C3B0
  8
0
 10
0.504209764176089
 20
-0.3101330483263567
 30
0.0
 11
0.5458773352782416
 21
-0.2684654772278421
 31
0.0
  0
LINE
  5
C3B1
  8
0
 10
0.5395651032356952
 20
-0.3101330483263567
 30
0.0
 11
0.5812326743378478
 21
-0.2684654772278421
 31
0.0
  0
LINE
  5
C3B2
  8
0
 10
0.3627884079413022
 20
-0.3101330483263567
 30
0.0
 11
0.4044559790398168
 21
-0.2684654772278421
 31
0.0
  0
LINE
  5
C3B3
  8
0
 10
0.327433068881696
 20
-0.3101330483263567
 30
0.0
 11
0.3691006399802106
 21
-0.2684654772278421
 31
0.0
  0
LINE
  5
C3B4
  8
0
 10
0.2920777298220898
 20
-0.3101330483263567
 30
0.0
 11
0.3337453009206044
 21
-0.2684654772278421
 31
0.0
  0
LINE
  5
C3B5
  8
0
 10
0.2567223907624836
 20
-0.3101330483263567
 30
0.0
 11
0.2983899618609982
 21
-0.2684654772278421
 31
0.0
  0
LINE
  5
C3B6
  8
0
 10
0.3981437470009084
 20
-0.3101330483263567
 30
0.0
 11
0.439811318099423
 21
-0.2684654772278421
 31
0.0
  0
LINE
  5
C3B7
  8
0
 10
0.4688544251164828
 20
-0.3101330483263567
 30
0.0
 11
0.5105219962186354
 21
-0.2684654772278421
 31
0.0
  0
LINE
  5
C3B8
  8
0
 10
0.4334990860568766
 20
-0.3101330483263567
 30
0.0
 11
0.4751666571590293
 21
-0.2684654772278421
 31
0.0
  0
LINE
  5
C3B9
  8
0
 10
0.7205851291417318
 20
-0.0937576833607139
 30
0.0
 11
0.7847527002430113
 21
-0.0295901122630724
 31
0.0
  0
LINE
  5
C3BA
  8
0
 10
0.68098645947412
 20
-0.3101330483263567
 30
0.0
 11
0.7847527002430113
 21
-0.2063668075574654
 31
0.0
  0
LINE
  5
C3BB
  8
0
 10
0.6456311204145138
 20
-0.3101330483263567
 30
0.0
 11
0.6872986915166665
 21
-0.2684654772278421
 31
0.0
  0
LINE
  5
C3BC
  8
0
 10
0.6102757813549076
 20
-0.3101330483263567
 30
0.0
 11
0.6519433524570603
 21
-0.2684654772278421
 31
0.0
  0
LINE
  5
C3BD
  8
0
 10
0.5749204422953014
 20
-0.3101330483263567
 30
0.0
 11
0.616588013397454
 21
-0.2684654772278421
 31
0.0
  0
LINE
  5
C3BE
  8
0
 10
0.7163417985337262
 20
-0.3101330483263567
 30
0.0
 11
0.7847527002430113
 21
-0.2417221466170716
 31
0.0
  0
LINE
  5
C3BF
  8
0
 10
0.7516971375933325
 20
-0.3101330483263567
 30
0.0
 11
0.7847527002430113
 21
-0.2770774856766778
 31
0.0
  0
LINE
  5
C3C0
  8
0
 10
0.7205851291417318
 20
-0.2351790395991387
 30
0.0
 11
0.7847527002430113
 21
-0.1710114684978592
 31
0.0
  0
LINE
  5
C3C1
  8
0
 10
0.7205851291417318
 20
-0.1998237005395325
 30
0.0
 11
0.7847527002430113
 21
-0.135656129438253
 31
0.0
  0
LINE
  5
C3C2
  8
0
 10
0.7205851291417318
 20
-0.1644683614799263
 30
0.0
 11
0.7847527002430113
 21
-0.1003007903822848
 31
0.0
  0
LINE
  5
C3C3
  8
0
 10
0.7205851291417318
 20
-0.1291130224203201
 30
0.0
 11
0.7847527002430113
 21
-0.0649454513226786
 31
0.0
  0
LINE
  5
C3C4
  8
0
 10
0.7205851291417318
 20
0.0123083338144667
 30
0.0
 11
0.7847527002430113
 21
0.0764759049157462
 31
0.0
  0
LINE
  5
C3C5
  8
0
 10
0.7205851291417318
 20
0.0476636728740729
 30
0.0
 11
0.7847527002430113
 21
0.1118312439753524
 31
0.0
  0
LINE
  5
C3C6
  8
0
 10
0.7205851291417318
 20
0.0830190119336791
 30
0.0
 11
0.7847527002430113
 21
0.1471865830349586
 31
0.0
  0
LINE
  5
C3C7
  8
0
 10
0.7205851291417318
 20
0.1183743509932853
 30
0.0
 11
0.7847527002430113
 21
0.1825419220945648
 31
0.0
  0
LINE
  5
C3C8
  8
0
 10
0.7205851291417318
 20
0.1537296900528915
 30
0.0
 11
0.7847527002430113
 21
0.217897261154171
 31
0.0
  0
LINE
  5
C3C9
  8
0
 10
0.7205851291417318
 20
-0.0584023443047457
 30
0.0
 11
0.7847527002430113
 21
0.0057652267965338
 31
0.0
  0
LINE
  5
C3CA
  8
0
 10
0.7205851291417318
 20
-0.0230470052451395
 30
0.0
 11
0.7847527002430113
 21
0.04112056585614
 31
0.0
  0
LINE
  5
C3CB
  8
0
 10
0.5148365712682832
 20
0.3015345227718669
 30
0.0
 11
0.5565041423704358
 21
0.3432020938740194
 31
0.0
  0
LINE
  5
C3CC
  8
0
 10
0.3734152150334964
 20
0.3015345227718669
 30
0.0
 11
0.4150827861320109
 21
0.3432020938740194
 31
0.0
  0
LINE
  5
C3CD
  8
0
 10
0.3380598759738902
 20
0.3015345227718669
 30
0.0
 11
0.3797274470724048
 21
0.3432020938740194
 31
0.0
  0
LINE
  5
C3CE
  8
0
 10
0.302704536914284
 20
0.3015345227718669
 30
0.0
 11
0.3443721080127986
 21
0.3432020938740194
 31
0.0
  0
LINE
  5
C3CF
  8
0
 10
0.2673491978546778
 20
0.3015345227718669
 30
0.0
 11
0.3090167689531924
 21
0.3432020938740194
 31
0.0
  0
LINE
  5
C3D0
  8
0
 10
0.479481232208677
 20
0.3015345227718669
 30
0.0
 11
0.5211488033108296
 21
0.3432020938740194
 31
0.0
  0
LINE
  5
C3D1
  8
0
 10
0.4087705540894646
 20
0.3015345227718669
 30
0.0
 11
0.4504381251916172
 21
0.3432020938740194
 31
0.0
  0
LINE
  5
C3D2
  8
0
 10
0.4441258931490708
 20
0.3015345227718669
 30
0.0
 11
0.4857934642512234
 21
0.3432020938740194
 31
0.0
  0
LINE
  5
C3D3
  8
0
 10
0.656257927506708
 20
0.3015345227718669
 30
0.0
 11
0.6979254986052226
 21
0.3432020938740194
 31
0.0
  0
LINE
  5
C3D4
  8
0
 10
0.6209025884471018
 20
0.3015345227718669
 30
0.0
 11
0.6625701595492544
 21
0.3432020938740194
 31
0.0
  0
LINE
  5
C3D5
  8
0
 10
0.5855472493874956
 20
0.3015345227718669
 30
0.0
 11
0.6272148204896482
 21
0.3432020938740194
 31
0.0
  0
LINE
  5
C3D6
  8
0
 10
0.5501919103278894
 20
0.3015345227718669
 30
0.0
 11
0.591859481430042
 21
0.3432020938740194
 31
0.0
  0
LINE
  5
C3D7
  8
0
 10
0.6916132665663142
 20
0.3015345227718669
 30
0.0
 11
0.7332808376648288
 21
0.3432020938740194
 31
0.0
  0
LINE
  5
C3D8
  8
0
 10
0.7205851291417318
 20
0.2597957072317101
 30
0.0
 11
0.7847527002430113
 21
0.3239632783329895
 31
0.0
  0
LINE
  5
C3D9
  8
0
 10
0.7205851291417318
 20
0.2951510462913163
 30
0.0
 11
0.7686361767244351
 21
0.3432020938740194
 31
0.0
  0
ENDBLK
  5
C3DA
  8
0
  0
BLOCK
  8
0
  2
*X3
 70
     1
 10
0.0
 20
0.0
 30
0.0
  3
*X3
  1

  0
LINE
  5
C3DD
  8
0
 62
     0
 10
0.6616484523130624
 20
-0.2681537715750637
 30
0.0
 11
0.6960902060697422
 21
-0.233712017818384
 31
0.0
  0
LINE
  5
C3DE
  8
0
 62
     0
 10
0.6094468848287982
 20
-0.2850000000000004
 30
0.0
 11
0.7124999999999996
 21
-0.1819468848287989
 31
0.0
  0
LINE
  5
C3DF
  8
0
 62
     0
 10
0.6780725652024593
 20
-0.1810189805670119
 30
0.0
 11
0.7125
 21
-0.1465915457694715
 31
0.0
  0
LINE
  5
C3E0
  8
0
 62
     0
 10
0.5740915457694708
 20
-0.2850000000000006
 30
0.0
 11
0.6085189805670112
 21
-0.25057256520246
 31
0.0
  0
LINE
  5
C3E1
  8
0
 62
     0
 10
0.6780725652024593
 20
-0.1456636415076844
 30
0.0
 11
0.7124999999999996
 21
-0.1112362067101441
 31
0.0
  0
LINE
  5
C3E2
  8
0
 62
     0
 10
0.5387362067101436
 20
-0.2850000000000006
 30
0.0
 11
0.5731636415076837
 21
-0.25057256520246
 31
0.0
  0
LINE
  5
C3E3
  8
0
 62
     0
 10
0.6780725652024593
 20
-0.1103083024483571
 30
0.0
 11
0.7125
 21
-0.0758808676508167
 31
0.0
  0
LINE
  5
C3E4
  8
0
 62
     0
 10
0.5033808676508161
 20
-0.2850000000000005
 30
0.0
 11
0.5378083024483564
 21
-0.25057256520246
 31
0.0
  0
LINE
  5
C3E5
  8
0
 62
     0
 10
0.6780725652024594
 20
-0.0749529633890297
 30
0.0
 11
0.7124999999999997
 21
-0.0405255285914894
 31
0.0
  0
LINE
  5
C3E6
  8
0
 62
     0
 10
0.4680255285914888
 20
-0.2850000000000005
 30
0.0
 11
0.5024529633890291
 21
-0.25057256520246
 31
0.0
  0
LINE
  5
C3E7
  8
0
 62
     0
 10
0.6780725652024593
 20
-0.0395976243297023
 30
0.0
 11
0.7124999999999996
 21
-0.005170189532162
 31
0.0
  0
LINE
  5
C3E8
  8
0
 62
     0
 10
0.4326701895321611
 20
-0.2850000000000005
 30
0.0
 11
0.4670976243297016
 21
-0.25057256520246
 31
0.0
  0
LINE
  5
C3E9
  8
0
 62
     0
 10
0.6780725652024593
 20
-0.004242285270375
 30
0.0
 11
0.7124999999999996
 21
0.0301851495271653
 31
0.0
  0
LINE
  5
C3EA
  8
0
 62
     0
 10
0.3973148504728337
 20
-0.2850000000000005
 30
0.0
 11
0.4317422852703743
 21
-0.25057256520246
 31
0.0
  0
LINE
  5
C3EB
  8
0
 62
     0
 10
0.6780725652024593
 20
0.0311130537889523
 30
0.0
 11
0.7124999999999997
 21
0.0655404885864928
 31
0.0
  0
LINE
  5
C3EC
  8
0
 62
     0
 10
0.3619595114135063
 20
-0.2850000000000005
 30
0.0
 11
0.396386946211047
 21
-0.25057256520246
 31
0.0
  0
LINE
  5
C3ED
  8
0
 62
     0
 10
0.6780725652024593
 20
0.0664683928482798
 30
0.0
 11
0.7124999999999997
 21
0.1008958276458203
 31
0.0
  0
LINE
  5
C3EE
  8
0
 62
     0
 10
0.326604172354179
 20
-0.2850000000000004
 30
0.0
 11
0.3610316071517196
 21
-0.2505725652024599
 31
0.0
  0
LINE
  5
C3EF
  8
0
 62
     0
 10
0.6780725652024594
 20
0.1018237319076073
 30
0.0
 11
0.7124999999999997
 21
0.1362511667051476
 31
0.0
  0
LINE
  5
C3F0
  8
0
 62
     0
 10
0.2912488332948516
 20
-0.2850000000000005
 30
0.0
 11
0.3256762680923923
 21
-0.2505725652024599
 31
0.0
  0
LINE
  5
C3F1
  8
0
 62
     0
 10
0.6780725652024594
 20
0.1371790709669345
 30
0.0
 11
0.7124999999999997
 21
0.1716065057644748
 31
0.0
  0
LINE
  5
C3F2
  8
0
 62
     0
 10
0.2558934942355243
 20
-0.2850000000000004
 30
0.0
 11
0.290320929033065
 21
-0.2505725652024599
 31
0.0
  0
LINE
  5
C3F3
  8
0
 62
     0
 10
0.6780725652024593
 20
0.1725344100262618
 30
0.0
 11
0.7097404864702268
 21
0.2042023312940293
 31
0.0
  0
LINE
  5
C3F4
  8
0
 62
     0
 10
0.2205381551761969
 20
-0.2850000000000005
 30
0.0
 11
0.2549655899737373
 21
-0.25057256520246
 31
0.0
  0
LINE
  5
C3F5
  8
0
 62
     0
 10
0.6734697078955977
 20
0.2032868917787276
 30
0.0
 11
0.6990540998974552
 21
0.228871283780585
 31
0.0
  0
LINE
  5
C3F6
  8
0
 62
     0
 10
0.1851828161168696
 20
-0.2850000000000004
 30
0.0
 11
0.2196102509144101
 21
-0.2505725652024597
 31
0.0
  0
LINE
  5
C3F7
  8
0
 62
     0
 10
0.6596961438464754
 20
0.2248686667889326
 30
0.0
 11
0.6840706205168652
 21
0.2492431434593225
 31
0.0
  0
LINE
  5
C3F8
  8
0
 62
     0
 10
0.1498274770575422
 20
-0.2850000000000002
 30
0.0
 11
0.1842549118550828
 21
-0.2505725652024597
 31
0.0
  0
LINE
  5
C3F9
  8
0
 62
     0
 10
0.6403380089478273
 20
0.2408658709496119
 30
0.0
 11
0.6652211622012541
 21
0.2657490242030385
 31
0.0
  0
LINE
  5
C3FA
  8
0
 62
     0
 10
0.1144721379982148
 20
-0.2850000000000003
 30
0.0
 11
0.1488995727957553
 21
-0.2505725652024597
 31
0.0
  0
LINE
  5
C3FB
  8
0
 62
     0
 10
0.6146893641413476
 20
0.2505725652024597
 30
0.0
 11
0.6423260782626099
 21
0.2782092793237219
 31
0.0
  0
LINE
  5
C3FC
  8
0
 62
     0
 10
0.0791167989388875
 20
-0.2850000000000002
 30
0.0
 11
0.113544233736428
 21
-0.2505725652024597
 31
0.0
  0
LINE
  5
C3FD
  8
0
 62
     0
 10
0.5793340250820203
 20
0.2505725652024597
 30
0.0
 11
0.6137614598795605
 21
0.2849999999999999
 31
0.0
  0
LINE
  5
C3FE
  8
0
 62
     0
 10
0.0437614598795602
 20
-0.2850000000000003
 30
0.0
 11
0.0781888946771008
 21
-0.2505725652024597
 31
0.0
  0
LINE
  5
C3FF
  8
0
 62
     0
 10
0.543978686022693
 20
0.2505725652024597
 30
0.0
 11
0.5784061208202334
 21
0.2850000000000001
 31
0.0
  0
LINE
  5
C400
  8
0
 62
     0
 10
0.0084061208202328
 20
-0.2850000000000002
 30
0.0
 11
0.0428335556177734
 21
-0.2505725652024596
 31
0.0
  0
LINE
  5
C401
  8
0
 62
     0
 10
0.5086233469633653
 20
0.2505725652024596
 30
0.0
 11
0.5430507817609059
 21
0.2850000000000001
 31
0.0
  0
LINE
  5
C402
  8
0
 62
     0
 10
-0.0269492182390946
 20
-0.2850000000000002
 30
0.0
 11
0.0074782165584459
 21
-0.2505725652024597
 31
0.0
  0
LINE
  5
C403
  8
0
 62
     0
 10
0.473268007904038
 20
0.2505725652024597
 30
0.0
 11
0.5076954427015786
 21
0.2850000000000001
 31
0.0
  0
LINE
  5
C404
  8
0
 62
     0
 10
-0.062304557298422
 20
-0.2850000000000001
 30
0.0
 11
-0.0278771225008814
 21
-0.2505725652024596
 31
0.0
  0
LINE
  5
C405
  8
0
 62
     0
 10
0.4379126688447105
 20
0.2505725652024596
 30
0.0
 11
0.4723401036422512
 21
0.2850000000000001
 31
0.0
  0
LINE
  5
C406
  8
0
 62
     0
 10
-0.0976598963577494
 20
-0.2850000000000002
 30
0.0
 11
-0.0632324615602088
 21
-0.2505725652024596
 31
0.0
  0
LINE
  5
C407
  8
0
 62
     0
 10
0.4025573297853832
 20
0.2505725652024596
 30
0.0
 11
0.4369847645829239
 21
0.2849999999999999
 31
0.0
  0
LINE
  5
C408
  8
0
 62
     0
 10
-0.1330152354170767
 20
-0.2850000000000002
 30
0.0
 11
-0.0985878006195361
 21
-0.2505725652024597
 31
0.0
  0
LINE
  5
C409
  8
0
 62
     0
 10
0.367201990726056
 20
0.2505725652024596
 30
0.0
 11
0.4016294255235965
 21
0.2849999999999999
 31
0.0
  0
LINE
  5
C40A
  8
0
 62
     0
 10
-0.1683705744764041
 20
-0.2850000000000002
 30
0.0
 11
-0.1339431396788635
 21
-0.2505725652024597
 31
0.0
  0
LINE
  5
C40B
  8
0
 62
     0
 10
0.3318466516667283
 20
0.2505725652024596
 30
0.0
 11
0.3662740864642688
 21
0.2850000000000001
 31
0.0
  0
LINE
  5
C40C
  8
0
 62
     0
 10
-0.2037259135357315
 20
-0.2850000000000002
 30
0.0
 11
-0.169298478738191
 21
-0.2505725652024596
 31
0.0
  0
LINE
  5
C40D
  8
0
 62
     0
 10
0.2964913126074011
 20
0.2505725652024597
 30
0.0
 11
0.3309187474049415
 21
0.2850000000000001
 31
0.0
  0
LINE
  5
C40E
  8
0
 62
     0
 10
-0.2390812525950589
 20
-0.2850000000000002
 30
0.0
 11
-0.2046538177975183
 21
-0.2505725652024597
 31
0.0
  0
LINE
  5
C40F
  8
0
 62
     0
 10
0.2611359735480737
 20
0.2505725652024596
 30
0.0
 11
0.2955634083456142
 21
0.2850000000000002
 31
0.0
  0
LINE
  5
C410
  8
0
 62
     0
 10
-0.2744365916543862
 20
-0.2850000000000001
 30
0.0
 11
-0.2400091568568457
 21
-0.2505725652024596
 31
0.0
  0
LINE
  5
C411
  8
0
 62
     0
 10
0.2257806344887464
 20
0.2505725652024597
 30
0.0
 11
0.2602080692862867
 21
0.2850000000000001
 31
0.0
  0
LINE
  5
C412
  8
0
 62
     0
 10
-0.3097919307137135
 20
-0.2850000000000001
 30
0.0
 11
-0.2753644959161731
 21
-0.2505725652024596
 31
0.0
  0
LINE
  5
C413
  8
0
 62
     0
 10
0.190425295429419
 20
0.2505725652024596
 30
0.0
 11
0.2248527302269594
 21
0.2850000000000001
 31
0.0
  0
LINE
  5
C414
  8
0
 62
     0
 10
-0.3451472697730409
 20
-0.2850000000000001
 30
0.0
 11
-0.3107198349755004
 21
-0.2505725652024597
 31
0.0
  0
LINE
  5
C415
  8
0
 62
     0
 10
0.1550699563700916
 20
0.2505725652024596
 30
0.0
 11
0.189497391167632
 21
0.2850000000000001
 31
0.0
  0
LINE
  5
C416
  8
0
 62
     0
 10
-0.3805026088323683
 20
-0.2850000000000002
 30
0.0
 11
-0.3460751740348278
 21
-0.2505725652024597
 31
0.0
  0
LINE
  5
C417
  8
0
 62
     0
 10
0.1197146173107642
 20
0.2505725652024596
 30
0.0
 11
0.1541420521083048
 21
0.2850000000000001
 31
0.0
  0
LINE
  5
C418
  8
0
 62
     0
 10
-0.4158579478916959
 20
-0.2850000000000001
 30
0.0
 11
-0.3814305130941552
 21
-0.2505725652024596
 31
0.0
  0
LINE
  5
C419
  8
0
 62
     0
 10
0.0843592782514368
 20
0.2505725652024596
 30
0.0
 11
0.1187867130489774
 21
0.2850000000000002
 31
0.0
  0
LINE
  5
C41A
  8
0
 62
     0
 10
-0.4512132869510232
 20
-0.2850000000000001
 30
0.0
 11
-0.4167858521534827
 21
-0.2505725652024597
 31
0.0
  0
LINE
  5
C41B
  8
0
 62
     0
 10
0.0490039391921093
 20
0.2505725652024596
 30
0.0
 11
0.08343137398965
 21
0.2850000000000002
 31
0.0
  0
LINE
  5
C41C
  8
0
 62
     0
 10
-0.4865686260103506
 20
-0.2850000000000001
 30
0.0
 11
-0.45214119121281
 21
-0.2505725652024596
 31
0.0
  0
LINE
  5
C41D
  8
0
 62
     0
 10
0.013648600132782
 20
0.2505725652024596
 30
0.0
 11
0.0480760349303224
 21
0.2850000000000001
 31
0.0
  0
LINE
  5
C41E
  8
0
 62
     0
 10
-0.5219239650696778
 20
-0.2850000000000001
 30
0.0
 11
-0.4874965302721374
 21
-0.2505725652024596
 31
0.0
  0
LINE
  5
C41F
  8
0
 62
     0
 10
-0.0217067389265454
 20
0.2505725652024595
 30
0.0
 11
0.0127206958709952
 21
0.2850000000000001
 31
0.0
  0
LINE
  5
C420
  8
0
 62
     0
 10
-0.5572793041290052
 20
-0.2850000000000001
 30
0.0
 11
-0.5228518693314647
 21
-0.2505725652024596
 31
0.0
  0
LINE
  5
C421
  8
0
 62
     0
 10
-0.0570620779858728
 20
0.2505725652024596
 30
0.0
 11
-0.0226346431883322
 21
0.2850000000000002
 31
0.0
  0
LINE
  5
C422
  8
0
 62
     0
 10
-0.5926346431883326
 20
-0.2850000000000001
 30
0.0
 11
-0.5582072083907921
 21
-0.2505725652024596
 31
0.0
  0
LINE
  5
C423
  8
0
 62
     0
 10
-0.0924174170452002
 20
0.2505725652024596
 30
0.0
 11
-0.0579899822476596
 21
0.2850000000000002
 31
0.0
  0
LINE
  5
C424
  8
0
 62
     0
 10
-0.6263709010495063
 20
-0.2833809188018464
 30
0.0
 11
-0.5935625474501195
 21
-0.2505725652024596
 31
0.0
  0
LINE
  5
C425
  8
0
 62
     0
 10
-0.1277727561045274
 20
0.2505725652024597
 30
0.0
 11
-0.0933453213069868
 21
0.2850000000000003
 31
0.0
  0
LINE
  5
C426
  8
0
 62
     0
 10
-0.6520642748431361
 20
-0.2737189535361489
 30
0.0
 11
-0.6259563104998515
 21
-0.2476109891928643
 31
0.0
  0
LINE
  5
C427
  8
0
 62
     0
 10
-0.163128095163855
 20
0.2505725652024597
 30
0.0
 11
-0.1287006603663143
 21
0.2850000000000002
 31
0.0
  0
LINE
  5
C428
  8
0
 62
     0
 10
-0.6732701833929858
 20
-0.259569523026671
 30
0.0
 11
-0.6487948570845968
 21
-0.235094196718282
 31
0.0
  0
LINE
  5
C429
  8
0
 62
     0
 10
-0.1984834342231821
 20
0.2505725652024597
 30
0.0
 11
-0.1640559994256416
 21
0.2850000000000004
 31
0.0
  0
LINE
  5
C42A
  8
0
 62
     0
 10
-0.6905746921523194
 20
-0.2415186927266774
 30
0.0
 11
-0.6659385235783877
 21
-0.2168825241527457
 31
0.0
  0
LINE
  5
C42B
  8
0
 62
     0
 10
-0.2338387732825096
 20
0.2505725652024597
 30
0.0
 11
-0.199411338484969
 21
0.2850000000000003
 31
0.0
  0
LINE
  5
C42C
  8
0
 62
     0
 10
-0.7039211066796617
 20
-0.2195097681946923
 30
0.0
 11
-0.6772062354110429
 21
-0.1927948969260735
 31
0.0
  0
LINE
  5
C42D
  8
0
 62
     0
 10
-0.269194112341837
 20
0.2505725652024598
 30
0.0
 11
-0.2347666775442963
 21
0.2850000000000003
 31
0.0
  0
LINE
  5
C42E
  8
0
 62
     0
 10
-0.7125000000000004
 20
-0.1927333224557033
 30
0.0
 11
-0.67807256520246
 21
-0.158305887658163
 31
0.0
  0
LINE
  5
C42F
  8
0
 62
     0
 10
-0.3045494514011643
 20
0.2505725652024597
 30
0.0
 11
-0.2701220166036236
 21
0.2850000000000004
 31
0.0
  0
LINE
  5
C430
  8
0
 62
     0
 10
-0.7125000000000004
 20
-0.157377983396376
 30
0.0
 11
-0.67807256520246
 21
-0.1229505485988356
 31
0.0
  0
LINE
  5
C431
  8
0
 62
     0
 10
-0.3399047904604916
 20
0.2505725652024598
 30
0.0
 11
-0.305477355662951
 21
0.2850000000000004
 31
0.0
  0
LINE
  5
C432
  8
0
 62
     0
 10
-0.7125000000000004
 20
-0.1220226443370486
 30
0.0
 11
-0.67807256520246
 21
-0.0875952095395082
 31
0.0
  0
LINE
  5
C433
  8
0
 62
     0
 10
-0.3752601295198191
 20
0.2505725652024599
 30
0.0
 11
-0.3408326947222784
 21
0.2850000000000005
 31
0.0
  0
LINE
  5
C434
  8
0
 62
     0
 10
-0.7125000000000004
 20
-0.0866673052777213
 30
0.0
 11
-0.67807256520246
 21
-0.0522398704801809
 31
0.0
  0
LINE
  5
C435
  8
0
 62
     0
 10
-0.4106154685791463
 20
0.25057256520246
 30
0.0
 11
-0.3761880337816058
 21
0.2850000000000004
 31
0.0
  0
LINE
  5
C436
  8
0
 62
     0
 10
-0.7125000000000004
 20
-0.0513119662183939
 30
0.0
 11
-0.67807256520246
 21
-0.0168845314208535
 31
0.0
  0
LINE
  5
C437
  8
0
 62
     0
 10
-0.4459708076384737
 20
0.2505725652024599
 30
0.0
 11
-0.4115433728409332
 21
0.2850000000000005
 31
0.0
  0
LINE
  5
C438
  8
0
 62
     0
 10
-0.7125000000000004
 20
-0.0159566271590665
 30
0.0
 11
-0.67807256520246
 21
0.018470807638474
 31
0.0
  0
LINE
  5
C439
  8
0
 62
     0
 10
-0.4813261466978011
 20
0.2505725652024599
 30
0.0
 11
-0.4468987119002605
 21
0.2850000000000005
 31
0.0
  0
LINE
  5
C43A
  8
0
 62
     0
 10
-0.7125
 20
0.0193987119002609
 30
0.0
 11
-0.67807256520246
 21
0.0538261466978013
 31
0.0
  0
LINE
  5
C43B
  8
0
 62
     0
 10
-0.5166814857571285
 20
0.2505725652024599
 30
0.0
 11
-0.482254050959588
 21
0.2850000000000005
 31
0.0
  0
LINE
  5
C43C
  8
0
 62
     0
 10
-0.7125000000000004
 20
0.0547540509595882
 30
0.0
 11
-0.67807256520246
 21
0.0891814857571287
 31
0.0
  0
LINE
  5
C43D
  8
0
 62
     0
 10
-0.5520368248164558
 20
0.2505725652024599
 30
0.0
 11
-0.5176093900189152
 21
0.2850000000000005
 31
0.0
  0
LINE
  5
C43E
  8
0
 62
     0
 10
-0.7125000000000004
 20
0.0901093900189157
 30
0.0
 11
-0.67807256520246
 21
0.124536824816456
 31
0.0
  0
LINE
  5
C43F
  8
0
 62
     0
 10
-0.5873921638757832
 20
0.25057256520246
 30
0.0
 11
-0.5529647290782427
 21
0.2850000000000005
 31
0.0
  0
LINE
  5
C440
  8
0
 62
     0
 10
-0.7125000000000004
 20
0.125464729078243
 30
0.0
 11
-0.67807256520246
 21
0.1598921638757834
 31
0.0
  0
LINE
  5
C441
  8
0
 62
     0
 10
-0.6255747227031088
 20
0.2477453454344616
 30
0.0
 11
-0.58832006813757
 21
0.2850000000000005
 31
0.0
  0
LINE
  5
C442
  8
0
 62
     0
 10
-0.7125000000000004
 20
0.1608200681375704
 30
0.0
 11
-0.6756817799291408
 21
0.1976382882084299
 31
0.0
  0
LINE
  5
C443
  8
0
 62
     0
 10
-0.7116558435091973
 20
0.1970195636877006
 30
0.0
 11
-0.6249559981823794
 21
0.2837194090145185
 31
0.0
  0
ENDBLK
  5
C444
  8
0
  0
BLOCK
  8
0
  2
LOCALESCALA
 70
     0
 10
0.0
 20
0.0
 30
0.0
  3
LOCALESCALA
  1

  0
LINE
  5
C447
  8
0
 10
-0.6007262030665858
 20
0.3102438739685027
 30
0.0
 11
0.6366079243476293
 21
0.3102438739685027
 31
0.0
  0
POLYLINE
  5
C448
  8
0
 66
     1
 10
0.0
 20
0.0
 30
0.0
 70
     1
  0
VERTEX
  5
E15A
  8
0
 10
0.6960134258429777
 20
0.2146816752998717
 30
0.0
 42
0.2910318779541711
  0
VERTEX
  5
E15B
  8
0
 10
0.6333540237270086
 20
0.2758164391695033
 30
0.0
  0
VERTEX
  5
E15C
  8
0
 10
-0.5974723024459651
 20
0.2758164391695033
 30
0.0
 42
0.2910318779541749
  0
VERTEX
  5
E15D
  8
0
 10
-0.660131704561934
 20
0.2146816752998717
 30
0.0
  0
VERTEX
  5
E15E
  8
0
 10
-0.660131704561934
 20
-0.1641939273625752
 30
0.0
 42
0.2910318779541748
  0
VERTEX
  5
E15F
  8
0
 10
-0.5974723024459651
 20
-0.2253286912322068
 30
0.0
  0
VERTEX
  5
E160
  8
0
 10
0.6333540237270086
 20
-0.2253286912322068
 30
0.0
 42
0.2910318779541744
  0
VERTEX
  5
E161
  8
0
 10
0.6960134258429777
 20
-0.1641939273625752
 30
0.0
  0
SEQEND
  5
E162
  8
0
  0
LINE
  5
C452
  8
0
 10
0.6366079243476293
 20
-0.2597561260312062
 30
0.0
 11
-0.6007262030665858
 21
-0.2597561260312062
 31
0.0
  0
INSERT
  5
C453
  8
0
  6
CONTINUOUS
  2
*X3
 10
0.0179408606405218
 20
0.0252438739686483
 30
0.0
1001
ACAD
1000
HATCH
1002
{
1070
    19
1000
ANSI31
1040
0.2
1040
0.0
1000
R14_HATCH_DATA
1000
22F5
1011
1.01794086064052
1021
3.6407190074888659E+059
1031
6.8543538185950722E+025
1021
0.0252438739686483
1031
0.0
1011
0.0179408606405218
1021
3.6407190074888659E+059
1031
6.8543538185950722E+025
1021
1.025243873968648
1031
0.0
1011
0.0179408606405218
1021
3.6407190074888659E+059
1031
6.8543538185950722E+025
1021
0.0252438739686483
1031
1.0
1040
0.0
1010
0.0
1020
0.0
1030
1.0
1000
ANSI31
1070
     0
1070
     0
1071
        2
1071
        1
1071
        8
1070
     2
1040
0.5986753835013153
1040
0.1707389490066367
1040
0.1159967889711053
1040
0.1938292108309469
1040
1.397584659413535
1070
     1
1070
     1
1040
0.6186670637083194
1040
0.2850000000000001
1040
-0.6186670637083198
1040
0.2850000000000001
1070
     2
1040
-0.5986753835013156
1040
0.1707389490066367
1040
0.1159967889711052
1040
1.7440079941762541
1040
2.947763442758851
1070
     1
1070
     1
1040
-0.7125000000000004
1040
0.1930819955879448
1040
-0.7125000000000004
1040
-0.1930819955879446
1070
     2
1040
-0.5986753835013154
1040
-0.1707389490066366
1040
0.1159967889711053
1040
3.3354218644207321
1040
4.5391773130033251
1070
     1
1070
     1
1040
-0.6186670637083198
1040
-0.2850000000000001
1040
0.6186670637083198
1040
-0.2850000000000001
1070
     2
1040
0.5986753835013153
1040
-0.1707389490066367
1040
0.1159967889711053
1040
4.8856006477660481
1040
6.0893560963486451
1070
     1
1070
     1
1040
0.7124999999999997
1040
-0.1930819955879446
1040
0.7124999999999997
1040
0.1930819955879455
1071
        0
1071
       16
1071
        8
1070
     2
1040
0.5986753835013153
1040
0.1707389490066366
1040
0.0815693541735651
1040
0.2312954779779429
1040
1.3641314306089221
1070
     1
1070
     1
1040
0.6154131630849548
1040
0.2505725652024597
1040
-0.6154131630849548
1040
0.2505725652024597
1070
     2
1040
-0.5986753835013157
1040
0.1707389490066367
1040
0.0815693541735648
1040
1.777461222980858
1040
2.9102971756118521
1070
     1
1070
     1
1040
-0.67807256520246
1040
0.1894378013299203
1040
-0.67807256520246
1040
-0.1894378013299196
1070
     2
1040
-0.5986753835013153
1040
-0.1707389490066365
1040
0.0815693541735651
1040
3.3728881315677262
1040
4.5057240841987181
1070
     1
1070
     1
1040
-0.6154131630849548
1040
-0.2505725652024596
1040
0.6154131630849548
1040
-0.2505725652024597
1070
     2
1040
0.5986753835013154
1040
-0.1707389490066369
1040
0.0815693541735647
1040
4.9190538765706551
1040
6.0518898292016514
1070
     1
1070
     1
1040
0.6780725652024593
1040
-0.1894378013299201
1040
0.6780725652024593
1040
0.1894378013299205
1071
        0
1070
     0
1070
     1
1040
0.0
1040
0.2
1070
     0
1070
     1
1040
0.7853981633974483
1040
-0.7768674746211746
1040
-0.3278114751955325
1040
-0.0176776695296637
1040
0.0176776695296637
1070
     0
1071
        1
1040
-0.7768674746211746
1040
-0.3278114751955325
1040
0.0
1002
}
  0
ARC
  5
C454
  8
0
 10
-0.5807345228617467
 20
0.1959828229761484
 30
0.0
 40
0.1159967889711053
 50
99.924297503436051
 51
168.89440427299991
  0
LINE
  5
C455
  8
0
 10
-0.6945591393609334
 20
0.2183258695573755
 30
0.0
 11
-0.6945591393609334
 21
-0.167838121620079
 31
0.0
  0
ARC
  5
C456
  8
0
 10
-0.5807345228617467
 20
-0.1454950750388519
 30
0.0
 40
0.1159967889711053
 50
191.10559572700001
 51
260.07570249656391
  0
ARC
  5
C457
  8
0
 10
0.6166162441427902
 20
0.1959828229761484
 30
0.0
 40
0.1159967889711053
 50
11.10559572700007
 51
80.075702496563935
  0
ARC
  5
C458
  8
0
 10
0.6166162441427902
 20
-0.1454950750388519
 30
0.0
 40
0.1159967889711053
 50
279.92429750343598
 51
348.89440427300002
  0
LINE
  5
C459
  8
0
 10
0.730440860641977
 20
0.2183258695573755
 30
0.0
 11
0.730440860641977
 21
-0.167838121620079
 31
0.0
  0
ENDBLK
  5
C45A
  8
0
  0
BLOCK
  8
0
  2
NODO_TUBO
 70
     0
 10
0.0
 20
0.0
 30
0.0
  3
NODO_TUBO
  1

  0
CIRCLE
  5
C45D
  8
0
 10
0.0
 20
0.0
 30
0.0
 40
0.0698792446768197
1001
ACAD
1000
ASC_BOUNDS
1002
{
1070
    19
1005
0
1002
}
  0
CIRCLE
  5
C45E
  8
0
 10
0.0
 20
0.0
 30
0.0
 40
0.0978928493370846
  0
LINE
  5
C45F
  8
0
 62
     0
 10
0.025837568755378
 20
-0.0649271043366753
 30
0.0
 11
-0.0433097373716009
 21
0.0548395430814708
 31
0.0
  0
LINE
  5
C460
  8
0
 62
     0
 10
0.0088503763035988
 20
-0.0693165180600772
 30
0.0
 11
-0.0556046773890557
 21
0.0423229097395961
 31
0.0
  0
LINE
  5
C461
  8
0
 62
     0
 10
-0.0108339883845474
 20
-0.06903429243539
 30
0.0
 11
-0.0652024451774196
 21
0.0251346370532701
 31
0.0
  0
LINE
  5
C462
  8
0
 62
     0
 10
-0.0354417382877728
 20
-0.0602245134796249
 30
0.0
 11
-0.0698768277470663
 21
-0.0005811889714096
 31
0.0
  0
LINE
  5
C463
  8
0
 62
     0
 10
-0.0428063473227667
 20
-0.0552333727537189
 30
0.0
 11
0.0264303302792541
 21
0.0646880706008233
 31
0.0
  0
LINE
  5
C464
  8
0
 62
     0
 10
-0.0551873038675694
 20
-0.0428657244010538
 30
0.0
 11
0.0095291543511848
 21
0.0692264693170728
 31
0.0
  0
LINE
  5
C465
  8
0
 62
     0
 10
-0.0649068570346572
 20
-0.0258883901842637
 30
0.0
 11
-0.0100334249545995
 21
0.0691551821655594
 31
0.0
  0
LINE
  5
C466
  8
0
 62
     0
 10
-0.0698759073275142
 20
-0.0006829436242697
 30
0.0
 11
-0.0343465071346145
 21
0.0608557826672041
 31
0.0
  0
LINE
  5
C467
  8
0
 62
     0
 10
-0.0473939148287173
 20
-0.0513510046039301
 30
0.0
 11
0.0473939148287173
 21
-0.0513510046039301
 31
0.0
  0
LINE
  5
C468
  8
0
 62
     0
 10
-0.0608001129694458
 20
-0.0344449575350154
 30
0.0
 11
0.0608001129694458
 21
-0.0344449575350154
 31
0.0
  0
LINE
  5
C469
  8
0
 62
     0
 10
-0.0676424087105261
 20
-0.0175389104697388
 30
0.0
 11
0.0676424087105261
 21
-0.0175389104697388
 31
0.0
  0
LINE
  5
C46A
  8
0
 62
     0
 10
-0.0698763788459473
 20
-0.0006328634044621
 30
0.0
 11
0.0698763788459473
 21
-0.0006328634044621
 31
0.0
  0
LINE
  5
C46B
  8
0
 62
     0
 10
-0.0679580188807449
 20
0.0162731836608146
 30
0.0
 11
0.0679580188807449
 21
0.0162731836608146
 31
0.0
  0
LINE
  5
C46C
  8
0
 62
     0
 10
-0.0614999795543554
 20
0.0331792307260912
 30
0.0
 11
0.0614999795543554
 21
0.0331792307260912
 31
0.0
  0
LINE
  5
C46D
  8
0
 62
     0
 10
-0.0487295986567915
 20
0.0500852777913679
 30
0.0
 11
0.0487295986567915
 21
0.0500852777913679
 31
0.0
  0
LINE
  5
C46E
  8
0
 62
     0
 10
0.0696564772697457
 20
-0.0055753036867827
 30
0.0
 11
0.0299998840091576
 21
0.0631119306963228
 31
0.0
  0
LINE
  5
C46F
  8
0
 62
     0
 10
0.0636136196844746
 20
-0.0289208614558447
 30
0.0
 11
0.0067606091215566
 21
0.0695514414001082
 31
0.0
  0
LINE
  5
C470
  8
0
 62
     0
 10
0.0534103729587514
 20
-0.0450604138568451
 30
0.0
 11
-0.0123182766292303
 21
0.0687849467358319
 31
0.0
  0
LINE
  5
C471
  8
0
 62
     0
 10
0.0406778775795829
 20
-0.0568191790880519
 30
0.0
 11
-0.0288679137229337
 21
0.063637664901762
 31
0.0
  0
LINE
  5
C472
  8
0
 62
     0
 10
0.0310150889672514
 20
-0.0626192709387397
 30
0.0
 11
0.0697374238843622
 21
0.0044497805247374
 31
0.0
  0
LINE
  5
C473
  8
0
 62
     0
 10
0.0075375081942184
 20
-0.0694715395438834
 30
0.0
 11
0.0639328721845232
 21
0.0282080961951579
 31
0.0
  0
LINE
  5
C474
  8
0
 62
     0
 10
-0.0116542580035457
 20
-0.0689005595559138
 30
0.0
 11
0.0538425059057772
 21
0.0445431632724649
 31
0.0
  0
LINE
  5
C475
  8
0
 62
     0
 10
-0.028287359062233
 20
-0.0638978415445308
 30
0.0
 11
0.0411934744915925
 21
0.0564464923263586
 31
0.0
  0
LINE
  5
C476
  8
0
 62
     0
 10
-0.0149694266474398
 20
-0.0682570516692067
 30
0.0
 11
0.0149694266474398
 21
-0.0682570516692067
 31
0.0
  0
LINE
  5
C477
  8
0
 62
     0
 10
-0.0198814292853058
 20
0.0669913248566445
 30
0.0
 11
0.0198814292853058
 21
0.0669913248566445
 31
0.0
  0
ENDBLK
  5
C478
  8
0
  0
BLOCK
  8
0
  2
POMPA
 70
     0
 10
0.0
 20
0.0
 30
0.0
  3
POMPA
  1

  0
CIRCLE
  5
C47B
  8
0
 10
-0.144401312903702
 20
0.0000000000001359
 30
0.0
 40
0.144401312903702
  0
POLYLINE
  5
C47C
  8
0
 66
     1
 10
0.0
 20
0.0
 30
0.0
 70
     1
  0
VERTEX
  5
E163
  8
0
 10
0.0000000000002356
 20
0.0000000000001359
 30
0.0
  0
VERTEX
  5
E164
  8
0
 10
-0.2166019693538518
 20
0.1250552053135374
 30
0.0
  0
VERTEX
  5
E165
  8
0
 10
-0.2166019693538518
 20
-0.1250552053132656
 30
0.0
  0
SEQEND
  5
E166
  8
0
  0
ENDBLK
  5
C481
  8
0
  0
BLOCK
  8
0
  2
PONTETERMICO
 70
     0
 10
0.0
 20
0.0
 30
0.0
  3
PONTETERMICO
  1

  0
LINE
  5
C484
  8
0
 10
-0.021957315886898
 20
0.1269098944994123
 30
0.0
 11
-0.0157073158847152
 21
0.1269098944994123
 31
0.0
  0
LINE
  5
C485
  8
0
 10
-0.021957315886898
 20
0.1160845769499512
 30
0.0
 11
-0.0157073158847152
 21
0.1160845769499512
 31
0.0
  0
LINE
  5
C486
  8
0
 10
-0.021957315886898
 20
0.1052592594004902
 30
0.0
 11
-0.0188216457103363
 21
0.1052592594004902
 31
0.0
  0
LINE
  5
C487
  8
0
 10
-0.021957315886898
 20
-0.0895964565007224
 30
0.0
 11
-0.0157073158847152
 21
-0.0895964565007224
 31
0.0
  0
LINE
  5
C488
  8
0
 10
-0.021957315886898
 20
-0.1004217740501834
 30
0.0
 11
-0.0157073158847152
 21
-0.1004217740501834
 31
0.0
  0
LINE
  5
C489
  8
0
 10
-0.021957315886898
 20
-0.1112470915996444
 30
0.0
 11
-0.0157073158847152
 21
-0.1112470915996444
 31
0.0
  0
LINE
  5
C48A
  8
0
 10
-0.021957315886898
 20
-0.1220724091491054
 30
0.0
 11
-0.0157073158847152
 21
-0.1220724091491054
 31
0.0
  0
LINE
  5
C48B
  8
0
 10
-0.021957315886898
 20
-0.1328977267022044
 30
0.0
 11
-0.0157073158847152
 21
-0.1328977267022044
 31
0.0
  0
LINE
  5
C48C
  8
0
 10
-0.021957315886898
 20
-0.1437230442516655
 30
0.0
 11
-0.0157073158847152
 21
-0.1437230442516655
 31
0.0
  0
LINE
  5
C48D
  8
0
 10
0.0953538494573922
 20
0.1366682727802337
 30
0.0
 11
-0.0978137513124193
 21
0.1366682727802337
 31
0.0
  0
LINE
  5
C48E
  8
0
 10
-0.1575058227139334
 20
-0.0470450326666385
 30
0.0
 11
-0.0012299509293325
 21
-0.1605860996188047
 31
0.0
  0
LINE
  5
C48F
  8
0
 10
-0.0012299509293325
 20
0.1180403737980025
 30
0.0
 11
-0.109943602299968
 21
0.0390552827029107
 31
0.0
  0
LINE
  5
C490
  8
0
 10
-0.0684186825168536
 20
-0.088745279297719
 30
0.0
 11
0.0659587806581885
 21
-0.088745279297719
 31
0.0
  0
LINE
  5
C491
  8
0
 10
-0.0782076417603048
 20
0.116084274870381
 30
0.0
 11
-0.0813326417595772
 21
0.1214969336451115
 31
0.0
  0
LINE
  5
C492
  8
0
 10
-0.0407076417508461
 20
0.116084274874019
 30
0.0
 11
-0.0438326417537565
 21
0.1214969336487495
 31
0.0
  0
LINE
  5
C493
  8
0
 10
-0.0719577404310212
 20
0.1160847081245531
 30
0.0
 11
-0.0688327404317488
 21
0.1214973668992836
 31
0.0
  0
LINE
  5
C494
  8
0
 10
-0.0344577404215625
 20
0.1160847081209151
 30
0.0
 11
-0.0313327404222901
 21
0.1214973668956456
 31
0.0
  0
LINE
  5
C495
  8
0
 10
-0.0978137513124193
 20
0.1366682727802337
 30
0.0
 11
-0.1575058227139334
 21
-0.0470450326666385
 31
0.0
  0
LINE
  5
C496
  8
0
 10
-0.0969573158876256
 20
0.1160845769499512
 30
0.0
 11
-0.0907073158854428
 21
0.1160845769499512
 31
0.0
  0
LINE
  5
C497
  8
0
 10
-0.0782073158847152
 20
0.1160845769499512
 30
0.0
 11
-0.0719573158861704
 21
0.1160845769499512
 31
0.0
  0
LINE
  5
C498
  8
0
 10
-0.0594573158854428
 20
0.1160845769499512
 30
0.0
 11
-0.053207315886898
 21
0.1160845769499512
 31
0.0
  0
LINE
  5
C499
  8
0
 10
-0.0407073158861704
 20
0.1160845769499512
 30
0.0
 11
-0.0344573158876256
 21
0.1160845769499512
 31
0.0
  0
LINE
  5
C49A
  8
0
 10
-0.0969573158876256
 20
0.1052592594004902
 30
0.0
 11
-0.0907073158854428
 21
0.1052592594004902
 31
0.0
  0
LINE
  5
C49B
  8
0
 10
-0.0782073158847152
 20
0.1052592594004902
 30
0.0
 11
-0.0719573158861704
 21
0.1052592594004902
 31
0.0
  0
LINE
  5
C49C
  8
0
 10
-0.0594573158854428
 20
0.1052592594004902
 30
0.0
 11
-0.053207315886898
 21
0.1052592594004902
 31
0.0
  0
LINE
  5
C49D
  8
0
 10
-0.0407073158861704
 20
0.1052592594004902
 30
0.0
 11
-0.0344573158876256
 21
0.1052592594004902
 31
0.0
  0
LINE
  5
C49E
  8
0
 10
-0.1115365172921838
 20
0.0944339418510292
 30
0.0
 11
-0.1094573158847152
 21
0.0944339418510292
 31
0.0
  0
LINE
  5
C49F
  8
0
 10
-0.0969573158876256
 20
0.0944339418510292
 30
0.0
 11
-0.0907073158854428
 21
0.0944339418510292
 31
0.0
  0
LINE
  5
C4A0
  8
0
 10
-0.0782073158847152
 20
0.0944339418510292
 30
0.0
 11
-0.0719573158861704
 21
0.0944339418510292
 31
0.0
  0
LINE
  5
C4A1
  8
0
 10
-0.0594573158854428
 20
0.0944339418510292
 30
0.0
 11
-0.053207315886898
 21
0.0944339418510292
 31
0.0
  0
LINE
  5
C4A2
  8
0
 10
-0.0407073158861704
 20
0.0944339418510292
 30
0.0
 11
-0.0344573158876256
 21
0.0944339418510292
 31
0.0
  0
LINE
  5
C4A3
  8
0
 10
-0.1150538761798043
 20
0.0836086242979302
 30
0.0
 11
-0.1094573158847152
 21
0.0836086242979302
 31
0.0
  0
LINE
  5
C4A4
  8
0
 10
-0.0969573158876256
 20
0.0836086242979302
 30
0.0
 11
-0.0907073158854428
 21
0.0836086242979302
 31
0.0
  0
LINE
  5
C4A5
  8
0
 10
-0.0782073158847152
 20
0.0836086242979302
 30
0.0
 11
-0.0719573158861704
 21
0.0836086242979302
 31
0.0
  0
LINE
  5
C4A6
  8
0
 10
-0.0594573158854428
 20
0.0836086242979302
 30
0.0
 11
-0.053207315886898
 21
0.0836086242979302
 31
0.0
  0
LINE
  5
C4A7
  8
0
 10
-0.115707315886898
 20
0.0727833067484691
 30
0.0
 11
-0.1094573158847152
 21
0.0727833067484691
 31
0.0
  0
LINE
  5
C4A8
  8
0
 10
-0.0969573158876256
 20
0.0727833067484691
 30
0.0
 11
-0.0907073158854428
 21
0.0727833067484691
 31
0.0
  0
LINE
  5
C4A9
  8
0
 10
-0.0782073158847152
 20
0.0727833067484691
 30
0.0
 11
-0.0719573158861704
 21
0.0727833067484691
 31
0.0
  0
LINE
  5
C4AA
  8
0
 10
-0.115707315886898
 20
0.0619579891990081
 30
0.0
 11
-0.1094573158847152
 21
0.0619579891990081
 31
0.0
  0
LINE
  5
C4AB
  8
0
 10
-0.0969573158876256
 20
0.0619579891990081
 30
0.0
 11
-0.0907073158854428
 21
0.0619579891990081
 31
0.0
  0
LINE
  5
C4AC
  8
0
 10
-0.115707315886898
 20
0.0511326716495471
 30
0.0
 11
-0.1094573158847152
 21
0.0511326716495471
 31
0.0
  0
LINE
  5
C4AD
  8
0
 10
-0.0969573158876256
 20
0.0511326716495471
 30
0.0
 11
-0.0933205025070447
 21
0.0511326716495471
 31
0.0
  0
LINE
  5
C4AE
  8
0
 10
-0.1291233117412003
 20
0.040307354100086
 30
0.0
 11
-0.1282073158876256
 21
0.040307354100086
 31
0.0
  0
LINE
  5
C4AF
  8
0
 10
-0.115707315886898
 20
0.040307354100086
 30
0.0
 11
-0.1094573158847152
 21
0.040307354100086
 31
0.0
  0
LINE
  5
C4B0
  8
0
 10
-0.1326406706324588
 20
0.029482036550625
 30
0.0
 11
-0.1282073158876256
 21
0.029482036550625
 31
0.0
  0
LINE
  5
C4B1
  8
0
 10
-0.115707315886898
 20
0.029482036550625
 30
0.0
 11
-0.1094573158847152
 21
0.029482036550625
 31
0.0
  0
LINE
  5
C4B2
  8
0
 10
-0.1344573158861704
 20
0.018656719001164
 30
0.0
 11
-0.1282073158876256
 21
0.018656719001164
 31
0.0
  0
LINE
  5
C4B3
  8
0
 10
-0.115707315886898
 20
0.018656719001164
 30
0.0
 11
-0.1094573158847152
 21
0.018656719001164
 31
0.0
  0
LINE
  5
C4B4
  8
0
 10
-0.1344573158861704
 20
0.0078314014480649
 30
0.0
 11
-0.1282073158876256
 21
0.0078314014480649
 31
0.0
  0
LINE
  5
C4B5
  8
0
 10
-0.115707315886898
 20
0.0078314014480649
 30
0.0
 11
-0.1094573158847152
 21
0.0078314014480649
 31
0.0
  0
LINE
  5
C4B6
  8
0
 10
-0.1344573158861704
 20
-0.0029939161013961
 30
0.0
 11
-0.1282073158876256
 21
-0.0029939161013961
 31
0.0
  0
LINE
  5
C4B7
  8
0
 10
-0.115707315886898
 20
-0.0029939161013961
 30
0.0
 11
-0.1094573158847152
 21
-0.0029939161013961
 31
0.0
  0
LINE
  5
C4B8
  8
0
 10
-0.0969573158876256
 20
-0.0029939161013961
 30
0.0
 11
-0.096280989401198
 21
-0.0029939161013961
 31
0.0
  0
LINE
  5
C4B9
  8
0
 10
-0.1344573158861704
 20
-0.0138192336508571
 30
0.0
 11
-0.1282073158876256
 21
-0.0138192336508571
 31
0.0
  0
LINE
  5
C4BA
  8
0
 10
-0.115707315886898
 20
-0.0138192336508571
 30
0.0
 11
-0.1094573158847152
 21
-0.0138192336508571
 31
0.0
  0
LINE
  5
C4BB
  8
0
 10
-0.0969573158876256
 20
-0.0138192336508571
 30
0.0
 11
-0.0927636305099395
 21
-0.0138192336508571
 31
0.0
  0
LINE
  5
C4BC
  8
0
 10
-0.1502274650814752
 20
-0.0246445512003182
 30
0.0
 11
-0.146957315886898
 21
-0.0246445512003182
 31
0.0
  0
LINE
  5
C4BD
  8
0
 10
-0.1344573158861704
 20
-0.0246445512003182
 30
0.0
 11
-0.1282073158876256
 21
-0.0246445512003182
 31
0.0
  0
LINE
  5
C4BE
  8
0
 10
-0.115707315886898
 20
-0.0246445512003182
 30
0.0
 11
-0.1094573158847152
 21
-0.0246445512003182
 31
0.0
  0
LINE
  5
C4BF
  8
0
 10
-0.0969573158876256
 20
-0.0246445512003182
 30
0.0
 11
-0.0907073158854428
 21
-0.0246445512003182
 31
0.0
  0
LINE
  5
C4C0
  8
0
 10
-0.1532073158854428
 20
-0.0354698687497792
 30
0.0
 11
-0.146957315886898
 21
-0.0354698687497792
 31
0.0
  0
LINE
  5
C4C1
  8
0
 10
-0.1344573158861704
 20
-0.0354698687497792
 30
0.0
 11
-0.1282073158876256
 21
-0.0354698687497792
 31
0.0
  0
LINE
  5
C4C2
  8
0
 10
-0.115707315886898
 20
-0.0354698687497792
 30
0.0
 11
-0.1094573158847152
 21
-0.0354698687497792
 31
0.0
  0
LINE
  5
C4C3
  8
0
 10
-0.0969573158876256
 20
-0.0354698687497792
 30
0.0
 11
-0.0907073158854428
 21
-0.0354698687497792
 31
0.0
  0
LINE
  5
C4C4
  8
0
 10
-0.1532073158854428
 20
-0.0462951862992402
 30
0.0
 11
-0.146957315886898
 21
-0.0462951862992402
 31
0.0
  0
LINE
  5
C4C5
  8
0
 10
-0.1344573158861704
 20
-0.0462951862992402
 30
0.0
 11
-0.1282073158876256
 21
-0.0462951862992402
 31
0.0
  0
LINE
  5
C4C6
  8
0
 10
-0.115707315886898
 20
-0.0462951862992402
 30
0.0
 11
-0.1094573158847152
 21
-0.0462951862992402
 31
0.0
  0
LINE
  5
C4C7
  8
0
 10
-0.0969573158876256
 20
-0.0462951862992402
 30
0.0
 11
-0.0907073158854428
 21
-0.0462951862992402
 31
0.0
  0
LINE
  5
C4C8
  8
0
 10
-0.1344573158861704
 20
-0.0571205038523393
 30
0.0
 11
-0.1282073158876256
 21
-0.0571205038523393
 31
0.0
  0
LINE
  5
C4C9
  8
0
 10
-0.115707315886898
 20
-0.0571205038523393
 30
0.0
 11
-0.1094573158847152
 21
-0.0571205038523393
 31
0.0
  0
LINE
  5
C4CA
  8
0
 10
-0.0969573158876256
 20
-0.0571205038523393
 30
0.0
 11
-0.0907073158854428
 21
-0.0571205038523393
 31
0.0
  0
LINE
  5
C4CB
  8
0
 10
-0.1287383549792094
 20
-0.0679458214018003
 30
0.0
 11
-0.1282073158876256
 21
-0.0679458214018003
 31
0.0
  0
LINE
  5
C4CC
  8
0
 10
-0.115707315886898
 20
-0.0679458214018003
 30
0.0
 11
-0.1094573158847152
 21
-0.0679458214018003
 31
0.0
  0
LINE
  5
C4CD
  8
0
 10
-0.0969573158876256
 20
-0.0679458214018003
 30
0.0
 11
-0.0907073158854428
 21
-0.0679458214018003
 31
0.0
  0
LINE
  5
C4CE
  8
0
 10
-0.0782073158847152
 20
-0.0679458214018003
 30
0.0
 11
-0.0751768360609231
 21
-0.0679458214018003
 31
0.0
  0
LINE
  5
C4CF
  8
0
 10
-0.1138385836205953
 20
-0.0787711389512613
 30
0.0
 11
-0.1094573158847152
 21
-0.0787711389512613
 31
0.0
  0
LINE
  5
C4D0
  8
0
 10
-0.0969573158876256
 20
-0.0787711389512613
 30
0.0
 11
-0.0907073158854428
 21
-0.0787711389512613
 31
0.0
  0
LINE
  5
C4D1
  8
0
 10
-0.0782073158847152
 20
-0.0787711389512613
 30
0.0
 11
-0.0719573158861704
 21
-0.0787711389512613
 31
0.0
  0
LINE
  5
C4D2
  8
0
 10
-0.0969573158876256
 20
-0.0895964565007224
 30
0.0
 11
-0.0907073158854428
 21
-0.0895964565007224
 31
0.0
  0
LINE
  5
C4D3
  8
0
 10
-0.0782073158847152
 20
-0.0895964565007224
 30
0.0
 11
-0.0719573158861704
 21
-0.0895964565007224
 31
0.0
  0
LINE
  5
C4D4
  8
0
 10
-0.0594573158854428
 20
-0.0895964565007224
 30
0.0
 11
-0.053207315886898
 21
-0.0895964565007224
 31
0.0
  0
LINE
  5
C4D5
  8
0
 10
-0.0407073158861704
 20
-0.0895964565007224
 30
0.0
 11
-0.0344573158876256
 21
-0.0895964565007224
 31
0.0
  0
LINE
  5
C4D6
  8
0
 10
-0.0782073158847152
 20
-0.1004217740501834
 30
0.0
 11
-0.0719573158861704
 21
-0.1004217740501834
 31
0.0
  0
LINE
  5
C4D7
  8
0
 10
-0.0594573158854428
 20
-0.1004217740501834
 30
0.0
 11
-0.053207315886898
 21
-0.1004217740501834
 31
0.0
  0
LINE
  5
C4D8
  8
0
 10
-0.0407073158861704
 20
-0.1004217740501834
 30
0.0
 11
-0.0344573158876256
 21
-0.1004217740501834
 31
0.0
  0
LINE
  5
C4D9
  8
0
 10
-0.0594573158854428
 20
-0.1112470915996444
 30
0.0
 11
-0.053207315886898
 21
-0.1112470915996444
 31
0.0
  0
LINE
  5
C4DA
  8
0
 10
-0.0407073158861704
 20
-0.1112470915996444
 30
0.0
 11
-0.0344573158876256
 21
-0.1112470915996444
 31
0.0
  0
LINE
  5
C4DB
  8
0
 10
-0.054239498182501
 20
-0.1220724091491054
 30
0.0
 11
-0.053207315886898
 21
-0.1220724091491054
 31
0.0
  0
LINE
  5
C4DC
  8
0
 10
-0.0407073158861704
 20
-0.1220724091491054
 30
0.0
 11
-0.0344573158876256
 21
-0.1220724091491054
 31
0.0
  0
LINE
  5
C4DD
  8
0
 10
-0.0393397268238869
 20
-0.1328977267022044
 30
0.0
 11
-0.0344573158876256
 21
-0.1328977267022044
 31
0.0
  0
LINE
  5
C4DE
  8
0
 10
-0.143832641788681
 20
-0.0517081471280752
 30
0.0
 11
-0.1469576417879534
 21
-0.0462954883569826
 31
0.0
  0
LINE
  5
C4DF
  8
0
 10
-0.1532076417901362
 20
-0.0354701708075216
 30
0.0
 11
-0.1535514401552018
 21
-0.0348746945692899
 31
0.0
  0
LINE
  5
C4E0
  8
0
 10
-0.1170584534305772
 20
-0.0764317665980987
 30
0.0
 11
-0.1188326417872259
 21
-0.0733587822233592
 31
0.0
  0
LINE
  5
C4E1
  8
0
 10
-0.1250826417857707
 20
-0.0625334646738982
 30
0.0
 11
-0.128207641788681
 21
-0.0571208059028057
 31
0.0
  0
LINE
  5
C4E2
  8
0
 10
-0.1344576417872259
 20
-0.0462954883533446
 30
0.0
 11
-0.1375826417864983
 21
-0.0408828295786141
 31
0.0
  0
LINE
  5
C4E3
  8
0
 10
-0.143832641788681
 20
-0.0300575120327911
 30
0.0
 11
-0.1469576417879534
 21
-0.0246448532580606
 31
0.0
  0
LINE
  5
C4E4
  8
0
 10
-0.0969576417850431
 20
-0.0895967585402748
 30
0.0
 11
-0.1000826417843155
 21
-0.0841840997691823
 31
0.0
  0
LINE
  5
C4E5
  8
0
 10
-0.1063326417864983
 20
-0.0733587822197213
 30
0.0
 11
-0.1094576417857707
 21
-0.0679461234486287
 31
0.0
  0
LINE
  5
C4E6
  8
0
 10
-0.1157076417843155
 20
-0.0571208058991677
 30
0.0
 11
-0.1188326417835879
 21
-0.0517081471280752
 31
0.0
  0
LINE
  5
C4E7
  8
0
 10
-0.1250826417857707
 20
-0.0408828295786141
 30
0.0
 11
-0.1282076417850431
 21
-0.0354701708038836
 31
0.0
  0
LINE
  5
C4E8
  8
0
 10
-0.1344576417835879
 20
-0.0246448532580606
 30
0.0
 11
-0.1375826417864983
 21
-0.01923219448333
 31
0.0
  0
LINE
  5
C4E9
  8
0
 10
-0.1438326417850431
 20
-0.008406876937507
 30
0.0
 11
-0.1445485998559843
 21
-0.0071668011824575
 31
0.0
  0
LINE
  5
C4EA
  8
0
 10
-0.0782076417821327
 20
-0.1004220760860979
 30
0.0
 11
-0.0813326417814051
 21
-0.0950094173150054
 31
0.0
  0
LINE
  5
C4EB
  8
0
 10
-0.0875826417835879
 20
-0.0841840997655443
 30
0.0
 11
-0.0907076417828603
 21
-0.0787714409944518
 31
0.0
  0
LINE
  5
C4EC
  8
0
 10
-0.0969576417814051
 20
-0.0679461234449907
 30
0.0
 11
-0.1000826417843155
 21
-0.0625334646738982
 31
0.0
  0
LINE
  5
C4ED
  8
0
 10
-0.1063326417828603
 20
-0.0517081471244372
 30
0.0
 11
-0.1094576417821327
 21
-0.0462954883497067
 31
0.0
  0
LINE
  5
C4EE
  8
0
 10
-0.1157076417806775
 20
-0.0354701708038836
 30
0.0
 11
-0.1188326417835879
 21
-0.0300575120291531
 31
0.0
  0
LINE
  5
C4EF
  8
0
 10
-0.1250826417821327
 20
-0.01923219448333
 30
0.0
 11
-0.1282076417814051
 21
-0.0138195357085995
 31
0.0
  0
LINE
  5
C4F0
  8
0
 10
-0.1344576417835879
 20
-0.0029942181627765
 30
0.0
 11
-0.1375826417828603
 21
0.0024184406119541
 31
0.0
  0
LINE
  5
C4F1
  8
0
 10
-0.0524623614623079
 20
-0.1233635745539421
 30
0.0
 11
-0.0532076417806775
 21
-0.122072711181382
 31
0.0
  0
LINE
  5
C4F2
  8
0
 10
-0.0594576417792223
 20
-0.1112473936355589
 30
0.0
 11
-0.0625826417821327
 21
-0.1058347348608284
 31
0.0
  0
LINE
  5
C4F3
  8
0
 10
-0.0688326417806775
 20
-0.0950094173113674
 30
0.0
 11
-0.0719576417799499
 21
-0.0895967585402748
 31
0.0
  0
LINE
  5
C4F4
  8
0
 10
-0.0782076417784947
 20
-0.0787714409908138
 30
0.0
 11
-0.0813326417814051
 21
-0.0733587822197213
 31
0.0
  0
LINE
  5
C4F5
  8
0
 10
-0.0875826417799499
 20
-0.0625334646702602
 30
0.0
 11
-0.0907076417792223
 21
-0.0571208058991677
 31
0.0
  0
LINE
  5
C4F6
  8
0
 10
-0.0969576417814051
 20
-0.0462954883497067
 30
0.0
 11
-0.1000826417806775
 21
-0.0408828295749761
 31
0.0
  0
LINE
  5
C4F7
  8
0
 10
-0.1063326417792223
 20
-0.0300575120291531
 30
0.0
 11
-0.1094576417784947
 21
-0.0246448532544226
 31
0.0
  0
LINE
  5
C4F8
  8
0
 10
-0.1157076417806775
 20
-0.0138195357085995
 30
0.0
 11
-0.1188326417799499
 21
-0.008406876933869
 31
0.0
  0
LINE
  5
C4F9
  8
0
 10
-0.1250826417784947
 20
0.0024184406119541
 30
0.0
 11
-0.1282076417777671
 21
0.0078310993866846
 31
0.0
  0
LINE
  5
C4FA
  8
0
 10
-0.1344576417799499
 20
0.0186564169325076
 30
0.0
 11
-0.1355457595531289
 21
0.020541092200737
 31
0.0
  0
LINE
  5
C4FB
  8
0
 10
-0.0313326417784947
 20
-0.1383106875019355
 30
0.0
 11
-0.0344576417777671
 21
-0.132898028727205
 31
0.0
  0
LINE
  5
C4FC
  8
0
 10
-0.0407076417763119
 20
-0.122072711181382
 30
0.0
 11
-0.0438326417792223
 21
-0.1166600524066514
 31
0.0
  0
LINE
  5
C4FD
  8
0
 10
-0.0500826417777671
 20
-0.1058347348608284
 30
0.0
 11
-0.0532076417770395
 21
-0.1004220760860979
 31
0.0
  0
LINE
  5
C4FE
  8
0
 10
-0.0594576417792223
 20
-0.0895967585366369
 30
0.0
 11
-0.0599492435470848
 21
-0.088745279297719
 31
0.0
  0
LINE
  5
C4FF
  8
0
 10
-0.0793202445060115
 20
-0.0551937214459675
 30
0.0
 11
-0.0813326417777671
 21
-0.0517081471244372
 31
0.0
  0
LINE
  5
C500
  8
0
 10
-0.0875826417763119
 20
-0.0408828295749761
 30
0.0
 11
-0.0907076417792223
 21
-0.0354701708002456
 31
0.0
  0
LINE
  5
C501
  8
0
 10
-0.0969576417777671
 20
-0.0246448532544226
 30
0.0
 11
-0.1000826417770395
 21
-0.0192321944796921
 31
0.0
  0
LINE
  5
C502
  8
0
 10
-0.1063326417792223
 20
-0.008406876933869
 30
0.0
 11
-0.1094576417784947
 21
-0.0029942181591385
 31
0.0
  0
LINE
  5
C503
  8
0
 10
-0.1157076417770395
 20
0.0078310993866846
 30
0.0
 11
-0.1188326417763119
 21
0.0132437581614151
 31
0.0
  0
LINE
  5
C504
  8
0
 10
-0.1250826417784947
 20
0.0240690757072382
 30
0.0
 11
-0.1282076417777671
 21
0.0294817344819687
 31
0.0
  0
LINE
  5
C505
  8
0
 10
-0.0219576417770395
 20
-0.132898028727205
 30
0.0
 11
-0.0250826417763119
 21
-0.1274853699524745
 31
0.0
  0
LINE
  5
C506
  8
0
 10
-0.0313326417748567
 20
-0.1166600524030135
 30
0.0
 11
-0.0344576417741291
 21
-0.1112473936319209
 31
0.0
  0
LINE
  5
C507
  8
0
 10
-0.0407076417763119
 20
-0.1004220760824599
 30
0.0
 11
-0.0438326417755843
 21
-0.0950094173113674
 31
0.0
  0
LINE
  5
C508
  8
0
 10
-0.0969576417741292
 20
-0.0029942181591385
 30
0.0
 11
-0.1000826417770395
 21
0.002418440615592
 31
0.0
  0
LINE
  5
C509
  8
0
 10
-0.1063326417755843
 20
0.0132437581614151
 30
0.0
 11
-0.1094576417748567
 21
0.0186564169361456
 31
0.0
  0
LINE
  5
C50A
  8
0
 10
-0.1157076417770395
 20
0.0294817344819687
 30
0.0
 11
-0.1188326417763119
 21
0.0348943932566992
 31
0.0
  0
LINE
  5
C50B
  8
0
 10
-0.1250826417748567
 20
0.0457197108061602
 30
0.0
 11
-0.1265429192502734
 21
0.0482489855839314
 31
0.0
  0
LINE
  5
C50C
  8
0
 10
-0.0219576417734015
 20
-0.1112473936282829
 30
0.0
 11
-0.025082641772674
 21
-0.1058347348571904
 31
0.0
  0
LINE
  5
C50D
  8
0
 10
-0.0313326417712188
 20
-0.0950094173077294
 30
0.0
 11
-0.0344576417741291
 21
-0.0895967585366369
 31
0.0
  0
LINE
  5
C50E
  8
0
 10
-0.1090921082290106
 20
0.039673929359132
 30
0.0
 11
-0.1094576417748567
 21
0.0403070520314297
 31
0.0
  0
LINE
  5
C50F
  8
0
 10
-0.1157076417734015
 20
0.0511323695808907
 30
0.0
 11
-0.1188326417726739
 21
0.0565450283519833
 31
0.0
  0
LINE
  5
C510
  8
0
 10
-0.0219576417697636
 20
-0.0895967585329989
 30
0.0
 11
-0.022449243537626
 21
-0.088745279297719
 31
0.0
  0
LINE
  5
C511
  8
0
 10
-0.1063326417719463
 20
0.0565450283556213
 30
0.0
 11
-0.1094576417712187
 21
0.0619576871267138
 31
0.0
  0
LINE
  5
C512
  8
0
 10
-0.1157076417697636
 20
0.0727830046761748
 30
0.0
 11
-0.1175400789510559
 21
0.0759568789707639
 31
0.0
  0
LINE
  5
C513
  8
0
 10
-0.0969576417704912
 20
0.0619576871303518
 30
0.0
 11
-0.1000826417697636
 21
0.0673703459014443
 31
0.0
  0
LINE
  5
C514
  8
0
 10
-0.1063326417683084
 20
0.0781956634509054
 30
0.0
 11
-0.1094576417675808
 21
0.0836083222256359
 31
0.0
  0
LINE
  5
C515
  8
0
 10
-0.087582641765398
 20
0.0673703459050823
 30
0.0
 11
-0.0907076417683084
 21
0.0727830046798128
 31
0.0
  0
LINE
  5
C516
  8
0
 10
-0.0969576417668532
 20
0.0836083222256359
 30
0.0
 11
-0.1000826417661256
 21
0.0890209810003664
 31
0.0
  0
LINE
  5
C517
  8
0
 10
-0.1063326417646704
 20
0.0998462985461894
 30
0.0
 11
-0.1085372386482004
 21
0.1036647723539583
 31
0.0
  0
LINE
  5
C518
  8
0
 10
-0.0782076417639428
 20
0.0727830046798128
 30
0.0
 11
-0.0813326417632152
 21
0.0781956634545433
 31
0.0
  0
LINE
  5
C519
  8
0
 10
-0.087582641765398
 20
0.0890209810003664
 30
0.0
 11
-0.0907076417646704
 21
0.0944336397750969
 31
0.0
  0
LINE
  5
C51A
  8
0
 10
-0.0969576417632152
 20
0.1052589573209199
 30
0.0
 11
-0.1000826417624876
 21
0.1106716160956505
 31
0.0
  0
LINE
  5
C51B
  8
0
 10
-0.0688326417624876
 20
0.0781956634545433
 30
0.0
 11
-0.07195764176176
 21
0.0836083222292739
 31
0.0
  0
LINE
  5
C51C
  8
0
 10
-0.0782076417603048
 20
0.0944336397750969
 30
0.0
 11
-0.0813326417632152
 21
0.0998462985498274
 31
0.0
  0
LINE
  5
C51D
  8
0
 10
-0.08758264176176
 20
0.1106716160956505
 30
0.0
 11
-0.0907076417610324
 21
0.116084274870381
 31
0.0
  0
LINE
  5
C51E
  8
0
 10
-0.0594576417610324
 20
0.0836083222292739
 30
0.0
 11
-0.0625826417603048
 21
0.0890209810040044
 31
0.0
  0
LINE
  5
C51F
  8
0
 10
-0.0688326417588496
 20
0.0998462985498274
 30
0.0
 11
-0.071957641758122
 21
0.1052589573245579
 31
0.0
  0
LINE
  5
C520
  8
0
 10
-0.0500826417559393
 20
0.0890209810040044
 30
0.0
 11
-0.0532076417588496
 21
0.0944336397787349
 31
0.0
  0
LINE
  5
C521
  8
0
 10
-0.0594576417573944
 20
0.1052589573245579
 30
0.0
 11
-0.0625826417566668
 21
0.1106716160992884
 31
0.0
  0
LINE
  5
C522
  8
0
 10
-0.0407076417544841
 20
0.0944336397787349
 30
0.0
 11
-0.0438326417537565
 21
0.0998462985534654
 31
0.0
  0
LINE
  5
C523
  8
0
 10
-0.0500826417559393
 20
0.1106716160992884
 30
0.0
 11
-0.0532076417552117
 21
0.116084274874019
 31
0.0
  0
LINE
  5
C524
  8
0
 10
-0.0313326417530289
 20
0.0998462985534654
 30
0.0
 11
-0.0344576417523013
 21
0.1052589573281959
 31
0.0
  0
LINE
  5
C525
  8
0
 10
-0.0219576417515737
 20
0.1052589573281959
 30
0.0
 11
-0.0250826417508461
 21
0.1106716161029264
 31
0.0
  0
LINE
  5
C526
  8
0
 10
-0.109457740433204
 20
0.094434073032907
 30
0.0
 11
-0.1063327404339316
 21
0.0998467318076375
 31
0.0
  0
LINE
  5
C527
  8
0
 10
-0.1000827404353868
 20
0.1106720493534605
 30
0.0
 11
-0.0969577404361144
 21
0.116084708128191
 31
0.0
  0
LINE
  5
C528
  8
0
 10
-0.1282077404324764
 20
0.0403074852965157
 30
0.0
 11
-0.125082740433204
 21
0.0457201440712463
 31
0.0
  0
LINE
  5
C529
  8
0
 10
-0.1188327404310212
 20
0.0565454616170693
 30
0.0
 11
-0.1157077404317488
 21
0.0619581203917998
 31
0.0
  0
LINE
  5
C52A
  8
0
 10
-0.109457740433204
 20
0.0727834379376229
 30
0.0
 11
-0.1063327404339316
 21
0.0781960967123534
 31
0.0
  0
LINE
  5
C52B
  8
0
 10
-0.1000827404317488
 20
0.0890214142581765
 30
0.0
 11
-0.0969577404324764
 21
0.094434073032907
 31
0.0
  0
LINE
  5
C52C
  8
0
 10
-0.0907077404339316
 20
0.10525939057873
 30
0.0
 11
-0.0875827404310212
 21
0.1106720493534605
 31
0.0
  0
LINE
  5
C52D
  8
0
 10
-0.1463912626571937
 20
-0.0128379341604803
 30
0.0
 11
-0.1438327404288384
 21
-0.008406443668783
 31
0.0
  0
LINE
  5
C52E
  8
0
 10
-0.1375827404302936
 20
0.0024188738770401
 30
0.0
 11
-0.1344577404310212
 21
0.0078315326517706
 31
0.0
  0
LINE
  5
C52F
  8
0
 10
-0.1282077404288384
 20
0.0186568502012317
 30
0.0
 11
-0.125082740429566
 21
0.0240695089723242
 31
0.0
  0
LINE
  5
C530
  8
0
 10
-0.1188327404310212
 20
0.0348948265217852
 30
0.0
 11
-0.1157077404317488
 21
0.0403074852928778
 31
0.0
  0
LINE
  5
C531
  8
0
 10
-0.109457740429566
 20
0.0511328028423388
 30
0.0
 11
-0.1063327404302936
 21
0.0565454616170693
 31
0.0
  0
LINE
  5
C532
  8
0
 10
-0.1000827404317488
 20
0.0673707791628924
 30
0.0
 11
-0.0969577404288384
 21
0.0727834379376229
 31
0.0
  0
LINE
  5
C533
  8
0
 10
-0.0907077404302936
 20
0.083608755483446
 30
0.0
 11
-0.0875827404310212
 21
0.0890214142581765
 31
0.0
  0
LINE
  5
C534
  8
0
 10
-0.0813327404324764
 20
0.0998467318039995
 30
0.0
 11
-0.078207740429566
 21
0.10525939057873
 31
0.0
  0
LINE
  5
C535
  8
0
 10
-0.1547829164013774
 20
-0.0490233399050983
 30
0.0
 11
-0.1532077404266556
 21
-0.0462950550846206
 31
0.0
  0
LINE
  5
C536
  8
0
 10
-0.1469577404281108
 20
-0.0354697375387976
 30
0.0
 11
-0.1438327404288384
 21
-0.0300570787640671
 31
0.0
  0
LINE
  5
C537
  8
0
 10
-0.1375827404266556
 20
-0.019231761218244
 30
0.0
 11
-0.1344577404273832
 21
-0.0138191024435135
 31
0.0
  0
LINE
  5
C538
  8
0
 10
-0.1282077404288384
 20
-0.0029937848976904
 30
0.0
 11
-0.125082740425928
 21
0.0024188738770401
 31
0.0
  0
LINE
  5
C539
  8
0
 10
-0.1188327404273832
 20
0.0132441914265011
 30
0.0
 11
-0.1157077404281108
 21
0.0186568501975937
 31
0.0
  0
LINE
  5
C53A
  8
0
 10
-0.109457740429566
 20
0.0294821677470547
 30
0.0
 11
-0.1077782743126545
 21
0.0323910883907312
 31
0.0
  0
LINE
  5
C53B
  8
0
 10
-0.0995860024489912
 20
0.0465805194816578
 30
0.0
 11
-0.0969577404288384
 21
0.0511328028387008
 31
0.0
  0
LINE
  5
C53C
  8
0
 10
-0.0907077404266557
 20
0.0619581203881619
 30
0.0
 11
-0.0875827404273833
 21
0.0673707791628924
 31
0.0
  0
LINE
  5
C53D
  8
0
 10
-0.0813327404288384
 20
0.0781960967087154
 30
0.0
 11
-0.0782077404259281
 21
0.083608755483446
 31
0.0
  0
LINE
  5
C53E
  8
0
 10
-0.0719577404273832
 20
0.094434073029269
 30
0.0
 11
-0.0688327404281108
 21
0.0998467318039995
 31
0.0
  0
LINE
  5
C53F
  8
0
 10
-0.062582740429566
 20
0.1106720493498225
 30
0.0
 11
-0.0594577404266556
 21
0.1160847081245531
 31
0.0
  0
LINE
  5
C540
  8
0
 10
-0.1459768097596634
 20
-0.0554213508858728
 30
0.0
 11
-0.1438327404252004
 21
-0.0517077138593511
 31
0.0
  0
LINE
  5
C541
  8
0
 10
-0.1375827404266556
 20
-0.0408823963135281
 30
0.0
 11
-0.1344577404237452
 21
-0.0354697375387976
 31
0.0
  0
LINE
  5
C542
  8
0
 10
-0.1282077404252004
 20
-0.0246444199929745
 30
0.0
 11
-0.125082740425928
 21
-0.019231761218244
 31
0.0
  0
LINE
  5
C543
  8
0
 10
-0.1188327404237452
 20
-0.0084064436724209
 30
0.0
 11
-0.1157077404244728
 21
-0.0029937848976904
 31
0.0
  0
LINE
  5
C544
  8
0
 10
-0.109457740425928
 20
0.0078315326481326
 30
0.0
 11
-0.1063327404266556
 21
0.0132441914228632
 31
0.0
  0
LINE
  5
C545
  8
0
 10
-0.0719577404237453
 20
0.0727834379339849
 30
0.0
 11
-0.0688327404244729
 21
0.0781960967087154
 31
0.0
  0
LINE
  5
C546
  8
0
 10
-0.0625827404259281
 20
0.0890214142545385
 30
0.0
 11
-0.0594577404266556
 21
0.094434073029269
 31
0.0
  0
LINE
  5
C547
  8
0
 10
-0.0532077404244729
 20
0.105259390575092
 30
0.0
 11
-0.0500827404252005
 21
0.1106720493498225
 31
0.0
  0
LINE
  5
C548
  8
0
 10
-0.1371707031179494
 20
-0.0618193618666472
 30
0.0
 11
-0.1344577404237452
 21
-0.0571203726340817
 31
0.0
  0
LINE
  5
C549
  8
0
 10
-0.1282077404215625
 20
-0.0462950550882586
 30
0.0
 11
-0.1250827404222901
 21
-0.0408823963135281
 31
0.0
  0
LINE
  5
C54A
  8
0
 10
-0.1188327404237452
 20
-0.030057078767705
 30
0.0
 11
-0.1157077404244728
 21
-0.0246444199929745
 31
0.0
  0
LINE
  5
C54B
  8
0
 10
-0.1094577404222901
 20
-0.0138191024471515
 30
0.0
 11
-0.1063327404230177
 21
-0.0084064436724209
 31
0.0
  0
LINE
  5
C54C
  8
0
 10
-0.1000827404244728
 20
0.0024188738734021
 30
0.0
 11
-0.0987754340097991
 21
0.0046831950038988
 31
0.0
  0
LINE
  5
C54D
  8
0
 10
-0.0532077404244729
 20
0.083608755479808
 30
0.0
 11
-0.0500827404215625
 21
0.0890214142545385
 31
0.0
  0
LINE
  5
C54E
  8
0
 10
-0.0438327404230177
 20
0.0998467318003615
 30
0.0
 11
-0.0407077404237453
 21
0.105259390575092
 31
0.0
  0
LINE
  5
C54F
  8
0
 10
-0.1282077404215625
 20
-0.0679456901835427
 30
0.0
 11
-0.1250827404222901
 21
-0.0625330314088122
 31
0.0
  0
LINE
  5
C550
  8
0
 10
-0.1188327404201073
 20
-0.0517077138629891
 30
0.0
 11
-0.1157077404208349
 21
-0.0462950550882586
 31
0.0
  0
LINE
  5
C551
  8
0
 10
-0.1094577404222901
 20
-0.0354697375424356
 30
0.0
 11
-0.1063327404193797
 21
-0.030057078767705
 31
0.0
  0
LINE
  5
C552
  8
0
 10
-0.1000827404208349
 20
-0.019231761221882
 30
0.0
 11
-0.0969577404215625
 21
-0.0138191024471515
 31
0.0
  0
LINE
  5
C553
  8
0
 10
-0.0344577404215625
 20
0.094434073025631
 30
0.0
 11
-0.0313327404222901
 21
0.0998467318003615
 31
0.0
  0
LINE
  5
C554
  8
0
 10
-0.0250827404201073
 20
0.1106720493461846
 30
0.0
 11
-0.0219577404208349
 21
0.1160847081209151
 31
0.0
  0
LINE
  5
C555
  8
0
 10
-0.1188327404164693
 20
-0.0733583489582732
 30
0.0
 11
-0.1157077404171969
 21
-0.0679456901835427
 31
0.0
  0
LINE
  5
C556
  8
0
 10
-0.1094577404186521
 20
-0.0571203726377196
 30
0.0
 11
-0.1063327404193797
 21
-0.0517077138629891
 31
0.0
  0
LINE
  5
C557
  8
0
 10
-0.1000827404171969
 20
-0.0408823963171661
 30
0.0
 11
-0.0969577404179245
 21
-0.0354697375424356
 31
0.0
  0
LINE
  5
C558
  8
0
 10
-0.0907077404193797
 20
-0.0246444199966125
 30
0.0
 11
-0.0897725937069436
 21
-0.0230246983792957
 31
0.0
  0
LINE
  5
C559
  8
0
 10
-0.1094577404150141
 20
-0.0787710077330037
 30
0.0
 11
-0.1063327404157417
 21
-0.0733583489619112
 31
0.0
  0
LINE
  5
C55A
  8
0
 10
-0.1000827404171969
 20
-0.0625330314124502
 30
0.0
 11
-0.0969577404142865
 21
-0.0571203726377196
 31
0.0
  0
LINE
  5
C55B
  8
0
 10
-0.0907077404157417
 20
-0.0462950550918966
 30
0.0
 11
-0.0875827404164693
 21
-0.0408823963171661
 31
0.0
  0
LINE
  5
C55C
  8
0
 10
-0.1000827404135589
 20
-0.0841836665077343
 30
0.0
 11
-0.0969577404142865
 21
-0.0787710077366417
 31
0.0
  0
LINE
  5
C55D
  8
0
 10
-0.0907077404121037
 20
-0.0679456901871807
 30
0.0
 11
-0.0875827404128313
 21
-0.0625330314160881
 31
0.0
  0
LINE
  5
C55E
  8
0
 10
-0.0813327404142865
 20
-0.0517077138666271
 30
0.0
 11
-0.0807697534040881
 21
-0.0507325917661281
 31
0.0
  0
LINE
  5
C55F
  8
0
 10
-0.0907077404121037
 20
-0.0895963252824648
 30
0.0
 11
-0.0875827404128313
 21
-0.0841836665113722
 31
0.0
  0
LINE
  5
C560
  8
0
 10
-0.0813327404106486
 20
-0.0733583489619112
 30
0.0
 11
-0.0782077404113761
 21
-0.0679456901908187
 31
0.0
  0
LINE
  5
C561
  8
0
 10
-0.0813327404070106
 20
-0.0950089840571953
 30
0.0
 11
-0.0782077404077382
 21
-0.0895963252861028
 31
0.0
  0
LINE
  5
C562
  8
0
 10
-0.0719577404091934
 20
-0.0787710077366417
 30
0.0
 11
-0.0717669131048706
 21
-0.0784404851493226
 31
0.0
  0
LINE
  5
C563
  8
0
 10
-0.0719577404055554
 20
-0.1004216428355638
 30
0.0
 11
-0.068832740406283
 21
-0.0950089840608333
 31
0.0
  0
LINE
  5
C564
  8
0
 10
-0.0625827404041002
 20
-0.1058343016102943
 30
0.0
 11
-0.0594577404048278
 21
-0.1004216428355638
 31
0.0
  0
LINE
  5
C565
  8
0
 10
-0.053207740402645
 20
-0.0895963252897407
 30
0.0
 11
-0.0527163887712914
 21
-0.088745279297719
 31
0.0
  0
LINE
  5
C566
  8
0
 10
-0.053207740402645
 20
-0.1112469603850248
 30
0.0
 11
-0.0500827404033726
 21
-0.1058343016102943
 31
0.0
  0
LINE
  5
C567
  8
0
 10
-0.0438327404011898
 20
-0.0950089840644712
 30
0.0
 11
-0.0407077404019174
 21
-0.0895963252897407
 31
0.0
  0
LINE
  5
C568
  8
0
 10
-0.0438327404011898
 20
-0.1166596191597553
 30
0.0
 11
-0.0407077403982794
 21
-0.1112469603850248
 31
0.0
  0
LINE
  5
C569
  8
0
 10
-0.0344577403997346
 20
-0.1004216428392017
 30
0.0
 11
-0.0313327404004622
 21
-0.0950089840644712
 31
0.0
  0
LINE
  5
C56A
  8
0
 10
-0.0344577403960966
 20
-0.1220722779344858
 30
0.0
 11
-0.0313327403968242
 21
-0.1166596191597553
 31
0.0
  0
LINE
  5
C56B
  8
0
 10
-0.0250827403982794
 20
-0.1058343016139323
 30
0.0
 11
-0.021957740399007
 21
-0.1004216428392017
 31
0.0
  0
LINE
  5
C56C
  8
0
 10
-0.0314974234282954
 20
-0.1385954936359401
 30
0.0
 11
-0.0313327403931862
 21
-0.1383102542550394
 31
0.0
  0
LINE
  5
C56D
  8
0
 10
-0.0250827403946414
 20
-0.1274849367092163
 30
0.0
 11
-0.021957740395369
 21
-0.1220722779344858
 31
0.0
  0
LINE
  5
C56E
  8
0
 10
-0.0226913167865814
 20
-0.1449935046167146
 30
0.0
 11
-0.0219577403917311
 21
-0.1437229130297699
 31
0.0
  0
LINE
  5
C56F
  8
0
 10
-0.109943602299968
 20
0.0390552827029107
 30
0.0
 11
-0.0684186825168536
 21
-0.088745279297719
 31
0.0
  0
LINE
  5
C570
  8
0
 10
-0.0969573158876256
 20
0.1269098944994123
 30
0.0
 11
-0.0907073158854428
 21
0.1269098944994123
 31
0.0
  0
LINE
  5
C571
  8
0
 10
-0.0782073158847152
 20
0.1269098944994123
 30
0.0
 11
-0.0719573158861704
 21
0.1269098944994123
 31
0.0
  0
LINE
  5
C572
  8
0
 10
-0.0594573158854428
 20
0.1269098944994123
 30
0.0
 11
-0.053207315886898
 21
0.1269098944994123
 31
0.0
  0
LINE
  5
C573
  8
0
 10
-0.0407073158861704
 20
0.1269098944994123
 30
0.0
 11
-0.0344573158876256
 21
0.1269098944994123
 31
0.0
  0
LINE
  5
C574
  8
0
 10
-0.0969576417632152
 20
0.126909592416204
 30
0.0
 11
-0.099534398345345
 21
0.1313726657407908
 31
0.0
  0
LINE
  5
C575
  8
0
 10
-0.087582641758122
 20
0.1323222511909345
 30
0.0
 11
-0.0900918184928696
 21
0.1366682727802337
 31
0.0
  0
LINE
  5
C576
  8
0
 10
-0.0688326417552117
 20
0.1214969336451115
 30
0.0
 11
-0.071957641758122
 21
0.126909592419842
 31
0.0
  0
LINE
  5
C577
  8
0
 10
-0.0594576417537565
 20
0.126909592419842
 30
0.0
 11
-0.0625826417530289
 21
0.1323222511945725
 31
0.0
  0
LINE
  5
C578
  8
0
 10
-0.0500826417523013
 20
0.1323222511982105
 30
0.0
 11
-0.0525918184834109
 21
0.1366682727802337
 31
0.0
  0
LINE
  5
C579
  8
0
 10
-0.0313326417493909
 20
0.1214969336523874
 30
0.0
 11
-0.0344576417486633
 21
0.12690959242348
 31
0.0
  0
LINE
  5
C57A
  8
0
 10
-0.0219576417479357
 20
0.126909592427118
 30
0.0
 11
-0.0250826417472081
 21
0.1323222511982105
 31
0.0
  0
LINE
  5
C57B
  8
0
 10
-0.0981225903309633
 20
0.1357177640256206
 30
0.0
 11
-0.0975738138444241
 21
0.1366682727802337
 31
0.0
  0
LINE
  5
C57C
  8
0
 10
-0.0907077404339316
 20
0.1269100256740141
 30
0.0
 11
-0.0875827404346592
 21
0.1323226844487446
 31
0.0
  0
LINE
  5
C57D
  8
0
 10
-0.0813327404324764
 20
0.1214973668992836
 30
0.0
 11
-0.078207740433204
 21
0.1269100256740141
 31
0.0
  0
LINE
  5
C57E
  8
0
 10
-0.062582740429566
 20
0.1323226844451066
 30
0.0
 11
-0.0600738138349653
 21
0.1366682727802337
 31
0.0
  0
LINE
  5
C57F
  8
0
 10
-0.0532077404281108
 20
0.1269100256703761
 30
0.0
 11
-0.0500827404288384
 21
0.1323226844451066
 31
0.0
  0
LINE
  5
C580
  8
0
 10
-0.0438327404266556
 20
0.1214973668956456
 30
0.0
 11
-0.0407077404273832
 21
0.1269100256703761
 31
0.0
  0
LINE
  5
C581
  8
0
 10
-0.0250827404237453
 20
0.1323226844414687
 30
0.0
 11
-0.0225738138255065
 21
0.1366682727802337
 31
0.0
  0
LINE
  5
C582
  8
0
 10
-0.0034188285357186
 20
0.1164500611284249
 30
0.0
 11
-0.0063326417442977
 21
0.1214969336523874
 31
0.0
  0
LINE
  5
C583
  8
0
 10
0.0342923582607955
 20
0.1160842748849329
 30
0.0
 11
0.0311673582615231
 21
0.1214969336560254
 31
0.0
  0
LINE
  5
C584
  8
0
 10
0.0717923582702542
 20
0.1160842748885709
 30
0.0
 11
0.0686673582709818
 21
0.1214969336596634
 31
0.0
  0
LINE
  5
C585
  8
0
 10
0.0030422595842583
 20
0.1160847081172771
 30
0.0
 11
0.0061672595835307
 21
0.1214973668920076
 31
0.0
  0
LINE
  5
C586
  8
0
 10
0.0405422595900791
 20
0.1160847081136391
 30
0.0
 11
0.0436672595893515
 21
0.1214973668883696
 31
0.0
  0
LINE
  5
C587
  8
0
 10
0.0780422595995378
 20
0.1160847081100012
 30
0.0
 11
0.0811672595988102
 21
0.1214973668847317
 31
0.0
  0
LINE
  5
C588
  8
0
 10
0.1550459208552684
 20
-0.0470450326666385
 30
0.0
 11
0.0953538494573922
 21
0.1366682727802337
 31
0.0
  0
LINE
  5
C589
  8
0
 10
0.1074837004449409
 20
0.0390552827029107
 30
0.0
 11
-0.0012299509293325
 21
0.1180403737980025
 31
0.0
  0
LINE
  5
C58A
  8
0
 10
0.1280426841145572
 20
0.018656719001164
 30
0.0
 11
0.1336981276614142
 21
0.018656719001164
 31
0.0
  0
LINE
  5
C58B
  8
0
 10
0.1280426841145572
 20
0.0078314014480649
 30
0.0
 11
0.134292684113102
 21
0.0078314014480649
 31
0.0
  0
LINE
  5
C58C
  8
0
 10
0.1280426841145572
 20
-0.0029939161013961
 30
0.0
 11
0.134292684113102
 21
-0.0029939161013961
 31
0.0
  0
LINE
  5
C58D
  8
0
 10
0.1280426841145572
 20
-0.0138192336508571
 30
0.0
 11
0.134292684113102
 21
-0.0138192336508571
 31
0.0
  0
LINE
  5
C58E
  8
0
 10
0.1280426841145572
 20
-0.0246445512003182
 30
0.0
 11
0.134292684113102
 21
-0.0246445512003182
 31
0.0
  0
LINE
  5
C58F
  8
0
 10
0.1280426841145572
 20
-0.0354698687497792
 30
0.0
 11
0.134292684113102
 21
-0.0354698687497792
 31
0.0
  0
LINE
  5
C590
  8
0
 10
0.1280426841145572
 20
-0.0462951862992402
 30
0.0
 11
0.134292684113102
 21
-0.0462951862992402
 31
0.0
  0
LINE
  5
C591
  8
0
 10
0.1280426841145572
 20
-0.0571205038523393
 30
0.0
 11
0.134292684113102
 21
-0.0571205038523393
 31
0.0
  0
LINE
  5
C592
  8
0
 10
-0.0012299509293325
 20
-0.1605860996188047
 30
0.0
 11
0.1550459208552684
 21
-0.0470450326666385
 31
0.0
  0
LINE
  5
C593
  8
0
 10
0.0014619724930571
 20
0.1160845769499512
 30
0.0
 11
0.0030426841145572
 21
0.1160845769499512
 31
0.0
  0
LINE
  5
C594
  8
0
 10
0.0155426841152848
 20
0.1160845769499512
 30
0.0
 11
0.0217926841138296
 21
0.1160845769499512
 31
0.0
  0
LINE
  5
C595
  8
0
 10
0.0342926841145572
 20
0.1160845769499512
 30
0.0
 11
0.040542684113102
 21
0.1160845769499512
 31
0.0
  0
LINE
  5
C596
  8
0
 10
0.0530426841138296
 20
0.1160845769499512
 30
0.0
 11
0.0592926841123744
 21
0.1160845769499512
 31
0.0
  0
LINE
  5
C597
  8
0
 10
0.071792684113102
 20
0.1160845769499512
 30
0.0
 11
0.0780426841152848
 21
0.1160845769499512
 31
0.0
  0
LINE
  5
C598
  8
0
 10
0.0905426841123744
 20
0.1160845769499512
 30
0.0
 11
0.0967926841145572
 21
0.1160845769499512
 31
0.0
  0
LINE
  5
C599
  8
0
 10
0.0163617438516712
 20
0.1052592594004902
 30
0.0
 11
0.0217926841138296
 21
0.1052592594004902
 31
0.0
  0
LINE
  5
C59A
  8
0
 10
0.0342926841145572
 20
0.1052592594004902
 30
0.0
 11
0.040542684113102
 21
0.1052592594004902
 31
0.0
  0
LINE
  5
C59B
  8
0
 10
0.0530426841138296
 20
0.1052592594004902
 30
0.0
 11
0.0592926841123744
 21
0.1052592594004902
 31
0.0
  0
LINE
  5
C59C
  8
0
 10
0.071792684113102
 20
0.1052592594004902
 30
0.0
 11
0.0780426841152848
 21
0.1052592594004902
 31
0.0
  0
LINE
  5
C59D
  8
0
 10
0.0905426841123744
 20
0.1052592594004902
 30
0.0
 11
0.0967926841145572
 21
0.1052592594004902
 31
0.0
  0
LINE
  5
C59E
  8
0
 10
0.0342926841145572
 20
0.0944339418510292
 30
0.0
 11
0.040542684113102
 21
0.0944339418510292
 31
0.0
  0
LINE
  5
C59F
  8
0
 10
0.0530426841138296
 20
0.0944339418510292
 30
0.0
 11
0.0592926841123744
 21
0.0944339418510292
 31
0.0
  0
LINE
  5
C5A0
  8
0
 10
0.071792684113102
 20
0.0944339418510292
 30
0.0
 11
0.0780426841152848
 21
0.0944339418510292
 31
0.0
  0
LINE
  5
C5A1
  8
0
 10
0.0905426841123744
 20
0.0944339418510292
 30
0.0
 11
0.0967926841145572
 21
0.0944339418510292
 31
0.0
  0
LINE
  5
C5A2
  8
0
 10
0.0530426841138296
 20
0.0836086242979302
 30
0.0
 11
0.0592926841123744
 21
0.0836086242979302
 31
0.0
  0
LINE
  5
C5A3
  8
0
 10
0.071792684113102
 20
0.0836086242979302
 30
0.0
 11
0.0780426841152848
 21
0.0836086242979302
 31
0.0
  0
LINE
  5
C5A4
  8
0
 10
0.0905426841123744
 20
0.0836086242979302
 30
0.0
 11
0.0967926841145572
 21
0.0836086242979302
 31
0.0
  0
LINE
  5
C5A5
  8
0
 10
0.1092926841152848
 20
0.0836086242979302
 30
0.0
 11
0.1125939743211393
 21
0.0836086242979302
 31
0.0
  0
LINE
  5
C5A6
  8
0
 10
0.071792684113102
 20
0.0727833067484691
 30
0.0
 11
0.0780426841152848
 21
0.0727833067484691
 31
0.0
  0
LINE
  5
C5A7
  8
0
 10
0.0905426841123744
 20
0.0727833067484691
 30
0.0
 11
0.0967926841145572
 21
0.0727833067484691
 31
0.0
  0
LINE
  5
C5A8
  8
0
 10
0.1092926841152848
 20
0.0727833067484691
 30
0.0
 11
0.1155426841138296
 21
0.0727833067484691
 31
0.0
  0
LINE
  5
C5A9
  8
0
 10
0.0759608292897656
 20
0.0619579891990081
 30
0.0
 11
0.0780426841152848
 21
0.0619579891990081
 31
0.0
  0
LINE
  5
C5AA
  8
0
 10
0.0905426841123744
 20
0.0619579891990081
 30
0.0
 11
0.0967926841145572
 21
0.0619579891990081
 31
0.0
  0
LINE
  5
C5AB
  8
0
 10
0.1092926841152848
 20
0.0619579891990081
 30
0.0
 11
0.1155426841138296
 21
0.0619579891990081
 31
0.0
  0
LINE
  5
C5AC
  8
0
 10
0.0908606006483797
 20
0.0511326716495471
 30
0.0
 11
0.0967926841145572
 21
0.0511326716495471
 31
0.0
  0
LINE
  5
C5AD
  8
0
 10
0.1092926841152848
 20
0.0511326716495471
 30
0.0
 11
0.1155426841138296
 21
0.0511326716495471
 31
0.0
  0
LINE
  5
C5AE
  8
0
 10
0.1092926841152848
 20
0.040307354100086
 30
0.0
 11
0.1155426841138296
 21
0.040307354100086
 31
0.0
  0
LINE
  5
C5AF
  8
0
 10
0.1092926841152848
 20
0.029482036550625
 30
0.0
 11
0.1155426841138296
 21
0.029482036550625
 31
0.0
  0
LINE
  5
C5B0
  8
0
 10
0.1280426841145572
 20
0.029482036550625
 30
0.0
 11
0.1301807687737937
 21
0.029482036550625
 31
0.0
  0
LINE
  5
C5B1
  8
0
 10
0.1092926841152848
 20
0.018656719001164
 30
0.0
 11
0.1155426841138296
 21
0.018656719001164
 31
0.0
  0
LINE
  5
C5B2
  8
0
 10
0.1092926841152848
 20
0.0078314014480649
 30
0.0
 11
0.1155426841138296
 21
0.0078314014480649
 31
0.0
  0
LINE
  5
C5B3
  8
0
 10
0.093821087542533
 20
-0.0029939161013961
 30
0.0
 11
0.0967926841145572
 21
-0.0029939161013961
 31
0.0
  0
LINE
  5
C5B4
  8
0
 10
0.1092926841152848
 20
-0.0029939161013961
 30
0.0
 11
0.1155426841138296
 21
-0.0029939161013961
 31
0.0
  0
LINE
  5
C5B5
  8
0
 10
0.0905426841123744
 20
-0.0138192336508571
 30
0.0
 11
0.0967926841145572
 21
-0.0138192336508571
 31
0.0
  0
LINE
  5
C5B6
  8
0
 10
0.1092926841152848
 20
-0.0138192336508571
 30
0.0
 11
0.1155426841138296
 21
-0.0138192336508571
 31
0.0
  0
LINE
  5
C5B7
  8
0
 10
0.0905426841123744
 20
-0.0246445512003182
 30
0.0
 11
0.0967926841145572
 21
-0.0246445512003182
 31
0.0
  0
LINE
  5
C5B8
  8
0
 10
0.1092926841152848
 20
-0.0246445512003182
 30
0.0
 11
0.1155426841138296
 21
-0.0246445512003182
 31
0.0
  0
LINE
  5
C5B9
  8
0
 10
0.0905426841123744
 20
-0.0354698687497792
 30
0.0
 11
0.0967926841145572
 21
-0.0354698687497792
 31
0.0
  0
LINE
  5
C5BA
  8
0
 10
0.1092926841152848
 20
-0.0354698687497792
 30
0.0
 11
0.1155426841138296
 21
-0.0354698687497792
 31
0.0
  0
LINE
  5
C5BB
  8
0
 10
0.0905426841123744
 20
-0.0462951862992402
 30
0.0
 11
0.0967926841145572
 21
-0.0462951862992402
 31
0.0
  0
LINE
  5
C5BC
  8
0
 10
0.1092926841152848
 20
-0.0462951862992402
 30
0.0
 11
0.1155426841138296
 21
-0.0462951862992402
 31
0.0
  0
LINE
  5
C5BD
  8
0
 10
0.0762342930898785
 20
-0.0571205038523393
 30
0.0
 11
0.0780426841152848
 21
-0.0571205038523393
 31
0.0
  0
LINE
  5
C5BE
  8
0
 10
0.0905426841123744
 20
-0.0571205038523393
 30
0.0
 11
0.0967926841145572
 21
-0.0571205038523393
 31
0.0
  0
LINE
  5
C5BF
  8
0
 10
0.1092926841152848
 20
-0.0571205038523393
 30
0.0
 11
0.1155426841138296
 21
-0.0571205038523393
 31
0.0
  0
LINE
  5
C5C0
  8
0
 10
0.072716934202258
 20
-0.0679458214018003
 30
0.0
 11
0.0780426841152848
 21
-0.0679458214018003
 31
0.0
  0
LINE
  5
C5C1
  8
0
 10
0.0905426841123744
 20
-0.0679458214018003
 30
0.0
 11
0.0967926841145572
 21
-0.0679458214018003
 31
0.0
  0
LINE
  5
C5C2
  8
0
 10
0.1092926841152848
 20
-0.0679458214018003
 30
0.0
 11
0.1155426841138296
 21
-0.0679458214018003
 31
0.0
  0
LINE
  5
C5C3
  8
0
 10
0.071792684113102
 20
-0.0787711389512613
 30
0.0
 11
0.0780426841152848
 21
-0.0787711389512613
 31
0.0
  0
LINE
  5
C5C4
  8
0
 10
0.0905426841123744
 20
-0.0787711389512613
 30
0.0
 11
0.0967926841145572
 21
-0.0787711389512613
 31
0.0
  0
LINE
  5
C5C5
  8
0
 10
0.1092926841152848
 20
-0.0787711389512613
 30
0.0
 11
0.1113786817619302
 21
-0.0787711389512613
 31
0.0
  0
LINE
  5
C5C6
  8
0
 10
-0.0032073158876256
 20
-0.0895964565007224
 30
0.0
 11
0.0030426841145572
 21
-0.0895964565007224
 31
0.0
  0
LINE
  5
C5C7
  8
0
 10
0.0155426841152848
 20
-0.0895964565007224
 30
0.0
 11
0.0217926841138296
 21
-0.0895964565007224
 31
0.0
  0
LINE
  5
C5C8
  8
0
 10
0.0342926841145572
 20
-0.0895964565007224
 30
0.0
 11
0.040542684113102
 21
-0.0895964565007224
 31
0.0
  0
LINE
  5
C5C9
  8
0
 10
0.0530426841138296
 20
-0.0895964565007224
 30
0.0
 11
0.0592926841123744
 21
-0.0895964565007224
 31
0.0
  0
LINE
  5
C5CA
  8
0
 10
0.071792684113102
 20
-0.0895964565007224
 30
0.0
 11
0.0780426841152848
 21
-0.0895964565007224
 31
0.0
  0
LINE
  5
C5CB
  8
0
 10
0.0905426841123744
 20
-0.0895964565007224
 30
0.0
 11
0.0964789103996782
 21
-0.0895964565007224
 31
0.0
  0
LINE
  5
C5CC
  8
0
 10
-0.0032073158876256
 20
-0.1004217740501834
 30
0.0
 11
0.0030426841145572
 21
-0.1004217740501834
 31
0.0
  0
LINE
  5
C5CD
  8
0
 10
0.0155426841152848
 20
-0.1004217740501834
 30
0.0
 11
0.0217926841138296
 21
-0.1004217740501834
 31
0.0
  0
LINE
  5
C5CE
  8
0
 10
0.0342926841145572
 20
-0.1004217740501834
 30
0.0
 11
0.040542684113102
 21
-0.1004217740501834
 31
0.0
  0
LINE
  5
C5CF
  8
0
 10
0.0530426841138296
 20
-0.1004217740501834
 30
0.0
 11
0.0592926841123744
 21
-0.1004217740501834
 31
0.0
  0
LINE
  5
C5D0
  8
0
 10
0.071792684113102
 20
-0.1004217740501834
 30
0.0
 11
0.0780426841152848
 21
-0.1004217740501834
 31
0.0
  0
LINE
  5
C5D1
  8
0
 10
-0.0032073158876256
 20
-0.1112470915996444
 30
0.0
 11
0.0030426841145572
 21
-0.1112470915996444
 31
0.0
  0
LINE
  5
C5D2
  8
0
 10
0.0155426841152848
 20
-0.1112470915996444
 30
0.0
 11
0.0217926841138296
 21
-0.1112470915996444
 31
0.0
  0
LINE
  5
C5D3
  8
0
 10
0.0342926841145572
 20
-0.1112470915996444
 30
0.0
 11
0.040542684113102
 21
-0.1112470915996444
 31
0.0
  0
LINE
  5
C5D4
  8
0
 10
0.0530426841138296
 20
-0.1112470915996444
 30
0.0
 11
0.0592926841123744
 21
-0.1112470915996444
 31
0.0
  0
LINE
  5
C5D5
  8
0
 10
-0.0032073158876256
 20
-0.1220724091491054
 30
0.0
 11
0.0030426841145572
 21
-0.1220724091491054
 31
0.0
  0
LINE
  5
C5D6
  8
0
 10
0.0155426841152848
 20
-0.1220724091491054
 30
0.0
 11
0.0217926841138296
 21
-0.1220724091491054
 31
0.0
  0
LINE
  5
C5D7
  8
0
 10
0.0342926841145572
 20
-0.1220724091491054
 30
0.0
 11
0.040542684113102
 21
-0.1220724091491054
 31
0.0
  0
LINE
  5
C5D8
  8
0
 10
-0.0032073158876256
 20
-0.1328977267022044
 30
0.0
 11
0.0030426841145572
 21
-0.1328977267022044
 31
0.0
  0
LINE
  5
C5D9
  8
0
 10
0.0155426841152848
 20
-0.1328977267022044
 30
0.0
 11
0.0217926841138296
 21
-0.1328977267022044
 31
0.0
  0
LINE
  5
C5DA
  8
0
 10
0.0342926841145572
 20
-0.1328977267022044
 30
0.0
 11
0.0368798249652218
 21
-0.1328977267022044
 31
0.0
  0
LINE
  5
C5DB
  8
0
 10
-0.0032073158876256
 20
-0.1437230442516655
 30
0.0
 11
0.0030426841145572
 21
-0.1437230442516655
 31
0.0
  0
LINE
  5
C5DC
  8
0
 10
0.0155426841152848
 20
-0.1437230442516655
 30
0.0
 11
0.0217926841138296
 21
-0.1437230442516655
 31
0.0
  0
LINE
  5
C5DD
  8
0
 10
-0.0032073158876256
 20
-0.1545483618011265
 30
0.0
 11
0.0030426841145572
 21
-0.1545483618011265
 31
0.0
  0
LINE
  5
C5DE
  8
0
 10
-0.0125826417755843
 20
-0.1491360050477586
 30
0.0
 11
-0.0157076417748567
 21
-0.1437233462730281
 31
0.0
  0
LINE
  5
C5DF
  8
0
 10
0.0042354882421978
 20
-0.1566152256255653
 30
0.0
 11
0.0030423582280537
 21
-0.1545486638188511
 31
0.0
  0
LINE
  5
C5E0
  8
0
 10
-0.0032076417741291
 20
-0.1437233462730281
 30
0.0
 11
-0.0063326417734015
 21
-0.1383106874982976
 31
0.0
  0
LINE
  5
C5E1
  8
0
 10
-0.0125826417719464
 20
-0.1274853699524745
 30
0.0
 11
-0.0157076417748567
 21
-0.122072711177744
 31
0.0
  0
LINE
  5
C5E2
  8
0
 10
0.0130415948839118
 20
-0.1502172146447909
 30
0.0
 11
0.0124173582295089
 21
-0.1491360050441206
 31
0.0
  0
LINE
  5
C5E3
  8
0
 10
0.0061673582273261
 20
-0.1383106874982976
 30
0.0
 11
0.0030423582280537
 21
-0.132898028723567
 31
0.0
  0
LINE
  5
C5E4
  8
0
 10
-0.0032076417704912
 20
-0.122072711177744
 30
0.0
 11
-0.0063326417697636
 21
-0.1166600524030135
 31
0.0
  0
LINE
  5
C5E5
  8
0
 10
-0.0125826417719464
 20
-0.1058347348535524
 30
0.0
 11
-0.0157076417712188
 21
-0.1004220760824599
 31
0.0
  0
LINE
  5
C5E6
  8
0
 10
0.0218477015256258
 20
-0.1438192036640165
 30
0.0
 11
0.021792358230964
 21
-0.1437233462693901
 31
0.0
  0
LINE
  5
C5E7
  8
0
 10
0.0155423582324192
 20
-0.132898028723567
 30
0.0
 11
0.0124173582331468
 21
-0.1274853699488365
 31
0.0
  0
LINE
  5
C5E8
  8
0
 10
0.006167358230964
 20
-0.1166600523993755
 30
0.0
 11
0.0030423582316916
 21
-0.1112473936282829
 31
0.0
  0
LINE
  5
C5E9
  8
0
 10
-0.0032076417668532
 20
-0.1004220760788219
 30
0.0
 11
-0.0063326417697636
 21
-0.0950094173077294
 31
0.0
  0
LINE
  5
C5EA
  8
0
 10
0.0249173582338744
 20
-0.1274853699451985
 30
0.0
 11
0.021792358234602
 21
-0.122072711174106
 31
0.0
  0
LINE
  5
C5EB
  8
0
 10
0.0155423582324192
 20
-0.111247393624645
 30
0.0
 11
0.0124173582331468
 21
-0.1058347348535524
 31
0.0
  0
LINE
  5
C5EC
  8
0
 10
0.006167358234602
 20
-0.0950094173040914
 30
0.0
 11
0.0030423582353296
 21
-0.0895967585329989
 31
0.0
  0
LINE
  5
C5ED
  8
0
 10
0.0342923582353296
 20
-0.122072711170468
 30
0.0
 11
0.0311673582360572
 21
-0.1166600523993755
 31
0.0
  0
LINE
  5
C5EE
  8
0
 10
0.0249173582375124
 20
-0.1058347348499145
 30
0.0
 11
0.021792358234602
 21
-0.1004220760788219
 31
0.0
  0
LINE
  5
C5EF
  8
0
 10
0.0155423582360572
 20
-0.0895967585293609
 30
0.0
 11
0.0150507564718328
 21
-0.088745279297719
 31
0.0
  0
LINE
  5
C5F0
  8
0
 10
0.0436673582367848
 20
-0.1166600523957375
 30
0.0
 11
0.0405423582375124
 21
-0.111247393624645
 31
0.0
  0
LINE
  5
C5F1
  8
0
 10
0.0342923582389676
 20
-0.1004220760751839
 30
0.0
 11
0.0311673582396952
 21
-0.0950094173004534
 31
0.0
  0
LINE
  5
C5F2
  8
0
 10
0.053042358241878
 20
-0.111247393621007
 30
0.0
 11
0.0499173582389676
 21
-0.1058347348499145
 31
0.0
  0
LINE
  5
C5F3
  8
0
 10
0.0436673582404228
 20
-0.0950094173004534
 30
0.0
 11
0.0405423582411504
 21
-0.0895967585257229
 31
0.0
  0
LINE
  5
C5F4
  8
0
 10
0.0624173582433332
 20
-0.1058347348462765
 30
0.0
 11
0.0592923582440608
 21
-0.100422076071546
 31
0.0
  0
LINE
  5
C5F5
  8
0
 10
0.053042358241878
 20
-0.0895967585257229
 30
0.0
 11
0.0525507564812915
 21
-0.088745279297719
 31
0.0
  0
LINE
  5
C5F6
  8
0
 10
0.0717923582447884
 20
-0.100422076071546
 30
0.0
 11
0.068667358245516
 21
-0.0950094172968155
 31
0.0
  0
LINE
  5
C5F7
  8
0
 10
0.0811673582462436
 20
-0.0950094172968155
 30
0.0
 11
0.0780423582469712
 21
-0.089596758522085
 31
0.0
  0
LINE
  5
C5F8
  8
0
 10
0.0717923582484263
 20
-0.0787714409762619
 30
0.0
 11
0.070133208944394
 21
-0.0758977100868568
 31
0.0
  0
LINE
  5
C5F9
  8
0
 10
0.0905423582513367
 20
-0.089596758522085
 30
0.0
 11
0.0874173582484264
 21
-0.0841840997473544
 31
0.0
  0
LINE
  5
C5FA
  8
0
 10
0.0811673582498815
 20
-0.0733587822015314
 30
0.0
 11
0.0780423582506091
 21
-0.0679461234268009
 31
0.0
  0
LINE
  5
C5FB
  8
0
 10
0.0999173582527919
 20
-0.0841840997473544
 30
0.0
 11
0.0967923582535195
 21
-0.0787714409726239
 31
0.0
  0
LINE
  5
C5FC
  8
0
 10
0.0905423582513367
 20
-0.0679461234268009
 30
0.0
 11
0.0874173582520643
 21
-0.0625334646520703
 31
0.0
  0
LINE
  5
C5FD
  8
0
 10
0.0811673582535195
 20
-0.0517081471062473
 30
0.0
 11
0.0791360492472495
 21
-0.0481898167000243
 31
0.0
  0
LINE
  5
C5FE
  8
0
 10
-0.0125826417464805
 20
0.1106716161029264
 30
0.0
 11
-0.0157076417493909
 21
0.1160842748776569
 31
0.0
  0
LINE
  5
C5FF
  8
0
 10
0.1092923582542471
 20
-0.0787714409726239
 30
0.0
 11
0.1061673582549747
 21
-0.0733587821978934
 31
0.0
  0
LINE
  5
C600
  8
0
 10
0.0999173582527919
 20
-0.0625334646520703
 30
0.0
 11
0.0967923582535195
 21
-0.0571208058773398
 31
0.0
  0
LINE
  5
C601
  8
0
 10
0.0905423582549747
 20
-0.0462954883315168
 30
0.0
 11
0.0874173582557023
 21
-0.0408828295567862
 31
0.0
  0
LINE
  5
C602
  8
0
 10
0.1186673582557023
 20
-0.0733587821978934
 30
0.0
 11
0.1155423582564299
 21
-0.0679461234231629
 31
0.0
  0
LINE
  5
C603
  8
0
 10
0.1092923582578851
 20
-0.0571208058773398
 30
0.0
 11
0.1061673582586127
 21
-0.0517081471026093
 31
0.0
  0
LINE
  5
C604
  8
0
 10
0.0999173582564299
 20
-0.0408828295531483
 30
0.0
 11
0.0967923582571575
 21
-0.0354701707820557
 31
0.0
  0
LINE
  5
C605
  8
0
 10
0.0905423582586127
 20
-0.0246448532325947
 30
0.0
 11
0.088138889550105
 21
-0.0204819233168299
 31
0.0
  0
LINE
  5
C606
  8
0
 10
0.0149500005823984
 20
0.1062849509234449
 30
0.0
 11
0.0124173582586127
 21
0.1106716161065644
 31
0.0
  0
LINE
  5
C607
  8
0
 10
0.1275209812189177
 20
-0.0670430718947235
 30
0.0
 11
0.1249173582578851
 21
-0.0625334646484324
 31
0.0
  0
LINE
  5
C608
  8
0
 10
0.1186673582593403
 20
-0.0517081471026093
 30
0.0
 11
0.1155423582600679
 21
-0.0462954883278788
 31
0.0
  0
LINE
  5
C609
  8
0
 10
0.1092923582578851
 20
-0.0354701707784178
 30
0.0
 11
0.1061673582586127
 21
-0.0300575120073252
 31
0.0
  0
LINE
  5
C60A
  8
0
 10
0.0999173582600679
 20
-0.0192321944578642
 30
0.0
 11
0.0967923582607955
 21
-0.0138195356867716
 31
0.0
  0
LINE
  5
C60B
  8
0
 10
0.0342923582607955
 20
0.0944336397896488
 30
0.0
 11
0.0311673582578851
 21
0.0998462985607414
 31
0.0
  0
LINE
  5
C60C
  8
0
 10
0.0249173582593403
 20
0.1106716161102024
 30
0.0
 11
0.0217923582600679
 21
0.1160842748812949
 31
0.0
  0
LINE
  5
C60D
  8
0
 10
0.1280423582607955
 20
-0.0462954883242408
 30
0.0
 11
0.1249173582615231
 21
-0.0408828295531483
 31
0.0
  0
LINE
  5
C60E
  8
0
 10
0.1186673582629782
 20
-0.0300575120036872
 30
0.0
 11
0.1155423582600679
 21
-0.0246448532325947
 31
0.0
  0
LINE
  5
C60F
  8
0
 10
0.1092923582615231
 20
-0.0138195356831337
 30
0.0
 11
0.1061673582622506
 21
-0.0084068769120411
 31
0.0
  0
LINE
  5
C610
  8
0
 10
0.0999173582637059
 20
0.0024184406374199
 30
0.0
 11
0.0971417298493225
 21
0.0072259700663646
 31
0.0
  0
LINE
  5
C611
  8
0
 10
0.0530423582600679
 20
0.0836083222401878
 30
0.0
 11
0.0499173582607955
 21
0.0890209810149183
 31
0.0
  0
LINE
  5
C612
  8
0
 10
0.0436673582622507
 20
0.0998462985643793
 30
0.0
 11
0.0405423582629783
 21
0.1052589573354719
 31
0.0
  0
LINE
  5
C613
  8
0
 10
0.1280423582644334
 20
-0.0246448532289567
 30
0.0
 11
0.124917358265161
 21
-0.0192321944578642
 31
0.0
  0
LINE
  5
C614
  8
0
 10
0.1186673582629782
 20
-0.0084068769084031
 30
0.0
 11
0.1155423582637058
 21
-0.0029942181336726
 31
0.0
  0
LINE
  5
C615
  8
0
 10
0.109292358265161
 20
0.0078310994121504
 30
0.0
 11
0.1061673582658886
 21
0.013243758186881
 31
0.0
  0
LINE
  5
C616
  8
0
 10
0.0795460925470297
 20
0.0593531429676015
 30
0.0
 11
0.0780423582651611
 21
0.0619576871485417
 31
0.0
  0
LINE
  5
C617
  8
0
 10
0.0717923582629783
 20
0.0727830046943647
 30
0.0
 11
0.0686673582637059
 21
0.0781956634690952
 31
0.0
  0
LINE
  5
C618
  8
0
 10
0.0624173582651611
 20
0.0890209810149183
 30
0.0
 11
0.0592923582658886
 21
0.0944336397896488
 31
0.0
  0
LINE
  5
C619
  8
0
 10
0.0530423582637059
 20
0.1052589573391098
 30
0.0
 11
0.0499173582644335
 21
0.1106716161102024
 31
0.0
  0
LINE
  5
C61A
  8
0
 10
0.1280423582680714
 20
-0.0029942181336726
 30
0.0
 11
0.124917358265161
 21
0.0024184406410579
 31
0.0
  0
LINE
  5
C61B
  8
0
 10
0.1186673582666162
 20
0.013243758186881
 30
0.0
 11
0.1155423582673438
 21
0.0186564169616115
 31
0.0
  0
LINE
  5
C61C
  8
0
 10
0.109292358265161
 20
0.0294817345074345
 30
0.0
 11
0.1061673582658886
 21
0.034894393282165
 31
0.0
  0
LINE
  5
C61D
  8
0
 10
0.0999173582673438
 20
0.0457197108279881
 30
0.0
 11
0.0967923582680714
 21
0.0511323696027186
 31
0.0
  0
LINE
  5
C61E
  8
0
 10
0.0905423582658887
 20
0.0619576871485417
 30
0.0
 11
0.0874173582666163
 21
0.0673703459232722
 31
0.0
  0
LINE
  5
C61F
  8
0
 10
0.0811673582680714
 20
0.0781956634690952
 30
0.0
 11
0.0780423582651611
 21
0.0836083222438258
 31
0.0
  0
LINE
  5
C620
  8
0
 10
0.0717923582666162
 20
0.0944336397932868
 30
0.0
 11
0.0686673582673438
 21
0.0998462985643793
 31
0.0
  0
LINE
  5
C621
  8
0
 10
0.0624173582651611
 20
0.1106716161138403
 30
0.0
 11
0.0592923582658886
 21
0.1160842748849329
 31
0.0
  0
LINE
  5
C622
  8
0
 10
0.1280423582680714
 20
0.0186564169616115
 30
0.0
 11
0.124917358268799
 21
0.024069075736342
 31
0.0
  0
LINE
  5
C623
  8
0
 10
0.1186673582702542
 20
0.034894393282165
 30
0.0
 11
0.1155423582673438
 21
0.0403070520568956
 31
0.0
  0
LINE
  5
C624
  8
0
 10
0.109292358268799
 20
0.0511323696027186
 30
0.0
 11
0.1061673582695266
 21
0.0565450283774491
 31
0.0
  0
LINE
  5
C625
  8
0
 10
0.0999173582673438
 20
0.0673703459232722
 30
0.0
 11
0.0967923582680714
 21
0.0727830046980027
 31
0.0
  0
LINE
  5
C626
  8
0
 10
0.0905423582695266
 20
0.0836083222474637
 30
0.0
 11
0.0874173582702542
 21
0.0890209810185563
 31
0.0
  0
LINE
  5
C627
  8
0
 10
0.0811673582680714
 20
0.0998462985680173
 30
0.0
 11
0.078042358268799
 21
0.1052589573391098
 31
0.0
  0
LINE
  5
C628
  8
0
 10
0.1186673582702542
 20
0.0565450283774491
 30
0.0
 11
0.1155423582709818
 21
0.0619576871521797
 31
0.0
  0
LINE
  5
C629
  8
0
 10
0.109292358272437
 20
0.0727830047016407
 30
0.0
 11
0.1061673582695266
 21
0.0781956634727332
 31
0.0
  0
LINE
  5
C62A
  8
0
 10
0.0999173582709818
 20
0.0890209810221943
 30
0.0
 11
0.0967923582717094
 21
0.0944336397932868
 31
0.0
  0
LINE
  5
C62B
  8
0
 10
0.0905423582695266
 20
0.1052589573427478
 30
0.0
 11
0.0874173582702542
 21
0.1106716161138403
 31
0.0
  0
LINE
  5
C62C
  8
0
 10
0.1087991433556499
 20
0.0952879130945159
 30
0.0
 11
0.1061673582731646
 21
0.0998462985680173
 31
0.0
  0
LINE
  5
C62D
  8
0
 10
0.0999173582746198
 20
0.1106716161174783
 30
0.0
 11
0.0967923582717094
 21
0.1160842748885709
 31
0.0
  0
LINE
  5
C62E
  8
0
 10
-0.0134578798282701
 20
0.1091562634264203
 30
0.0
 11
-0.0125827404193797
 21
0.1106720493461846
 31
0.0
  0
LINE
  5
C62F
  8
0
 10
0.0124172595857135
 20
0.1106720493425466
 30
0.0
 11
0.0155422595849859
 21
0.1160847081172771
 31
0.0
  0
LINE
  5
C630
  8
0
 10
0.0217922595871687
 20
0.1052593905678161
 30
0.0
 11
0.0249172595900791
 21
0.1106720493425466
 31
0.0
  0
LINE
  5
C631
  8
0
 10
0.0311672595922619
 20
0.0998467317930856
 30
0.0
 11
0.0342922595915343
 21
0.1052593905678161
 31
0.0
  0
LINE
  5
C632
  8
0
 10
0.0405422595937171
 20
0.0944340730183551
 30
0.0
 11
0.0436672595929895
 21
0.0998467317894476
 31
0.0
  0
LINE
  5
C633
  8
0
 10
0.0499172595951722
 20
0.1106720493389086
 30
0.0
 11
0.0530422595944447
 21
0.1160847081136391
 31
0.0
  0
LINE
  5
C634
  8
0
 10
0.0499172595951722
 20
0.0890214142436246
 30
0.0
 11
0.0530422595944447
 21
0.0944340730147171
 31
0.0
  0
LINE
  5
C635
  8
0
 10
0.0592922595966274
 20
0.1052593905641781
 30
0.0
 11
0.0624172595958998
 21
0.1106720493352706
 31
0.0
  0
LINE
  5
C636
  8
0
 10
0.0592922595966274
 20
0.083608755468894
 30
0.0
 11
0.0624172595995378
 21
0.0890214142399866
 31
0.0
  0
LINE
  5
C637
  8
0
 10
0.0686672595980826
 20
0.0998467317894476
 30
0.0
 11
0.071792259597355
 21
0.1052593905605401
 31
0.0
  0
LINE
  5
C638
  8
0
 10
0.0686672596017206
 20
0.0781960966941635
 30
0.0
 11
0.071792259600993
 21
0.0836087554652561
 31
0.0
  0
LINE
  5
C639
  8
0
 10
0.0780422595995378
 20
0.0944340730147171
 30
0.0
 11
0.0811672595988102
 21
0.0998467317858096
 31
0.0
  0
LINE
  5
C63A
  8
0
 10
0.087417259600993
 20
0.1106720493352706
 30
0.0
 11
0.0905422596002654
 21
0.1160847081063632
 31
0.0
  0
LINE
  5
C63B
  8
0
 10
-0.0157077403968242
 20
-0.0895963252933787
 30
0.0
 11
-0.0152163887618326
 21
-0.088745279297719
 31
0.0
  0
LINE
  5
C63C
  8
0
 10
0.0780422596031758
 20
0.072783437915795
 30
0.0
 11
0.0811672596024482
 21
0.0781960966905255
 31
0.0
  0
LINE
  5
C63D
  8
0
 10
0.087417259600993
 20
0.0890214142399866
 30
0.0
 11
0.0905422596039034
 21
0.0944340730110791
 31
0.0
  0
LINE
  5
C63E
  8
0
 10
0.0967922596024482
 20
0.1052593905605401
 30
0.0
 11
0.0999172596017206
 21
0.1106720493316327
 31
0.0
  0
LINE
  5
C63F
  8
0
 10
-0.0157077403968242
 20
-0.1112469603886628
 30
0.0
 11
-0.0125827403939138
 21
-0.1058343016139323
 31
0.0
  0
LINE
  5
C640
  8
0
 10
-0.006332740395369
 20
-0.0950089840681092
 30
0.0
 11
-0.0032077403960966
 21
-0.0895963252933787
 31
0.0
  0
LINE
  5
C641
  8
0
 10
0.087417259604631
 20
0.0673707791410645
 30
0.0
 11
0.0905422596039034
 21
0.072783437915795
 31
0.0
  0
LINE
  5
C642
  8
0
 10
0.0967922596060862
 20
0.0836087554616181
 30
0.0
 11
0.0999172596053586
 21
0.0890214142363486
 31
0.0
  0
LINE
  5
C643
  8
0
 10
0.1061672596039034
 20
0.0998467317858096
 30
0.0
 11
0.1069035344877238
 21
0.1011219972914925
 31
0.0
  0
LINE
  5
C644
  8
0
 10
-0.0157077403931862
 20
-0.1328975954839469
 30
0.0
 11
-0.0125827403939138
 21
-0.1274849367092163
 31
0.0
  0
LINE
  5
C645
  8
0
 10
-0.006332740391731
 20
-0.1166596191633933
 30
0.0
 11
-0.0032077403924586
 21
-0.1112469603886628
 31
0.0
  0
LINE
  5
C646
  8
0
 10
0.0030422596060862
 20
-0.1004216428428397
 30
0.0
 11
0.0061672596053586
 21
-0.0950089840681092
 31
0.0
  0
LINE
  5
C647
  8
0
 10
0.0967922596060862
 20
0.061958120366334
 30
0.0
 11
0.0999172596089966
 21
0.0673707791410645
 31
0.0
  0
LINE
  5
C648
  8
0
 10
0.1061672596075414
 20
0.0781960966868876
 30
0.0
 11
0.1092922596068138
 21
0.0836087554616181
 31
0.0
  0
LINE
  5
C649
  8
0
 10
-0.0138852101448674
 20
-0.151391515597489
 30
0.0
 11
-0.0125827403902759
 21
-0.1491355718081384
 31
0.0
  0
LINE
  5
C64A
  8
0
 10
-0.006332740391731
 20
-0.1383102542586774
 30
0.0
 11
-0.0032077403888207
 21
-0.1328975954839469
 31
0.0
  0
LINE
  5
C64B
  8
0
 10
0.0030422596097242
 20
-0.1220722779381238
 30
0.0
 11
0.0061672596089966
 21
-0.1166596191633933
 31
0.0
  0
LINE
  5
C64C
  8
0
 10
0.0124172596111794
 20
-0.1058343016175702
 30
0.0
 11
0.0155422596104518
 21
-0.1004216428428397
 31
0.0
  0
LINE
  5
C64D
  8
0
 10
0.0217922596089966
 20
-0.0895963252970167
 30
0.0
 11
0.0222836112439882
 21
-0.088745279297719
 31
0.0
  0
LINE
  5
C64E
  8
0
 10
0.099442386326341
 20
0.0448976393908462
 30
0.0
 11
0.0999172596089966
 21
0.0457201440457804
 31
0.0
  0
LINE
  5
C64F
  8
0
 10
0.1061672596111793
 20
0.0565454615916035
 30
0.0
 11
0.1092922596104517
 21
0.061958120366334
 31
0.0
  0
LINE
  5
C650
  8
0
 10
0.1155422596089966
 20
0.072783437912157
 30
0.0
 11
0.1159063747905793
 21
0.0734141039082981
 31
0.0
  0
LINE
  5
C651
  8
0
 10
-0.0050791035031534
 20
-0.1577895265782634
 30
0.0
 11
-0.0032077403888207
 21
-0.1545482305828689
 31
0.0
  0
LINE
  5
C652
  8
0
 10
0.0030422596133621
 20
-0.1437229130334079
 30
0.0
 11
0.0061672596126345
 21
-0.1383102542586774
 31
0.0
  0
LINE
  5
C653
  8
0
 10
0.0124172596111794
 20
-0.1274849367128543
 30
0.0
 11
0.0155422596104518
 21
-0.1220722779381238
 31
0.0
  0
LINE
  5
C654
  8
0
 10
0.0217922596126345
 20
-0.1112469603923007
 30
0.0
 11
0.024917259611907
 21
-0.1058343016175702
 31
0.0
  0
LINE
  5
C655
  8
0
 10
0.0311672596104518
 20
-0.0950089840717472
 30
0.0
 11
0.0342922596133621
 21
-0.0895963252970167
 31
0.0
  0
LINE
  5
C656
  8
0
 10
0.1061672596111793
 20
0.0348948264963194
 30
0.0
 11
0.1092922596104517
 21
0.0403074852710499
 31
0.0
  0
LINE
  5
C657
  8
0
 10
0.1155422596126345
 20
0.0511328028168729
 30
0.0
 11
0.1186672596119069
 21
0.0565454615916035
 31
0.0
  0
LINE
  5
C658
  8
0
 10
0.0124172596148173
 20
-0.1491355718081384
 30
0.0
 11
0.0155422596140897
 21
-0.1437229130370459
 31
0.0
  0
LINE
  5
C659
  8
0
 10
0.0217922596126345
 20
-0.1328975954875848
 30
0.0
 11
0.0249172596155449
 21
-0.1274849367128543
 31
0.0
  0
LINE
  5
C65A
  8
0
 10
0.0311672596140897
 20
-0.1166596191670313
 30
0.0
 11
0.0342922596133621
 21
-0.1112469603923007
 31
0.0
  0
LINE
  5
C65B
  8
0
 10
0.0405422596155449
 20
-0.1004216428464777
 30
0.0
 11
0.0436672596148173
 21
-0.0950089840717472
 31
0.0
  0
LINE
  5
C65C
  8
0
 10
0.0899967975306981
 20
-0.0147638705112248
 30
0.0
 11
0.0905422596148173
 21
-0.0138191024689793
 31
0.0
  0
LINE
  5
C65D
  8
0
 10
0.0967922596133622
 20
-0.0029937849195183
 30
0.0
 11
0.0999172596126346
 21
0.0024188738515742
 31
0.0
  0
LINE
  5
C65E
  8
0
 10
0.1061672596148173
 20
0.0132441914010353
 30
0.0
 11
0.1092922596140897
 21
0.0186568501757658
 31
0.0
  0
LINE
  5
C65F
  8
0
 10
0.1155422596126345
 20
0.0294821677215889
 30
0.0
 11
0.1186672596155449
 21
0.0348948264963194
 31
0.0
  0
LINE
  5
C660
  8
0
 10
0.0324224515603464
 20
-0.1361361980398859
 30
0.0
 11
0.0342922596170001
 21
-0.1328975954875848
 31
0.0
  0
LINE
  5
C661
  8
0
 10
0.0405422596155449
 20
-0.1220722779417618
 30
0.0
 11
0.0436672596184553
 21
-0.1166596191670313
 31
0.0
  0
LINE
  5
C662
  8
0
 10
0.0499172596170001
 20
-0.1058343016212082
 30
0.0
 11
0.0530422596162725
 21
-0.1004216428464777
 31
0.0
  0
LINE
  5
C663
  8
0
 10
0.0592922596148173
 20
-0.0895963253006547
 30
0.0
 11
0.0597836112570849
 21
-0.088745279297719
 31
0.0
  0
LINE
  5
C664
  8
0
 10
0.0780422596177277
 20
-0.0571203726595475
 30
0.0
 11
0.0811672596170001
 21
-0.051707713884817
 31
0.0
  0
LINE
  5
C665
  8
0
 10
0.0874172596155449
 20
-0.0408823963389939
 30
0.0
 11
0.0905422596184553
 21
-0.0354697375642634
 31
0.0
  0
LINE
  5
C666
  8
0
 10
0.0967922596170001
 20
-0.0246444200148024
 30
0.0
 11
0.0999172596162725
 21
-0.0192317612437099
 31
0.0
  0
LINE
  5
C667
  8
0
 10
0.1061672596148173
 20
-0.0084064436942488
 30
0.0
 11
0.1092922596177277
 21
-0.0029937849231563
 31
0.0
  0
LINE
  5
C668
  8
0
 10
0.1155422596162725
 20
0.0078315326263048
 30
0.0
 11
0.1186672596155449
 21
0.0132441913973973
 31
0.0
  0
LINE
  5
C669
  8
0
 10
0.1249172596177277
 20
0.0240695089468583
 30
0.0
 11
0.1280422596170001
 21
0.0294821677215889
 31
0.0
  0
LINE
  5
C66A
  8
0
 10
0.0592922596184553
 20
-0.1112469603959387
 30
0.0
 11
0.0624172596177277
 21
-0.1058343016212082
 31
0.0
  0
LINE
  5
C66B
  8
0
 10
0.0686672596199105
 20
-0.0950089840753852
 30
0.0
 11
0.0717922596191829
 21
-0.0895963253006547
 31
0.0
  0
LINE
  5
C66C
  8
0
 10
0.0780422596177277
 20
-0.0787710077548316
 30
0.0
 11
0.0811672596206381
 21
-0.0733583489801011
 31
0.0
  0
LINE
  5
C66D
  8
0
 10
0.0874172596191829
 20
-0.062533031434278
 30
0.0
 11
0.0905422596184553
 21
-0.0571203726595475
 31
0.0
  0
LINE
  5
C66E
  8
0
 10
0.0967922596170001
 20
-0.0462950551137245
 30
0.0
 11
0.0999172596199105
 21
-0.0408823963389939
 31
0.0
  0
LINE
  5
C66F
  8
0
 10
0.1061672596184553
 20
-0.0300570787931709
 30
0.0
 11
0.1092922596177277
 21
-0.0246444200184404
 31
0.0
  0
LINE
  5
C670
  8
0
 10
0.1155422596199105
 20
-0.0138191024689793
 30
0.0
 11
0.1186672596191829
 21
-0.0084064436978868
 31
0.0
  0
LINE
  5
C671
  8
0
 10
0.1249172596177277
 20
0.0024188738515742
 30
0.0
 11
0.1280422596170001
 21
0.0078315326226668
 31
0.0
  0
LINE
  5
C672
  8
0
 10
0.0780422596213657
 20
-0.1004216428501157
 30
0.0
 11
0.0811672596206381
 21
-0.0950089840753852
 31
0.0
  0
LINE
  5
C673
  8
0
 10
0.0874172596228209
 20
-0.0841836665295621
 30
0.0
 11
0.0905422596220933
 21
-0.0787710077548316
 31
0.0
  0
LINE
  5
C674
  8
0
 10
0.0967922596206381
 20
-0.0679456902090085
 30
0.0
 11
0.0999172596199105
 21
-0.062533031434278
 31
0.0
  0
LINE
  5
C675
  8
0
 10
0.1061672596220933
 20
-0.051707713888455
 30
0.0
 11
0.1092922596213657
 21
-0.0462950551137245
 31
0.0
  0
LINE
  5
C676
  8
0
 10
0.1155422596199105
 20
-0.0354697375679014
 30
0.0
 11
0.1186672596191829
 21
-0.0300570787931709
 31
0.0
  0
LINE
  5
C677
  8
0
 10
0.1249172596213657
 20
-0.0192317612437099
 30
0.0
 11
0.1280422596206381
 21
-0.0138191024726173
 31
0.0
  0
LINE
  5
C678
  8
0
 10
0.0970185435286157
 20
-0.0892043900840425
 30
0.0
 11
0.0999172596235485
 21
-0.0841836665295621
 31
0.0
  0
LINE
  5
C679
  8
0
 10
0.1061672596220933
 20
-0.0733583489837391
 30
0.0
 11
0.1092922596250037
 21
-0.0679456902090085
 31
0.0
  0
LINE
  5
C67A
  8
0
 10
0.1155422596235485
 20
-0.0571203726631855
 30
0.0
 11
0.1186672596228209
 21
-0.051707713888455
 31
0.0
  0
LINE
  5
C67B
  8
0
 10
0.1249172596250037
 20
-0.0408823963426319
 30
0.0
 11
0.1280422596242761
 21
-0.0354697375679014
 31
0.0
  0
LINE
  5
C67C
  8
0
 10
0.1185505741847055
 20
-0.0735604540987613
 30
0.0
 11
0.1186672596264588
 21
-0.0733583489837391
 31
0.0
  0
LINE
  5
C67D
  8
0
 10
0.1249172596250037
 20
-0.062533031437916
 30
0.0
 11
0.128042259627914
 21
-0.0571203726631855
 31
0.0
  0
LINE
  5
C67E
  8
0
 10
0.0659587806581885
 20
-0.088745279297719
 30
0.0
 11
0.1074837004449409
 21
0.0390552827029107
 31
0.0
  0
LINE
  5
C67F
  8
0
 10
0.1467926841138296
 20
-0.0246445512003182
 30
0.0
 11
0.1477675632228101
 21
-0.0246445512003182
 31
0.0
  0
LINE
  5
C680
  8
0
 10
0.1467926841138296
 20
-0.0354698687497792
 30
0.0
 11
0.1512849221104306
 21
-0.0354698687497792
 31
0.0
  0
LINE
  5
C681
  8
0
 10
0.1467926841138296
 20
-0.0462951862992402
 30
0.0
 11
0.1530426841123744
 21
-0.0462951862992402
 31
0.0
  0
LINE
  5
C682
  8
0
 10
0.1363270878569938
 20
-0.0606450609139491
 30
0.0
 11
0.1342923582629782
 21
-0.0571208058737018
 31
0.0
  0
LINE
  5
C683
  8
0
 10
0.1451331944987078
 20
-0.0542470499331747
 30
0.0
 11
0.1436673582644334
 21
-0.0517081470989713
 31
0.0
  0
LINE
  5
C684
  8
0
 10
0.1374173582622506
 20
-0.0408828295495103
 30
0.0
 11
0.1342923582629782
 21
-0.0354701707784178
 31
0.0
  0
LINE
  5
C685
  8
0
 10
0.1539393011404218
 20
-0.0478490389524002
 30
0.0
 11
0.1530423582658886
 21
-0.0462954883242408
 31
0.0
  0
LINE
  5
C686
  8
0
 10
0.1467923582673438
 20
-0.0354701707747798
 30
0.0
 11
0.1436673582644334
 21
-0.0300575120036872
 31
0.0
  0
LINE
  5
C687
  8
0
 10
0.1374173582658886
 20
-0.0192321944542262
 30
0.0
 11
0.1342923582666162
 21
-0.0138195356794957
 31
0.0
  0
LINE
  5
C688
  8
0
 10
0.1374173582695266
 20
0.0024184406410579
 30
0.0
 11
0.1342923582702542
 21
0.0078310994157884
 31
0.0
  0
LINE
  5
C689
  8
0
 10
0.1342922596191829
 20
-0.0029937849231563
 30
0.0
 11
0.1374172596220933
 21
0.0024188738479363
 31
0.0
  0
LINE
  5
C68A
  8
0
 10
0.1342922596228209
 20
-0.0246444200220784
 30
0.0
 11
0.1374172596220933
 21
-0.0192317612473478
 31
0.0
  0
LINE
  5
C68B
  8
0
 10
0.1342922596264588
 20
-0.0462950551173624
 30
0.0
 11
0.1374172596257313
 21
-0.0408823963426319
 31
0.0
  0
LINE
  5
C68C
  8
0
 10
0.1436672596242761
 20
-0.0300570787968089
 30
0.0
 11
0.1467922596271864
 21
-0.0246444200220784
 31
0.0
  0
LINE
  5
C68D
  8
0
 10
0.143667259627914
 20
-0.051707713892093
 30
0.0
 11
0.1467922596271864
 21
-0.0462950551173624
 31
0.0
  0
LINE
  5
C68E
  8
0
 10
-0.0032073158876256
 20
0.1269098944994123
 30
0.0
 11
0.0030426841145572
 21
0.1269098944994123
 31
0.0
  0
LINE
  5
C68F
  8
0
 10
0.0155426841152848
 20
0.1269098944994123
 30
0.0
 11
0.0217926841138296
 21
0.1269098944994123
 31
0.0
  0
LINE
  5
C690
  8
0
 10
0.0342926841145572
 20
0.1269098944994123
 30
0.0
 11
0.040542684113102
 21
0.1269098944994123
 31
0.0
  0
LINE
  5
C691
  8
0
 10
0.0530426841138296
 20
0.1269098944994123
 30
0.0
 11
0.0592926841123744
 21
0.1269098944994123
 31
0.0
  0
LINE
  5
C692
  8
0
 10
0.071792684113102
 20
0.1269098944994123
 30
0.0
 11
0.0780426841152848
 21
0.1269098944994123
 31
0.0
  0
LINE
  5
C693
  8
0
 10
0.0905426841123744
 20
0.1269098944994123
 30
0.0
 11
0.0967926841145572
 21
0.1269098944994123
 31
0.0
  0
LINE
  5
C694
  8
0
 10
-0.0125826417464805
 20
0.1323222512018485
 30
0.0
 11
-0.0150918184739521
 21
0.1366682727802337
 31
0.0
  0
LINE
  5
C695
  8
0
 10
0.0061673582564299
 20
0.1214969336560254
 30
0.0
 11
0.0030423582571575
 21
0.126909592427118
 31
0.0
  0
LINE
  5
C696
  8
0
 10
0.0155423582578851
 20
0.1269095924307559
 30
0.0
 11
0.0124173582586127
 21
0.1323222512018485
 31
0.0
  0
LINE
  5
C697
  8
0
 10
0.0249173582629783
 20
0.1323222512054865
 30
0.0
 11
0.0224081815355066
 21
0.1366682727802337
 31
0.0
  0
LINE
  5
C698
  8
0
 10
0.0436673582658886
 20
0.1214969336596634
 30
0.0
 11
0.0405423582629783
 21
0.1269095924307559
 31
0.0
  0
LINE
  5
C699
  8
0
 10
0.0530423582673438
 20
0.1269095924343939
 30
0.0
 11
0.0499173582680714
 21
0.1323222512091244
 31
0.0
  0
LINE
  5
C69A
  8
0
 10
0.062417358268799
 20
0.1323222512091244
 30
0.0
 11
0.0599081815449654
 21
0.1366682727802337
 31
0.0
  0
LINE
  5
C69B
  8
0
 10
0.0811673582717094
 20
0.1214969336633014
 30
0.0
 11
0.078042358272437
 21
0.1269095924380319
 31
0.0
  0
LINE
  5
C69C
  8
0
 10
0.0905423582731646
 20
0.1269095924380319
 30
0.0
 11
0.0874173582738922
 21
0.1323222512127624
 31
0.0
  0
LINE
  5
C69D
  8
0
 10
-0.0157077404222901
 20
0.1269100256667381
 30
0.0
 11
-0.0125827404193797
 21
0.1323226844414687
 31
0.0
  0
LINE
  5
C69E
  8
0
 10
-0.0063327404171969
 20
0.1214973668920076
 30
0.0
 11
-0.0032077404179245
 21
0.1269100256667381
 31
0.0
  0
LINE
  5
C69F
  8
0
 10
0.0124172595857135
 20
0.1323226844378307
 30
0.0
 11
0.0149261861839523
 21
0.1366682727802337
 31
0.0
  0
LINE
  5
C6A0
  8
0
 10
0.0217922595871687
 20
0.1269100256631002
 30
0.0
 11
0.0249172595864411
 21
0.1323226844378307
 31
0.0
  0
LINE
  5
C6A1
  8
0
 10
0.0311672595886239
 20
0.1214973668883696
 30
0.0
 11
0.0342922595878963
 21
0.1269100256631002
 31
0.0
  0
LINE
  5
C6A2
  8
0
 10
0.0499172595915343
 20
0.1323226844341927
 30
0.0
 11
0.052426186193411
 21
0.1366682727802337
 31
0.0
  0
LINE
  5
C6A3
  8
0
 10
0.0592922595929895
 20
0.1269100256594622
 30
0.0
 11
0.0624172595922619
 21
0.1323226844341927
 31
0.0
  0
LINE
  5
C6A4
  8
0
 10
0.0686672595944447
 20
0.1214973668847317
 30
0.0
 11
0.071792259597355
 21
0.1269100256594622
 31
0.0
  0
LINE
  5
C6A5
  8
0
 10
0.087417259597355
 20
0.1323226844305547
 30
0.0
 11
0.0899261862028698
 21
0.1366682727802337
 31
0.0
  0
LINE
  5
C6A6
  8
0
 10
0.0967922595988102
 20
0.1269100256558242
 30
0.0
 11
0.0979006941885064
 21
0.1288298906783249
 31
0.0
  0
ENDBLK
  5
C6A7
  8
0
  0
BLOCK
  8
0
  2
SOTTOLOCALE
 70
     0
 10
0.0
 20
0.0
 30
0.0
  3
SOTTOLOCALE
  1

  0
LINE
  5
C6AA
  8
0
 62
   250
 10
0.7005908517978055
 20
0.3016940854463335
 30
0.0
 11
-0.695909148204756
 21
0.3016940854463335
 31
0.0
  0
ARC
  5
C6AB
  8
0
 62
   250
 10
-0.0139233027792405
 20
-5.3010540805921753
 30
0.0
 40
5.6638705107788381
 50
89.835471398225394
 51
97.321497128538525
  0
LINE
  5
C6AC
  8
0
 62
   250
 10
-0.3273803750151463
 20
0.3016940854463335
 30
0.0
 11
-0.2721475031601774
 21
0.3569269573049403
 31
0.0
  0
LINE
  5
C6AD
  8
0
 62
   250
 10
-0.3627357140747525
 20
0.3016940854463335
 30
0.0
 11
-0.3093218546408214
 21
0.3551079448839025
 31
0.0
  0
LINE
  5
C6AE
  8
0
 62
   250
 10
-0.695909148204756
 20
-0.2569059145503254
 30
0.0
 11
0.7005908517978055
 21
-0.2569059145503254
 31
0.0
  0
ARC
  5
C6AF
  8
0
 62
   250
 10
-0.0085122999578933
 20
5.3458560331232441
 30
0.0
 40
5.6638705107788381
 50
262.62026482975881
 51
270.10629055998783
  0
LINE
  5
C6B0
  8
0
 62
   250
 10
-0.336541133036754
 20
-0.3085074365813036
 30
0.0
 11
-0.2849396110057758
 21
-0.2569059145503254
 31
0.0
  0
LINE
  5
C6B1
  8
0
 62
   250
 10
-0.3698646988403387
 20
-0.3064756633252821
 30
0.0
 11
-0.320294950065382
 21
-0.2569059145503254
 31
0.0
  0
ARC
  5
C6B2
  8
0
 62
   250
 10
0.1604317822249679
 20
0.0223137400275753
 30
0.0
 40
0.9432358317729864
 50
161.81803344941031
 51
198.12372850884719
  0
LINE
  5
C6B3
  8
0
 62
   250
 10
-0.695909148204756
 20
0.3016940854463335
 30
0.0
 11
-0.695909148204756
 21
-0.2569059145503254
 31
0.0
  0
LINE
  5
C6B4
  8
0
 62
   250
 10
-0.761644188801093
 20
0.2209836622528107
 30
0.0
 11
-0.695909148204756
 21
0.2867187028527858
 31
0.0
  0
LINE
  5
C6B5
  8
0
 62
   250
 10
-0.6300410012179971
 20
-0.2838092532297289
 30
0.0
 11
-0.6031376625422316
 21
-0.2569059145503254
 31
0.0
  0
LINE
  5
C6B6
  8
0
 62
   250
 10
-0.7774865528434211
 20
-0.0777014142627288
 30
0.0
 11
-0.695909148204756
 21
0.0038759903795742
 31
0.0
  0
LINE
  5
C6B7
  8
0
 62
   250
 10
-0.7803817758966223
 20
-0.045241298256324
 30
0.0
 11
-0.695909148204756
 21
0.0392313294391804
 31
0.0
  0
LINE
  5
C6B8
  8
0
 62
   250
 10
-0.7248324773016255
 20
-0.2725347121345387
 30
0.0
 11
-0.695909148204756
 21
-0.2436113830376692
 31
0.0
  0
LINE
  5
C6B9
  8
0
 62
   250
 10
-0.6617994074102361
 20
-0.2802123203623617
 30
0.0
 11
-0.6384930015981998
 21
-0.2569059145503254
 31
0.0
  0
LINE
  5
C6BA
  8
0
 62
   250
 10
-0.6933958543839444
 20
-0.2764534282764637
 30
0.0
 11
-0.6738483406578061
 21
-0.2569059145503254
 31
0.0
  0
LINE
  5
C6BB
  8
0
 62
   250
 10
-0.7414780139577677
 20
-0.2538249097310747
 30
0.0
 11
-0.695909148204756
 21
-0.208256043978063
 31
0.0
  0
LINE
  5
C6BC
  8
0
 62
   250
 10
-0.7494196959585869
 20
-0.2264112526722877
 30
0.0
 11
-0.695909148204756
 21
-0.1729007049184568
 31
0.0
  0
LINE
  5
C6BD
  8
0
 62
   250
 10
-0.7566458238278037
 20
-0.1982820414818982
 30
0.0
 11
-0.695909148204756
 21
-0.1375453658588506
 31
0.0
  0
LINE
  5
C6BE
  8
0
 62
   250
 10
-0.7631161645356959
 20
-0.1693970431301843
 30
0.0
 11
-0.695909148204756
 21
-0.1021900267992444
 31
0.0
  0
LINE
  5
C6BF
  8
0
 62
   250
 10
-0.7687841472132467
 20
-0.1397096867481289
 30
0.0
 11
-0.695909148204756
 21
-0.0668346877396382
 31
0.0
  0
LINE
  5
C6C0
  8
0
 62
   250
 10
-0.7735955127307724
 20
-0.1091657132060484
 30
0.0
 11
-0.695909148204756
 21
-0.031479348680032
 31
0.0
  0
LINE
  5
C6C1
  8
0
 62
   250
 10
-0.7820856286551324
 20
0.0591208661639846
 30
0.0
 11
-0.695909148204756
 21
0.145297346614361
 31
0.0
  0
LINE
  5
C6C2
  8
0
 62
   250
 10
-0.7821907531859516
 20
-0.0116949364860468
 30
0.0
 11
-0.695909148204756
 21
0.0745866684951486
 31
0.0
  0
LINE
  5
C6C3
  8
0
 62
   250
 10
-0.7828037642310126
 20
0.0230473915284981
 30
0.0
 11
-0.695909148204756
 21
0.1099420075547548
 31
0.0
  0
LINE
  5
C6C4
  8
0
 62
   250
 10
-0.7798667039958862
 20
0.0966951298828369
 30
0.0
 11
-0.695909148204756
 21
0.1806526856739672
 31
0.0
  0
LINE
  5
C6C5
  8
0
 62
   250
 10
-0.7759292693361393
 20
0.13598790360219
 30
0.0
 11
-0.695909148204756
 21
0.2160080247335734
 31
0.0
  0
LINE
  5
C6C6
  8
0
 62
   250
 10
-0.7699860159980934
 20
0.1772864959998421
 30
0.0
 11
-0.695909148204756
 21
0.2513633637931796
 31
0.0
  0
LINE
  5
C6C7
  8
0
 62
   250
 10
-0.5013427949296064
 20
-0.296532403176125
 30
0.0
 11
-0.4617163063038068
 21
-0.2569059145503254
 31
0.0
  0
LINE
  5
C6C8
  8
0
 62
   250
 10
-0.5337717040554897
 20
-0.2936059732460401
 30
0.0
 11
-0.497071645363413
 21
-0.2569059145503254
 31
0.0
  0
LINE
  5
C6C9
  8
0
 62
   250
 10
-0.5660294492980218
 20
-0.290508379425328
 30
0.0
 11
-0.5324269844230192
 21
-0.2569059145503254
 31
0.0
  0
LINE
  5
C6CA
  8
0
 62
   250
 10
-0.5981184369182491
 20
-0.2872420279895871
 30
0.0
 11
-0.5677823234826254
 21
-0.2569059145503254
 31
0.0
  0
LINE
  5
C6CB
  8
0
 62
   250
 10
-0.4359614815355788
 20
-0.3018617679049478
 30
0.0
 11
-0.3910056281845944
 21
-0.2569059145503254
 31
0.0
  0
LINE
  5
C6CC
  8
0
 62
   250
 10
-0.4687402406114606
 20
-0.2992851879175853
 30
0.0
 11
-0.4263609672442006
 21
-0.2569059145503254
 31
0.0
  0
LINE
  5
C6CD
  8
0
 62
   250
 10
-0.4030038764565881
 20
-0.3042595018855629
 30
0.0
 11
-0.3556502891249882
 21
-0.2569059145503254
 31
0.0
  0
LINE
  5
C6CE
  8
0
 62
   250
 10
-0.6455784265479641
 20
0.3016940854463335
 30
0.0
 11
-0.6166133675895443
 21
0.3306591444083913
 31
0.0
  0
LINE
  5
C6CF
  8
0
 62
   250
 10
-0.7503415448071074
 20
0.2676416453064028
 30
0.0
 11
-0.6964399947053797
 21
0.3215431954081303
 31
0.0
  0
LINE
  5
C6D0
  8
0
 62
   250
 10
-0.6809337656075704
 20
0.3016940854463335
 30
0.0
 11
-0.6563648014696999
 21
0.3262630495878418
 31
0.0
  0
LINE
  5
C6D1
  8
0
 62
   250
 10
-0.5041570703131773
 20
0.3016940854463335
 30
0.0
 11
-0.4606820966826679
 21
0.3451690590768428
 31
0.0
  0
LINE
  5
C6D2
  8
0
 62
   250
 10
-0.5395124093727836
 20
0.3016940854463335
 30
0.0
 11
-0.4992190942965144
 21
0.3419874005226027
 31
0.0
  0
LINE
  5
C6D3
  8
0
 62
   250
 10
-0.5748677484287517
 20
0.3016940854463335
 30
0.0
 11
-0.5380483711622408
 21
0.3385134627164823
 31
0.0
  0
LINE
  5
C6D4
  8
0
 62
   250
 10
-0.6102230874883579
 20
0.3016940854463335
 30
0.0
 11
-0.5771772397918729
 21
0.3347399331464564
 31
0.0
  0
LINE
  5
C6D5
  8
0
 62
   250
 10
-0.4334463921939653
 20
0.3016940854463335
 30
0.0
 11
-0.3844573299491647
 21
0.3506831476911336
 31
0.0
  0
LINE
  5
C6D6
  8
0
 62
   250
 10
-0.4688017312535714
 20
0.3016940854463335
 30
0.0
 11
-0.4224303981198509
 21
0.3480654185800538
 31
0.0
  0
LINE
  5
C6D7
  8
0
 62
   250
 10
-0.3980910531343587
 20
0.3016940854463335
 30
0.0
 11
-0.3467565159324484
 21
0.3530286226482437
 31
0.0
  0
LINE
  5
C6D8
  8
0
 62
   250
 10
0.7005908517978055
 20
0.2336498014187689
 30
0.0
 11
0.7505666216431375
 21
0.2836255712677391
 31
0.0
  0
LINE
  5
C6D9
  8
0
 62
   250
 10
0.7005908517978055
 20
-0.2569059145503254
 30
0.0
 11
0.7005908517978055
 21
0.3016940854463335
 31
0.0
  0
ARC
  5
C6DA
  8
0
 62
   250
 10
-0.1557500786319186
 20
0.0223137400275753
 30
0.0
 40
0.9432358317729864
 50
341.87627149115258
 51
18.181966550589689
  0
ARC
  5
C6DB
  8
0
 62
   250
 10
0.0240159923898129
 20
5.345822969873085
 30
0.0
 40
5.6638705107788381
 50
269.77723335654201
 51
277.26325908667241
  0
LINE
  5
C6DC
  8
0
 62
   250
 10
0.2598724575629414
 20
-0.3131346099912755
 30
0.0
 11
0.3161011530002535
 21
-0.2569059145503254
 31
0.0
  0
LINE
  5
C6DD
  8
0
 62
   250
 10
-0.0278172227143121
 20
-0.3179815777916795
 30
0.0
 11
0.033258440527042
 21
-0.2569059145503254
 31
0.0
  0
LINE
  5
C6DE
  8
0
 62
   250
 10
-0.062943903058859
 20
-0.3177529190766202
 30
0.0
 11
-0.0020968985325642
 21
-0.2569059145503254
 31
0.0
  0
LINE
  5
C6DF
  8
0
 62
   250
 10
-0.2013433225536763
 20
-0.3147309823366506
 30
0.0
 11
-0.143518254770989
 21
-0.2569059145503254
 31
0.0
  0
LINE
  5
C6E0
  8
0
 62
   250
 10
-0.2354345266674689
 20
-0.3134668473908371
 30
0.0
 11
-0.1788735938269572
 21
-0.2569059145503254
 31
0.0
  0
LINE
  5
C6E1
  8
0
 62
   250
 10
-0.2693291042003882
 20
-0.3120060858677882
 30
0.0
 11
-0.2142289328865634
 21
-0.2569059145503254
 31
0.0
  0
LINE
  5
C6E2
  8
0
 62
   250
 10
-0.3030302702416709
 20
-0.3103519128458267
 30
0.0
 11
-0.2495842719461696
 21
-0.2569059145503254
 31
0.0
  0
LINE
  5
C6E3
  8
0
 62
   250
 10
-0.1670521648255279
 20
-0.3157951636681084
 30
0.0
 11
-0.1081629157113828
 21
-0.2569059145503254
 31
0.0
  0
LINE
  5
C6E4
  8
0
 62
   250
 10
-0.0978560874635339
 20
-0.3173097644253269
 30
0.0
 11
-0.0374522375921704
 21
-0.2569059145503254
 31
0.0
  0
LINE
  5
C6E5
  8
0
 62
   250
 10
-0.1325576090228613
 20
-0.3166559469214101
 30
0.0
 11
-0.0728075766517766
 21
-0.2569059145503254
 31
0.0
  0
LINE
  5
C6E6
  8
0
 62
   250
 10
0.1142571113206752
 20
-0.317328599998755
 30
0.0
 11
0.1746797967654667
 21
-0.2569059145503254
 31
0.0
  0
LINE
  5
C6E7
  8
0
 62
   250
 10
0.0784443588246897
 20
-0.3177860134351342
 30
0.0
 11
0.1393244577058605
 21
-0.2569059145503254
 31
0.0
  0
LINE
  5
C6E8
  8
0
 62
   250
 10
0.0428588360311362
 20
-0.3180161971690816
 30
0.0
 11
0.1039691186462543
 21
-0.2569059145503254
 31
0.0
  0
LINE
  5
C6E9
  8
0
 62
   250
 10
0.0074962447662794
 20
-0.3180234493743321
 30
0.0
 11
0.0686137795866482
 21
-0.2569059145503254
 31
0.0
  0
LINE
  5
C6EA
  8
0
 62
   250
 10
0.1503015595891877
 20
-0.3166394907862107
 30
0.0
 11
0.2100351358250729
 21
-0.2569059145503254
 31
0.0
  0
LINE
  5
C6EB
  8
0
 62
   250
 10
0.2231043034855058
 20
-0.3145474250091049
 30
0.0
 11
0.2807458139442853
 21
-0.2569059145503254
 31
0.0
  0
LINE
  5
C6EC
  8
0
 62
   250
 10
0.1865823468662522
 20
-0.3157140425687523
 30
0.0
 11
0.2453904748846791
 21
-0.2569059145503254
 31
0.0
  0
LINE
  5
C6ED
  8
0
 62
   250
 10
0.5635594070783366
 20
-0.29229037295273
 30
0.0
 11
0.5989438654771031
 21
-0.2569059145503254
 31
0.0
  0
LINE
  5
C6EE
  8
0
 62
   250
 10
0.4095152006240637
 20
-0.3049132231649403
 30
0.0
 11
0.4575225092386784
 21
-0.2569059145503254
 31
0.0
  0
LINE
  5
C6EF
  8
0
 62
   250
 10
0.3717075994729195
 20
-0.307365485260116
 30
0.0
 11
0.4221671701790723
 21
-0.2569059145503254
 31
0.0
  0
LINE
  5
C6F0
  8
0
 62
   250
 10
0.3341685291354035
 20
-0.3095492165380258
 30
0.0
 11
0.3868118311194659
 21
-0.2569059145503254
 31
0.0
  0
LINE
  5
C6F1
  8
0
 62
   250
 10
0.296892046456541
 20
-0.3114703601572821
 30
0.0
 11
0.3514564920598597
 21
-0.2569059145503254
 31
0.0
  0
LINE
  5
C6F2
  8
0
 62
   250
 10
0.447597540545011
 20
-0.3021862223072369
 30
0.0
 11
0.4928778482982846
 21
-0.2569059145503254
 31
0.0
  0
LINE
  5
C6F3
  8
0
 62
   250
 10
0.5246126946632823
 20
-0.29588174630454
 30
0.0
 11
0.5635885264174969
 21
-0.2569059145503254
 31
0.0
  0
LINE
  5
C6F4
  8
0
 62
   250
 10
0.4859611087787738
 20
-0.2991779931294425
 30
0.0
 11
0.5282331873578907
 21
-0.2569059145503254
 31
0.0
  0
LINE
  5
C6F5
  8
0
 62
   250
 10
0.7005908517978055
 20
-0.0845482501140489
 30
0.0
 11
0.7872697933172999
 21
0.0021306914090835
 31
0.0
  0
LINE
  5
C6F6
  8
0
 62
   250
 10
0.7005908517978055
 20
-0.0491929110544427
 30
0.0
 11
0.7873622277849603
 21
0.0375784649363502
 31
0.0
  0
LINE
  5
C6F7
  8
0
 62
   250
 10
0.6822466495042856
 20
-0.2796691477019615
 30
0.0
 11
0.7605900375503363
 21
-0.2013257596559108
 31
0.0
  0
LINE
  5
C6F8
  8
0
 62
   250
 10
0.7005908517978055
 20
-0.2259696063524736
 30
0.0
 11
0.7704580599431024
 21
-0.1561023982035388
 31
0.0
  0
LINE
  5
C6F9
  8
0
 62
   250
 10
0.7005908517978055
 20
-0.1906142672928675
 30
0.0
 11
0.7776486086269681
 21
-0.1135565104600666
 31
0.0
  0
LINE
  5
C6FA
  8
0
 62
   250
 10
0.7005908517978055
 20
-0.1552589282332613
 30
0.0
 11
0.7826359375259738
 21
-0.0732138425050928
 31
0.0
  0
LINE
  5
C6FB
  8
0
 62
   250
 10
0.7005908517978055
 20
-0.1199035891736551
 30
0.0
 11
0.7857589322422239
 21
-0.0347355087255985
 31
0.0
  0
LINE
  5
C6FC
  8
0
 62
   250
 10
0.7224521400941552
 20
-0.2748189961716982
 30
0.0
 11
0.7473438611061094
 21
-0.2499272751597439
 31
0.0
  0
LINE
  5
C6FD
  8
0
 62
   250
 10
0.6423683753429752
 20
-0.2841920828036657
 30
0.0
 11
0.6696545435963155
 21
-0.2569059145503254
 31
0.0
  0
LINE
  5
C6FE
  8
0
 62
   250
 10
0.6028086958914896
 20
-0.2883964231955454
 30
0.0
 11
0.6342992045367093
 21
-0.2569059145503254
 31
0.0
  0
LINE
  5
C6FF
  8
0
 62
   250
 10
0.7005908517978055
 20
0.0922284451839821
 30
0.0
 11
0.7761933609992222
 21
0.1678309543853991
 31
0.0
  0
LINE
  5
C700
  8
0
 62
   250
 10
0.7005908517978055
 20
0.1275837842435883
 30
0.0
 11
0.7709841019033588
 21
0.1979770343491416
 31
0.0
  0
LINE
  5
C701
  8
0
 62
   250
 10
0.7005908517978055
 20
-0.0138375719948365
 30
0.0
 11
0.7861888067756621
 21
0.0717603829830202
 31
0.0
  0
LINE
  5
C702
  8
0
 62
   250
 10
0.7005908517978055
 20
0.0215177670647697
 30
0.0
 11
0.7838721856725708
 21
0.1047991009431732
 31
0.0
  0
LINE
  5
C703
  8
0
 62
   250
 10
0.7005908517978055
 20
0.0568731061243759
 30
0.0
 11
0.7805126501599982
 21
0.1367949044902068
 31
0.0
  0
LINE
  5
C704
  8
0
 62
   250
 10
0.7005908517978055
 20
0.1629391233031945
 30
0.0
 11
0.7649440220094941
 21
0.2272922935148833
 31
0.0
  0
LINE
  5
C705
  8
0
 62
   250
 10
0.7005908517978055
 20
0.1982944623628007
 30
0.0
 11
0.7581236840716695
 21
0.2558272946366649
 31
0.0
  0
ARC
  5
C706
  8
0
 62
   250
 10
0.0186050063722898
 20
-5.3010540805921753
 30
0.0
 40
5.6638705107788381
 50
82.678502871461447
 51
90.164528601774592
  0
LINE
  5
C707
  8
0
 62
   250
 10
0.273660388994521
 20
0.3016940854463335
 30
0.0
 11
0.3264125273391794
 21
0.3544462237909918
 31
0.0
  0
LINE
  5
C708
  8
0
 62
   250
 10
0.2383050499349149
 20
0.3016940854463335
 30
0.0
 11
0.2927870683353642
 21
0.3561761038504207
 31
0.0
  0
LINE
  5
C709
  8
0
 62
   250
 10
-0.0445376625419347
 20
0.3016940854463335
 30
0.0
 11
0.0165843217411559
 21
0.362816069729424
 31
0.0
  0
LINE
  5
C70A
  8
0
 62
   250
 10
-0.1859590187767215
 20
0.3016940854463335
 30
0.0
 11
-0.1259445729945772
 21
0.3617085312321158
 31
0.0
  0
LINE
  5
C70B
  8
0
 62
   250
 10
-0.2213143578363277
 20
0.3016940854463335
 30
0.0
 11
-0.1621314479478504
 21
0.3608769953348108
 31
0.0
  0
LINE
  5
C70C
  8
0
 62
   250
 10
-0.2566696968959339
 20
0.3016940854463335
 30
0.0
 11
-0.1985575614115267
 21
0.3598062209343786
 31
0.0
  0
LINE
  5
C70D
  8
0
 62
   250
 10
-0.2920250359555401
 20
0.3016940854463335
 30
0.0
 11
-0.2352278620481418
 21
0.3584912593537317
 31
0.0
  0
LINE
  5
C70E
  8
0
 62
   250
 10
-0.1506036797171153
 20
0.3016940854463335
 30
0.0
 11
-0.0899921813386944
 21
0.3623055838283924
 31
0.0
  0
LINE
  5
C70F
  8
0
 62
   250
 10
-0.0798930016015409
 20
0.3016940854463335
 30
0.0
 11
-0.0187727329128582
 21
0.3628143541350162
 31
0.0
  0
LINE
  5
C710
  8
0
 62
   250
 10
-0.1152483406575091
 20
0.3016940854463335
 30
0.0
 11
-0.0542697008739386
 21
0.362672725233542
 31
0.0
  0
LINE
  5
C711
  8
0
 62
   250
 10
0.1322390327560963
 20
0.3016940854463335
 30
0.0
 11
0.1907448820431266
 21
0.3601999347370017
 31
0.0
  0
LINE
  5
C712
  8
0
 62
   250
 10
0.0968836936964901
 20
0.3016940854463335
 30
0.0
 11
0.1563312712543658
 21
0.3611416630078472
 31
0.0
  0
LINE
  5
C713
  8
0
 62
   250
 10
0.0615283546368839
 20
0.3016940854463335
 30
0.0
 11
0.1217121222772941
 21
0.3618778530903817
 31
0.0
  0
LINE
  5
C714
  8
0
 62
   250
 10
0.0261730155772777
 20
0.3016940854463335
 30
0.0
 11
0.0868837900244937
 21
0.3624048598935494
 31
0.0
  0
LINE
  5
C715
  8
0
 62
   250
 10
-0.0091823234823285
 20
0.3016940854463335
 30
0.0
 11
0.0518424960547956
 21
0.3627189049834576
 31
0.0
  0
LINE
  5
C716
  8
0
 62
   250
 10
0.2029497108753087
 20
0.3016940854463335
 30
0.0
 11
0.2589694408936149
 21
0.3577138154682777
 31
0.0
  0
LINE
  5
C717
  8
0
 62
   250
 10
0.1675943718157025
 20
0.3016940854463335
 30
0.0
 11
0.2249564728237412
 21
0.3590561864580102
 31
0.0
  0
LINE
  5
C718
  8
0
 62
   250
 10
0.4150817452293082
 20
0.3016940854463335
 30
0.0
 11
0.4590525490868269
 21
0.3456648893038525
 31
0.0
  0
LINE
  5
C719
  8
0
 62
   250
 10
0.3797264061697017
 20
0.3016940854463335
 30
0.0
 11
0.4261660704225318
 21
0.3481337496991634
 31
0.0
  0
LINE
  5
C71A
  8
0
 62
   250
 10
0.3443710671137334
 20
0.3016940854463335
 30
0.0
 11
0.3930991090975833
 21
0.3504221274338213
 31
0.0
  0
LINE
  5
C71B
  8
0
 62
   250
 10
0.3090157280541272
 20
0.3016940854463335
 30
0.0
 11
0.3598488852123221
 21
0.3525272426045283
 31
0.0
  0
LINE
  5
C71C
  8
0
 62
   250
 10
0.4504370842889144
 20
0.3016940854463335
 30
0.0
 11
0.4917612374094272
 21
0.3430182385668465
 31
0.0
  0
LINE
  5
C71D
  8
0
 62
   250
 10
0.5565031014677329
 20
0.3016940854463335
 30
0.0
 11
0.5888462470476763
 21
0.3340372310262771
 31
0.0
  0
LINE
  5
C71E
  8
0
 62
   250
 10
0.5211477624081266
 20
0.3016940854463335
 30
0.0
 11
0.5566555966881235
 21
0.3372019197263305
 31
0.0
  0
LINE
  5
C71F
  8
0
 62
   250
 10
0.4857924233485205
 20
0.3016940854463335
 30
0.0
 11
0.5242947438793446
 21
0.3401964059807958
 31
0.0
  0
LINE
  5
C720
  8
0
 62
   250
 10
0.7005908517978055
 20
0.2690051404783751
 30
0.0
 11
0.7423105414938429
 21
0.3107248301780507
 31
0.0
  0
LINE
  5
C721
  8
0
 62
   250
 10
0.6979244577061574
 20
0.3016940854463335
 30
0.0
 11
0.7159533271307548
 21
0.3197229548709308
 31
0.0
  0
LINE
  5
C722
  8
0
 62
   250
 10
0.6625691186465513
 20
0.3016940854463335
 30
0.0
 11
0.6844204064265607
 21
0.3235453732263429
 31
0.0
  0
LINE
  5
C723
  8
0
 62
   250
 10
0.6272137795869451
 20
0.3016940854463335
 30
0.0
 11
0.6527263792933621
 21
0.3272066851563884
 31
0.0
  0
LINE
  5
C724
  8
0
 62
   250
 10
0.5918584405273391
 20
0.3016940854463335
 30
0.0
 11
0.6208690723807915
 21
0.3307047173034241
 31
0.0
  0
ENDBLK
  5
C725
  8
0
  0
BLOCK
  8
0
  2
INIZIORETE_DX
 70
     0
 10
0.0
 20
0.0
 30
0.0
  3
INIZIORETE_DX
  1

  0
LINE
  5
C728
  8
0
 10
0.2574911847368639
 20
0.1993207216255541
 30
0.0
 11
0.8573380624511628
 21
0.1993207216255541
 31
0.0
  0
LINE
  5
C729
  8
0
 10
0.8573380624511628
 20
0.0
 30
0.0
 11
0.2574911847368639
 21
0.0
 31
0.0
  0
LINE
  5
C72A
  8
0
 10
0.2574911847368639
 20
0.0
 30
0.0
 11
0.0126016103058646
 21
0.0
 31
0.0
  0
LINE
  5
C72B
  8
0
 10
0.2574911847368639
 20
0.1993207216255541
 30
0.0
 11
0.009964903270884
 21
0.0077137076077634
 31
0.0
  0
CIRCLE
  5
C72C
  8
0
 10
0.0
 20
0.0
 30
0.0
 40
0.0126016103044426
  0
LINE
  5
C72D
  8
0
 10
0.8573380624511628
 20
0.1993207216255541
 30
0.0
 11
0.8573380624511628
 21
0.0
 31
0.0
  0
ENDBLK
  5
C72E
  8
0
  0
BLOCK
  8
0
  2
INIZIORETE_SX
 70
     0
 10
0.0
 20
0.0
 30
0.0
  3
INIZIORETE_SX
  1

  0
LINE
  5
C731
  8
0
 10
-0.8573380624548008
 20
0.0
 30
0.0
 11
-0.2574911847368639
 21
0.0
 31
0.0
  0
LINE
  5
C732
  8
0
 10
-0.2574911847368639
 20
0.1993207216255541
 30
0.0
 11
-0.8573380624548008
 21
0.1993207216255541
 31
0.0
  0
LINE
  5
C733
  8
0
 10
-0.8573380624548008
 20
0.1993207216255541
 30
0.0
 11
-0.8573380624548008
 21
0.0
 31
0.0
  0
CIRCLE
  5
C734
  8
0
 10
0.0
 20
0.0
 30
0.0
 40
0.0126016103044426
  0
LINE
  5
C735
  8
0
 10
-0.2574911847368639
 20
0.1993207216255541
 30
0.0
 11
-0.009964903270884
 21
0.0077137076077634
 31
0.0
  0
LINE
  5
C736
  8
0
 10
-0.2574911847368639
 20
0.0
 30
0.0
 11
-0.0126016103058646
 21
0.0
 31
0.0
  0
ENDBLK
  5
C737
  8
0
  0
BLOCK
  8
0
  2
TERMOCONVETTORE_DX
 70
     0
 10
0.0
 20
0.0
 30
0.0
  3
TERMOCONVETTORE_DX
  1

  0
LINE
  5
E0C3
  8
0
 10
1.2000730624649141
 20
0.2000874744873045
 30
0.0
 11
0.2000241576072392
 21
-0.2000302621866137
 31
0.0
  0
LINE
  5
E0C4
  8
0
 10
0.2000242748953749
 20
0.2000880570695926
 30
0.0
 11
1.2000730624649141
 21
0.2000874744873045
 31
0.0
  0
LINE
  5
E0C5
  8
0
 10
0.2000241576072392
 20
-0.2000302621866137
 30
0.0
 11
1.200072945176778
 21
-0.2000308447689019
 31
0.0
  0
LINE
  5
E0C6
  8
0
 10
0.1999999399223773
 20
0.0
 30
0.0
 11
0.0
 21
0.0
 31
0.0
  0
CIRCLE
  5
E0C7
  8
0
 10
0.0
 20
0.0
 30
0.0
 40
0.0037711727630798
  0
LINE
  5
E0C8
  8
0
 10
0.2000241576072392
 20
-0.2000302621866137
 30
0.0
 11
0.1999999399037673
 21
-0.0000319445110577
 31
0.0
  0
LINE
  5
E0C9
  8
0
 10
0.1999999399037673
 20
-0.0000319445110577
 30
0.0
 11
0.2000000564844493
 21
0.2000880570837005
 31
0.0
  0
LINE
  5
E0CA
  8
0
 10
0.7000486686819638
 20
0.2000877657766296
 30
0.0
 11
0.7000486686819638
 21
0.2000877657766296
 31
0.0
  0
LINE
  5
E0CB
  8
0
 10
1.200072945176778
 20
-0.2000308447689019
 30
0.0
 11
1.2000487127393711
 21
0.000089150930739
 31
0.0
  0
LINE
  5
E0CC
  8
0
 10
1.2000487127393711
 20
0.000089150930739
 30
0.0
 11
1.2000730624649141
 21
0.2000874744873045
 31
0.0
  0
ENDBLK
  5
C7C8
  8
0
  0
BLOCK
  8
0
  2
TERMOCONVETTORE_SX
 70
     0
 10
0.0
 20
0.0
 30
0.0
  3
TERMOCONVETTORE_SX
  1

  0
LINE
  5
E0EA
  8
0
 10
-1.200072945176778
 20
0.2000308447689019
 30
0.0
 11
-0.2000242748953749
 21
-0.2000880570695926
 31
0.0
  0
LINE
  5
E0EB
  8
0
 10
-1.200072945176778
 20
0.2000308447689019
 30
0.0
 11
-1.2000487127393711
 21
-0.000089150930739
 31
0.0
  0
LINE
  5
E0EC
  8
0
 10
-0.2000241576072392
 20
0.2000302621866137
 30
0.0
 11
-0.1999999399037673
 21
0.0000319445110577
 31
0.0
  0
LINE
  5
E0ED
  8
0
 10
-0.2000242748953749
 20
-0.2000880570695926
 30
0.0
 11
-1.2000730624649141
 21
-0.2000874744873045
 31
0.0
  0
LINE
  5
E0EE
  8
0
 10
-1.2000487127393711
 20
-0.000089150930739
 30
0.0
 11
-1.2000730624649141
 21
-0.2000874744873045
 31
0.0
  0
LINE
  5
E0EF
  8
0
 10
-0.1999999399223773
 20
0.0
 30
0.0
 11
0.0
 21
0.0
 31
0.0
  0
LINE
  5
E0F0
  8
0
 10
-0.7000486686819638
 20
-0.2000877657766296
 30
0.0
 11
-0.7000486686819638
 21
-0.2000877657766296
 31
0.0
  0
LINE
  5
E0F1
  8
0
 10
-0.1999999399037673
 20
0.0000319445110577
 30
0.0
 11
-0.2000000564844493
 21
-0.2000880570837005
 31
0.0
  0
CIRCLE
  5
E0F2
  8
0
 10
0.0
 20
0.0
 30
0.0
 40
0.0037711727630798
  0
LINE
  5
E0F3
  8
0
 10
-0.2000241576072392
 20
0.2000302621866137
 30
0.0
 11
-1.200072945176778
 21
0.2000308447689019
 31
0.0
  0
ENDBLK
  5
C85A
  8
0
  0
BLOCK
  8
0
  2
FANCOIL_SX
 70
     0
 10
0.0
 20
0.0
 30
0.0
  3
FANCOIL_SX
  1

  0
LINE
  5
C85D
  8
0
 10
-0.0628948028404461
 20
-0.0990689119044293
 30
0.0
 11
-1.0629435904099851
 21
-0.0990683293221411
 31
0.0
  0
LINE
  5
C85E
  8
0
 10
-0.0628947445854915
 20
0.1009294087106936
 30
0.0
 11
-1.062943532155028
 21
0.1009299912929817
 31
0.0
  0
LINE
  5
C85F
  8
0
 10
-0.0628948028404461
 20
-0.0990689119044293
 30
0.0
 11
-1.062943532155028
 21
0.1009299912929817
 31
0.0
  0
LINE
  5
C860
  8
0
 10
-1.0629435904099851
 20
-0.0990683293221411
 30
0.0
 11
-0.0628947445854915
 21
0.1009294087106936
 31
0.0
  0
LINE
  5
C861
  8
0
 10
-1.062943532155028
 20
0.1009299912929817
 30
0.0
 11
-1.0629435904099851
 21
-0.0990683293221411
 31
0.0
  0
LINE
  5
C862
  8
0
 10
-1.0629435904099851
 20
-0.0990683293221411
 30
0.0
 11
-1.012369291472849
 21
-0.0990683293221411
 31
0.0
  0
LINE
  5
C863
  8
0
 10
0.0
 20
0.0
 30
0.0
 11
-0.0046510588072124
 21
0.0000000027102942
 31
0.0
  0
POLYLINE
  5
C864
  8
0
 66
     1
 10
0.0
 20
0.0
 30
0.0
 70
     8
  0
VERTEX
  5
C865
  8
0
 10
-0.0046510588072115
 20
0.000000002705042
 30
0.0
 70
    32
  0
VERTEX
  5
C866
  8
0
 10
-0.0046454563772125
 20
0.0000456460102942
 30
0.0
 70
    32
  0
VERTEX
  5
C867
  8
0
 10
-0.0046286626072125
 20
0.000091179410294
 30
0.0
 70
    32
  0
VERTEX
  5
C868
  8
0
 10
-0.0046007180072123
 20
0.0001364927102943
 30
0.0
 70
    32
  0
VERTEX
  5
C869
  8
0
 10
-0.0045616899072125
 20
0.0001814777102944
 30
0.0
 70
    32
  0
VERTEX
  5
C86A
  8
0
 10
-0.0045116718072125
 20
0.0002260257102944
 30
0.0
 70
    32
  0
VERTEX
  5
C86B
  8
0
 10
-0.0044507858072125
 20
0.0002700287102941
 30
0.0
 70
    32
  0
VERTEX
  5
C86C
  8
0
 10
-0.0043791768072126
 20
0.0003133817102943
 30
0.0
 70
    32
  0
VERTEX
  5
C86D
  8
0
 10
-0.0042970178072124
 20
0.000355978710294
 30
0.0
 70
    32
  0
VERTEX
  5
C86E
  8
0
 10
-0.0042045068072123
 20
0.000397719710294
 30
0.0
 70
    32
  0
VERTEX
  5
C86F
  8
0
 10
-0.0041018678072122
 20
0.0004385007102941
 30
0.0
 70
    32
  0
VERTEX
  5
C870
  8
0
 10
-0.0039893458072124
 20
0.0004782267102943
 30
0.0
 70
    32
  0
VERTEX
  5
C871
  8
0
 10
-0.0038672138072124
 20
0.0005168007102943
 30
0.0
 70
    32
  0
VERTEX
  5
C872
  8
0
 10
-0.0037357648072125
 20
0.0005541287102941
 30
0.0
 70
    32
  0
VERTEX
  5
C873
  8
0
 10
-0.0035953188072124
 20
0.0005901217102942
 30
0.0
 70
    32
  0
VERTEX
  5
C874
  8
0
 10
-0.0034462088072122
 20
0.0006246937102943
 30
0.0
 70
    32
  0
VERTEX
  5
C875
  8
0
 10
-0.0032887988072123
 20
0.0006577607102942
 30
0.0
 70
    32
  0
VERTEX
  5
C876
  8
0
 10
-0.0031234588072122
 20
0.0006892437102941
 30
0.0
 70
    32
  0
VERTEX
  5
C877
  8
0
 10
-0.0029505988072125
 20
0.0007190647102941
 30
0.0
 70
    32
  0
VERTEX
  5
C878
  8
0
 10
-0.0027706288072125
 20
0.0007471547102944
 30
0.0
 70
    32
  0
VERTEX
  5
C879
  8
0
 10
-0.0025839888072126
 20
0.0007734447102941
 30
0.0
 70
    32
  0
VERTEX
  5
C87A
  8
0
 10
-0.0023911188072123
 20
0.000797870710294
 30
0.0
 70
    32
  0
VERTEX
  5
C87B
  8
0
 10
-0.0021924888072125
 20
0.0008203747102944
 30
0.0
 70
    32
  0
VERTEX
  5
C87C
  8
0
 10
-0.0019885788072123
 20
0.0008409027102942
 30
0.0
 70
    32
  0
VERTEX
  5
C87D
  8
0
 10
-0.0017798788072123
 20
0.0008594047102943
 30
0.0
 70
    32
  0
VERTEX
  5
C87E
  8
0
 10
-0.0015668988072126
 20
0.0008758367102941
 30
0.0
 70
    32
  0
VERTEX
  5
C87F
  8
0
 10
-0.0013501288072124
 20
0.0008901577102942
 30
0.0
 70
    32
  0
VERTEX
  5
C880
  8
0
 10
-0.0011301188072124
 20
0.0009023347102941
 30
0.0
 70
    32
  0
VERTEX
  5
C881
  8
0
 10
-0.0009073788072125
 20
0.0009123387102941
 30
0.0
 70
    32
  0
VERTEX
  5
C882
  8
0
 10
-0.0006824488072126
 20
0.0009201437102941
 30
0.0
 70
    32
  0
VERTEX
  5
C883
  8
0
 10
-0.0004558788072124
 20
0.0009257327102943
 30
0.0
 70
    32
  0
VERTEX
  5
C884
  8
0
 10
-0.0002282188072122
 20
0.0009290917102942
 30
0.0
 70
    32
  0
VERTEX
  5
C885
  8
0
 10
0.0000000011927876
 20
0.0009302117102941
 30
0.0
 70
    32
  0
VERTEX
  5
C886
  8
0
 10
0.0002282211927875
 20
0.0009290907102941
 30
0.0
 70
    32
  0
VERTEX
  5
C887
  8
0
 10
0.0004558811927877
 20
0.0009257327102943
 30
0.0
 70
    32
  0
VERTEX
  5
C888
  8
0
 10
0.0006824511927874
 20
0.0009201437102941
 30
0.0
 70
    32
  0
VERTEX
  5
C889
  8
0
 10
0.0009073811927878
 20
0.0009123377102944
 30
0.0
 70
    32
  0
VERTEX
  5
C88A
  8
0
 10
0.0011301111927877
 20
0.000902333710294
 30
0.0
 70
    32
  0
VERTEX
  5
C88B
  8
0
 10
0.0013501311927877
 20
0.0008901567102941
 30
0.0
 70
    32
  0
VERTEX
  5
C88C
  8
0
 10
0.0015668911927875
 20
0.0008758347102944
 30
0.0
 70
    32
  0
VERTEX
  5
C88D
  8
0
 10
0.0017798811927876
 20
0.0008594027102942
 30
0.0
 70
    32
  0
VERTEX
  5
C88E
  8
0
 10
0.0019885811927876
 20
0.0008409007102941
 30
0.0
 70
    32
  0
VERTEX
  5
C88F
  8
0
 10
0.0021924911927878
 20
0.0008203727102942
 30
0.0
 70
    32
  0
VERTEX
  5
C890
  8
0
 10
0.0023911211927876
 20
0.0007978677102942
 30
0.0
 70
    32
  0
VERTEX
  5
C891
  8
0
 10
0.0025839911927874
 20
0.0007734417102943
 30
0.0
 70
    32
  0
VERTEX
  5
C892
  8
0
 10
0.0027706311927878
 20
0.0007471517102942
 30
0.0
 70
    32
  0
VERTEX
  5
C893
  8
0
 10
0.0029506011927878
 20
0.0007190617102943
 30
0.0
 70
    32
  0
VERTEX
  5
C894
  8
0
 10
0.0031234611927875
 20
0.0006892397102942
 30
0.0
 70
    32
  0
VERTEX
  5
C895
  8
0
 10
0.0032887911927877
 20
0.0006577567102943
 30
0.0
 70
    32
  0
VERTEX
  5
C896
  8
0
 10
0.0034462111927875
 20
0.0006246897102944
 30
0.0
 70
    32
  0
VERTEX
  5
C897
  8
0
 10
0.0035953211927877
 20
0.0005901177102943
 30
0.0
 70
    32
  0
VERTEX
  5
C898
  8
0
 10
0.0037357611927877
 20
0.0005541247102943
 30
0.0
 70
    32
  0
VERTEX
  5
C899
  8
0
 10
0.0038672111927878
 20
0.0005167957102943
 30
0.0
 70
    32
  0
VERTEX
  5
C89A
  8
0
 10
0.0039893511927875
 20
0.0004782217102943
 30
0.0
 70
    32
  0
VERTEX
  5
C89B
  8
0
 10
0.0041018711927876
 20
0.0004384967102942
 30
0.0
 70
    32
  0
VERTEX
  5
C89C
  8
0
 10
0.0042045111927878
 20
0.000397714710294
 30
0.0
 70
    32
  0
VERTEX
  5
C89D
  8
0
 10
0.0042970211927877
 20
0.0003559737102941
 30
0.0
 70
    32
  0
VERTEX
  5
C89E
  8
0
 10
0.0043791811927876
 20
0.0003133767102943
 30
0.0
 70
    32
  0
VERTEX
  5
C89F
  8
0
 10
0.0044507811927876
 20
0.0002700237102942
 30
0.0
 70
    32
  0
VERTEX
  5
C8A0
  8
0
 10
0.0045116711927875
 20
0.0002260207102944
 30
0.0
 70
    32
  0
VERTEX
  5
C8A1
  8
0
 10
0.0045616911927877
 20
0.000181472710294
 30
0.0
 70
    32
  0
VERTEX
  5
C8A2
  8
0
 10
0.0046007211927877
 20
0.0001364877102943
 30
0.0
 70
    32
  0
VERTEX
  5
C8A3
  8
0
 10
0.0046286611927875
 20
0.000091174010294
 30
0.0
 70
    32
  0
VERTEX
  5
C8A4
  8
0
 10
0.0046454611927875
 20
0.0000456406102942
 30
0.0
 70
    32
  0
VERTEX
  5
C8A5
  8
0
 10
0.0046510611927877
 20
-0.000000002705046
 30
0.0
 70
    32
  0
VERTEX
  5
C8A6
  8
0
 10
0.0046454611927875
 20
-0.0000456459897058
 30
0.0
 70
    32
  0
VERTEX
  5
C8A7
  8
0
 10
0.0046286611927875
 20
-0.0000911793897056
 30
0.0
 70
    32
  0
VERTEX
  5
C8A8
  8
0
 10
0.0046007211927877
 20
-0.0001364932897059
 30
0.0
 70
    32
  0
VERTEX
  5
C8A9
  8
0
 10
0.0045616911927877
 20
-0.0001814782897056
 30
0.0
 70
    32
  0
VERTEX
  5
C8AA
  8
0
 10
0.0045116711927875
 20
-0.0002260252897059
 30
0.0
 70
    32
  0
VERTEX
  5
C8AB
  8
0
 10
0.0044507811927876
 20
-0.0002700292897058
 30
0.0
 70
    32
  0
VERTEX
  5
C8AC
  8
0
 10
0.0043791811927876
 20
-0.0003133812897058
 30
0.0
 70
    32
  0
VERTEX
  5
C8AD
  8
0
 10
0.0042970211927877
 20
-0.0003559792897057
 30
0.0
 70
    32
  0
VERTEX
  5
C8AE
  8
0
 10
0.0042045111927878
 20
-0.000397719289706
 30
0.0
 70
    32
  0
VERTEX
  5
C8AF
  8
0
 10
0.0041018711927876
 20
-0.0004385012897057
 30
0.0
 70
    32
  0
VERTEX
  5
C8B0
  8
0
 10
0.0039893411927876
 20
-0.0004782262897058
 30
0.0
 70
    32
  0
VERTEX
  5
C8B1
  8
0
 10
0.0038672111927878
 20
-0.0005168002897058
 30
0.0
 70
    32
  0
VERTEX
  5
C8B2
  8
0
 10
0.0037357611927877
 20
-0.0005541282897057
 30
0.0
 70
    32
  0
VERTEX
  5
C8B3
  8
0
 10
0.0035953211927877
 20
-0.0005901222897058
 30
0.0
 70
    32
  0
VERTEX
  5
C8B4
  8
0
 10
0.0034462111927875
 20
-0.0006246942897059
 30
0.0
 70
    32
  0
VERTEX
  5
C8B5
  8
0
 10
0.0032887911927877
 20
-0.0006577612897058
 30
0.0
 70
    32
  0
VERTEX
  5
C8B6
  8
0
 10
0.0031234611927875
 20
-0.0006892432897057
 30
0.0
 70
    32
  0
VERTEX
  5
C8B7
  8
0
 10
0.0029506011927878
 20
-0.0007190652897058
 30
0.0
 70
    32
  0
VERTEX
  5
C8B8
  8
0
 10
0.0027706311927878
 20
-0.000747154289706
 30
0.0
 70
    32
  0
VERTEX
  5
C8B9
  8
0
 10
0.0025839911927874
 20
-0.0007734442897056
 30
0.0
 70
    32
  0
VERTEX
  5
C8BA
  8
0
 10
0.0023911211927876
 20
-0.0007978702897056
 30
0.0
 70
    32
  0
VERTEX
  5
C8BB
  8
0
 10
0.0021924911927878
 20
-0.0008203752897056
 30
0.0
 70
    32
  0
VERTEX
  5
C8BC
  8
0
 10
0.0019885811927876
 20
-0.0008409022897058
 30
0.0
 70
    32
  0
VERTEX
  5
C8BD
  8
0
 10
0.0017798811927876
 20
-0.0008594042897059
 30
0.0
 70
    32
  0
VERTEX
  5
C8BE
  8
0
 10
0.0015668911927875
 20
-0.0008758362897057
 30
0.0
 70
    32
  0
VERTEX
  5
C8BF
  8
0
 10
0.0013501311927877
 20
-0.0008901582897058
 30
0.0
 70
    32
  0
VERTEX
  5
C8C0
  8
0
 10
0.0011301111927877
 20
-0.0009023352897057
 30
0.0
 70
    32
  0
VERTEX
  5
C8C1
  8
0
 10
0.0009073711927874
 20
-0.0009123382897056
 30
0.0
 70
    32
  0
VERTEX
  5
C8C2
  8
0
 10
0.0006824511927874
 20
-0.0009201442897058
 30
0.0
 70
    32
  0
VERTEX
  5
C8C3
  8
0
 10
0.0004558811927877
 20
-0.0009257332897059
 30
0.0
 70
    32
  0
VERTEX
  5
C8C4
  8
0
 10
0.0002282111927876
 20
-0.0009290912897058
 30
0.0
 70
    32
  0
VERTEX
  5
C8C5
  8
0
 10
0.0000000011927876
 20
-0.0009302112897056
 30
0.0
 70
    32
  0
VERTEX
  5
C8C6
  8
0
 10
-0.0002282188072122
 20
-0.0009290912897058
 30
0.0
 70
    32
  0
VERTEX
  5
C8C7
  8
0
 10
-0.0004558888072124
 20
-0.0009257322897058
 30
0.0
 70
    32
  0
VERTEX
  5
C8C8
  8
0
 10
-0.0006824488072126
 20
-0.0009201432897057
 30
0.0
 70
    32
  0
VERTEX
  5
C8C9
  8
0
 10
-0.0009073788072125
 20
-0.000912337289706
 30
0.0
 70
    32
  0
VERTEX
  5
C8CA
  8
0
 10
-0.0011301188072124
 20
-0.0009023342897057
 30
0.0
 70
    32
  0
VERTEX
  5
C8CB
  8
0
 10
-0.0013501288072124
 20
-0.0008901562897057
 30
0.0
 70
    32
  0
VERTEX
  5
C8CC
  8
0
 10
-0.0015668988072126
 20
-0.0008758342897059
 30
0.0
 70
    32
  0
VERTEX
  5
C8CD
  8
0
 10
-0.0017798788072123
 20
-0.0008594022897057
 30
0.0
 70
    32
  0
VERTEX
  5
C8CE
  8
0
 10
-0.0019885888072122
 20
-0.0008409002897056
 30
0.0
 70
    32
  0
VERTEX
  5
C8CF
  8
0
 10
-0.0021924988072124
 20
-0.0008203722897058
 30
0.0
 70
    32
  0
VERTEX
  5
C8D0
  8
0
 10
-0.0023911188072123
 20
-0.0007978682897058
 30
0.0
 70
    32
  0
VERTEX
  5
C8D1
  8
0
 10
-0.0025839888072126
 20
-0.0007734412897058
 30
0.0
 70
    32
  0
VERTEX
  5
C8D2
  8
0
 10
-0.0027706288072125
 20
-0.0007471512897057
 30
0.0
 70
    32
  0
VERTEX
  5
C8D3
  8
0
 10
-0.0029505988072125
 20
-0.0007190612897059
 30
0.0
 70
    32
  0
VERTEX
  5
C8D4
  8
0
 10
-0.0031234588072122
 20
-0.0006892392897058
 30
0.0
 70
    32
  0
VERTEX
  5
C8D5
  8
0
 10
-0.0032887988072123
 20
-0.000657757289706
 30
0.0
 70
    32
  0
VERTEX
  5
C8D6
  8
0
 10
-0.0034462088072122
 20
-0.0006246902897056
 30
0.0
 70
    32
  0
VERTEX
  5
C8D7
  8
0
 10
-0.0035953188072124
 20
-0.0005901182897059
 30
0.0
 70
    32
  0
VERTEX
  5
C8D8
  8
0
 10
-0.0037357658072126
 20
-0.0005541242897058
 30
0.0
 70
    32
  0
VERTEX
  5
C8D9
  8
0
 10
-0.0038672148072125
 20
-0.0005167952897058
 30
0.0
 70
    32
  0
VERTEX
  5
C8DA
  8
0
 10
-0.0039893468072125
 20
-0.000478222289706
 30
0.0
 70
    32
  0
VERTEX
  5
C8DB
  8
0
 10
-0.0041018678072122
 20
-0.0004384962897057
 30
0.0
 70
    32
  0
VERTEX
  5
C8DC
  8
0
 10
-0.0042045078072124
 20
-0.0003977142897056
 30
0.0
 70
    32
  0
VERTEX
  5
C8DD
  8
0
 10
-0.0042970178072124
 20
-0.0003559742897057
 30
0.0
 70
    32
  0
VERTEX
  5
C8DE
  8
0
 10
-0.0043791768072126
 20
-0.0003133762897058
 30
0.0
 70
    32
  0
VERTEX
  5
C8DF
  8
0
 10
-0.0044507858072125
 20
-0.0002700232897057
 30
0.0
 70
    32
  0
VERTEX
  5
C8E0
  8
0
 10
-0.0045116728072125
 20
-0.000226020289706
 30
0.0
 70
    32
  0
VERTEX
  5
C8E1
  8
0
 10
-0.0045616901072125
 20
-0.000181472289706
 30
0.0
 70
    32
  0
VERTEX
  5
C8E2
  8
0
 10
-0.0046007182072123
 20
-0.0001364872897058
 30
0.0
 70
    32
  0
VERTEX
  5
C8E3
  8
0
 10
-0.0046286627072125
 20
-0.0000911739897056
 30
0.0
 70
    32
  0
VERTEX
  5
C8E4
  8
0
 10
-0.0046454564272125
 20
-0.0000456405897058
 30
0.0
 70
    32
  0
VERTEX
  5
C8E5
  8
0
 10
-0.0046510588072115
 20
0.000000002705042
 30
0.0
 70
    32
  0
SEQEND
  5
C8E6
  8
0
  0
LINE
  5
C8E7
  8
0
 10
-0.0628948298071919
 20
0.000930248403165
 30
0.0
 11
0.0000000005384209
 21
0.0009302117614425
 31
0.0
  0
LINE
  5
C8E8
  8
0
 10
-0.0000000005420588
 20
-0.0009302117614425
 30
0.0
 11
-0.0628948308876716
 21
-0.0009301751197199
 31
0.0
  0
LINE
  5
C8E9
  8
0
 10
-0.5629191966270351
 20
-0.0990686206151042
 30
0.0
 11
-0.5629191966270351
 21
-0.0990686206151042
 31
0.0
  0
LINE
  5
C8EA
  8
0
 10
-0.0628947445854915
 20
0.1009294087106936
 30
0.0
 11
-0.0628948028404461
 21
-0.0990689119044293
 31
0.0
  0
LINE
  5
C8EB
  8
0
 10
0.0
 20
0.0
 30
0.0
 11
0.0046510588072124
 21
-0.0000000027066562
 31
0.0
  0
LINE
  5
C8EC
  8
0
 10
0.0000000005384209
 20
0.0009302117614425
 30
0.0
 11
-0.0000000005420588
 21
-0.0009302117614425
 31
0.0
  0
ENDBLK
  5
C8ED
  8
0
  0
BLOCK
  8
0
  2
FANCOIL_DX
 70
     0
 10
0.0
 20
0.0
 30
0.0
  3
FANCOIL_DX
  1

  0
LINE
  5
C8F0
  8
0
 10
1.0629435321538261
 20
-0.1009293720690039
 30
0.0
 11
0.0628948028392427
 21
0.0990689485461189
 31
0.0
  0
LINE
  5
C8F1
  8
0
 10
0.062894744584288
 20
-0.1009293720690039
 30
0.0
 11
1.0629435904087781
 21
0.0990689485461189
 31
0.0
  0
LINE
  5
C8F2
  8
0
 10
0.0628948028392427
 20
0.0990689485461189
 30
0.0
 11
1.0629435904087781
 21
0.0990689485461189
 31
0.0
  0
LINE
  5
C8F3
  8
0
 10
0.062894744584288
 20
-0.1009293720690039
 30
0.0
 11
1.0629435321538261
 21
-0.1009293720690039
 31
0.0
  0
LINE
  5
C8F4
  8
0
 10
-0.000000000001819
 20
-0.0009302117614425
 30
0.0
 11
0.0628948303437937
 21
-0.0009302117614425
 31
0.0
  0
LINE
  5
C8F5
  8
0
 10
0.0628948303474317
 20
0.0009302117614425
 30
0.0
 11
0.000000000001819
 21
0.0009302117614425
 31
0.0
  0
LINE
  5
C8F6
  8
0
 10
-0.000000000001819
 20
0.0
 30
0.0
 11
0.0046510588053934
 21
0.0
 31
0.0
  0
LINE
  5
C8F7
  8
0
 10
0.000000000001819
 20
0.0009302117614425
 30
0.0
 11
-0.000000000001819
 21
-0.0009302117614425
 31
0.0
  0
LINE
  5
C8F8
  8
0
 10
0.0628948028392427
 20
0.0990689485461189
 30
0.0
 11
0.062894744584288
 21
-0.1009293720690039
 31
0.0
  0
LINE
  5
C8F9
  8
0
 10
0.5629191383708772
 20
-0.1009293720690039
 30
0.0
 11
0.5629191383708772
 21
-0.1009293720690039
 31
0.0
  0
LINE
  5
C8FA
  8
0
 10
1.0629435321538261
 20
-0.1009293720690039
 30
0.0
 11
1.01236923321669
 21
-0.1009293426050135
 31
0.0
  0
LINE
  5
C8FB
  8
0
 10
1.0629435904087781
 20
0.0990689485461189
 30
0.0
 11
1.0629435321538261
 21
-0.1009293720690039
 31
0.0
  0
POLYLINE
  5
C8FC
  8
0
 66
     1
 10
0.0
 20
0.0
 30
0.0
 70
     8
  0
VERTEX
  5
C8FD
  8
0
 10
0.004651060001819
 20
-0.0000000002385576
 30
0.0
 70
    32
  0
VERTEX
  5
C8FE
  8
0
 10
0.0046454600018189
 20
0.0000456437614424
 30
0.0
 70
    32
  0
VERTEX
  5
C8FF
  8
0
 10
0.0046286600018188
 20
0.0000911767614427
 30
0.0
 70
    32
  0
VERTEX
  5
C900
  8
0
 10
0.004600720001819
 20
0.0001364907614425
 30
0.0
 70
    32
  0
VERTEX
  5
C901
  8
0
 10
0.0045616900018191
 20
0.0001814757614427
 30
0.0
 70
    32
  0
VERTEX
  5
C902
  8
0
 10
0.0045116700018188
 20
0.0002260227614426
 30
0.0
 70
    32
  0
VERTEX
  5
C903
  8
0
 10
0.0044507900018189
 20
0.0002700257614423
 30
0.0
 70
    32
  0
VERTEX
  5
C904
  8
0
 10
0.0043791800018189
 20
0.0003133787614424
 30
0.0
 70
    32
  0
VERTEX
  5
C905
  8
0
 10
0.0042970200018191
 20
0.0003559767614423
 30
0.0
 70
    32
  0
VERTEX
  5
C906
  8
0
 10
0.0042045100018191
 20
0.0003977167614426
 30
0.0
 70
    32
  0
VERTEX
  5
C907
  8
0
 10
0.0041018700018189
 20
0.0004384987614423
 30
0.0
 70
    32
  0
VERTEX
  5
C908
  8
0
 10
0.0039893500018189
 20
0.0004782247614425
 30
0.0
 70
    32
  0
VERTEX
  5
C909
  8
0
 10
0.0038672100018191
 20
0.0005167977614424
 30
0.0
 70
    32
  0
VERTEX
  5
C90A
  8
0
 10
0.003735770001819
 20
0.0005541267614424
 30
0.0
 70
    32
  0
VERTEX
  5
C90B
  8
0
 10
0.0035953200018191
 20
0.0005901197614424
 30
0.0
 70
    32
  0
VERTEX
  5
C90C
  8
0
 10
0.0034462100018189
 20
0.0006246917614425
 30
0.0
 70
    32
  0
VERTEX
  5
C90D
  8
0
 10
0.003288800001819
 20
0.0006577587614425
 30
0.0
 70
    32
  0
VERTEX
  5
C90E
  8
0
 10
0.0031234600018188
 20
0.0006892417614424
 30
0.0
 70
    32
  0
VERTEX
  5
C90F
  8
0
 10
0.0029506000018191
 20
0.0007190637614425
 30
0.0
 70
    32
  0
VERTEX
  5
C910
  8
0
 10
0.0027706300018191
 20
0.0007471527614427
 30
0.0
 70
    32
  0
VERTEX
  5
C911
  8
0
 10
0.0025839900018192
 20
0.0007734427614423
 30
0.0
 70
    32
  0
VERTEX
  5
C912
  8
0
 10
0.002391120001819
 20
0.0007978687614423
 30
0.0
 70
    32
  0
VERTEX
  5
C913
  8
0
 10
0.0021924900018191
 20
0.0008203737614423
 30
0.0
 70
    32
  0
VERTEX
  5
C914
  8
0
 10
0.0019885800018189
 20
0.0008409014614426
 30
0.0
 70
    32
  0
VERTEX
  5
C915
  8
0
 10
0.0017798800018189
 20
0.0008594035614427
 30
0.0
 70
    32
  0
VERTEX
  5
C916
  8
0
 10
0.0015668900018189
 20
0.0008758353614424
 30
0.0
 70
    32
  0
VERTEX
  5
C917
  8
0
 10
0.0013501300018191
 20
0.0008901571614426
 30
0.0
 70
    32
  0
VERTEX
  5
C918
  8
0
 10
0.001130120001819
 20
0.0009023344614425
 30
0.0
 70
    32
  0
VERTEX
  5
C919
  8
0
 10
0.0009073770018189
 20
0.0009123379614424
 30
0.0
 70
    32
  0
VERTEX
  5
C91A
  8
0
 10
0.0006824520018189
 20
0.0009201436614426
 30
0.0
 70
    32
  0
VERTEX
  5
C91B
  8
0
 10
0.0004558830018189
 20
0.0009257325414427
 30
0.0
 70
    32
  0
VERTEX
  5
C91C
  8
0
 10
0.0002282170018191
 20
0.0009290912814426
 30
0.0
 70
    32
  0
VERTEX
  5
C91D
  8
0
 10
-0.0000000000062723
 20
0.0009302117614425
 30
0.0
 70
    32
  0
VERTEX
  5
C91E
  8
0
 10
-0.0002282169981811
 20
0.0009290912814426
 30
0.0
 70
    32
  0
VERTEX
  5
C91F
  8
0
 10
-0.0004558829981809
 20
0.0009257325414427
 30
0.0
 70
    32
  0
VERTEX
  5
C920
  8
0
 10
-0.000682451998181
 20
0.0009201436614426
 30
0.0
 70
    32
  0
VERTEX
  5
C921
  8
0
 10
-0.0009073769981809
 20
0.0009123379614424
 30
0.0
 70
    32
  0
VERTEX
  5
C922
  8
0
 10
-0.001130119998181
 20
0.0009023344614425
 30
0.0
 70
    32
  0
VERTEX
  5
C923
  8
0
 10
-0.0013501299981811
 20
0.0008901571614426
 30
0.0
 70
    32
  0
VERTEX
  5
C924
  8
0
 10
-0.0015668899981809
 20
0.0008758353614424
 30
0.0
 70
    32
  0
VERTEX
  5
C925
  8
0
 10
-0.001779879998181
 20
0.0008594035614427
 30
0.0
 70
    32
  0
VERTEX
  5
C926
  8
0
 10
-0.0019885799981809
 20
0.0008409014614426
 30
0.0
 70
    32
  0
VERTEX
  5
C927
  8
0
 10
-0.0021924899981811
 20
0.0008203737614423
 30
0.0
 70
    32
  0
VERTEX
  5
C928
  8
0
 10
-0.002391119998181
 20
0.0007978687614423
 30
0.0
 70
    32
  0
VERTEX
  5
C929
  8
0
 10
-0.0025839899981812
 20
0.0007734427614423
 30
0.0
 70
    32
  0
VERTEX
  5
C92A
  8
0
 10
-0.0027706299981811
 20
0.0007471527614427
 30
0.0
 70
    32
  0
VERTEX
  5
C92B
  8
0
 10
-0.0029505999981811
 20
0.0007190637614425
 30
0.0
 70
    32
  0
VERTEX
  5
C92C
  8
0
 10
-0.0031234599981809
 20
0.0006892417614424
 30
0.0
 70
    32
  0
VERTEX
  5
C92D
  8
0
 10
-0.003288799998181
 20
0.0006577587614425
 30
0.0
 70
    32
  0
VERTEX
  5
C92E
  8
0
 10
-0.0034462099981809
 20
0.0006246917614425
 30
0.0
 70
    32
  0
VERTEX
  5
C92F
  8
0
 10
-0.0035953199981811
 20
0.0005901197614424
 30
0.0
 70
    32
  0
VERTEX
  5
C930
  8
0
 10
-0.003735769998181
 20
0.0005541267614424
 30
0.0
 70
    32
  0
VERTEX
  5
C931
  8
0
 10
-0.0038672099981811
 20
0.0005167977614424
 30
0.0
 70
    32
  0
VERTEX
  5
C932
  8
0
 10
-0.0039893499981809
 20
0.0004782247614425
 30
0.0
 70
    32
  0
VERTEX
  5
C933
  8
0
 10
-0.004101869998181
 20
0.0004384987614423
 30
0.0
 70
    32
  0
VERTEX
  5
C934
  8
0
 10
-0.0042045099981811
 20
0.0003977167614426
 30
0.0
 70
    32
  0
VERTEX
  5
C935
  8
0
 10
-0.0042970199981811
 20
0.0003559767614423
 30
0.0
 70
    32
  0
VERTEX
  5
C936
  8
0
 10
-0.0043791799981809
 20
0.0003133787614424
 30
0.0
 70
    32
  0
VERTEX
  5
C937
  8
0
 10
-0.0044507899981809
 20
0.0002700257614423
 30
0.0
 70
    32
  0
VERTEX
  5
C938
  8
0
 10
-0.0045116699981809
 20
0.0002260227614426
 30
0.0
 70
    32
  0
VERTEX
  5
C939
  8
0
 10
-0.0045616899981811
 20
0.0001814757614427
 30
0.0
 70
    32
  0
VERTEX
  5
C93A
  8
0
 10
-0.004600719998181
 20
0.0001364907614425
 30
0.0
 70
    32
  0
VERTEX
  5
C93B
  8
0
 10
-0.0046286599981809
 20
0.0000911767614427
 30
0.0
 70
    32
  0
VERTEX
  5
C93C
  8
0
 10
-0.0046454599981809
 20
0.0000456437614424
 30
0.0
 70
    32
  0
VERTEX
  5
C93D
  8
0
 10
-0.0046510599981811
 20
-0.0000000002385576
 30
0.0
 70
    32
  0
VERTEX
  5
C93E
  8
0
 10
-0.0046454599981809
 20
-0.0000456432385576
 30
0.0
 70
    32
  0
VERTEX
  5
C93F
  8
0
 10
-0.0046286599981809
 20
-0.0000911782385575
 30
0.0
 70
    32
  0
VERTEX
  5
C940
  8
0
 10
-0.004600719998181
 20
-0.0001364882385575
 30
0.0
 70
    32
  0
VERTEX
  5
C941
  8
0
 10
-0.0045616899981811
 20
-0.0001814782385576
 30
0.0
 70
    32
  0
VERTEX
  5
C942
  8
0
 10
-0.0045116699981809
 20
-0.0002260182385574
 30
0.0
 70
    32
  0
VERTEX
  5
C943
  8
0
 10
-0.0044507899981809
 20
-0.0002700282385577
 30
0.0
 70
    32
  0
VERTEX
  5
C944
  8
0
 10
-0.0043791799981809
 20
-0.0003133782385576
 30
0.0
 70
    32
  0
VERTEX
  5
C945
  8
0
 10
-0.0042970199981811
 20
-0.0003559782385576
 30
0.0
 70
    32
  0
VERTEX
  5
C946
  8
0
 10
-0.0042045099981811
 20
-0.0003977182385575
 30
0.0
 70
    32
  0
VERTEX
  5
C947
  8
0
 10
-0.004101869998181
 20
-0.0004384982385575
 30
0.0
 70
    32
  0
VERTEX
  5
C948
  8
0
 10
-0.0039893499981809
 20
-0.0004782282385576
 30
0.0
 70
    32
  0
VERTEX
  5
C949
  8
0
 10
-0.0038672099981811
 20
-0.0005167982385577
 30
0.0
 70
    32
  0
VERTEX
  5
C94A
  8
0
 10
-0.003735769998181
 20
-0.0005541282385577
 30
0.0
 70
    32
  0
VERTEX
  5
C94B
  8
0
 10
-0.0035953199981811
 20
-0.0005901182385575
 30
0.0
 70
    32
  0
VERTEX
  5
C94C
  8
0
 10
-0.0034462099981809
 20
-0.0006246882385574
 30
0.0
 70
    32
  0
VERTEX
  5
C94D
  8
0
 10
-0.003288799998181
 20
-0.0006577582385576
 30
0.0
 70
    32
  0
VERTEX
  5
C94E
  8
0
 10
-0.0031234599981809
 20
-0.0006892382385577
 30
0.0
 70
    32
  0
VERTEX
  5
C94F
  8
0
 10
-0.0029505999981811
 20
-0.0007190682385576
 30
0.0
 70
    32
  0
VERTEX
  5
C950
  8
0
 10
-0.0027706299981811
 20
-0.0007471482385575
 30
0.0
 70
    32
  0
VERTEX
  5
C951
  8
0
 10
-0.0025839899981812
 20
-0.0007734382385576
 30
0.0
 70
    32
  0
VERTEX
  5
C952
  8
0
 10
-0.002391119998181
 20
-0.0007978682385574
 30
0.0
 70
    32
  0
VERTEX
  5
C953
  8
0
 10
-0.0021924899981811
 20
-0.0008203782385574
 30
0.0
 70
    32
  0
VERTEX
  5
C954
  8
0
 10
-0.0019885799981809
 20
-0.0008408982385575
 30
0.0
 70
    32
  0
VERTEX
  5
C955
  8
0
 10
-0.001779879998181
 20
-0.0008594082385573
 30
0.0
 70
    32
  0
VERTEX
  5
C956
  8
0
 10
-0.0015668899981809
 20
-0.0008758382385574
 30
0.0
 70
    32
  0
VERTEX
  5
C957
  8
0
 10
-0.0013501299981811
 20
-0.0008901582385574
 30
0.0
 70
    32
  0
VERTEX
  5
C958
  8
0
 10
-0.001130119998181
 20
-0.0009023382385576
 30
0.0
 70
    32
  0
VERTEX
  5
C959
  8
0
 10
-0.0009073769981809
 20
-0.0009123382385576
 30
0.0
 70
    32
  0
VERTEX
  5
C95A
  8
0
 10
-0.000682451998181
 20
-0.0009201482385577
 30
0.0
 70
    32
  0
VERTEX
  5
C95B
  8
0
 10
-0.0004558829981809
 20
-0.0009257282385575
 30
0.0
 70
    32
  0
VERTEX
  5
C95C
  8
0
 10
-0.0002282169981811
 20
-0.0009290882385575
 30
0.0
 70
    32
  0
VERTEX
  5
C95D
  8
0
 10
0.0000000000026339
 20
-0.0009302082385574
 30
0.0
 70
    32
  0
VERTEX
  5
C95E
  8
0
 10
0.0002282170018191
 20
-0.0009290882385575
 30
0.0
 70
    32
  0
VERTEX
  5
C95F
  8
0
 10
0.0004558830018189
 20
-0.0009257282385575
 30
0.0
 70
    32
  0
VERTEX
  5
C960
  8
0
 10
0.0006824520018189
 20
-0.0009201482385577
 30
0.0
 70
    32
  0
VERTEX
  5
C961
  8
0
 10
0.0009073770018189
 20
-0.0009123382385576
 30
0.0
 70
    32
  0
VERTEX
  5
C962
  8
0
 10
0.001130120001819
 20
-0.0009023382385576
 30
0.0
 70
    32
  0
VERTEX
  5
C963
  8
0
 10
0.0013501300018191
 20
-0.0008901582385574
 30
0.0
 70
    32
  0
VERTEX
  5
C964
  8
0
 10
0.0015668900018189
 20
-0.0008758382385574
 30
0.0
 70
    32
  0
VERTEX
  5
C965
  8
0
 10
0.0017798800018189
 20
-0.0008594082385573
 30
0.0
 70
    32
  0
VERTEX
  5
C966
  8
0
 10
0.0019885800018189
 20
-0.0008408982385575
 30
0.0
 70
    32
  0
VERTEX
  5
C967
  8
0
 10
0.0021924900018191
 20
-0.0008203782385574
 30
0.0
 70
    32
  0
VERTEX
  5
C968
  8
0
 10
0.002391120001819
 20
-0.0007978682385574
 30
0.0
 70
    32
  0
VERTEX
  5
C969
  8
0
 10
0.0025839900018192
 20
-0.0007734382385576
 30
0.0
 70
    32
  0
VERTEX
  5
C96A
  8
0
 10
0.0027706300018191
 20
-0.0007471482385575
 30
0.0
 70
    32
  0
VERTEX
  5
C96B
  8
0
 10
0.0029506000018191
 20
-0.0007190682385576
 30
0.0
 70
    32
  0
VERTEX
  5
C96C
  8
0
 10
0.0031234600018188
 20
-0.0006892382385577
 30
0.0
 70
    32
  0
VERTEX
  5
C96D
  8
0
 10
0.003288800001819
 20
-0.0006577582385576
 30
0.0
 70
    32
  0
VERTEX
  5
C96E
  8
0
 10
0.0034462100018189
 20
-0.0006246882385574
 30
0.0
 70
    32
  0
VERTEX
  5
C96F
  8
0
 10
0.0035953200018191
 20
-0.0005901182385575
 30
0.0
 70
    32
  0
VERTEX
  5
C970
  8
0
 10
0.003735770001819
 20
-0.0005541282385577
 30
0.0
 70
    32
  0
VERTEX
  5
C971
  8
0
 10
0.0038672100018191
 20
-0.0005167982385577
 30
0.0
 70
    32
  0
VERTEX
  5
C972
  8
0
 10
0.0039893500018189
 20
-0.0004782282385576
 30
0.0
 70
    32
  0
VERTEX
  5
C973
  8
0
 10
0.0041018700018189
 20
-0.0004384982385575
 30
0.0
 70
    32
  0
VERTEX
  5
C974
  8
0
 10
0.0042045100018191
 20
-0.0003977182385575
 30
0.0
 70
    32
  0
VERTEX
  5
C975
  8
0
 10
0.0042970200018191
 20
-0.0003559782385576
 30
0.0
 70
    32
  0
VERTEX
  5
C976
  8
0
 10
0.0043791800018189
 20
-0.0003133782385576
 30
0.0
 70
    32
  0
VERTEX
  5
C977
  8
0
 10
0.0044507900018189
 20
-0.0002700282385577
 30
0.0
 70
    32
  0
VERTEX
  5
C978
  8
0
 10
0.0045116700018188
 20
-0.0002260182385574
 30
0.0
 70
    32
  0
VERTEX
  5
C979
  8
0
 10
0.0045616900018191
 20
-0.0001814782385576
 30
0.0
 70
    32
  0
VERTEX
  5
C97A
  8
0
 10
0.004600720001819
 20
-0.0001364882385575
 30
0.0
 70
    32
  0
VERTEX
  5
C97B
  8
0
 10
0.0046286600018188
 20
-0.0000911782385575
 30
0.0
 70
    32
  0
VERTEX
  5
C97C
  8
0
 10
0.0046454600018189
 20
-0.0000456432385576
 30
0.0
 70
    32
  0
VERTEX
  5
C97D
  8
0
 10
0.004651060001819
 20
-0.0000000002385576
 30
0.0
 70
    32
  0
SEQEND
  5
C97E
  8
0
  0
LINE
  5
C97F
  8
0
 10
-0.000000000001819
 20
0.0
 30
0.0
 11
-0.0046510588090314
 21
0.0
 31
0.0
  0
ENDBLK
  5
C980
  8
0
  0
BLOCK
  8
0
  2
RIMANDORETE_DX
 70
     0
 10
0.0
 20
0.0
 30
0.0
  3
RIMANDORETE_DX
  1

  0
LINE
  5
C983
  8
0
 10
0.2574911847368639
 20
0.1993207216255541
 30
0.0
 11
0.8573380624511628
 21
0.1993207216255541
 31
0.0
  0
LINE
  5
C984
  8
0
 10
0.8573380624511628
 20
0.0
 30
0.0
 11
0.2574911847368639
 21
0.0
 31
0.0
  0
LINE
  5
C985
  8
0
 10
0.2574911847368639
 20
0.0
 30
0.0
 11
0.0126016103058646
 21
0.0
 31
0.0
  0
LINE
  5
C986
  8
0
 10
0.2574911847368639
 20
0.1993207216255541
 30
0.0
 11
0.009964903270884
 21
0.0077137076077634
 31
0.0
  0
CIRCLE
  5
C987
  8
0
 10
0.0
 20
0.0
 30
0.0
 40
0.0126016103044426
  0
LINE
  5
C988
  8
0
 10
0.8573380624511628
 20
0.1993207216255541
 30
0.0
 11
0.8573380624511628
 21
0.1122619711168227
 31
0.0
  0
LINE
  5
C989
  8
0
 10
0.8573380624511628
 20
0.0870587505087315
 30
0.0
 11
0.8573380624511628
 21
0.0
 31
0.0
  0
CIRCLE
  5
C98A
  8
0
 10
0.8573380624511628
 20
0.0996603608145961
 30
0.0
 40
0.0126016103044426
  0
ENDBLK
  5
C98B
  8
0
  0
BLOCK
  8
0
  2
RIMANDORETE_SX
 70
     0
 10
0.0
 20
0.0
 30
0.0
  3
RIMANDORETE_SX
  1

  0
LINE
  5
C98E
  8
0
 10
-0.2574911847368639
 20
0.1993207216255541
 30
0.0
 11
-0.8573380624511628
 21
0.1993207216255541
 31
0.0
  0
LINE
  5
C98F
  8
0
 10
-0.8573380624511628
 20
0.0
 30
0.0
 11
-0.2574911847368639
 21
0.0
 31
0.0
  0
CIRCLE
  5
C990
  8
0
 10
-0.8573380624511628
 20
0.0996603608145961
 30
0.0
 40
0.0126016103044426
  0
LINE
  5
C991
  8
0
 10
-0.8573380624511628
 20
0.1993207216255541
 30
0.0
 11
-0.8573380624511628
 21
0.1122619711168227
 31
0.0
  0
LINE
  5
C992
  8
0
 10
-0.8573380624511628
 20
0.0870587505087315
 30
0.0
 11
-0.8573380624511628
 21
0.0
 31
0.0
  0
LINE
  5
C993
  8
0
 10
-0.2574911847368639
 20
0.0
 30
0.0
 11
-0.0126016103058646
 21
0.0
 31
0.0
  0
LINE
  5
C994
  8
0
 10
-0.2574911847368639
 20
0.1993207216255541
 30
0.0
 11
-0.009964903270884
 21
0.0077137076077634
 31
0.0
  0
CIRCLE
  5
C995
  8
0
 10
0.0
 20
0.0
 30
0.0
 40
0.0126016103044426
  0
ENDBLK
  5
C996
  8
0
  0
BLOCK
  8
0
  2
RIPRESARETE_DX
 70
     0
 10
0.0
 20
0.0
 30
0.0
  3
RIPRESARETE_DX
  1

  0
LINE
  5
C999
  8
0
 10
0.8573380624511628
 20
0.0
 30
0.0
 11
0.2574911847368639
 21
0.0
 31
0.0
  0
LINE
  5
C99A
  8
0
 10
0.2574911847368639
 20
0.1993207216255541
 30
0.0
 11
0.8573380624511628
 21
0.1993207216255541
 31
0.0
  0
LINE
  5
C99B
  8
0
 10
0.2574911847368639
 20
0.1993207216255541
 30
0.0
 11
0.009964903270884
 21
0.0077137076077634
 31
0.0
  0
LINE
  5
C99C
  8
0
 10
0.2574911847368639
 20
0.0
 30
0.0
 11
0.0126016103058646
 21
0.0
 31
0.0
  0
CIRCLE
  5
C99D
  8
0
 10
0.0
 20
0.0
 30
0.0
 40
0.0126016103044426
  0
LINE
  5
C99E
  8
0
 10
0.8573380624511628
 20
0.1993207216255541
 30
0.0
 11
0.8573380624511628
 21
0.1248635814226873
 31
0.0
  0
LINE
  5
C99F
  8
0
 10
0.8573380624511628
 20
0.0744571402028669
 30
0.0
 11
0.8573380624511628
 21
0.0
 31
0.0
  0
CIRCLE
  5
C9A0
  8
0
 10
0.8573380624511628
 20
0.0870587505087315
 30
0.0
 40
0.0126016103044426
  0
CIRCLE
  5
C9A1
  8
0
 10
0.8573380624511628
 20
0.1122619711168227
 30
0.0
 40
0.0126016103044426
  0
ENDBLK
  5
C9A2
  8
0
  0
BLOCK
  8
0
  2
RIPRESARETE_SX
 70
     0
 10
0.0
 20
0.0
 30
0.0
  3
RIPRESARETE_SX
  1

  0
LINE
  5
C9A5
  8
0
 10
-0.8573380624511628
 20
0.0
 30
0.0
 11
-0.2574911847368639
 21
0.0
 31
0.0
  0
LINE
  5
C9A6
  8
0
 10
-0.2574911847368639
 20
0.1993207216255541
 30
0.0
 11
-0.8573380624511628
 21
0.1993207216255541
 31
0.0
  0
CIRCLE
  5
C9A7
  8
0
 10
-0.8573380624511628
 20
0.0870587505087315
 30
0.0
 40
0.0126016103044426
  0
CIRCLE
  5
C9A8
  8
0
 10
-0.8573380624511628
 20
0.1122619711168227
 30
0.0
 40
0.0126016103044426
  0
LINE
  5
C9A9
  8
0
 10
-0.8573380624511628
 20
0.0744571402028669
 30
0.0
 11
-0.8573380624511628
 21
0.0
 31
0.0
  0
LINE
  5
C9AA
  8
0
 10
-0.8573380624511628
 20
0.1993207216255541
 30
0.0
 11
-0.8573380624511628
 21
0.1248635814226873
 31
0.0
  0
LINE
  5
C9AB
  8
0
 10
-0.2574911847368639
 20
0.0
 30
0.0
 11
-0.0126016103058646
 21
0.0
 31
0.0
  0
LINE
  5
C9AC
  8
0
 10
-0.2574911847368639
 20
0.1993207216255541
 30
0.0
 11
-0.009964903270884
 21
0.0077137076077634
 31
0.0
  0
CIRCLE
  5
C9AD
  8
0
 10
0.0
 20
0.0
 30
0.0
 40
0.0126016103044426
  0
ENDBLK
  5
C9AE
  8
0
  0
BLOCK
  8
0
  2
RITORNORETE_DX
 70
     0
 10
0.0
 20
0.0
 30
0.0
  3
RITORNORETE_DX
  1

  0
LINE
  5
C9B1
  8
0
 10
0.2574911847368639
 20
-0.1993207216255541
 30
0.0
 11
0.8573380624511628
 21
-0.1993207216255541
 31
0.0
  0
LINE
  5
C9B2
  8
0
 10
0.8573380624511628
 20
0.0
 30
0.0
 11
0.2574911847368639
 21
0.0
 31
0.0
  0
LINE
  5
C9B3
  8
0
 10
0.2574911847368639
 20
0.0
 30
0.0
 11
0.0126016103058646
 21
0.0
 31
0.0
  0
LINE
  5
C9B4
  8
0
 10
0.2574911847368639
 20
-0.1993207216255541
 30
0.0
 11
0.009964903270884
 21
-0.0077137076077634
 31
0.0
  0
CIRCLE
  5
C9B5
  8
0
 10
0.0
 20
0.0
 30
0.0
 40
0.0126016103044426
  0
CIRCLE
  5
C9B6
  8
0
 10
0.8573380624511628
 20
-0.0996603608145961
 30
0.0
 40
0.0126016103044426
  0
LINE
  5
C9B7
  8
0
 10
0.8573380624511628
 20
-0.1993207216255541
 30
0.0
 11
0.8573380624511628
 21
-0.1122619711168227
 31
0.0
  0
LINE
  5
C9B8
  8
0
 10
0.8573380624511628
 20
-0.0870587505087315
 30
0.0
 11
0.8573380624511628
 21
0.0
 31
0.0
  0
ENDBLK
  5
C9B9
  8
0
  0
BLOCK
  8
0
  2
RITORNORETE_SX
 70
     0
 10
0.0
 20
0.0
 30
0.0
  3
RITORNORETE_SX
  1

  0
LINE
  5
C9BC
  8
0
 10
-0.2574911847368639
 20
-0.1993207216255541
 30
0.0
 11
-0.8573380624511628
 21
-0.1993207216255541
 31
0.0
  0
LINE
  5
C9BD
  8
0
 10
-0.8573380624511628
 20
0.0
 30
0.0
 11
-0.2574911847368639
 21
0.0
 31
0.0
  0
CIRCLE
  5
C9BE
  8
0
 10
-0.8573380624511628
 20
-0.0996603608145961
 30
0.0
 40
0.0126016103044426
  0
LINE
  5
C9BF
  8
0
 10
-0.8573380624511628
 20
-0.1993207216255541
 30
0.0
 11
-0.8573380624511628
 21
-0.1122619711168227
 31
0.0
  0
LINE
  5
C9C0
  8
0
 10
-0.8573380624511628
 20
-0.0870587505087315
 30
0.0
 11
-0.8573380624511628
 21
0.0
 31
0.0
  0
LINE
  5
C9C1
  8
0
 10
-0.2574911847368639
 20
0.0
 30
0.0
 11
-0.0126016103058646
 21
0.0
 31
0.0
  0
LINE
  5
C9C2
  8
0
 10
-0.2574911847368639
 20
-0.1993207216255541
 30
0.0
 11
-0.009964903270884
 21
-0.0077137076077634
 31
0.0
  0
CIRCLE
  5
C9C3
  8
0
 10
0.0
 20
0.0
 30
0.0
 40
0.0126016103044426
  0
ENDBLK
  5
C9C4
  8
0
  0
BLOCK
  8
0
  2
TERMINALE_DX
 70
     0
 10
0.0
 20
0.0
 30
0.0
  3
TERMINALE_DX
  1

  0
INSERT
  5
E00A
  8
0
  2
TERMINALE_SX
 10
-0.0000000000000004
 20
0.0000000000000004
 30
0.0
 50
180.0
  0
ENDBLK
  5
CE51
  8
0
  0
BLOCK
  8
0
  2
TERMINALE_SX
 70
     0
 10
0.0
 20
0.0
 30
0.0
  3
TERMINALE_SX
  1

  0
CIRCLE
  5
DFF7
  8
0
 10
0.0
 20
0.0
 30
0.0
 40
0.0037711727630798
  0
LINE
  5
DFF8
  8
0
 10
-0.1999999399223773
 20
0.0
 30
0.0
 11
0.0
 21
0.0
 31
0.0
  0
POLYLINE
  5
DFF9
  8
0
 10
-1.1375767929880869
 20
0.200030808361527
 30
0.0
 66
     1
 70
     8
  0
VERTEX
  8
0
  5
E16B
 10
-1.13758
 20
0.200031
 30
0.000000
  70
    32
  0
VERTEX
  8
0
  5
E16C
 10
-1.14064
 20
0.199790
 30
0.000000
  70
    32
  0
VERTEX
  8
0
  5
E16D
 10
-1.14371
 20
0.199067
 30
0.000000
  70
    32
  0
VERTEX
  8
0
  5
E16E
 10
-1.14675
 20
0.197865
 30
0.000000
  70
    32
  0
VERTEX
  8
0
  5
E16F
 10
-1.14977
 20
0.196186
 30
0.000000
  70
    32
  0
VERTEX
  8
0
  5
E170
 10
-1.15277
 20
0.194034
 30
0.000000
  70
    32
  0
VERTEX
  8
0
  5
E171
 10
-1.15573
 20
0.191414
 30
0.000000
  70
    32
  0
VERTEX
  8
0
  5
E172
 10
-1.15864
 20
0.188333
 30
0.000000
  70
    32
  0
VERTEX
  8
0
  5
E173
 10
-1.16150
 20
0.184798
 30
0.000000
  70
    32
  0
VERTEX
  8
0
  5
E174
 10
-1.16431
 20
0.180818
 30
0.000000
  70
    32
  0
VERTEX
  8
0
  5
E175
 10
-1.16705
 20
0.176402
 30
0.000000
  70
    32
  0
VERTEX
  8
0
  5
E176
 10
-1.16972
 20
0.171561
 30
0.000000
  70
    32
  0
VERTEX
  8
0
  5
E177
 10
-1.17231
 20
0.166306
 30
0.000000
  70
    32
  0
VERTEX
  8
0
  5
E178
 10
-1.17482
 20
0.160650
 30
0.000000
  70
    32
  0
VERTEX
  8
0
  5
E179
 10
-1.17724
 20
0.154607
 30
0.000000
  70
    32
  0
VERTEX
  8
0
  5
E17A
 10
-1.17957
 20
0.148192
 30
0.000000
  70
    32
  0
VERTEX
  8
0
  5
E17B
 10
-1.18179
 20
0.141419
 30
0.000000
  70
    32
  0
VERTEX
  8
0
  5
E17C
 10
-1.18390
 20
0.134306
 30
0.000000
  70
    32
  0
VERTEX
  8
0
  5
E17D
 10
-1.18591
 20
0.126868
 30
0.000000
  70
    32
  0
VERTEX
  8
0
  5
E17E
 10
-1.18780
 20
0.119125
 30
0.000000
  70
    32
  0
VERTEX
  8
0
  5
E17F
 10
-1.18956
 20
0.111095
 30
0.000000
  70
    32
  0
VERTEX
  8
0
  5
E180
 10
-1.19121
 20
0.102797
 30
0.000000
  70
    32
  0
VERTEX
  8
0
  5
E181
 10
-1.19272
 20
0.0942508
 30
0.000000
  70
    32
  0
VERTEX
  8
0
  5
E182
 10
-1.19410
 20
0.0854775
 30
0.000000
  70
    32
  0
VERTEX
  8
0
  5
E183
 10
-1.19534
 20
0.0764981
 30
0.000000
  70
    32
  0
VERTEX
  8
0
  5
E184
 10
-1.19645
 20
0.0673343
 30
0.000000
  70
    32
  0
VERTEX
  8
0
  5
E185
 10
-1.19741
 20
0.0580080
 30
0.000000
  70
    32
  0
VERTEX
  8
0
  5
E186
 10
-1.19823
 20
0.0485418
 30
0.000000
  70
    32
  0
VERTEX
  8
0
  5
E187
 10
-1.19890
 20
0.0389584
 30
0.000000
  70
    32
  0
VERTEX
  8
0
  5
E188
 10
-1.19942
 20
0.0292810
 30
0.000000
  70
    32
  0
VERTEX
  8
0
  5
E189
 10
-1.19980
 20
0.0195329
 30
0.000000
  70
    32
  0
VERTEX
  8
0
  5
E18A
 10
-1.20003
 20
0.00973750
 30
0.000000
  70
    32
  0
VERTEX
  8
0
  5
E18B
 10
-1.20010
 20
-8.15498e-005
 30
0.000000
  70
    32
  0
VERTEX
  8
0
  5
E18C
 10
-1.20003
 20
-0.00990060
 30
0.000000
  70
    32
  0
VERTEX
  8
0
  5
E18D
 10
-1.19980
 20
-0.0196960
 30
0.000000
  70
    32
  0
VERTEX
  8
0
  5
E18E
 10
-1.19942
 20
-0.0294441
 30
0.000000
  70
    32
  0
VERTEX
  8
0
  5
E18F
 10
-1.19890
 20
-0.0391215
 30
0.000000
  70
    32
  0
VERTEX
  8
0
  5
E190
 10
-1.19823
 20
-0.0487049
 30
0.000000
  70
    32
  0
VERTEX
  8
0
  5
E191
 10
-1.19741
 20
-0.0581711
 30
0.000000
  70
    32
  0
VERTEX
  8
0
  5
E192
 10
-1.19645
 20
-0.0674974
 30
0.000000
  70
    32
  0
VERTEX
  8
0
  5
E193
 10
-1.19534
 20
-0.0766613
 30
0.000000
  70
    32
  0
VERTEX
  8
0
  5
E194
 10
-1.19410
 20
-0.0856406
 30
0.000000
  70
    32
  0
VERTEX
  8
0
  5
E195
 10
-1.19272
 20
-0.0944139
 30
0.000000
  70
    32
  0
VERTEX
  8
0
  5
E196
 10
-1.19121
 20
-0.102960
 30
0.000000
  70
    32
  0
VERTEX
  8
0
  5
E197
 10
-1.18956
 20
-0.111258
 30
0.000000
  70
    32
  0
VERTEX
  8
0
  5
E198
 10
-1.18780
 20
-0.119288
 30
0.000000
  70
    32
  0
VERTEX
  8
0
  5
E199
 10
-1.18591
 20
-0.127032
 30
0.000000
  70
    32
  0
VERTEX
  8
0
  5
E19A
 10
-1.18390
 20
-0.134469
 30
0.000000
  70
    32
  0
VERTEX
  8
0
  5
E19B
 10
-1.18179
 20
-0.141582
 30
0.000000
  70
    32
  0
VERTEX
  8
0
  5
E19C
 10
-1.17957
 20
-0.148355
 30
0.000000
  70
    32
  0
VERTEX
  8
0
  5
E19D
 10
-1.17724
 20
-0.154771
 30
0.000000
  70
    32
  0
VERTEX
  8
0
  5
E19E
 10
-1.17482
 20
-0.160813
 30
0.000000
  70
    32
  0
VERTEX
  8
0
  5
E19F
 10
-1.17231
 20
-0.166469
 30
0.000000
  70
    32
  0
VERTEX
  8
0
  5
E1A0
 10
-1.16972
 20
-0.171724
 30
0.000000
  70
    32
  0
VERTEX
  8
0
  5
E1A1
 10
-1.16705
 20
-0.176565
 30
0.000000
  70
    32
  0
VERTEX
  8
0
  5
E1A2
 10
-1.16431
 20
-0.180981
 30
0.000000
  70
    32
  0
VERTEX
  8
0
  5
E1A3
 10
-1.16150
 20
-0.184961
 30
0.000000
  70
    32
  0
VERTEX
  8
0
  5
E1A4
 10
-1.15864
 20
-0.188496
 30
0.000000
  70
    32
  0
VERTEX
  8
0
  5
E1A5
 10
-1.15573
 20
-0.191577
 30
0.000000
  70
    32
  0
VERTEX
  8
0
  5
E1A6
 10
-1.15277
 20
-0.194197
 30
0.000000
  70
    32
  0
VERTEX
  8
0
  5
E1A7
 10
-1.14978
 20
-0.196349
 30
0.000000
  70
    32
  0
VERTEX
  8
0
  5
E1A8
 10
-1.14675
 20
-0.198028
 30
0.000000
  70
    32
  0
VERTEX
  8
0
  5
E1A9
 10
-1.14371
 20
-0.199230
 30
0.000000
  70
    32
  0
VERTEX
  8
0
  5
E1AA
 10
-1.14064
 20
-0.199953
 30
0.000000
  70
    32
  0
VERTEX
  8
0
  5
E1AB
 10
-1.13758
 20
-0.200194
 30
0.000000
  70
    32
  0
VERTEX
  8
0
  5
E1AC
 10
-1.13451
 20
-0.199953
 30
0.000000
  70
    32
  0
VERTEX
  8
0
  5
E1AD
 10
-1.13145
 20
-0.199230
 30
0.000000
  70
    32
  0
VERTEX
  8
0
  5
E1AE
 10
-1.12840
 20
-0.198028
 30
0.000000
  70
    32
  0
VERTEX
  8
0
  5
E1AF
 10
-1.12538
 20
-0.196349
 30
0.000000
  70
    32
  0
VERTEX
  8
0
  5
E1B0
 10
-1.12238
 20
-0.194197
 30
0.000000
  70
    32
  0
VERTEX
  8
0
  5
E1B1
 10
-1.11943
 20
-0.191577
 30
0.000000
  70
    32
  0
VERTEX
  8
0
  5
E1B2
 10
-1.11651
 20
-0.188496
 30
0.000000
  70
    32
  0
VERTEX
  8
0
  5
E1B3
 10
-1.11365
 20
-0.184961
 30
0.000000
  70
    32
  0
VERTEX
  8
0
  5
E1B4
 10
-1.11084
 20
-0.180981
 30
0.000000
  70
    32
  0
VERTEX
  8
0
  5
E1B5
 10
-1.10810
 20
-0.176565
 30
0.000000
  70
    32
  0
VERTEX
  8
0
  5
E1B6
 10
-1.10543
 20
-0.171724
 30
0.000000
  70
    32
  0
VERTEX
  8
0
  5
E1B7
 10
-1.10284
 20
-0.166469
 30
0.000000
  70
    32
  0
VERTEX
  8
0
  5
E1B8
 10
-1.10033
 20
-0.160813
 30
0.000000
  70
    32
  0
VERTEX
  8
0
  5
E1B9
 10
-1.09791
 20
-0.154771
 30
0.000000
  70
    32
  0
VERTEX
  8
0
  5
E1BA
 10
-1.09559
 20
-0.148355
 30
0.000000
  70
    32
  0
VERTEX
  8
0
  5
E1BB
 10
-1.09337
 20
-0.141582
 30
0.000000
  70
    32
  0
VERTEX
  8
0
  5
E1BC
 10
-1.09125
 20
-0.134469
 30
0.000000
  70
    32
  0
VERTEX
  8
0
  5
E1BD
 10
-1.08924
 20
-0.127032
 30
0.000000
  70
    32
  0
VERTEX
  8
0
  5
E1BE
 10
-1.08736
 20
-0.119288
 30
0.000000
  70
    32
  0
VERTEX
  8
0
  5
E1BF
 10
-1.08559
 20
-0.111258
 30
0.000000
  70
    32
  0
VERTEX
  8
0
  5
E1C0
 10
-1.08395
 20
-0.102960
 30
0.000000
  70
    32
  0
VERTEX
  8
0
  5
E1C1
 10
-1.08244
 20
-0.0944139
 30
0.000000
  70
    32
  0
VERTEX
  8
0
  5
E1C2
 10
-1.08106
 20
-0.0856407
 30
0.000000
  70
    32
  0
VERTEX
  8
0
  5
E1C3
 10
-1.07981
 20
-0.0766613
 30
0.000000
  70
    32
  0
VERTEX
  8
0
  5
E1C4
 10
-1.07871
 20
-0.0674975
 30
0.000000
  70
    32
  0
VERTEX
  8
0
  5
E1C5
 10
-1.07774
 20
-0.0581712
 30
0.000000
  70
    32
  0
VERTEX
  8
0
  5
E1C6
 10
-1.07693
 20
-0.0487050
 30
0.000000
  70
    32
  0
VERTEX
  8
0
  5
E1C7
 10
-1.07625
 20
-0.0391216
 30
0.000000
  70
    32
  0
VERTEX
  8
0
  5
E1C8
 10
-1.07573
 20
-0.0294442
 30
0.000000
  70
    32
  0
VERTEX
  8
0
  5
E1C9
 10
-1.07535
 20
-0.0196961
 30
0.000000
  70
    32
  0
VERTEX
  8
0
  5
E1CA
 10
-1.07513
 20
-0.00990067
 30
0.000000
  70
    32
  0
VERTEX
  8
0
  5
E1CB
 10
-1.07505
 20
-8.16227e-005
 30
0.000000
  70
    32
  0
VERTEX
  8
0
  5
E1CC
 10
-1.07513
 20
0.00973743
 30
0.000000
  70
    32
  0
VERTEX
  8
0
  5
E1CD
 10
-1.07535
 20
0.0195328
 30
0.000000
  70
    32
  0
VERTEX
  8
0
  5
E1CE
 10
-1.07573
 20
0.0292810
 30
0.000000
  70
    32
  0
VERTEX
  8
0
  5
E1CF
 10
-1.07625
 20
0.0389584
 30
0.000000
  70
    32
  0
VERTEX
  8
0
  5
E1D0
 10
-1.07693
 20
0.0485417
 30
0.000000
  70
    32
  0
VERTEX
  8
0
  5
E1D1
 10
-1.07774
 20
0.0580079
 30
0.000000
  70
    32
  0
VERTEX
  8
0
  5
E1D2
 10
-1.07871
 20
0.0673342
 30
0.000000
  70
    32
  0
VERTEX
  8
0
  5
E1D3
 10
-1.07981
 20
0.0764981
 30
0.000000
  70
    32
  0
VERTEX
  8
0
  5
E1D4
 10
-1.08106
 20
0.0854775
 30
0.000000
  70
    32
  0
VERTEX
  8
0
  5
E1D5
 10
-1.08243
 20
0.0942507
 30
0.000000
  70
    32
  0
VERTEX
  8
0
  5
E1D6
 10
-1.08395
 20
0.102797
 30
0.000000
  70
    32
  0
VERTEX
  8
0
  5
E1D7
 10
-1.08559
 20
0.111095
 30
0.000000
  70
    32
  0
VERTEX
  8
0
  5
E1D8
 10
-1.08736
 20
0.119125
 30
0.000000
  70
    32
  0
VERTEX
  8
0
  5
E1D9
 10
-1.08924
 20
0.126868
 30
0.000000
  70
    32
  0
VERTEX
  8
0
  5
E1DA
 10
-1.09125
 20
0.134306
 30
0.000000
  70
    32
  0
VERTEX
  8
0
  5
E1DB
 10
-1.09337
 20
0.141419
 30
0.000000
  70
    32
  0
VERTEX
  8
0
  5
E1DC
 10
-1.09559
 20
0.148192
 30
0.000000
  70
    32
  0
VERTEX
  8
0
  5
E1DD
 10
-1.09791
 20
0.154607
 30
0.000000
  70
    32
  0
VERTEX
  8
0
  5
E1DE
 10
-1.10033
 20
0.160650
 30
0.000000
  70
    32
  0
VERTEX
  8
0
  5
E1DF
 10
-1.10284
 20
0.166306
 30
0.000000
  70
    32
  0
VERTEX
  8
0
  5
E1E0
 10
-1.10543
 20
0.171561
 30
0.000000
  70
    32
  0
VERTEX
  8
0
  5
E1E1
 10
-1.10810
 20
0.176402
 30
0.000000
  70
    32
  0
VERTEX
  8
0
  5
E1E2
 10
-1.11084
 20
0.180818
 30
0.000000
  70
    32
  0
VERTEX
  8
0
  5
E1E3
 10
-1.11365
 20
0.184798
 30
0.000000
  70
    32
  0
VERTEX
  8
0
  5
E1E4
 10
-1.11651
 20
0.188333
 30
0.000000
  70
    32
  0
VERTEX
  8
0
  5
E1E5
 10
-1.11943
 20
0.191414
 30
0.000000
  70
    32
  0
VERTEX
  8
0
  5
E1E6
 10
-1.12238
 20
0.194034
 30
0.000000
  70
    32
  0
VERTEX
  8
0
  5
E1E7
 10
-1.12538
 20
0.196186
 30
0.000000
  70
    32
  0
VERTEX
  8
0
  5
E1E8
 10
-1.12840
 20
0.197865
 30
0.000000
  70
    32
  0
VERTEX
  8
0
  5
E1E9
 10
-1.13145
 20
0.199067
 30
0.000000
  70
    32
  0
VERTEX
  8
0
  5
E1EA
 10
-1.13451
 20
0.199790
 30
0.000000
  70
    32
  0
VERTEX
  8
0
  5
E1EB
 10
-1.13758
 20
0.200031
 30
0.000000
  70
    32
  0
SEQEND
  8
0
  5
E1EC
  0
LINE
  5
DFFA
  8
0
 10
-0.2000241576072392
 20
0.2000302621866141
 30
0.0
 11
-1.200072945176778
 21
0.2000308447689023
 31
0.0
  0
LINE
  5
DFFB
  8
0
 10
-0.2000242748953749
 20
-0.2000880570695926
 30
0.0
 11
-1.2000730624649141
 21
-0.2000874744873045
 31
0.0
  0
LINE
  5
DFFC
  8
0
 10
-1.200072945176778
 20
0.2000308447689023
 30
0.0
 11
-1.2000487127393711
 21
-0.0000891509307386
 31
0.0
  0
LINE
  5
DFFD
  8
0
 10
-1.2000487127393711
 20
-0.0000891509307386
 30
0.0
 11
-1.2000730624649141
 21
-0.2000874744873045
 31
0.0
  0
POLYLINE
  5
DFFE
  8
0
 10
-0.6375357195817597
 20
0.2000305170606662
 30
0.0
 66
     1
 70
     8
  0
VERTEX
  8
0
  5
E1ED
 10
-0.637536
 20
0.200031
 30
0.000000
  70
    32
  0
VERTEX
  8
0
  5
E1EE
 10
-0.640602
 20
0.199790
 30
0.000000
  70
    32
  0
VERTEX
  8
0
  5
E1EF
 10
-0.643662
 20
0.199067
 30
0.000000
  70
    32
  0
VERTEX
  8
0
  5
E1F0
 10
-0.646706
 20
0.197865
 30
0.000000
  70
    32
  0
VERTEX
  8
0
  5
E1F1
 10
-0.649729
 20
0.196187
 30
0.000000
  70
    32
  0
VERTEX
  8
0
  5
E1F2
 10
-0.652722
 20
0.194035
 30
0.000000
  70
    32
  0
VERTEX
  8
0
  5
E1F3
 10
-0.655678
 20
0.191416
 30
0.000000
  70
    32
  0
VERTEX
  8
0
  5
E1F4
 10
-0.658591
 20
0.188336
 30
0.000000
  70
    32
  0
VERTEX
  8
0
  5
E1F5
 10
-0.661453
 20
0.184803
 30
0.000000
  70
    32
  0
VERTEX
  8
0
  5
E1F6
 10
-0.664257
 20
0.180823
 30
0.000000
  70
    32
  0
VERTEX
  8
0
  5
E1F7
 10
-0.666997
 20
0.176409
 30
0.000000
  70
    32
  0
VERTEX
  8
0
  5
E1F8
 10
-0.669666
 20
0.171569
 30
0.000000
  70
    32
  0
VERTEX
  8
0
  5
E1F9
 10
-0.672258
 20
0.166316
 30
0.000000
  70
    32
  0
VERTEX
  8
0
  5
E1FA
 10
-0.674766
 20
0.160662
 30
0.000000
  70
    32
  0
VERTEX
  8
0
  5
E1FB
 10
-0.677184
 20
0.154621
 30
0.000000
  70
    32
  0
VERTEX
  8
0
  5
E1FC
 10
-0.679507
 20
0.148207
 30
0.000000
  70
    32
  0
VERTEX
  8
0
  5
E1FD
 10
-0.681729
 20
0.141437
 30
0.000000
  70
    32
  0
VERTEX
  8
0
  5
E1FE
 10
-0.683844
 20
0.134325
 30
0.000000
  70
    32
  0
VERTEX
  8
0
  5
E1FF
 10
-0.685847
 20
0.126890
 30
0.000000
  70
    32
  0
VERTEX
  8
0
  5
E200
 10
-0.687735
 20
0.119150
 30
0.000000
  70
    32
  0
VERTEX
  8
0
  5
E201
 10
-0.689501
 20
0.111122
 30
0.000000
  70
    32
  0
VERTEX
  8
0
  5
E202
 10
-0.691142
 20
0.102826
 30
0.000000
  70
    32
  0
VERTEX
  8
0
  5
E203
 10
-0.692654
 20
0.0942826
 30
0.000000
  70
    32
  0
VERTEX
  8
0
  5
E204
 10
-0.694033
 20
0.0855121
 30
0.000000
  70
    32
  0
VERTEX
  8
0
  5
E205
 10
-0.695277
 20
0.0765354
 30
0.000000
  70
    32
  0
VERTEX
  8
0
  5
E206
 10
-0.696381
 20
0.0673743
 30
0.000000
  70
    32
  0
VERTEX
  8
0
  5
E207
 10
-0.697343
 20
0.0580509
 30
0.000000
  70
    32
  0
VERTEX
  8
0
  5
E208
 10
-0.698161
 20
0.0485876
 30
0.000000
  70
    32
  0
VERTEX
  8
0
  5
E209
 10
-0.698833
 20
0.0390071
 30
0.000000
  70
    32
  0
VERTEX
  8
0
  5
E20A
 10
-0.699358
 20
0.0293327
 30
0.000000
  70
    32
  0
VERTEX
  8
0
  5
E20B
 10
-0.699733
 20
0.0195875
 30
0.000000
  70
    32
  0
VERTEX
  8
0
  5
E20C
 10
-0.699959
 20
0.00979506
 30
0.000000
  70
    32
  0
VERTEX
  8
0
  5
E20D
 10
-0.700034
 20
-2.10001e-005
 30
0.000000
  70
    32
  0
VERTEX
  8
0
  5
E20E
 10
-0.699959
 20
-0.00983706
 30
0.000000
  70
    32
  0
VERTEX
  8
0
  5
E20F
 10
-0.699733
 20
-0.0196295
 30
0.000000
  70
    32
  0
VERTEX
  8
0
  5
E210
 10
-0.699358
 20
-0.0293747
 30
0.000000
  70
    32
  0
VERTEX
  8
0
  5
E211
 10
-0.698833
 20
-0.0390491
 30
0.000000
  70
    32
  0
VERTEX
  8
0
  5
E212
 10
-0.698161
 20
-0.0486296
 30
0.000000
  70
    32
  0
VERTEX
  8
0
  5
E213
 10
-0.697343
 20
-0.0580929
 30
0.000000
  70
    32
  0
VERTEX
  8
0
  5
E214
 10
-0.696381
 20
-0.0674163
 30
0.000000
  70
    32
  0
VERTEX
  8
0
  5
E215
 10
-0.695277
 20
-0.0765774
 30
0.000000
  70
    32
  0
VERTEX
  8
0
  5
E216
 10
-0.694034
 20
-0.0855541
 30
0.000000
  70
    32
  0
VERTEX
  8
0
  5
E217
 10
-0.692654
 20
-0.0943247
 30
0.000000
  70
    32
  0
VERTEX
  8
0
  5
E218
 10
-0.691142
 20
-0.102868
 30
0.000000
  70
    32
  0
VERTEX
  8
0
  5
E219
 10
-0.689501
 20
-0.111164
 30
0.000000
  70
    32
  0
VERTEX
  8
0
  5
E21A
 10
-0.687735
 20
-0.119192
 30
0.000000
  70
    32
  0
VERTEX
  8
0
  5
E21B
 10
-0.685848
 20
-0.126932
 30
0.000000
  70
    32
  0
VERTEX
  8
0
  5
E21C
 10
-0.683844
 20
-0.134367
 30
0.000000
  70
    32
  0
VERTEX
  8
0
  5
E21D
 10
-0.681729
 20
-0.141479
 30
0.000000
  70
    32
  0
VERTEX
  8
0
  5
E21E
 10
-0.679507
 20
-0.148249
 30
0.000000
  70
    32
  0
VERTEX
  8
0
  5
E21F
 10
-0.677184
 20
-0.154663
 30
0.000000
  70
    32
  0
VERTEX
  8
0
  5
E220
 10
-0.674766
 20
-0.160704
 30
0.000000
  70
    32
  0
VERTEX
  8
0
  5
E221
 10
-0.672258
 20
-0.166358
 30
0.000000
  70
    32
  0
VERTEX
  8
0
  5
E222
 10
-0.669666
 20
-0.171611
 30
0.000000
  70
    32
  0
VERTEX
  8
0
  5
E223
 10
-0.666997
 20
-0.176451
 30
0.000000
  70
    32
  0
VERTEX
  8
0
  5
E224
 10
-0.664257
 20
-0.180865
 30
0.000000
  70
    32
  0
VERTEX
  8
0
  5
E225
 10
-0.661453
 20
-0.184845
 30
0.000000
  70
    32
  0
VERTEX
  8
0
  5
E226
 10
-0.658591
 20
-0.188378
 30
0.000000
  70
    32
  0
VERTEX
  8
0
  5
E227
 10
-0.655678
 20
-0.191458
 30
0.000000
  70
    32
  0
VERTEX
  8
0
  5
E228
 10
-0.652722
 20
-0.194077
 30
0.000000
  70
    32
  0
VERTEX
  8
0
  5
E229
 10
-0.649729
 20
-0.196229
 30
0.000000
  70
    32
  0
VERTEX
  8
0
  5
E22A
 10
-0.646706
 20
-0.197907
 30
0.000000
  70
    32
  0
VERTEX
  8
0
  5
E22B
 10
-0.643662
 20
-0.199109
 30
0.000000
  70
    32
  0
VERTEX
  8
0
  5
E22C
 10
-0.640603
 20
-0.199832
 30
0.000000
  70
    32
  0
VERTEX
  8
0
  5
E22D
 10
-0.637536
 20
-0.200073
 30
0.000000
  70
    32
  0
VERTEX
  8
0
  5
E22E
 10
-0.634469
 20
-0.199832
 30
0.000000
  70
    32
  0
VERTEX
  8
0
  5
E22F
 10
-0.631410
 20
-0.199109
 30
0.000000
  70
    32
  0
VERTEX
  8
0
  5
E230
 10
-0.628366
 20
-0.197907
 30
0.000000
  70
    32
  0
VERTEX
  8
0
  5
E231
 10
-0.625343
 20
-0.196229
 30
0.000000
  70
    32
  0
VERTEX
  8
0
  5
E232
 10
-0.622350
 20
-0.194077
 30
0.000000
  70
    32
  0
VERTEX
  8
0
  5
E233
 10
-0.619394
 20
-0.191458
 30
0.000000
  70
    32
  0
VERTEX
  8
0
  5
E234
 10
-0.616481
 20
-0.188378
 30
0.000000
  70
    32
  0
VERTEX
  8
0
  5
E235
 10
-0.613619
 20
-0.184845
 30
0.000000
  70
    32
  0
VERTEX
  8
0
  5
E236
 10
-0.610815
 20
-0.180866
 30
0.000000
  70
    32
  0
VERTEX
  8
0
  5
E237
 10
-0.608075
 20
-0.176451
 30
0.000000
  70
    32
  0
VERTEX
  8
0
  5
E238
 10
-0.605405
 20
-0.171611
 30
0.000000
  70
    32
  0
VERTEX
  8
0
  5
E239
 10
-0.602814
 20
-0.166358
 30
0.000000
  70
    32
  0
VERTEX
  8
0
  5
E23A
 10
-0.600306
 20
-0.160704
 30
0.000000
  70
    32
  0
VERTEX
  8
0
  5
E23B
 10
-0.597888
 20
-0.154663
 30
0.000000
  70
    32
  0
VERTEX
  8
0
  5
E23C
 10
-0.595565
 20
-0.148249
 30
0.000000
  70
    32
  0
VERTEX
  8
0
  5
E23D
 10
-0.593343
 20
-0.141479
 30
0.000000
  70
    32
  0
VERTEX
  8
0
  5
E23E
 10
-0.591228
 20
-0.134367
 30
0.000000
  70
    32
  0
VERTEX
  8
0
  5
E23F
 10
-0.589224
 20
-0.126932
 30
0.000000
  70
    32
  0
VERTEX
  8
0
  5
E240
 10
-0.587337
 20
-0.119192
 30
0.000000
  70
    32
  0
VERTEX
  8
0
  5
E241
 10
-0.585571
 20
-0.111164
 30
0.000000
  70
    32
  0
VERTEX
  8
0
  5
E242
 10
-0.583929
 20
-0.102868
 30
0.000000
  70
    32
  0
VERTEX
  8
0
  5
E243
 10
-0.582417
 20
-0.0943247
 30
0.000000
  70
    32
  0
VERTEX
  8
0
  5
E244
 10
-0.581038
 20
-0.0855541
 30
0.000000
  70
    32
  0
VERTEX
  8
0
  5
E245
 10
-0.579795
 20
-0.0765775
 30
0.000000
  70
    32
  0
VERTEX
  8
0
  5
E246
 10
-0.578691
 20
-0.0674164
 30
0.000000
  70
    32
  0
VERTEX
  8
0
  5
E247
 10
-0.577729
 20
-0.0580930
 30
0.000000
  70
    32
  0
VERTEX
  8
0
  5
E248
 10
-0.576911
 20
-0.0486296
 30
0.000000
  70
    32
  0
VERTEX
  8
0
  5
E249
 10
-0.576239
 20
-0.0390492
 30
0.000000
  70
    32
  0
VERTEX
  8
0
  5
E24A
 10
-0.575714
 20
-0.0293747
 30
0.000000
  70
    32
  0
VERTEX
  8
0
  5
E24B
 10
-0.575339
 20
-0.0196296
 30
0.000000
  70
    32
  0
VERTEX
  8
0
  5
E24C
 10
-0.575113
 20
-0.00983714
 30
0.000000
  70
    32
  0
VERTEX
  8
0
  5
E24D
 10
-0.575038
 20
-2.10729e-005
 30
0.000000
  70
    32
  0
VERTEX
  8
0
  5
E24E
 10
-0.575113
 20
0.00979499
 30
0.000000
  70
    32
  0
VERTEX
  8
0
  5
E24F
 10
-0.575339
 20
0.0195874
 30
0.000000
  70
    32
  0
VERTEX
  8
0
  5
E250
 10
-0.575714
 20
0.0293326
 30
0.000000
  70
    32
  0
VERTEX
  8
0
  5
E251
 10
-0.576239
 20
0.0390070
 30
0.000000
  70
    32
  0
VERTEX
  8
0
  5
E252
 10
-0.576911
 20
0.0485875
 30
0.000000
  70
    32
  0
VERTEX
  8
0
  5
E253
 10
-0.577729
 20
0.0580508
 30
0.000000
  70
    32
  0
VERTEX
  8
0
  5
E254
 10
-0.578691
 20
0.0673743
 30
0.000000
  70
    32
  0
VERTEX
  8
0
  5
E255
 10
-0.579795
 20
0.0765353
 30
0.000000
  70
    32
  0
VERTEX
  8
0
  5
E256
 10
-0.581038
 20
0.0855120
 30
0.000000
  70
    32
  0
VERTEX
  8
0
  5
E257
 10
-0.582417
 20
0.0942826
 30
0.000000
  70
    32
  0
VERTEX
  8
0
  5
E258
 10
-0.583929
 20
0.102826
 30
0.000000
  70
    32
  0
VERTEX
  8
0
  5
E259
 10
-0.585570
 20
0.111122
 30
0.000000
  70
    32
  0
VERTEX
  8
0
  5
E25A
 10
-0.587337
 20
0.119150
 30
0.000000
  70
    32
  0
VERTEX
  8
0
  5
E25B
 10
-0.589224
 20
0.126890
 30
0.000000
  70
    32
  0
VERTEX
  8
0
  5
E25C
 10
-0.591228
 20
0.134325
 30
0.000000
  70
    32
  0
VERTEX
  8
0
  5
E25D
 10
-0.593343
 20
0.141437
 30
0.000000
  70
    32
  0
VERTEX
  8
0
  5
E25E
 10
-0.595565
 20
0.148207
 30
0.000000
  70
    32
  0
VERTEX
  8
0
  5
E25F
 10
-0.597887
 20
0.154621
 30
0.000000
  70
    32
  0
VERTEX
  8
0
  5
E260
 10
-0.600306
 20
0.160662
 30
0.000000
  70
    32
  0
VERTEX
  8
0
  5
E261
 10
-0.602814
 20
0.166316
 30
0.000000
  70
    32
  0
VERTEX
  8
0
  5
E262
 10
-0.605405
 20
0.171569
 30
0.000000
  70
    32
  0
VERTEX
  8
0
  5
E263
 10
-0.608074
 20
0.176409
 30
0.000000
  70
    32
  0
VERTEX
  8
0
  5
E264
 10
-0.610814
 20
0.180823
 30
0.000000
  70
    32
  0
VERTEX
  8
0
  5
E265
 10
-0.613619
 20
0.184802
 30
0.000000
  70
    32
  0
VERTEX
  8
0
  5
E266
 10
-0.616481
 20
0.188336
 30
0.000000
  70
    32
  0
VERTEX
  8
0
  5
E267
 10
-0.619393
 20
0.191416
 30
0.000000
  70
    32
  0
VERTEX
  8
0
  5
E268
 10
-0.622350
 20
0.194035
 30
0.000000
  70
    32
  0
VERTEX
  8
0
  5
E269
 10
-0.625343
 20
0.196187
 30
0.000000
  70
    32
  0
VERTEX
  8
0
  5
E26A
 10
-0.628365
 20
0.197865
 30
0.000000
  70
    32
  0
VERTEX
  8
0
  5
E26B
 10
-0.631410
 20
0.199067
 30
0.000000
  70
    32
  0
VERTEX
  8
0
  5
E26C
 10
-0.634469
 20
0.199790
 30
0.000000
  70
    32
  0
VERTEX
  8
0
  5
E26D
 10
-0.637536
 20
0.200031
 30
0.000000
  70
    32
  0
SEQEND
  8
0
  5
E26E
  0
POLYLINE
  5
DFFF
  8
0
 10
-0.887570120146609
 20
0.2000306627191732
 30
0.0
 66
     1
 70
     8
  0
VERTEX
  8
0
  5
E26F
 10
-0.887570
 20
0.200031
 30
0.000000
  70
    32
  0
VERTEX
  8
0
  5
E270
 10
-0.890638
 20
0.199790
 30
0.000000
  70
    32
  0
VERTEX
  8
0
  5
E271
 10
-0.893698
 20
0.199067
 30
0.000000
  70
    32
  0
VERTEX
  8
0
  5
E272
 10
-0.896744
 20
0.197865
 30
0.000000
  70
    32
  0
VERTEX
  8
0
  5
E273
 10
-0.899767
 20
0.196186
 30
0.000000
  70
    32
  0
VERTEX
  8
0
  5
E274
 10
-0.902761
 20
0.194034
 30
0.000000
  70
    32
  0
VERTEX
  8
0
  5
E275
 10
-0.905719
 20
0.191415
 30
0.000000
  70
    32
  0
VERTEX
  8
0
  5
E276
 10
-0.908633
 20
0.188335
 30
0.000000
  70
    32
  0
VERTEX
  8
0
  5
E277
 10
-0.911496
 20
0.184800
 30
0.000000
  70
    32
  0
VERTEX
  8
0
  5
E278
 10
-0.914301
 20
0.180821
 30
0.000000
  70
    32
  0
VERTEX
  8
0
  5
E279
 10
-0.917042
 20
0.176405
 30
0.000000
  70
    32
  0
VERTEX
  8
0
  5
E27A
 10
-0.919712
 20
0.171565
 30
0.000000
  70
    32
  0
VERTEX
  8
0
  5
E27B
 10
-0.922305
 20
0.166311
 30
0.000000
  70
    32
  0
VERTEX
  8
0
  5
E27C
 10
-0.924814
 20
0.160656
 30
0.000000
  70
    32
  0
VERTEX
  8
0
  5
E27D
 10
-0.927233
 20
0.154614
 30
0.000000
  70
    32
  0
VERTEX
  8
0
  5
E27E
 10
-0.929556
 20
0.148200
 30
0.000000
  70
    32
  0
VERTEX
  8
0
  5
E27F
 10
-0.931779
 20
0.141428
 30
0.000000
  70
    32
  0
VERTEX
  8
0
  5
E280
 10
-0.933895
 20
0.134316
 30
0.000000
  70
    32
  0
VERTEX
  8
0
  5
E281
 10
-0.935899
 20
0.126879
 30
0.000000
  70
    32
  0
VERTEX
  8
0
  5
E282
 10
-0.937787
 20
0.119137
 30
0.000000
  70
    32
  0
VERTEX
  8
0
  5
E283
 10
-0.939554
 20
0.111108
 30
0.000000
  70
    32
  0
VERTEX
  8
0
  5
E284
 10
-0.941196
 20
0.102811
 30
0.000000
  70
    32
  0
VERTEX
  8
0
  5
E285
 10
-0.942708
 20
0.0942667
 30
0.000000
  70
    32
  0
VERTEX
  8
0
  5
E286
 10
-0.944088
 20
0.0854948
 30
0.000000
  70
    32
  0
VERTEX
  8
0
  5
E287
 10
-0.945332
 20
0.0765168
 30
0.000000
  70
    32
  0
VERTEX
  8
0
  5
E288
 10
-0.946436
 20
0.0673543
 30
0.000000
  70
    32
  0
VERTEX
  8
0
  5
E289
 10
-0.947399
 20
0.0580295
 30
0.000000
  70
    32
  0
VERTEX
  8
0
  5
E28A
 10
-0.948217
 20
0.0485647
 30
0.000000
  70
    32
  0
VERTEX
  8
0
  5
E28B
 10
-0.948889
 20
0.0389828
 30
0.000000
  70
    32
  0
VERTEX
  8
0
  5
E28C
 10
-0.949414
 20
0.0293068
 30
0.000000
  70
    32
  0
VERTEX
  8
0
  5
E28D
 10
-0.949790
 20
0.0195602
 30
0.000000
  70
    32
  0
VERTEX
  8
0
  5
E28E
 10
-0.950015
 20
0.00976628
 30
0.000000
  70
    32
  0
VERTEX
  8
0
  5
E28F
 10
-0.950091
 20
-5.12766e-005
 30
0.000000
  70
    32
  0
VERTEX
  8
0
  5
E290
 10
-0.950016
 20
-0.00986883
 30
0.000000
  70
    32
  0
VERTEX
  8
0
  5
E291
 10
-0.949790
 20
-0.0196627
 30
0.000000
  70
    32
  0
VERTEX
  8
0
  5
E292
 10
-0.949414
 20
-0.0294094
 30
0.000000
  70
    32
  0
VERTEX
  8
0
  5
E293
 10
-0.948890
 20
-0.0390853
 30
0.000000
  70
    32
  0
VERTEX
  8
0
  5
E294
 10
-0.948217
 20
-0.0486672
 30
0.000000
  70
    32
  0
VERTEX
  8
0
  5
E295
 10
-0.947399
 20
-0.0581320
 30
0.000000
  70
    32
  0
VERTEX
  8
0
  5
E296
 10
-0.946436
 20
-0.0674569
 30
0.000000
  70
    32
  0
VERTEX
  8
0
  5
E297
 10
-0.945332
 20
-0.0766193
 30
0.000000
  70
    32
  0
VERTEX
  8
0
  5
E298
 10
-0.944088
 20
-0.0855973
 30
0.000000
  70
    32
  0
VERTEX
  8
0
  5
E299
 10
-0.942709
 20
-0.0943693
 30
0.000000
  70
    32
  0
VERTEX
  8
0
  5
E29A
 10
-0.941196
 20
-0.102914
 30
0.000000
  70
    32
  0
VERTEX
  8
0
  5
E29B
 10
-0.939554
 20
-0.111211
 30
0.000000
  70
    32
  0
VERTEX
  8
0
  5
E29C
 10
-0.937787
 20
-0.119240
 30
0.000000
  70
    32
  0
VERTEX
  8
0
  5
E29D
 10
-0.935899
 20
-0.126982
 30
0.000000
  70
    32
  0
VERTEX
  8
0
  5
E29E
 10
-0.933895
 20
-0.134418
 30
0.000000
  70
    32
  0
VERTEX
  8
0
  5
E29F
 10
-0.931779
 20
-0.141531
 30
0.000000
  70
    32
  0
VERTEX
  8
0
  5
E2A0
 10
-0.929557
 20
-0.148302
 30
0.000000
  70
    32
  0
VERTEX
  8
0
  5
E2A1
 10
-0.927233
 20
-0.154717
 30
0.000000
  70
    32
  0
VERTEX
  8
0
  5
E2A2
 10
-0.924814
 20
-0.160759
 30
0.000000
  70
    32
  0
VERTEX
  8
0
  5
E2A3
 10
-0.922305
 20
-0.166413
 30
0.000000
  70
    32
  0
VERTEX
  8
0
  5
E2A4
 10
-0.919712
 20
-0.171667
 30
0.000000
  70
    32
  0
VERTEX
  8
0
  5
E2A5
 10
-0.917042
 20
-0.176508
 30
0.000000
  70
    32
  0
VERTEX
  8
0
  5
E2A6
 10
-0.914301
 20
-0.180923
 30
0.000000
  70
    32
  0
VERTEX
  8
0
  5
E2A7
 10
-0.911496
 20
-0.184903
 30
0.000000
  70
    32
  0
VERTEX
  8
0
  5
E2A8
 10
-0.908633
 20
-0.188437
 30
0.000000
  70
    32
  0
VERTEX
  8
0
  5
E2A9
 10
-0.905719
 20
-0.191518
 30
0.000000
  70
    32
  0
VERTEX
  8
0
  5
E2AA
 10
-0.902762
 20
-0.194137
 30
0.000000
  70
    32
  0
VERTEX
  8
0
  5
E2AB
 10
-0.899768
 20
-0.196289
 30
0.000000
  70
    32
  0
VERTEX
  8
0
  5
E2AC
 10
-0.896744
 20
-0.197968
 30
0.000000
  70
    32
  0
VERTEX
  8
0
  5
E2AD
 10
-0.893698
 20
-0.199170
 30
0.000000
  70
    32
  0
VERTEX
  8
0
  5
E2AE
 10
-0.890638
 20
-0.199892
 30
0.000000
  70
    32
  0
VERTEX
  8
0
  5
E2AF
 10
-0.887570
 20
-0.200133
 30
0.000000
  70
    32
  0
VERTEX
  8
0
  5
E2B0
 10
-0.884503
 20
-0.199892
 30
0.000000
  70
    32
  0
VERTEX
  8
0
  5
E2B1
 10
-0.881442
 20
-0.199170
 30
0.000000
  70
    32
  0
VERTEX
  8
0
  5
E2B2
 10
-0.878397
 20
-0.197968
 30
0.000000
  70
    32
  0
VERTEX
  8
0
  5
E2B3
 10
-0.875373
 20
-0.196289
 30
0.000000
  70
    32
  0
VERTEX
  8
0
  5
E2B4
 10
-0.872379
 20
-0.194137
 30
0.000000
  70
    32
  0
VERTEX
  8
0
  5
E2B5
 10
-0.869422
 20
-0.191518
 30
0.000000
  70
    32
  0
VERTEX
  8
0
  5
E2B6
 10
-0.866508
 20
-0.188437
 30
0.000000
  70
    32
  0
VERTEX
  8
0
  5
E2B7
 10
-0.863645
 20
-0.184903
 30
0.000000
  70
    32
  0
VERTEX
  8
0
  5
E2B8
 10
-0.860839
 20
-0.180923
 30
0.000000
  70
    32
  0
VERTEX
  8
0
  5
E2B9
 10
-0.858098
 20
-0.176508
 30
0.000000
  70
    32
  0
VERTEX
  8
0
  5
E2BA
 10
-0.855428
 20
-0.171667
 30
0.000000
  70
    32
  0
VERTEX
  8
0
  5
E2BB
 10
-0.852836
 20
-0.166413
 30
0.000000
  70
    32
  0
VERTEX
  8
0
  5
E2BC
 10
-0.850327
 20
-0.160759
 30
0.000000
  70
    32
  0
VERTEX
  8
0
  5
E2BD
 10
-0.847908
 20
-0.154717
 30
0.000000
  70
    32
  0
VERTEX
  8
0
  5
E2BE
 10
-0.845584
 20
-0.148302
 30
0.000000
  70
    32
  0
VERTEX
  8
0
  5
E2BF
 10
-0.843362
 20
-0.141531
 30
0.000000
  70
    32
  0
VERTEX
  8
0
  5
E2C0
 10
-0.841246
 20
-0.134418
 30
0.000000
  70
    32
  0
VERTEX
  8
0
  5
E2C1
 10
-0.839241
 20
-0.126982
 30
0.000000
  70
    32
  0
VERTEX
  8
0
  5
E2C2
 10
-0.837353
 20
-0.119240
 30
0.000000
  70
    32
  0
VERTEX
  8
0
  5
E2C3
 10
-0.835586
 20
-0.111211
 30
0.000000
  70
    32
  0
VERTEX
  8
0
  5
E2C4
 10
-0.833945
 20
-0.102914
 30
0.000000
  70
    32
  0
VERTEX
  8
0
  5
E2C5
 10
-0.832432
 20
-0.0943693
 30
0.000000
  70
    32
  0
VERTEX
  8
0
  5
E2C6
 10
-0.831052
 20
-0.0855974
 30
0.000000
  70
    32
  0
VERTEX
  8
0
  5
E2C7
 10
-0.829809
 20
-0.0766194
 30
0.000000
  70
    32
  0
VERTEX
  8
0
  5
E2C8
 10
-0.828704
 20
-0.0674569
 30
0.000000
  70
    32
  0
VERTEX
  8
0
  5
E2C9
 10
-0.827742
 20
-0.0581321
 30
0.000000
  70
    32
  0
VERTEX
  8
0
  5
E2CA
 10
-0.826923
 20
-0.0486673
 30
0.000000
  70
    32
  0
VERTEX
  8
0
  5
E2CB
 10
-0.826251
 20
-0.0390854
 30
0.000000
  70
    32
  0
VERTEX
  8
0
  5
E2CC
 10
-0.825726
 20
-0.0294095
 30
0.000000
  70
    32
  0
VERTEX
  8
0
  5
E2CD
 10
-0.825351
 20
-0.0196628
 30
0.000000
  70
    32
  0
VERTEX
  8
0
  5
E2CE
 10
-0.825125
 20
-0.00986891
 30
0.000000
  70
    32
  0
VERTEX
  8
0
  5
E2CF
 10
-0.825050
 20
-5.13495e-005
 30
0.000000
  70
    32
  0
VERTEX
  8
0
  5
E2D0
 10
-0.825125
 20
0.00976621
 30
0.000000
  70
    32
  0
VERTEX
  8
0
  5
E2D1
 10
-0.825351
 20
0.0195601
 30
0.000000
  70
    32
  0
VERTEX
  8
0
  5
E2D2
 10
-0.825726
 20
0.0293068
 30
0.000000
  70
    32
  0
VERTEX
  8
0
  5
E2D3
 10
-0.826251
 20
0.0389827
 30
0.000000
  70
    32
  0
VERTEX
  8
0
  5
E2D4
 10
-0.826923
 20
0.0485646
 30
0.000000
  70
    32
  0
VERTEX
  8
0
  5
E2D5
 10
-0.827742
 20
0.0580294
 30
0.000000
  70
    32
  0
VERTEX
  8
0
  5
E2D6
 10
-0.828704
 20
0.0673542
 30
0.000000
  70
    32
  0
VERTEX
  8
0
  5
E2D7
 10
-0.829809
 20
0.0765167
 30
0.000000
  70
    32
  0
VERTEX
  8
0
  5
E2D8
 10
-0.831052
 20
0.0854947
 30
0.000000
  70
    32
  0
VERTEX
  8
0
  5
E2D9
 10
-0.832432
 20
0.0942666
 30
0.000000
  70
    32
  0
VERTEX
  8
0
  5
E2DA
 10
-0.833944
 20
0.102811
 30
0.000000
  70
    32
  0
VERTEX
  8
0
  5
E2DB
 10
-0.835586
 20
0.111108
 30
0.000000
  70
    32
  0
VERTEX
  8
0
  5
E2DC
 10
-0.837353
 20
0.119137
 30
0.000000
  70
    32
  0
VERTEX
  8
0
  5
E2DD
 10
-0.839241
 20
0.126879
 30
0.000000
  70
    32
  0
VERTEX
  8
0
  5
E2DE
 10
-0.841245
 20
0.134316
 30
0.000000
  70
    32
  0
VERTEX
  8
0
  5
E2DF
 10
-0.843361
 20
0.141428
 30
0.000000
  70
    32
  0
VERTEX
  8
0
  5
E2E0
 10
-0.845584
 20
0.148200
 30
0.000000
  70
    32
  0
VERTEX
  8
0
  5
E2E1
 10
-0.847908
 20
0.154614
 30
0.000000
  70
    32
  0
VERTEX
  8
0
  5
E2E2
 10
-0.850327
 20
0.160656
 30
0.000000
  70
    32
  0
VERTEX
  8
0
  5
E2E3
 10
-0.852836
 20
0.166311
 30
0.000000
  70
    32
  0
VERTEX
  8
0
  5
E2E4
 10
-0.855428
 20
0.171565
 30
0.000000
  70
    32
  0
VERTEX
  8
0
  5
E2E5
 10
-0.858098
 20
0.176405
 30
0.000000
  70
    32
  0
VERTEX
  8
0
  5
E2E6
 10
-0.860839
 20
0.180821
 30
0.000000
  70
    32
  0
VERTEX
  8
0
  5
E2E7
 10
-0.863645
 20
0.184800
 30
0.000000
  70
    32
  0
VERTEX
  8
0
  5
E2E8
 10
-0.866508
 20
0.188335
 30
0.000000
  70
    32
  0
VERTEX
  8
0
  5
E2E9
 10
-0.869421
 20
0.191415
 30
0.000000
  70
    32
  0
VERTEX
  8
0
  5
E2EA
 10
-0.872379
 20
0.194034
 30
0.000000
  70
    32
  0
VERTEX
  8
0
  5
E2EB
 10
-0.875373
 20
0.196186
 30
0.000000
  70
    32
  0
VERTEX
  8
0
  5
E2EC
 10
-0.878396
 20
0.197865
 30
0.000000
  70
    32
  0
VERTEX
  8
0
  5
E2ED
 10
-0.881442
 20
0.199067
 30
0.000000
  70
    32
  0
VERTEX
  8
0
  5
E2EE
 10
-0.884502
 20
0.199790
 30
0.000000
  70
    32
  0
VERTEX
  8
0
  5
E2EF
 10
-0.887570
 20
0.200031
 30
0.000000
  70
    32
  0
SEQEND
  8
0
  5
E2F0
  0
POLYLINE
  5
E000
  8
0
 10
-1.0125888338656042
 20
0.200030735549308
 30
0.0
 66
     1
 70
     8
  0
VERTEX
  8
0
  5
E2F1
 10
-1.01259
 20
0.200031
 30
0.000000
  70
    32
  0
VERTEX
  8
0
  5
E2F2
 10
-1.01566
 20
0.199790
 30
0.000000
  70
    32
  0
VERTEX
  8
0
  5
E2F3
 10
-1.01871
 20
0.199067
 30
0.000000
  70
    32
  0
VERTEX
  8
0
  5
E2F4
 10
-1.02176
 20
0.197865
 30
0.000000
  70
    32
  0
VERTEX
  8
0
  5
E2F5
 10
-1.02478
 20
0.196186
 30
0.000000
  70
    32
  0
VERTEX
  8
0
  5
E2F6
 10
-1.02777
 20
0.194034
 30
0.000000
  70
    32
  0
VERTEX
  8
0
  5
E2F7
 10
-1.03073
 20
0.191415
 30
0.000000
  70
    32
  0
VERTEX
  8
0
  5
E2F8
 10
-1.03364
 20
0.188334
 30
0.000000
  70
    32
  0
VERTEX
  8
0
  5
E2F9
 10
-1.03650
 20
0.184799
 30
0.000000
  70
    32
  0
VERTEX
  8
0
  5
E2FA
 10
-1.03931
 20
0.180819
 30
0.000000
  70
    32
  0
VERTEX
  8
0
  5
E2FB
 10
-1.04205
 20
0.176404
 30
0.000000
  70
    32
  0
VERTEX
  8
0
  5
E2FC
 10
-1.04472
 20
0.171563
 30
0.000000
  70
    32
  0
VERTEX
  8
0
  5
E2FD
 10
-1.04731
 20
0.166308
 30
0.000000
  70
    32
  0
VERTEX
  8
0
  5
E2FE
 10
-1.04981
 20
0.160653
 30
0.000000
  70
    32
  0
VERTEX
  8
0
  5
E2FF
 10
-1.05223
 20
0.154611
 30
0.000000
  70
    32
  0
VERTEX
  8
0
  5
E300
 10
-1.05455
 20
0.148196
 30
0.000000
  70
    32
  0
VERTEX
  8
0
  5
E301
 10
-1.05678
 20
0.141424
 30
0.000000
  70
    32
  0
VERTEX
  8
0
  5
E302
 10
-1.05889
 20
0.134311
 30
0.000000
  70
    32
  0
VERTEX
  8
0
  5
E303
 10
-1.06089
 20
0.126874
 30
0.000000
  70
    32
  0
VERTEX
  8
0
  5
E304
 10
-1.06278
 20
0.119131
 30
0.000000
  70
    32
  0
VERTEX
  8
0
  5
E305
 10
-1.06455
 20
0.111102
 30
0.000000
  70
    32
  0
VERTEX
  8
0
  5
E306
 10
-1.06619
 20
0.102804
 30
0.000000
  70
    32
  0
VERTEX
  8
0
  5
E307
 10
-1.06770
 20
0.0942587
 30
0.000000
  70
    32
  0
VERTEX
  8
0
  5
E308
 10
-1.06908
 20
0.0854862
 30
0.000000
  70
    32
  0
VERTEX
  8
0
  5
E309
 10
-1.07032
 20
0.0765075
 30
0.000000
  70
    32
  0
VERTEX
  8
0
  5
E30A
 10
-1.07143
 20
0.0673443
 30
0.000000
  70
    32
  0
VERTEX
  8
0
  5
E30B
 10
-1.07239
 20
0.0580187
 30
0.000000
  70
    32
  0
VERTEX
  8
0
  5
E30C
 10
-1.07321
 20
0.0485532
 30
0.000000
  70
    32
  0
VERTEX
  8
0
  5
E30D
 10
-1.07388
 20
0.0389706
 30
0.000000
  70
    32
  0
VERTEX
  8
0
  5
E30E
 10
-1.07440
 20
0.0292939
 30
0.000000
  70
    32
  0
VERTEX
  8
0
  5
E30F
 10
-1.07478
 20
0.0195465
 30
0.000000
  70
    32
  0
VERTEX
  8
0
  5
E310
 10
-1.07500
 20
0.00975189
 30
0.000000
  70
    32
  0
VERTEX
  8
0
  5
E311
 10
-1.07508
 20
-6.64151e-005
 30
0.000000
  70
    32
  0
VERTEX
  8
0
  5
E312
 10
-1.07500
 20
-0.00988472
 30
0.000000
  70
    32
  0
VERTEX
  8
0
  5
E313
 10
-1.07478
 20
-0.0196794
 30
0.000000
  70
    32
  0
VERTEX
  8
0
  5
E314
 10
-1.07440
 20
-0.0294268
 30
0.000000
  70
    32
  0
VERTEX
  8
0
  5
E315
 10
-1.07388
 20
-0.0391034
 30
0.000000
  70
    32
  0
VERTEX
  8
0
  5
E316
 10
-1.07321
 20
-0.0486861
 30
0.000000
  70
    32
  0
VERTEX
  8
0
  5
E317
 10
-1.07239
 20
-0.0581516
 30
0.000000
  70
    32
  0
VERTEX
  8
0
  5
E318
 10
-1.07143
 20
-0.0674771
 30
0.000000
  70
    32
  0
VERTEX
  8
0
  5
E319
 10
-1.07032
 20
-0.0766403
 30
0.000000
  70
    32
  0
VERTEX
  8
0
  5
E31A
 10
-1.06908
 20
-0.0856190
 30
0.000000
  70
    32
  0
VERTEX
  8
0
  5
E31B
 10
-1.06770
 20
-0.0943916
 30
0.000000
  70
    32
  0
VERTEX
  8
0
  5
E31C
 10
-1.06619
 20
-0.102937
 30
0.000000
  70
    32
  0
VERTEX
  8
0
  5
E31D
 10
-1.06455
 20
-0.111234
 30
0.000000
  70
    32
  0
VERTEX
  8
0
  5
E31E
 10
-1.06278
 20
-0.119264
 30
0.000000
  70
    32
  0
VERTEX
  8
0
  5
E31F
 10
-1.06089
 20
-0.127007
 30
0.000000
  70
    32
  0
VERTEX
  8
0
  5
E320
 10
-1.05889
 20
-0.134443
 30
0.000000
  70
    32
  0
VERTEX
  8
0
  5
E321
 10
-1.05678
 20
-0.141557
 30
0.000000
  70
    32
  0
VERTEX
  8
0
  5
E322
 10
-1.05455
 20
-0.148329
 30
0.000000
  70
    32
  0
VERTEX
  8
0
  5
E323
 10
-1.05223
 20
-0.154744
 30
0.000000
  70
    32
  0
VERTEX
  8
0
  5
E324
 10
-1.04981
 20
-0.160786
 30
0.000000
  70
    32
  0
VERTEX
  8
0
  5
E325
 10
-1.04731
 20
-0.166441
 30
0.000000
  70
    32
  0
VERTEX
  8
0
  5
E326
 10
-1.04472
 20
-0.171696
 30
0.000000
  70
    32
  0
VERTEX
  8
0
  5
E327
 10
-1.04205
 20
-0.176536
 30
0.000000
  70
    32
  0
VERTEX
  8
0
  5
E328
 10
-1.03931
 20
-0.180952
 30
0.000000
  70
    32
  0
VERTEX
  8
0
  5
E329
 10
-1.03650
 20
-0.184932
 30
0.000000
  70
    32
  0
VERTEX
  8
0
  5
E32A
 10
-1.03364
 20
-0.188467
 30
0.000000
  70
    32
  0
VERTEX
  8
0
  5
E32B
 10
-1.03073
 20
-0.191548
 30
0.000000
  70
    32
  0
VERTEX
  8
0
  5
E32C
 10
-1.02777
 20
-0.194167
 30
0.000000
  70
    32
  0
VERTEX
  8
0
  5
E32D
 10
-1.02478
 20
-0.196319
 30
0.000000
  70
    32
  0
VERTEX
  8
0
  5
E32E
 10
-1.02176
 20
-0.197998
 30
0.000000
  70
    32
  0
VERTEX
  8
0
  5
E32F
 10
-1.01871
 20
-0.199200
 30
0.000000
  70
    32
  0
VERTEX
  8
0
  5
E330
 10
-1.01566
 20
-0.199923
 30
0.000000
  70
    32
  0
VERTEX
  8
0
  5
E331
 10
-1.01259
 20
-0.200164
 30
0.000000
  70
    32
  0
VERTEX
  8
0
  5
E332
 10
-1.00952
 20
-0.199923
 30
0.000000
  70
    32
  0
VERTEX
  8
0
  5
E333
 10
-1.00646
 20
-0.199200
 30
0.000000
  70
    32
  0
VERTEX
  8
0
  5
E334
 10
-1.00342
 20
-0.197998
 30
0.000000
  70
    32
  0
VERTEX
  8
0
  5
E335
 10
-1.00040
 20
-0.196319
 30
0.000000
  70
    32
  0
VERTEX
  8
0
  5
E336
 10
-0.997405
 20
-0.194167
 30
0.000000
  70
    32
  0
VERTEX
  8
0
  5
E337
 10
-0.994449
 20
-0.191548
 30
0.000000
  70
    32
  0
VERTEX
  8
0
  5
E338
 10
-0.991537
 20
-0.188467
 30
0.000000
  70
    32
  0
VERTEX
  8
0
  5
E339
 10
-0.988675
 20
-0.184932
 30
0.000000
  70
    32
  0
VERTEX
  8
0
  5
E33A
 10
-0.985871
 20
-0.180952
 30
0.000000
  70
    32
  0
VERTEX
  8
0
  5
E33B
 10
-0.983131
 20
-0.176536
 30
0.000000
  70
    32
  0
VERTEX
  8
0
  5
E33C
 10
-0.980463
 20
-0.171696
 30
0.000000
  70
    32
  0
VERTEX
  8
0
  5
E33D
 10
-0.977871
 20
-0.166441
 30
0.000000
  70
    32
  0
VERTEX
  8
0
  5
E33E
 10
-0.975364
 20
-0.160786
 30
0.000000
  70
    32
  0
VERTEX
  8
0
  5
E33F
 10
-0.972946
 20
-0.154744
 30
0.000000
  70
    32
  0
VERTEX
  8
0
  5
E340
 10
-0.970623
 20
-0.148329
 30
0.000000
  70
    32
  0
VERTEX
  8
0
  5
E341
 10
-0.968402
 20
-0.141557
 30
0.000000
  70
    32
  0
VERTEX
  8
0
  5
E342
 10
-0.966287
 20
-0.134444
 30
0.000000
  70
    32
  0
VERTEX
  8
0
  5
E343
 10
-0.964283
 20
-0.127007
 30
0.000000
  70
    32
  0
VERTEX
  8
0
  5
E344
 10
-0.962396
 20
-0.119264
 30
0.000000
  70
    32
  0
VERTEX
  8
0
  5
E345
 10
-0.960630
 20
-0.111235
 30
0.000000
  70
    32
  0
VERTEX
  8
0
  5
E346
 10
-0.958989
 20
-0.102937
 30
0.000000
  70
    32
  0
VERTEX
  8
0
  5
E347
 10
-0.957478
 20
-0.0943916
 30
0.000000
  70
    32
  0
VERTEX
  8
0
  5
E348
 10
-0.956099
 20
-0.0856191
 30
0.000000
  70
    32
  0
VERTEX
  8
0
  5
E349
 10
-0.954856
 20
-0.0766404
 30
0.000000
  70
    32
  0
VERTEX
  8
0
  5
E34A
 10
-0.953752
 20
-0.0674772
 30
0.000000
  70
    32
  0
VERTEX
  8
0
  5
E34B
 10
-0.952790
 20
-0.0581516
 30
0.000000
  70
    32
  0
VERTEX
  8
0
  5
E34C
 10
-0.951972
 20
-0.0486861
 30
0.000000
  70
    32
  0
VERTEX
  8
0
  5
E34D
 10
-0.951300
 20
-0.0391035
 30
0.000000
  70
    32
  0
VERTEX
  8
0
  5
E34E
 10
-0.950775
 20
-0.0294268
 30
0.000000
  70
    32
  0
VERTEX
  8
0
  5
E34F
 10
-0.950400
 20
-0.0196794
 30
0.000000
  70
    32
  0
VERTEX
  8
0
  5
E350
 10
-0.950174
 20
-0.00988479
 30
0.000000
  70
    32
  0
VERTEX
  8
0
  5
E351
 10
-0.950099
 20
-6.64879e-005
 30
0.000000
  70
    32
  0
VERTEX
  8
0
  5
E352
 10
-0.950174
 20
0.00975182
 30
0.000000
  70
    32
  0
VERTEX
  8
0
  5
E353
 10
-0.950400
 20
0.0195465
 30
0.000000
  70
    32
  0
VERTEX
  8
0
  5
E354
 10
-0.950775
 20
0.0292939
 30
0.000000
  70
    32
  0
VERTEX
  8
0
  5
E355
 10
-0.951299
 20
0.0389705
 30
0.000000
  70
    32
  0
VERTEX
  8
0
  5
E356
 10
-0.951972
 20
0.0485532
 30
0.000000
  70
    32
  0
VERTEX
  8
0
  5
E357
 10
-0.952790
 20
0.0580187
 30
0.000000
  70
    32
  0
VERTEX
  8
0
  5
E358
 10
-0.953752
 20
0.0673442
 30
0.000000
  70
    32
  0
VERTEX
  8
0
  5
E359
 10
-0.954856
 20
0.0765074
 30
0.000000
  70
    32
  0
VERTEX
  8
0
  5
E35A
 10
-0.956098
 20
0.0854861
 30
0.000000
  70
    32
  0
VERTEX
  8
0
  5
E35B
 10
-0.957477
 20
0.0942587
 30
0.000000
  70
    32
  0
VERTEX
  8
0
  5
E35C
 10
-0.958989
 20
0.102804
 30
0.000000
  70
    32
  0
VERTEX
  8
0
  5
E35D
 10
-0.960630
 20
0.111102
 30
0.000000
  70
    32
  0
VERTEX
  8
0
  5
E35E
 10
-0.962396
 20
0.119131
 30
0.000000
  70
    32
  0
VERTEX
  8
0
  5
E35F
 10
-0.964283
 20
0.126874
 30
0.000000
  70
    32
  0
VERTEX
  8
0
  5
E360
 10
-0.966287
 20
0.134311
 30
0.000000
  70
    32
  0
VERTEX
  8
0
  5
E361
 10
-0.968402
 20
0.141424
 30
0.000000
  70
    32
  0
VERTEX
  8
0
  5
E362
 10
-0.970623
 20
0.148196
 30
0.000000
  70
    32
  0
VERTEX
  8
0
  5
E363
 10
-0.972946
 20
0.154611
 30
0.000000
  70
    32
  0
VERTEX
  8
0
  5
E364
 10
-0.975364
 20
0.160653
 30
0.000000
  70
    32
  0
VERTEX
  8
0
  5
E365
 10
-0.977871
 20
0.166308
 30
0.000000
  70
    32
  0
VERTEX
  8
0
  5
E366
 10
-0.980462
 20
0.171563
 30
0.000000
  70
    32
  0
VERTEX
  8
0
  5
E367
 10
-0.983131
 20
0.176403
 30
0.000000
  70
    32
  0
VERTEX
  8
0
  5
E368
 10
-0.985871
 20
0.180819
 30
0.000000
  70
    32
  0
VERTEX
  8
0
  5
E369
 10
-0.988675
 20
0.184799
 30
0.000000
  70
    32
  0
VERTEX
  8
0
  5
E36A
 10
-0.991537
 20
0.188334
 30
0.000000
  70
    32
  0
VERTEX
  8
0
  5
E36B
 10
-0.994449
 20
0.191415
 30
0.000000
  70
    32
  0
VERTEX
  8
0
  5
E36C
 10
-0.997405
 20
0.194034
 30
0.000000
  70
    32
  0
VERTEX
  8
0
  5
E36D
 10
-1.00040
 20
0.196186
 30
0.000000
  70
    32
  0
VERTEX
  8
0
  5
E36E
 10
-1.00342
 20
0.197865
 30
0.000000
  70
    32
  0
VERTEX
  8
0
  5
E36F
 10
-1.00646
 20
0.199067
 30
0.000000
  70
    32
  0
VERTEX
  8
0
  5
E370
 10
-1.00952
 20
0.199790
 30
0.000000
  70
    32
  0
VERTEX
  8
0
  5
E371
 10
-1.01259
 20
0.200031
 30
0.000000
  70
    32
  0
SEQEND
  8
0
  5
E372
  0
POLYLINE
  5
E001
  8
0
 10
-0.7625464525864324
 20
0.2000305898861518
 30
0.0
 66
     1
 70
     8
  0
VERTEX
  8
0
  5
E373
 10
-0.762546
 20
0.200031
 30
0.000000
  70
    32
  0
VERTEX
  8
0
  5
E374
 10
-0.765613
 20
0.199790
 30
0.000000
  70
    32
  0
VERTEX
  8
0
  5
E375
 10
-0.768672
 20
0.199067
 30
0.000000
  70
    32
  0
VERTEX
  8
0
  5
E376
 10
-0.771717
 20
0.197865
 30
0.000000
  70
    32
  0
VERTEX
  8
0
  5
E377
 10
-0.774739
 20
0.196186
 30
0.000000
  70
    32
  0
VERTEX
  8
0
  5
E378
 10
-0.777732
 20
0.194035
 30
0.000000
  70
    32
  0
VERTEX
  8
0
  5
E379
 10
-0.780689
 20
0.191416
 30
0.000000
  70
    32
  0
VERTEX
  8
0
  5
E37A
 10
-0.783601
 20
0.188336
 30
0.000000
  70
    32
  0
VERTEX
  8
0
  5
E37B
 10
-0.786463
 20
0.184802
 30
0.000000
  70
    32
  0
VERTEX
  8
0
  5
E37C
 10
-0.789268
 20
0.180822
 30
0.000000
  70
    32
  0
VERTEX
  8
0
  5
E37D
 10
-0.792008
 20
0.176407
 30
0.000000
  70
    32
  0
VERTEX
  8
0
  5
E37E
 10
-0.794677
 20
0.171567
 30
0.000000
  70
    32
  0
VERTEX
  8
0
  5
E37F
 10
-0.797268
 20
0.166314
 30
0.000000
  70
    32
  0
VERTEX
  8
0
  5
E380
 10
-0.799776
 20
0.160660
 30
0.000000
  70
    32
  0
VERTEX
  8
0
  5
E381
 10
-0.802195
 20
0.154618
 30
0.000000
  70
    32
  0
VERTEX
  8
0
  5
E382
 10
-0.804518
 20
0.148204
 30
0.000000
  70
    32
  0
VERTEX
  8
0
  5
E383
 10
-0.806739
 20
0.141433
 30
0.000000
  70
    32
  0
VERTEX
  8
0
  5
E384
 10
-0.808854
 20
0.134322
 30
0.000000
  70
    32
  0
VERTEX
  8
0
  5
E385
 10
-0.810858
 20
0.126886
 30
0.000000
  70
    32
  0
VERTEX
  8
0
  5
E386
 10
-0.812745
 20
0.119145
 30
0.000000
  70
    32
  0
VERTEX
  8
0
  5
E387
 10
-0.814512
 20
0.111117
 30
0.000000
  70
    32
  0
VERTEX
  8
0
  5
E388
 10
-0.816153
 20
0.102820
 30
0.000000
  70
    32
  0
VERTEX
  8
0
  5
E389
 10
-0.817665
 20
0.0942765
 30
0.000000
  70
    32
  0
VERTEX
  8
0
  5
E38A
 10
-0.819044
 20
0.0855054
 30
0.000000
  70
    32
  0
VERTEX
  8
0
  5
E38B
 10
-0.820287
 20
0.0765283
 30
0.000000
  70
    32
  0
VERTEX
  8
0
  5
E38C
 10
-0.821391
 20
0.0673666
 30
0.000000
  70
    32
  0
VERTEX
  8
0
  5
E38D
 10
-0.822353
 20
0.0580427
 30
0.000000
  70
    32
  0
VERTEX
  8
0
  5
E38E
 10
-0.823172
 20
0.0485788
 30
0.000000
  70
    32
  0
VERTEX
  8
0
  5
E38F
 10
-0.823844
 20
0.0389978
 30
0.000000
  70
    32
  0
VERTEX
  8
0
  5
E390
 10
-0.824368
 20
0.0293227
 30
0.000000
  70
    32
  0
VERTEX
  8
0
  5
E391
 10
-0.824744
 20
0.0195770
 30
0.000000
  70
    32
  0
VERTEX
  8
0
  5
E392
 10
-0.824969
 20
0.00978400
 30
0.000000
  70
    32
  0
VERTEX
  8
0
  5
E393
 10
-0.825045
 20
-3.26384e-005
 30
0.000000
  70
    32
  0
VERTEX
  8
0
  5
E394
 10
-0.824969
 20
-0.00984928
 30
0.000000
  70
    32
  0
VERTEX
  8
0
  5
E395
 10
-0.824744
 20
-0.0196423
 30
0.000000
  70
    32
  0
VERTEX
  8
0
  5
E396
 10
-0.824368
 20
-0.0293880
 30
0.000000
  70
    32
  0
VERTEX
  8
0
  5
E397
 10
-0.823844
 20
-0.0390630
 30
0.000000
  70
    32
  0
VERTEX
  8
0
  5
E398
 10
-0.823172
 20
-0.0486440
 30
0.000000
  70
    32
  0
VERTEX
  8
0
  5
E399
 10
-0.822353
 20
-0.0581079
 30
0.000000
  70
    32
  0
VERTEX
  8
0
  5
E39A
 10
-0.821391
 20
-0.0674319
 30
0.000000
  70
    32
  0
VERTEX
  8
0
  5
E39B
 10
-0.820287
 20
-0.0765935
 30
0.000000
  70
    32
  0
VERTEX
  8
0
  5
E39C
 10
-0.819044
 20
-0.0855707
 30
0.000000
  70
    32
  0
VERTEX
  8
0
  5
E39D
 10
-0.817665
 20
-0.0943418
 30
0.000000
  70
    32
  0
VERTEX
  8
0
  5
E39E
 10
-0.816153
 20
-0.102886
 30
0.000000
  70
    32
  0
VERTEX
  8
0
  5
E39F
 10
-0.814512
 20
-0.111182
 30
0.000000
  70
    32
  0
VERTEX
  8
0
  5
E3A0
 10
-0.812745
 20
-0.119210
 30
0.000000
  70
    32
  0
VERTEX
  8
0
  5
E3A1
 10
-0.810858
 20
-0.126951
 30
0.000000
  70
    32
  0
VERTEX
  8
0
  5
E3A2
 10
-0.808855
 20
-0.134387
 30
0.000000
  70
    32
  0
VERTEX
  8
0
  5
E3A3
 10
-0.806739
 20
-0.141499
 30
0.000000
  70
    32
  0
VERTEX
  8
0
  5
E3A4
 10
-0.804518
 20
-0.148270
 30
0.000000
  70
    32
  0
VERTEX
  8
0
  5
E3A5
 10
-0.802195
 20
-0.154684
 30
0.000000
  70
    32
  0
VERTEX
  8
0
  5
E3A6
 10
-0.799777
 20
-0.160725
 30
0.000000
  70
    32
  0
VERTEX
  8
0
  5
E3A7
 10
-0.797269
 20
-0.166379
 30
0.000000
  70
    32
  0
VERTEX
  8
0
  5
E3A8
 10
-0.794677
 20
-0.171633
 30
0.000000
  70
    32
  0
VERTEX
  8
0
  5
E3A9
 10
-0.792008
 20
-0.176473
 30
0.000000
  70
    32
  0
VERTEX
  8
0
  5
E3AA
 10
-0.789268
 20
-0.180888
 30
0.000000
  70
    32
  0
VERTEX
  8
0
  5
E3AB
 10
-0.786464
 20
-0.184867
 30
0.000000
  70
    32
  0
VERTEX
  8
0
  5
E3AC
 10
-0.783602
 20
-0.188401
 30
0.000000
  70
    32
  0
VERTEX
  8
0
  5
E3AD
 10
-0.780689
 20
-0.191481
 30
0.000000
  70
    32
  0
VERTEX
  8
0
  5
E3AE
 10
-0.777732
 20
-0.194100
 30
0.000000
  70
    32
  0
VERTEX
  8
0
  5
E3AF
 10
-0.774739
 20
-0.196252
 30
0.000000
  70
    32
  0
VERTEX
  8
0
  5
E3B0
 10
-0.771717
 20
-0.197931
 30
0.000000
  70
    32
  0
VERTEX
  8
0
  5
E3B1
 10
-0.768673
 20
-0.199133
 30
0.000000
  70
    32
  0
VERTEX
  8
0
  5
E3B2
 10
-0.765613
 20
-0.199855
 30
0.000000
  70
    32
  0
VERTEX
  8
0
  5
E3B3
 10
-0.762547
 20
-0.200096
 30
0.000000
  70
    32
  0
VERTEX
  8
0
  5
E3B4
 10
-0.759480
 20
-0.199855
 30
0.000000
  70
    32
  0
VERTEX
  8
0
  5
E3B5
 10
-0.756421
 20
-0.199133
 30
0.000000
  70
    32
  0
VERTEX
  8
0
  5
E3B6
 10
-0.753376
 20
-0.197931
 30
0.000000
  70
    32
  0
VERTEX
  8
0
  5
E3B7
 10
-0.750354
 20
-0.196252
 30
0.000000
  70
    32
  0
VERTEX
  8
0
  5
E3B8
 10
-0.747361
 20
-0.194100
 30
0.000000
  70
    32
  0
VERTEX
  8
0
  5
E3B9
 10
-0.744404
 20
-0.191481
 30
0.000000
  70
    32
  0
VERTEX
  8
0
  5
E3BA
 10
-0.741492
 20
-0.188401
 30
0.000000
  70
    32
  0
VERTEX
  8
0
  5
E3BB
 10
-0.738630
 20
-0.184867
 30
0.000000
  70
    32
  0
VERTEX
  8
0
  5
E3BC
 10
-0.735825
 20
-0.180888
 30
0.000000
  70
    32
  0
VERTEX
  8
0
  5
E3BD
 10
-0.733085
 20
-0.176473
 30
0.000000
  70
    32
  0
VERTEX
  8
0
  5
E3BE
 10
-0.730416
 20
-0.171633
 30
0.000000
  70
    32
  0
VERTEX
  8
0
  5
E3BF
 10
-0.727825
 20
-0.166379
 30
0.000000
  70
    32
  0
VERTEX
  8
0
  5
E3C0
 10
-0.725317
 20
-0.160725
 30
0.000000
  70
    32
  0
VERTEX
  8
0
  5
E3C1
 10
-0.722898
 20
-0.154684
 30
0.000000
  70
    32
  0
VERTEX
  8
0
  5
E3C2
 10
-0.720576
 20
-0.148270
 30
0.000000
  70
    32
  0
VERTEX
  8
0
  5
E3C3
 10
-0.718354
 20
-0.141499
 30
0.000000
  70
    32
  0
VERTEX
  8
0
  5
E3C4
 10
-0.716239
 20
-0.134387
 30
0.000000
  70
    32
  0
VERTEX
  8
0
  5
E3C5
 10
-0.714235
 20
-0.126951
 30
0.000000
  70
    32
  0
VERTEX
  8
0
  5
E3C6
 10
-0.712348
 20
-0.119210
 30
0.000000
  70
    32
  0
VERTEX
  8
0
  5
E3C7
 10
-0.710581
 20
-0.111182
 30
0.000000
  70
    32
  0
VERTEX
  8
0
  5
E3C8
 10
-0.708940
 20
-0.102886
 30
0.000000
  70
    32
  0
VERTEX
  8
0
  5
E3C9
 10
-0.707428
 20
-0.0943419
 30
0.000000
  70
    32
  0
VERTEX
  8
0
  5
E3CA
 10
-0.706049
 20
-0.0855708
 30
0.000000
  70
    32
  0
VERTEX
  8
0
  5
E3CB
 10
-0.704806
 20
-0.0765936
 30
0.000000
  70
    32
  0
VERTEX
  8
0
  5
E3CC
 10
-0.703702
 20
-0.0674320
 30
0.000000
  70
    32
  0
VERTEX
  8
0
  5
E3CD
 10
-0.702740
 20
-0.0581080
 30
0.000000
  70
    32
  0
VERTEX
  8
0
  5
E3CE
 10
-0.701922
 20
-0.0486441
 30
0.000000
  70
    32
  0
VERTEX
  8
0
  5
E3CF
 10
-0.701250
 20
-0.0390631
 30
0.000000
  70
    32
  0
VERTEX
  8
0
  5
E3D0
 10
-0.700725
 20
-0.0293881
 30
0.000000
  70
    32
  0
VERTEX
  8
0
  5
E3D1
 10
-0.700350
 20
-0.0196423
 30
0.000000
  70
    32
  0
VERTEX
  8
0
  5
E3D2
 10
-0.700124
 20
-0.00984935
 30
0.000000
  70
    32
  0
VERTEX
  8
0
  5
E3D3
 10
-0.700049
 20
-3.27113e-005
 30
0.000000
  70
    32
  0
VERTEX
  8
0
  5
E3D4
 10
-0.700124
 20
0.00978393
 30
0.000000
  70
    32
  0
VERTEX
  8
0
  5
E3D5
 10
-0.700350
 20
0.0195769
 30
0.000000
  70
    32
  0
VERTEX
  8
0
  5
E3D6
 10
-0.700725
 20
0.0293227
 30
0.000000
  70
    32
  0
VERTEX
  8
0
  5
E3D7
 10
-0.701249
 20
0.0389977
 30
0.000000
  70
    32
  0
VERTEX
  8
0
  5
E3D8
 10
-0.701922
 20
0.0485787
 30
0.000000
  70
    32
  0
VERTEX
  8
0
  5
E3D9
 10
-0.702740
 20
0.0580426
 30
0.000000
  70
    32
  0
VERTEX
  8
0
  5
E3DA
 10
-0.703702
 20
0.0673666
 30
0.000000
  70
    32
  0
VERTEX
  8
0
  5
E3DB
 10
-0.704806
 20
0.0765282
 30
0.000000
  70
    32
  0
VERTEX
  8
0
  5
E3DC
 10
-0.706049
 20
0.0855054
 30
0.000000
  70
    32
  0
VERTEX
  8
0
  5
E3DD
 10
-0.707428
 20
0.0942765
 30
0.000000
  70
    32
  0
VERTEX
  8
0
  5
E3DE
 10
-0.708940
 20
0.102820
 30
0.000000
  70
    32
  0
VERTEX
  8
0
  5
E3DF
 10
-0.710581
 20
0.111116
 30
0.000000
  70
    32
  0
VERTEX
  8
0
  5
E3E0
 10
-0.712348
 20
0.119145
 30
0.000000
  70
    32
  0
VERTEX
  8
0
  5
E3E1
 10
-0.714235
 20
0.126886
 30
0.000000
  70
    32
  0
VERTEX
  8
0
  5
E3E2
 10
-0.716239
 20
0.134322
 30
0.000000
  70
    32
  0
VERTEX
  8
0
  5
E3E3
 10
-0.718354
 20
0.141433
 30
0.000000
  70
    32
  0
VERTEX
  8
0
  5
E3E4
 10
-0.720575
 20
0.148204
 30
0.000000
  70
    32
  0
VERTEX
  8
0
  5
E3E5
 10
-0.722898
 20
0.154618
 30
0.000000
  70
    32
  0
VERTEX
  8
0
  5
E3E6
 10
-0.725316
 20
0.160660
 30
0.000000
  70
    32
  0
VERTEX
  8
0
  5
E3E7
 10
-0.727824
 20
0.166314
 30
0.000000
  70
    32
  0
VERTEX
  8
0
  5
E3E8
 10
-0.730416
 20
0.171567
 30
0.000000
  70
    32
  0
VERTEX
  8
0
  5
E3E9
 10
-0.733085
 20
0.176407
 30
0.000000
  70
    32
  0
VERTEX
  8
0
  5
E3EA
 10
-0.735825
 20
0.180822
 30
0.000000
  70
    32
  0
VERTEX
  8
0
  5
E3EB
 10
-0.738630
 20
0.184802
 30
0.000000
  70
    32
  0
VERTEX
  8
0
  5
E3EC
 10
-0.741492
 20
0.188336
 30
0.000000
  70
    32
  0
VERTEX
  8
0
  5
E3ED
 10
-0.744404
 20
0.191416
 30
0.000000
  70
    32
  0
VERTEX
  8
0
  5
E3EE
 10
-0.747361
 20
0.194035
 30
0.000000
  70
    32
  0
VERTEX
  8
0
  5
E3EF
 10
-0.750354
 20
0.196186
 30
0.000000
  70
    32
  0
VERTEX
  8
0
  5
E3F0
 10
-0.753376
 20
0.197865
 30
0.000000
  70
    32
  0
VERTEX
  8
0
  5
E3F1
 10
-0.756421
 20
0.199067
 30
0.000000
  70
    32
  0
VERTEX
  8
0
  5
E3F2
 10
-0.759480
 20
0.199790
 30
0.000000
  70
    32
  0
VERTEX
  8
0
  5
E3F3
 10
-0.762546
 20
0.200031
 30
0.000000
  70
    32
  0
SEQEND
  8
0
  5
E3F4
  0
LINE
  5
E002
  8
0
 10
-0.7000486686819638
 20
-0.2000877657766296
 30
0.0
 11
-0.7000486686819638
 21
-0.2000877657766296
 31
0.0
  0
POLYLINE
  5
E003
  8
0
 10
-0.2625398213501553
 20
0.2000302986053555
 30
0.0
 66
     1
 70
     8
  0
VERTEX
  8
0
  5
E3F5
 10
-0.262540
 20
0.200030
 30
0.000000
  70
    32
  0
VERTEX
  8
0
  5
E3F6
 10
-0.265609
 20
0.199789
 30
0.000000
  70
    32
  0
VERTEX
  8
0
  5
E3F7
 10
-0.268670
 20
0.199067
 30
0.000000
  70
    32
  0
VERTEX
  8
0
  5
E3F8
 10
-0.271716
 20
0.197866
 30
0.000000
  70
    32
  0
VERTEX
  8
0
  5
E3F9
 10
-0.274741
 20
0.196187
 30
0.000000
  70
    32
  0
VERTEX
  8
0
  5
E3FA
 10
-0.277736
 20
0.194036
 30
0.000000
  70
    32
  0
VERTEX
  8
0
  5
E3FB
 10
-0.280694
 20
0.191418
 30
0.000000
  70
    32
  0
VERTEX
  8
0
  5
E3FC
 10
-0.283609
 20
0.188339
 30
0.000000
  70
    32
  0
VERTEX
  8
0
  5
E3FD
 10
-0.286473
 20
0.184806
 30
0.000000
  70
    32
  0
VERTEX
  8
0
  5
E3FE
 10
-0.289279
 20
0.180828
 30
0.000000
  70
    32
  0
VERTEX
  8
0
  5
E3FF
 10
-0.292021
 20
0.176414
 30
0.000000
  70
    32
  0
VERTEX
  8
0
  5
E400
 10
-0.294692
 20
0.171575
 30
0.000000
  70
    32
  0
VERTEX
  8
0
  5
E401
 10
-0.297285
 20
0.166323
 30
0.000000
  70
    32
  0
VERTEX
  8
0
  5
E402
 10
-0.299795
 20
0.160671
 30
0.000000
  70
    32
  0
VERTEX
  8
0
  5
E403
 10
-0.302215
 20
0.154631
 30
0.000000
  70
    32
  0
VERTEX
  8
0
  5
E404
 10
-0.304539
 20
0.148219
 30
0.000000
  70
    32
  0
VERTEX
  8
0
  5
E405
 10
-0.306762
 20
0.141450
 30
0.000000
  70
    32
  0
VERTEX
  8
0
  5
E406
 10
-0.308879
 20
0.134340
 30
0.000000
  70
    32
  0
VERTEX
  8
0
  5
E407
 10
-0.310884
 20
0.126907
 30
0.000000
  70
    32
  0
VERTEX
  8
0
  5
E408
 10
-0.312772
 20
0.119168
 30
0.000000
  70
    32
  0
VERTEX
  8
0
  5
E409
 10
-0.314540
 20
0.111142
 30
0.000000
  70
    32
  0
VERTEX
  8
0
  5
E40A
 10
-0.316182
 20
0.102848
 30
0.000000
  70
    32
  0
VERTEX
  8
0
  5
E40B
 10
-0.317695
 20
0.0943065
 30
0.000000
  70
    32
  0
VERTEX
  8
0
  5
E40C
 10
-0.319075
 20
0.0855380
 30
0.000000
  70
    32
  0
VERTEX
  8
0
  5
E40D
 10
-0.320319
 20
0.0765634
 30
0.000000
  70
    32
  0
VERTEX
  8
0
  5
E40E
 10
-0.321424
 20
0.0674044
 30
0.000000
  70
    32
  0
VERTEX
  8
0
  5
E40F
 10
-0.322387
 20
0.0580831
 30
0.000000
  70
    32
  0
VERTEX
  8
0
  5
E410
 10
-0.323206
 20
0.0486219
 30
0.000000
  70
    32
  0
VERTEX
  8
0
  5
E411
 10
-0.323878
 20
0.0390436
 30
0.000000
  70
    32
  0
VERTEX
  8
0
  5
E412
 10
-0.324403
 20
0.0293714
 30
0.000000
  70
    32
  0
VERTEX
  8
0
  5
E413
 10
-0.324779
 20
0.0196284
 30
0.000000
  70
    32
  0
VERTEX
  8
0
  5
E414
 10
-0.325005
 20
0.00983823
 30
0.000000
  70
    32
  0
VERTEX
  8
0
  5
E415
 10
-0.325080
 20
2.44080e-005
 30
0.000000
  70
    32
  0
VERTEX
  8
0
  5
E416
 10
-0.325005
 20
-0.00978942
 30
0.000000
  70
    32
  0
VERTEX
  8
0
  5
E417
 10
-0.324779
 20
-0.0195796
 30
0.000000
  70
    32
  0
VERTEX
  8
0
  5
E418
 10
-0.324403
 20
-0.0293226
 30
0.000000
  70
    32
  0
VERTEX
  8
0
  5
E419
 10
-0.323878
 20
-0.0389948
 30
0.000000
  70
    32
  0
VERTEX
  8
0
  5
E41A
 10
-0.323206
 20
-0.0485731
 30
0.000000
  70
    32
  0
VERTEX
  8
0
  5
E41B
 10
-0.322387
 20
-0.0580342
 30
0.000000
  70
    32
  0
VERTEX
  8
0
  5
E41C
 10
-0.321424
 20
-0.0673556
 30
0.000000
  70
    32
  0
VERTEX
  8
0
  5
E41D
 10
-0.320319
 20
-0.0765145
 30
0.000000
  70
    32
  0
VERTEX
  8
0
  5
E41E
 10
-0.319075
 20
-0.0854891
 30
0.000000
  70
    32
  0
VERTEX
  8
0
  5
E41F
 10
-0.317695
 20
-0.0942577
 30
0.000000
  70
    32
  0
VERTEX
  8
0
  5
E420
 10
-0.316182
 20
-0.102799
 30
0.000000
  70
    32
  0
VERTEX
  8
0
  5
E421
 10
-0.314540
 20
-0.111093
 30
0.000000
  70
    32
  0
VERTEX
  8
0
  5
E422
 10
-0.312773
 20
-0.119119
 30
0.000000
  70
    32
  0
VERTEX
  8
0
  5
E423
 10
-0.310884
 20
-0.126858
 30
0.000000
  70
    32
  0
VERTEX
  8
0
  5
E424
 10
-0.308879
 20
-0.134291
 30
0.000000
  70
    32
  0
VERTEX
  8
0
  5
E425
 10
-0.306762
 20
-0.141401
 30
0.000000
  70
    32
  0
VERTEX
  8
0
  5
E426
 10
-0.304539
 20
-0.148170
 30
0.000000
  70
    32
  0
VERTEX
  8
0
  5
E427
 10
-0.302215
 20
-0.154582
 30
0.000000
  70
    32
  0
VERTEX
  8
0
  5
E428
 10
-0.299795
 20
-0.160622
 30
0.000000
  70
    32
  0
VERTEX
  8
0
  5
E429
 10
-0.297285
 20
-0.166274
 30
0.000000
  70
    32
  0
VERTEX
  8
0
  5
E42A
 10
-0.294692
 20
-0.171526
 30
0.000000
  70
    32
  0
VERTEX
  8
0
  5
E42B
 10
-0.292021
 20
-0.176365
 30
0.000000
  70
    32
  0
VERTEX
  8
0
  5
E42C
 10
-0.289279
 20
-0.180779
 30
0.000000
  70
    32
  0
VERTEX
  8
0
  5
E42D
 10
-0.286473
 20
-0.184757
 30
0.000000
  70
    32
  0
VERTEX
  8
0
  5
E42E
 10
-0.283609
 20
-0.188290
 30
0.000000
  70
    32
  0
VERTEX
  8
0
  5
E42F
 10
-0.280694
 20
-0.191369
 30
0.000000
  70
    32
  0
VERTEX
  8
0
  5
E430
 10
-0.277736
 20
-0.193988
 30
0.000000
  70
    32
  0
VERTEX
  8
0
  5
E431
 10
-0.274741
 20
-0.196138
 30
0.000000
  70
    32
  0
VERTEX
  8
0
  5
E432
 10
-0.271717
 20
-0.197817
 30
0.000000
  70
    32
  0
VERTEX
  8
0
  5
E433
 10
-0.268670
 20
-0.199018
 30
0.000000
  70
    32
  0
VERTEX
  8
0
  5
E434
 10
-0.265609
 20
-0.199741
 30
0.000000
  70
    32
  0
VERTEX
  8
0
  5
E435
 10
-0.262540
 20
-0.199982
 30
0.000000
  70
    32
  0
VERTEX
  8
0
  5
E436
 10
-0.259471
 20
-0.199741
 30
0.000000
  70
    32
  0
VERTEX
  8
0
  5
E437
 10
-0.256410
 20
-0.199018
 30
0.000000
  70
    32
  0
VERTEX
  8
0
  5
E438
 10
-0.253364
 20
-0.197817
 30
0.000000
  70
    32
  0
VERTEX
  8
0
  5
E439
 10
-0.250339
 20
-0.196139
 30
0.000000
  70
    32
  0
VERTEX
  8
0
  5
E43A
 10
-0.247344
 20
-0.193988
 30
0.000000
  70
    32
  0
VERTEX
  8
0
  5
E43B
 10
-0.244386
 20
-0.191369
 30
0.000000
  70
    32
  0
VERTEX
  8
0
  5
E43C
 10
-0.241471
 20
-0.188290
 30
0.000000
  70
    32
  0
VERTEX
  8
0
  5
E43D
 10
-0.238607
 20
-0.184757
 30
0.000000
  70
    32
  0
VERTEX
  8
0
  5
E43E
 10
-0.235801
 20
-0.180779
 30
0.000000
  70
    32
  0
VERTEX
  8
0
  5
E43F
 10
-0.233059
 20
-0.176365
 30
0.000000
  70
    32
  0
VERTEX
  8
0
  5
E440
 10
-0.230388
 20
-0.171526
 30
0.000000
  70
    32
  0
VERTEX
  8
0
  5
E441
 10
-0.227795
 20
-0.166274
 30
0.000000
  70
    32
  0
VERTEX
  8
0
  5
E442
 10
-0.225285
 20
-0.160622
 30
0.000000
  70
    32
  0
VERTEX
  8
0
  5
E443
 10
-0.222865
 20
-0.154582
 30
0.000000
  70
    32
  0
VERTEX
  8
0
  5
E444
 10
-0.220541
 20
-0.148170
 30
0.000000
  70
    32
  0
VERTEX
  8
0
  5
E445
 10
-0.218318
 20
-0.141401
 30
0.000000
  70
    32
  0
VERTEX
  8
0
  5
E446
 10
-0.216201
 20
-0.134291
 30
0.000000
  70
    32
  0
VERTEX
  8
0
  5
E447
 10
-0.214196
 20
-0.126858
 30
0.000000
  70
    32
  0
VERTEX
  8
0
  5
E448
 10
-0.212307
 20
-0.119119
 30
0.000000
  70
    32
  0
VERTEX
  8
0
  5
E449
 10
-0.210540
 20
-0.111093
 30
0.000000
  70
    32
  0
VERTEX
  8
0
  5
E44A
 10
-0.208898
 20
-0.102799
 30
0.000000
  70
    32
  0
VERTEX
  8
0
  5
E44B
 10
-0.207385
 20
-0.0942578
 30
0.000000
  70
    32
  0
VERTEX
  8
0
  5
E44C
 10
-0.206004
 20
-0.0854892
 30
0.000000
  70
    32
  0
VERTEX
  8
0
  5
E44D
 10
-0.204761
 20
-0.0765146
 30
0.000000
  70
    32
  0
VERTEX
  8
0
  5
E44E
 10
-0.203656
 20
-0.0673556
 30
0.000000
  70
    32
  0
VERTEX
  8
0
  5
E44F
 10
-0.202693
 20
-0.0580343
 30
0.000000
  70
    32
  0
VERTEX
  8
0
  5
E450
 10
-0.201874
 20
-0.0485731
 30
0.000000
  70
    32
  0
VERTEX
  8
0
  5
E451
 10
-0.201202
 20
-0.0389949
 30
0.000000
  70
    32
  0
VERTEX
  8
0
  5
E452
 10
-0.200677
 20
-0.0293226
 30
0.000000
  70
    32
  0
VERTEX
  8
0
  5
E453
 10
-0.200301
 20
-0.0195797
 30
0.000000
  70
    32
  0
VERTEX
  8
0
  5
E454
 10
-0.200075
 20
-0.00978949
 30
0.000000
  70
    32
  0
VERTEX
  8
0
  5
E455
 10
-0.200000
 20
2.43351e-005
 30
0.000000
  70
    32
  0
VERTEX
  8
0
  5
E456
 10
-0.200075
 20
0.00983816
 30
0.000000
  70
    32
  0
VERTEX
  8
0
  5
E457
 10
-0.200301
 20
0.0196283
 30
0.000000
  70
    32
  0
VERTEX
  8
0
  5
E458
 10
-0.200677
 20
0.0293713
 30
0.000000
  70
    32
  0
VERTEX
  8
0
  5
E459
 10
-0.201202
 20
0.0390436
 30
0.000000
  70
    32
  0
VERTEX
  8
0
  5
E45A
 10
-0.201874
 20
0.0486218
 30
0.000000
  70
    32
  0
VERTEX
  8
0
  5
E45B
 10
-0.202693
 20
0.0580830
 30
0.000000
  70
    32
  0
VERTEX
  8
0
  5
E45C
 10
-0.203656
 20
0.0674043
 30
0.000000
  70
    32
  0
VERTEX
  8
0
  5
E45D
 10
-0.204760
 20
0.0765633
 30
0.000000
  70
    32
  0
VERTEX
  8
0
  5
E45E
 10
-0.206004
 20
0.0855379
 30
0.000000
  70
    32
  0
VERTEX
  8
0
  5
E45F
 10
-0.207385
 20
0.0943065
 30
0.000000
  70
    32
  0
VERTEX
  8
0
  5
E460
 10
-0.208898
 20
0.102848
 30
0.000000
  70
    32
  0
VERTEX
  8
0
  5
E461
 10
-0.210540
 20
0.111142
 30
0.000000
  70
    32
  0
VERTEX
  8
0
  5
E462
 10
-0.212307
 20
0.119168
 30
0.000000
  70
    32
  0
VERTEX
  8
0
  5
E463
 10
-0.214196
 20
0.126907
 30
0.000000
  70
    32
  0
VERTEX
  8
0
  5
E464
 10
-0.216201
 20
0.134340
 30
0.000000
  70
    32
  0
VERTEX
  8
0
  5
E465
 10
-0.218317
 20
0.141450
 30
0.000000
  70
    32
  0
VERTEX
  8
0
  5
E466
 10
-0.220541
 20
0.148219
 30
0.000000
  70
    32
  0
VERTEX
  8
0
  5
E467
 10
-0.222865
 20
0.154631
 30
0.000000
  70
    32
  0
VERTEX
  8
0
  5
E468
 10
-0.225285
 20
0.160671
 30
0.000000
  70
    32
  0
VERTEX
  8
0
  5
E469
 10
-0.227794
 20
0.166323
 30
0.000000
  70
    32
  0
VERTEX
  8
0
  5
E46A
 10
-0.230388
 20
0.171575
 30
0.000000
  70
    32
  0
VERTEX
  8
0
  5
E46B
 10
-0.233059
 20
0.176414
 30
0.000000
  70
    32
  0
VERTEX
  8
0
  5
E46C
 10
-0.235801
 20
0.180828
 30
0.000000
  70
    32
  0
VERTEX
  8
0
  5
E46D
 10
-0.238607
 20
0.184806
 30
0.000000
  70
    32
  0
VERTEX
  8
0
  5
E46E
 10
-0.241471
 20
0.188339
 30
0.000000
  70
    32
  0
VERTEX
  8
0
  5
E46F
 10
-0.244385
 20
0.191418
 30
0.000000
  70
    32
  0
VERTEX
  8
0
  5
E470
 10
-0.247344
 20
0.194036
 30
0.000000
  70
    32
  0
VERTEX
  8
0
  5
E471
 10
-0.250339
 20
0.196187
 30
0.000000
  70
    32
  0
VERTEX
  8
0
  5
E472
 10
-0.253363
 20
0.197866
 30
0.000000
  70
    32
  0
VERTEX
  8
0
  5
E473
 10
-0.256410
 20
0.199067
 30
0.000000
  70
    32
  0
VERTEX
  8
0
  5
E474
 10
-0.259471
 20
0.199789
 30
0.000000
  70
    32
  0
VERTEX
  8
0
  5
E475
 10
-0.262540
 20
0.200030
 30
0.000000
  70
    32
  0
SEQEND
  8
0
  5
E476
  0
POLYLINE
  5
E004
  8
0
 10
-0.3875281895072957
 20
0.2000303714178128
 30
0.0
 66
     1
 70
     8
  0
VERTEX
  8
0
  5
E477
 10
-0.387528
 20
0.200030
 30
0.000000
  70
    32
  0
VERTEX
  8
0
  5
E478
 10
-0.390595
 20
0.199789
 30
0.000000
  70
    32
  0
VERTEX
  8
0
  5
E479
 10
-0.393655
 20
0.199067
 30
0.000000
  70
    32
  0
VERTEX
  8
0
  5
E47A
 10
-0.396700
 20
0.197865
 30
0.000000
  70
    32
  0
VERTEX
  8
0
  5
E47B
 10
-0.399723
 20
0.196187
 30
0.000000
  70
    32
  0
VERTEX
  8
0
  5
E47C
 10
-0.402717
 20
0.194036
 30
0.000000
  70
    32
  0
VERTEX
  8
0
  5
E47D
 10
-0.405674
 20
0.191418
 30
0.000000
  70
    32
  0
VERTEX
  8
0
  5
E47E
 10
-0.408587
 20
0.188338
 30
0.000000
  70
    32
  0
VERTEX
  8
0
  5
E47F
 10
-0.411450
 20
0.184805
 30
0.000000
  70
    32
  0
VERTEX
  8
0
  5
E480
 10
-0.414255
 20
0.180826
 30
0.000000
  70
    32
  0
VERTEX
  8
0
  5
E481
 10
-0.416995
 20
0.176412
 30
0.000000
  70
    32
  0
VERTEX
  8
0
  5
E482
 10
-0.419665
 20
0.171573
 30
0.000000
  70
    32
  0
VERTEX
  8
0
  5
E483
 10
-0.422257
 20
0.166321
 30
0.000000
  70
    32
  0
VERTEX
  8
0
  5
E484
 10
-0.424765
 20
0.160668
 30
0.000000
  70
    32
  0
VERTEX
  8
0
  5
E485
 10
-0.427184
 20
0.154628
 30
0.000000
  70
    32
  0
VERTEX
  8
0
  5
E486
 10
-0.429507
 20
0.148215
 30
0.000000
  70
    32
  0
VERTEX
  8
0
  5
E487
 10
-0.431729
 20
0.141446
 30
0.000000
  70
    32
  0
VERTEX
  8
0
  5
E488
 10
-0.433845
 20
0.134335
 30
0.000000
  70
    32
  0
VERTEX
  8
0
  5
E489
 10
-0.435849
 20
0.126901
 30
0.000000
  70
    32
  0
VERTEX
  8
0
  5
E48A
 10
-0.437737
 20
0.119162
 30
0.000000
  70
    32
  0
VERTEX
  8
0
  5
E48B
 10
-0.439503
 20
0.111135
 30
0.000000
  70
    32
  0
VERTEX
  8
0
  5
E48C
 10
-0.441145
 20
0.102841
 30
0.000000
  70
    32
  0
VERTEX
  8
0
  5
E48D
 10
-0.442657
 20
0.0942986
 30
0.000000
  70
    32
  0
VERTEX
  8
0
  5
E48E
 10
-0.444036
 20
0.0855293
 30
0.000000
  70
    32
  0
VERTEX
  8
0
  5
E48F
 10
-0.445280
 20
0.0765540
 30
0.000000
  70
    32
  0
VERTEX
  8
0
  5
E490
 10
-0.446384
 20
0.0673944
 30
0.000000
  70
    32
  0
VERTEX
  8
0
  5
E491
 10
-0.447346
 20
0.0580723
 30
0.000000
  70
    32
  0
VERTEX
  8
0
  5
E492
 10
-0.448165
 20
0.0486104
 30
0.000000
  70
    32
  0
VERTEX
  8
0
  5
E493
 10
-0.448837
 20
0.0390315
 30
0.000000
  70
    32
  0
VERTEX
  8
0
  5
E494
 10
-0.449361
 20
0.0293585
 30
0.000000
  70
    32
  0
VERTEX
  8
0
  5
E495
 10
-0.449737
 20
0.0196148
 30
0.000000
  70
    32
  0
VERTEX
  8
0
  5
E496
 10
-0.449963
 20
0.00982385
 30
0.000000
  70
    32
  0
VERTEX
  8
0
  5
E497
 10
-0.450038
 20
9.27320e-006
 30
0.000000
  70
    32
  0
VERTEX
  8
0
  5
E498
 10
-0.449963
 20
-0.00980530
 30
0.000000
  70
    32
  0
VERTEX
  8
0
  5
E499
 10
-0.449737
 20
-0.0195962
 30
0.000000
  70
    32
  0
VERTEX
  8
0
  5
E49A
 10
-0.449362
 20
-0.0293399
 30
0.000000
  70
    32
  0
VERTEX
  8
0
  5
E49B
 10
-0.448837
 20
-0.0390129
 30
0.000000
  70
    32
  0
VERTEX
  8
0
  5
E49C
 10
-0.448165
 20
-0.0485919
 30
0.000000
  70
    32
  0
VERTEX
  8
0
  5
E49D
 10
-0.447346
 20
-0.0580538
 30
0.000000
  70
    32
  0
VERTEX
  8
0
  5
E49E
 10
-0.446384
 20
-0.0673758
 30
0.000000
  70
    32
  0
VERTEX
  8
0
  5
E49F
 10
-0.445280
 20
-0.0765355
 30
0.000000
  70
    32
  0
VERTEX
  8
0
  5
E4A0
 10
-0.444037
 20
-0.0855108
 30
0.000000
  70
    32
  0
VERTEX
  8
0
  5
E4A1
 10
-0.442657
 20
-0.0942800
 30
0.000000
  70
    32
  0
VERTEX
  8
0
  5
E4A2
 10
-0.441145
 20
-0.102822
 30
0.000000
  70
    32
  0
VERTEX
  8
0
  5
E4A3
 10
-0.439503
 20
-0.111117
 30
0.000000
  70
    32
  0
VERTEX
  8
0
  5
E4A4
 10
-0.437737
 20
-0.119143
 30
0.000000
  70
    32
  0
VERTEX
  8
0
  5
E4A5
 10
-0.435849
 20
-0.126883
 30
0.000000
  70
    32
  0
VERTEX
  8
0
  5
E4A6
 10
-0.433845
 20
-0.134317
 30
0.000000
  70
    32
  0
VERTEX
  8
0
  5
E4A7
 10
-0.431729
 20
-0.141427
 30
0.000000
  70
    32
  0
VERTEX
  8
0
  5
E4A8
 10
-0.429507
 20
-0.148197
 30
0.000000
  70
    32
  0
VERTEX
  8
0
  5
E4A9
 10
-0.427184
 20
-0.154609
 30
0.000000
  70
    32
  0
VERTEX
  8
0
  5
E4AA
 10
-0.424765
 20
-0.160649
 30
0.000000
  70
    32
  0
VERTEX
  8
0
  5
E4AB
 10
-0.422257
 20
-0.166302
 30
0.000000
  70
    32
  0
VERTEX
  8
0
  5
E4AC
 10
-0.419665
 20
-0.171555
 30
0.000000
  70
    32
  0
VERTEX
  8
0
  5
E4AD
 10
-0.416995
 20
-0.176394
 30
0.000000
  70
    32
  0
VERTEX
  8
0
  5
E4AE
 10
-0.414255
 20
-0.180808
 30
0.000000
  70
    32
  0
VERTEX
  8
0
  5
E4AF
 10
-0.411450
 20
-0.184786
 30
0.000000
  70
    32
  0
VERTEX
  8
0
  5
E4B0
 10
-0.408587
 20
-0.188319
 30
0.000000
  70
    32
  0
VERTEX
  8
0
  5
E4B1
 10
-0.405674
 20
-0.191399
 30
0.000000
  70
    32
  0
VERTEX
  8
0
  5
E4B2
 10
-0.402717
 20
-0.194018
 30
0.000000
  70
    32
  0
VERTEX
  8
0
  5
E4B3
 10
-0.399723
 20
-0.196169
 30
0.000000
  70
    32
  0
VERTEX
  8
0
  5
E4B4
 10
-0.396701
 20
-0.197847
 30
0.000000
  70
    32
  0
VERTEX
  8
0
  5
E4B5
 10
-0.393655
 20
-0.199049
 30
0.000000
  70
    32
  0
VERTEX
  8
0
  5
E4B6
 10
-0.390596
 20
-0.199771
 30
0.000000
  70
    32
  0
VERTEX
  8
0
  5
E4B7
 10
-0.387528
 20
-0.200012
 30
0.000000
  70
    32
  0
VERTEX
  8
0
  5
E4B8
 10
-0.384461
 20
-0.199771
 30
0.000000
  70
    32
  0
VERTEX
  8
0
  5
E4B9
 10
-0.381401
 20
-0.199049
 30
0.000000
  70
    32
  0
VERTEX
  8
0
  5
E4BA
 10
-0.378356
 20
-0.197847
 30
0.000000
  70
    32
  0
VERTEX
  8
0
  5
E4BB
 10
-0.375333
 20
-0.196169
 30
0.000000
  70
    32
  0
VERTEX
  8
0
  5
E4BC
 10
-0.372340
 20
-0.194018
 30
0.000000
  70
    32
  0
VERTEX
  8
0
  5
E4BD
 10
-0.369383
 20
-0.191399
 30
0.000000
  70
    32
  0
VERTEX
  8
0
  5
E4BE
 10
-0.366470
 20
-0.188319
 30
0.000000
  70
    32
  0
VERTEX
  8
0
  5
E4BF
 10
-0.363607
 20
-0.184786
 30
0.000000
  70
    32
  0
VERTEX
  8
0
  5
E4C0
 10
-0.360802
 20
-0.180808
 30
0.000000
  70
    32
  0
VERTEX
  8
0
  5
E4C1
 10
-0.358062
 20
-0.176394
 30
0.000000
  70
    32
  0
VERTEX
  8
0
  5
E4C2
 10
-0.355392
 20
-0.171555
 30
0.000000
  70
    32
  0
VERTEX
  8
0
  5
E4C3
 10
-0.352800
 20
-0.166302
 30
0.000000
  70
    32
  0
VERTEX
  8
0
  5
E4C4
 10
-0.350291
 20
-0.160649
 30
0.000000
  70
    32
  0
VERTEX
  8
0
  5
E4C5
 10
-0.347873
 20
-0.154609
 30
0.000000
  70
    32
  0
VERTEX
  8
0
  5
E4C6
 10
-0.345549
 20
-0.148197
 30
0.000000
  70
    32
  0
VERTEX
  8
0
  5
E4C7
 10
-0.343327
 20
-0.141427
 30
0.000000
  70
    32
  0
VERTEX
  8
0
  5
E4C8
 10
-0.341212
 20
-0.134317
 30
0.000000
  70
    32
  0
VERTEX
  8
0
  5
E4C9
 10
-0.339208
 20
-0.126883
 30
0.000000
  70
    32
  0
VERTEX
  8
0
  5
E4CA
 10
-0.337320
 20
-0.119143
 30
0.000000
  70
    32
  0
VERTEX
  8
0
  5
E4CB
 10
-0.335553
 20
-0.111117
 30
0.000000
  70
    32
  0
VERTEX
  8
0
  5
E4CC
 10
-0.333912
 20
-0.102822
 30
0.000000
  70
    32
  0
VERTEX
  8
0
  5
E4CD
 10
-0.332400
 20
-0.0942801
 30
0.000000
  70
    32
  0
VERTEX
  8
0
  5
E4CE
 10
-0.331020
 20
-0.0855109
 30
0.000000
  70
    32
  0
VERTEX
  8
0
  5
E4CF
 10
-0.329777
 20
-0.0765356
 30
0.000000
  70
    32
  0
VERTEX
  8
0
  5
E4D0
 10
-0.328673
 20
-0.0673759
 30
0.000000
  70
    32
  0
VERTEX
  8
0
  5
E4D1
 10
-0.327710
 20
-0.0580539
 30
0.000000
  70
    32
  0
VERTEX
  8
0
  5
E4D2
 10
-0.326892
 20
-0.0485920
 30
0.000000
  70
    32
  0
VERTEX
  8
0
  5
E4D3
 10
-0.326220
 20
-0.0390130
 30
0.000000
  70
    32
  0
VERTEX
  8
0
  5
E4D4
 10
-0.325695
 20
-0.0293400
 30
0.000000
  70
    32
  0
VERTEX
  8
0
  5
E4D5
 10
-0.325320
 20
-0.0195963
 30
0.000000
  70
    32
  0
VERTEX
  8
0
  5
E4D6
 10
-0.325094
 20
-0.00980537
 30
0.000000
  70
    32
  0
VERTEX
  8
0
  5
E4D7
 10
-0.325019
 20
9.20037e-006
 30
0.000000
  70
    32
  0
VERTEX
  8
0
  5
E4D8
 10
-0.325094
 20
0.00982377
 30
0.000000
  70
    32
  0
VERTEX
  8
0
  5
E4D9
 10
-0.325320
 20
0.0196147
 30
0.000000
  70
    32
  0
VERTEX
  8
0
  5
E4DA
 10
-0.325695
 20
0.0293584
 30
0.000000
  70
    32
  0
VERTEX
  8
0
  5
E4DB
 10
-0.326220
 20
0.0390314
 30
0.000000
  70
    32
  0
VERTEX
  8
0
  5
E4DC
 10
-0.326892
 20
0.0486104
 30
0.000000
  70
    32
  0
VERTEX
  8
0
  5
E4DD
 10
-0.327710
 20
0.0580723
 30
0.000000
  70
    32
  0
VERTEX
  8
0
  5
E4DE
 10
-0.328673
 20
0.0673943
 30
0.000000
  70
    32
  0
VERTEX
  8
0
  5
E4DF
 10
-0.329777
 20
0.0765540
 30
0.000000
  70
    32
  0
VERTEX
  8
0
  5
E4E0
 10
-0.331020
 20
0.0855293
 30
0.000000
  70
    32
  0
VERTEX
  8
0
  5
E4E1
 10
-0.332400
 20
0.0942985
 30
0.000000
  70
    32
  0
VERTEX
  8
0
  5
E4E2
 10
-0.333912
 20
0.102841
 30
0.000000
  70
    32
  0
VERTEX
  8
0
  5
E4E3
 10
-0.335553
 20
0.111135
 30
0.000000
  70
    32
  0
VERTEX
  8
0
  5
E4E4
 10
-0.337320
 20
0.119162
 30
0.000000
  70
    32
  0
VERTEX
  8
0
  5
E4E5
 10
-0.339208
 20
0.126901
 30
0.000000
  70
    32
  0
VERTEX
  8
0
  5
E4E6
 10
-0.341212
 20
0.134335
 30
0.000000
  70
    32
  0
VERTEX
  8
0
  5
E4E7
 10
-0.343327
 20
0.141446
 30
0.000000
  70
    32
  0
VERTEX
  8
0
  5
E4E8
 10
-0.345549
 20
0.148215
 30
0.000000
  70
    32
  0
VERTEX
  8
0
  5
E4E9
 10
-0.347872
 20
0.154628
 30
0.000000
  70
    32
  0
VERTEX
  8
0
  5
E4EA
 10
-0.350291
 20
0.160668
 30
0.000000
  70
    32
  0
VERTEX
  8
0
  5
E4EB
 10
-0.352800
 20
0.166321
 30
0.000000
  70
    32
  0
VERTEX
  8
0
  5
E4EC
 10
-0.355392
 20
0.171573
 30
0.000000
  70
    32
  0
VERTEX
  8
0
  5
E4ED
 10
-0.358061
 20
0.176412
 30
0.000000
  70
    32
  0
VERTEX
  8
0
  5
E4EE
 10
-0.360802
 20
0.180826
 30
0.000000
  70
    32
  0
VERTEX
  8
0
  5
E4EF
 10
-0.363607
 20
0.184805
 30
0.000000
  70
    32
  0
VERTEX
  8
0
  5
E4F0
 10
-0.366469
 20
0.188338
 30
0.000000
  70
    32
  0
VERTEX
  8
0
  5
E4F1
 10
-0.369383
 20
0.191418
 30
0.000000
  70
    32
  0
VERTEX
  8
0
  5
E4F2
 10
-0.372340
 20
0.194036
 30
0.000000
  70
    32
  0
VERTEX
  8
0
  5
E4F3
 10
-0.375333
 20
0.196187
 30
0.000000
  70
    32
  0
VERTEX
  8
0
  5
E4F4
 10
-0.378356
 20
0.197865
 30
0.000000
  70
    32
  0
VERTEX
  8
0
  5
E4F5
 10
-0.381401
 20
0.199067
 30
0.000000
  70
    32
  0
VERTEX
  8
0
  5
E4F6
 10
-0.384461
 20
0.199789
 30
0.000000
  70
    32
  0
VERTEX
  8
0
  5
E4F7
 10
-0.387528
 20
0.200030
 30
0.000000
  70
    32
  0
SEQEND
  8
0
  5
E4F8
  0
POLYLINE
  5
E005
  8
0
 10
-0.512544716105214
 20
0.2000304442466739
 30
0.0
 66
     1
 70
     8
  0
VERTEX
  8
0
  5
E4F9
 10
-0.512545
 20
0.200030
 30
0.000000
  70
    32
  0
VERTEX
  8
0
  5
E4FA
 10
-0.515610
 20
0.199789
 30
0.000000
  70
    32
  0
VERTEX
  8
0
  5
E4FB
 10
-0.518667
 20
0.199067
 30
0.000000
  70
    32
  0
VERTEX
  8
0
  5
E4FC
 10
-0.521710
 20
0.197865
 30
0.000000
  70
    32
  0
VERTEX
  8
0
  5
E4FD
 10
-0.524731
 20
0.196187
 30
0.000000
  70
    32
  0
VERTEX
  8
0
  5
E4FE
 10
-0.527722
 20
0.194036
 30
0.000000
  70
    32
  0
VERTEX
  8
0
  5
E4FF
 10
-0.530677
 20
0.191417
 30
0.000000
  70
    32
  0
VERTEX
  8
0
  5
E500
 10
-0.533588
 20
0.188337
 30
0.000000
  70
    32
  0
VERTEX
  8
0
  5
E501
 10
-0.536449
 20
0.184804
 30
0.000000
  70
    32
  0
VERTEX
  8
0
  5
E502
 10
-0.539252
 20
0.180825
 30
0.000000
  70
    32
  0
VERTEX
  8
0
  5
E503
 10
-0.541990
 20
0.176410
 30
0.000000
  70
    32
  0
VERTEX
  8
0
  5
E504
 10
-0.544658
 20
0.171571
 30
0.000000
  70
    32
  0
VERTEX
  8
0
  5
E505
 10
-0.547248
 20
0.166318
 30
0.000000
  70
    32
  0
VERTEX
  8
0
  5
E506
 10
-0.549755
 20
0.160665
 30
0.000000
  70
    32
  0
VERTEX
  8
0
  5
E507
 10
-0.552172
 20
0.154624
 30
0.000000
  70
    32
  0
VERTEX
  8
0
  5
E508
 10
-0.554493
 20
0.148211
 30
0.000000
  70
    32
  0
VERTEX
  8
0
  5
E509
 10
-0.556714
 20
0.141441
 30
0.000000
  70
    32
  0
VERTEX
  8
0
  5
E50A
 10
-0.558828
 20
0.134330
 30
0.000000
  70
    32
  0
VERTEX
  8
0
  5
E50B
 10
-0.560830
 20
0.126896
 30
0.000000
  70
    32
  0
VERTEX
  8
0
  5
E50C
 10
-0.562717
 20
0.119156
 30
0.000000
  70
    32
  0
VERTEX
  8
0
  5
E50D
 10
-0.564482
 20
0.111128
 30
0.000000
  70
    32
  0
VERTEX
  8
0
  5
E50E
 10
-0.566122
 20
0.102833
 30
0.000000
  70
    32
  0
VERTEX
  8
0
  5
E50F
 10
-0.567633
 20
0.0942906
 30
0.000000
  70
    32
  0
VERTEX
  8
0
  5
E510
 10
-0.569012
 20
0.0855207
 30
0.000000
  70
    32
  0
VERTEX
  8
0
  5
E511
 10
-0.570254
 20
0.0765447
 30
0.000000
  70
    32
  0
VERTEX
  8
0
  5
E512
 10
-0.571358
 20
0.0673843
 30
0.000000
  70
    32
  0
VERTEX
  8
0
  5
E513
 10
-0.572319
 20
0.0580616
 30
0.000000
  70
    32
  0
VERTEX
  8
0
  5
E514
 10
-0.573137
 20
0.0485990
 30
0.000000
  70
    32
  0
VERTEX
  8
0
  5
E515
 10
-0.573809
 20
0.0390193
 30
0.000000
  70
    32
  0
VERTEX
  8
0
  5
E516
 10
-0.574333
 20
0.0293456
 30
0.000000
  70
    32
  0
VERTEX
  8
0
  5
E517
 10
-0.574708
 20
0.0196011
 30
0.000000
  70
    32
  0
VERTEX
  8
0
  5
E518
 10
-0.574934
 20
0.00980945
 30
0.000000
  70
    32
  0
VERTEX
  8
0
  5
E519
 10
-0.575009
 20
-5.86502e-006
 30
0.000000
  70
    32
  0
VERTEX
  8
0
  5
E51A
 10
-0.574934
 20
-0.00982118
 30
0.000000
  70
    32
  0
VERTEX
  8
0
  5
E51B
 10
-0.574708
 20
-0.0196129
 30
0.000000
  70
    32
  0
VERTEX
  8
0
  5
E51C
 10
-0.574333
 20
-0.0293573
 30
0.000000
  70
    32
  0
VERTEX
  8
0
  5
E51D
 10
-0.573809
 20
-0.0390310
 30
0.000000
  70
    32
  0
VERTEX
  8
0
  5
E51E
 10
-0.573137
 20
-0.0486107
 30
0.000000
  70
    32
  0
VERTEX
  8
0
  5
E51F
 10
-0.572320
 20
-0.0580734
 30
0.000000
  70
    32
  0
VERTEX
  8
0
  5
E520
 10
-0.571358
 20
-0.0673961
 30
0.000000
  70
    32
  0
VERTEX
  8
0
  5
E521
 10
-0.570254
 20
-0.0765565
 30
0.000000
  70
    32
  0
VERTEX
  8
0
  5
E522
 10
-0.569012
 20
-0.0855324
 30
0.000000
  70
    32
  0
VERTEX
  8
0
  5
E523
 10
-0.567634
 20
-0.0943023
 30
0.000000
  70
    32
  0
VERTEX
  8
0
  5
E524
 10
-0.566122
 20
-0.102845
 30
0.000000
  70
    32
  0
VERTEX
  8
0
  5
E525
 10
-0.564482
 20
-0.111140
 30
0.000000
  70
    32
  0
VERTEX
  8
0
  5
E526
 10
-0.562717
 20
-0.119167
 30
0.000000
  70
    32
  0
VERTEX
  8
0
  5
E527
 10
-0.560831
 20
-0.126908
 30
0.000000
  70
    32
  0
VERTEX
  8
0
  5
E528
 10
-0.558828
 20
-0.134342
 30
0.000000
  70
    32
  0
VERTEX
  8
0
  5
E529
 10
-0.556714
 20
-0.141453
 30
0.000000
  70
    32
  0
VERTEX
  8
0
  5
E52A
 10
-0.554493
 20
-0.148223
 30
0.000000
  70
    32
  0
VERTEX
  8
0
  5
E52B
 10
-0.552172
 20
-0.154636
 30
0.000000
  70
    32
  0
VERTEX
  8
0
  5
E52C
 10
-0.549755
 20
-0.160677
 30
0.000000
  70
    32
  0
VERTEX
  8
0
  5
E52D
 10
-0.547248
 20
-0.166330
 30
0.000000
  70
    32
  0
VERTEX
  8
0
  5
E52E
 10
-0.544658
 20
-0.171583
 30
0.000000
  70
    32
  0
VERTEX
  8
0
  5
E52F
 10
-0.541990
 20
-0.176422
 30
0.000000
  70
    32
  0
VERTEX
  8
0
  5
E530
 10
-0.539252
 20
-0.180837
 30
0.000000
  70
    32
  0
VERTEX
  8
0
  5
E531
 10
-0.536449
 20
-0.184815
 30
0.000000
  70
    32
  0
VERTEX
  8
0
  5
E532
 10
-0.533589
 20
-0.188349
 30
0.000000
  70
    32
  0
VERTEX
  8
0
  5
E533
 10
-0.530677
 20
-0.191429
 30
0.000000
  70
    32
  0
VERTEX
  8
0
  5
E534
 10
-0.527723
 20
-0.194047
 30
0.000000
  70
    32
  0
VERTEX
  8
0
  5
E535
 10
-0.524731
 20
-0.196199
 30
0.000000
  70
    32
  0
VERTEX
  8
0
  5
E536
 10
-0.521710
 20
-0.197877
 30
0.000000
  70
    32
  0
VERTEX
  8
0
  5
E537
 10
-0.518668
 20
-0.199079
 30
0.000000
  70
    32
  0
VERTEX
  8
0
  5
E538
 10
-0.515610
 20
-0.199801
 30
0.000000
  70
    32
  0
VERTEX
  8
0
  5
E539
 10
-0.512545
 20
-0.200042
 30
0.000000
  70
    32
  0
VERTEX
  8
0
  5
E53A
 10
-0.509480
 20
-0.199801
 30
0.000000
  70
    32
  0
VERTEX
  8
0
  5
E53B
 10
-0.506422
 20
-0.199079
 30
0.000000
  70
    32
  0
VERTEX
  8
0
  5
E53C
 10
-0.503380
 20
-0.197877
 30
0.000000
  70
    32
  0
VERTEX
  8
0
  5
E53D
 10
-0.500359
 20
-0.196199
 30
0.000000
  70
    32
  0
VERTEX
  8
0
  5
E53E
 10
-0.497367
 20
-0.194047
 30
0.000000
  70
    32
  0
VERTEX
  8
0
  5
E53F
 10
-0.494412
 20
-0.191429
 30
0.000000
  70
    32
  0
VERTEX
  8
0
  5
E540
 10
-0.491501
 20
-0.188349
 30
0.000000
  70
    32
  0
VERTEX
  8
0
  5
E541
 10
-0.488641
 20
-0.184815
 30
0.000000
  70
    32
  0
VERTEX
  8
0
  5
E542
 10
-0.485838
 20
-0.180837
 30
0.000000
  70
    32
  0
VERTEX
  8
0
  5
E543
 10
-0.483099
 20
-0.176422
 30
0.000000
  70
    32
  0
VERTEX
  8
0
  5
E544
 10
-0.480432
 20
-0.171583
 30
0.000000
  70
    32
  0
VERTEX
  8
0
  5
E545
 10
-0.477842
 20
-0.166330
 30
0.000000
  70
    32
  0
VERTEX
  8
0
  5
E546
 10
-0.475335
 20
-0.160677
 30
0.000000
  70
    32
  0
VERTEX
  8
0
  5
E547
 10
-0.472918
 20
-0.154636
 30
0.000000
  70
    32
  0
VERTEX
  8
0
  5
E548
 10
-0.470596
 20
-0.148223
 30
0.000000
  70
    32
  0
VERTEX
  8
0
  5
E549
 10
-0.468376
 20
-0.141453
 30
0.000000
  70
    32
  0
VERTEX
  8
0
  5
E54A
 10
-0.466262
 20
-0.134342
 30
0.000000
  70
    32
  0
VERTEX
  8
0
  5
E54B
 10
-0.464259
 20
-0.126908
 30
0.000000
  70
    32
  0
VERTEX
  8
0
  5
E54C
 10
-0.462373
 20
-0.119167
 30
0.000000
  70
    32
  0
VERTEX
  8
0
  5
E54D
 10
-0.460608
 20
-0.111140
 30
0.000000
  70
    32
  0
VERTEX
  8
0
  5
E54E
 10
-0.458967
 20
-0.102845
 30
0.000000
  70
    32
  0
VERTEX
  8
0
  5
E54F
 10
-0.457456
 20
-0.0943024
 30
0.000000
  70
    32
  0
VERTEX
  8
0
  5
E550
 10
-0.456078
 20
-0.0855325
 30
0.000000
  70
    32
  0
VERTEX
  8
0
  5
E551
 10
-0.454835
 20
-0.0765565
 30
0.000000
  70
    32
  0
VERTEX
  8
0
  5
E552
 10
-0.453732
 20
-0.0673962
 30
0.000000
  70
    32
  0
VERTEX
  8
0
  5
E553
 10
-0.452770
 20
-0.0580734
 30
0.000000
  70
    32
  0
VERTEX
  8
0
  5
E554
 10
-0.451952
 20
-0.0486108
 30
0.000000
  70
    32
  0
VERTEX
  8
0
  5
E555
 10
-0.451281
 20
-0.0390311
 30
0.000000
  70
    32
  0
VERTEX
  8
0
  5
E556
 10
-0.450757
 20
-0.0293574
 30
0.000000
  70
    32
  0
VERTEX
  8
0
  5
E557
 10
-0.450381
 20
-0.0196129
 30
0.000000
  70
    32
  0
VERTEX
  8
0
  5
E558
 10
-0.450156
 20
-0.00982126
 30
0.000000
  70
    32
  0
VERTEX
  8
0
  5
E559
 10
-0.450080
 20
-5.93779e-006
 30
0.000000
  70
    32
  0
VERTEX
  8
0
  5
E55A
 10
-0.450156
 20
0.00980938
 30
0.000000
  70
    32
  0
VERTEX
  8
0
  5
E55B
 10
-0.450381
 20
0.0196011
 30
0.000000
  70
    32
  0
VERTEX
  8
0
  5
E55C
 10
-0.450757
 20
0.0293455
 30
0.000000
  70
    32
  0
VERTEX
  8
0
  5
E55D
 10
-0.451281
 20
0.0390192
 30
0.000000
  70
    32
  0
VERTEX
  8
0
  5
E55E
 10
-0.451952
 20
0.0485989
 30
0.000000
  70
    32
  0
VERTEX
  8
0
  5
E55F
 10
-0.452770
 20
0.0580615
 30
0.000000
  70
    32
  0
VERTEX
  8
0
  5
E560
 10
-0.453732
 20
0.0673843
 30
0.000000
  70
    32
  0
VERTEX
  8
0
  5
E561
 10
-0.454835
 20
0.0765447
 30
0.000000
  70
    32
  0
VERTEX
  8
0
  5
E562
 10
-0.456078
 20
0.0855206
 30
0.000000
  70
    32
  0
VERTEX
  8
0
  5
E563
 10
-0.457456
 20
0.0942905
 30
0.000000
  70
    32
  0
VERTEX
  8
0
  5
E564
 10
-0.458967
 20
0.102833
 30
0.000000
  70
    32
  0
VERTEX
  8
0
  5
E565
 10
-0.460608
 20
0.111128
 30
0.000000
  70
    32
  0
VERTEX
  8
0
  5
E566
 10
-0.462373
 20
0.119156
 30
0.000000
  70
    32
  0
VERTEX
  8
0
  5
E567
 10
-0.464259
 20
0.126896
 30
0.000000
  70
    32
  0
VERTEX
  8
0
  5
E568
 10
-0.466262
 20
0.134330
 30
0.000000
  70
    32
  0
VERTEX
  8
0
  5
E569
 10
-0.468376
 20
0.141441
 30
0.000000
  70
    32
  0
VERTEX
  8
0
  5
E56A
 10
-0.470596
 20
0.148211
 30
0.000000
  70
    32
  0
VERTEX
  8
0
  5
E56B
 10
-0.472918
 20
0.154624
 30
0.000000
  70
    32
  0
VERTEX
  8
0
  5
E56C
 10
-0.475335
 20
0.160665
 30
0.000000
  70
    32
  0
VERTEX
  8
0
  5
E56D
 10
-0.477841
 20
0.166318
 30
0.000000
  70
    32
  0
VERTEX
  8
0
  5
E56E
 10
-0.480432
 20
0.171571
 30
0.000000
  70
    32
  0
VERTEX
  8
0
  5
E56F
 10
-0.483099
 20
0.176410
 30
0.000000
  70
    32
  0
VERTEX
  8
0
  5
E570
 10
-0.485838
 20
0.180825
 30
0.000000
  70
    32
  0
VERTEX
  8
0
  5
E571
 10
-0.488641
 20
0.184804
 30
0.000000
  70
    32
  0
VERTEX
  8
0
  5
E572
 10
-0.491501
 20
0.188337
 30
0.000000
  70
    32
  0
VERTEX
  8
0
  5
E573
 10
-0.494412
 20
0.191417
 30
0.000000
  70
    32
  0
VERTEX
  8
0
  5
E574
 10
-0.497367
 20
0.194036
 30
0.000000
  70
    32
  0
VERTEX
  8
0
  5
E575
 10
-0.500359
 20
0.196187
 30
0.000000
  70
    32
  0
VERTEX
  8
0
  5
E576
 10
-0.503379
 20
0.197865
 30
0.000000
  70
    32
  0
VERTEX
  8
0
  5
E577
 10
-0.506422
 20
0.199067
 30
0.000000
  70
    32
  0
VERTEX
  8
0
  5
E578
 10
-0.509480
 20
0.199789
 30
0.000000
  70
    32
  0
VERTEX
  8
0
  5
E579
 10
-0.512545
 20
0.200030
 30
0.000000
  70
    32
  0
SEQEND
  8
0
  5
E57A
  0
LINE
  5
E006
  8
0
 10
-0.2000241576072392
 20
0.2000302621866141
 30
0.0
 11
-0.1999999399037677
 21
0.0000319445110573
 31
0.0
  0
LINE
  5
E007
  8
0
 10
-0.1999999399037677
 20
0.0000319445110573
 30
0.0
 11
-0.2000000564844493
 21
-0.2000880570837014
 31
0.0
  0
ENDBLK
  5
D2F9
  8
0
  0
BLOCK
  8
0
  2
VALVNORITORNO_DX
 70
     0
 10
0.0
 20
0.0
 30
0.0
  3
VALVNORITORNO_DX
  1

  0
LINE
  5
D2FC
  8
0
 10
0.0
 20
0.0
 30
0.0
 11
0.1083009846770437
 21
-0.0625276026585198
 31
0.0
  0
LINE
  5
D2FD
  8
0
 10
-0.0557047751171922
 20
0.096524440083158
 30
0.0
 11
0.0555901496445586
 21
0.096524440083158
 31
0.0
  0
LINE
  5
D2FE
  8
0
 10
0.0555901496445586
 20
0.096524440083158
 30
0.0
 11
-0.0557047751171922
 21
0.096524440083158
 31
0.0
  0
LINE
  5
D2FF
  8
0
 10
-0.1083009846770437
 20
0.0625276026585198
 30
0.0
 11
-0.1083009846770437
 21
-0.0625276026585198
 31
0.0
  0
LINE
  5
D300
  8
0
 10
0.0
 20
0.0
 30
0.0
 11
-0.1083009846770437
 21
0.0625276026585198
 31
0.0
  0
LINE
  5
D301
  8
0
 10
-0.080232951855578
 20
0.096524440083158
 30
0.0
 11
-0.0557047751171922
 21
0.1106857895247231
 31
0.0
  0
LINE
  5
D302
  8
0
 10
-0.0557047751171922
 20
0.1106857895247231
 30
0.0
 11
-0.0557047751171922
 21
0.0823630906415929
 31
0.0
  0
LINE
  5
D303
  8
0
 10
-0.0557047751171922
 20
0.0823630906415929
 30
0.0
 11
-0.080232951855578
 21
0.096524440083158
 31
0.0
  0
LINE
  5
D304
  8
0
 10
-0.0557047751171922
 20
0.096524440083158
 30
0.0
 11
-0.0557047751171922
 21
0.096524440083158
 31
0.0
  0
LINE
  5
D305
  8
0
 10
0.1083009846770437
 20
-0.0625276026585198
 30
0.0
 11
0.1083009846770437
 21
0.0625276026585198
 31
0.0
  0
LINE
  5
D306
  8
0
 10
0.0555901496445586
 20
0.096524440083158
 30
0.0
 11
0.0555901496445586
 21
0.096524440083158
 31
0.0
  0
ENDBLK
  5
D307
  8
0
  0
BLOCK
  8
0
  2
VALVNORITORNO_SX
 70
     0
 10
0.0
 20
0.0
 30
0.0
  3
VALVNORITORNO_SX
  1

  0
LINE
  5
D30A
  8
0
 10
-0.0557047751171922
 20
0.096524440083158
 30
0.0
 11
0.0555901496445586
 21
0.096524440083158
 31
0.0
  0
LINE
  5
D30B
  8
0
 10
0.0
 20
0.0
 30
0.0
 11
0.1083009846770437
 21
-0.0625276026585198
 31
0.0
  0
LINE
  5
D30C
  8
0
 10
0.0
 20
0.0
 30
0.0
 11
-0.1083009846770437
 21
0.0625276026585198
 31
0.0
  0
LINE
  5
D30D
  8
0
 10
-0.1083009846770437
 20
0.0625276026585198
 30
0.0
 11
-0.1083009846770437
 21
-0.0625276026585198
 31
0.0
  0
LINE
  5
D30E
  8
0
 10
0.0801183263793064
 20
0.096524440083158
 30
0.0
 11
0.0555901496445586
 21
0.1106857895247231
 31
0.0
  0
LINE
  5
D30F
  8
0
 10
0.0555901496445586
 20
0.1106857895247231
 30
0.0
 11
0.0555901496445586
 21
0.0823630906415929
 31
0.0
  0
LINE
  5
D310
  8
0
 10
0.0555901496445586
 20
0.0823630906415929
 30
0.0
 11
0.0801183263793064
 21
0.096524440083158
 31
0.0
  0
LINE
  5
D311
  8
0
 10
0.0555901496445586
 20
0.096524440083158
 30
0.0
 11
0.0555901496445586
 21
0.096524440083158
 31
0.0
  0
LINE
  5
D312
  8
0
 10
0.1083009846770437
 20
-0.0625276026585198
 30
0.0
 11
0.1083009846770437
 21
0.0625276026585198
 31
0.0
  0
ENDBLK
  5
D313
  8
0
  0
BLOCK
  8
0
  2
VALVOLA2VIE
 70
     0
 10
0.0
 20
0.0
 30
0.0
  3
VALVOLA2VIE
  1

  0
LINE
  5
D316
  8
0
 10
-0.1083009846770437
 20
-0.0625276026585198
 30
0.0
 11
0.0
 21
0.0
 31
0.0
  0
LINE
  5
D317
  8
0
 10
0.0
 20
0.0
 30
0.0
 11
-0.1083009846770437
 21
0.0625276026585198
 31
0.0
  0
LINE
  5
D318
  8
0
 10
-0.1083009846770437
 20
0.0625276026585198
 30
0.0
 11
-0.1083009846770437
 21
-0.0625276026585198
 31
0.0
  0
LINE
  5
D319
  8
0
 10
0.1083009846770437
 20
0.0625276026585198
 30
0.0
 11
0.0
 21
0.0
 31
0.0
  0
LINE
  5
D31A
  8
0
 10
0.0
 20
0.0
 30
0.0
 11
0.1083009846770437
 21
-0.0625276026585198
 31
0.0
  0
LINE
  5
D31B
  8
0
 10
0.1083009846770437
 20
-0.0625276026585198
 30
0.0
 11
0.1083009846770437
 21
0.0625276026585198
 31
0.0
  0
ENDBLK
  5
D31C
  8
0
  0
BLOCK
  8
0
  2
VALVOLA3VIE
 70
     0
 10
0.0
 20
0.0
 30
0.0
  3
VALVOLA3VIE
  1

  0
LINE
  5
D31F
  8
0
 10
-0.1083009846770437
 20
-0.0625276026585198
 30
0.0
 11
0.0
 21
0.0
 31
0.0
  0
LINE
  5
D320
  8
0
 10
0.0
 20
0.0
 30
0.0
 11
-0.1083009846770437
 21
0.0625276026585198
 31
0.0
  0
LINE
  5
D321
  8
0
 10
-0.1083009846770437
 20
0.0625276026585198
 30
0.0
 11
-0.1083009846770437
 21
-0.0625276026585198
 31
0.0
  0
LINE
  5
D322
  8
0
 10
0.1083009846770437
 20
0.0625276026585198
 30
0.0
 11
0.0
 21
0.0
 31
0.0
  0
LINE
  5
D323
  8
0
 10
0.0
 20
0.0
 30
0.0
 11
0.1083009846770437
 21
-0.0625276026585198
 31
0.0
  0
LINE
  5
D324
  8
0
 10
-0.0625276026585198
 20
-0.1083009846770437
 30
0.0
 11
0.0625276026585198
 21
-0.1083009846770437
 31
0.0
  0
LINE
  5
D325
  8
0
 10
0.0
 20
0.0
 30
0.0
 11
-0.0625276026585198
 21
-0.1083009846770437
 31
0.0
  0
LINE
  5
D326
  8
0
 10
0.0625276026585198
 20
-0.1083009846770437
 30
0.0
 11
0.0
 21
0.0
 31
0.0
  0
LINE
  5
D327
  8
0
 10
0.1083009846770437
 20
-0.0625276026585198
 30
0.0
 11
0.1083009846770437
 21
0.0625276026585198
 31
0.0
  0
ENDBLK
  5
D328
  8
0
  0
BLOCK
  8
0
  2
VALVOLASFERA
 70
     0
 10
0.0
 20
0.0
 30
0.0
  3
VALVOLASFERA
  1

  0
LINE
  5
D32B
  8
0
 10
0.0
 20
0.0
 30
0.0
 11
-0.1083009846770437
 21
0.0625276026585198
 31
0.0
  0
LINE
  5
D32C
  8
0
 10
-0.1083009846770437
 20
-0.0625276026585198
 30
0.0
 11
0.0
 21
0.0
 31
0.0
  0
LINE
  5
D32D
  8
0
 10
-0.1083009846770437
 20
0.0625276026585198
 30
0.0
 11
-0.1083009846770437
 21
-0.0625276026585198
 31
0.0
  0
LINE
  5
D32E
  8
0
 10
0.0
 20
0.0
 30
0.0
 11
0.1083009846770437
 21
-0.0625276026585198
 31
0.0
  0
LINE
  5
D32F
  8
0
 10
0.1083009846770437
 20
-0.0625276026585198
 30
0.0
 11
0.1083009846770437
 21
0.0625276026585198
 31
0.0
  0
LINE
  5
D330
  8
0
 10
0.1083009846770437
 20
0.0625276026585198
 30
0.0
 11
0.0
 21
0.0
 31
0.0
  0
CIRCLE
  5
D331
  8
0
 10
0.0
 20
0.0
 30
0.0
 40
0.016681737794564
  0
ENDBLK
  5
D332
  8
0
  0
BLOCK
  8
0
  2
NORD
 70
     0
 10
0.0
 20
0.0
 30
0.0
  3
NORD
  1

  0
CIRCLE
  5
D335
  8
0
 62
     0
 10
0.0
 20
0.0
 30
0.0
 40
0.9481839622641755
  0
LINE
  5
D336
  8
0
 62
     0
 10
-0.8405660377356981
 20
0.4387500000011644
 30
0.0
 11
-0.4018160377345339
 21
0.0
 31
0.0
  0
LINE
  5
D337
  8
0
 62
     0
 10
-0.3500234421844652
 20
0.3184282312795403
 30
0.0
 11
-0.8405660377356981
 21
0.4387500000011644
 31
0.0
  0
LINE
  5
D338
  8
0
 62
     0
 10
-0.8405660377393358
 20
-0.4387500000011644
 30
0.0
 11
0.9481839622640107
 21
0.000000000003638
 31
0.0
  0
LINE
  5
D339
  8
0
 62
     0
 10
-0.4018160377345339
 20
0.0
 30
0.0
 11
-0.8405660377393358
 21
-0.4387500000011644
 31
0.0
  0
LINE
  5
D33A
  8
0
 62
     0
 10
-0.4018160377345339
 20
0.0
 30
0.0
 11
0.9481839622640107
 21
0.000000000003638
 31
0.0
  0
LINE
  5
D33B
  8
0
 62
     0
 10
0.9481839622640107
 20
0.000000000003638
 30
0.0
 11
-0.3500234421844652
 21
0.3184282312795403
 31
0.0
  0
ENDBLK
  5
D33C
  8
0
  0
BLOCK
  8
0
  2
FINESTRA
 70
     0
 10
0.0
 20
0.0
 30
0.0
  3
FINESTRA
  1

  0
LINE
  5
D33F
  8
0
 10
-0.518298517067632
 20
0.0289435773347022
 30
0.0
 11
0.4880116513823678
 21
0.0289435773347022
 31
0.0
  0
LINE
  5
D340
  8
0
 10
0.4880116513823678
 20
-0.029059834591918
 30
0.0
 11
-0.518298517067632
 21
-0.029059834591918
 31
0.0
  0
LINE
  5
D341
  8
0
 10
-0.518298517067632
 20
-0.029059834591918
 30
0.0
 11
-0.518298517067632
 21
0.0289435773347022
 31
0.0
  0
LINE
  5
D342
  8
0
 10
0.0
 20
0.0
 30
0.0
 11
0.0
 21
0.1052397654879851
 31
0.0
  0
LINE
  5
D343
  8
0
 10
0.0
 20
0.0
 30
0.0
 11
0.0
 21
-0.1102511833063908
 31
0.0
  0
LINE
  5
D344
  8
0
 10
0.4880116513823678
 20
0.0289435773347022
 30
0.0
 11
0.4880116513823678
 21
-0.029059834591918
 31
0.0
  0
ENDBLK
  5
D345
  8
0
  0
BLOCK
  8
0
  2
PORTA1
 70
     0
 10
0.0
 20
0.0
 30
0.0
  3
PORTA1
  1

  0
LINE
  5
D348
  8
0
 10
0.0
 20
0.0
 30
0.0
 11
0.0
 21
-0.0653236290117008
 31
0.0
  0
LINE
  5
D349
  8
0
 10
0.4581918671194816
 20
0.0255359195273357
 30
0.0
 11
-0.5429293694230495
 21
0.0255359195273357
 31
0.0
  0
LINE
  5
D34A
  8
0
 10
-0.5429293694230495
 20
-0.0236727802127845
 30
0.0
 11
0.4581918671194816
 21
-0.0236727802127845
 31
0.0
  0
ARC
  5
D34B
  8
0
 10
0.5657603766396875
 20
-0.0854887542170602
 30
0.0
 40
1.1141786357987311
 50
95.540466416114796
 51
174.28081213103181
  0
LINE
  5
D34C
  8
0
 10
-0.5429293694230495
 20
0.0255359195273357
 30
0.0
 11
-0.5429293694230495
 21
-0.0236727802127845
 31
0.0
  0
LINE
  5
D34D
  8
0
 10
0.0
 20
0.0
 30
0.0
 11
0.0
 21
0.0717488816676166
 31
0.0
  0
LINE
  5
D34E
  8
0
 10
0.4581918671194816
 20
0.0255359195273357
 30
0.0
 11
0.4581918671194816
 21
1.0234851175357611
 31
0.0
  0
LINE
  5
D34F
  8
0
 10
0.4581918671194816
 20
-0.0236727802127845
 30
0.0
 11
0.4581918671194816
 21
0.0255359195273357
 31
0.0
  0
ENDBLK
  5
D350
  8
0
  0
BLOCK
  8
0
  2
PORTA2
 70
     0
 10
0.0
 20
0.0
 30
0.0
  3
PORTA2
  1

  0
LINE
  5
D353
  8
0
 10
-0.4693447558723918
 20
-0.0261823220246811
 30
0.0
 11
-0.4693447558723918
 21
0.0230263777154392
 31
0.0
  0
LINE
  5
D354
  8
0
 10
-0.4693447558723918
 20
-0.0261823220246811
 30
0.0
 11
-0.4693447558723918
 21
0.0230263777154392
 31
0.0
  0
LINE
  5
D355
  8
0
 10
0.5317764806701391
 20
0.0230263777154392
 30
0.0
 11
0.5317764806701391
 21
-0.0261823220246811
 31
0.0
  0
LINE
  5
D356
  8
0
 10
0.0
 20
0.0
 30
0.0
 11
0.0
 21
-0.1253325726141554
 31
0.0
  0
LINE
  5
D357
  8
0
 10
0.5317764806701391
 20
-0.0261823220246811
 30
0.0
 11
-0.4693447558723918
 21
-0.0261823220246811
 31
0.0
  0
ARC
  5
D358
  8
0
 10
-0.5769132653925979
 20
-0.0879982960289567
 30
0.0
 40
1.1141786357987311
 50
5.7191878689679303
 51
84.459533583885161
  0
LINE
  5
D359
  8
0
 10
-0.4693447558723918
 20
0.0230263777154392
 30
0.0
 11
0.5317764806701391
 21
0.0230263777154392
 31
0.0
  0
LINE
  5
D35A
  8
0
 10
-0.4693447558723918
 20
0.0230263777154392
 30
0.0
 11
-0.4693447558723918
 21
1.0209755757238641
 31
0.0
  0
LINE
  5
D35B
  8
0
 10
-0.4693447558723918
 20
0.0230263777154392
 30
0.0
 11
-0.4693447558723918
 21
1.0209755757238641
 31
0.0
  0
LINE
  5
D35C
  8
0
 10
0.0
 20
0.1019654680061706
 30
0.0
 11
0.0
 21
0.0
 31
0.0
  0
ENDBLK
  5
D35D
  8
0
  0
BLOCK
  8
0
  2
PORTA4
 70
     0
 10
0.0
 20
0.0
 30
0.0
  3
PORTA4
  1

  0
ARC
  5
D360
  8
0
 10
0.6109125568025604
 20
0.0877238584240345
 30
0.0
 40
1.1141786357987311
 50
185.71918786896771
 51
264.4595335838851
  0
LINE
  5
D361
  8
0
 10
-0.4977771892601768
 20
0.0259078844197589
 30
0.0
 11
0.5033440472823543
 21
0.0259078844197589
 31
0.0
  0
LINE
  5
D362
  8
0
 10
0.5033440472823543
 20
-0.0233008153203613
 30
0.0
 11
-0.4977771892601768
 21
-0.0233008153203613
 31
0.0
  0
LINE
  5
D363
  8
0
 10
-0.4977771892601768
 20
0.0259078844197589
 30
0.0
 11
0.5033440472823543
 21
0.0259078844197589
 31
0.0
  0
LINE
  5
D364
  8
0
 10
-0.4977771892601768
 20
-0.0233008153203613
 30
0.0
 11
-0.4977771892601768
 21
0.0259078844197589
 31
0.0
  0
LINE
  5
D365
  8
0
 10
0.0
 20
-0.0030280672973291
 30
0.0
 11
0.0
 21
-0.0968975947209643
 31
0.0
  0
LINE
  5
D366
  8
0
 10
0.0
 20
0.075701263338047
 30
0.0
 11
0.0
 21
-0.0030280672973291
 31
0.0
  0
LINE
  5
D367
  8
0
 10
0.5033440472823543
 20
-0.0233008153203613
 30
0.0
 11
0.5033440472823543
 21
-1.0212500133287881
 31
0.0
  0
LINE
  5
D368
  8
0
 10
0.5033440472823543
 20
0.0259078844197589
 30
0.0
 11
0.5033440472823543
 21
-0.0233008153203613
 31
0.0
  0
ENDBLK
  5
D369
  8
0
  0
BLOCK
  8
0
  2
PORTA3
 70
     0
 10
0.0
 20
0.0
 30
0.0
  3
PORTA3
  1

  0
LINE
  5
D36C
  8
0
 10
-0.4770229424004813
 20
-0.0234419106905364
 30
0.0
 11
0.5240982941420498
 21
-0.0234419106905364
 31
0.0
  0
LINE
  5
D36D
  8
0
 10
0.5240982941420498
 20
0.0257667890495839
 30
0.0
 11
-0.4770229424004813
 21
0.0257667890495839
 31
0.0
  0
ARC
  5
D36E
  8
0
 10
-0.5845914519206872
 20
0.0875827630538595
 30
0.0
 40
1.1141786357987311
 50
275.54046641611473
 51
354.28081213103201
  0
LINE
  5
D36F
  8
0
 10
-0.4770229424004813
 20
-0.0234419106905364
 30
0.0
 11
-0.4770229424004813
 21
-1.0213911086989631
 31
0.0
  0
LINE
  5
D370
  8
0
 10
-0.4770229424004813
 20
-0.0234419106905364
 30
0.0
 11
-0.4770229424004813
 21
-1.0213911086989631
 31
0.0
  0
LINE
  5
D371
  8
0
 10
-0.4770229424004813
 20
0.0257667890495839
 30
0.0
 11
-0.4770229424004813
 21
-0.0234419106905364
 31
0.0
  0
LINE
  5
D372
  8
0
 10
-0.4770229424004813
 20
0.0257667890495839
 30
0.0
 11
-0.4770229424004813
 21
-0.0234419106905364
 31
0.0
  0
LINE
  5
D373
  8
0
 10
0.0
 20
0.0030280672973291
 30
0.0
 11
0.0
 21
-0.0968975947209572
 31
0.0
  0
LINE
  5
D374
  8
0
 10
0.0
 20
0.0847853953808411
 30
0.0
 11
0.0
 21
0.0030280672973291
 31
0.0
  0
LINE
  5
D375
  8
0
 10
0.5240982941420498
 20
-0.0234419106905364
 30
0.0
 11
0.5240982941420498
 21
0.0257667890495839
 31
0.0
  0
ENDBLK
  5
D376
  8
0
  0
BLOCK
  8
0
  2
*X34
 70
     1
 10
0.0
 20
0.0
 30
0.0
  3
*X34
  1

  0
LINE
  5
D379
  8
0
 62
     0
 10
-2.8485119418943969
 20
4.3038449250785122
 30
0.0
 11
-2.8485111503676781
 21
4.3038462960430071
 31
0.0
  0
LINE
  5
D37A
  8
0
 62
     0
 10
-2.8485119418903002
 20
4.3060099885856067
 30
0.0
 11
-2.8478869418903021
 21
4.3070925203403361
 31
0.0
  0
LINE
  5
D37B
  8
0
 62
     0
 10
-2.8503869418903021
 20
4.3027623933214141
 30
0.0
 11
-2.8497619418903022
 21
4.303844925076147
 31
0.0
  0
LINE
  5
D37C
  8
0
 62
     0
 10
-2.8521225416736842
 20
4.2997562463149883
 30
0.0
 11
-2.8516369418903
 21
4.3005973298119562
 31
0.0
  0
LINE
  5
D37D
  8
0
 62
     0
 10
-2.848511941886203
 20
4.308175052092702
 30
0.0
 11
-2.8478869418862049
 21
4.3092575838474332
 31
0.0
  0
LINE
  5
D37E
  8
0
 62
     0
 10
-2.850386941886204
 20
4.3049274568285121
 30
0.0
 11
-2.849761941886205
 21
4.306009988583245
 31
0.0
  0
LINE
  5
D37F
  8
0
 62
     0
 10
-2.8522619418862041
 20
4.301679861564323
 30
0.0
 11
-2.8516369418862042
 21
4.3027623933190524
 31
0.0
  0
LINE
  5
D380
  8
0
 62
     0
 10
-2.8538719381741422
 20
4.2988912661936194
 30
0.0
 11
-2.8535119418862021
 21
4.299514798054858
 31
0.0
  0
LINE
  5
D381
  8
0
 62
     0
 10
-2.8485119418821081
 20
4.3103401155998
 30
0.0
 11
-2.8481190749643801
 21
4.3110205810619187
 31
0.0
  0
LINE
  5
D382
  8
0
 62
     0
 10
-2.8503869418821082
 20
4.3070925203356092
 30
0.0
 11
-2.8497619418821021
 21
4.308175052090335
 31
0.0
  0
LINE
  5
D383
  8
0
 62
     0
 10
-2.852261941882106
 20
4.303844925071413
 30
0.0
 11
-2.8516369418821061
 21
4.3049274568261451
 31
0.0
  0
LINE
  5
D384
  8
0
 62
     0
 10
-2.8541369418821061
 20
4.3005973298072231
 30
0.0
 11
-2.8535119418821071
 21
4.301679861561956
 31
0.0
  0
LINE
  5
D385
  8
0
 62
     0
 10
-2.850386941878011
 20
4.3092575838427027
 30
0.0
 11
-2.849761941878012
 21
4.310340115597433
 31
0.0
  0
LINE
  5
D386
  8
0
 62
     0
 10
-2.852261941878012
 20
4.306009988578511
 30
0.0
 11
-2.8516369418780121
 21
4.3070925203332431
 31
0.0
  0
LINE
  5
D387
  8
0
 62
     0
 10
-2.854136941878012
 20
4.3027623933143211
 30
0.0
 11
-2.8535119418780122
 21
4.3038449250690514
 31
0.0
  0
LINE
  5
D388
  8
0
 62
     0
 10
-2.8560119418780121
 20
4.2995147980501294
 30
0.0
 11
-2.855386941878006
 21
4.3005973298048561
 31
0.0
  0
LINE
  5
D389
  8
0
 62
     0
 10
-2.8503869418739121
 20
4.3114226473497981
 30
0.0
 11
-2.8497619418739122
 21
4.312505179104531
 31
0.0
  0
LINE
  5
D38A
  8
0
 62
     0
 10
-2.8522619418739121
 20
4.308175052085609
 30
0.0
 11
-2.8516369418739109
 21
4.3092575838403393
 31
0.0
  0
LINE
  5
D38B
  8
0
 62
     0
 10
-2.8541369418739122
 20
4.3049274568214164
 30
0.0
 11
-2.8535119418739141
 21
4.3060099885761431
 31
0.0
  0
LINE
  5
D38C
  8
0
 62
     0
 10
-2.8560119418739141
 20
4.3016798615572212
 30
0.0
 11
-2.8553869418739142
 21
4.3027623933119532
 31
0.0
  0
LINE
  5
D38D
  8
0
 62
     0
 10
-2.8578869418739141
 20
4.2984322662930321
 30
0.0
 11
-2.8572619418739129
 21
4.2995147980477642
 31
0.0
  0
LINE
  5
D38E
  8
0
 62
     0
 10
-2.850386941869818
 20
4.3135877108568961
 30
0.0
 11
-2.8499928593143422
 21
4.3142702818653564
 31
0.0
  0
LINE
  5
D38F
  8
0
 62
     0
 10
-2.8522619418698181
 20
4.3103401155927044
 30
0.0
 11
-2.8516369418698182
 21
4.3114226473474311
 31
0.0
  0
LINE
  5
D390
  8
0
 62
     0
 10
-2.8541369418698181
 20
4.3070925203285091
 30
0.0
 11
-2.853511941869816
 21
4.308175052083242
 31
0.0
  0
LINE
  5
D391
  8
0
 62
     0
 10
-2.8560119418698182
 20
4.30384492506432
 30
0.0
 11
-2.8553869418698161
 21
4.3049274568190521
 31
0.0
  0
LINE
  5
D392
  8
0
 62
     0
 10
-2.8578869418698161
 20
4.3005973298001292
 30
0.0
 11
-2.857261941869818
 21
4.3016798615548604
 31
0.0
  0
LINE
  5
D393
  8
0
 62
     0
 10
-2.85226194186572
 20
4.312505179099797
 30
0.0
 11
-2.851636941865721
 21
4.3135877108545291
 31
0.0
  0
LINE
  5
D394
  8
0
 62
     0
 10
-2.854136941865721
 20
4.3092575838356071
 30
0.0
 11
-2.853511941865722
 21
4.3103401155903391
 31
0.0
  0
LINE
  5
D395
  8
0
 62
     0
 10
-2.856011941865721
 20
4.3060099885714171
 30
0.0
 11
-2.8553869418657221
 21
4.3070925203261474
 31
0.0
  0
LINE
  5
D396
  8
0
 62
     0
 10
-2.857886941865722
 20
4.3027623933072254
 30
0.0
 11
-2.8572619418657221
 21
4.303844925061953
 31
0.0
  0
LINE
  5
D397
  8
0
 62
     0
 10
-2.8597619418657221
 20
4.299514798043031
 30
0.0
 11
-2.8591369418657222
 21
4.3005973297977631
 31
0.0
  0
LINE
  5
D398
  8
0
 62
     0
 10
-2.8522619418616242
 20
4.314670242606895
 30
0.0
 11
-2.8516369418616221
 21
4.3157527743616271
 31
0.0
  0
LINE
  5
D399
  8
0
 62
     0
 10
-2.854136941861622
 20
4.3114226473427051
 30
0.0
 11
-2.8535119418616239
 21
4.3125051790974354
 31
0.0
  0
LINE
  5
D39A
  8
0
 62
     0
 10
-2.8560119418616221
 20
4.3081750520785134
 30
0.0
 11
-2.8553869418616231
 21
4.309257583833241
 31
0.0
  0
LINE
  5
D39B
  8
0
 62
     0
 10
-2.8578869418616231
 20
4.3049274568143181
 30
0.0
 11
-2.8572619418616241
 21
4.306009988569051
 31
0.0
  0
LINE
  5
D39C
  8
0
 62
     0
 10
-2.8597619418616231
 20
4.301679861550129
 30
0.0
 11
-2.8591369418616241
 21
4.3027623933048602
 31
0.0
  0
LINE
  5
D39D
  8
0
 62
     0
 10
-2.861228107840442
 20
4.2991403875824892
 30
0.0
 11
-2.8610119418616242
 21
4.2995147980406641
 31
0.0
  0
LINE
  5
D39E
  8
0
 62
     0
 10
-2.8541369418575271
 20
4.3135877108498004
 30
0.0
 11
-2.8535119418575272
 21
4.314670242604528
 31
0.0
  0
LINE
  5
D39F
  8
0
 62
     0
 10
-2.8560119418575272
 20
4.310340115585606
 30
0.0
 11
-2.855386941857526
 21
4.3114226473403372
 31
0.0
  0
LINE
  5
D3A0
  8
0
 62
     0
 10
-2.857886941857525
 20
4.3070925203214161
 30
0.0
 11
-2.857261941857526
 21
4.3081750520761473
 31
0.0
  0
LINE
  5
D3A1
  8
0
 62
     0
 10
-2.859761941857526
 20
4.3038449250572244
 30
0.0
 11
-2.8591369418575261
 21
4.3049274568119511
 31
0.0
  0
LINE
  5
D3A2
  8
0
 62
     0
 10
-2.861636941857526
 20
4.3005973297930291
 30
0.0
 11
-2.8610119418575279
 21
4.3016798615477612
 31
0.0
  0
LINE
  5
D3A3
  8
0
 62
     0
 10
-2.8541369418534281
 20
4.3157527743568931
 30
0.0
 11
-2.8535241151003081
 21
4.3168142214295351
 31
0.0
  0
LINE
  5
D3A4
  8
0
 62
     0
 10
-2.85601194185343
 20
4.3125051790927031
 30
0.0
 11
-2.8553869418534301
 21
4.3135877108474352
 31
0.0
  0
LINE
  5
D3A5
  8
0
 62
     0
 10
-2.8578869418534261
 20
4.3092575838285132
 30
0.0
 11
-2.8572619418534302
 21
4.310340115583239
 31
0.0
  0
LINE
  5
D3A6
  8
0
 62
     0
 10
-2.8597619418534301
 20
4.306009988564317
 30
0.0
 11
-2.859136941853428
 21
4.3070925203190491
 31
0.0
  0
LINE
  5
D3A7
  8
0
 62
     0
 10
-2.8616369418534302
 20
4.3027623933001271
 30
0.0
 11
-2.8610119418534281
 21
4.30384492505486
 31
0.0
  0
LINE
  5
D3A8
  8
0
 62
     0
 10
-2.8630874657101599
 20
4.3002500122826834
 30
0.0
 11
-2.86288694185343
 21
4.3005973297906683
 31
0.0
  0
LINE
  5
D3A9
  8
0
 62
     0
 10
-2.8560119418493342
 20
4.3146702425998011
 30
0.0
 11
-2.8553869418493321
 21
4.3157527743545314
 31
0.0
  0
LINE
  5
D3AA
  8
0
 62
     0
 10
-2.8578869418493311
 20
4.3114226473356094
 30
0.0
 11
-2.857261941849333
 21
4.312505179090337
 31
0.0
  0
LINE
  5
D3AB
  8
0
 62
     0
 10
-2.859761941849333
 20
4.308175052071415
 30
0.0
 11
-2.859136941849334
 21
4.3092575838261471
 31
0.0
  0
LINE
  5
D3AC
  8
0
 62
     0
 10
-2.861636941849333
 20
4.3049274568072251
 30
0.0
 11
-2.8610119418493341
 21
4.3060099885619563
 31
0.0
  0
LINE
  5
D3AD
  8
0
 62
     0
 10
-2.863511941849334
 20
4.3016798615430334
 30
0.0
 11
-2.8628869418493341
 21
4.302762393297761
 31
0.0
  0
LINE
  5
D3AE
  8
0
 62
     0
 10
-2.8560119418452361
 20
4.3168353061068947
 30
0.0
 11
-2.8556673844803959
 21
4.3174320969689211
 31
0.0
  0
LINE
  5
D3AF
  8
0
 62
     0
 10
-2.8578869418452362
 20
4.3135877108427021
 30
0.0
 11
-2.8572619418452341
 21
4.314670242597435
 31
0.0
  0
LINE
  5
D3B0
  8
0
 62
     0
 10
-2.859761941845238
 20
4.310340115578513
 30
0.0
 11
-2.8591369418452381
 21
4.3114226473332433
 31
0.0
  0
LINE
  5
D3B1
  8
0
 62
     0
 10
-2.8616369418452381
 20
4.3070925203143204
 30
0.0
 11
-2.8610119418452382
 21
4.308175052069048
 31
0.0
  0
LINE
  5
D3B2
  8
0
 62
     0
 10
-2.8635119418452382
 20
4.3038449250501261
 30
0.0
 11
-2.8628869418452361
 21
4.3049274568048572
 31
0.0
  0
LINE
  5
D3B3
  8
0
 62
     0
 10
-2.8578869418411381
 20
4.3157527743498001
 30
0.0
 11
-2.85726194184114
 21
4.3168353061045313
 31
0.0
  0
LINE
  5
D3B4
  8
0
 62
     0
 10
-2.85976194184114
 20
4.3125051790856084
 30
0.0
 11
-2.859136941841141
 21
4.313587710840336
 31
0.0
  0
LINE
  5
D3B5
  8
0
 62
     0
 10
-2.86163694184114
 20
4.3092575838214131
 30
0.0
 11
-2.861011941841141
 21
4.310340115576146
 31
0.0
  0
LINE
  5
D3B6
  8
0
 62
     0
 10
-2.8635119418411401
 20
4.3060099885572241
 30
0.0
 11
-2.862886941841138
 21
4.3070925203119561
 31
0.0
  0
LINE
  5
D3B7
  8
0
 62
     0
 10
-2.8653869418411402
 20
4.3027623932930332
 30
0.0
 11
-2.8647619418411381
 21
4.3038449250477644
 31
0.0
  0
LINE
  5
D3B8
  8
0
 62
     0
 10
-2.8597619418370441
 20
4.314670242592701
 30
0.0
 11
-2.8591369418370429
 21
4.3157527743474331
 31
0.0
  0
LINE
  5
D3B9
  8
0
 62
     0
 10
-2.8616369418370442
 20
4.3114226473285111
 30
0.0
 11
-2.861011941837043
 21
4.3125051790832432
 31
0.0
  0
LINE
  5
D3BA
  8
0
 62
     0
 10
-2.8635119418370421
 20
4.3081750520643212
 30
0.0
 11
-2.8628869418370431
 21
4.3092575838190514
 31
0.0
  0
LINE
  5
D3BB
  8
0
 62
     0
 10
-2.865386941837043
 20
4.304927456800125
 30
0.0
 11
-2.8647619418370431
 21
4.3060099885548571
 31
0.0
  0
LINE
  5
D3BC
  8
0
 62
     0
 10
-2.8597619418329461
 20
4.316835306099799
 30
0.0
 11
-2.859495301944678
 21
4.3172971399336033
 31
0.0
  0
LINE
  5
D3BD
  8
0
 62
     0
 10
-2.8616369418329461
 20
4.3135877108356082
 30
0.0
 11
-2.8610119418329449
 21
4.314670242590334
 31
0.0
  0
LINE
  5
D3BE
  8
0
 62
     0
 10
-2.8635119418329462
 20
4.3103401155714147
 30
0.0
 11
-2.8628869418329441
 21
4.3114226473261441
 31
0.0
  0
LINE
  5
D3BF
  8
0
 62
     0
 10
-2.8653869418329441
 20
4.307092520307223
 30
0.0
 11
-2.864761941832946
 21
4.3081750520619551
 31
0.0
  0
LINE
  5
D3C0
  8
0
 62
     0
 10
-2.8616369418288481
 20
4.3157527743427044
 30
0.0
 11
-2.8610407364843962
 21
4.3167854322910371
 31
0.0
  0
LINE
  5
D3C1
  8
0
 62
     0
 10
-2.8635119418288482
 20
4.3125051790785101
 30
0.0
 11
-2.8628869418288501
 21
4.3135877108332412
 31
0.0
  0
LINE
  5
D3C2
  8
0
 62
     0
 10
-2.86538694182885
 20
4.309257583814321
 30
0.0
 11
-2.864761941828851
 21
4.3103401155690513
 31
0.0
  0
LINE
  5
D3C3
  8
0
 62
     0
 10
-2.8668208442769121
 20
4.306773991921176
 30
0.0
 11
-2.8666369418288511
 21
4.307092520304856
 31
0.0
  0
LINE
  5
D3C4
  8
0
 62
     0
 10
-2.8635119418247541
 20
4.3146702425856081
 30
0.0
 11
-2.8628977669880191
 21
4.3157340246075631
 31
0.0
  0
LINE
  5
D3C5
  8
0
 62
     0
 10
-2.8653869418247542
 20
4.3114226473214172
 30
0.0
 11
-2.8647619418247521
 21
4.3125051790761431
 31
0.0
  0
LINE
  5
D3C6
  8
0
 62
     0
 10
-2.8668388137650962
 20
4.3089079313546561
 30
0.0
 11
-2.8666369418247521
 21
4.309257583811954
 31
0.0
  0
LINE
  5
D3C7
  8
0
 62
     0
 10
-2.8516369582077541
 20
4.3157527841680512
 30
0.0
 11
-2.8516453098977461
 21
4.315767249719439
 31
0.0
  0
LINE
  5
D3C8
  8
0
 62
     0
 10
-2.849761958207754
 20
4.312505188903855
 30
0.0
 11
-2.8503869582077561
 21
4.3135877206585871
 31
0.0
  0
LINE
  5
D3C9
  8
0
 62
     0
 10
-2.8478869582077562
 20
4.3092575936396651
 30
0.0
 11
-2.848511958207756
 21
4.310340125394398
 31
0.0
  0
LINE
  5
D3CA
  8
0
 62
     0
 10
-2.8516369582036591
 20
4.3135877206609532
 30
0.0
 11
-2.8522619582036581
 21
4.3146702524156861
 31
0.0
  0
LINE
  5
D3CB
  8
0
 62
     0
 10
-2.8497619582036591
 20
4.3103401253967641
 30
0.0
 11
-2.8503869582036581
 21
4.3114226571514944
 31
0.0
  0
LINE
  5
D3CC
  8
0
 62
     0
 10
-2.8478869582036581
 20
4.3070925301325724
 30
0.0
 11
-2.848511958203658
 21
4.3081750618873
 31
0.0
  0
LINE
  5
D3CD
  8
0
 62
     0
 10
-2.8535119581995629
 20
4.3146702524180522
 30
0.0
 11
-2.854136958199561
 21
4.3157527841727772
 31
0.0
  0
LINE
  5
D3CE
  8
0
 62
     0
 10
-2.8516369581995602
 20
4.3114226571538561
 30
0.0
 11
-2.8522619581995632
 21
4.312505188908589
 31
0.0
  0
LINE
  5
D3CF
  8
0
 62
     0
 10
-2.849761958199561
 20
4.308175061889667
 30
0.0
 11
-2.8503869581995631
 21
4.3092575936443991
 31
0.0
  0
LINE
  5
D3D0
  8
0
 62
     0
 10
-2.8480147833555791
 20
4.30514886629018
 30
0.0
 11
-2.8485119581995622
 21
4.3060099983802083
 31
0.0
  0
LINE
  5
D3D1
  8
0
 62
     0
 10
-2.8553869581954632
 20
4.3157527841751451
 30
0.0
 11
-2.8560119581954662
 21
4.3168353159298771
 31
0.0
  0
LINE
  5
D3D2
  8
0
 62
     0
 10
-2.8535119581954662
 20
4.3125051889109551
 30
0.0
 11
-2.8541369581954661
 21
4.3135877206656801
 31
0.0
  0
LINE
  5
D3D3
  8
0
 62
     0
 10
-2.8516369581954661
 20
4.3092575936467634
 30
0.0
 11
-2.852261958195466
 21
4.310340125401491
 31
0.0
  0
LINE
  5
D3D4
  8
0
 62
     0
 10
-2.8497619581954661
 20
4.306009998382569
 30
0.0
 11
-2.8503869581954642
 21
4.3070925301373011
 31
0.0
  0
LINE
  5
D3D5
  8
0
 62
     0
 10
-2.8485118626300561
 20
4.3038447693489683
 30
0.0
 11
-2.8485119581954641
 21
4.3038449348731103
 31
0.0
  0
LINE
  5
D3D6
  8
0
 62
     0
 10
-2.857261958191367
 20
4.3168353159322432
 30
0.0
 11
-2.8576763800640061
 21
4.3175531156714131
 31
0.0
  0
LINE
  5
D3D7
  8
0
 62
     0
 10
-2.855386958191362
 20
4.3135877206680471
 30
0.0
 11
-2.8560119581913681
 21
4.31467025242278
 31
0.0
  0
LINE
  5
D3D8
  8
0
 62
     0
 10
-2.8535119581913682
 20
4.310340125403858
 30
0.0
 11
-2.854136958191368
 21
4.3114226571585901
 31
0.0
  0
LINE
  5
D3D9
  8
0
 62
     0
 10
-2.8516369581913681
 20
4.3070925301396681
 30
0.0
 11
-2.852261958191368
 21
4.3081750618943984
 31
0.0
  0
LINE
  5
D3DA
  8
0
 62
     0
 10
-2.849761958191368
 20
4.3038449348754764
 30
0.0
 11
-2.8503869581913661
 21
4.3049274666302031
 31
0.0
  0
LINE
  5
D3DB
  8
0
 62
     0
 10
-2.857261958187272
 20
4.314670252425147
 30
0.0
 11
-2.857886958187271
 21
4.3157527841798764
 31
0.0
  0
LINE
  5
D3DC
  8
0
 62
     0
 10
-2.8553869581872711
 20
4.3114226571609553
 30
0.0
 11
-2.8560119581872701
 21
4.312505188915682
 31
0.0
  0
LINE
  5
D3DD
  8
0
 62
     0
 10
-2.853511958187271
 20
4.30817506189676
 30
0.0
 11
-2.8541369581872722
 21
4.3092575936514921
 31
0.0
  0
LINE
  5
D3DE
  8
0
 62
     0
 10
-2.85163695818727
 20
4.3049274666325692
 30
0.0
 11
-2.8522619581872721
 21
4.3060099983873021
 31
0.0
  0
LINE
  5
D3DF
  8
0
 62
     0
 10
-2.8498185589353202
 20
4.3017779067397512
 30
0.0
 11
-2.8503869581872721
 21
4.3027624031231104
 31
0.0
  0
LINE
  5
D3E0
  8
0
 62
     0
 10
-2.8591369581831709
 20
4.3157527841822434
 30
0.0
 11
-2.8597619581831761
 21
4.316835315936971
 31
0.0
  0
LINE
  5
D3E1
  8
0
 62
     0
 10
-2.8572619581831762
 20
4.312505188918049
 30
0.0
 11
-2.8578869581831761
 21
4.3135877206727811
 31
0.0
  0
LINE
  5
D3E2
  8
0
 62
     0
 10
-2.8553869581831761
 20
4.3092575936538591
 30
0.0
 11
-2.856011958183176
 21
4.3103401254085902
 31
0.0
  0
LINE
  5
D3E3
  8
0
 62
     0
 10
-2.853511958183176
 20
4.3060099983896682
 30
0.0
 11
-2.8541369581831741
 21
4.3070925301443932
 31
0.0
  0
LINE
  5
D3E4
  8
0
 62
     0
 10
-2.851636958183176
 20
4.3027624031254721
 30
0.0
 11
-2.8522619581831741
 21
4.303844934880205
 31
0.0
  0
LINE
  5
D3E5
  8
0
 62
     0
 10
-2.8591369581790791
 20
4.3135877206751472
 30
0.0
 11
-2.8597619581790781
 21
4.314670252429873
 31
0.0
  0
LINE
  5
D3E6
  8
0
 62
     0
 10
-2.8572619581790781
 20
4.310340125410951
 30
0.0
 11
-2.857886958179078
 21
4.3114226571656831
 31
0.0
  0
LINE
  5
D3E7
  8
0
 62
     0
 10
-2.8553869581790781
 20
4.3070925301467611
 30
0.0
 11
-2.856011958179077
 21
4.308175061901494
 31
0.0
  0
LINE
  5
D3E8
  8
0
 62
     0
 10
-2.853511958179078
 20
4.303844934882572
 30
0.0
 11
-2.8541369581790761
 21
4.3049274666373023
 31
0.0
  0
LINE
  5
D3E9
  8
0
 62
     0
 10
-2.8516369581790761
 20
4.3005973396183803
 30
0.0
 11
-2.852261958179076
 21
4.301679871373107
 31
0.0
  0
LINE
  5
D3EA
  8
0
 62
     0
 10
-2.861011958174982
 20
4.31467025243224
 30
0.0
 11
-2.861636958174981
 21
4.3157527841869721
 31
0.0
  0
LINE
  5
D3EB
  8
0
 62
     0
 10
-2.859136958174981
 20
4.3114226571680492
 30
0.0
 11
-2.8597619581749791
 21
4.3125051889227812
 31
0.0
  0
LINE
  5
D3EC
  8
0
 62
     0
 10
-2.857261958174981
 20
4.3081750619038592
 30
0.0
 11
-2.8578869581749822
 21
4.3092575936585851
 31
0.0
  0
LINE
  5
D3ED
  8
0
 62
     0
 10
-2.8553869581749791
 20
4.3049274666396631
 30
0.0
 11
-2.8560119581749821
 21
4.306009998394396
 31
0.0
  0
LINE
  5
D3EE
  8
0
 62
     0
 10
-2.8535119581749822
 20
4.301679871375474
 30
0.0
 11
-2.854136958174978
 21
4.3027624031302061
 31
0.0
  0
LINE
  5
D3EF
  8
0
 62
     0
 10
-2.8610119581708839
 20
4.3125051889251473
 30
0.0
 11
-2.861636958170882
 21
4.3135877206798732
 31
0.0
  0
LINE
  5
D3F0
  8
0
 62
     0
 10
-2.8591369581708821
 20
4.3092575936609521
 30
0.0
 11
-2.8597619581708842
 21
4.310340125415685
 31
0.0
  0
LINE
  5
D3F1
  8
0
 62
     0
 10
-2.857261958170882
 20
4.306009998396763
 30
0.0
 11
-2.857886958170885
 21
4.3070925301514942
 31
0.0
  0
LINE
  5
D3F2
  8
0
 62
     0
 10
-2.8553869581708842
 20
4.3027624031325722
 30
0.0
 11
-2.8560119581708849
 21
4.303844934887298
 31
0.0
  0
LINE
  5
D3F3
  8
0
 62
     0
 10
-2.8535119581708841
 20
4.299514807868376
 30
0.0
 11
-2.8541369581708831
 21
4.3005973396231081
 31
0.0
  0
LINE
  5
D3F4
  8
0
 62
     0
 10
-2.8628869581667882
 20
4.3135877206822411
 30
0.0
 11
-2.8635119581667889
 21
4.3146702524369731
 31
0.0
  0
LINE
  5
D3F5
  8
0
 62
     0
 10
-2.8610119581667881
 20
4.3103401254180511
 30
0.0
 11
-2.861636958166788
 21
4.3114226571727761
 31
0.0
  0
LINE
  5
D3F6
  8
0
 62
     0
 10
-2.859136958166788
 20
4.3070925301538594
 30
0.0
 11
-2.859761958166787
 21
4.308175061908587
 31
0.0
  0
LINE
  5
D3F7
  8
0
 62
     0
 10
-2.857261958166788
 20
4.303844934889665
 30
0.0
 11
-2.857886958166787
 21
4.3049274666443971
 31
0.0
  0
LINE
  5
D3F8
  8
0
 62
     0
 10
-2.855386958166787
 20
4.3005973396254751
 30
0.0
 11
-2.8560119581667882
 21
4.3016798713802062
 31
0.0
  0
LINE
  5
D3F9
  8
0
 62
     0
 10
-2.862886958162691
 20
4.3114226571751431
 30
0.0
 11
-2.8635119581626922
 21
4.312505188929876
 31
0.0
  0
LINE
  5
D3FA
  8
0
 62
     0
 10
-2.8610119581626861
 20
4.3081750619109531
 30
0.0
 11
-2.8616369581626921
 21
4.3092575936656861
 31
0.0
  0
LINE
  5
D3FB
  8
0
 62
     0
 10
-2.8591369581626922
 20
4.3049274666467641
 30
0.0
 11
-2.8597619581626921
 21
4.3060099984014943
 31
0.0
  0
LINE
  5
D3FC
  8
0
 62
     0
 10
-2.8572619581626921
 20
4.3016798713825732
 30
0.0
 11
-2.857886958162692
 21
4.3027624031372991
 31
0.0
  0
LINE
  5
D3FD
  8
0
 62
     0
 10
-2.855402417663063
 20
4.2984590527584814
 30
0.0
 11
-2.856011958162691
 21
4.29951480787311
 31
0.0
  0
LINE
  5
D3FE
  8
0
 62
     0
 10
-2.864761958158593
 20
4.3125051889322412
 30
0.0
 11
-2.8652341890674391
 21
4.3133231168592641
 31
0.0
  0
LINE
  5
D3FF
  8
0
 62
     0
 10
-2.8628869581585952
 20
4.3092575936680513
 30
0.0
 11
-2.863511958158595
 21
4.310340125422778
 31
0.0
  0
LINE
  5
D400
  8
0
 62
     0
 10
-2.8610119581585951
 20
4.306009998403856
 30
0.0
 11
-2.8616369581585941
 21
4.3070925301585881
 31
0.0
  0
LINE
  5
D401
  8
0
 62
     0
 10
-2.859136958158595
 20
4.3027624031396652
 30
0.0
 11
-2.8597619581585869
 21
4.3038449348943981
 31
0.0
  0
LINE
  5
D402
  8
0
 62
     0
 10
-2.857261958158595
 20
4.2995148078754761
 30
0.0
 11
-2.8578869581585922
 21
4.3005973396302064
 31
0.0
  0
LINE
  5
D403
  8
0
 62
     0
 10
-2.864761958154495
 20
4.3103401254251441
 30
0.0
 11
-2.865386958154498
 21
4.311422657179877
 31
0.0
  0
LINE
  5
D404
  8
0
 62
     0
 10
-2.862886958154498
 20
4.3070925301609551
 30
0.0
 11
-2.8635119581544961
 21
4.3081750619156862
 31
0.0
  0
LINE
  5
D405
  8
0
 62
     0
 10
-2.861011958154497
 20
4.3038449348967642
 30
0.0
 11
-2.861636958154496
 21
4.3049274666514892
 31
0.0
  0
LINE
  5
D406
  8
0
 62
     0
 10
-2.859136958154497
 20
4.3005973396325681
 30
0.0
 11
-2.8597619581544982
 21
4.301679871387301
 31
0.0
  0
LINE
  5
D407
  8
0
 62
     0
 10
-2.8578088407796312
 20
4.2982969728608911
 30
0.0
 11
-2.8578869581544981
 21
4.2984322761231111
 31
0.0
  0
LINE
  5
D408
  8
0
 62
     0
 10
-2.8647619581504009
 20
4.3081750619180461
 30
0.0
 11
-2.8653869581503981
 21
4.3092575936727791
 31
0.0
  0
LINE
  5
D409
  8
0
 62
     0
 10
-2.8628869581503991
 20
4.3049274666538571
 30
0.0
 11
-2.8635119581503981
 21
4.3060099984085891
 31
0.0
  0
LINE
  5
D40A
  8
0
 62
     0
 10
-2.8610119581503981
 20
4.3016798713896671
 30
0.0
 11
-2.8616369581504002
 21
4.3027624031443921
 31
0.0
  0
LINE
  5
D40B
  8
0
 62
     0
 10
-2.859159931778581
 20
4.2984720676167161
 30
0.0
 11
-2.8597619581504001
 21
4.299514807880203
 31
0.0
  0
LINE
  5
D40C
  8
0
 62
     0
 10
-2.8666369581463029
 20
4.309257593675146
 30
0.0
 11
-2.8667632235366201
 21
4.309476291746412
 31
0.0
  0
LINE
  5
D40D
  8
0
 62
     0
 10
-2.8647619581463042
 20
4.3060099984109552
 30
0.0
 11
-2.8653869581463041
 21
4.3070925301656811
 31
0.0
  0
LINE
  5
D40E
  8
0
 62
     0
 10
-2.862886958146305
 20
4.3027624031467591
 30
0.0
 11
-2.863511958146304
 21
4.3038449349014911
 31
0.0
  0
LINE
  5
D40F
  8
0
 62
     0
 10
-2.861011958146304
 20
4.29951480788257
 30
0.0
 11
-2.8616369581463039
 21
4.3005973396373021
 31
0.0
  0
LINE
  5
D410
  8
0
 62
     0
 10
-2.8666369581422071
 20
4.3070925301680481
 30
0.0
 11
-2.8668808117102951
 21
4.307514896937584
 31
0.0
  0
LINE
  5
D411
  8
0
 62
     0
 10
-2.864761958142207
 20
4.3038449349038572
 30
0.0
 11
-2.865386958142206
 21
4.3049274666585884
 31
0.0
  0
LINE
  5
D412
  8
0
 62
     0
 10
-2.862886958142207
 20
4.3005973396396673
 30
0.0
 11
-2.8635119581422082
 21
4.3016798713943931
 31
0.0
  0
LINE
  5
D413
  8
0
 62
     0
 10
-2.86533442577523
 20
4.3026714144299421
 30
0.0
 11
-2.8653869581381111
 21
4.3027624031514931
 31
0.0
  0
LINE
  5
D414
  8
0
 62
     0
 10
-2.8589513312482282
 20
4.2984322571086722
 30
0.0
 11
-2.857886958527303
 21
4.2984322571086722
 31
0.0
  0
LINE
  5
D415
  8
0
 62
     0
 10
-2.853511958527303
 20
4.2995147888586711
 30
0.0
 11
-2.8525289776948992
 21
4.2995147888586711
 31
0.0
  0
LINE
  5
D416
  8
0
 62
     0
 10
-2.857261958527304
 20
4.2995147888586711
 30
0.0
 11
-2.8560119585273021
 21
4.2995147888586711
 31
0.0
  0
LINE
  5
D417
  8
0
 62
     0
 10
-2.8610119585273042
 20
4.2995147888586711
 30
0.0
 11
-2.859761958527304
 21
4.2995147888586711
 31
0.0
  0
LINE
  5
D418
  8
0
 62
     0
 10
-2.8516369585272989
 20
4.3005973206086701
 30
0.0
 11
-2.8509792388664481
 21
4.3005973206086701
 31
0.0
  0
LINE
  5
D419
  8
0
 62
     0
 10
-2.8553869585273031
 20
4.3005973206086701
 30
0.0
 11
-2.8541369585273042
 21
4.3005973206086701
 31
0.0
  0
LINE
  5
D41A
  8
0
 62
     0
 10
-2.8591369585273041
 20
4.3005973206086701
 30
0.0
 11
-2.857886958527303
 21
4.3005973206086701
 31
0.0
  0
LINE
  5
D41B
  8
0
 62
     0
 10
-2.862886958527298
 20
4.3005973206086701
 30
0.0
 11
-2.861636958527304
 21
4.3005973206086701
 31
0.0
  0
LINE
  5
D41C
  8
0
 62
     0
 10
-2.853511958527303
 20
4.301679852358669
 30
0.0
 11
-2.852261958527305
 21
4.301679852358669
 31
0.0
  0
LINE
  5
D41D
  8
0
 62
     0
 10
-2.857261958527304
 20
4.301679852358669
 30
0.0
 11
-2.8560119585273021
 21
4.301679852358669
 31
0.0
  0
LINE
  5
D41E
  8
0
 62
     0
 10
-2.8610119585273042
 20
4.301679852358669
 30
0.0
 11
-2.859761958527304
 21
4.301679852358669
 31
0.0
  0
LINE
  5
D41F
  8
0
 62
     0
 10
-2.8645961021385751
 20
4.301679852358669
 30
0.0
 11
-2.8635119585273041
 21
4.301679852358669
 31
0.0
  0
LINE
  5
D420
  8
0
 62
     0
 10
-2.851636958527306
 20
4.3027623841086706
 30
0.0
 11
-2.8503869585273041
 21
4.3027623841086706
 31
0.0
  0
LINE
  5
D421
  8
0
 62
     0
 10
-2.8553869585273062
 20
4.3027623841086706
 30
0.0
 11
-2.854136958527306
 21
4.3027623841086706
 31
0.0
  0
LINE
  5
D422
  8
0
 62
     0
 10
-2.8591369585273041
 20
4.3027623841086706
 30
0.0
 11
-2.8578869585273061
 21
4.3027623841086706
 31
0.0
  0
LINE
  5
D423
  8
0
 62
     0
 10
-2.862886958527306
 20
4.3027623841086706
 30
0.0
 11
-2.861636958527304
 21
4.3027623841086706
 31
0.0
  0
LINE
  5
D424
  8
0
 62
     0
 10
-2.865392770045506
 20
4.3027623841086706
 30
0.0
 11
-2.865386958527306
 21
4.3027623841086706
 31
0.0
  0
LINE
  5
D425
  8
0
 62
     0
 10
-2.849761958527306
 20
4.3038449158586722
 30
0.0
 11
-2.8485119585273071
 21
4.3038449158586722
 31
0.0
  0
LINE
  5
D426
  8
0
 62
     0
 10
-2.8535119585273061
 20
4.3038449158586722
 30
0.0
 11
-2.852261958527305
 21
4.3038449158586722
 31
0.0
  0
LINE
  5
D427
  8
0
 62
     0
 10
-2.8572619585273071
 20
4.3038449158586722
 30
0.0
 11
-2.856011958527306
 21
4.3038449158586722
 31
0.0
  0
LINE
  5
D428
  8
0
 62
     0
 10
-2.8610119585273042
 20
4.3038449158586722
 30
0.0
 11
-2.8597619585273071
 21
4.3038449158586722
 31
0.0
  0
LINE
  5
D429
  8
0
 62
     0
 10
-2.8647619585273061
 20
4.3038449158586722
 30
0.0
 11
-2.8635119585273072
 21
4.3038449158586722
 31
0.0
  0
LINE
  5
D42A
  8
0
 62
     0
 10
-2.851636958527306
 20
4.3049274476086721
 30
0.0
 11
-2.8503869585273072
 21
4.3049274476086721
 31
0.0
  0
LINE
  5
D42B
  8
0
 62
     0
 10
-2.8553869585273062
 20
4.3049274476086721
 30
0.0
 11
-2.854136958527306
 21
4.3049274476086721
 31
0.0
  0
LINE
  5
D42C
  8
0
 62
     0
 10
-2.8591369585273072
 20
4.3049274476086721
 30
0.0
 11
-2.857886958527307
 21
4.3049274476086721
 31
0.0
  0
LINE
  5
D42D
  8
0
 62
     0
 10
-2.862886958527306
 20
4.3049274476086721
 30
0.0
 11
-2.8616369585273072
 21
4.3049274476086721
 31
0.0
  0
LINE
  5
D42E
  8
0
 62
     0
 10
-2.8664126545769202
 20
4.3049274476086721
 30
0.0
 11
-2.865386958527306
 21
4.3049274476086721
 31
0.0
  0
LINE
  5
D42F
  8
0
 62
     0
 10
-2.849761958527306
 20
4.306009979358671
 30
0.0
 11
-2.8485119585273071
 21
4.306009979358671
 31
0.0
  0
LINE
  5
D430
  8
0
 62
     0
 10
-2.8535119585273061
 20
4.306009979358671
 30
0.0
 11
-2.852261958527305
 21
4.306009979358671
 31
0.0
  0
LINE
  5
D431
  8
0
 62
     0
 10
-2.8572619585273071
 20
4.306009979358671
 30
0.0
 11
-2.856011958527306
 21
4.306009979358671
 31
0.0
  0
LINE
  5
D432
  8
0
 62
     0
 10
-2.8610119585273042
 20
4.306009979358671
 30
0.0
 11
-2.8597619585273071
 21
4.306009979358671
 31
0.0
  0
LINE
  5
D433
  8
0
 62
     0
 10
-2.8647619585273061
 20
4.306009979358671
 30
0.0
 11
-2.8635119585273072
 21
4.306009979358671
 31
0.0
  0
LINE
  5
D434
  8
0
 62
     0
 10
-2.8478869585273041
 20
4.3070925111086691
 30
0.0
 11
-2.8476431671484241
 21
4.3070925111086691
 31
0.0
  0
LINE
  5
D435
  8
0
 62
     0
 10
-2.8516369585272989
 20
4.3070925111086691
 30
0.0
 11
-2.8503869585273041
 21
4.3070925111086691
 31
0.0
  0
LINE
  5
D436
  8
0
 62
     0
 10
-2.8553869585273031
 20
4.3070925111086691
 30
0.0
 11
-2.8541369585273042
 21
4.3070925111086691
 31
0.0
  0
LINE
  5
D437
  8
0
 62
     0
 10
-2.8591369585273041
 20
4.3070925111086691
 30
0.0
 11
-2.857886958527303
 21
4.3070925111086691
 31
0.0
  0
LINE
  5
D438
  8
0
 62
     0
 10
-2.862886958527306
 20
4.3070925111086691
 30
0.0
 11
-2.861636958527304
 21
4.3070925111086691
 31
0.0
  0
LINE
  5
D439
  8
0
 62
     0
 10
-2.8666369585273062
 20
4.3070925111086691
 30
0.0
 11
-2.865386958527306
 21
4.3070925111086691
 31
0.0
  0
LINE
  5
D43A
  8
0
 62
     0
 10
-2.849761958527306
 20
4.3081750428586707
 30
0.0
 11
-2.8485119585273062
 21
4.3081750428586707
 31
0.0
  0
LINE
  5
D43B
  8
0
 62
     0
 10
-2.8535119585273061
 20
4.3081750428586707
 30
0.0
 11
-2.852261958527305
 21
4.3081750428586707
 31
0.0
  0
LINE
  5
D43C
  8
0
 62
     0
 10
-2.8572619585273071
 20
4.3081750428586707
 30
0.0
 11
-2.856011958527306
 21
4.3081750428586707
 31
0.0
  0
LINE
  5
D43D
  8
0
 62
     0
 10
-2.8610119585273042
 20
4.3081750428586707
 30
0.0
 11
-2.8597619585273071
 21
4.3081750428586707
 31
0.0
  0
LINE
  5
D43E
  8
0
 62
     0
 10
-2.8647619585273061
 20
4.3081750428586707
 30
0.0
 11
-2.8635119585273072
 21
4.3081750428586707
 31
0.0
  0
LINE
  5
D43F
  8
0
 62
     0
 10
-2.8478869585273041
 20
4.3092575746086723
 30
0.0
 11
-2.847700454940473
 21
4.3092575746086723
 31
0.0
  0
LINE
  5
D440
  8
0
 62
     0
 10
-2.851636958527306
 20
4.3092575746086723
 30
0.0
 11
-2.8503869585273041
 21
4.3092575746086723
 31
0.0
  0
LINE
  5
D441
  8
0
 62
     0
 10
-2.8553869585273062
 20
4.3092575746086723
 30
0.0
 11
-2.854136958527306
 21
4.3092575746086723
 31
0.0
  0
LINE
  5
D442
  8
0
 62
     0
 10
-2.8591369585273072
 20
4.3092575746086723
 30
0.0
 11
-2.857886958527307
 21
4.3092575746086723
 31
0.0
  0
LINE
  5
D443
  8
0
 62
     0
 10
-2.862886958527306
 20
4.3092575746086723
 30
0.0
 11
-2.8616369585273072
 21
4.3092575746086723
 31
0.0
  0
LINE
  5
D444
  8
0
 62
     0
 10
-2.866636958527307
 20
4.3092575746086723
 30
0.0
 11
-2.865386958527306
 21
4.3092575746086723
 31
0.0
  0
LINE
  5
D445
  8
0
 62
     0
 10
-2.8497619585273042
 20
4.3103401063586722
 30
0.0
 11
-2.8485119585273031
 21
4.3103401063586722
 31
0.0
  0
LINE
  5
D446
  8
0
 62
     0
 10
-2.853511958527303
 20
4.3103401063586722
 30
0.0
 11
-2.852261958527305
 21
4.3103401063586722
 31
0.0
  0
LINE
  5
D447
  8
0
 62
     0
 10
-2.857261958527304
 20
4.3103401063586722
 30
0.0
 11
-2.8560119585273021
 21
4.3103401063586722
 31
0.0
  0
LINE
  5
D448
  8
0
 62
     0
 10
-2.8610119585273042
 20
4.3103401063586722
 30
0.0
 11
-2.859761958527304
 21
4.3103401063586722
 31
0.0
  0
LINE
  5
D449
  8
0
 62
     0
 10
-2.8647619585273061
 20
4.3103401063586722
 30
0.0
 11
-2.8635119585273041
 21
4.3103401063586722
 31
0.0
  0
LINE
  5
D44A
  8
0
 62
     0
 10
-2.851636958527306
 20
4.3114226381086711
 30
0.0
 11
-2.8503869585273041
 21
4.3114226381086711
 31
0.0
  0
LINE
  5
D44B
  8
0
 62
     0
 10
-2.8553869585273062
 20
4.3114226381086711
 30
0.0
 11
-2.854136958527306
 21
4.3114226381086711
 31
0.0
  0
LINE
  5
D44C
  8
0
 62
     0
 10
-2.8591369585273041
 20
4.3114226381086711
 30
0.0
 11
-2.8578869585273061
 21
4.3114226381086711
 31
0.0
  0
LINE
  5
D44D
  8
0
 62
     0
 10
-2.862886958527306
 20
4.3114226381086711
 30
0.0
 11
-2.861636958527304
 21
4.3114226381086711
 31
0.0
  0
LINE
  5
D44E
  8
0
 62
     0
 10
-2.8662312623910342
 20
4.3114226381086711
 30
0.0
 11
-2.865386958527306
 21
4.3114226381086711
 31
0.0
  0
LINE
  5
D44F
  8
0
 62
     0
 10
-2.849761958527306
 20
4.3125051698586701
 30
0.0
 11
-2.8487666957004509
 21
4.3125051698586701
 31
0.0
  0
LINE
  5
D450
  8
0
 62
     0
 10
-2.8535119585273061
 20
4.3125051698586701
 30
0.0
 11
-2.852261958527305
 21
4.3125051698586701
 31
0.0
  0
LINE
  5
D451
  8
0
 62
     0
 10
-2.857261958527304
 20
4.3125051698586701
 30
0.0
 11
-2.856011958527306
 21
4.3125051698586701
 31
0.0
  0
LINE
  5
D452
  8
0
 62
     0
 10
-2.8610119585273042
 20
4.3125051698586701
 30
0.0
 11
-2.8597619585273062
 21
4.3125051698586701
 31
0.0
  0
LINE
  5
D453
  8
0
 62
     0
 10
-2.8647619585273061
 20
4.3125051698586701
 30
0.0
 11
-2.8635119585273041
 21
4.3125051698586701
 31
0.0
  0
LINE
  5
D454
  8
0
 62
     0
 10
-2.851636958527306
 20
4.313587701608669
 30
0.0
 11
-2.8503869585273041
 21
4.313587701608669
 31
0.0
  0
LINE
  5
D455
  8
0
 62
     0
 10
-2.8553869585273062
 20
4.313587701608669
 30
0.0
 11
-2.854136958527306
 21
4.313587701608669
 31
0.0
  0
LINE
  5
D456
  8
0
 62
     0
 10
-2.8591369585273072
 20
4.313587701608669
 30
0.0
 11
-2.857886958527307
 21
4.313587701608669
 31
0.0
  0
LINE
  5
D457
  8
0
 62
     0
 10
-2.862886958527306
 20
4.313587701608669
 30
0.0
 11
-2.8616369585273072
 21
4.313587701608669
 31
0.0
  0
LINE
  5
D458
  8
0
 62
     0
 10
-2.853511958527303
 20
4.3146702333586706
 30
0.0
 11
-2.852261958527305
 21
4.3146702333586706
 31
0.0
  0
LINE
  5
D459
  8
0
 62
     0
 10
-2.857261958527304
 20
4.3146702333586706
 30
0.0
 11
-2.8560119585273021
 21
4.3146702333586706
 31
0.0
  0
LINE
  5
D45A
  8
0
 62
     0
 10
-2.8610119585273042
 20
4.3146702333586706
 30
0.0
 11
-2.859761958527304
 21
4.3146702333586706
 31
0.0
  0
LINE
  5
D45B
  8
0
 62
     0
 10
-2.8641335457457711
 20
4.3146702333586706
 30
0.0
 11
-2.8635119585273041
 21
4.3146702333586706
 31
0.0
  0
LINE
  5
D45C
  8
0
 62
     0
 10
-2.851636958527306
 20
4.3157527651086722
 30
0.0
 11
-2.8516250834451951
 21
4.3157527651086722
 31
0.0
  0
LINE
  5
D45D
  8
0
 62
     0
 10
-2.8553869585273062
 20
4.3157527651086722
 30
0.0
 11
-2.854136958527306
 21
4.3157527651086722
 31
0.0
  0
LINE
  5
D45E
  8
0
 62
     0
 10
-2.8591369585273041
 20
4.3157527651086722
 30
0.0
 11
-2.8578869585273061
 21
4.3157527651086722
 31
0.0
  0
LINE
  5
D45F
  8
0
 62
     0
 10
-2.862871760134361
 20
4.3157527651086722
 30
0.0
 11
-2.861636958527304
 21
4.3157527651086722
 31
0.0
  0
LINE
  5
D460
  8
0
 62
     0
 10
-2.8572619585273071
 20
4.3168352968586721
 30
0.0
 11
-2.856011958527306
 21
4.3168352968586721
 31
0.0
  0
LINE
  5
D461
  8
0
 62
     0
 10
-2.8609220012984311
 20
4.3168352968586721
 30
0.0
 11
-2.8597619585273071
 21
4.3168352968586721
 31
0.0
  0
ENDBLK
  5
D462
  8
0
  0
BLOCK
  8
0
  2
BOCCHETTA
 70
     0
 10
0.0
 20
0.0
 30
0.0
  3
BOCCHETTA
  1

  0
CIRCLE
  5
D465
  8
0
 10
0.00001352538946
 20
-0.0002533980573292
 30
0.0
 40
0.0814469359099182
  0
LINE
  5
D466
  8
0
 10
-0.0771047863740497
 20
0.0254899101659252
 30
0.0
 11
-0.0089769036238669
 21
0.0028031792479242
 31
0.0
  0
LINE
  5
D467
  8
0
 10
0.0029837868978397
 20
0.0088614780831087
 30
0.0
 11
0.0255170868648627
 21
0.0770402618825044
 31
0.0
  0
LINE
  5
D468
  8
0
 10
0.0093194296334964
 20
0.0027473601196233
 30
0.0
 11
0.0774627393016587
 21
0.025387711601824
 31
0.0
  0
LINE
  5
D469
  8
0
 10
-0.0028608774399483
 20
0.0088596647210819
 30
0.0
 11
-0.0254364792812982
 21
0.0770244530598525
 31
0.0
  0
LINE
  5
D46A
  8
0
 10
0.057577842143389
 20
0.0573656335708366
 30
0.0
 11
0.0068274843698282
 21
0.0065670375900027
 31
0.0
  0
LINE
  5
D46B
  8
0
 10
-0.0575507913644691
 20
0.0573656335708366
 30
0.0
 11
-0.0068004335909082
 21
0.0065670375900027
 31
0.0
  0
LINE
  5
D46C
  8
0
 10
0.0720106586513909
 20
-0.0240636369295277
 30
0.0
 11
0.0682012982111129
 21
-0.0164845389692303
 31
0.0
  0
LINE
  5
D46D
  8
0
 10
0.0644315566802023
 20
-0.0278729993857354
 30
0.0
 11
0.0720106586513909
 21
-0.0240636369295277
 31
0.0
  0
LINE
  5
D46E
  8
0
 10
0.0698999169998977
 20
-0.0296831037859366
 30
0.0
 11
0.0774790189710881
 21
-0.0258737413297272
 31
0.0
  0
LINE
  5
D46F
  8
0
 10
0.0093213427537586
 20
-0.0032766764667356
 30
0.0
 11
0.0774790189710881
 21
-0.0258737413297272
 31
0.0
  0
LINE
  5
D470
  8
0
 62
     0
 10
-0.0036600541191945
 20
0.0086602539999987
 30
0.0
 11
-0.0025000113480687
 21
0.0086602539999987
 31
0.0
  0
LINE
  5
D471
  8
0
 62
     0
 10
-0.0000000113480683
 20
0.0086602539999987
 30
0.0
 11
0.0012499886519315
 21
0.0086602539999987
 31
0.0
  0
LINE
  5
D472
  8
0
 62
     0
 10
-0.0056098129551234
 20
0.0075777222499998
 30
0.0
 11
-0.0043750113480678
 21
0.0075777222499998
 31
0.0
  0
LINE
  5
D473
  8
0
 62
     0
 10
-0.0018750113480674
 20
0.0075777222499998
 30
0.0
 11
-0.0006250113480686
 21
0.0075777222499998
 31
0.0
  0
LINE
  5
D474
  8
0
 62
     0
 10
0.0018749886519318
 20
0.0075777222499998
 30
0.0
 11
0.0031249886519316
 21
0.0075777222499998
 31
0.0
  0
LINE
  5
D475
  8
0
 62
     0
 10
0.005624988651932
 20
0.0075777222499998
 30
0.0
 11
0.005636863734046
 21
0.0075777222499998
 31
0.0
  0
LINE
  5
D476
  8
0
 62
     0
 10
-0.0068715985665344
 20
0.0064951904999999
 30
0.0
 11
-0.0062500113480679
 21
0.0064951904999999
 31
0.0
  0
LINE
  5
D477
  8
0
 62
     0
 10
-0.0037500113480675
 20
0.0064951904999999
 30
0.0
 11
-0.002500011348066
 21
0.0064951904999999
 31
0.0
  0
LINE
  5
D478
  8
0
 62
     0
 10
-0.0000000113480665
 20
0.0064951904999999
 30
0.0
 11
0.0012499886519324
 21
0.0064951904999999
 31
0.0
  0
LINE
  5
D479
  8
0
 62
     0
 10
0.0037499886519337
 20
0.0064951904999999
 30
0.0
 11
0.0049999886519325
 21
0.0064951904999999
 31
0.0
  0
LINE
  5
D47A
  8
0
 62
     0
 10
-0.0056250113480676
 20
0.0054126587500001
 30
0.0
 11
-0.0043750113480661
 21
0.0054126587500001
 31
0.0
  0
LINE
  5
D47B
  8
0
 62
     0
 10
-0.0018750113480674
 20
0.0054126587500001
 30
0.0
 11
-0.0006250113480659
 21
0.0054126587500001
 31
0.0
  0
LINE
  5
D47C
  8
0
 62
     0
 10
0.0018749886519354
 20
0.0054126587500001
 30
0.0
 11
0.0031249886519342
 21
0.0054126587500001
 31
0.0
  0
LINE
  5
D47D
  8
0
 62
     0
 10
0.0056249886519346
 20
0.0054126587500001
 30
0.0
 11
0.0068749886519335
 21
0.0054126587500001
 31
0.0
  0
LINE
  5
D47E
  8
0
 62
     0
 10
-0.0075000113480685
 20
0.0043301270000002
 30
0.0
 11
-0.0062500113480679
 21
0.0043301270000002
 31
0.0
  0
LINE
  5
D47F
  8
0
 62
     0
 10
-0.0037500113480675
 20
0.0043301270000002
 30
0.0
 11
-0.002500011348066
 21
0.0043301270000002
 31
0.0
  0
LINE
  5
D480
  8
0
 62
     0
 10
-0.0000000113480665
 20
0.0043301270000002
 30
0.0
 11
0.0012499886519324
 21
0.0043301270000002
 31
0.0
  0
LINE
  5
D481
  8
0
 62
     0
 10
0.0037499886519337
 20
0.0043301270000002
 30
0.0
 11
0.0049999886519325
 21
0.0043301270000002
 31
0.0
  0
LINE
  5
D482
  8
0
 62
     0
 10
0.007499988651932
 20
0.0043301270000002
 30
0.0
 11
0.008495251478787
 21
0.0043301270000002
 31
0.0
  0
LINE
  5
D483
  8
0
 62
     0
 10
-0.008969315211794
 20
0.0032475952499986
 30
0.0
 11
-0.008125011348068
 21
0.0032475952499986
 31
0.0
  0
LINE
  5
D484
  8
0
 62
     0
 10
-0.0056250113480685
 20
0.0032475952499986
 30
0.0
 11
-0.0043750113480678
 21
0.0032475952499986
 31
0.0
  0
LINE
  5
D485
  8
0
 62
     0
 10
-0.0018750113480674
 20
0.0032475952499986
 30
0.0
 11
-0.0006250113480686
 21
0.0032475952499986
 31
0.0
  0
LINE
  5
D486
  8
0
 62
     0
 10
0.0018749886519318
 20
0.0032475952499986
 30
0.0
 11
0.0031249886519316
 21
0.0032475952499986
 31
0.0
  0
LINE
  5
D487
  8
0
 62
     0
 10
0.005624988651932
 20
0.0032475952499986
 30
0.0
 11
0.0068749886519335
 21
0.0032475952499986
 31
0.0
  0
LINE
  5
D488
  8
0
 62
     0
 10
-0.0075000113480677
 20
0.0021650634999988
 30
0.0
 11
-0.0062500113480679
 21
0.0021650634999988
 31
0.0
  0
LINE
  5
D489
  8
0
 62
     0
 10
-0.0037500113480675
 20
0.0021650634999988
 30
0.0
 11
-0.002500011348066
 21
0.0021650634999988
 31
0.0
  0
LINE
  5
D48A
  8
0
 62
     0
 10
-0.0000000113480665
 20
0.0021650634999988
 30
0.0
 11
0.0012499886519324
 21
0.0021650634999988
 31
0.0
  0
LINE
  5
D48B
  8
0
 62
     0
 10
0.0037499886519337
 20
0.0021650634999988
 30
0.0
 11
0.0049999886519325
 21
0.0021650634999988
 31
0.0
  0
LINE
  5
D48C
  8
0
 62
     0
 10
0.007499988651932
 20
0.0021650634999988
 30
0.0
 11
0.0087499886519336
 21
0.0021650634999988
 31
0.0
  0
LINE
  5
D48D
  8
0
 62
     0
 10
-0.0093750113480668
 20
0.0010825317499998
 30
0.0
 11
-0.008125011348068
 21
0.0010825317499998
 31
0.0
  0
LINE
  5
D48E
  8
0
 62
     0
 10
-0.0056250113480676
 20
0.0010825317499998
 30
0.0
 11
-0.0043750113480661
 21
0.0010825317499998
 31
0.0
  0
LINE
  5
D48F
  8
0
 62
     0
 10
-0.0018750113480674
 20
0.0010825317499998
 30
0.0
 11
-0.0006250113480659
 21
0.0010825317499998
 31
0.0
  0
LINE
  5
D490
  8
0
 62
     0
 10
0.0018749886519354
 20
0.0010825317499998
 30
0.0
 11
0.0031249886519342
 21
0.0010825317499998
 31
0.0
  0
LINE
  5
D491
  8
0
 62
     0
 10
0.0056249886519346
 20
0.0010825317499998
 30
0.0
 11
0.0068749886519335
 21
0.0010825317499998
 31
0.0
  0
LINE
  5
D492
  8
0
 62
     0
 10
0.0093749886519339
 20
0.0010825317499998
 30
0.0
 11
0.0095614922387659
 21
0.0010825317499998
 31
0.0
  0
LINE
  5
D493
  8
0
 62
     0
 10
-0.0075000113480685
 20
0.0
 30
0.0
 11
-0.0062500113480679
 21
0.0
 31
0.0
  0
LINE
  5
D494
  8
0
 62
     0
 10
-0.0037500113480675
 20
0.0
 30
0.0
 11
-0.0025000113480687
 21
0.0
 31
0.0
  0
LINE
  5
D495
  8
0
 62
     0
 10
-0.0000000113480674
 20
0.0
 30
0.0
 11
0.0012499886519315
 21
0.0
 31
0.0
  0
LINE
  5
D496
  8
0
 62
     0
 10
0.0037499886519319
 20
0.0
 30
0.0
 11
0.0049999886519325
 21
0.0
 31
0.0
  0
LINE
  5
D497
  8
0
 62
     0
 10
0.007499988651932
 20
0.0
 30
0.0
 11
0.0087499886519327
 21
0.0
 31
0.0
  0
LINE
  5
D498
  8
0
 62
     0
 10
-0.0093750113480668
 20
-0.001082531749999
 30
0.0
 11
-0.008125011348068
 21
-0.001082531749999
 31
0.0
  0
LINE
  5
D499
  8
0
 62
     0
 10
-0.0056250113480676
 20
-0.001082531749999
 30
0.0
 11
-0.0043750113480661
 21
-0.001082531749999
 31
0.0
  0
LINE
  5
D49A
  8
0
 62
     0
 10
-0.0018750113480674
 20
-0.001082531749999
 30
0.0
 11
-0.0006250113480659
 21
-0.001082531749999
 31
0.0
  0
LINE
  5
D49B
  8
0
 62
     0
 10
0.0018749886519336
 20
-0.001082531749999
 30
0.0
 11
0.0031249886519324
 21
-0.001082531749999
 31
0.0
  0
LINE
  5
D49C
  8
0
 62
     0
 10
0.005624988651932
 20
-0.001082531749999
 30
0.0
 11
0.0068749886519335
 21
-0.001082531749999
 31
0.0
  0
LINE
  5
D49D
  8
0
 62
     0
 10
0.0093749886519321
 20
-0.001082531749999
 30
0.0
 11
0.0096187800308121
 21
-0.001082531749999
 31
0.0
  0
LINE
  5
D49E
  8
0
 62
     0
 10
-0.0075000113480677
 20
-0.0021650634999997
 30
0.0
 11
-0.0062500113480679
 21
-0.0021650634999997
 31
0.0
  0
LINE
  5
D49F
  8
0
 62
     0
 10
-0.0037500113480675
 20
-0.0021650634999997
 30
0.0
 11
-0.002500011348066
 21
-0.0021650634999997
 31
0.0
  0
LINE
  5
D4A0
  8
0
 62
     0
 10
-0.0000000113480665
 20
-0.0021650634999997
 30
0.0
 11
0.0012499886519324
 21
-0.0021650634999997
 31
0.0
  0
LINE
  5
D4A1
  8
0
 62
     0
 10
0.0037499886519337
 20
-0.0021650634999997
 30
0.0
 11
0.0049999886519325
 21
-0.0021650634999997
 31
0.0
  0
LINE
  5
D4A2
  8
0
 62
     0
 10
0.007499988651932
 20
-0.0021650634999997
 30
0.0
 11
0.0087499886519336
 21
-0.0021650634999997
 31
0.0
  0
LINE
  5
D4A3
  8
0
 62
     0
 10
-0.0091507073976809
 20
-0.0032475952500013
 30
0.0
 11
-0.008125011348068
 21
-0.0032475952500013
 31
0.0
  0
LINE
  5
D4A4
  8
0
 62
     0
 10
-0.0056250113480676
 20
-0.0032475952500013
 30
0.0
 11
-0.0043750113480661
 21
-0.0032475952500013
 31
0.0
  0
LINE
  5
D4A5
  8
0
 62
     0
 10
-0.0018750113480674
 20
-0.0032475952500013
 30
0.0
 11
-0.0006250113480659
 21
-0.0032475952500013
 31
0.0
  0
LINE
  5
D4A6
  8
0
 62
     0
 10
0.0018749886519336
 20
-0.0032475952500013
 30
0.0
 11
0.0031249886519324
 21
-0.0032475952500013
 31
0.0
  0
LINE
  5
D4A7
  8
0
 62
     0
 10
0.005624988651932
 20
-0.0032475952500013
 30
0.0
 11
0.0068749886519335
 21
-0.0032475952500013
 31
0.0
  0
LINE
  5
D4A8
  8
0
 62
     0
 10
-0.0075000113480677
 20
-0.0043301270000002
 30
0.0
 11
-0.0062500113480679
 21
-0.0043301270000002
 31
0.0
  0
LINE
  5
D4A9
  8
0
 62
     0
 10
-0.0037500113480675
 20
-0.0043301270000002
 30
0.0
 11
-0.002500011348066
 21
-0.0043301270000002
 31
0.0
  0
LINE
  5
D4AA
  8
0
 62
     0
 10
-0.0000000113480665
 20
-0.0043301270000002
 30
0.0
 11
0.0012499886519324
 21
-0.0043301270000002
 31
0.0
  0
LINE
  5
D4AB
  8
0
 62
     0
 10
0.0037499886519337
 20
-0.0043301270000002
 30
0.0
 11
0.0049999886519325
 21
-0.0043301270000002
 31
0.0
  0
LINE
  5
D4AC
  8
0
 62
     0
 10
0.007499988651932
 20
-0.0043301270000002
 30
0.0
 11
0.0087499886519336
 21
-0.0043301270000002
 31
0.0
  0
LINE
  5
D4AD
  8
0
 62
     0
 10
-0.008130822866268
 20
-0.0054126587500001
 30
0.0
 11
-0.008125011348068
 21
-0.0054126587500001
 31
0.0
  0
LINE
  5
D4AE
  8
0
 62
     0
 10
-0.0056250113480685
 20
-0.0054126587500001
 30
0.0
 11
-0.0043750113480678
 21
-0.0054126587500001
 31
0.0
  0
LINE
  5
D4AF
  8
0
 62
     0
 10
-0.0018750113480674
 20
-0.0054126587500001
 30
0.0
 11
-0.0006250113480686
 21
-0.0054126587500001
 31
0.0
  0
LINE
  5
D4B0
  8
0
 62
     0
 10
0.0018749886519318
 20
-0.0054126587500001
 30
0.0
 11
0.0031249886519316
 21
-0.0054126587500001
 31
0.0
  0
LINE
  5
D4B1
  8
0
 62
     0
 10
0.005624988651932
 20
-0.0054126587500001
 30
0.0
 11
0.0068749886519335
 21
-0.0054126587500001
 31
0.0
  0
LINE
  5
D4B2
  8
0
 62
     0
 10
-0.0073341549593389
 20
-0.006495190499999
 30
0.0
 11
-0.0062500113480679
 21
-0.006495190499999
 31
0.0
  0
LINE
  5
D4B3
  8
0
 62
     0
 10
-0.0037500113480675
 20
-0.006495190499999
 30
0.0
 11
-0.0025000113480651
 21
-0.006495190499999
 31
0.0
  0
LINE
  5
D4B4
  8
0
 62
     0
 10
-0.0000000113480665
 20
-0.006495190499999
 30
0.0
 11
0.0012499886519342
 21
-0.006495190499999
 31
0.0
  0
LINE
  5
D4B5
  8
0
 62
     0
 10
0.0037499886519345
 20
-0.006495190499999
 30
0.0
 11
0.0049999886519325
 21
-0.006495190499999
 31
0.0
  0
LINE
  5
D4B6
  8
0
 62
     0
 10
-0.0056250113480649
 20
-0.0075777222499998
 30
0.0
 11
-0.0043750113480661
 21
-0.0075777222499998
 31
0.0
  0
LINE
  5
D4B7
  8
0
 62
     0
 10
-0.0018750113480666
 20
-0.0075777222499998
 30
0.0
 11
-0.0006250113480659
 21
-0.0075777222499998
 31
0.0
  0
LINE
  5
D4B8
  8
0
 62
     0
 10
0.0018749886519354
 20
-0.0075777222499998
 30
0.0
 11
0.0031249886519342
 21
-0.0075777222499998
 31
0.0
  0
LINE
  5
D4B9
  8
0
 62
     0
 10
0.0056249886519346
 20
-0.0075777222499998
 30
0.0
 11
0.0062827083127894
 21
-0.0075777222499998
 31
0.0
  0
LINE
  5
D4BA
  8
0
 62
     0
 10
-0.0037500113480675
 20
-0.0086602540000014
 30
0.0
 11
-0.002500011348066
 21
-0.0086602540000014
 31
0.0
  0
LINE
  5
D4BB
  8
0
 62
     0
 10
-0.0000000113480665
 20
-0.0086602540000014
 30
0.0
 11
0.0012499886519324
 21
-0.0086602540000014
 31
0.0
  0
LINE
  5
D4BC
  8
0
 62
     0
 10
0.0037499886519337
 20
-0.0086602540000014
 30
0.0
 11
0.0047329694843379
 21
-0.0086602540000014
 31
0.0
  0
LINE
  5
D4BD
  8
0
 62
     0
 10
-0.0016893840689916
 20
-0.0097427857500012
 30
0.0
 11
-0.0006250113480659
 21
-0.0097427857500012
 31
0.0
  0
LINE
  5
D4BE
  8
0
 62
     0
 10
-0.0080724785959925
 20
-0.0055036284287304
 30
0.0
 11
-0.0081250109588726
 21
-0.005412639707175
 31
0.0
  0
LINE
  5
D4BF
  8
0
 62
     0
 10
-0.0056250109629694
 20
-0.0075777032190043
 30
0.0
 11
-0.0062500109629706
 21
-0.0064951714642723
 31
0.0
  0
LINE
  5
D4C0
  8
0
 62
     0
 10
-0.0075000109629695
 20
-0.0043301079548126
 30
0.0
 11
-0.0081250109629698
 21
-0.0032475762000823
 31
0.0
  0
LINE
  5
D4C1
  8
0
 62
     0
 10
-0.0093750109629704
 20
-0.0010825126906191
 30
0.0
 11
-0.0096188645310571
 21
-0.0006601459210884
 31
0.0
  0
LINE
  5
D4C2
  8
0
 62
     0
 10
-0.0037500109670665
 20
-0.008660234976098
 30
0.0
 11
-0.0043750109670659
 21
-0.0075777032213678
 31
0.0
  0
LINE
  5
D4C3
  8
0
 62
     0
 10
-0.0056250109670675
 20
-0.0054126397119072
 30
0.0
 11
-0.006250010967066
 21
-0.004330107957176
 31
0.0
  0
LINE
  5
D4C4
  8
0
 62
     0
 10
-0.0075000109670675
 20
-0.0021650444477173
 30
0.0
 11
-0.0081250109670661
 21
-0.0010825126929852
 31
0.0
  0
LINE
  5
D4C5
  8
0
 62
     0
 10
-0.0093750109670685
 20
0.0010825508164771
 30
0.0
 11
-0.0095012763573834
 21
0.0013012488877431
 31
0.0
  0
LINE
  5
D4C6
  8
0
 62
     0
 10
-0.001897984599343
 20
-0.0097029752419529
 30
0.0
 11
-0.0025000109711639
 21
-0.0086602349784632
 31
0.0
  0
LINE
  5
D4C7
  8
0
 62
     0
 10
-0.0037500109711646
 20
-0.0064951714690036
 30
0.0
 11
-0.004375010971164
 21
-0.0054126397142733
 31
0.0
  0
LINE
  5
D4C8
  8
0
 62
     0
 10
-0.0056250109711646
 20
-0.0032475762048101
 30
0.0
 11
-0.0062500109711641
 21
-0.0021650444500798
 31
0.0
  0
LINE
  5
D4C9
  8
0
 62
     0
 10
-0.0075000109711629
 20
0.0000000190593807
 30
0.0
 11
-0.0081250109711641
 21
0.0010825508141119
 31
0.0
  0
LINE
  5
D4CA
  8
0
 62
     0
 10
-0.0005468936003945
 20
-0.0098780699977805
 30
0.0
 11
-0.0006250109752601
 21
-0.0097427667355596
 31
0.0
  0
LINE
  5
D4CB
  8
0
 62
     0
 10
-0.001875010975259
 20
-0.0075777032260982
 30
0.0
 11
-0.0025000109752602
 21
-0.006495171471367
 31
0.0
  0
LINE
  5
D4CC
  8
0
 62
     0
 10
-0.0037500109752591
 20
-0.0043301079619082
 30
0.0
 11
-0.0043750109752594
 21
-0.0032475762071762
 31
0.0
  0
LINE
  5
D4CD
  8
0
 62
     0
 10
-0.0056250109752609
 20
-0.0010825126977165
 30
0.0
 11
-0.0062500109752595
 21
0.0000000190570137
 31
0.0
  0
LINE
  5
D4CE
  8
0
 62
     0
 10
-0.007500010975261
 20
0.002165082566477
 30
0.0
 11
-0.0081250109752595
 21
0.0032476143212055
 31
0.0
  0
LINE
  5
D4CF
  8
0
 62
     0
 10
-0.000000010979357
 20
-0.0086602349831955
 30
0.0
 11
-0.0006250109793564
 21
-0.0075777032284652
 31
0.0
  0
LINE
  5
D4D0
  8
0
 62
     0
 10
-0.0018750109793571
 20
-0.0054126397190029
 30
0.0
 11
-0.0025000109793565
 21
-0.0043301079642717
 31
0.0
  0
LINE
  5
D4D1
  8
0
 62
     0
 10
-0.0037500109793562
 20
-0.0021650444548103
 30
0.0
 11
-0.0043750109793574
 21
-0.00108251270008
 31
0.0
  0
LINE
  5
D4D2
  8
0
 62
     0
 10
-0.0056250109793563
 20
0.0010825508093797
 30
0.0
 11
-0.0062500109793566
 21
0.0021650825641117
 31
0.0
  0
LINE
  5
D4D3
  8
0
 62
     0
 10
-0.0075000109793564
 20
0.0043301460735714
 30
0.0
 11
-0.0079722418882033
 21
0.0051480740005978
 31
0.0
  0
LINE
  5
D4D4
  8
0
 62
     0
 10
0.0018595295161754
 20
-0.0097159901001902
 30
0.0
 11
0.0012499890165474
 21
-0.0086602349855598
 31
0.0
  0
LINE
  5
D4D5
  8
0
 62
     0
 10
-0.000000010983455
 20
-0.0064951714760992
 30
0.0
 11
-0.0006250109834545
 21
-0.0054126397213681
 31
0.0
  0
LINE
  5
D4D6
  8
0
 62
     0
 10
-0.0018750109834551
 20
-0.0032475762119093
 30
0.0
 11
-0.0025000109834545
 21
-0.0021650444571772
 31
0.0
  0
LINE
  5
D4D7
  8
0
 62
     0
 10
-0.0037500109834534
 20
0.0000000190522851
 30
0.0
 11
-0.0043750109834546
 21
0.0010825508070136
 31
0.0
  0
LINE
  5
D4D8
  8
0
 62
     0
 10
-0.0056250109834535
 20
0.0032476143164768
 30
0.0
 11
-0.0062500109834529
 21
0.0043301460712071
 31
0.0
  0
LINE
  5
D4D9
  8
0
 62
     0
 10
0.0018749890124505
 20
-0.0075777032331956
 30
0.0
 11
0.0012499890124484
 21
-0.0064951714784653
 31
0.0
  0
LINE
  5
D4DA
  8
0
 62
     0
 10
-0.0000000109875504
 20
-0.0043301079690021
 30
0.0
 11
-0.0006250109875516
 21
-0.003247576214271
 31
0.0
  0
LINE
  5
D4DB
  8
0
 62
     0
 10
-0.0018750109875505
 20
-0.0010825127048122
 30
0.0
 11
-0.0025000109875499
 21
0.0000000190499199
 31
0.0
  0
LINE
  5
D4DC
  8
0
 62
     0
 10
-0.0037500109875515
 20
0.0021650825593795
 30
0.0
 11
-0.0043750109875509
 21
0.0032476143141098
 31
0.0
  0
LINE
  5
D4DD
  8
0
 62
     0
 10
-0.0056250109875515
 20
0.005412677823573
 30
0.0
 11
-0.006250010987551
 21
0.0064952095783015
 31
0.0
  0
LINE
  5
D4DE
  8
0
 62
     0
 10
0.0037499890083526
 20
-0.0086602349902902
 30
0.0
 11
0.0031249890083531
 21
-0.00757770323556
 31
0.0
  0
LINE
  5
D4DF
  8
0
 62
     0
 10
0.0018749890083525
 20
-0.0054126397261003
 30
0.0
 11
0.001249989008353
 21
-0.0043301079713682
 31
0.0
  0
LINE
  5
D4E0
  8
0
 62
     0
 10
-0.0000000109916476
 20
-0.0021650444619086
 30
0.0
 11
-0.000625010991647
 21
-0.0010825127071783
 31
0.0
  0
LINE
  5
D4E1
  8
0
 62
     0
 10
-0.0018750109916459
 20
0.0010825508022849
 30
0.0
 11
-0.0025000109916471
 21
0.0021650825570134
 31
0.0
  0
LINE
  5
D4E2
  8
0
 62
     0
 10
-0.0037500109916468
 20
0.0043301460664758
 30
0.0
 11
-0.0043750109916472
 21
0.0054126778212069
 31
0.0
  0
LINE
  5
D4E3
  8
0
 62
     0
 10
0.0037499890042554
 20
-0.0064951714831949
 30
0.0
 11
0.0031249890042551
 21
-0.0054126397284664
 31
0.0
  0
LINE
  5
D4E4
  8
0
 62
     0
 10
0.0018749890042562
 20
-0.0032475762190032
 30
0.0
 11
0.001249989004255
 21
-0.0021650444642729
 31
0.0
  0
LINE
  5
D4E5
  8
0
 62
     0
 10
-0.0000000109957439
 20
0.0000000190451868
 30
0.0
 11
-0.0006250109957451
 21
0.0010825507999188
 31
0.0
  0
LINE
  5
D4E6
  8
0
 62
     0
 10
-0.0018750109957439
 20
0.0032476143093785
 30
0.0
 11
-0.0025000109957434
 21
0.0043301460641088
 31
0.0
  0
LINE
  5
D4E7
  8
0
 62
     0
 10
-0.003750010995744
 20
0.006495209573572
 30
0.0
 11
-0.0043750109957434
 21
0.0075777413283005
 31
0.0
  0
LINE
  5
D4E8
  8
0
 62
     0
 10
0.0056249890001601
 20
-0.0075777032402922
 30
0.0
 11
0.0049999890001597
 21
-0.0064951714855601
 31
0.0
  0
LINE
  5
D4E9
  8
0
 62
     0
 10
0.00374998900016
 20
-0.0043301079761005
 30
0.0
 11
0.0031249890001597
 21
-0.0032475762213702
 31
0.0
  0
LINE
  5
D4EA
  8
0
 62
     0
 10
0.0018749890001599
 20
-0.001082512711907
 30
0.0
 11
0.0012499890001596
 21
0.0000000190428215
 31
0.0
  0
LINE
  5
D4EB
  8
0
 62
     0
 10
-0.0000000109998419
 20
0.0021650825522848
 30
0.0
 11
-0.0006250109998405
 21
0.003247614307015
 31
0.0
  0
LINE
  5
D4EC
  8
0
 62
     0
 10
-0.0018750109998402
 20
0.0054126778164738
 30
0.0
 11
-0.0025000109998405
 21
0.0064952095712068
 31
0.0
  0
LINE
  5
D4ED
  8
0
 62
     0
 10
0.0056249889960638
 20
-0.0054126397331942
 30
0.0
 11
0.0049999889960635
 21
-0.004330107978463
 31
0.0
  0
LINE
  5
D4EE
  8
0
 62
     0
 10
0.0037499889960619
 20
-0.0021650444690042
 30
0.0
 11
0.0031249889960634
 21
-0.0010825127142722
 31
0.0
  0
LINE
  5
D4EF
  8
0
 62
     0
 10
0.0018749889960619
 20
0.0010825507951875
 30
0.0
 11
0.0012499889960615
 21
0.0021650825499178
 31
0.0
  0
LINE
  5
D4F0
  8
0
 62
     0
 10
-0.0000000110039382
 20
0.004330146059381
 30
0.0
 11
-0.0006250110039385
 21
0.0054126778141095
 31
0.0
  0
LINE
  5
D4F1
  8
0
 62
     0
 10
-0.0018750110039374
 20
0.0075777413235718
 30
0.0
 11
-0.0025000110039395
 21
0.008660273078303
 31
0.0
  0
LINE
  5
D4F2
  8
0
 62
     0
 10
0.0074433882439156
 20
-0.0063971361189212
 30
0.0
 11
0.0068749889919655
 21
-0.0054126397355612
 31
0.0
  0
LINE
  5
D4F3
  8
0
 62
     0
 10
0.0056249889919666
 20
-0.0032475762260988
 30
0.0
 11
0.0049999889919645
 21
-0.0021650444713703
 31
0.0
  0
LINE
  5
D4F4
  8
0
 62
     0
 10
0.0037499889919674
 20
0.0000000190380929
 30
0.0
 11
0.0031249889919653
 21
0.0010825507928232
 31
0.0
  0
LINE
  5
D4F5
  8
0
 62
     0
 10
0.0018749889919674
 20
0.0032476143022819
 30
0.0
 11
0.0012499889919662
 21
0.0043301460570149
 31
0.0
  0
LINE
  5
D4F6
  8
0
 62
     0
 10
-0.0000000110080345
 20
0.0064952095664745
 30
0.0
 11
-0.000625011008033
 21
0.0075777413212048
 31
0.0
  0
LINE
  5
D4F7
  8
0
 62
     0
 10
0.0074999889878695
 20
-0.0043301079831952
 30
0.0
 11
0.0068749889878701
 21
-0.0032475762284649
 31
0.0
  0
LINE
  5
D4F8
  8
0
 62
     0
 10
0.0056249889878695
 20
-0.0010825127190062
 30
0.0
 11
0.00499998898787
 21
0.0000000190357268
 31
0.0
  0
LINE
  5
D4F9
  8
0
 62
     0
 10
0.0037499889878685
 20
0.0021650825451864
 30
0.0
 11
0.0031249889878699
 21
0.0032476142999167
 31
0.0
  0
LINE
  5
D4FA
  8
0
 62
     0
 10
0.0018749889878684
 20
0.0054126778093799
 30
0.0
 11
0.0012499889878681
 21
0.0064952095641084
 31
0.0
  0
LINE
  5
D4FB
  8
0
 62
     0
 10
-0.0000000110121317
 20
0.0086602730735708
 30
0.0
 11
-0.0004144328847682
 21
0.0093780728127459
 31
0.0
  0
LINE
  5
D4FC
  8
0
 62
     0
 10
0.0087500845491819
 20
-0.0043302735097042
 30
0.0
 11
0.0087499889837721
 21
-0.0043301079855622
 31
0.0
  0
LINE
  5
D4FD
  8
0
 62
     0
 10
0.0074999889837715
 20
-0.002165044476099
 30
0.0
 11
0.006874988983772
 21
-0.0010825127213705
 31
0.0
  0
LINE
  5
D4FE
  8
0
 62
     0
 10
0.0056249889837714
 20
0.0010825507880918
 30
0.0
 11
0.004999988983772
 21
0.002165082542823
 31
0.0
  0
LINE
  5
D4FF
  8
0
 62
     0
 10
0.0037499889837731
 20
0.0043301460522827
 30
0.0
 11
0.0031249889837719
 21
0.0054126778070138
 31
0.0
  0
LINE
  5
D500
  8
0
 62
     0
 10
0.001874988983773
 20
0.0075777413164762
 30
0.0
 11
0.0012499889837718
 21
0.0086602730712047
 31
0.0
  0
LINE
  5
D501
  8
0
 62
     0
 10
0.0092471638236606
 20
-0.0030261765684916
 30
0.0
 11
0.0087499889796758
 21
-0.0021650444784642
 31
0.0
  0
LINE
  5
D502
  8
0
 62
     0
 10
0.0074999889796752
 20
0.0000000190309963
 30
0.0
 11
0.0068749889796758
 21
0.0010825507857266
 31
0.0
  0
LINE
  5
D503
  8
0
 62
     0
 10
0.0056249889796751
 20
0.0032476142951898
 30
0.0
 11
0.0049999889796757
 21
0.004330146049921
 31
0.0
  0
LINE
  5
D504
  8
0
 62
     0
 10
0.003749988979675
 20
0.0064952095593798
 30
0.0
 11
0.0031249889796756
 21
0.0075777413141118
 31
0.0
  0
LINE
  5
D505
  8
0
 62
     0
 10
0.009374988975579
 20
-0.0010825127260992
 30
0.0
 11
0.0087499889755795
 21
0.000000019028632
 31
0.0
  0
LINE
  5
D506
  8
0
 62
     0
 10
0.0074999889755789
 20
0.0021650825380908
 30
0.0
 11
0.0068749889755795
 21
0.0032476142928228
 31
0.0
  0
LINE
  5
D507
  8
0
 62
     0
 10
0.0056249889755771
 20
0.0054126778022852
 30
0.0
 11
0.0049999889755785
 21
0.0064952095570137
 31
0.0
  0
LINE
  5
D508
  8
0
 62
     0
 10
0.0093749889714809
 20
0.0010825507809971
 30
0.0
 11
0.0087499889714815
 21
0.0021650825357256
 31
0.0
  0
LINE
  5
D509
  8
0
 62
     0
 10
0.0074999889714809
 20
0.0043301460451888
 30
0.0
 11
0.0068749889714805
 21
0.0054126777999191
 31
0.0
  0
LINE
  5
D50A
  8
0
 62
     0
 10
0.0056249889714808
 20
0.0075777413093778
 30
0.0
 11
0.0056166372814941
 21
0.0075922068607701
 31
0.0
  0
LINE
  5
D50B
  8
0
 62
     0
 10
-0.0095768665858591
 20
0.0007328884959836
 30
0.0
 11
-0.0093749946455155
 21
0.0010825409532824
 31
0.0
  0
LINE
  5
D50C
  8
0
 62
     0
 10
-0.008124994645514
 20
0.0032476044627447
 30
0.0
 11
-0.0074999946455145
 21
0.0043301362174759
 31
0.0
  0
LINE
  5
D50D
  8
0
 62
     0
 10
-0.0062499946455139
 20
0.0064951997269356
 30
0.0
 11
-0.0056358198087798
 21
0.0075589817488906
 31
0.0
  0
LINE
  5
D50E
  8
0
 62
     0
 10
-0.0095588970976745
 20
-0.0014010509374902
 30
0.0
 11
-0.0093749946496109
 21
-0.001082522553812
 31
0.0
  0
LINE
  5
D50F
  8
0
 62
     0
 10
-0.008124994649612
 20
0.0010825409556476
 30
0.0
 11
-0.0074999946496126
 21
0.0021650727103779
 31
0.0
  0
LINE
  5
D510
  8
0
 62
     0
 10
-0.006249994649612
 20
0.0043301362198411
 30
0.0
 11
-0.0056249946496125
 21
0.0054126679745696
 31
0.0
  0
LINE
  5
D511
  8
0
 62
     0
 10
-0.0043749946496119
 20
0.0075777314840328
 30
0.0
 11
-0.0037787893051595
 21
0.0086103894323655
 31
0.0
  0
LINE
  5
D512
  8
0
 62
     0
 10
-0.0081249946537074
 20
-0.0010825225514477
 30
0.0
 11
-0.0074999946537089
 21
0.0000000092032826
 31
0.0
  0
LINE
  5
D513
  8
0
 62
     0
 10
-0.0062499946537073
 20
0.0021650727127458
 30
0.0
 11
-0.005624994653707
 21
0.0032476044674761
 31
0.0
  0
LINE
  5
D514
  8
0
 62
     0
 10
-0.0043749946537082
 20
0.0054126679769357
 30
0.0
 11
-0.003749994653707
 21
0.0064951997316678
 31
0.0
  0
LINE
  5
D515
  8
0
 62
     0
 10
-0.0024999946537081
 20
0.0086602632411283
 30
0.0
 11
-0.0022333547654405
 21
0.0091220970749299
 31
0.0
  0
LINE
  5
D516
  8
0
 62
     0
 10
-0.0081249946578055
 20
-0.0032475860585421
 30
0.0
 11
-0.0074999946578069
 21
-0.0021650543038119
 31
0.0
  0
LINE
  5
D517
  8
0
 62
     0
 10
-0.0062499946578045
 20
0.0000000092056478
 30
0.0
 11
-0.0056249946578051
 21
0.0010825409603799
 31
0.0
  0
LINE
  5
D518
  8
0
 62
     0
 10
-0.0043749946578044
 20
0.0032476044698395
 30
0.0
 11
-0.003749994657805
 21
0.0043301362245698
 31
0.0
  0
LINE
  5
D519
  8
0
 62
     0
 10
-0.0024999946578044
 20
0.006495199734033
 30
0.0
 11
-0.0018749946578049
 21
0.0075777314887615
 31
0.0
  0
LINE
  5
D51A
  8
0
 62
     0
 10
-0.0081249946619026
 20
-0.0054126495656393
 30
0.0
 11
-0.0074999946619014
 21
-0.0043301178109072
 31
0.0
  0
LINE
  5
D51B
  8
0
 62
     0
 10
-0.0062499946619026
 20
-0.0021650543014475
 30
0.0
 11
-0.0056249946619014
 21
-0.0010825225467173
 31
0.0
  0
LINE
  5
D51C
  8
0
 62
     0
 10
-0.0043749946619025
 20
0.001082540962746
 30
0.0
 11
-0.0037499946619031
 21
0.0021650727174745
 31
0.0
  0
LINE
  5
D51D
  8
0
 62
     0
 10
-0.0024999946619007
 20
0.0043301362269368
 30
0.0
 11
-0.001874994661903
 21
0.005412667981668
 31
0.0
  0
LINE
  5
D51E
  8
0
 62
     0
 10
-0.0006249946619015
 20
0.0075777314911276
 30
0.0
 11
0.0000000053380971
 21
0.0086602632458588
 31
0.0
  0
LINE
  5
D51F
  8
0
 62
     0
 10
-0.0062499946660006
 20
-0.0043301178085429
 30
0.0
 11
-0.0056249946659994
 21
-0.0032475860538144
 31
0.0
  0
LINE
  5
D520
  8
0
 62
     0
 10
-0.0043749946660006
 20
-0.0010825225443512
 30
0.0
 11
-0.0037499946659993
 21
0.0000000092103773
 31
0.0
  0
LINE
  5
D521
  8
0
 62
     0
 10
-0.0024999946659996
 20
0.0021650727198388
 30
0.0
 11
-0.0018749946660011
 21
0.00324760447457
 31
0.0
  0
LINE
  5
D522
  8
0
 62
     0
 10
-0.0006249946659995
 20
0.0054126679840323
 30
0.0
 11
0.000000005333999
 21
0.0064951997387608
 31
0.0
  0
LINE
  5
D523
  8
0
 62
     0
 10
0.0012500053339997
 20
0.008660263248224
 30
0.0
 11
0.0015945626988438
 21
0.0092570541102539
 31
0.0
  0
LINE
  5
D524
  8
0
 62
     0
 10
-0.0062499946700969
 20
-0.0064951813156382
 30
0.0
 11
-0.0056249946700966
 21
-0.005412649560907
 31
0.0
  0
LINE
  5
D525
  8
0
 62
     0
 10
-0.0043749946700951
 20
-0.0032475860514474
 30
0.0
 11
-0.0037499946700965
 21
-0.0021650542967162
 31
0.0
  0
LINE
  5
D526
  8
0
 62
     0
 10
-0.002499994670095
 20
0.0000000092127461
 30
0.0
 11
-0.0018749946700964
 21
0.0010825409674746
 31
0.0
  0
LINE
  5
D527
  8
0
 62
     0
 10
-0.0006249946700949
 20
0.0032476044769378
 30
0.0
 11
0.0000000053299045
 21
0.0043301362316681
 31
0.0
  0
LINE
  5
D528
  8
0
 62
     0
 10
0.0012500053299052
 20
0.0064951997411278
 30
0.0
 11
0.0018750053299055
 21
0.0075777314958598
 31
0.0
  0
LINE
  5
D529
  8
0
 62
     0
 10
-0.0058255185309211
 20
-0.0079250305759881
 30
0.0
 11
-0.005624994674192
 21
-0.0075777130680033
 31
0.0
  0
LINE
  5
D52A
  8
0
 62
     0
 10
-0.0043749946741913
 20
-0.0054126495585436
 30
0.0
 11
-0.0037499946741919
 21
-0.0043301178038133
 31
0.0
  0
LINE
  5
D52B
  8
0
 62
     0
 10
-0.002499994674193
 20
-0.0021650542943501
 30
0.0
 11
-0.0018749946741918
 21
-0.0010825225396198
 31
0.0
  0
LINE
  5
D52C
  8
0
 62
     0
 10
-0.000624994674193
 20
0.0010825409698398
 30
0.0
 11
0.0000000053258074
 21
0.0021650727245719
 31
0.0
  0
LINE
  5
D52D
  8
0
 62
     0
 10
0.0012500053258071
 20
0.0043301362340316
 30
0.0
 11
0.0018750053258074
 21
0.0054126679887618
 31
0.0
  0
LINE
  5
D52E
  8
0
 62
     0
 10
0.003125005325809
 20
0.0075777314982251
 30
0.0
 11
0.0037378320789285
 21
0.0086391785708662
 31
0.0
  0
LINE
  5
D52F
  8
0
 62
     0
 10
-0.0043749946782885
 20
-0.007577713065638
 30
0.0
 11
-0.0037499946782882
 21
-0.0064951813109095
 31
0.0
  0
LINE
  5
D530
  8
0
 62
     0
 10
-0.0024999946782893
 20
-0.0043301178014472
 30
0.0
 11
-0.0018749946782881
 21
-0.003247586046716
 31
0.0
  0
LINE
  5
D531
  8
0
 62
     0
 10
-0.0006249946782884
 20
-0.0010825225372564
 30
0.0
 11
0.0000000053217111
 21
0.0000000092174748
 31
0.0
  0
LINE
  5
D532
  8
0
 62
     0
 10
0.0012500053217117
 20
0.0021650727269371
 30
0.0
 11
0.0018750053217111
 21
0.0032476044816656
 31
0.0
  0
LINE
  5
D533
  8
0
 62
     0
 10
0.0031250053217109
 20
0.0054126679911288
 30
0.0
 11
0.0037500053217121
 21
0.0064951997458573
 31
0.0
  0
LINE
  5
D534
  8
0
 62
     0
 10
-0.0039661606612036
 20
-0.0090346552761833
 30
0.0
 11
-0.003749994682388
 21
-0.0086602448180031
 31
0.0
  0
LINE
  5
D535
  8
0
 62
     0
 10
-0.0024999946823874
 20
-0.0064951813085434
 30
0.0
 11
-0.0018749946823879
 21
-0.0054126495538123
 31
0.0
  0
LINE
  5
D536
  8
0
 62
     0
 10
-0.0006249946823873
 20
-0.0032475860443508
 30
0.0
 11
0.0000000053176139
 21
-0.0021650542896214
 31
0.0
  0
LINE
  5
D537
  8
0
 62
     0
 10
0.0012500053176145
 20
0.0000000092198418
 30
0.0
 11
0.0018750053176131
 21
0.0010825409745721
 31
0.0
  0
LINE
  5
D538
  8
0
 62
     0
 10
0.0031250053176146
 20
0.0032476044840317
 30
0.0
 11
0.0037500053176132
 21
0.0043301362387638
 31
0.0
  0
LINE
  5
D539
  8
0
 62
     0
 10
0.0050000053176129
 20
0.0064951997482243
 30
0.0
 11
0.0056250053176141
 21
0.0075777315029537
 31
0.0
  0
LINE
  5
D53A
  8
0
 62
     0
 10
-0.0024999946864837
 20
-0.0086602448156379
 30
0.0
 11
-0.0018749946864824
 21
-0.0075777130609094
 31
0.0
  0
LINE
  5
D53B
  8
0
 62
     0
 10
-0.0006249946864836
 20
-0.0054126495514462
 30
0.0
 11
0.0000000053135176
 21
-0.0043301177967159
 31
0.0
  0
LINE
  5
D53C
  8
0
 62
     0
 10
0.0012500053135165
 20
-0.0021650542872562
 30
0.0
 11
0.0018750053135159
 21
-0.0010825225325242
 31
0.0
  0
LINE
  5
D53D
  8
0
 62
     0
 10
0.0031250053135174
 20
0.0010825409769355
 30
0.0
 11
0.003750005313516
 21
0.0021650727316658
 31
0.0
  0
LINE
  5
D53E
  8
0
 62
     0
 10
0.0050000053135175
 20
0.004330136241129
 30
0.0
 11
0.0056250053135161
 21
0.0054126679958575
 31
0.0
  0
LINE
  5
D53F
  8
0
 62
     0
 10
-0.0006249946905781
 20
-0.0075777130585433
 30
0.0
 11
0.0000000053094205
 21
-0.0064951813038112
 31
0.0
  0
LINE
  5
D540
  8
0
 62
     0
 10
0.001250005309422
 20
-0.0043301177943516
 30
0.0
 11
0.0018750053094214
 21
-0.0032475860396222
 31
0.0
  0
LINE
  5
D541
  8
0
 62
     0
 10
0.0031250053094221
 20
-0.0010825225301581
 30
0.0
 11
0.0037500053094215
 21
0.0000000092245704
 31
0.0
  0
LINE
  5
D542
  8
0
 62
     0
 10
0.0050000053094204
 20
0.0021650727340328
 30
0.0
 11
0.0056250053094216
 21
0.0032476044887639
 31
0.0
  0
LINE
  5
D543
  8
0
 62
     0
 10
0.0068750053094204
 20
0.0054126679982236
 30
0.0
 11
0.0072690878648967
 21
0.0060952390066857
 31
0.0
  0
LINE
  5
D544
  8
0
 62
     0
 10
-0.0006249946946761
 20
-0.0097427765656395
 30
0.0
 11
0.0000000053053251
 21
-0.0086602448109101
 31
0.0
  0
LINE
  5
D545
  8
0
 62
     0
 10
0.0012500053053239
 20
-0.0064951813014469
 30
0.0
 11
0.0018750053053234
 21
-0.0054126495467175
 31
0.0
  0
LINE
  5
D546
  8
0
 62
     0
 10
0.003125005305324
 20
-0.0032475860372552
 30
0.0
 11
0.0037500053053234
 21
-0.002165054282524
 31
0.0
  0
LINE
  5
D547
  8
0
 62
     0
 10
0.005000005305325
 20
0.0000000092269357
 30
0.0
 11
0.0056250053053235
 21
0.0010825409816659
 31
0.0
  0
LINE
  5
D548
  8
0
 62
     0
 10
0.0068750053053259
 20
0.0032476044911292
 30
0.0
 11
0.0075000053053245
 21
0.0043301362458577
 31
0.0
  0
LINE
  5
D549
  8
0
 62
     0
 10
0.0012500053012285
 20
-0.0086602448085422
 30
0.0
 11
0.0018750053012271
 21
-0.0075777130538111
 31
0.0
  0
LINE
  5
D54A
  8
0
 62
     0
 10
0.0031250053012286
 20
-0.0054126495443514
 30
0.0
 11
0.0037500053012289
 21
-0.0043301177896202
 31
0.0
  0
LINE
  5
D54B
  8
0
 62
     0
 10
0.0050000053012278
 20
-0.0021650542801579
 30
0.0
 11
0.005625005301229
 21
-0.0010825225254294
 31
0.0
  0
LINE
  5
D54C
  8
0
 62
     0
 10
0.0068750053012279
 20
0.0010825409840338
 30
0.0
 11
0.0075000053012291
 21
0.0021650727387641
 31
0.0
  0
LINE
  5
D54D
  8
0
 62
     0
 10
0.0031250052971314
 20
-0.0075777130514458
 30
0.0
 11
0.0037500052971291
 21
-0.0064951812967173
 31
0.0
  0
LINE
  5
D54E
  8
0
 62
     0
 10
0.0050000052971306
 20
-0.0043301177872541
 30
0.0
 11
0.0056250052971309
 21
-0.0032475860325238
 31
0.0
  0
LINE
  5
D54F
  8
0
 62
     0
 10
0.0068750052971298
 20
-0.0010825225230642
 30
0.0
 11
0.007500005297131
 21
0.0000000092316679
 31
0.0
  0
LINE
  5
D550
  8
0
 62
     0
 10
0.0087500052971299
 20
0.0021650727411275
 30
0.0
 11
0.0091428722148601
 21
0.002845538203248
 31
0.0
  0
LINE
  5
D551
  8
0
 62
     0
 10
0.0033900090050976
 20
-0.0092837766650522
 30
0.0
 11
0.0037500052930328
 21
-0.0086602448038109
 31
0.0
  0
LINE
  5
D552
  8
0
 62
     0
 10
0.0050000052930335
 20
-0.0064951812943512
 30
0.0
 11
0.0056250052930329
 21
-0.0054126495396192
 31
0.0
  0
LINE
  5
D553
  8
0
 62
     0
 10
0.0068750052930335
 20
-0.0032475860301595
 30
0.0
 11
0.007500005293033
 21
-0.0021650542754292
 31
0.0
  0
LINE
  5
D554
  8
0
 62
     0
 10
0.0087500052930354
 20
0.0000000092340331
 30
0.0
 11
0.009375005293033
 21
0.0010825409887625
 31
0.0
  0
LINE
  5
D555
  8
0
 62
     0
 10
0.0051394055055516
 20
-0.0084187965436842
 30
0.0
 11
0.0056250052889366
 21
-0.0075777130467181
 31
0.0
  0
LINE
  5
D556
  8
0
 62
     0
 10
0.0068750052889355
 20
-0.0054126495372548
 30
0.0
 11
0.0075000052889349
 21
-0.0043301177825255
 31
0.0
  0
LINE
  5
D557
  8
0
 62
     0
 10
0.0087500052889355
 20
-0.0021650542730622
 30
0.0
 11
0.009375005288935
 21
-0.001082522518332
 31
0.0
  0
LINE
  5
D558
  8
0
 62
     0
 10
0.008750005284841
 20
-0.0043301177801602
 30
0.0
 11
0.0087507968115625
 21
-0.0043287468156636
 31
0.0
  0
LINE
  5
D559
  8
0
 10
0.0068274843698255
 20
-0.0070738337046619
 30
0.0
 11
0.057577842143389
 21
-0.0578724296854958
 31
0.0
  0
LINE
  5
D55A
  8
0
 10
-0.0256003465372965
 20
-0.0776252529513872
 30
0.0
 11
-0.0180211887847515
 21
-0.0738160014797034
 31
0.0
  0
LINE
  5
D55B
  8
0
 10
-0.0294095959931076
 20
-0.070046099209768
 30
0.0
 11
-0.0256003465372965
 21
-0.0776252529513872
 31
0.0
  0
LINE
  5
D55C
  8
0
 10
-0.0256003465372965
 20
-0.0776252529513872
 30
0.0
 11
-0.0030670465702753
 21
-0.0094464691519924
 31
0.0
  0
LINE
  5
D55D
  8
0
 10
-0.027602010327028
 20
-0.0645769050612479
 30
0.0
 11
-0.0237927608712161
 21
-0.0721560588028689
 31
0.0
  0
LINE
  5
D55E
  8
0
 10
-0.0237927608712161
 20
-0.0721560588028689
 30
0.0
 11
-0.0162136031186737
 21
-0.0683468073311842
 31
0.0
  0
LINE
  5
D55F
  8
0
 10
-0.0771223014541551
 20
-0.0259725712145711
 30
0.0
 11
-0.0733751526750908
 21
-0.0185054330801258
 31
0.0
  0
LINE
  5
D560
  8
0
 10
-0.069638540658211
 20
-0.029728061554299
 30
0.0
 11
-0.0771223014541551
 21
-0.0259725712145711
 31
0.0
  0
LINE
  5
D561
  8
0
 10
-0.0771223014541551
 20
-0.0259725712145711
 30
0.0
 11
-0.0089789917859946
 21
-0.0033322197323704
 31
0.0
  0
LINE
  5
D562
  8
0
 10
-0.0717301676494922
 20
-0.0241782096436802
 30
0.0
 11
-0.0679830188704287
 21
-0.0167110715092358
 31
0.0
  0
LINE
  5
D563
  8
0
 10
-0.064246406853548
 20
-0.027933699983409
 30
0.0
 11
-0.0717301676494922
 21
-0.0241782096436802
 31
0.0
  0
LINE
  5
D564
  8
0
 10
0.0239659380733048
 20
-0.0721412412177847
 30
0.0
 11
0.0163844180680215
 21
-0.0683366934888232
 31
0.0
  0
LINE
  5
D565
  8
0
 10
0.027770483788883
 20
-0.0645597252246732
 30
0.0
 11
0.0239659380733048
 21
-0.0721412412177847
 31
0.0
  0
LINE
  5
D566
  8
0
 10
0.0257769171288036
 20
-0.0776093126725988
 30
0.0
 11
0.0032013152874555
 21
-0.009444524333829
 31
0.0
  0
LINE
  5
D567
  8
0
 10
0.0257769171288036
 20
-0.0776093126725988
 30
0.0
 11
0.0181953971235185
 21
-0.0738047649436373
 31
0.0
  0
LINE
  5
D568
  8
0
 10
0.0295814628443818
 20
-0.0700277966794891
 30
0.0
 11
0.0257769171288036
 21
-0.0776093126725988
 31
0.0
  0
LINE
  5
D569
  8
0
 10
0.057577842143389
 20
-0.0578724296854958
 30
0.0
 11
0.0492046478101189
 21
-0.0578724296854958
 31
0.0
  0
LINE
  5
D56A
  8
0
 10
0.057577842143389
 20
-0.049517833591648
 30
0.0
 11
0.057577842143389
 21
-0.0578724296854958
 31
0.0
  0
LINE
  5
D56B
  8
0
 10
0.0535613656654208
 20
-0.0538521355472543
 30
0.0
 11
0.0451881713321525
 21
-0.0538521355472543
 31
0.0
  0
LINE
  5
D56C
  8
0
 10
0.0535613656654208
 20
-0.0454975394534065
 30
0.0
 11
0.0535613656654208
 21
-0.0538521355472543
 31
0.0
  0
LINE
  5
D56D
  8
0
 10
-0.0449951720544961
 20
-0.0537993806126629
 30
0.0
 11
-0.0534777441297836
 21
-0.0537993806126629
 31
0.0
  0
LINE
  5
D56E
  8
0
 10
-0.0534777441297836
 20
-0.0537993806126629
 30
0.0
 11
-0.0534777441297836
 21
-0.0453168130263872
 31
0.0
  0
CIRCLE
  5
D56F
  8
0
 10
0.00001352538946
 20
-0.0002533980573292
 30
0.0
 40
0.009640973986352
1001
ACAD
1000
ASC_BOUNDS
1002
{
1070
    19
1005
0
1002
}
  0
LINE
  5
D570
  8
0
 10
-0.0575507913644691
 20
-0.0578724296854949
 30
0.0
 11
-0.0575507913644691
 21
-0.0493898620992202
 31
0.0
  0
LINE
  5
D571
  8
0
 10
-0.0490682192891781
 20
-0.0578724296854958
 30
0.0
 11
-0.0575507913644691
 21
-0.0578724296854949
 31
0.0
  0
LINE
  5
D572
  8
0
 10
-0.0068004335909064
 20
-0.0070738337046601
 30
0.0
 11
-0.0575507913644691
 21
-0.0578724296854958
 31
0.0
  0
LINE
  5
D573
  8
0
 10
0.0774790189710881
 20
-0.0258737413297272
 30
0.0
 11
0.0736696585308119
 21
-0.0182946433694298
 31
0.0
  0
LINE
  5
D574
  8
0
 10
0.0698812192963736
 20
0.0291922593307872
 30
0.0
 11
0.0774627393016587
 21
0.025387711601824
 31
0.0
  0
LINE
  5
D575
  8
0
 10
0.0644140097895658
 20
0.0273786820001165
 30
0.0
 11
0.0719955297948491
 21
0.0235741342711551
 31
0.0
  0
LINE
  5
D576
  8
0
 10
0.0719955297948491
 20
0.0235741342711551
 30
0.0
 11
0.0681909840792701
 21
0.0159926182780437
 31
0.0
  0
LINE
  5
D577
  8
0
 10
-0.0771047863740497
 20
0.0254899101659252
 30
0.0
 11
-0.073362721292523
 21
0.018020223103072
 31
0.0
  0
LINE
  5
D578
  8
0
 10
-0.064227559829595
 20
0.0274422739477718
 30
0.0
 11
-0.0717138752281379
 21
0.0236918786224436
 31
0.0
  0
LINE
  5
D579
  8
0
 10
-0.0717138752281379
 20
0.0236918786224436
 30
0.0
 11
-0.067971810146612
 21
0.0162221915595922
 31
0.0
  0
LINE
  5
D57A
  8
0
 10
-0.0696184709755068
 20
0.0292403054912516
 30
0.0
 11
-0.0771047863740497
 21
0.0254899101659252
 31
0.0
  0
LINE
  5
D57B
  8
0
 10
0.0292688684216067
 20
0.0695754503616541
 30
0.0
 11
0.0255170868648627
 21
0.0770402618825044
 31
0.0
  0
LINE
  5
D57C
  8
0
 10
0.0255170868648627
 20
0.0770402618825044
 30
0.0
 11
0.018035657861808
 21
0.073280128452029
 31
0.0
  0
LINE
  5
D57D
  8
0
 10
0.0274855416972439
 20
0.0641796562541837
 30
0.0
 11
0.0237337601405008
 21
0.071644467775033
 31
0.0
  0
LINE
  5
D57E
  8
0
 10
0.0237337601405008
 20
0.071644467775033
 30
0.0
 11
0.0162523311374461
 21
0.0678843343445586
 31
0.0
  0
LINE
  5
D57F
  8
0
 10
-0.0254364792812982
 20
0.0770244530598525
 30
0.0
 11
-0.0179527184853541
 21
0.0732689627201237
 31
0.0
  0
LINE
  5
D580
  8
0
 10
-0.0291836280603626
 20
0.0695573149254072
 30
0.0
 11
-0.0254364792812982
 21
0.0770244530598525
 31
0.0
  0
LINE
  5
D581
  8
0
 10
-0.0236498047089473
 20
0.0716297665788277
 30
0.0
 11
-0.0161660439130032
 21
0.0678742762390998
 31
0.0
  0
LINE
  5
D582
  8
0
 10
-0.0273969534880108
 20
0.0641626284443815
 30
0.0
 11
-0.0236498047089473
 21
0.0716297665788277
 31
0.0
  0
LINE
  5
D583
  8
0
 10
0.057577842143389
 20
0.0573656335708366
 30
0.0
 11
0.057577842143389
 21
0.0490110374769888
 31
0.0
  0
LINE
  5
D584
  8
0
 10
0.0492046478101189
 20
0.0573656335708366
 30
0.0
 11
0.057577842143389
 21
0.0573656335708366
 31
0.0
  0
LINE
  5
D585
  8
0
 10
0.0451900829152381
 20
0.0533434315471606
 30
0.0
 11
0.0535632772485082
 21
0.0533434315471606
 31
0.0
  0
LINE
  5
D586
  8
0
 10
0.0535632772485082
 20
0.0533434315471606
 30
0.0
 11
0.0535632772485082
 21
0.0449888354533128
 31
0.0
  0
LINE
  5
D587
  8
0
 10
-0.0534796779725495
 20
0.0532906505862645
 30
0.0
 11
-0.044997105897262
 21
0.0532906505862645
 31
0.0
  0
LINE
  5
D588
  8
0
 10
-0.0534796779725495
 20
0.0448080829999897
 30
0.0
 11
-0.0534796779725495
 21
0.0532906505862645
 31
0.0
  0
LINE
  5
D589
  8
0
 10
-0.0575507913644691
 20
0.0488830659845618
 30
0.0
 11
-0.0575507913644691
 21
0.0573656335708366
 31
0.0
  0
LINE
  5
D58A
  8
0
 10
-0.0575507913644691
 20
0.0573656335708366
 30
0.0
 11
-0.0490682192891798
 21
0.0573656335708366
 31
0.0
  0
LINE
  5
D58B
  8
0
 10
0.0774627393016587
 20
0.025387711601824
 30
0.0
 11
0.0736581935860805
 21
0.0178061956087126
 31
0.0
  0
ENDBLK
  5
D58C
  8
0
  0
BLOCK
  8
0
  2
DIFFUSORE
 70
     0
 10
0.0
 20
0.0
 30
0.0
  3
DIFFUSORE
  1

  0
LINE
  5
D58F
  8
0
 10
0.007353228703713
 20
0.0573656243533618
 30
0.0
 11
0.0073532287037139
 21
0.0059977571402987
 31
0.0
  0
LINE
  5
D590
  8
0
 10
-0.0073659783081697
 20
0.0573656243533618
 30
0.0
 11
-0.0073659783081705
 21
0.005950735141786
 31
0.0
  0
LINE
  5
D591
  8
0
 10
0.0073532287037139
 20
-0.0065045716899066
 30
0.0
 11
0.0073532287037139
 21
-0.0578724389029723
 31
0.0
  0
LINE
  5
D592
  8
0
 10
-0.0073659783081705
 20
-0.0064575496913939
 30
0.0
 11
-0.0073659783081705
 21
-0.0578724389029723
 31
0.0
  0
LINE
  5
D593
  8
0
 10
-0.0575507966861801
 20
-0.0578724389029723
 30
0.0
 11
-0.0073659783081705
 21
-0.0578724389029732
 31
0.0
  0
LINE
  5
D594
  8
0
 10
0.0073532287037139
 20
-0.0578724389029732
 30
0.0
 11
0.0575380470817226
 21
-0.0578724389029732
 31
0.0
  0
LINE
  5
D595
  8
0
 10
0.007353228703713
 20
-0.0458779244925172
 30
0.0
 11
0.0575778368216771
 21
-0.0458779244925172
 31
0.0
  0
LINE
  5
D596
  8
0
 10
-0.0575507966861801
 20
-0.0458779244925181
 30
0.0
 11
-0.0073659783081705
 21
-0.0458779244925172
 31
0.0
  0
LINE
  5
D597
  8
0
 10
0.007353228703713
 20
-0.033883410082062
 30
0.0
 11
0.0575778368216771
 21
-0.0338834100820629
 31
0.0
  0
LINE
  5
D598
  8
0
 10
-0.0575507966861801
 20
-0.0338834100820655
 30
0.0
 11
-0.0073659783081705
 21
-0.0338834100820646
 31
0.0
  0
LINE
  5
D599
  8
0
 10
-0.0575507966861801
 20
-0.0218888956716112
 30
0.0
 11
-0.0073659783081705
 21
-0.0218888956716104
 31
0.0
  0
LINE
  5
D59A
  8
0
 10
0.007353228703713
 20
-0.0218888956716104
 30
0.0
 11
0.0575778368216771
 21
-0.0218888956716112
 31
0.0
  0
LINE
  5
D59B
  8
0
 10
0.0525403384649215
 20
-0.052874730286173
 30
0.0
 11
0.0575380470817226
 21
-0.0578724389029732
 31
0.0
  0
LINE
  5
D59C
  8
0
 10
0.0467829146921117
 20
-0.052874730286173
 30
0.0
 11
0.0517778870937065
 21
-0.0578697026877686
 31
0.0
  0
LINE
  5
D59D
  8
0
 10
0.0575380470817226
 20
-0.0578724389029732
 30
0.0
 11
0.0525747922090565
 21
-0.0628356937756385
 31
0.0
  0
LINE
  5
D59E
  8
0
 10
0.0517778870937065
 20
-0.0578697026877686
 30
0.0
 11
0.0468118960058357
 21
-0.0628356937756385
 31
0.0
  0
LINE
  5
D59F
  8
0
 10
0.0525403384649215
 20
-0.0408802158757169
 30
0.0
 11
0.0575380470817226
 21
-0.0458779244925172
 31
0.0
  0
LINE
  5
D5A0
  8
0
 10
0.0467829146921117
 20
-0.0408802158757169
 30
0.0
 11
0.0517778870937065
 21
-0.0458751882773125
 31
0.0
  0
LINE
  5
D5A1
  8
0
 10
0.0575380470817226
 20
-0.0458779244925172
 30
0.0
 11
0.0525747922090565
 21
-0.0508411793651824
 31
0.0
  0
LINE
  5
D5A2
  8
0
 10
0.0517778870937065
 20
-0.0458751882773125
 30
0.0
 11
0.0468118960058357
 21
-0.0508411793651824
 31
0.0
  0
LINE
  5
D5A3
  8
0
 10
0.0525403384649215
 20
-0.0288857014652626
 30
0.0
 11
0.0575380470817226
 21
-0.0338834100820629
 31
0.0
  0
LINE
  5
D5A4
  8
0
 10
0.0467829146921117
 20
-0.0288857014652626
 30
0.0
 11
0.0517778870937065
 21
-0.0338806738668582
 31
0.0
  0
LINE
  5
D5A5
  8
0
 10
0.0575380470817226
 20
-0.0338834100820629
 30
0.0
 11
0.0525747922090565
 21
-0.0388466649547281
 31
0.0
  0
LINE
  5
D5A6
  8
0
 10
0.0517778870937065
 20
-0.0338806738668582
 30
0.0
 11
0.0468118960058357
 21
-0.0388466649547281
 31
0.0
  0
LINE
  5
D5A7
  8
0
 10
0.0525403384649215
 20
-0.016891187054811
 30
0.0
 11
0.0575380470817226
 21
-0.0218888956716112
 31
0.0
  0
LINE
  5
D5A8
  8
0
 10
0.0467829146921117
 20
-0.016891187054811
 30
0.0
 11
0.0517778870937065
 21
-0.0218861594564066
 31
0.0
  0
LINE
  5
D5A9
  8
0
 10
0.0575380470817226
 20
-0.0218888956716112
 30
0.0
 11
0.0525747922090565
 21
-0.0268521505442765
 31
0.0
  0
LINE
  5
D5AA
  8
0
 10
0.0517778870937065
 20
-0.0218861594564066
 30
0.0
 11
0.0468118960058357
 21
-0.0268521505442765
 31
0.0
  0
LINE
  5
D5AB
  8
0
 10
-0.0467956642965692
 20
-0.0628701475197726
 30
0.0
 11
-0.051790636698164
 21
-0.057875175118177
 31
0.0
  0
LINE
  5
D5AC
  8
0
 10
-0.052553088069379
 20
-0.0628701475197726
 30
0.0
 11
-0.0575507966861801
 21
-0.0578724389029723
 31
0.0
  0
LINE
  5
D5AD
  8
0
 10
-0.051790636698164
 20
-0.057875175118177
 30
0.0
 11
-0.0468246456102932
 21
-0.0529091840303071
 31
0.0
  0
LINE
  5
D5AE
  8
0
 10
-0.0575507966861801
 20
-0.0578724389029723
 30
0.0
 11
-0.052587541813514
 21
-0.0529091840303071
 31
0.0
  0
LINE
  5
D5AF
  8
0
 10
-0.0467956642965692
 20
-0.0508756331093183
 30
0.0
 11
-0.051790636698164
 21
-0.0458806607077227
 31
0.0
  0
LINE
  5
D5B0
  8
0
 10
-0.052553088069379
 20
-0.0508756331093183
 30
0.0
 11
-0.0575507966861801
 21
-0.0458779244925181
 31
0.0
  0
LINE
  5
D5B1
  8
0
 10
-0.051790636698164
 20
-0.0458806607077227
 30
0.0
 11
-0.0468246456102932
 21
-0.0409146696198528
 31
0.0
  0
LINE
  5
D5B2
  8
0
 10
-0.0575507966861801
 20
-0.0458779244925181
 30
0.0
 11
-0.052587541813514
 21
-0.0409146696198528
 31
0.0
  0
LINE
  5
D5B3
  8
0
 10
-0.0467956642965692
 20
-0.0388811186988658
 30
0.0
 11
-0.051790636698164
 21
-0.0338861462972702
 31
0.0
  0
LINE
  5
D5B4
  8
0
 10
-0.052553088069379
 20
-0.0388811186988658
 30
0.0
 11
-0.0575507966861801
 21
-0.0338834100820655
 31
0.0
  0
LINE
  5
D5B5
  8
0
 10
-0.051790636698164
 20
-0.0338861462972702
 30
0.0
 11
-0.0468246456102932
 21
-0.0289201552094003
 31
0.0
  0
LINE
  5
D5B6
  8
0
 10
-0.0575507966861801
 20
-0.0338834100820655
 30
0.0
 11
-0.052587541813514
 21
-0.0289201552094003
 31
0.0
  0
LINE
  5
D5B7
  8
0
 10
-0.0467956642965692
 20
-0.0268866042884115
 30
0.0
 11
-0.051790636698164
 21
-0.0218916318868159
 31
0.0
  0
LINE
  5
D5B8
  8
0
 10
-0.052553088069379
 20
-0.0268866042884115
 30
0.0
 11
-0.0575507966861801
 21
-0.0218888956716112
 31
0.0
  0
LINE
  5
D5B9
  8
0
 10
-0.051790636698164
 20
-0.0218916318868159
 30
0.0
 11
-0.0468246456102932
 21
-0.016925640798946
 31
0.0
  0
LINE
  5
D5BA
  8
0
 10
-0.0575507966861801
 20
-0.0218888956716112
 30
0.0
 11
-0.052587541813514
 21
-0.016925640798946
 31
0.0
  0
INSERT
  5
D5BB
  8
0
  6
CONTINUOUS
  2
*X34
 10
2.857261941857526
 20
-4.3081750520761473
 30
0.0
1001
ACAD
1000
HATCH
1002
{
1070
    19
1000
HONEY
1040
0.01
1040
0.0
1000
ASC_BOUNDS
1070
     1
1070
     2
1070
     1
1005
0
1000
ASC_SEEDPOINT
1011
2.59687498333022
1021
3.6407190074888659E+059
1031
6.8543538185950722E+025
1021
-4.311723969467474
1031
0.0
1000
R14_HATCH_DATA
1000
742E
1011
3.857261941857526
1021
3.6407190074888659E+059
1031
6.8543538185950722E+025
1021
-4.3081750520761473
1031
0.0
1011
2.857261941857526
1021
3.6407190074888659E+059
1031
6.8543538185950722E+025
1021
-3.3081750520761442
1031
0.0
1011
2.857261941857526
1021
3.6407190074888659E+059
1031
6.8543538185950722E+025
1021
-4.3081750520761473
1031
1.0
1040
0.0
1010
0.0
1020
0.0
1030
1.0
1000
HONEY
1070
     0
1070
     1
1071
        1
1071
        1
1071
        1
1070
     2
1040
-2.857248421789778
1040
4.3079216448013433
1040
0.009640973986352
1040
0.0
1040
6.2831853071795827
1070
     1
1071
        1
1005
0
1070
     0
1070
     1
1040
0.0
1040
0.01
1070
     0
1070
     3
1040
0.0
1040
-0.2603869585273064
1040
-0.0035489173913277
1040
0.001875
1040
0.00108253175
1070
     2
1040
0.00125
1040
-0.0025
1040
2.094395102393193
1040
-0.2603869585273064
1040
-0.0035489173913277
1040
-0.0018749999959032
1040
0.0010825317570958
1070
     2
1040
0.00125
1040
-0.0025
1040
1.0471975511965961
1040
-0.2603869585273064
1040
-0.0035489173913277
1040
0.0000000000040968
1040
0.0021650635070958
1070
     2
1040
-0.0025
1040
0.00125
1071
        1
1040
-0.2603869585273064
1040
-0.0035489173913277
1040
0.0
1002
}
  0
CIRCLE
  5
D5BC
  8
0
 10
0.000013520067748
 20
-0.0002534072748039
 30
0.0
 40
0.009640973986352
1001
ACAD
1000
ASC_BOUNDS
1002
{
1070
    19
1005
0
1002
}
  0
LINE
  5
D5BD
  8
0
 10
0.007353228703713
 20
0.0213820811220007
 30
0.0
 11
0.0575778368216771
 21
0.0213820811219998
 31
0.0
  0
LINE
  5
D5BE
  8
0
 10
-0.0575507966861801
 20
0.0213820811219998
 30
0.0
 11
-0.0073659783081705
 21
0.0213820811219998
 31
0.0
  0
LINE
  5
D5BF
  8
0
 10
-0.0575507966861801
 20
0.0333765955324532
 30
0.0
 11
-0.0073659783081705
 21
0.0333765955324541
 31
0.0
  0
LINE
  5
D5C0
  8
0
 10
0.007353228703713
 20
0.0333765955324541
 30
0.0
 11
0.0575778368216771
 21
0.0333765955324532
 31
0.0
  0
LINE
  5
D5C1
  8
0
 10
-0.0575507966861801
 20
0.0573656243533609
 30
0.0
 11
-0.0073659783081705
 21
0.0573656243533618
 31
0.0
  0
LINE
  5
D5C2
  8
0
 10
0.0073532287037139
 20
0.0573656243533618
 30
0.0
 11
0.0575380470817226
 21
0.0573656243533618
 31
0.0
  0
LINE
  5
D5C3
  8
0
 10
-0.0575507966861801
 20
0.0453711099429084
 30
0.0
 11
-0.0073659783081705
 21
0.0453711099429084
 31
0.0
  0
LINE
  5
D5C4
  8
0
 10
0.007353228703713
 20
0.0453711099429093
 30
0.0
 11
0.0575778368216771
 21
0.0453711099429084
 31
0.0
  0
LINE
  5
D5C5
  8
0
 10
0.0525403384649215
 20
0.0263797897388001
 30
0.0
 11
0.0575380470817226
 21
0.0213820811219998
 31
0.0
  0
LINE
  5
D5C6
  8
0
 10
0.0467829146921117
 20
0.0263797897388001
 30
0.0
 11
0.0517778870937065
 21
0.0213848173372044
 31
0.0
  0
LINE
  5
D5C7
  8
0
 10
0.0575380470817226
 20
0.0213820811219998
 30
0.0
 11
0.0525747922090565
 21
0.0164188262493346
 31
0.0
  0
LINE
  5
D5C8
  8
0
 10
0.0517778870937065
 20
0.0213848173372044
 30
0.0
 11
0.0468118960058357
 21
0.0164188262493346
 31
0.0
  0
LINE
  5
D5C9
  8
0
 10
0.0525403384649206
 20
0.0383743041492526
 30
0.0
 11
0.0575380470817217
 21
0.0333765955324523
 31
0.0
  0
LINE
  5
D5CA
  8
0
 10
0.0467829146921108
 20
0.0383743041492526
 30
0.0
 11
0.0517778870937056
 21
0.033379331747657
 31
0.0
  0
LINE
  5
D5CB
  8
0
 10
0.0575380470817217
 20
0.0333765955324523
 30
0.0
 11
0.0525747922090556
 21
0.0284133406597871
 31
0.0
  0
LINE
  5
D5CC
  8
0
 10
0.0517778870937056
 20
0.033379331747657
 30
0.0
 11
0.0468118960058348
 21
0.0284133406597871
 31
0.0
  0
LINE
  5
D5CD
  8
0
 10
0.0525403384649215
 20
0.0503688185597087
 30
0.0
 11
0.0575380470817226
 21
0.0453711099429084
 31
0.0
  0
LINE
  5
D5CE
  8
0
 10
0.0467829146921117
 20
0.0503688185597087
 30
0.0
 11
0.0517778870937065
 21
0.045373846158113
 31
0.0
  0
LINE
  5
D5CF
  8
0
 10
0.0575380470817226
 20
0.0453711099429084
 30
0.0
 11
0.0525747922090565
 21
0.0404078550702431
 31
0.0
  0
LINE
  5
D5D0
  8
0
 10
0.0517778870937065
 20
0.045373846158113
 30
0.0
 11
0.0468118960058357
 21
0.0404078550702431
 31
0.0
  0
LINE
  5
D5D1
  8
0
 10
0.0525403384649215
 20
0.0623633329701621
 30
0.0
 11
0.0575380470817226
 21
0.0573656243533618
 31
0.0
  0
LINE
  5
D5D2
  8
0
 10
0.0467829146921117
 20
0.0623633329701621
 30
0.0
 11
0.0517778870937065
 21
0.0573683605685664
 31
0.0
  0
LINE
  5
D5D3
  8
0
 10
0.0575380470817226
 20
0.0573656243533618
 30
0.0
 11
0.0525747922090565
 21
0.0524023694806966
 31
0.0
  0
LINE
  5
D5D4
  8
0
 10
0.0517778870937065
 20
0.0573683605685664
 30
0.0
 11
0.0468118960058357
 21
0.0524023694806966
 31
0.0
  0
LINE
  5
D5D5
  8
0
 10
-0.0467956642965692
 20
0.0163843725051995
 30
0.0
 11
-0.051790636698164
 21
0.0213793449067952
 31
0.0
  0
LINE
  5
D5D6
  8
0
 10
-0.052553088069379
 20
0.0163843725051995
 30
0.0
 11
-0.0575507966861801
 21
0.0213820811219998
 31
0.0
  0
LINE
  5
D5D7
  8
0
 10
-0.051790636698164
 20
0.0213793449067952
 30
0.0
 11
-0.0468246456102932
 21
0.0263453359946651
 31
0.0
  0
LINE
  5
D5D8
  8
0
 10
-0.0575507966861801
 20
0.0213820811219998
 30
0.0
 11
-0.052587541813514
 21
0.0263453359946651
 31
0.0
  0
LINE
  5
D5D9
  8
0
 10
-0.0467956642965692
 20
0.0283788869156529
 30
0.0
 11
-0.051790636698164
 21
0.0333738593172486
 31
0.0
  0
LINE
  5
D5DA
  8
0
 10
-0.052553088069379
 20
0.0283788869156529
 30
0.0
 11
-0.0575507966861801
 21
0.0333765955324532
 31
0.0
  0
LINE
  5
D5DB
  8
0
 10
-0.051790636698164
 20
0.0333738593172486
 30
0.0
 11
-0.0468246456102932
 21
0.0383398504051185
 31
0.0
  0
LINE
  5
D5DC
  8
0
 10
-0.0575507966861801
 20
0.0333765955324532
 30
0.0
 11
-0.052587541813514
 21
0.0383398504051185
 31
0.0
  0
LINE
  5
D5DD
  8
0
 10
-0.0467956642965692
 20
0.0403734013261081
 30
0.0
 11
-0.051790636698164
 21
0.0453683737277038
 31
0.0
  0
LINE
  5
D5DE
  8
0
 10
-0.052553088069379
 20
0.0403734013261081
 30
0.0
 11
-0.0575507966861801
 21
0.0453711099429084
 31
0.0
  0
LINE
  5
D5DF
  8
0
 10
-0.051790636698164
 20
0.0453683737277038
 30
0.0
 11
-0.0468246456102932
 21
0.0503343648155736
 31
0.0
  0
LINE
  5
D5E0
  8
0
 10
-0.0575507966861801
 20
0.0453711099429084
 30
0.0
 11
-0.052587541813514
 21
0.0503343648155736
 31
0.0
  0
LINE
  5
D5E1
  8
0
 10
-0.0467956642965692
 20
0.0523679157365606
 30
0.0
 11
-0.051790636698164
 21
0.0573628881381563
 31
0.0
  0
LINE
  5
D5E2
  8
0
 10
-0.052553088069379
 20
0.0523679157365606
 30
0.0
 11
-0.0575507966861801
 21
0.0573656243533609
 31
0.0
  0
LINE
  5
D5E3
  8
0
 10
-0.051790636698164
 20
0.0573628881381563
 30
0.0
 11
-0.0468246456102932
 21
0.0623288792260262
 31
0.0
  0
LINE
  5
D5E4
  8
0
 10
-0.0575507966861801
 20
0.0573656243533609
 30
0.0
 11
-0.052587541813514
 21
0.0623288792260262
 31
0.0
  0
ENDBLK
  5
D5E5
  8
0
  0
BLOCK
  8
0
  2
DETENTORE
 70
     0
 10
0.0
 20
0.0
 30
0.0
  3
DETENTORE
  1

  0
LINE
  5
D5E8
  8
0
 10
0.0
 20
0.0
 30
0.0
 11
-0.1083009846770437
 21
0.0625276026585198
 31
0.0
  0
LINE
  5
D5E9
  8
0
 10
-0.1083009846770437
 20
-0.0625276026585198
 30
0.0
 11
0.0
 21
0.0
 31
0.0
  0
LINE
  5
D5EA
  8
0
 10
-0.1083009846770437
 20
0.0625276026585198
 30
0.0
 11
-0.1083009846770437
 21
-0.0625276026585198
 31
0.0
  0
LINE
  5
D5EB
  8
0
 10
0.0
 20
0.0
 30
0.0
 11
0.1083009846770437
 21
-0.0625276026585198
 31
0.0
  0
LINE
  5
D5EC
  8
0
 10
0.1083009846770437
 20
-0.0625276026585198
 30
0.0
 11
0.1083009846770437
 21
0.0625276026585198
 31
0.0
  0
LINE
  5
D5ED
  8
0
 10
0.1083009846770437
 20
0.0625276026585198
 30
0.0
 11
0.0
 21
0.0
 31
0.0
  0
LINE
  5
D5EE
  8
0
 10
-0.0549349401702521
 20
0.0625276026585198
 30
0.0
 11
-0.0144468087092635
 21
-0.0625276026585198
 31
0.0
  0
LINE
  5
D5EF
  8
0
 10
0.0549349401702521
 20
0.0625276026585198
 30
0.0
 11
0.0144468087092635
 21
-0.0625276026585198
 31
0.0
  0
LINE
  5
D5F0
  8
0
 10
-0.0549349401702521
 20
0.0625276026585198
 30
0.0
 11
0.0549349401702521
 21
0.0625276026585198
 31
0.0
  0
LINE
  5
D5F1
  8
0
 10
-0.0144468087092635
 20
-0.0625276026585198
 30
0.0
 11
0.0144468087092635
 21
-0.0625276026585198
 31
0.0
  0
ENDBLK
  5
D5F2
  8
0
  0
ENDSEC
  0
SECTION
  2
ENTITIES
  0
ENDSEC
  0
EOF
