"File","Dimensione","SHA256"
"documentazione\DIPENDENZE-NON-RISOLTE.csv","262955","9B5C24D7A9DC3F9A63381B73FD1388F52B8C06589C9845A69715FE3171428CD1"
"documentazione\DIPENDENZE-RISOLTE.csv","385139","5C9DF278D4544BE3B835D5855AC0833F6EDBD89E36561DBE173E8D2FBECBB62F"
"documentazione\SORGENTI-SELEZIONATI.csv","59475","851E67EBD338A29A9353D9DCB9A09F15809A240E9148E884CEDD3E774C4BD859"
"documentazione\UNITA-NON-RISOLTE-RIEPILOGO.csv","119767","ACEE1BAEA10A648D876964FDB7A4D62B3D43A085C802E75BB2BEE4695F620660"
"origine\bmsistemi\drivep\prjs\cpi win clima\versione_10\CARICHI\varcarichi.pas","128","DB2D329706328C848753138E99160195143515E5F5E847761E251C0E5A42487A"
"origine\bmsistemi\drivep\prjs\cpi win clima\versione_10\CARICHI\Varcarichi_estivo_14.pas","171","F97303CB14793925E7C71D617D98FED2A92252DA6434C71B70E6AA4562484F32"
"origine\bmsistemi\drivepsviluppo\Comp\Source\UNIT_CONDIVISE\BMEureka.ddp","51","8B69BBBD2D66C190368104AE96EFCE2329D3543372DBD7B89EC393068519526C"
"origine\bmsistemi\drivepsviluppo\Comp\Source\UNIT_CONDIVISE\BMEureka.dfm","1609","77580A8D46551B21F3FADF57F0EAF7BC96207E7707D0A63A82883D0CD353B86F"
"origine\bmsistemi\drivepsviluppo\Comp\Source\UNIT_CONDIVISE\BMEureka.pas","9001","F33491F9E93EF69A960C95DF97C2B3B4DE22946271802F0CCD0C09297E62AAE4"
"origine\bmsistemi\drivepsviluppo\prjs\cpi win clima\versione_10\3D\chiamateOggetti.pas","2649","E91827833B0D678BC33A02E68DCD370A791204F267928C2398B4B0AE6F9B2DB5"
"origine\bmsistemi\drivepsviluppo\prjs\cpi win clima\versione_10\3D\compila_form_database.pas","506","0D2F21E2D2DD9D617E703C5396371E23D17D34F7CE87EDED2C4824AEC2228434"
"origine\bmsistemi\drivepsviluppo\prjs\cpi win clima\versione_10\3D\Config_Var.pas","1996","B2ABC7435C160DA2EAB9213C24B6265E48CEFEFFCF632A19183C5ABC7E4121E4"
"origine\bmsistemi\drivepsviluppo\prjs\cpi win clima\versione_10\3D\CopiaCaricatabelle.pas","41655","A80214E59B06ADA4CE6AAB3DB48D059BEC8F873B33E8A4B39EFABD4E25BE8EDE"
"origine\bmsistemi\drivepsviluppo\prjs\cpi win clima\versione_10\3D\copialetturadisegno3d.pas","66070","0650D3330A231696FB3FB65CF0838ECB8AE9FE6B342A4865A733613A6E6B8F33"
"origine\bmsistemi\drivepsviluppo\prjs\cpi win clima\versione_10\3D\copiaUCaricadati.pas","4493","5068753C976611EE3B7F8647B0067A7B700484B03D694285A9C0B17938056945"
"origine\bmsistemi\drivepsviluppo\prjs\cpi win clima\versione_10\3D\CreaDxfEdificio.pas","23839","E868BCD3C8BACFAFAC69302DDF1480AF84490804FB2A328AC2B1AAD954DA901A"
"origine\bmsistemi\drivepsviluppo\prjs\cpi win clima\versione_10\3D\disedificio.pas","38989","A61C038819CBBD7AA74E4A2781594849F2E3850F9697B08AE03549F5203C5FC4"
"origine\bmsistemi\drivepsviluppo\prjs\cpi win clima\versione_10\3D\Fasi_progetto.pas","1253","198FFB32D85D8B03DC030A842EC5F6431DE983F4C785E6432E7FC0F46021C1E7"
"origine\bmsistemi\drivepsviluppo\prjs\cpi win clima\versione_10\3D\Fconsigli.ddp","51","8B69BBBD2D66C190368104AE96EFCE2329D3543372DBD7B89EC393068519526C"
"origine\bmsistemi\drivepsviluppo\prjs\cpi win clima\versione_10\3D\Fconsigli.dfm","1381","91219ADE7127C0F10A2A0A0A3601AA284CBE8E6242753B4E6D9ADA0A0D59B2BF"
"origine\bmsistemi\drivepsviluppo\prjs\cpi win clima\versione_10\3D\Fconsigli.pas","2177","0CFCBDFE09AFCF95A2F27EB7AED921D5EEC51BB00C190FBC708879CC9EBF7963"
"origine\bmsistemi\drivepsviluppo\prjs\cpi win clima\versione_10\3D\form\Archpers3D.dfm","1514","CA846B00C5DD299DE7A37B6A3ED0D27CC7140F515E4693441D8472E2C666386D"
"origine\bmsistemi\drivepsviluppo\prjs\cpi win clima\versione_10\3D\form\Archpers3D.pas","1151","0558D242720FEFB14D51F1B2027E583245B0A7BF7582D9243878DC6CA3655449"
"origine\bmsistemi\drivepsviluppo\prjs\cpi win clima\versione_10\3D\form\Cambiaelab.ddp","51","8B69BBBD2D66C190368104AE96EFCE2329D3543372DBD7B89EC393068519526C"
"origine\bmsistemi\drivepsviluppo\prjs\cpi win clima\versione_10\3D\form\Cambiaelab.dfm","23786","A736A0F67446E0B21D93A0FADA7AB9E9F90967333109698D6022222CCBEC85D3"
"origine\bmsistemi\drivepsviluppo\prjs\cpi win clima\versione_10\3D\form\Cambiaelab.pas","2782","6644BF5812826E2CDD31C0C08C639EB954B69D652B2493E2BE28BC31F1353BB7"
"origine\bmsistemi\drivepsviluppo\prjs\cpi win clima\versione_10\3D\form\Carburanti3D.ddp","51","8B69BBBD2D66C190368104AE96EFCE2329D3543372DBD7B89EC393068519526C"
"origine\bmsistemi\drivepsviluppo\prjs\cpi win clima\versione_10\3D\form\Carburanti3D.dfm","7838","78A149CAB287891D2B33AD5DCA64140FF2014CE188F39557CCBC90FCE30F09FA"
"origine\bmsistemi\drivepsviluppo\prjs\cpi win clima\versione_10\3D\form\Carburanti3D.pas","5920","7E32701A5A08105A3B382DF8359AD05186D04371FD4B8B9FA40011C079452251"
"origine\bmsistemi\drivepsviluppo\prjs\cpi win clima\versione_10\3D\form\Conferma3d.ddp","51","8B69BBBD2D66C190368104AE96EFCE2329D3543372DBD7B89EC393068519526C"
"origine\bmsistemi\drivepsviluppo\prjs\cpi win clima\versione_10\3D\form\Conferma3d.dfm","2151","2E2466727BC41C46559BD7450B5721CD273C25A64F4352FAAF9488B4EC783D3E"
"origine\bmsistemi\drivepsviluppo\prjs\cpi win clima\versione_10\3D\form\Conferma3d.pas","1496","2A1AB2986705CC8E460FFFC63D23FD7F3B2428565814792AE7D4ED45D35261E1"
"origine\bmsistemi\drivepsviluppo\prjs\cpi win clima\versione_10\3D\form\Confineparete3D.ddp","51","8B69BBBD2D66C190368104AE96EFCE2329D3543372DBD7B89EC393068519526C"
"origine\bmsistemi\drivepsviluppo\prjs\cpi win clima\versione_10\3D\form\Confineparete3D.dfm","655396","6128A0C19764C29462B83FC9CA83CA90D8144B3E9BF013839F9DC3D4C3BF86C8"
"origine\bmsistemi\drivepsviluppo\prjs\cpi win clima\versione_10\3D\form\Confineparete3D.pas","10279","4435BB9D2E173BD41FB419B8115C41ECE3BDD720FC607208844878F30EB90CF7"
"origine\bmsistemi\drivepsviluppo\prjs\cpi win clima\versione_10\3D\form\controlla3d.ddp","51","8B69BBBD2D66C190368104AE96EFCE2329D3543372DBD7B89EC393068519526C"
"origine\bmsistemi\drivepsviluppo\prjs\cpi win clima\versione_10\3D\form\controlla3d.dfm","3647","CBB20D05A41C93DE593A3ADE1B6B4E2F799F7CEADC75AF1461ABEA707212DCDC"
"origine\bmsistemi\drivepsviluppo\prjs\cpi win clima\versione_10\3D\form\controlla3d.pas","1558","EA6AE1E13B59E64631F740F1B6FBED244530C6AB7CB5B980667941D981F37BB0"
"origine\bmsistemi\drivepsviluppo\prjs\cpi win clima\versione_10\3D\form\Edificio3D.ddp","51","8B69BBBD2D66C190368104AE96EFCE2329D3543372DBD7B89EC393068519526C"
"origine\bmsistemi\drivepsviluppo\prjs\cpi win clima\versione_10\3D\form\Edificio3D.dfm","51282","FA2411E718AEA0A68501FFF12A017435E15AEFBA6B84D2AFC66B1C9EF3865834"
"origine\bmsistemi\drivepsviluppo\prjs\cpi win clima\versione_10\3D\form\Edificio3D.pas","9142","38B2F1133667550A612DF706917942E7A9A23BED667133D12D74A642500B5042"
"origine\bmsistemi\drivepsviluppo\prjs\cpi win clima\versione_10\3D\form\Errori3D.dfm","1417","08DFCC63D6FC41D370C816B49972468A811131266C02990D8E03BE17FA1799BA"
"origine\bmsistemi\drivepsviluppo\prjs\cpi win clima\versione_10\3D\form\Errori3D.pas","552","9C4F1FB78A211DDF8D6907540290937EC1B3EBF0C87389FAE7795DC8E850C765"
"origine\bmsistemi\drivepsviluppo\prjs\cpi win clima\versione_10\3D\form\Falde3D.ddp","51","8B69BBBD2D66C190368104AE96EFCE2329D3543372DBD7B89EC393068519526C"
"origine\bmsistemi\drivepsviluppo\prjs\cpi win clima\versione_10\3D\form\Falde3D.dfm","34362","6C08751B0FAC95186567821905D050B6BC8AE789CFA138D901B51D0011C0611F"
"origine\bmsistemi\drivepsviluppo\prjs\cpi win clima\versione_10\3D\form\Falde3D.pas","4257","C156D436B5ACB71E3DBD2C57B8490436DFC3BB256FFDAB50B3AD1CC9CEFB1978"
"origine\bmsistemi\drivepsviluppo\prjs\cpi win clima\versione_10\3D\form\filedialog.ddp","51","8B69BBBD2D66C190368104AE96EFCE2329D3543372DBD7B89EC393068519526C"
"origine\bmsistemi\drivepsviluppo\prjs\cpi win clima\versione_10\3D\form\filedialog.dfm","13528","F3ECE2C48156DCC543CFEAFC2F2ADD587DECA34975073D7DAA1C9A77BDE055F5"
"origine\bmsistemi\drivepsviluppo\prjs\cpi win clima\versione_10\3D\form\filedialog.pas","5223","F4FE3E4740E02DED496CAFADBCFB2BD198420CC74256D6E21AAB63BE4DA2DCB4"
"origine\bmsistemi\drivepsviluppo\prjs\cpi win clima\versione_10\3D\form\Generatore3D.ddp","51","8B69BBBD2D66C190368104AE96EFCE2329D3543372DBD7B89EC393068519526C"
"origine\bmsistemi\drivepsviluppo\prjs\cpi win clima\versione_10\3D\form\Generatore3D.dfm","32136","11857405B026C7D16527A60D8229C44B7BA22496A8B518E1DD08AD4611274076"
"origine\bmsistemi\drivepsviluppo\prjs\cpi win clima\versione_10\3D\form\Generatore3D.pas","3841","472688B6E9DB9460E647A91757C6B97BAF3CDEBCCD7EA04102617F0964E112EA"
"origine\bmsistemi\drivepsviluppo\prjs\cpi win clima\versione_10\3D\form\Generatori3D.ddp","51","8B69BBBD2D66C190368104AE96EFCE2329D3543372DBD7B89EC393068519526C"
"origine\bmsistemi\drivepsviluppo\prjs\cpi win clima\versione_10\3D\form\Generatori3D.dfm","30912","CB0E1AF8BA11A37C8099DA78963CBB708C445AB6D4072E81E75405B0AFF47357"
"origine\bmsistemi\drivepsviluppo\prjs\cpi win clima\versione_10\3D\form\Generatori3D.pas","3748","5D37C6926E89E5CD0B8245176A9BE1EAE469BCD482A12D05D1D7CC96665D0B57"
"origine\bmsistemi\drivepsviluppo\prjs\cpi win clima\versione_10\3D\form\Impianti3D.ddp","51","8B69BBBD2D66C190368104AE96EFCE2329D3543372DBD7B89EC393068519526C"
"origine\bmsistemi\drivepsviluppo\prjs\cpi win clima\versione_10\3D\form\Impianti3D.dfm","144288","4CE7D63B48E0AB2A15E4FE4EB7C1307E99EE02D7C3BA512830EB6519C04062C7"
"origine\bmsistemi\drivepsviluppo\prjs\cpi win clima\versione_10\3D\form\Impianti3D.pas","4658","7F4EE18123A1364CC929C24227AFB2700F82C0429C6476528A4DC2E7A3C87983"
"origine\bmsistemi\drivepsviluppo\prjs\cpi win clima\versione_10\3D\form\Piani3d.ddp","51","8B69BBBD2D66C190368104AE96EFCE2329D3543372DBD7B89EC393068519526C"
"origine\bmsistemi\drivepsviluppo\prjs\cpi win clima\versione_10\3D\form\Piani3d.dfm","54009","8E191C63F1497327F1D9B6ABA8839B31C8ACC154A52ACBDB0B5D8C3CE6863DA4"
"origine\bmsistemi\drivepsviluppo\prjs\cpi win clima\versione_10\3D\form\Piani3d.pas","6709","540BE449D9BB11A7E89114C36A54661086C9FFAA31D7B34AF12E1C5B8A3730C6"
"origine\bmsistemi\drivepsviluppo\prjs\cpi win clima\versione_10\3D\form\prova.pas","65","23E1326C532BDC95C2DD6DC6870F35628D3B77394D7836E81B406EB54FA729FD"
"origine\bmsistemi\drivepsviluppo\prjs\cpi win clima\versione_10\3D\form\Reti3D.ddp","51","8B69BBBD2D66C190368104AE96EFCE2329D3543372DBD7B89EC393068519526C"
"origine\bmsistemi\drivepsviluppo\prjs\cpi win clima\versione_10\3D\form\Reti3D.dfm","7853","189507B23350B50C97F1590E005696EE1479134F05195D49BC8364849EB1986A"
"origine\bmsistemi\drivepsviluppo\prjs\cpi win clima\versione_10\3D\form\Reti3D.pas","4348","74210061DF6B0F91D67F657C9FE95B67E1FFCEE3C3D8710540854EAFB2F70801"
"origine\bmsistemi\drivepsviluppo\prjs\cpi win clima\versione_10\3D\form\Selectdir.ddp","51","8B69BBBD2D66C190368104AE96EFCE2329D3543372DBD7B89EC393068519526C"
"origine\bmsistemi\drivepsviluppo\prjs\cpi win clima\versione_10\3D\form\Selectdir.dfm","2696","75053F18E08C5DFCC283C4EED6AE3D48A285223CB63281F8BA2A3D505F9E14D7"
"origine\bmsistemi\drivepsviluppo\prjs\cpi win clima\versione_10\3D\form\Selectdir.pas","1766","06CBCB0D194D8FCAB5369D055AB333E7200A2C557E17B064D07AC068D4EDBE44"
"origine\bmsistemi\drivepsviluppo\prjs\cpi win clima\versione_10\3D\form\Terminali3d.ddp","51","8B69BBBD2D66C190368104AE96EFCE2329D3543372DBD7B89EC393068519526C"
"origine\bmsistemi\drivepsviluppo\prjs\cpi win clima\versione_10\3D\form\Terminali3d.dfm","26660","1FDB6B37F26502CE530B65F1A31EB6466E6676930DBC43D02F121AFC6013FF50"
"origine\bmsistemi\drivepsviluppo\prjs\cpi win clima\versione_10\3D\form\Terminali3d.pas","2660","5D43EE94676FC4823987DCC4F82C025971A1CED6C2EE14230F8CD0F8ECF7CA16"
"origine\bmsistemi\drivepsviluppo\prjs\cpi win clima\versione_10\3D\form\tipirete.ddp","51","8B69BBBD2D66C190368104AE96EFCE2329D3543372DBD7B89EC393068519526C"
"origine\bmsistemi\drivepsviluppo\prjs\cpi win clima\versione_10\3D\form\tipirete.dfm","3842","537BC86C2F35129BDCBE9547D3A14B883F549474C9A1FC6D7FB43551C77FE3A9"
"origine\bmsistemi\drivepsviluppo\prjs\cpi win clima\versione_10\3D\form\tipirete.pas","1193","7A5C7AF165A6FEEF810A8908B4AF39D789D0C78A343C74F479762403A4D303F1"
"origine\bmsistemi\drivepsviluppo\prjs\cpi win clima\versione_10\3D\form\tratti_rete3d.ddp","51","8B69BBBD2D66C190368104AE96EFCE2329D3543372DBD7B89EC393068519526C"
"origine\bmsistemi\drivepsviluppo\prjs\cpi win clima\versione_10\3D\form\tratti_rete3d.dfm","16041","D2164FE1E48434A95758CF791DE239CBC07FAEC1105E9B9BFB6CFAD08BD8B852"
"origine\bmsistemi\drivepsviluppo\prjs\cpi win clima\versione_10\3D\form\tratti_rete3d.pas","5926","F641D3DAF5721638E9D6F3BAF733B5C8B5BDC84D370CE8E1453756F88D79BD6D"
"origine\bmsistemi\drivepsviluppo\prjs\cpi win clima\versione_10\3D\form\Zone3D.ddp","51","8B69BBBD2D66C190368104AE96EFCE2329D3543372DBD7B89EC393068519526C"
"origine\bmsistemi\drivepsviluppo\prjs\cpi win clima\versione_10\3D\form\Zone3D.dfm","6904","354444A4E5F26A3418D26D84C92B8EA1D84E0587FE7539B9CDF3106D43A29246"
"origine\bmsistemi\drivepsviluppo\prjs\cpi win clima\versione_10\3D\form\Zone3D.pas","1277","05DBB630AE9FF627EEAC709381C1A3C079819A4BD79E4632D4DE9323F435CF99"
"origine\bmsistemi\drivepsviluppo\prjs\cpi win clima\versione_10\3D\Funz_reti.pas","57355","1E1C8AFD171E19BDE83FF0FB4D3726D7D833F6F40BCDB6DF7EF3D76CB5D0F4B6"
"origine\bmsistemi\drivepsviluppo\prjs\cpi win clima\versione_10\3D\GestDim.pas","5577","6C6BE54727D23B9FEDEC6B85050AE29E790EA77EB6E21858D1415BBDC749D8D3"
"origine\bmsistemi\drivepsviluppo\prjs\cpi win clima\versione_10\3D\gesterrori.pas","4677","DF5BB070AFD7F6DD64D528314188FDBC2E2A9F879C6359342445F291DE9E3AE9"
"origine\bmsistemi\drivepsviluppo\prjs\cpi win clima\versione_10\3D\gestione_dati.pas","2115","8AC7C137CAAE82D6D78FE24F8F78367E90FF6FA0C93EC52BDC03399EC20496D8"
"origine\bmsistemi\drivepsviluppo\prjs\cpi win clima\versione_10\3D\grafica2d.pas","56665","AE2F71F556D71C51ABE567A30FC13EF08B5152FDB6BAE21259F9612DD507547E"
"origine\bmsistemi\drivepsviluppo\prjs\cpi win clima\versione_10\3D\Init_cad3D.pas","81972","975CBB107C2F1A25816AE1169CE15CBD0B0EA02CB5F207690BE6B61F50DDDF5C"
"origine\bmsistemi\drivepsviluppo\prjs\cpi win clima\versione_10\3D\init_l10.pas","9684","64130AB6B32C9A7CC47B56859843D2BD9E042C04F1AE93A6F6C34AEA2B302BCC"
"origine\bmsistemi\drivepsviluppo\prjs\cpi win clima\versione_10\3D\InitEstivo.pas","861","577995F4DF6F24C12A5EE3D0D1A6B424B18F34CD71D0F5E9D52A53C068E9CF3B"
"origine\bmsistemi\drivepsviluppo\prjs\cpi win clima\versione_10\3D\Inport_climaenergia.pas","13086","D9492A30BEF2F1DD3BA4A5A92E05F743C18C5AD83326A0984E2DBD19437007E8"
"origine\bmsistemi\drivepsviluppo\prjs\cpi win clima\versione_10\3D\leggidxf.pas","12383","14F2F8CFE4449CC72B230C67BC52D0CA04B588BFD71077C88D8DB7DB2F8A5BE5"
"origine\bmsistemi\drivepsviluppo\prjs\cpi win clima\versione_10\3D\LetturaInMemoria.pas","51150","EA8A1A3973B16D041CAFD4D1B8A5D9D6FF20A7359A181DBB4A5D9CD5C75B080B"
"origine\bmsistemi\drivepsviluppo\prjs\cpi win clima\versione_10\3D\Log.pas","985","037E3163481F8C21C33559877F8F468D10719DA720613C9D921C62DBCD2B1447"
"origine\bmsistemi\drivepsviluppo\prjs\cpi win clima\versione_10\3D\Mess_reti.pas","326","BF1B895240FBC726E4BEC47148D97D24C9B9A3CF384D9626487637619C98E19A"
"origine\bmsistemi\drivepsviluppo\prjs\cpi win clima\versione_10\3D\progress3D.ddp","51","8B69BBBD2D66C190368104AE96EFCE2329D3543372DBD7B89EC393068519526C"
"origine\bmsistemi\drivepsviluppo\prjs\cpi win clima\versione_10\3D\progress3D.dfm","1290","4E18730E6531350B11B4CCCC1270F5E707963E528634B32965FE3A382327BB58"
"origine\bmsistemi\drivepsviluppo\prjs\cpi win clima\versione_10\3D\progress3D.pas","1748","E1D594D9265E908EA9BD659A2A6A4AFAD526E2A6ED88385061A5A28B6F5253F8"
"origine\bmsistemi\drivepsviluppo\prjs\cpi win clima\versione_10\3D\Secondario.ddp","51","8B69BBBD2D66C190368104AE96EFCE2329D3543372DBD7B89EC393068519526C"
"origine\bmsistemi\drivepsviluppo\prjs\cpi win clima\versione_10\3D\Secondario.dfm","2266","F7DA905DC0117545F31FAFBFF7F22155DB52D499C271DADBE7F9815AF60B8990"
"origine\bmsistemi\drivepsviluppo\prjs\cpi win clima\versione_10\3D\Secondario.pas","5058","655FC6BC1215A822BD2CE7055A41F1AE8146F1AA5D3C1454F9691DF0629A9EC3"
"origine\bmsistemi\drivepsviluppo\prjs\cpi win clima\versione_10\3D\setta_config_User.pas","16892","AE04937A72700AD5C93F275AE4FF1EB12BF80506CA9E8EB187484302D74A9293"
"origine\bmsistemi\drivepsviluppo\prjs\cpi win clima\versione_10\3D\temp\semplificate\colore_pareti.pas","598","0BCDE8293900C0A072172D4AE1A704701333C877F654FF707F1C44867F448CCD"
"origine\bmsistemi\drivepsviluppo\prjs\cpi win clima\versione_10\3D\Tool_visualizza3d.ddp","51","8B69BBBD2D66C190368104AE96EFCE2329D3543372DBD7B89EC393068519526C"
"origine\bmsistemi\drivepsviluppo\prjs\cpi win clima\versione_10\3D\Tool_visualizza3d.dfm","11686","EEC46A7C91C4D80027E0C0B2FBA826AD086723828757150F18C84D4A0BD098E6"
"origine\bmsistemi\drivepsviluppo\prjs\cpi win clima\versione_10\3D\Tool_visualizza3d.pas","904","E064785AA01D75A9B4DB463BA082D75F20F0C3307F65AFF34C15E1B4F56BA46F"
"origine\bmsistemi\drivepsviluppo\prjs\cpi win clima\versione_10\3D\U3dsd.ddp","33","F8F02B9583AC0009958F9C9291088D7AF8E569FC89D3DA89CC346FB24070C08B"
"origine\bmsistemi\drivepsviluppo\prjs\cpi win clima\versione_10\3D\U3dsd.dfm","1464311","1AC7BCF1BBE087133CD22A996435D13A1035E1DD603CC0EE02DCE6429554BBCF"
"origine\bmsistemi\drivepsviluppo\prjs\cpi win clima\versione_10\3D\U3dsd.pas","77601","02058C3473EFCDD1CD9F8C5B82BFAB3DB05AAA178546C507870015761CD0638B"
"origine\bmsistemi\drivepsviluppo\prjs\cpi win clima\versione_10\3D\U3dsdridotto.ddp","51","8B69BBBD2D66C190368104AE96EFCE2329D3543372DBD7B89EC393068519526C"
"origine\bmsistemi\drivepsviluppo\prjs\cpi win clima\versione_10\3D\U3dsdridotto.dfm","3701","D2B48517292C1513A192B0573342D76A81A182BE32F2D2D46961B2FFB62160B2"
"origine\bmsistemi\drivepsviluppo\prjs\cpi win clima\versione_10\3D\U3dsdridotto.pas","3999","342A219AB5BDD5371CE8A0AC3A47B4D273D2368F6CB1CCE6E13E12B879CA079D"
"origine\bmsistemi\drivepsviluppo\prjs\cpi win clima\versione_10\3D\Ugest_cad.pas","28019","78025BC4978A012E47A182F0B4C2402A473198E4144561C36A1A6C3EC4E4F056"
"origine\bmsistemi\drivepsviluppo\prjs\cpi win clima\versione_10\3D\UinitGeneral.pas","1010","2A3C36C12D64758963BF96011FCF53D95C244B6A3902B44AAE44F9DCF2FE8F68"
"origine\bmsistemi\drivepsviluppo\prjs\cpi win clima\versione_10\3D\UnitCompilaDatiZona.pas","13132","D4EF76C4D92C400FF2C4D6B93A4CE905CD39B6D152D87083B4DC1568B56E1EDC"
"origine\bmsistemi\drivepsviluppo\prjs\cpi win clima\versione_10\3D\visreportlocali.pas","3212","70A53A5320E11F652569C95E0CF4B83A6A3B4C1E166C44F859D2BAF86A634DA1"
"origine\bmsistemi\drivepsviluppo\prjs\cpi win clima\versione_10\allineamento emanuela\CodiciEstivo\Versione_10\CARICHI\calcoli\estivo\copiaLibreriaGenerale.pas","18479","D8034F5C91F8C567B3E177A4FBDE5F7F42F1EAE63B8DD553253BFFFA69132E68"
"origine\bmsistemi\drivepsviluppo\prjs\cpi win clima\versione_10\CARICHI\calcoli\estivo\Caricamento.ddp","51","8B69BBBD2D66C190368104AE96EFCE2329D3543372DBD7B89EC393068519526C"
"origine\bmsistemi\drivepsviluppo\prjs\cpi win clima\versione_10\CARICHI\calcoli\estivo\Caricamento.dfm","1250","800ACE3871FED4B5B1E12C75AEA708CF83D2CEE213A5C34A5B20E3AAA54B017B"
"origine\bmsistemi\drivepsviluppo\prjs\cpi win clima\versione_10\CARICHI\calcoli\estivo\Caricamento.pas","776","B811BD1DB74059D8EDB118D9241BCF723E24AFD8CB8D134BD51D33DD813619C8"
"origine\bmsistemi\drivepsviluppo\prjs\cpi win clima\versione_10\CARICHI\calcoli\estivo\Diagramma.ddp","51","8B69BBBD2D66C190368104AE96EFCE2329D3543372DBD7B89EC393068519526C"
"origine\bmsistemi\drivepsviluppo\prjs\cpi win clima\versione_10\CARICHI\calcoli\estivo\Diagramma.dfm","1079","8F2870F2824C50FB391FE241B690B506D7D8872843D307879D37CC87209D5C23"
"origine\bmsistemi\drivepsviluppo\prjs\cpi win clima\versione_10\CARICHI\calcoli\estivo\Diagramma.pas","5545","272A1DBBF5F0867A2E3745D24F59A23BFD0A310FE5FA8658EC678B20336BEE3B"
"origine\bmsistemi\drivepsviluppo\prjs\cpi win clima\versione_10\CARICHI\calcoli\estivo\Esegui_estivo.pas","393","32BC0A3AD740D8CC23B3E6CC01DFEEF8E5CA74126C8E86035FADB72C0B8BE23E"
"origine\bmsistemi\drivepsviluppo\prjs\cpi win clima\versione_10\CARICHI\calcoli\estivo\urisultestivo.ddp","51","8B69BBBD2D66C190368104AE96EFCE2329D3543372DBD7B89EC393068519526C"
"origine\bmsistemi\drivepsviluppo\prjs\cpi win clima\versione_10\CARICHI\calcoli\estivo\urisultestivo.dfm","211","B65E3B6311B9FE03E57CCDFC05D6404B10ADD566AD760B7B34F181DC8BC0F93E"
"origine\bmsistemi\drivepsviluppo\prjs\cpi win clima\versione_10\CARICHI\calcoli\estivo\urisultestivo.pas","9260","813B26857D2B74564CDD3A7EC7AA1ED080EB1DA6C095AE2BEDD0C7FE1DDCF1DD"
"origine\bmsistemi\drivepsviluppo\prjs\cpi win clima\versione_10\CARICHI\calcoli\Legge10\calccd.pas","6013","A1AE21F1977B3C7DAF0088A63F53B3E60E531DD3DA0DC5684C84F17D58DBA5B9"
"origine\bmsistemi\drivepsviluppo\prjs\cpi win clima\versione_10\CARICHI\calcoli\Legge10\calcHg.pas","5829","0A1CC4E26B4EC0C6BCFFCADD08756FD2E83A81CE9AD2F373EB0CE109E00BDD48"
"origine\bmsistemi\drivepsviluppo\prjs\cpi win clima\versione_10\CARICHI\calcoli\Legge10\Calcl10.pas","61344","13276100C261A41274202122258329CE8029878362C35B1233CED184370A5EC0"
"origine\bmsistemi\drivepsviluppo\prjs\cpi win clima\versione_10\CARICHI\calcoli\Legge10\calcvent.pas","10326","CCB977F4BD9EAE3511DF026026B3BEA163D2C4C4E10DCC70C8DE54C3B92CCDF3"
"origine\bmsistemi\drivepsviluppo\prjs\cpi win clima\versione_10\CARICHI\calcoli\Legge10\CalkAll.pas","5963","30F71872842CF3AD511108E2DE2BA2A21BAC1B5FD15DC0730271DB10B18A8D57"
"origine\bmsistemi\drivepsviluppo\prjs\cpi win clima\versione_10\CARICHI\calcoli\Legge10\Forms_12\Carburanti.ddp","51","8B69BBBD2D66C190368104AE96EFCE2329D3543372DBD7B89EC393068519526C"
"origine\bmsistemi\drivepsviluppo\prjs\cpi win clima\versione_10\CARICHI\calcoli\Legge10\Forms_12\Carburanti.dfm","7847","0EAA2A73E94EE849FBE5E023FDDAC41D7BB5DD6CB5E6961E6D4A4AFA123DEC7E"
"origine\bmsistemi\drivepsviluppo\prjs\cpi win clima\versione_10\CARICHI\calcoli\Legge10\Forms_12\Carburanti.pas","2805","174B981D4EAFE65843F58AE0CE5FB32ED42A0E992391916E6EF67568EBE75D8E"
"origine\bmsistemi\drivepsviluppo\prjs\cpi win clima\versione_10\CARICHI\calcoli\Legge10\Forms_12\FMessValLim.dfm","451808","89E62B37A36B7EE4B23693AEA433FAD469AAF09978D7A76C09218B178C89C40E"
"origine\bmsistemi\drivepsviluppo\prjs\cpi win clima\versione_10\CARICHI\calcoli\Legge10\Forms_12\FMessValLim.pas","641","3E14D4C5068203C8BBD1FAA4167FC842DCA5BE0116DE030A857DB5C121023B2B"
"origine\bmsistemi\drivepsviluppo\prjs\cpi win clima\versione_10\CARICHI\calcoli\Legge10\Forms_12\FMessValLim3.ddp","51","8B69BBBD2D66C190368104AE96EFCE2329D3543372DBD7B89EC393068519526C"
"origine\bmsistemi\drivepsviluppo\prjs\cpi win clima\versione_10\CARICHI\calcoli\Legge10\Forms_12\FMessValLim3.dfm","374605","16327E4074CF5FF7783E7AB8C7CAE5C49FA528DD8BE6A4A0E477BF609FD5243C"
"origine\bmsistemi\drivepsviluppo\prjs\cpi win clima\versione_10\CARICHI\calcoli\Legge10\Forms_12\FMessValLim3.pas","646","73F7137254519E1B88B5A0831498F60849F10346321ECA76621A1943395E2FBA"
"origine\bmsistemi\drivepsviluppo\prjs\cpi win clima\versione_10\CARICHI\calcoli\Legge10\Forms_12\Risparmio.ddp","51","8B69BBBD2D66C190368104AE96EFCE2329D3543372DBD7B89EC393068519526C"
"origine\bmsistemi\drivepsviluppo\prjs\cpi win clima\versione_10\CARICHI\calcoli\Legge10\Forms_12\Risparmio.dfm","1048144","1BCF99A8EAF8A2CABA11A756F3205554A4126648B98EBDD6C973F63BF83E2F50"
"origine\bmsistemi\drivepsviluppo\prjs\cpi win clima\versione_10\CARICHI\calcoli\Legge10\Forms_12\Risparmio.pas","4668","35BEB93AB941A0BBDF656867D37DF8D7BD39B885B51C6BE0CD9272F051EAB670"
"origine\bmsistemi\drivepsviluppo\prjs\cpi win clima\versione_10\CARICHI\calcoli\Legge10\Forms_12\UFormL10.ddp","51","8B69BBBD2D66C190368104AE96EFCE2329D3543372DBD7B89EC393068519526C"
"origine\bmsistemi\drivepsviluppo\prjs\cpi win clima\versione_10\CARICHI\calcoli\Legge10\Forms_12\UFormL10.dfm","660065","88A7A58D1DBBFF265DDF2B1D8920A190A55E989321DF84E90D334969C5BC8838"
"origine\bmsistemi\drivepsviluppo\prjs\cpi win clima\versione_10\CARICHI\calcoli\Legge10\Forms_12\UFormL10.pas","64157","CAA3E48AB685948003B7B3D2EAE5D45A81C2F749C4D33D9B22FA9EC33810D0AC"
"origine\bmsistemi\drivepsviluppo\prjs\cpi win clima\versione_10\CARICHI\calcoli\Legge10\Forms_12\UVerifFinestre.ddp","51","8B69BBBD2D66C190368104AE96EFCE2329D3543372DBD7B89EC393068519526C"
"origine\bmsistemi\drivepsviluppo\prjs\cpi win clima\versione_10\CARICHI\calcoli\Legge10\Forms_12\UVerifFinestre.dfm","3694","F517E276FF135954916D8670A29EE526D9D625ACEEF010BB4750A0B1C15D4E4A"
"origine\bmsistemi\drivepsviluppo\prjs\cpi win clima\versione_10\CARICHI\calcoli\Legge10\Forms_12\UVerifFinestre.pas","7131","20F222777C6531721ADEC39E0C308606AA249087151326351A94F0884637C5CF"
"origine\bmsistemi\drivepsviluppo\prjs\cpi win clima\versione_10\CARICHI\calcoli\Legge10\Forms_12\UVerifPareti.ddp","51","8B69BBBD2D66C190368104AE96EFCE2329D3543372DBD7B89EC393068519526C"
"origine\bmsistemi\drivepsviluppo\prjs\cpi win clima\versione_10\CARICHI\calcoli\Legge10\Forms_12\UVerifPareti.dfm","2327","CA85186C6F3372E1D382625A5A037E74AED70EAFFCABD9E56D2A5F7BB89E999B"
"origine\bmsistemi\drivepsviluppo\prjs\cpi win clima\versione_10\CARICHI\calcoli\Legge10\Forms_12\UVerifPareti.pas","4247","302038D98F8B1FE779D806C2D40813E398959DBE3D368A9B5B51A5B591DBD293"
"origine\bmsistemi\drivepsviluppo\prjs\cpi win clima\versione_10\CARICHI\calcoli\Legge10\FunzProc1.pas","23918","909F31874F4524554619F25D540E6480A5639291C4653086786E008F41104EA0"
"origine\bmsistemi\drivepsviluppo\prjs\cpi win clima\versione_10\CARICHI\calcoli\Legge10\metod10.pas","9707","8FE5E870D68BF15945D1357D5D11557DA088C13DD4508B689340F7122D6FAC1D"
"origine\bmsistemi\drivepsviluppo\prjs\cpi win clima\versione_10\CARICHI\calcoli\Legge10\metodl10.pas","18172","394690574ABC441BDDC46E18FE42BA5265A32A7473E52E295A707018F953D0C4"
"origine\bmsistemi\drivepsviluppo\prjs\cpi win clima\versione_10\CARICHI\calcoli\Legge10\procle10.pas","11188","FDB3E762D364A868A2C3F7D46AA6B0FC0DA16B0BFB48B87C7167575B5685DBE2"
"origine\bmsistemi\drivepsviluppo\prjs\cpi win clima\versione_10\CARICHI\calcoli\Legge10\procle11.pas","43729","04B8CB87736E6ADDBDB2773EFDE8983CDF41693FB1E3C9208703926424CCD50E"
"origine\bmsistemi\drivepsviluppo\prjs\cpi win clima\versione_10\CARICHI\calcoli\Legge10\procle13.pas","19960","4B09AA5ADA13F1F6D92BB0B1F944AF83A1BD088DF426AD5BED800F3C9A19BE8A"
"origine\bmsistemi\drivepsviluppo\prjs\cpi win clima\versione_10\CARICHI\calcoli\Legge10\Terreno.pas","28074","030E031ED1EDC3E5E7BC179C788E9D27941603D780FCA11B7F67C854C910B20C"
"origine\bmsistemi\drivepsviluppo\prjs\cpi win clima\versione_10\CARICHI\calcoli\Legge10\uFunzioniLegge10.pas","17327","044824E6E730431782E129EAE3DA919DAEA801189A8418D506C0D3B26E7B485E"
"origine\bmsistemi\drivepsviluppo\prjs\cpi win clima\versione_10\CARICHI\calcoli\Legge10\UInizializza.pas","3329","5A56FA97379BB0A90FDDEB2D5FF4A069605F77EE9E16F798926AF3D98907739B"
"origine\bmsistemi\drivepsviluppo\prjs\cpi win clima\versione_10\CARICHI\calcoli\Legge10\UmainL10.pas","42724","4F487DD8B015D85AD60F55E900EF26F2B73BF8DB8E93B3A7AD5C169103A4FC4E"
"origine\bmsistemi\drivepsviluppo\prjs\cpi win clima\versione_10\CARICHI\calcoli\Legge10\Uvariabili.pas","14210","F370A06976B844D92F4E2A6ADFEBA529415C26580751114E50039374D26703FB"
"origine\bmsistemi\drivepsviluppo\prjs\cpi win clima\versione_10\CARICHI\database\UDB.ddp","51","8B69BBBD2D66C190368104AE96EFCE2329D3543372DBD7B89EC393068519526C"
"origine\bmsistemi\drivepsviluppo\prjs\cpi win clima\versione_10\CARICHI\database\UDB.dfm","981","C0BE21EF9C2B5D35BB9FC58F170EB4663FAE24B21A0FC9057652C32258693F5D"
"origine\bmsistemi\drivepsviluppo\prjs\cpi win clima\versione_10\CARICHI\database\udb.dsk","7279","8FDF10D0728B5E31657648D1D24AEF9DE89AF78BE03DB6FAA3BED5AC36D0EBF3"
"origine\bmsistemi\drivepsviluppo\prjs\cpi win clima\versione_10\CARICHI\database\Udb.pas","5424","D329535CE3D02B798B820A5D4232C149FCAB95B202F5429F885AC7E49750E5DD"
"origine\bmsistemi\drivepsviluppo\prjs\cpi win clima\versione_10\CARICHI\Gestionelettura.pas","4719","5B8D36D3B757CD32A1C24C7C6F3E41F3783E350CCA4FCEDB85B0923DF0E4A4C0"
"origine\bmsistemi\drivepsviluppo\prjs\cpi win clima\versione_10\CARICHI\letturaDisegno.pas","8132","0CED723443A4ADBEEF6DB30FC01E6235C3A336724159232A9203A29FBBF2CE0F"
"origine\bmsistemi\drivepsviluppo\prjs\cpi win clima\versione_10\CARICHI\tamponamenti\Calcolo.pas","45204","18815994A2708CBB2864C9DDACA428C130C9387F2A4934D13EEEF515C8947767"
"origine\bmsistemi\drivepsviluppo\prjs\cpi win clima\versione_10\CARICHI\tamponamenti\Coefficienti.ddp","51","8B69BBBD2D66C190368104AE96EFCE2329D3543372DBD7B89EC393068519526C"
"origine\bmsistemi\drivepsviluppo\prjs\cpi win clima\versione_10\CARICHI\tamponamenti\Coefficienti.dfm","11436","1BB9839FE39C0DC7C5656B34E36CA8F1A6DA1595AB4E975D35B2FBCA49B561E3"
"origine\bmsistemi\drivepsviluppo\prjs\cpi win clima\versione_10\CARICHI\tamponamenti\Coefficienti.pas","1309","D46F48050993F74900C26817C24D4820524CB170450D3FC4545CF3E8B3079B35"
"origine\bmsistemi\drivepsviluppo\prjs\cpi win clima\versione_10\CARICHI\tamponamenti\UarchMat.ddp","51","8B69BBBD2D66C190368104AE96EFCE2329D3543372DBD7B89EC393068519526C"
"origine\bmsistemi\drivepsviluppo\prjs\cpi win clima\versione_10\CARICHI\tamponamenti\UarchMat.dfm","40674","6B410B011177AC712D98C77C1826B99EDE1B867D45A6A465427CE06C18083838"
"origine\bmsistemi\drivepsviluppo\prjs\cpi win clima\versione_10\CARICHI\tamponamenti\UarchMat.pas","2318","3C62058CE17BA7700D0F59074D1EC6E09F9F10F31479C783D528FE55B65BD6F8"
"origine\bmsistemi\drivepsviluppo\prjs\cpi win clima\versione_10\CARICHI\tamponamenti\Udisegnafinestra.pas","17212","EE6F77F1185AF068A8C038BB545834BA3A2A2D1157EBD7CE0AF433EEC11C69CB"
"origine\bmsistemi\drivepsviluppo\prjs\cpi win clima\versione_10\CARICHI\tamponamenti\UGraficoigro.pas","12449","121BEAF9B6FEA5ADF0B684995BED08B9D282D03A198E001A30C74BC8CB03E4B2"
"origine\bmsistemi\drivepsviluppo\prjs\cpi win clima\versione_10\CARICHI\tamponamenti\usolomuri.ddp","51","8B69BBBD2D66C190368104AE96EFCE2329D3543372DBD7B89EC393068519526C"
"origine\bmsistemi\drivepsviluppo\prjs\cpi win clima\versione_10\CARICHI\tamponamenti\usolomuri.dfm","91704","60E764264425B831AE076F1D37E2C322182AA9D3649209775552D221484531D6"
"origine\bmsistemi\drivepsviluppo\prjs\cpi win clima\versione_10\CARICHI\tamponamenti\usolomuri.pas","50818","B5342C5D78E45B37FDE6E4A92685CA9AA53C18782DB5FE63AA4D5C5FF87DAF31"
"origine\bmsistemi\drivepsviluppo\prjs\cpi win clima\versione_10\CARICHI\tamponamenti\UVariabiliPareti.pas","21096","F90DC197A4846ACB7A0ECBF08688ECB3E62F98A0CA31EAD2C0332BC791851EF1"
"origine\bmsistemi\drivepsviluppo\prjs\cpi win clima\versione_10\CARICHI\tamponamenti\Wizardusolomuri.ddp","51","8B69BBBD2D66C190368104AE96EFCE2329D3543372DBD7B89EC393068519526C"
"origine\bmsistemi\drivepsviluppo\prjs\cpi win clima\versione_10\CARICHI\tamponamenti\Wizardusolomuri.dfm","979778","09B7471AD45BAC0675D0BF75BD1694066C55AF3A57C9BBE92A490F681B327E2F"
"origine\bmsistemi\drivepsviluppo\prjs\cpi win clima\versione_10\CARICHI\tamponamenti\Wizardusolomuri.pas","92047","5C8618236D5D19AF2B9DA1A869795BDC283C1B8F2C1A75F8FD5AFC315B0D7ECC"
"origine\bmsistemi\drivepsviluppo\prjs\cpi win clima\versione_10\CARICHI\Ucaricatabelle.pas","26081","0FDC7D24470BB982FE1DECEA8BA7F31582531A485115D541FD3A87FCC91C5952"
"origine\bmsistemi\drivepsviluppo\prjs\cpi win clima\versione_10\CARICHI\Ulettura.ddp","51","8B69BBBD2D66C190368104AE96EFCE2329D3543372DBD7B89EC393068519526C"
"origine\bmsistemi\drivepsviluppo\prjs\cpi win clima\versione_10\CARICHI\Ulettura.dfm","93788","C1A96CE127A3F63991B81580C82818761EF119EFC394FD6C619887CBFBED2407"
"origine\bmsistemi\drivepsviluppo\prjs\cpi win clima\versione_10\CARICHI\Ulettura.pas","27481","8989A71FDB65D220DB0B3B81D866BE628A7F7C7E5C844C5455EB7CCECC3048FF"
"origine\bmsistemi\drivepsviluppo\prjs\cpi win clima\versione_10\CARICHI\UMessaggiCarichi.pas","1632","B56BF1D6B308B20B3EDFFFB172C9D3C6745BBD35114241717BFB457BB1BC822A"
"origine\bmsistemi\drivepsviluppo\prjs\cpi win clima\versione_10\CARICHI\varcarichi.pas","3004","A715013817083CFEEC710D4FFD89E938DB9CC349065152017ADDA319E2ED57AE"
"origine\bmsistemi\drivepsviluppo\prjs\cpi win clima\versione_10\CARICHI\Varcarichi_estivo_14.pas","169","B629305760214E47592A2FBEB6BF23C3F49C1A6FA61A68CE44E055B990203C0E"
"origine\bmsistemi\drivepsviluppo\prjs\cpi win clima\versione_10\ChiamateDLL\HeaderDllTermico.pas","1033","5EF31D6E2824F18F35D425AAF1E2A0A42EA471E398E4FF8C9ACFB79470CC8B03"
"origine\bmsistemi\drivepsviluppo\prjs\cpi win clima\versione_10\ChiamateDLL\Messaggio.dfm","836","74D0E1D684BF20276EFB7F8E94C7E434AE57C5555F61145EBF15DA3505A02421"
"origine\bmsistemi\drivepsviluppo\prjs\cpi win clima\versione_10\ChiamateDLL\Messaggio.pas","946","C319CA5F118E5ED3E07AF7DBA27434DD4B82AA36504618FCF0F86D3B3778D486"
"origine\bmsistemi\drivepsviluppo\prjs\cpi win clima\versione_10\ChiamateDLL\Uchiamatedll.pas","2625","DC243E1B4D49087345B6CAADD58A057C54018878F682B3AECEB4AD466CD5D1C2"
"origine\bmsistemi\drivepsviluppo\prjs\cpi win clima\versione_10\comuni\GestioneGrafico.pas","11613","0DD28835A7F245EDDD1A0DDFCD90FFB0094DE9E7A62ED2DC1D78380A4FC81CAB"
"origine\bmsistemi\drivepsviluppo\prjs\cpi win clima\versione_10\comuni\Grafica\AggAttrDXF.pas","10801","E0F545117D3DA8BD2A7A64C53CD6ABAF98514ED37CF180058E5DD32E525C3D99"
"origine\bmsistemi\drivepsviluppo\prjs\cpi win clima\versione_10\comuni\Grafica\dxf_in_out.pas","19658","046D49689E64ADB9D3FB63CEF4D7FD1D13581EBD6C67A0CDD3C5345B2C94E9EB"
"origine\bmsistemi\drivepsviluppo\prjs\cpi win clima\versione_10\comuni\Grafica\Grafica.pas","33284","6519BD1CD7D0FEAA6BEA1F49230748A65520EB5B0280A54B838D528B29DEACE5"
"origine\bmsistemi\drivepsviluppo\prjs\cpi win clima\versione_10\comuni\Grafica\InterfDXF.pas","1789","12D999875F0B11F94646051905D7921E641BB7E319E379B3C8C3785512D48780"
"origine\bmsistemi\drivepsviluppo\prjs\cpi win clima\versione_10\comuni\Grafica\Leggidxf.pas","41199","F7BBF1505577F2BFC64A63252137AA3DF538DE266852AC6C6D9E655AD7495CA2"
"origine\bmsistemi\drivepsviluppo\prjs\cpi win clima\versione_10\comuni\libreriagenerale.pas","74742","3ED9AFBA3D7285F57C490FD172B8A2DA4DEBE93944AB113281DCEF15EEBA294C"
"origine\bmsistemi\drivepsviluppo\prjs\cpi win clima\versione_10\comuni\report\UFileLog.pas","2211","2C18E6673F290CA7C40AD3056B11A42997690ECFC253D471892BE0590937D101"
"origine\bmsistemi\drivepsviluppo\prjs\cpi win clima\versione_10\comuni\report\Utireport.pas","8757","AAE52B54AA7865619215D554756B0B1CED00C6615124FC0045F4F567CD28B2EF"
"origine\bmsistemi\drivepsviluppo\prjs\cpi win clima\versione_10\comuni\Tutor\UtilityGestioneTutor.pas","7494","0851707E79A4C254A5FF18FD5CEB17AA22C56E9ABB41B748EE0AD6BE3AFDB448"
"origine\bmsistemi\drivepsviluppo\prjs\cpi win clima\versione_10\comuni\Ustatistica.pas","2872","794D4810C69B036FE1681F86A198AC0980B76063261A96A5B21420D3CD3EDE6E"
"origine\bmsistemi\drivepsviluppo\prjs\cpi win clima\versione_10\comuni\Uti_term.pas","1592","E6FEBD11E2938F65BF24CB2AB79BFFF4B32DCEDA676BDC3EC01528C71C70A3D0"
"origine\bmsistemi\drivepsviluppo\prjs\cpi win clima\versione_10\comuni\VariabiliGenerali.pas","603","27B68041CA673CD3C8550497F4659426E1728F35CEE60EC48F5C42584F6E76F4"
"origine\bmsistemi\drivepsviluppo\prjs\cpi win clima\versione_10\DllPrincipaleTermico\forms\Tool_visualizza.ddp","51","8B69BBBD2D66C190368104AE96EFCE2329D3543372DBD7B89EC393068519526C"
"origine\bmsistemi\drivepsviluppo\prjs\cpi win clima\versione_10\DllPrincipaleTermico\forms\Tool_visualizza.dfm","11686","B8FADA59807DDE40FF1FB277F6908E69A395FE404DB755738C070E106A9197DC"
"origine\bmsistemi\drivepsviluppo\prjs\cpi win clima\versione_10\DllPrincipaleTermico\forms\Tool_visualizza.pas","898","23742F27D584B7149308A8B31946B5241A99EA1B01154FAE947DAC8EA5F7DDE6"
"origine\bmsistemi\drivepsviluppo\prjs\cpi win clima\versione_10\libreriedatabase\Funzudbt.pas","333","D98786CDA23F5064A99D03E727BC3CBB5B46F510D490F7DC7B03C2BC2D4DE0CF"
"origine\bmsistemi\drivepsviluppo\prjs\cpi win clima\versione_10\libreriedatabase\gestudb.pas","1956","83C6CCF3450511D5C2C14F57A4095740AFC58DD7256C4A1E8F04D0B66B38D7D7"
"origine\bmsistemi\drivepsviluppo\prjs\cpi win clima\versione_10\libreriedatabase\Init_puntatori.pas","114","172385A6C48AEF62CCB11B2CFE877EE51BE863F005A554E4FB6E0E05141A0A0B"
"origine\bmsistemi\drivepsviluppo\prjs\cpi win clima\versione_10\libreriedatabase\SceltaA.ddp","51","8B69BBBD2D66C190368104AE96EFCE2329D3543372DBD7B89EC393068519526C"
"origine\bmsistemi\drivepsviluppo\prjs\cpi win clima\versione_10\libreriedatabase\SceltaA.dfm","4153","9941A4CCA3F4A69931CA59953458AC2E05202F88FCFB0943DDB4DE2006E8B0E6"
"origine\bmsistemi\drivepsviluppo\prjs\cpi win clima\versione_10\libreriedatabase\SceltaA.pas","7698","72A9E3044167C5A0C4AA3968E6DF94FC9562B8D3CC20EA01F8C5CB92BDA1EC57"
"origine\bmsistemi\drivepsviluppo\prjs\cpi win clima\versione_10\libreriedatabase\UCompilaForm.pas","4549","2F4528078FCBE3E2AE885C3C3E6CBC30E9E41E53FA66E07AADC9278EB6D92DF1"
"origine\bmsistemi\drivepsviluppo\prjs\cpi win clima\versione_10\libreriedatabase\UOpen_fileMulti.pas","3118","E4CACA28DF157D36FEDFCC4EC37E06C33829ADAE63E61C3B9764C96190D807AA"
"origine\bmsistemi\drivepsviluppo\prjs\cpi win clima\versione_10\Tubi\Angoli.pas","18519","61177F26E7728423EE149A076708F5EB51CD47530D5F89BFCCB106DD6F45BFFE"
"origine\bmsistemi\drivepsviluppo\prjs\cpi win clima\versione_10\Tubi\Calcolo_analitico_pannelli.pas","6910","C30C8DC263F996A463068A2B1109A606D065FB48D5862B4C3F94E8193F0D0006"
"origine\bmsistemi\drivepsviluppo\prjs\cpi win clima\versione_10\Tubi\Calcolo_Tubi.pas","81245","3C694E8B086689B5620EBDB81B1A1BE33F6E2B274E43D0326C9AED242DDA2EB8"
"origine\bmsistemi\drivepsviluppo\prjs\cpi win clima\versione_10\Tubi\CalcTubiDll.cfg","2431","EE733130EDDF0B5EF08B9E8D297EE98066037279B128B347B0D41B4BAF8BBAF0"
"origine\bmsistemi\drivepsviluppo\prjs\cpi win clima\versione_10\Tubi\CalcTubiDll.dof","24195","E2F75E73D0E96CEAD0085092F547390C83DD539EFA7F2F326BB8D7CE3410A9A5"
"origine\bmsistemi\drivepsviluppo\prjs\cpi win clima\versione_10\Tubi\CalcTubiDll.dpr","1858","0C0939DE9630C2A87DC5C7F77BD2ED0C1FB176C0FAA7B9486AF08BF199A1169A"
"origine\bmsistemi\drivepsviluppo\prjs\cpi win clima\versione_10\Tubi\CalcTubiDll.res","1688","E911A029A3DCD1260694602C19127C06E9D5CD3D4A6733543FE75577A20CED25"
"origine\bmsistemi\drivepsviluppo\prjs\cpi win clima\versione_10\Tubi\collettori.pas","2611","51348C92573A52A8A538EED9CBBFF355BF64B9B9D2CE161B4E89240D43956680"
"origine\bmsistemi\drivepsviluppo\prjs\cpi win clima\versione_10\Tubi\CONTROLL.pas","15633","9367F7FEC427D060E0456608A019119829B896EAE9791E7A9B24971BC47E8AE4"
"origine\bmsistemi\drivepsviluppo\prjs\cpi win clima\versione_10\Tubi\DATICAD.pas","9073","E025A2EE0C1EFC3B13CF730C82628D1CFFA0CD6AEE11A5F44E84EC5692AED17F"
"origine\bmsistemi\drivepsviluppo\prjs\cpi win clima\versione_10\Tubi\DATITUBI.PAS","48132","F87A252D731FBEBA0F3240E3D242BB26CE3E6200F97F30D6B1709C79106E461A"
"origine\bmsistemi\drivepsviluppo\prjs\cpi win clima\versione_10\Tubi\definiz.pas","901","D37D635640604B0026ED4A81EBE9E1B1A2DC305B5F555E1C427508A78F5A48F2"
"origine\bmsistemi\drivepsviluppo\prjs\cpi win clima\versione_10\Tubi\EQUIL.PAS","7763","EDB7B64FA52851B4279D8EEF514314E3063106EACCF80F9E92D73423D026D264"
"origine\bmsistemi\drivepsviluppo\prjs\cpi win clima\versione_10\Tubi\esplodigrafo.pas","1647","DBEFBEFCA439952C37119C38078C760CF63F787C789E66155042FDE4615811CD"
"origine\bmsistemi\drivepsviluppo\prjs\cpi win clima\versione_10\Tubi\impterm.pas","51444","495297F400469482BE2ACBE62C0A80BE72B9A34484151C31ED63607BEADACC2D"
"origine\bmsistemi\drivepsviluppo\prjs\cpi win clima\versione_10\Tubi\INIT_TUB.PAS","2078","8E3C6DFC187EB50B7A526C1CBA8AEA81846336FAB29BFC91831CCFA7E5947243"
"origine\bmsistemi\drivepsviluppo\prjs\cpi win clima\versione_10\Tubi\InitPunt_Tubi.pas","2362","9FA5ED3EE3C6B08E4F35743F96F57C3F526CB1DE3A494762D326FCF7A422C087"
"origine\bmsistemi\drivepsviluppo\prjs\cpi win clima\versione_10\Tubi\Interf3d_reti.pas","1203","CD385BAF1FBC34680326A668A7F2D65B731D93E7A7D0D8B1EB897A3A25F2A8E5"
"origine\bmsistemi\drivepsviluppo\prjs\cpi win clima\versione_10\Tubi\inters1_inpterm.pas","2961","8CE60BB144EF5117C0875A0B5C75A6B90E1F623695CF92E4C122F253B72074B3"
"origine\bmsistemi\drivepsviluppo\prjs\cpi win clima\versione_10\Tubi\iotubi.pas","13904","A54368E4E4DB83D66DE2F788FBF89B2247A176E88B0BC1AF7E33A040C1AF4882"
"origine\bmsistemi\drivepsviluppo\prjs\cpi win clima\versione_10\Tubi\LOAD.PAS","8451","45D07D2C87005B226B28C3C9E7EE5D74093185E35DF45B6F7CFC91B31464AA18"
"origine\bmsistemi\drivepsviluppo\prjs\cpi win clima\versione_10\Tubi\m_dtubivar.pas","5822","B582E27D1846F4E9B001C3A67B2A22C988F2EC4090352AD7F111ACABD33AC740"
"origine\bmsistemi\drivepsviluppo\prjs\cpi win clima\versione_10\Tubi\oldstampe.pas","14636","3F9E59F4F3B48BA3A70220C0E73AB32D499E34E699EA6DA15F6BC7A2F931F39C"
"origine\bmsistemi\drivepsviluppo\prjs\cpi win clima\versione_10\Tubi\OutDXFBM.pas","1980","1BE4C61D4E5AE6F7205A2CB64E9E648CB0E9D7A9317FA2F69F0FE163FF311066"
"origine\bmsistemi\drivepsviluppo\prjs\cpi win clima\versione_10\Tubi\Pannelli.pas","21368","84E963E1B3E56C6D22C6B29BD66387FC9BEC226E32976268B9711CCF10645516"
"origine\bmsistemi\drivepsviluppo\prjs\cpi win clima\versione_10\Tubi\PERDCONC.PAS","2689","E7F8813E8C65D08A408F38C2B8A021D5A5C353BE947DCE41CADCA7109C483D8D"
"origine\bmsistemi\drivepsviluppo\prjs\cpi win clima\versione_10\Tubi\PRGTUBI.RIF","81","1D329ECB4F919C41F502804412184306DB42E8E5C5B3DB5D979D082BBF8ADA81"
"origine\bmsistemi\drivepsviluppo\prjs\cpi win clima\versione_10\Tubi\PUtilityzeta.cfg","383","4407F401DA63B01AF8A4B95E49791D78BEE2ABEFDAD3236970FD362BD13F6D60"
"origine\bmsistemi\drivepsviluppo\prjs\cpi win clima\versione_10\Tubi\PUtilityzeta.dof","8028","BE701F57F9C60FBEFACEFEE6D3B90ABB1084E8D1F7A390F9A120C5D35BA17A5A"
"origine\bmsistemi\drivepsviluppo\prjs\cpi win clima\versione_10\Tubi\PUtilityzeta.dpr","261","5DF41E75C3CD8CCDE78094D111214ECCFBE763850C157E93AE7922059FDFDCA4"
"origine\bmsistemi\drivepsviluppo\prjs\cpi win clima\versione_10\Tubi\PUtilityzeta.res","876","A5BEC89CE535FD6477ED8792969DB3E33FFF8B178139F664885C261CB764CE43"
"origine\bmsistemi\drivepsviluppo\prjs\cpi win clima\versione_10\Tubi\RITORNO.PAS","4108","001E55CD5213410D8A252F8A47536DC15F588F38E63146436B4A791CE5D77470"
"origine\bmsistemi\drivepsviluppo\prjs\cpi win clima\versione_10\Tubi\RITORNODXF 19-11-2010.pas","15809","323484DB4FC32240390524373C672ED98FD3586D888274DC04BA54EAA0985652"
"origine\bmsistemi\drivepsviluppo\prjs\cpi win clima\versione_10\Tubi\RITORNODXF.pas","16953","648D91C9B652A9C448F3D0BBA73C77A0F412A79A5DF17CF6E946DD44AA0C9E63"
"origine\bmsistemi\drivepsviluppo\prjs\cpi win clima\versione_10\Tubi\spirali vecchio.pas","28810","1A37CA9332CF71FB81FB98157B85BE78C22E02D6590B40CE06C8A9558947F4C2"
"origine\bmsistemi\drivepsviluppo\prjs\cpi win clima\versione_10\Tubi\spirali.pas","29264","BF005E2FD5E281094B7A599E9F60DCDE76ED0884BED8962D759F4269C9F6E025"
"origine\bmsistemi\drivepsviluppo\prjs\cpi win clima\versione_10\Tubi\stampa1.pas","22145","0F5D3DF64CD6C5F4DEC3D913DF5E2272A176D3D02C79DA9B9C299E0F230D2D6D"
"origine\bmsistemi\drivepsviluppo\prjs\cpi win clima\versione_10\Tubi\stampa2.pas","13662","C01D37AB6D87072F8C25C6D6505A413BFAB4E2F71178D7B79B9DA96BE960DE9B"
"origine\bmsistemi\drivepsviluppo\prjs\cpi win clima\versione_10\Tubi\STAMPA3.PAS","14684","C86FCAB9B6725FAAE2D8226A339CCEB1B5CF9620067C4C364FE5F37E6EF9AF42"
"origine\bmsistemi\drivepsviluppo\prjs\cpi win clima\versione_10\Tubi\STAMPA4.PAS","30159","DC58A7D1E99CA4166E086927BA56412E379434B8AD7FA5C075B01CE4AC4F8148"
"origine\bmsistemi\drivepsviluppo\prjs\cpi win clima\versione_10\Tubi\stvar.pas","6736","DC4385A45D2EF768EF86DB6115A374CD02BE35F93B3E6C18EF5125FCD2BEF7C2"
"origine\bmsistemi\drivepsviluppo\prjs\cpi win clima\versione_10\Tubi\UGrafoDXF.pas","42823","D36CEB8C78E16CBB0EAF88AAF7D1935F3D9DEDBE8D9BC840E84D6BB736EABC7A"
"origine\bmsistemi\drivepsviluppo\prjs\cpi win clima\versione_10\Tubi\Uleggitxt.pas","11419","2A8C0A15FE882FF99EE3C1B9F6ED7F01CFC9461F12C23AB6780537E0D0588F2C"
"origine\bmsistemi\drivepsviluppo\prjs\cpi win clima\versione_10\Tubi\UMain_CalcTubi.ddp","51","8B69BBBD2D66C190368104AE96EFCE2329D3543372DBD7B89EC393068519526C"
"origine\bmsistemi\drivepsviluppo\prjs\cpi win clima\versione_10\Tubi\UMain_CalcTubi.dfm","41859","35BA87356C1185C6CF2857FE470030F8CB01A1FFCDECE6DD638B4E09B102B9E6"
"origine\bmsistemi\drivepsviluppo\prjs\cpi win clima\versione_10\Tubi\UMain_CalcTubi.dsk","5909","48994C59618F045FFBCBCADC4F18FA5D5517D3EE2AF5EDDFCD37A32A9DC5DD5F"
"origine\bmsistemi\drivepsviluppo\prjs\cpi win clima\versione_10\Tubi\UMain_CalcTubi.pas","15785","179A24F94215F91E3CD35CC30167A21D0AC5F7C1CE73A4DB56B435934D2E8BEB"
"origine\bmsistemi\drivepsviluppo\prjs\cpi win clima\versione_10\Tubi\UProvatubi.dfm","468","DFDEE91204CD96F8C85428A8F2CFA25252E73F0277FAAE739C9C526439F72BEE"
"origine\bmsistemi\drivepsviluppo\prjs\cpi win clima\versione_10\Tubi\UProvatubi.pas","348","4EE59D760E73F64A66F3CB2F04552CB293013AE2553253BC3A7303F925ED554C"
"origine\bmsistemi\drivepsviluppo\prjs\cpi win clima\versione_10\Tubi\UStampe.pas","19953","013C6DC79367694EC20DB0886E8A2AB0FEF4D2727FBDE9DD5F93EC830B392F27"
"origine\bmsistemi\drivepsviluppo\prjs\cpi win clima\versione_10\Tubi\UTI_CALC.PAS","3389","8B79211CC9C494FBD59DEADD5125BAEA8173DB6825E8FC96054BBF9953A08D10"
"origine\bmsistemi\drivepsviluppo\prjs\cpi win clima\versione_10\Tubi\UtilityZeta.dfm","2083","8AD9C21C863959A65ED88235DF01F969F366FCA29E1D3684234E17585ED89F8A"
"origine\bmsistemi\drivepsviluppo\prjs\cpi win clima\versione_10\Tubi\UtilityZeta.pas","1134","934BD72E752F08C422E186C1A9084DFC6855211154000D13F1E419649DE8E97E"
"origine\bmsistemi\drivepsviluppo\prjs\cpi win clima\versione_10\Tubi\UUtigen.pas","1738","D17659B321E3F916B9586EB3F03B8600BC7B7A6FFAFC0F196F13FC940CC5CBFD"
"origine\bmsistemi\drivepsviluppo\prjs\cpi win clima\versione_10\Tubi\Varcarichi_V13.pas","19","1DA2106FEE633886D786062721D05362187B5A1DA497D29D0FFA8A73038F6382"
"origine\bmsistemi\FASTMM_490\FastMM4.pas","338149","C0ECEBA6307E628382B8AAAE584D40753D7C55279546BC7B24876225AC182ED8"
"origine\bmsistemi\FASTMM_490\FastMM4Messages.pas","7397","F0A67700D8498F3C62FDFBB63DBF5DF1EF1DA5D874C38F56809449AC6F3DBFEE"
"origine\sd\sorgenti\bm-sd\3dCAD\Uoggetti.pas","27964","083EC2BE1CE405F697DA06F7F048D9366C3C71CC86ECE12665E3046A6EB867B9"
"origine\sd\sorgenti\bm-sd\3dsd\variabili3d.pas","281","2A04194085A82B6177041BBDFE29642590925BE04D02366255DE488C5E1CEF31"
"origine\sd\sorgenti\bm-sd\3dsd\Volumi.pas","2136","1B63060F76877A5930781AD323D5BE986513AE98097F49BCBE5B9C9B25AAF9C9"
"origine\sd\sorgenti\bm-sd\CANALI\.3dM","768","5D6E2D97C0B5AFC5361B92ABED31CAD6BBDA28F0A6ACB1849A82799D82DF9209"
"origine\sd\sorgenti\bm-sd\CANALI\.3dT","550","C130F2DF1F6B6756473BEAC70F3F8ECDE97E12D71CA04CD171578993F18E4CD9"
"origine\sd\sorgenti\bm-sd\CANALI\27.PAS","190","515A0FAD81D29851C5139455072AFDC469E14EE11CE30E721BA5323B24C850D8"
"origine\sd\sorgenti\bm-sd\CANALI\ANGOLI.PAS","10538","9D1FD1BD72FB03AE035C93CF6FED8D2127D080F3254A8DAC4ED40E8AD8C10A07"
"origine\sd\sorgenti\bm-sd\CANALI\Archivi\.DIM","0","E3B0C44298FC1C149AFBF4C8996FB92427AE41E4649B934CA495991B7852B855"
"origine\sd\sorgenti\bm-sd\CANALI\Archivi\ANG7_1.ASH","1736","ABA6813DF1043022A1CD6F4593FBE82968F434E3AA4E45185C4FF75DCE6126DA"
"origine\sd\sorgenti\bm-sd\CANALI\Archivi\ANG7_2.ASH","1736","2E0CD0E58DFE4370D6D81719BEC5BD6934108C2BB247E09F177169E3B66CF890"
"origine\sd\sorgenti\bm-sd\CANALI\Archivi\ARCHIVIO.CAN","24700","A0AD7AF3D2BDDAEFBE56F24175E52EF63EE912BBD1F29112A1B9BDC5CB9027A7"
"origine\sd\sorgenti\bm-sd\CANALI\Archivi\ASH1_1.ASH","1736","BC5EC871FE3E64BFE5A84A8551979FF3CB235AB958E5D712ABD5F5AA69827931"
"origine\sd\sorgenti\bm-sd\CANALI\Archivi\ASH1_2.ASH","1736","4DED5660BFBBFCC8E74B1B00D02D67B18D312C3323EA036993994EA727C06243"
"origine\sd\sorgenti\bm-sd\CANALI\Archivi\ASH1_3.ASH","1736","41F03E39199E65A9C032771E04325973C0D942B750F134C17C1C6D19E193B45C"
"origine\sd\sorgenti\bm-sd\CANALI\Archivi\ASH1_4.ASH","1736","976D0273C85B67889CC0C4367CBBDFC7896BE6510092667C01788EEA33B59646"
"origine\sd\sorgenti\bm-sd\CANALI\Archivi\ASH1_5.ASH","1736","C2EF8BB8421EA26746EEA516AB9843E08BA54C91F478CDD9CFE06172DED1AEB2"
"origine\sd\sorgenti\bm-sd\CANALI\Archivi\ASH1_6.ASH","1736","8A5E8EE3CEB619E5C47C07D48E0D66BDA3BD02AFFABF0E88181CAA5E8E5F5272"
"origine\sd\sorgenti\bm-sd\CANALI\Archivi\ASH1_7C.ASH","1736","75219E3AD88C5E89E95717EDF17EC6D65225F8C90AB9CDBB63E8B962E7E38556"
"origine\sd\sorgenti\bm-sd\CANALI\Archivi\ASH1_7R.ASH","1736","04AE62BDBEEB6711AC82706769DF7BBBB4D066B46877083C312CB8C02DB30E9E"
"origine\sd\sorgenti\bm-sd\CANALI\Archivi\ASH1_8B.ASH","1736","FC2025FB5ECDF7B7C4B864F1285B807209943F71ABAFA944DA6E5D60FF9E73A5"
"origine\sd\sorgenti\bm-sd\CANALI\Archivi\ASH1_8F.ASH","1736","F93758A797BD1228FAD73082522A5F126379BA97CDEEE1D08543615064432E8F"
"origine\sd\sorgenti\bm-sd\CANALI\Archivi\ASH1_8N.ASH","1736","CDF62F11CF8034C9BA0FC5763D9C71FF9B2C781D038C26BAC252ADD822E4EDD9"
"origine\sd\sorgenti\bm-sd\CANALI\Archivi\ASH1_8S.ASH","1736","0FE7F7EE670A80B2F6CC3321B4A118E6B8F9286BEABE2FF422ED43FC3931481A"
"origine\sd\sorgenti\bm-sd\CANALI\Archivi\ASH1_8T.ASH","1736","9F429DDE837BBCCB15D717128D742764C3A301E15E3BAE29716CA5AFB24DF5E7"
"origine\sd\sorgenti\bm-sd\CANALI\Archivi\ASH2_1.ASH","1736","8A8A9FCE39EE214CE274A3F1A4D7A8F17071586A86F916E79C8487F14448CECB"
"origine\sd\sorgenti\bm-sd\CANALI\Archivi\ASH2_10.ASH","1736","FF49EB7CE9D8ECF036BCCABEECF26D68243D6D3FFE938DBB733444B9F554F450"
"origine\sd\sorgenti\bm-sd\CANALI\Archivi\ASH2_11.ASH","1736","C29F155D116B8EEF847B9BADE5D54E390280A2BFE6E15074454DF218D302D028"
"origine\sd\sorgenti\bm-sd\CANALI\Archivi\ASH2_3.ASH","1736","31341CBF097D4404E621CFB157EDE86F289B9EE62455A8E55114B97BB87AC592"
"origine\sd\sorgenti\bm-sd\CANALI\Archivi\ASH2_4.ASH","1736","819F521AF25A25F87854A55DE462B15EE818CAC7DA24EF04A7A5A8EC4CD9F5C0"
"origine\sd\sorgenti\bm-sd\CANALI\Archivi\ASH2_5.ASH","1736","F2A6B3F4FE7055D489BF67B21F39DEE72159ACBF27B0E994F03A18357157837E"
"origine\sd\sorgenti\bm-sd\CANALI\Archivi\ASH2_6B.ASH","1736","510AC0CFF939255F909E8A5B46919848549ED2194E9FDBCA87414938324D8372"
"origine\sd\sorgenti\bm-sd\CANALI\Archivi\ASH2_6C.ASH","1736","3AE3455A5B3B49864953514C3A66D8142E15750C90EC6FD01C309B3C1C9547C4"
"origine\sd\sorgenti\bm-sd\CANALI\Archivi\ASH2_6F.ASH","1736","579F4F2A179E4EC670BB816108164CE21ECE0163256AEDE023AC316F6C1DB4B9"
"origine\sd\sorgenti\bm-sd\CANALI\Archivi\ASH2_6S.ASH","1736","72CC537A75B166EF74F65DBE7B6026899691FC762EA96494000F94D80E19145D"
"origine\sd\sorgenti\bm-sd\CANALI\Archivi\ASH2_6T.ASH","1736","A1E6955239DD34A1316AA73D33D1DBCD1BB856AAB8072CD4574011237965DE98"
"origine\sd\sorgenti\bm-sd\CANALI\Archivi\ASH2_7C.ASH","1736","DE7C4C73B744506ABB8C6D82DC2FD2C597340F5E3549FC2D250AE3E30044F72A"
"origine\sd\sorgenti\bm-sd\CANALI\Archivi\ASH2_7R.ASH","1736","6A890CCAD6A52B46E18413ADD4F3C2B3C609924A9563260B0A5861EBB1903DE5"
"origine\sd\sorgenti\bm-sd\CANALI\Archivi\ASH2_8.ASH","1736","86E0A369DC4BB3CCA1D786B87FFB67CBFF3792819142AE6811C496595AA1446F"
"origine\sd\sorgenti\bm-sd\CANALI\Archivi\ASH2_9.ASH","1736","8275E229EFC2B09FC2EF1015C7CEE056FCE024E02AAAAF77F6F466CA5D679EFE"
"origine\sd\sorgenti\bm-sd\CANALI\Archivi\ASH3_1.ASH","1736","86FDC79288DB2FF9122D0E7387533304F9D89D8C029CBDE474C72A6EB4AC4997"
"origine\sd\sorgenti\bm-sd\CANALI\Archivi\ASH3_10.ASH","1736","38F68A81289D6BFFAAA96F4E98E0EBFF92807F6F88637971E464AA5E663BC591"
"origine\sd\sorgenti\bm-sd\CANALI\Archivi\ASH3_11.ASH","1736","26B16C4EAB1796568AEC5538F31D122885544BD8B2D6A69906E2F52693F5C163"
"origine\sd\sorgenti\bm-sd\CANALI\Archivi\ASH3_12.ASH","1736","3CAAFF6483CBC111C03F308DCF20167C3819C15F95AF5464D9C9589DF8EFE6C6"
"origine\sd\sorgenti\bm-sd\CANALI\Archivi\ASH3_1X.ASH","1736","580DC3917C0AEA6EA3D988E7319527812711941F629BE3BDBDC57EF3F72123AB"
"origine\sd\sorgenti\bm-sd\CANALI\Archivi\ASH3_2.ASH","1736","32ABCA83BC3761EDA7E95F8A85E2A9B752CC64E52285AFCF48E934F5DB17627F"
"origine\sd\sorgenti\bm-sd\CANALI\Archivi\ASH3_3.ASH","1736","EC913310553508848E0CF9497287EC2D08433DBF910421773D209238563015BA"
"origine\sd\sorgenti\bm-sd\CANALI\Archivi\ASH3_4.ASH","1736","6F32A0888B7F3564EC6DE090F7B32F26C2B90D2628D4985F4E7D60FE47A78395"
"origine\sd\sorgenti\bm-sd\CANALI\Archivi\ASH3_5.ASH","1736","CC8F33615ABCE06FB27012F2CC05AE0F5A02C1EAA06251DF5CBB9B5358F2D104"
"origine\sd\sorgenti\bm-sd\CANALI\Archivi\ASH3_5K.ASH","1736","8AD698015B2366DCE57BEF7A9CD74B06367BF263B40FFBE5DD52A3C122F5E3A7"
"origine\sd\sorgenti\bm-sd\CANALI\Archivi\ASH3_6.ASH","1736","7FE664DB19AB0411C3A7606BA0D47A34A28F5EEEFD9C51C5C7D1819CAC52C786"
"origine\sd\sorgenti\bm-sd\CANALI\Archivi\ASH3_7A.ASH","1736","2699C0A6A9BCA655B288090735FC098F15DF1FFE6A6D7CBB7293830ADF498382"
"origine\sd\sorgenti\bm-sd\CANALI\Archivi\ASH3_7B.ASH","1736","763E152D396F732D7A5F3DF561659C56D0EB7C9F47D6CF58BC70D6C6579ED53E"
"origine\sd\sorgenti\bm-sd\CANALI\Archivi\ASH3_7C.ASH","1736","2E589C5727DFD5E1C4519A3686C45F0189A57EE118DFE1F326CFCB17B6361F91"
"origine\sd\sorgenti\bm-sd\CANALI\Archivi\ASH3_8.ASH","1736","A67351B3653BD8BB471C6EFE21239044DDEFF0B00F6CC4A245682C0F05DB2A31"
"origine\sd\sorgenti\bm-sd\CANALI\Archivi\ASH3_9.ASH","1736","CA3CFB38639D4CD70F25A288BB657BEB864A28F970F06C6CD4A7BE8D86C5EE5D"
"origine\sd\sorgenti\bm-sd\CANALI\Archivi\ASH4_1.ASH","1736","666267C56E23282111760EF9CCC11E2D632AB6D0B10B779466C044C3718288B7"
"origine\sd\sorgenti\bm-sd\CANALI\Archivi\ASH4_10.ASH","1736","09F737866BA880134F001C121DFA0EBECEB71F1FF0E8ED4CC6A586C87DADE1D3"
"origine\sd\sorgenti\bm-sd\CANALI\Archivi\ASH4_11.ASH","1736","74F1655DE95E94E2DF5F8924D89FC002D569CAD03C0A4CBE917E8793A2AA024C"
"origine\sd\sorgenti\bm-sd\CANALI\Archivi\ASH4_12.ASH","1736","2CD75B0FD75842A81E35C89F76B186A97185F44036A2157D54A5C9F04B45483A"
"origine\sd\sorgenti\bm-sd\CANALI\Archivi\ASH4_2.ASH","1736","FE89A842618685F0CACF7A92DBA883FA92DB1E8E88ADBFA97B14BD112310F8B1"
"origine\sd\sorgenti\bm-sd\CANALI\Archivi\ASH4_3.ASH","1736","B12B0A826EF47AFF618D879EF0F376A746CBCBACC892E9E4CB2986A3D14887C0"
"origine\sd\sorgenti\bm-sd\CANALI\Archivi\ASH4_4.ASH","1736","5B153974679F2380A6E50CE31E2B0AE958F44FBE0D84FE4FB1C737C6B11BB019"
"origine\sd\sorgenti\bm-sd\CANALI\Archivi\ASH4_5.ASH","1736","16D47CD7655087341BA011678A9929C2827109E8815519B6814E377650222D87"
"origine\sd\sorgenti\bm-sd\CANALI\Archivi\ASH4_6.ASH","1736","3AA472E8F7BEE907C932B769AF122444067D46530BDCB1526F96B5E09399404E"
"origine\sd\sorgenti\bm-sd\CANALI\Archivi\ASH4_7C.ASH","1736","D496A8F64E8B12FFB53CBCAE36FE8E17E3B825ABD2FCF943D433873F7D4152E0"
"origine\sd\sorgenti\bm-sd\CANALI\Archivi\ASH4_7R.ASH","1736","751EC4A71FFB436071D02F4F7094DBB23C23034E2CFA96D864C3067F60EC654A"
"origine\sd\sorgenti\bm-sd\CANALI\Archivi\ASH4_8.ASH","1736","4F3436AF4FC85525BEC6D0FC0B80DDBE06515FE94ED9480F243028344E80671D"
"origine\sd\sorgenti\bm-sd\CANALI\Archivi\ASH4_9.ASH","1736","E576206FB41F712BD67B18B0293F741E89C2B6D37D7F2FDEB6FAB518D56BC205"
"origine\sd\sorgenti\bm-sd\CANALI\Archivi\ASH45_51.ASH","1736","2673345E5078AA3D67ABA9074826584CA468564A4B846C935CA4BFA479393164"
"origine\sd\sorgenti\bm-sd\CANALI\Archivi\ASH5_1.ASH","1736","9F69EE184A818895F017E578DCD51D81368886371F153499383204936CEBC869"
"origine\sd\sorgenti\bm-sd\CANALI\Archivi\ASH5_2.ASH","1736","7CDC1DF0AED87DA815BE875F0FE36336D1E628F29FDB09A8F30EC6A57F8318CF"
"origine\sd\sorgenti\bm-sd\CANALI\Archivi\ASH5_2K.ASH","1736","918AD6DF198AA55123A28389ED77C36CFC23C246E94E39AF1EF84D483D0EF90F"
"origine\sd\sorgenti\bm-sd\CANALI\Archivi\ASH5_3.ASH","1736","E5DEEA25E35001B92947FF5488782FB19192EF9C0D1E810F1BE0B329D3BDE59F"
"origine\sd\sorgenti\bm-sd\CANALI\Archivi\ASH6_1.ASH","1736","D67F3D1A863FCB06D81AC9F4F588359F0F8FC7E1A5147DE6CA9E253E0E2846BF"
"origine\sd\sorgenti\bm-sd\CANALI\Archivi\ASH6_10.ASH","1736","082CE5A45342FE69E22683BFF275956B235B6CC00DCE55DD597218B058C74E4A"
"origine\sd\sorgenti\bm-sd\CANALI\Archivi\ASH6_11.ASH","1736","A324463CFF29541647216AB7492458310BBD43BA1F9C0650CA7846B9BA992AFC"
"origine\sd\sorgenti\bm-sd\CANALI\Archivi\ASH6_12.ASH","1736","B772392779A0BE479A7CCAE667C368F84CDB9815766ADE2F7E609944578D58F4"
"origine\sd\sorgenti\bm-sd\CANALI\Archivi\ASH6_13.ASH","1736","DF1F0B0DBBD6040CDEA2B8D120B0F49FD19527B29A5280B48A01CE483A81A661"
"origine\sd\sorgenti\bm-sd\CANALI\Archivi\ASH6_14.ASH","1736","8E72674A5FFDE1AF1E4211A350D5CAF24FD3DE74BC7BCD5CEF6E5857C020ADFE"
"origine\sd\sorgenti\bm-sd\CANALI\Archivi\ASH6_15.ASH","1736","DD1AD3BDF05A31DD8432E048C436DAF087CCA551021C1601615542009B5F2007"
"origine\sd\sorgenti\bm-sd\CANALI\Archivi\ASH6_16.ASH","1736","50F80A1C2DA3AF310316B7E2C74621C9399D8BA67319811D8EA06AB1A2D4FB58"
"origine\sd\sorgenti\bm-sd\CANALI\Archivi\ASH6_17.ASH","1736","6BE74C77F773ACB8EFB9C5ED243B0B813AAC463309DAE1FE35BCEB0D4F250B11"
"origine\sd\sorgenti\bm-sd\CANALI\Archivi\ASH6_17B.ASH","1736","BDDD889DD414C8876CFE444D9E41F374BF0FB54DF0CFB025B82405D16BE1A02C"
"origine\sd\sorgenti\bm-sd\CANALI\Archivi\ASH6_18.ASH","1736","B6BB30E82ED5A9527A8E74475D28AF9B428BC23D6B6F02DDE5189CC0CFED5232"
"origine\sd\sorgenti\bm-sd\CANALI\Archivi\ASH6_19.ASH","1736","061FFB15615A5393634CC480CDF9FF086DA3FF146A19051217F4C2AA31AF5A3E"
"origine\sd\sorgenti\bm-sd\CANALI\Archivi\ASH6_1B.ASH","1736","CBD99F6931EAC4EBD962A4CAAA18FD6595C5B90430599027D30149487FEAC42F"
"origine\sd\sorgenti\bm-sd\CANALI\Archivi\ASH6_2.ASH","1736","2E8E890301C4B06AABA0FDEA04AA05E791670C9D7E65C3E1E238B049D079CE3B"
"origine\sd\sorgenti\bm-sd\CANALI\Archivi\ASH6_20.ASH","1736","59E739349D4416D731E9FE662EDDA31BC0850CF37F20997827C978E5B9097271"
"origine\sd\sorgenti\bm-sd\CANALI\Archivi\ASH6_21.ASH","1736","8B828417C500140D8C0186BBF81D3260E84A09FFFF931BCD15A487D983E47E09"
"origine\sd\sorgenti\bm-sd\CANALI\Archivi\ASH6_22.ASH","1736","132F277185361BCEA193DE3146B1EF624EC91C346DB0A040FA0F117F88EEC4BF"
"origine\sd\sorgenti\bm-sd\CANALI\Archivi\ASH6_22B.ASH","1736","28BC3850E15CCFB20DEFD51D1C179A31E1B691FA946DE4C5526AD0304CF0111A"
"origine\sd\sorgenti\bm-sd\CANALI\Archivi\ASH6_23.ASH","1736","559EEEF302A216B27FBD507C82FE5769DCAA0F89281FD622CAEE776F490B9974"
"origine\sd\sorgenti\bm-sd\CANALI\Archivi\ASH6_23A.ASH","1736","CD9C0CB566E3B1CC29308D10D34D49AAFD9D8A807401F3663FFAE4AC2C2E74DC"
"origine\sd\sorgenti\bm-sd\CANALI\Archivi\ASH6_23B.ASH","1736","08DCFDD7B7C25D666655263751AEF41FE91AF6A3DDBAA50667A961E4D239B252"
"origine\sd\sorgenti\bm-sd\CANALI\Archivi\ASH6_23C.ASH","1736","2AD274FAFC45A03EDC4EC945A7F9C3D5D68A4308ACD5252E9EBEA992A45CFA59"
"origine\sd\sorgenti\bm-sd\CANALI\Archivi\ASH6_23D.ASH","1736","8CFF91DEF9DD016C95586AF75F2ABC233627DE55609DC7565F864CF14C0E0C1D"
"origine\sd\sorgenti\bm-sd\CANALI\Archivi\ASH6_23M.ASH","1736","338B97A950107E96BECD8E16F79B089D06CFF4796A63581CDBFE343C55040218"
"origine\sd\sorgenti\bm-sd\CANALI\Archivi\ASH6_23T.ASH","1736","CD5CD98103B1DE2D6108F67B686536F5AEAD3B5A1002AE674D1850FAA379C218"
"origine\sd\sorgenti\bm-sd\CANALI\Archivi\ASH6_24.ASH","1736","660B912C65D564E68DD14176E096D090ED069C4C7B7614B09C84B02DD7B90003"
"origine\sd\sorgenti\bm-sd\CANALI\Archivi\ASH6_24B.ASH","1736","5C3DC89CFDA88FC7C37726919DD94EC8B15E78B172191A11BCAAA1633F586F6C"
"origine\sd\sorgenti\bm-sd\CANALI\Archivi\ASH6_24K.ASH","1736","6D4BBA287742B631B977ADEAF957AF21D347E39E93AE1596119B5CC7C586B10E"
"origine\sd\sorgenti\bm-sd\CANALI\Archivi\ASH6_26.ASH","1736","AAA89D812B9BCD8739C11CF0A698954952A80D54FC82537C85952E58805AB192"
"origine\sd\sorgenti\bm-sd\CANALI\Archivi\ASH6_26M.ASH","1736","28514447210E0976446F74E404C3CB95445A5B0D885064C1ACFE67B5445874F4"
"origine\sd\sorgenti\bm-sd\CANALI\Archivi\ASH6_26T.ASH","1736","C4ABB6846CA9A89C3A20703EBF8BEFA4C9124903D1320B56F9F7FAAB2D24ED64"
"origine\sd\sorgenti\bm-sd\CANALI\Archivi\ASH6_27.ASH","1736","44E19383C80BF0201C57896B2B76AB5E552C01F5C57C6AEB3E7019321A5621BA"
"origine\sd\sorgenti\bm-sd\CANALI\Archivi\ASH6_28.ASH","1736","CE53693D0D90D71EB99C9A2AB8913F05B8E591B54337F90819480F8DD87C4C83"
"origine\sd\sorgenti\bm-sd\CANALI\Archivi\ASH6_28C.ASH","1736","8265CD7408A8F19CB73EFDDCEB993700381CCF78358AD354564EC2F6446E72D2"
"origine\sd\sorgenti\bm-sd\CANALI\Archivi\ASH6_28M.ASH","1736","28514447210E0976446F74E404C3CB95445A5B0D885064C1ACFE67B5445874F4"
"origine\sd\sorgenti\bm-sd\CANALI\Archivi\ASH6_28N.ASH","1736","9811F2E22A7DF0005EC38DEA153D2631ED3B3D498D851A282E5634CCB42E6E3A"
"origine\sd\sorgenti\bm-sd\CANALI\Archivi\ASH6_28T.ASH","1736","9A72D55FEBD6DC313A43C65672BD7B7B131508501DB2A129E62A4091FB14C726"
"origine\sd\sorgenti\bm-sd\CANALI\Archivi\ASH6_29.ASH","1736","DA4C1B7FF8CE2D4EB79471E6A587A4FD0CEF9949FC29B4BD41548CB4248AED8D"
"origine\sd\sorgenti\bm-sd\CANALI\Archivi\ASH6_29C.ASH","1736","CE53693D0D90D71EB99C9A2AB8913F05B8E591B54337F90819480F8DD87C4C83"
"origine\sd\sorgenti\bm-sd\CANALI\Archivi\ASH6_29M.ASH","1736","28514447210E0976446F74E404C3CB95445A5B0D885064C1ACFE67B5445874F4"
"origine\sd\sorgenti\bm-sd\CANALI\Archivi\ASH6_29T.ASH","1736","F28F94916B72388304A915AEB70F1605A8BF73F74FC0A259C94D0F2CAD23EB09"
"origine\sd\sorgenti\bm-sd\CANALI\Archivi\ASH6_2B.ASH","1736","2605D05CAC3BD1F930BF45BA83A643D37DF9F7CFA1A51EDC0AB9B235C27AD192"
"origine\sd\sorgenti\bm-sd\CANALI\Archivi\ASH6_3.ASH","1736","F28B3E615D0420C2833B459EC8EA49BFF78A2B38CE7AFE773FC2B84C9A61E2C2"
"origine\sd\sorgenti\bm-sd\CANALI\Archivi\ASH6_30.ASH","1736","D29FB1F9065DB79093C5BE8B3AB35FEACDF7969DF0F3C366687894CA4FF27288"
"origine\sd\sorgenti\bm-sd\CANALI\Archivi\ASH6_31.ASH","1736","F954974E4D74D98F169CBD172985832A155519D1F0224F347786B4EB01CE382E"
"origine\sd\sorgenti\bm-sd\CANALI\Archivi\ASH6_32.ASH","1736","BA8D6D74725698840EC8EF2BC0B17ADFF62DA7C1AEB72AE2445B2AE70928736A"
"origine\sd\sorgenti\bm-sd\CANALI\Archivi\ASH6_32M.ASH","1736","D579BB90C3A85C4BB245F34A57D0C2D29497E97ED8E29B9D87577CC834C88D85"
"origine\sd\sorgenti\bm-sd\CANALI\Archivi\ASH6_33.ASH","1736","5C3C8E0E4F8803823FF6D4185FF7B51E4F10B52BE1B9DC0C418C33F636E26053"
"origine\sd\sorgenti\bm-sd\CANALI\Archivi\ASH6_33C.ASH","1736","4AC74AB4DDC61DFFBDDD10BB5CC8DD559AC7B342CDE6409BFB01ADF1D2345D2C"
"origine\sd\sorgenti\bm-sd\CANALI\Archivi\ASH6_34.ASH","1736","239EBF11533AF540EF77253326E6DFF3F36F42E737C7096B5BB96D7B1A019B90"
"origine\sd\sorgenti\bm-sd\CANALI\Archivi\ASH6_34C.ASH","1736","69B6273EBE3A73D4CDF344E85EB9B5328F7E36A6DBB570ED6DB05988925B7336"
"origine\sd\sorgenti\bm-sd\CANALI\Archivi\ASH6_35.ASH","1736","AEF41CA7372540FB3D3B65E3C117E908D1C0B56DCE1A945E974C7EB9F1790C36"
"origine\sd\sorgenti\bm-sd\CANALI\Archivi\ASH6_35J.ASH","1736","D56C042E1CEB47D0C8763FAFC2F8A23435FF27D9DDB75A6F390A0FA596B2C05A"
"origine\sd\sorgenti\bm-sd\CANALI\Archivi\ASH6_35K.ASH","1736","E63F8EE1A7E2C52A074F7C05E1F671E9B6D509D63A5ED75624A4B80C8F2D65DD"
"origine\sd\sorgenti\bm-sd\CANALI\Archivi\ASH6_35Q.ASH","1736","C2F29D815502E9EFD9DA4614AC5BCC4C7C02A5C4F627077EA68D66D77AF94C21"
"origine\sd\sorgenti\bm-sd\CANALI\Archivi\ASH6_35R.ASH","1736","AA9D3CA0BC952C82C0019F6147912DB50D17045861E54F53C1FB39832D75787B"
"origine\sd\sorgenti\bm-sd\CANALI\Archivi\ASH6_35U.ASH","1736","FDD3261C65600D74B0451930D09FB6237A835AE2E05126613DF7AFB10FBCE81C"
"origine\sd\sorgenti\bm-sd\CANALI\Archivi\ASH6_35W.ASH","1736","7DE0C5392384006B60D3A20A397CA3C6BEACBA646A4C9C77C74944E24C4AC3A7"
"origine\sd\sorgenti\bm-sd\CANALI\Archivi\ASH6_35X.ASH","1736","D1830AF93D46F051CDAC7E658716B8EECACC82294E0568397EAD9EA37E8FA10C"
"origine\sd\sorgenti\bm-sd\CANALI\Archivi\ASH6_35Y.ASH","1736","CE1B9ECA2C86C6AD3FB7B736E4AD6AF42001D9717FC68E361A88049A659E3AC3"
"origine\sd\sorgenti\bm-sd\CANALI\Archivi\ASH6_36.ASH","1736","0D45B21F3ACD79AC79CDEBD4C1D1D44DEF825F86C29C107069EE125110A1D11B"
"origine\sd\sorgenti\bm-sd\CANALI\Archivi\ASH6_36C.ASH","1736","2579811BE119EF860064EC0B2D1E1E9D00812333929315E770BBBEC68355DC1A"
"origine\sd\sorgenti\bm-sd\CANALI\Archivi\ASH6_36R.ASH","1736","519945493CE4A0465EDBD2173EDB26D6A121E2368057ACB5016EA15E7F88A24F"
"origine\sd\sorgenti\bm-sd\CANALI\Archivi\ASH6_36U.ASH","1736","E328D14DBA53F67805FF47E41E5AFCFAA3A73FB5FED8B715DF114208F080B718"
"origine\sd\sorgenti\bm-sd\CANALI\Archivi\ASH6_36X.ASH","1736","699F7FEF30DADA31CFA02B67C6E3D78CEAB25B68039DFA8C5FA7D1C530774397"
"origine\sd\sorgenti\bm-sd\CANALI\Archivi\ASH6_36Y.ASH","1736","68AE143D1E26E7EE5B1E5AE079CF795FADADE0BC144D83D6CB7E77D7BB3E7E81"
"origine\sd\sorgenti\bm-sd\CANALI\Archivi\ASH6_36Z.ASH","1736","AEC0305F312BEFA6B34DFDF6916FE64EA2CB5837C10D607A2AECE878DCFCE86A"
"origine\sd\sorgenti\bm-sd\CANALI\Archivi\ASH6_3B.ASH","1736","6628688B7C92FED5DF5E2C322442F8CAD296D1B731B0790EAC59F5D10857134B"
"origine\sd\sorgenti\bm-sd\CANALI\Archivi\ASH6_3N.ASH","1736","7B597BEBF8C40CD9619E11401A9ADD47A9BABF2A60CEFC468B158B675BFB48E2"
"origine\sd\sorgenti\bm-sd\CANALI\Archivi\ASH6_3T.ASH","1736","D9B6BA83479022924D76073CA95313BCE172184B9F7BF2F8BC0881E218AB5F36"
"origine\sd\sorgenti\bm-sd\CANALI\Archivi\ASH6_4.ASH","1736","0C9B598EC7331C2E3A31C2A94EAA4F4DE158C4DF0775700595BEA26C20F5DC12"
"origine\sd\sorgenti\bm-sd\CANALI\Archivi\ASH6_4B.ASH","1736","5B8ECEFBBBAED22A6C12C7872C8E42A99B2E627DC1C6BFA633104409418506ED"
"origine\sd\sorgenti\bm-sd\CANALI\Archivi\ASH6_4C.ASH","1736","9CA37FDF5EF26BF332AADF6EDD10556003C16B9690A3583B54B49D228545D856"
"origine\sd\sorgenti\bm-sd\CANALI\Archivi\ASH6_4D.ASH","1736","03BBE6A4BCB2161A1C112E91E04F738A5F9F1D7AE4D58E5F4E1FD4272D7C4A62"
"origine\sd\sorgenti\bm-sd\CANALI\Archivi\ASH6_4E.ASH","1736","EE2A4791E808AD8810F2B8EC5B147D97AFBC88D52DE1D92473FCEFEE6A15E9A9"
"origine\sd\sorgenti\bm-sd\CANALI\Archivi\ASH6_4F.ASH","1736","42715831B95CF9D66B99B84EE257F560C190B3CF6A58CB580AAF87E716B765E4"
"origine\sd\sorgenti\bm-sd\CANALI\Archivi\ASH6_4G.ASH","1736","51CD9E13481FFF081E4A8F1313996A815DCAA27C27302F5BF5F0426BB95D27A3"
"origine\sd\sorgenti\bm-sd\CANALI\Archivi\ASH6_4H.ASH","1736","4F6B289CE947AC28C33BF7A4AAAEAE0604716992D375155AAEB87C8E8CFE8BD7"
"origine\sd\sorgenti\bm-sd\CANALI\Archivi\ASH6_4I.ASH","1736","067C6C33BD055767212047B2EC31165EA5719ABEE58A827D9DA6619488215FEC"
"origine\sd\sorgenti\bm-sd\CANALI\Archivi\ASH6_4J.ASH","1736","E594A74A0CF686A182665FF96B2D083D250EAF72B774071EC02CF558DE906AFC"
"origine\sd\sorgenti\bm-sd\CANALI\Archivi\ASH6_4L.ASH","1736","379E0ED45C44C205C76D4A85A88E906B370403638606A8A85393686B5B335CE8"
"origine\sd\sorgenti\bm-sd\CANALI\Archivi\ASH6_5.ASH","1736","D18EABBFD06354A920DD10AEC70DD7C44BBBCA18AA8B62FD60B5BEFF7B6C9909"
"origine\sd\sorgenti\bm-sd\CANALI\Archivi\ASH6_5B.ASH","1736","F8CE79CBA0C7D3277DA5664901C7C5C699793FAD48717CA54873BCC5F1BCEF1B"
"origine\sd\sorgenti\bm-sd\CANALI\Archivi\ASH6_5C.ASH","1736","8002E55247EA25782174CC41B553EF1D9FC1B446EA73B2F4D32B4F47A8C9416B"
"origine\sd\sorgenti\bm-sd\CANALI\Archivi\ASH6_5D.ASH","1736","3C11715C7EC52E5F0A96A13CADCEE929F25CAF84E55BF37A9F80B4E6ECA013B4"
"origine\sd\sorgenti\bm-sd\CANALI\Archivi\ASH6_5E.ASH","1736","BA4BA2C18221F144B04EF76A309C405FA4A8E287E947D28241718A8F7A5D7B53"
"origine\sd\sorgenti\bm-sd\CANALI\Archivi\ASH6_5F.ASH","1736","0BB62D87BBEE36C2BCF49D04673765D5ADD27DADEC929F2E374857853E4CE6D5"
"origine\sd\sorgenti\bm-sd\CANALI\Archivi\ASH6_5G.ASH","1736","8DB8D145B307004FA309F6187CA335BA8BE5B788BDC431264729ED5A3C39B2BB"
"origine\sd\sorgenti\bm-sd\CANALI\Archivi\ASH6_5H.ASH","1736","539CC2F3C1C570072C1A0839FE03CC01CFD819099BB9D93F5968DF2B50546657"
"origine\sd\sorgenti\bm-sd\CANALI\Archivi\ASH6_5I.ASH","1736","7902F7D16BE103B4DB6958FFDC9EF9778010D6DEED3FB11431D1FE6275A330C8"
"origine\sd\sorgenti\bm-sd\CANALI\Archivi\ASH6_5J.ASH","1736","001C961AAB260D55B30B5A65A76C403D8599432DA1C5858A84A3E5B25B71B9CA"
"origine\sd\sorgenti\bm-sd\CANALI\Archivi\ASH6_5K.ASH","1736","07FD9A4BB53E5A5C5D252AD3DB55EDDBBF72B18DE33FCEFE9E0D4748C8C76450"
"origine\sd\sorgenti\bm-sd\CANALI\Archivi\ASH6_5L.ASH","1736","2671DC4C4B2A3B7E6981A75210357C82B208CB916AF5D74B135D7C91E6C1E222"
"origine\sd\sorgenti\bm-sd\CANALI\Archivi\ASH6_7.ASH","1736","86B9D28E2D92F8E0BD4C6E0BEA01B0929CC81246AE9B4049205A0D841C3B8D39"
"origine\sd\sorgenti\bm-sd\CANALI\Archivi\ASH6_7B.ASH","1736","E555411192B9382B5BFD7745FF462F3222ADAD34C30DA203DF94D000BE7FE945"
"origine\sd\sorgenti\bm-sd\CANALI\Archivi\ASH6_7T.ASH","1736","4ACEBB631BC581D7CEF3B027892E143A307C29D81ADC313B40C1A06DB929F4A1"
"origine\sd\sorgenti\bm-sd\CANALI\Archivi\ASH6_8.ASH","1736","86B9D28E2D92F8E0BD4C6E0BEA01B0929CC81246AE9B4049205A0D841C3B8D39"
"origine\sd\sorgenti\bm-sd\CANALI\Archivi\ASH6_8B.ASH","1736","EBC79B7FC27D4860E32A035B8E44C3E50B760FD41C3F55152F27C3077D877BE6"
"origine\sd\sorgenti\bm-sd\CANALI\Archivi\ASH6_8T.ASH","1736","72A3A644DE19D3FD902E453785344A472BBFB7AE5BB0319B87420C3096C64E3F"
"origine\sd\sorgenti\bm-sd\CANALI\Archivi\ASH6_9.ASH","1736","86B9D28E2D92F8E0BD4C6E0BEA01B0929CC81246AE9B4049205A0D841C3B8D39"
"origine\sd\sorgenti\bm-sd\CANALI\Archivi\ASH6_9B.ASH","1736","132D2E9040E89B5CB79C4864852E38E4331195A46E9F70940B3FB9E3FBBCC249"
"origine\sd\sorgenti\bm-sd\CANALI\Archivi\ASH6_9T.ASH","1736","C482C80C7D299F4C99771372831B3519079CC37289F4438438D563BEC3D624B2"
"origine\sd\sorgenti\bm-sd\CANALI\Archivi\ASH7_1.ASH","1736","8094AFAA52EC20FE9346A454C1E0AFF4194F8413512848BF5676F7CBC8F98CC7"
"origine\sd\sorgenti\bm-sd\CANALI\Archivi\ASH7_10.ASH","1736","EAECEF04BB32EF619C43B408454722C12AB80FEFE8C010F34D2C880F028E96EA"
"origine\sd\sorgenti\bm-sd\CANALI\Archivi\ASH7_10B.ASH","1736","6414C250DBAB89BAC11744F59D85A92148423585B63E0FA608FF9CA363ABC64F"
"origine\sd\sorgenti\bm-sd\CANALI\Archivi\ASH7_11.ASH","1736","FA38721A44E09BBA70861A22DFB938FDA8FFDEE99B04BEFC2D05F6679BE998D2"
"origine\sd\sorgenti\bm-sd\CANALI\Archivi\ASH7_12.ASH","1736","E86A65C37D28B037FA6DE2F453795CFBBE6090B8B14D63EDA85E6F5E05764BD7"
"origine\sd\sorgenti\bm-sd\CANALI\Archivi\ASH7_2.ASH","1736","D7768766AC717417E0215B9D4211C2CDBE88325360A785134691EA4FC0502AC7"
"origine\sd\sorgenti\bm-sd\CANALI\Archivi\ASH7_3.ASH","1736","B82C24A095F28C99C64FB04C11B4CAFF91D267C1ECF5489ED91BAB47FAFAF738"
"origine\sd\sorgenti\bm-sd\CANALI\Archivi\ASH7_4.ASH","1736","8BF6468F4A51FE5DB5C3C6FAC817BD42A6B11584BD38A5B1217CDE0B3AB67C51"
"origine\sd\sorgenti\bm-sd\CANALI\Archivi\ASH7_5.ASH","1736","ACB4544B5B4CDFDFDED71BABE2311AB0D510EAA59DEFFBEA73838D6896446AC0"
"origine\sd\sorgenti\bm-sd\CANALI\Archivi\ASH7_6.ASH","1736","1FCFE9BBCC20818DB32C8AF8FCA652C5F5191AB227D8968214BBE2FADA7A5698"
"origine\sd\sorgenti\bm-sd\CANALI\Archivi\ASH7_7.ASH","1736","D404C1F089E623E272ECE863C09D2E9DC4365E380D2FF488639A3954D86D8722"
"origine\sd\sorgenti\bm-sd\CANALI\Archivi\ASH7_8.ASH","1736","90E31386E5964F795B4F689AC3401EDA9074BC2C55089E51E8A858DCAF24DE52"
"origine\sd\sorgenti\bm-sd\CANALI\Archivi\ASHDIFF.ASH","1736","56CD654F35F0E4AC332AC6E7501F8DA5C2BE6040CD8AE76B8E88F23BBB503FB6"
"origine\sd\sorgenti\bm-sd\CANALI\Archivi\ASHXX.ASH","1736","56CD654F35F0E4AC332AC6E7501F8DA5C2BE6040CD8AE76B8E88F23BBB503FB6"
"origine\sd\sorgenti\bm-sd\CANALI\Archivi\canali.can","7008","07B466D9F0C1A5394CC75F57FBDC3E3A7C7B82FE36BB88EF5BF43A1ECE46BD22"
"origine\sd\sorgenti\bm-sd\CANALI\Archivi\Copia di ARCHIVIO.CAN","24700","A0AD7AF3D2BDDAEFBE56F24175E52EF63EE912BBD1F29112A1B9BDC5CB9027A7"
"origine\sd\sorgenti\bm-sd\CANALI\Archivi\CopiaTabelle.pas","10755","7C67453B1041662F2E9D7129057F233A3C9B3D98875EC2AF4CF51BFDE2A667A1"
"origine\sd\sorgenti\bm-sd\CANALI\Archivi\Debug.Txt","0","E3B0C44298FC1C149AFBF4C8996FB92427AE41E4649B934CA495991B7852B855"
"origine\sd\sorgenti\bm-sd\CANALI\Archivi\IDELM.ASH","1736","9BD2E040CA5D17BA177FC7EC5A8A19F9257A677C3D9E69DC5583734A67FDBC7F"
"origine\sd\sorgenti\bm-sd\CANALI\Archivi\IDELR.ASH","1736","A397349AD366FE8A8453A0D587F1B2FB2EDBA1DA99F4B2A57671C3CAF9ED23E4"
"origine\sd\sorgenti\bm-sd\CANALI\Archivi\MISURE.ARK","1600","81C5F3D204815BEB61CECCC50E4EDBF97C53D7E39F69A194716B773AD88141C3"
"origine\sd\sorgenti\bm-sd\CANALI\Archivi\pippo.sce","6","5EFC5685D651EC8DFA7F66AC87056BBDA08C7693E12FF33BF958595DF259A3A6"
"origine\sd\sorgenti\bm-sd\CANALI\Archivi\TAB31.ASH","1736","F4366F511E31FBDCF9D14EF8CA9CA6FCE8ADFBAE15B07BA2745DCE1578FE0E90"
"origine\sd\sorgenti\bm-sd\CANALI\Archivi\TAB32.ASH","1736","B31276F1406DC49B61971E5E13AB7F97AA53D286310D22DD0388AF5F08713196"
"origine\sd\sorgenti\bm-sd\CANALI\Archivi\TAB33.ASH","1736","CBB6027E5D0D434E6E3D0FBFB6928E24D935A8A9E0728C4BB25A26A4D4A716A9"
"origine\sd\sorgenti\bm-sd\CANALI\Archivi\TAB34.ASH","1736","B73CC02D89213F2185F839A49A86CB2D96DF70FA91E17772F60EE7264E6F2456"
"origine\sd\sorgenti\bm-sd\CANALI\Archivi\Tabelle_ASH.pas","400846","24A472C5D66CECFF9659C7B83CB5BE39CB9D3D987418C4C6FA92C35F610F4D44"
"origine\sd\sorgenti\bm-sd\CANALI\ARCPEZZI.PAS","8512","C06DBA59E5B5C84BA484F1D841F21DF85C602C9B311FD2A5F5AC7EC0DF56E96F"
"origine\sd\sorgenti\bm-sd\CANALI\ARCPEZZI.RIF","79","3931A68D19BF34AB164AC717B85B027301D7705613E24CC630200C6E38FFC099"
"origine\sd\sorgenti\bm-sd\CANALI\ARCPROG.PAS","17938","69803CC15414B6412F574A06FA56900048E555D1862B6D84C8E8FED46D9A1471"
"origine\sd\sorgenti\bm-sd\CANALI\BILANCIA.PAS","11895","2F0CCC9D3BC1EF73E7F24DF39DD504ACDA2D09FF0E6B5B08643F69305C282535"
"origine\sd\sorgenti\bm-sd\CANALI\BPC.CFG","459","F85C25B0D5AC62F55A82CCDBC161E83CB8DA0611754051A109CDC2599D794D66"
"origine\sd\sorgenti\bm-sd\CANALI\BULDEF.PAS","33174","249316EDE554CFDCAF853258546C12F7CB6DFEFBCF0300F2F06BE56BC68B7BB9"
"origine\sd\sorgenti\bm-sd\CANALI\C_WM.PAS","1316","0A7B3F3ACDD91C70D69F14093E9C45EC3312898F34E1AF7EBFEF561C3B537036"
"origine\sd\sorgenti\bm-sd\CANALI\C_WM1.PAS","1316","0A7B3F3ACDD91C70D69F14093E9C45EC3312898F34E1AF7EBFEF561C3B537036"
"origine\sd\sorgenti\bm-sd\CANALI\CalcoloCan.cfg","2700","B94CBBD3715BB327065993BD35E6A1D5DADF43B6E575C716259BD05B11794AE5"
"origine\sd\sorgenti\bm-sd\CANALI\CalcoloCan.dof","19084","9CA30F18EAB1F9730DD9B547A950018E7C2CFB06BEE1A140131771321736FB89"
"origine\sd\sorgenti\bm-sd\CANALI\CalcoloCan.dpr","1356","28B5AE21894A3FF744D906F767D078EE9952F68543F205A3EADFE460A57B56EB"
"origine\sd\sorgenti\bm-sd\CANALI\CalcoloCan.res","876","A5BEC89CE535FD6477ED8792969DB3E33FFF8B178139F664885C261CB764CE43"
"origine\sd\sorgenti\bm-sd\CANALI\CalcoloCanali.pas","3567","4075942F5A7BF0DB5F79157BEDFE2B1C030B4212C86700205BB734C3EF3A2BE6"
"origine\sd\sorgenti\bm-sd\CANALI\CAMBIA.PAS","1505","AC9953DADF2ABF4AEA3BD44EBEDD71886E8CE65B90CE8045EC30AF39115FE672"
"origine\sd\sorgenti\bm-sd\CANALI\CAN_EDIT.PAS","32809","1677D73CDD4A398573769F312E3EFBA0A48333283068771877AD230E2986C022"
"origine\sd\sorgenti\bm-sd\CANALI\CANALI.PAS","465","314035E4EF396530449E7D1D647358B5E2A40A37E4ACF6BC7E56456F092C607F"
"origine\sd\sorgenti\bm-sd\CANALI\CANCELLA.PAS","1103","758244EC1D834F142769818E34E6EBF9B4AB484366131A72A868F2EA581D3DFF"
"origine\sd\sorgenti\bm-sd\CANALI\CANFST.PAS","2959","B46AF9D2293532878363D4AE9194C8113290D7B26FA40A3C3FF63851E96F07BF"
"origine\sd\sorgenti\bm-sd\CANALI\CCACOST.PAS","46","1701C37ED57E4B73A00DF4C07D0B1340FD40EF551C595969B442841C845E2D9C"
"origine\sd\sorgenti\bm-sd\CANALI\CHIAVE.PAS","12348","6BA17BE76ABA556C9D1C3B99A44734099AE2C6A2C55C4C6F6D488F9A1F08FFDC"
"origine\sd\sorgenti\bm-sd\CANALI\COLORI.PAS","153","30AE7426C21DA1CCBC7B97ACBAD1723455018B4E6C2C84A36D797BB5A77F41FB"
"origine\sd\sorgenti\bm-sd\CANALI\COMMET.PAS","24086","0C0248F2A2F94806D84008BBCD03F341DDBFAE4B7E63E0BDA46D8490694A69AD"
"origine\sd\sorgenti\bm-sd\CANALI\Compiladcucanali.cfg","1217","A3F0605E0EE2D7FFC655F3C365A2788747A7D17B543212A3BDA6E2966E0CD203"
"origine\sd\sorgenti\bm-sd\CANALI\Compiladcucanali.dof","21816","D0B66C44788112CC2980B5F2CB84585FFE9FE97E9997E4723BA617CB63975D8C"
"origine\sd\sorgenti\bm-sd\CANALI\Compiladcucanali.dpr","815","052F72CC3486262326F223F20D232B60F8CAD9D300850143E22C59AF24B320FA"
"origine\sd\sorgenti\bm-sd\CANALI\Compiladcucanali.res","876","A5BEC89CE535FD6477ED8792969DB3E33FFF8B178139F664885C261CB764CE43"
"origine\sd\sorgenti\bm-sd\CANALI\CONTROLL.PAS","8844","6292B187D0D78AAAD41EAEF80DAABAB0EE46104B8F3CA3B11F24BA576076B7D5"
"origine\sd\sorgenti\bm-sd\CANALI\CONVPERD.PAS","765","B39E731036F40CAB3002A7B9DF8CBAA3B404148445C43B4D0371E786ED0C9C91"
"origine\sd\sorgenti\bm-sd\CANALI\CopiaTabelle.pas","10448","EE8FE31AE3E3E57F659CA1F2EAD7A32A7D45B8DBF710682657F19828FFEFD2CC"
"origine\sd\sorgenti\bm-sd\CANALI\copiaVariabiliGenerali.pas","604","AE5BB10B61BF884F0407062F23AC64E86814B877AC94D7DC3FDFC6E45E10844C"
"origine\sd\sorgenti\bm-sd\CANALI\CRDUMMY.PAS","1112","5F91A06FFCD7816DCBB2F8E44B83ED3E2EA0E8A8624B8F20E0B77F633B0CE92D"
"origine\sd\sorgenti\bm-sd\CANALI\CREA3D.PAS","31839","577C4DBD7B40FB26BED757EB820CA75F3C629E693D57D77D42D0CC97E6C318D7"
"origine\sd\sorgenti\bm-sd\CANALI\CREASCHE.PAS","18207","0C8BCF532405BE2330264EFA9028D8D80F0E91C426FB48D3F843457011CFCAF2"
"origine\sd\sorgenti\bm-sd\CANALI\CRT.pas","50","14320C1DB69F6F98BE259D2110BAB271BC18DAE873B32753D2FE1834879A197F"
"origine\sd\sorgenti\bm-sd\CANALI\D_GEST.PAS","79","859CAACAE2FBF22756F1785E165E54EFFA7BCCE2332EFB401404B594B4F301E7"
"origine\sd\sorgenti\bm-sd\CANALI\DATICAD.PAS","14781","AD5787A0A4A6002D23A39402498AAF1499F71156FF89DDE4E51A0277530F5A7D"
"origine\sd\sorgenti\bm-sd\CANALI\DATICADCAN.pas","2693","69E014F483DA46A72CDB291EF576D041C1AEB78AB9E77EEA10DF24EC5E73D422"
"origine\sd\sorgenti\bm-sd\CANALI\DATIDUCT.PAS","7716","6A13F71947A0FB3DCFA4C600DA13CA4A5D47644E2FDCA87308EC486177DACC84"
"origine\sd\sorgenti\bm-sd\CANALI\DATIDUCT.RIF","79","DB18A6C2665B680F326583E6B22C48CCA45E15EC0FD1B5E1E3B4704894E78F92"
"origine\sd\sorgenti\bm-sd\CANALI\DATIGEN.PAS","3860","229E3F4EE9B2E7A60DAC574BCC7340C4BDB53082CE50FF8F36F81F64C5B098A5"
"origine\sd\sorgenti\bm-sd\CANALI\def_archpezzi.pas","38744","73E601EC4F8D9CFB58599DCAD654A0AEE08C0C5F2F5A3B29D94E022C01633233"
"origine\sd\sorgenti\bm-sd\CANALI\defarchpezzi.pas","35117","E47C09922B8D40CEDBB4260197B214875872A4E00E21B7E9FB6EA8EB130902E6"
"origine\sd\sorgenti\bm-sd\CANALI\DEFCOM.PAS","6608","8FE491C80FBA4F4579F122B978591B92EECBF1A4BF6164FD81C3710C504695A8"
"origine\sd\sorgenti\bm-sd\CANALI\DEFDATI.PAS","1631","962E35F41705EE948CF9BAED54CFBA09C6819209F4A89B4C0AC61CE8F1EEE36F"
"origine\sd\sorgenti\bm-sd\CANALI\DEFGD.PAS","4530","F0A3D4F66D986315371200840195AEA046A49D7590C71EBDCFE1FEB552D539E4"
"origine\sd\sorgenti\bm-sd\CANALI\defin_c.pas","8284","1A590160089B85AD6D14CD5D5FE8A9A267CEE18A3EE8D917C5A75C5C4832C770"
"origine\sd\sorgenti\bm-sd\CANALI\definizcan.pas","8711","6D1BDBF5C45404BF378ADC10DF42D7CC7F1A5A3E10B9CED3D3A4FB00CC4AC428"
"origine\sd\sorgenti\bm-sd\CANALI\DEFUTI.pas","1360","4FFF1412C41C3CCACFA85A26614FF11789D8DB75B35F603593F2D4912B236B97"
"origine\sd\sorgenti\bm-sd\CANALI\Del_STAMPE.PAS","9955","16FD6CC9F3C78125F4E97C6DEDC88AFC32E8110E9094BEBEC312FB803E2426AA"
"origine\sd\sorgenti\bm-sd\CANALI\del_STVAR.PAS","6810","A8B440A68894E50D669BD9168E835E7F198189C6023153EAB1CA9586FD76C06E"
"origine\sd\sorgenti\bm-sd\CANALI\DEMO.PAS","3036","0725FACC8D269F7D1E76C1B269BB0F807F9EAAD18B88056BDC027FAD4D0CE369"
"origine\sd\sorgenti\bm-sd\CANALI\DEMOCRT.PAS","1439","19FB66822FEFBDE1531CDB45FBF48047D5320BA1C82A3386C326DEB8CFA85A1C"
"origine\sd\sorgenti\bm-sd\CANALI\dimens.pas","33751","70B8488E1E45907300FD28BE61D1458EF5AFCC23476B66DE1C8E76C414AFDA26"
"origine\sd\sorgenti\bm-sd\CANALI\DIRECT.DOC","15","15686449014D1180132F043432D8ABA77CF682AE6F89D399E2207014CA99D5B7"
"origine\sd\sorgenti\bm-sd\CANALI\disegno.3dM","1344","D8B9F39AA5E620BE33247E68CA156D13BE189FBDFF27FC64332DDF839CC2391A"
"origine\sd\sorgenti\bm-sd\CANALI\disegno.3dT","876","424CC0FE44986C8E4FD9C53C32B85E6C73207553A1605EFD2369FB8AA20578AD"
"origine\sd\sorgenti\bm-sd\CANALI\disegnocanali.dsc","1080","063C5548A2C921F6CEA0209329D0DA67790175857CFE71B6F33D4FE15E2F3E71"
"origine\sd\sorgenti\bm-sd\CANALI\disperrori.pas","849","F754C2A437BCCF86A19F0793CE53B0140863254E484465EF27BEC22E72FB13FA"
"origine\sd\sorgenti\bm-sd\CANALI\DOS.pas","227","913E9061CE5315FD095C8CFD9CC5294D3960047E82B19F138385E34ED3EC0B53"
"origine\sd\sorgenti\bm-sd\CANALI\DRIVE1.INT","18","E9522997AED01DA19C47E8A0C178656FB76905C056DE9DC6F751E9873B5A1B33"
"origine\sd\sorgenti\bm-sd\CANALI\DRIVER.PAS","292","FD97D66E1FE5FCA489231D5912DEB9A6DB25F7CF6FFE7FE262C87E75371CD314"
"origine\sd\sorgenti\bm-sd\CANALI\DUCT3D.PAS","9317","7A4D52AC1E93717887740EE0435F867BB933FFC58FF1D118187C3B56035B8602"
"origine\sd\sorgenti\bm-sd\CANALI\DUCT-IT.RES","202180","769DF344BDC789194CEE6CB54D130C21078A388B72873F26602191B5C0BFE91D"
"origine\sd\sorgenti\bm-sd\CANALI\DUCT-IT.RIF","79","68AF19CFD8BCB57E39A413C77054D18342E65EF0470B0C8485EB35F654766B3B"
"origine\sd\sorgenti\bm-sd\CANALI\dummyfunction.pas","2495","4E8296B59D2436FF4A1B61A3C6E37374CD68EA06742E7195B2CC7230F3257163"
"origine\sd\sorgenti\bm-sd\CANALI\ENTER.PAS","782","361E8910C425B84E4A4CE7CF9F0175E0BAB67AE3AEE9AD78736A53ABCEA63641"
"origine\sd\sorgenti\bm-sd\CANALI\ENTER.TPW","1216","B55F1F63EE58567FB5CB9293E829AA95B67C48B341635FD98DEFD6EED42648FD"
"origine\sd\sorgenti\bm-sd\CANALI\ESEC1.PAS","10928","2DA27342A24528720373AE3F79852116759A6F3078DFDB422001F5EFE09F4FCB"
"origine\sd\sorgenti\bm-sd\CANALI\ESECSTAM.PAS","10937","F0D6CD72B876916AD416E70A4B5920A7EA0A0563208BD73AA64F86E7ACD09376"
"origine\sd\sorgenti\bm-sd\CANALI\ESISTE.PAS","2702","9D7AE8DF5860F4AF34074BC34B29AD57231D76589B1F81DBB6F6BE9C48BCBB97"
"origine\sd\sorgenti\bm-sd\CANALI\formpezzi.ddp","51","8B69BBBD2D66C190368104AE96EFCE2329D3543372DBD7B89EC393068519526C"
"origine\sd\sorgenti\bm-sd\CANALI\formpezzi.dfm","7416","7084FD9882691B86879EC4D717CD5518D664232881BEB508A2BBF1FE3751C07F"
"origine\sd\sorgenti\bm-sd\CANALI\formpezzi.pas","5063","9FC595832918FBC1C6DE2A59073265EF25F3546825DA4D8EF967855743A37B29"
"origine\sd\sorgenti\bm-sd\CANALI\FUNZARC.PAS","2234","8C0E0888A46ADD248F092BA1B5F9E28681D44194870EC08386C0297EEFB39540"
"origine\sd\sorgenti\bm-sd\CANALI\FUNZBASE.PAS","843","7239AF1D300F3AD2C73029C5D75BA0420B6A837D16EB2C4A16B8A2F7746F1869"
"origine\sd\sorgenti\bm-sd\CANALI\funzdim.pas","15508","2BC629EE99CCBFBEE4F1B9635157FE353E5EC40ED1C8557103D0A47437EA10C0"
"origine\sd\sorgenti\bm-sd\CANALI\FUNZIONI.PAS","15206","3DDC4628624D5EC82C88AB562E45FEDB31023A21C8F4B533F5BB56C03E43D7D8"
"origine\sd\sorgenti\bm-sd\CANALI\FUNZOVER.PAS","2432","CE10A7B7642E66B3C038C61289EBC4ED30CEF6BC89AB87AD41B13DAB2F11C102"
"origine\sd\sorgenti\bm-sd\CANALI\GDUCTED.RES","202174","3CD8F8BD8A15F30F885DC78C91F6DCE3EA4B2D15B3347E3CEAD25764629E1F1D"
"origine\sd\sorgenti\bm-sd\CANALI\GDUCTENG.RES","203641","F38CED06BD8C8042FFCEDE006824375B45B931E96B8415D0E5C01B780081D970"
"origine\sd\sorgenti\bm-sd\CANALI\GDUCTESP.RES","203749","68F9163AFDADA2E4444B47ED727D618BAD874F085897BD46CA2E16827F2FA8C5"
"origine\sd\sorgenti\bm-sd\CANALI\GDUCTFR.RES","215565","0A0085AD691F6808F53F8DA25F182D185802D1785EE4E91331D144E7E26B22A9"
"origine\sd\sorgenti\bm-sd\CANALI\GENERA.PAS","511","A2D158D60D1EC5CDC12A0686905FA9CCB1C95085684B4D7149BCAB1D2D320888"
"origine\sd\sorgenti\bm-sd\CANALI\GENKEY.PAS","11270","10BEAF6723ED296F2ED329A424B152A175A90B7256A52C92F7144388B7CD4AFE"
"origine\sd\sorgenti\bm-sd\CANALI\GENPROC.PAS","3801","C0B825EC9662410A0B4888C0E28500508D92CE4B49F52AEA2957D1BF88004B9C"
"origine\sd\sorgenti\bm-sd\CANALI\Genproccan.pas","12241","8DDE522494F9876867F6422859970AE04B6DB2F040FD3499268BF74535DD7C65"
"origine\sd\sorgenti\bm-sd\CANALI\GESTDUCT.PAS","7086","6017395EEABA3FAB8352EC1BD9AC1A04339D8E475D052725B75BB8321C051B73"
"origine\sd\sorgenti\bm-sd\CANALI\GESTDUCT.RIF","79","FA836C5164C297E038C6B77036E0CD3BB318CAE9C77605C14279A24779A2F1F7"
"origine\sd\sorgenti\bm-sd\CANALI\GETS.PAS","970","9475E32C555F03AC17D41026BAD10890A2581ADFA33A3003F6A95A60A3A6D48A"
"origine\sd\sorgenti\bm-sd\CANALI\GLOBFUNZ.PAS","19664","97EC1AF599D30C290BD82290041B9A4A9E07BF364F476E7A734A3B7850493EDE"
"origine\sd\sorgenti\bm-sd\CANALI\GLOBFUNZcan.pas","12128","B3D35A287D5F6819DB9B2391EBD40CD5107ACE425364346A84BFA4C30829635E"
"origine\sd\sorgenti\bm-sd\CANALI\GRAFCOST.PAS","1157","35438B398C6D815AF68B25B526320B61EEF05C71AD8669B71F79077C3EC2DB87"
"origine\sd\sorgenti\bm-sd\CANALI\GRMOUSE.PAS","12705","198935A185196DE9BD845C26D94B0478B363BAACEC4969EA8538012729B6BB43"
"origine\sd\sorgenti\bm-sd\CANALI\GRUTI.RIF","79","E9E61875986FF30928263EFE757CD3140E5C24D2C0A22D3B9F46643684877885"
"origine\sd\sorgenti\bm-sd\CANALI\ID.PAS","54","1CA199C53071EB2D3C4AFE7F59AB8CA9915F7E1D517E294842150BFC5ED3C89A"
"origine\sd\sorgenti\bm-sd\CANALI\IFD.PAS","231","9DD3E66E09B5D1E4E229057C03934A28D756E833F1E01B176CDC8DA5A11D5A5D"
"origine\sd\sorgenti\bm-sd\CANALI\IncludiTabelle.pas","2320","781B02C7E1BE9AB9794F23834F20654788B325E2B066A50B3F6A8331B99E9CF7"
"origine\sd\sorgenti\bm-sd\CANALI\INCMENU.PAS","9110","215B7E5D175573EE7B61A514C454F0F2D11CDAFBC2C474DE4A1CC3C6F8A5DC57"
"origine\sd\sorgenti\bm-sd\CANALI\init_cca.pas","3338","4020AC64C2FCE483ADB12DA1626232833A1B482CE486F01791C28519080785A7"
"origine\sd\sorgenti\bm-sd\CANALI\INIT_CCA.RIF","79","645E4035C85432C9DC4D23B9C580B6801305B9F75828AAFF612402037EB296FE"
"origine\sd\sorgenti\bm-sd\CANALI\INPGRAF\ALL_DIR.PAS","45","F3D6D7B18B63878309C0C5D87F4A9196D9AFA9267F361B69C7F076AA81F89A7D"
"origine\sd\sorgenti\bm-sd\CANALI\INPGRAF\ANGOLI.PAS","10766","E603206FADBA243EE600237CDCC6740CC633537D0234EA76AACCE42A6D0CD800"
"origine\sd\sorgenti\bm-sd\CANALI\INPGRAF\ARC.PAS","1461","DC46F3C00F98A1E9A5E8247D02723D1F347FB38F5FFE706E6282527F69D1C141"
"origine\sd\sorgenti\bm-sd\CANALI\INPGRAF\ARKPZZ.DPR","205","B2FD29BB1D1DDF20058EB640893B018D174FA5D1E3F1175DE9465F2B7634A3C5"
"origine\sd\sorgenti\bm-sd\CANALI\INPGRAF\ARKPZZ.DSK","2688","BB1CBEBFAC53B8FB13E9F23F6A1528C878889F9190006C450B4FBC6CF79E7D16"
"origine\sd\sorgenti\bm-sd\CANALI\INPGRAF\ARKPZZ.OPT","279","A904C3A88C1214E187CB59E0EDD5300D9595CE63EA98C3EE707637DC6F0066CF"
"origine\sd\sorgenti\bm-sd\CANALI\INPGRAF\ARKPZZ.RES","794","C95874FC0A30C31BD03C1CFA8855CA5DDF145504E7263E16DF2E32DDCC166AE4"
"origine\sd\sorgenti\bm-sd\CANALI\INPGRAF\BLOCCO.PAS","2991","C139A1FF9E7F421E3585AA1F897D189442444E5D60195BBDD1D9E1779CF197C3"
"origine\sd\sorgenti\bm-sd\CANALI\INPGRAF\BPC.CFG","550","96278BFCBF31C561E3602E24CDAF9428F720032597C86C7091A98062B406D720"
"origine\sd\sorgenti\bm-sd\CANALI\INPGRAF\C_WM.PAS","1314","3206B44739BF06B42565A89AEF6F87779F74E81439569E422487E970C4A0679B"
"origine\sd\sorgenti\bm-sd\CANALI\INPGRAF\CERCHIO.PAS","8801","A174EE5FEB045BFCA7639DB4246CBDC644DBFFC67B03221EA49106F615A88D07"
"origine\sd\sorgenti\bm-sd\CANALI\INPGRAF\CIPZOOM.PAS","3175","3606D456C98FB636E5EB9CCE3F45712AA693E11B20F344E615E8D5B4D2384785"
"origine\sd\sorgenti\bm-sd\CANALI\INPGRAF\CONVCAN.PAS","52","466EBDA9FBC1F9057F17FCC4E88B7239244545EFD2F9DECC0C668B239285A766"
"origine\sd\sorgenti\bm-sd\CANALI\INPGRAF\CONVCAN1.PAS","54","D30F2F98CC9DEEDA328F61776DF664F6A10BF0ECFD8D7CE54EE30C29E27E09F5"
"origine\sd\sorgenti\bm-sd\CANALI\INPGRAF\CONVESA.PAS","534","E01565014FE7DD35DF3325997F35F2202BFB838F319ABA2AB77528586A403A06"
"origine\sd\sorgenti\bm-sd\CANALI\INPGRAF\CONVINDE.PAS","182","34DC56F6E40F80CF20DC94FD26D77DD292B781CBBEFEFBB625AE774F60E29D17"
"origine\sd\sorgenti\bm-sd\CANALI\INPGRAF\CRDUMMY.PAS","1313","EE64AFF9E57DC9ECB7FC4D77B162F57A11403A8CD682EBB36DA357AC28613D95"
"origine\sd\sorgenti\bm-sd\CANALI\INPGRAF\D_DIMENS.PAS","57","5B11B1AF52169D26F1949D14D5CD96273D4AD58463E10874AA2F99ED8CC54E87"
"origine\sd\sorgenti\bm-sd\CANALI\INPGRAF\DAVGLOB.PAS","38562","8DDEB103FD1FB6BD1695D20DD68965C57E8CEA57349B2DF7C522B7963B8619BE"
"origine\sd\sorgenti\bm-sd\CANALI\INPGRAF\DAVINPUT.PAS","24419","1A99504835D488649CDD8FFB6665E2A0A0721BF7B7742DC87F701FA6E8829D9E"
"origine\sd\sorgenti\bm-sd\CANALI\INPGRAF\DAVRIDIS.PAS","17060","46AC236B2DCB1FDEC5741DD217B01FB79586126AEE77511858DAEF48013C7832"
"origine\sd\sorgenti\bm-sd\CANALI\INPGRAF\DEBUG.PAS","5171","01CEEEF60DB5F6B342622E5DE2DFD6D2AEE98DC9FAE4A5A722B720BCCD61C8CC"
"origine\sd\sorgenti\bm-sd\CANALI\INPGRAF\DEBUG.TXT","0","E3B0C44298FC1C149AFBF4C8996FB92427AE41E4649B934CA495991B7852B855"
"origine\sd\sorgenti\bm-sd\CANALI\INPGRAF\DEFINIZCAN.PAS","11906","EA282746AD0E622C5298528DB79483F525BC6BA137D4AB77EF366E8184D94065"
"origine\sd\sorgenti\bm-sd\CANALI\INPGRAF\DEMOCRT.PAS","1571","9CA7FA3CD22981E9526D0579D3307C497467EEFB98F794D60F76D9E75B8F6868"
"origine\sd\sorgenti\bm-sd\CANALI\INPGRAF\DFM\INGLESE\FINE.SCE","4","A2C8FE30C8CA9A7E7B9BD31BA8AFC3FE09B73B86A19570257FF993A46D24CAC0"
"origine\sd\sorgenti\bm-sd\CANALI\INPGRAF\DFM\INGLESE\MAINEDIT.DFM","1880","6CD342EC29F397E6A4A3CA1B81C4E6C7020832CD82A3AA5160B9763044C13D70"
"origine\sd\sorgenti\bm-sd\CANALI\INPGRAF\DFM\INGLESE\MAINEDIT.PAS","2408","49083041AF408CFA14538852CEDB33660E3D1719268671514C51F7D2516A42E8"
"origine\sd\sorgenti\bm-sd\CANALI\INPGRAF\DFM\INGLESE\MAINEDIT.TXC","3067","2335A3668CD5C4179F2C64E8B45C165AB224F08CDD61B08DA26CF69F834F2CC8"
"origine\sd\sorgenti\bm-sd\CANALI\INPGRAF\DFM\INGLESE\MAINEDIT.TXT","3067","2335A3668CD5C4179F2C64E8B45C165AB224F08CDD61B08DA26CF69F834F2CC8"
"origine\sd\sorgenti\bm-sd\CANALI\INPGRAF\DFM\SPAGNA\FINE.SCE","4","A2C8FE30C8CA9A7E7B9BD31BA8AFC3FE09B73B86A19570257FF993A46D24CAC0"
"origine\sd\sorgenti\bm-sd\CANALI\INPGRAF\DFM\SPAGNA\MAINEDIT.DFM","1880","6CD342EC29F397E6A4A3CA1B81C4E6C7020832CD82A3AA5160B9763044C13D70"
"origine\sd\sorgenti\bm-sd\CANALI\INPGRAF\DFM\SPAGNA\MAINEDIT.TXC","3067","2335A3668CD5C4179F2C64E8B45C165AB224F08CDD61B08DA26CF69F834F2CC8"
"origine\sd\sorgenti\bm-sd\CANALI\INPGRAF\DFM\SPAGNA\MAINEDIT.TXT","3067","2335A3668CD5C4179F2C64E8B45C165AB224F08CDD61B08DA26CF69F834F2CC8"
"origine\sd\sorgenti\bm-sd\CANALI\INPGRAF\DIMDLT.PAS","6403","0FE3CFD17DA58C76E549207EAA6005CE7327266D330F617B4FA5A4C0F81CDA2F"
"origine\sd\sorgenti\bm-sd\CANALI\INPGRAF\DIMENS.PAS","30709","3924F09BD1A7AA0BB64D90C4A7D0243FC57A9BA7E9897334C0D9255C91172FBD"
"origine\sd\sorgenti\bm-sd\CANALI\INPGRAF\DIMENS.RIF","95","045FF86DA9221857D425742ACCA690862303B49B93E700CC74130E52E4DBF5E2"
"origine\sd\sorgenti\bm-sd\CANALI\INPGRAF\DIMPLT.PAS","16670","CD2166233ABD43E58491F4A26518A2D57729491082654BAFBB9D43352EB65113"
"origine\sd\sorgenti\bm-sd\CANALI\INPGRAF\DIRECT.DOC","23","1666BCC2BACA2555F343B2918C26995420528B5821DEE767CE3D9A90EE5D0403"
"origine\sd\sorgenti\bm-sd\CANALI\INPGRAF\DIS_ROS.PAS","864","1EE0519579FA18FE22EAD0CE4D8D6BA1E373B09D8F195396476DBA4D57EFDC10"
"origine\sd\sorgenti\bm-sd\CANALI\INPGRAF\DISCAN.PAS","1","58F7B0780592032E4D8602A3E8690FB2C701B2E1DD546E703445AABD6469734D"
"origine\sd\sorgenti\bm-sd\CANALI\INPGRAF\DISDIM.PAS","9113","155ECAD8387632A4BD425E4C23E9ADBB778457A58410F34C69F49BC7EC417C14"
"origine\sd\sorgenti\bm-sd\CANALI\INPGRAF\DISDIM.RIF","95","70953D2D6161D945C57250CE059CAF342463173C0C5CF7AFFD0667832687A9CE"
"origine\sd\sorgenti\bm-sd\CANALI\INPGRAF\DISEG.PAS","17618","1D801CA2BE01DD5BDFB6EA4075FEC9CDF542B52A2C02371AC163F19F1C5D1114"
"origine\sd\sorgenti\bm-sd\CANALI\INPGRAF\DISEG.RIF","95","922F8156D4C32569C0EE2793784B728F40202D0A34A11DCC2CD258F26AA1AE66"
"origine\sd\sorgenti\bm-sd\CANALI\INPGRAF\DRIVE1.INT","12","4FAAE1D9E0CA8E7F0E23D5AA4F1A4A2F0A6A56E1B0C7D0C581331A3144EADC09"
"origine\sd\sorgenti\bm-sd\CANALI\INPGRAF\DRIVER.PAS","292","FD97D66E1FE5FCA489231D5912DEB9A6DB25F7CF6FFE7FE262C87E75371CD314"
"origine\sd\sorgenti\bm-sd\CANALI\INPGRAF\DXFOUTU.PAS","13854","A817C40D8A6A34FBB631B88A3C54452D3B505F64381C32F97880EF186CA59D4F"
"origine\sd\sorgenti\bm-sd\CANALI\INPGRAF\DXFOUTU.RIF","95","B325D700A8D9C848052852FAFB4BA7904496AF0746C0E155643315DF60EB0CC1"
"origine\sd\sorgenti\bm-sd\CANALI\INPGRAF\EDIT.PAS","4531","16160ACC1FB97EA665CA73F1CC2F0CBE29FE77BEC18860F2E4F3EB0C8B86A4D4"
"origine\sd\sorgenti\bm-sd\CANALI\INPGRAF\EDITPZZ.DPR","181","13161109AB7BA20167F95E92EE5B14F30520A9035EC21EA14CCBDC80C15817B3"
"origine\sd\sorgenti\bm-sd\CANALI\INPGRAF\EDITPZZ.DSK","5246","FD613947F6DD6C902FB3E48269BB85BC7575978C36F324D06D597AC8944DA961"
"origine\sd\sorgenti\bm-sd\CANALI\INPGRAF\EDITPZZ.OPT","331","894811E2D0A0FFD99A9D957C9A14616EB93466A0207D64323E93A96522C30555"
"origine\sd\sorgenti\bm-sd\CANALI\INPGRAF\EDITPZZ.RES","794","33B960DEDF7D12258FC7635836A71D0E02B3BF9C46EECDF967ACE85C5ACFD066"
"origine\sd\sorgenti\bm-sd\CANALI\INPGRAF\EDITQUO.PAS","18231","76C69C4E9452202C7315C6131DBBFF1BCA4A83CBECF12B15B534962A34BA658A"
"origine\sd\sorgenti\bm-sd\CANALI\INPGRAF\ENTER.PAS","782","361E8910C425B84E4A4CE7CF9F0175E0BAB67AE3AEE9AD78736A53ABCEA63641"
"origine\sd\sorgenti\bm-sd\CANALI\INPGRAF\ERROR_G.PAS","3527","B8D91B912B09B4B69A2A9C0CD2E182A9D40DEB4988DA8225CA87724E64A0743F"
"origine\sd\sorgenti\bm-sd\CANALI\INPGRAF\ESISTE.PAS","2698","17A36E8773A1D3F9CDBE729E3A3A0C8D0D012BE7B5CCB31C9A65D4EA16A68D3A"
"origine\sd\sorgenti\bm-sd\CANALI\INPGRAF\FUNZBASE.PAS","896","1837E87F75530FE2656C8B0D9AC572881468CE0CEBE50301F7AAA25BC60B0CB1"
"origine\sd\sorgenti\bm-sd\CANALI\INPGRAF\FUNZBASE.RIF","95","591CD18959586A5BC491140AFE3A081353541A70D00F5D160C5EF57EA0F4E74D"
"origine\sd\sorgenti\bm-sd\CANALI\INPGRAF\FUNZDIM.PAS","15165","51426B08DDA71ECBE03026F5850CFE3DA0705A2B8C2324488C449B4FD6BD2698"
"origine\sd\sorgenti\bm-sd\CANALI\INPGRAF\FUNZDIM.RIF","95","7D120E29F7977E61569EF08149D256DF0130502414546D1B8AA572DBFC75FD5C"
"origine\sd\sorgenti\bm-sd\CANALI\INPGRAF\FUNZOVER.PAS","2598","20A91CCEE3B4A253718B66901776C273E7F6A3D3F1B0FA5B98A71404CAAE07C9"
"origine\sd\sorgenti\bm-sd\CANALI\INPGRAF\GENKEY.PAS","11270","10BEAF6723ED296F2ED329A424B152A175A90B7256A52C92F7144388B7CD4AFE"
"origine\sd\sorgenti\bm-sd\CANALI\INPGRAF\GENPROC.PAS","24148","FA20D333A05406EAE1014FD9CA340FD7592121923D41B6972A1EAC5E1B4AC5E9"
"origine\sd\sorgenti\bm-sd\CANALI\INPGRAF\GLOBFUNZ.PAS","12527","B55ACBB5B6ADAC16195A15B09A8EA4A8D30644F141DA1444259293645A69FFD8"
"origine\sd\sorgenti\bm-sd\CANALI\INPGRAF\GLOBFUNZ.RIF","95","9E2D2E5CD801E2847E155A0519C4F01739F021234295E81B86169D16D4558709"
"origine\sd\sorgenti\bm-sd\CANALI\INPGRAF\GRAFCOST.ENG","1156","640A41317C8F14B3C04664BC78463EFEBE11C3652FC551EE9AA8464F60B3691C"
"origine\sd\sorgenti\bm-sd\CANALI\INPGRAF\GRAFCOST.ESP","1156","F35344A337FD6F4E5F3D416C52C59FDBCE2D324AD6B85EC649F62FF7E735228C"
"origine\sd\sorgenti\bm-sd\CANALI\INPGRAF\GRAFCOST.FRA","1156","A1056E5408D66953D6C55AF61C2DBE950F4C00E9677A9C5939F5B820B8CBD93C"
"origine\sd\sorgenti\bm-sd\CANALI\INPGRAF\GRAFCOST.ITA","1157","35438B398C6D815AF68B25B526320B61EEF05C71AD8669B71F79077C3EC2DB87"
"origine\sd\sorgenti\bm-sd\CANALI\INPGRAF\GRAFER.PAS","3312","57C29A35FF5240C996680D36FE64CF5F59AD269F4430BAC9706AD545A6A2AEC9"
"origine\sd\sorgenti\bm-sd\CANALI\INPGRAF\GRMOUSE.PAS","12705","2B43B06B3CF8A5330CDA1340AB1A98726D63AEDDC969EF8E2B809EB10554AC97"
"origine\sd\sorgenti\bm-sd\CANALI\INPGRAF\IMPTERM.PAS","9250","5A16634F23C55CF31C66772C52075D9A1BEEAF6E43133E69A72698333F47F25C"
"origine\sd\sorgenti\bm-sd\CANALI\INPGRAF\INCMENU.PAS","9182","685D615390E2D8143AEFE99FF49ED4D85820A77D24D5C7EE2B3B5AE3C385137C"
"origine\sd\sorgenti\bm-sd\CANALI\INPGRAF\INCMOUSE.PAS","11151","E90B8F396DD1C3A58308156EA3FEC088024A3241A89AC11046BCF5FE5BCB1434"
"origine\sd\sorgenti\bm-sd\CANALI\INPGRAF\INIT.PAS","4227","2F330097E6F109D7FDD9F8791AE6149EBDB85B662BCFC94ACAC87B98EA471F74"
"origine\sd\sorgenti\bm-sd\CANALI\INPGRAF\INIT.RIF","95","5EABF7332C91FEF392BE2F098B9344D76BC22741A16DBFB055CA9A6985DAB5BD"
"origine\sd\sorgenti\bm-sd\CANALI\INPGRAF\INIT_CAR.PAS","5836","AE981E7EDB6B5E0999F9BAB856E60A50842947AA602CC4203BEF3C322E9198C0"
"origine\sd\sorgenti\bm-sd\CANALI\INPGRAF\INIT_CCA.PAS","1311","F597764E05964602E350C225C406B575638FEFCE38AB90F09351864270657F0B"
"origine\sd\sorgenti\bm-sd\CANALI\INPGRAF\INIT_CCA.RIF","95","8161FC23523C957600082D8B76EFCBA5DCC79DFA451C8DF289ECF43CC93CF6E6"
"origine\sd\sorgenti\bm-sd\CANALI\INPGRAF\INIT_DUC.PAS","5836","AE981E7EDB6B5E0999F9BAB856E60A50842947AA602CC4203BEF3C322E9198C0"
"origine\sd\sorgenti\bm-sd\CANALI\INPGRAF\INPUTC.PAS","22467","D453E62B84789632285C5D482C1C372E07690AB6A6A94784BAE1404FD90494AA"
"origine\sd\sorgenti\bm-sd\CANALI\INPGRAF\INPUTC.RIF","95","602B105A2A1B07A3B02F3D5AAA5B22E0C069C02FAA9DCB2AF4BB558C87D3ABC5"
"origine\sd\sorgenti\bm-sd\CANALI\INPGRAF\INPUTCAN.PAS","115","6E2D3CB03508002A673062B75F6743B168D60C95262C332796A7C84A5FD1E75F"
"origine\sd\sorgenti\bm-sd\CANALI\INPGRAF\INSER.PAS","10861","7ADC72D7BB1E320C51202A895272089BDB1BCB141813C82F613427D9A87F46E0"
"origine\sd\sorgenti\bm-sd\CANALI\INPGRAF\INSTALLA.PAS","10406","C7B73D64AC7B9C7E63D08D20CD86C7E7FF055143CE6D2C35D8CD9F75CC1E3C37"
"origine\sd\sorgenti\bm-sd\CANALI\INPGRAF\INTCR.PAS","5207","89552D8BFD72BFE173F89F8B5B58B16B253201910D3C3984037F1FF0F8CA677F"
"origine\sd\sorgenti\bm-sd\CANALI\INPGRAF\INTERESS.PAS","790","2193E2650C0CB0318D561DDE169D8DDC2C27F58915B67CFE682C114696C09625"
"origine\sd\sorgenti\bm-sd\CANALI\INPGRAF\INTERF3D.DSK","1027","FF6094E48E533F3DE0E907D0F85BFCF86646787DD8D23E06831BD7CE768072F9"
"origine\sd\sorgenti\bm-sd\CANALI\INPGRAF\INTERF3D.PAS","16359","20DAE52A968055207C3362A07279A018ED053C7579E1963E2496F5F3F08BD999"
"origine\sd\sorgenti\bm-sd\CANALI\INPGRAF\INTERS1.PAS","2877","9A0EC2997631510C0A28644F05063409B05B2D43D49D3263841E1626260DA856"
"origine\sd\sorgenti\bm-sd\CANALI\INPGRAF\IOGRAF.PAS","1693","2DC9A2B7E59EB22C4221E9C8397A13755295BC9535A825929529862A7A47E3CD"
"origine\sd\sorgenti\bm-sd\CANALI\INPGRAF\LEGGIP.PAS","694","7E92F42E5C92842A3A9A14E7D9DF31F1426620DA99D28A71F2AA5512A75471DA"
"origine\sd\sorgenti\bm-sd\CANALI\INPGRAF\LINGUA.PAS","18","4CD845CBF1F90C87C8EA789ED705F8CACC3F0B3384EB7F1D26795AF27A00B0EB"
"origine\sd\sorgenti\bm-sd\CANALI\INPGRAF\LOAD_D.PAS","9403","2596E17422962AA2D2CBF9998C7C2DE4F603BF370A579BC674D2A458E72CF4B0"
"origine\sd\sorgenti\bm-sd\CANALI\INPGRAF\LOAD_D.RIF","45","714BB5E0DD3CE283FC1CDED60F3F16DBC5414832388FB2A7398B602F38353B28"
"origine\sd\sorgenti\bm-sd\CANALI\INPGRAF\LOAD_D.VEC","9021","A4F80AD56DA2882E4766F24D0638B7318153B88A08728184D648C4DFF6CC1987"
"origine\sd\sorgenti\bm-sd\CANALI\INPGRAF\LOAD_P.PAS","24479","37DBFBED8F7EE80D6A4C20F9FB31D356381EFA21AB23F5AB22BF843296952C00"
"origine\sd\sorgenti\bm-sd\CANALI\INPGRAF\LOAD_P.RIF","45","339D4721AD00391FC6F1FD25246EA272DA204CFB906D537BF9C99F16D28AC5C0"
"origine\sd\sorgenti\bm-sd\CANALI\INPGRAF\LOAD_P.VEC","23268","B5E0BE629C2737165562DBA1CE77CE634CD3E866DFAA26BA71585A08DD9C8324"
"origine\sd\sorgenti\bm-sd\CANALI\INPGRAF\LOADDIS.PAS","2780","D5618E9555B888D34474E85C93C43C0AA415B03AE1B34F7AEDD155F9C59E29AD"
"origine\sd\sorgenti\bm-sd\CANALI\INPGRAF\MAIN_DOS.PAS","399","01E6E685C74A4CB1A44DE192C56D04AC335998A4382A190C3D22D9B1C86195B2"
"origine\sd\sorgenti\bm-sd\CANALI\INPGRAF\MAINEDIT.DFM","1925","DB5F4CFC5D63DEAC37CF10953723BCCE3FF3890BB68FD90CC47CDCA8C1D36A5C"
"origine\sd\sorgenti\bm-sd\CANALI\INPGRAF\MAINEDIT.PAS","2595","1138997C52E25CF06E327A836A2947AB59140F48E7EC93F8E2839B08C519E9A6"
"origine\sd\sorgenti\bm-sd\CANALI\INPGRAF\MENU.PAS","10024","F12172B7ABDCB02424167CE7ADE8EAB555834C34A9FD398D8EC9E8CD976156AF"
"origine\sd\sorgenti\bm-sd\CANALI\INPGRAF\MINICALC.PAS","41882","7BBB3BB0AE823C6DB11C2D1A02A0701277C99B65AE32FF98D33FE20B10BDB923"
"origine\sd\sorgenti\bm-sd\CANALI\INPGRAF\MUOVI_CU.PAS","7580","9CEBE5092238C274CB548B6A118C8D011C5F76849781240483E00DEA55660930"
"origine\sd\sorgenti\bm-sd\CANALI\INPGRAF\N_DISDIM.PAS","59505","72F5FF323FC4A2D28D82BF771351CCD7BB66F59FFCF2B1D8DC0A7EC196076175"
"origine\sd\sorgenti\bm-sd\CANALI\INPGRAF\NOVITDIM.PAS","17007","6C06421BE272CB312C4B8907E205976F8BF22F996D9E6FA62573E46008E9B734"
"origine\sd\sorgenti\bm-sd\CANALI\INPGRAF\NOVITDIM.RIF","95","70953D2D6161D945C57250CE059CAF342463173C0C5CF7AFFD0667832687A9CE"
"origine\sd\sorgenti\bm-sd\CANALI\INPGRAF\NOVITPLT.PAS","18856","A6D61F4E6A005285998BC3E3AB3D6A8E9DA26B2E7E61B6D77C646BBD7F7B7364"
"origine\sd\sorgenti\bm-sd\CANALI\INPGRAF\NOVITPLT.RIF","95","AC85BF312278FBF3488999714C17B0F755B8DF0CD339BEC0AE96E8F6AEBC0C96"
"origine\sd\sorgenti\bm-sd\CANALI\INPGRAF\NUOVE_F.PAS","342","D176ED7307F13081005CC10A55937D4861DBC82CF06B59924D4BACA509CFAC18"
"origine\sd\sorgenti\bm-sd\CANALI\INPGRAF\NUOVO.PAS","286","DE51148176137F448870B6D395C410C1F0D06AE14342984C3D1EBA886D333EFB"
"origine\sd\sorgenti\bm-sd\CANALI\INPGRAF\OLD_GRU.PAS","35154","DC00EDD8DA4D60A682716918963CB5BD4BE4BF31D255D64B98A677278DC310B4"
"origine\sd\sorgenti\bm-sd\CANALI\INPGRAF\OLDKEY.PAS","4684","CC8CFBD9F86436194E5769A3DB01C6D5070640999D25C936BA1C10D0A92B28BE"
"origine\sd\sorgenti\bm-sd\CANALI\INPGRAF\OS_GEN.PAS","8368","72CAB0CEC5C27D9F5368391CEFF214554C77D51C5286C55E50BBB6388E535B87"
"origine\sd\sorgenti\bm-sd\CANALI\INPGRAF\OSN_GEN.PAS","8511","F25F886CC6AFF0A5FD4CF7ECD3D86044624BF1D66ED58DD955C3ED92E8ED42F1"
"origine\sd\sorgenti\bm-sd\CANALI\INPGRAF\OSNAP.PAS","20545","688874E9D51273ECC7606C87AB507DF4CC91C4CA5EDA923646EE750F534359C3"
"origine\sd\sorgenti\bm-sd\CANALI\INPGRAF\OSNAPTRO.PAS","1746","74E8AFAE1CEEE384DDC9206150F1D4E82A611F3C52ED111E374D30D94542935A"
"origine\sd\sorgenti\bm-sd\CANALI\INPGRAF\OTA.PAS","193","328AFA73685D4C90EDAECA0E6EF4158D0ADE8ECB243837C3438BE52A341C2120"
"origine\sd\sorgenti\bm-sd\CANALI\INPGRAF\OUDXF.PAS","6317","5F6D82EA0FD8B656410B87CADC092FAD794EEB646817EBDF212D79861F5D12BF"
"origine\sd\sorgenti\bm-sd\CANALI\INPGRAF\OUTPLT.PAS","1129","9934213184E273475A72864F6FE8A4972DCF2852D2FE2DBFD227FE7910B654B4"
"origine\sd\sorgenti\bm-sd\CANALI\INPGRAF\P.P","1048","726B6C2AD4F61951AC8A17303046F96B20536CB4CB7A66990AD68809FBAE9E23"
"origine\sd\sorgenti\bm-sd\CANALI\INPGRAF\PERCENTO.PAS","3246","9329E6FED3EEDEF6F7B0F0C3629CFFA1A3C6FB848EAC501A58BA490CD3C09C5A"
"origine\sd\sorgenti\bm-sd\CANALI\INPGRAF\PEZZI.PAS","9929","16E8A025DD0146EFEB14909A82EF50E3771C73AD4771A1F9A1E438DE19B042B6"
"origine\sd\sorgenti\bm-sd\CANALI\INPGRAF\PEZZI.RIF","95","7D120E29F7977E61569EF08149D256DF0130502414546D1B8AA572DBFC75FD5C"
"origine\sd\sorgenti\bm-sd\CANALI\INPGRAF\PIANTE.PAS","3364","D7E193C8F92A655C93C26FC9B4D8220955A7014AA471D92FAE2156D4D5BED07B"
"origine\sd\sorgenti\bm-sd\CANALI\INPGRAF\PILOTAS.PAS","3549","3B9615B37144D1DCC4FB3304D76CF43B364B5593C90375A566573CD9EE63B9E6"
"origine\sd\sorgenti\bm-sd\CANALI\INPGRAF\PLOT.PAS","25914","9BACA8C70EA522B67AD00D96F8B3E1895954B29C2158E3D2DA179A55D6AA3F52"
"origine\sd\sorgenti\bm-sd\CANALI\INPGRAF\PLTPLT.PAS","3048","531F904F193DD4C9C7A3F9B9B25392C6B62020B5E7D070F5A4D1A57EB239C39C"
"origine\sd\sorgenti\bm-sd\CANALI\INPGRAF\PORTA.PAS","528","910A8F3EBAF232F28B99F395C9E5F71FB614D5D5D47041175AEABA18764D235C"
"origine\sd\sorgenti\bm-sd\CANALI\INPGRAF\PR.PAS","1954","EDCFF4AB1D05D74EB618508F645FF53E07D00E4F3C9F201536FB00D51F376032"
"origine\sd\sorgenti\bm-sd\CANALI\INPGRAF\PROV.PAS","2984","88A8155CD92370686EAD79748FCFD95CEAF264C02D97DF3F20CF7E0E85B7F52C"
"origine\sd\sorgenti\bm-sd\CANALI\INPGRAF\PROVA.AS1","299","BCE15AC443EC3931DDA0E97D0C17921EE5944FC8B6942E834757A1D3BD512361"
"origine\sd\sorgenti\bm-sd\CANALI\INPGRAF\PROVA.ASC","0","E3B0C44298FC1C149AFBF4C8996FB92427AE41E4649B934CA495991B7852B855"
"origine\sd\sorgenti\bm-sd\CANALI\INPGRAF\PROVA.DPR","162","FDA578662A35ACCAA222617C61D2F7E0F9A9D88DF695736C5AA526CDFB35E7AF"
"origine\sd\sorgenti\bm-sd\CANALI\INPGRAF\PROVA.DSK","5511","4F5FD52F3E53EE1153655975C08F123BECAB18E0F01607191F1C7FC5A35301A6"
"origine\sd\sorgenti\bm-sd\CANALI\INPGRAF\PROVA.OPT","306","E6B75B2FFBDA7F8B049BD34FE197132978E6FB0492F96A85401FC707F99E8F61"
"origine\sd\sorgenti\bm-sd\CANALI\INPGRAF\PROVA.PAS","990","DC91B7622D8F8498F56C812E1DC7877A42EA0C26101BB76511A022C7F639ED31"
"origine\sd\sorgenti\bm-sd\CANALI\INPGRAF\PROVA.RES","794","33B960DEDF7D12258FC7635836A71D0E02B3BF9C46EECDF967ACE85C5ACFD066"
"origine\sd\sorgenti\bm-sd\CANALI\INPGRAF\Provadim.cfg","378","EAFEF8BC1D06A82C2677A70BE7BAEA36077087D333B775B768A4415BA21EE3E8"
"origine\sd\sorgenti\bm-sd\CANALI\INPGRAF\Provadim.dof","2229","5E3DD6A8CC048EAE67CEEDBC0D3E513C2024F6789AC0EE563E240D2DF395E42F"
"origine\sd\sorgenti\bm-sd\CANALI\INPGRAF\Provadim.dpr","196","74F6FBE5204B0E96B706660C3E3C2C1B537FDC28B1C0A2D1BBCADC6F836415E7"
"origine\sd\sorgenti\bm-sd\CANALI\INPGRAF\Provadim.res","876","A5BEC89CE535FD6477ED8792969DB3E33FFF8B178139F664885C261CB764CE43"
"origine\sd\sorgenti\bm-sd\CANALI\INPGRAF\PROVAP.PAS","2068","8DCC220F26847393C3121F364726DE484A7B78A3BC935F3F72696AD03E89B16D"
"origine\sd\sorgenti\bm-sd\CANALI\INPGRAF\RADDRIZ.PAS","1036","497EC25DFBD42A678A3DD4254118C99E904268C79695AF6EA9D876674B941C29"
"origine\sd\sorgenti\bm-sd\CANALI\INPGRAF\READPLT.PAS","4278","E5DC9F83AA855B71FE64E353AC7BEED1F9FF0F7CB173FE4F728961E0E395F8B0"
"origine\sd\sorgenti\bm-sd\CANALI\INPGRAF\RIDI.PAS","16047","6E0BFA88F0D2FD810B74C88DEFFDF6F3BDA78DBF5E8DD1AF3AF891AE531108DA"
"origine\sd\sorgenti\bm-sd\CANALI\INPGRAF\RIDIS_U.PAS","19996","413DDA1D9D0D8C611DCDBC6039C01B80E43AF9FEFF0A5823F7D974DC8B8F53F6"
"origine\sd\sorgenti\bm-sd\CANALI\INPGRAF\RIDIS_U.RIF","95","C9D12A71CF6529679FF7C2705D4B291289514083AEE004C29B7EB8DFFEA2943F"
"origine\sd\sorgenti\bm-sd\CANALI\INPGRAF\RIDUZ.PAS","2708","4EC989B39C497D8BADA8244B267E65DD78C7922ADB3E8E9200FD1EAC25603C84"
"origine\sd\sorgenti\bm-sd\CANALI\INPGRAF\RTMRES.PAS","1333","EC27865A08652D4E42A1D9B94434A280CFAB9637164158C45ABBE2EFC417574C"
"origine\sd\sorgenti\bm-sd\CANALI\INPGRAF\RUOTASEZ.PAS","1209","3E2A0921B2631254CA973563978C0736F1C4021B449471FF60DC75166A3ABFAF"
"origine\sd\sorgenti\bm-sd\CANALI\INPGRAF\SALVAPI1.PAS","10913","0BB14F97C5DA5B0397024E8D3F0515B64867F0BD1A46B0B7772DC93FD6335ADF"
"origine\sd\sorgenti\bm-sd\CANALI\INPGRAF\SALVAPI2.PAS","4788","1B18D3CF2E50544A712AFEEBBCDE8F9C42F248C4681771A4A222EB11F0BB0D5F"
"origine\sd\sorgenti\bm-sd\CANALI\INPGRAF\SAVEDIS.PAS","532","92AAF3FEB3A8A0D2549805B773DB93984C77BDE5A8E53033E385F61B2FD246FE"
"origine\sd\sorgenti\bm-sd\CANALI\INPGRAF\SPAZIO.PAS","2396","4374617B185CE9FD6F18360CAB71BED35F49D6737FF189BEDCB17DBC35ED90B1"
"origine\sd\sorgenti\bm-sd\CANALI\INPGRAF\SPESLIN.DAT","1","4E07408562BEDB8B60CE05C1DECFE3AD16B72230967DE01F640B7E4729B49FCE"
"origine\sd\sorgenti\bm-sd\CANALI\INPGRAF\TDCONFIG.TDW","1332","B319996DAD08FBA6E463EDD8B1DA12A783899EAF6D675BE76EAB7651EA4A8523"
"origine\sd\sorgenti\bm-sd\CANALI\INPGRAF\TERESA.PAS","154","71F490E0DBBE3193641CC4CA9FD2D4BE22DE4C29FAA4C7E037D1BE507643988C"
"origine\sd\sorgenti\bm-sd\CANALI\INPGRAF\TEXTC.PAS","393","9E21F6A6202BCB2107033D51B7C830D12EDD89E9A79D2A73C8A9718127BF749C"
"origine\sd\sorgenti\bm-sd\CANALI\INPGRAF\TIPERID.PAS","738","662EEF7335A447F6BC7E4345DB8A982854C1A4EF7E0791F10934974E0F13F415"
"origine\sd\sorgenti\bm-sd\CANALI\INPGRAF\TIPERID.RIF","95","E0E6A39D876F8D4CB779FAAB90795D1065A8A353A9F31E5AB03D8CD0B94B234F"
"origine\sd\sorgenti\bm-sd\CANALI\INPGRAF\TIPOCOST.PAS","1531","3ACA7C4663D14F43351522C98B577278AA3620EDCC1313B0D9D10216F35AA61F"
"origine\sd\sorgenti\bm-sd\CANALI\INPGRAF\TIPOCOST.RIF","95","95A910E9A86F303248D014F65064C171CE3640D25D244DB3531DA28A0391A03C"
"origine\sd\sorgenti\bm-sd\CANALI\INPGRAF\TOOL.TXT","265","D78005BD5251A38A241110738CC2E9796BE1D986D6D5D7F20BC29ABDDCE9562A"
"origine\sd\sorgenti\bm-sd\CANALI\INPGRAF\TOOL1.TXT","153","76275B64B1417420A530DFA836FB25A76A4898B7E945401508C8E6C424E42704"
"origine\sd\sorgenti\bm-sd\CANALI\INPGRAF\TRONCO.PAS","12748","130DCA670D0BE5A736A571935D7E55DAB4030BCC7DB437E51B9D3C81C5429C80"
"origine\sd\sorgenti\bm-sd\CANALI\INPGRAF\TURBO.PCK","1201","6728C980E4412245C2F2657941406E1B031AE415B24C6D66BDAC4AF92D5F8F70"
"origine\sd\sorgenti\bm-sd\CANALI\INPGRAF\TURBO3.PAS","522","9D20F9E4264C06BAF9BEF76ED9E36A1604807C7E058BE283BE8F2D346B6C9AC8"
"origine\sd\sorgenti\bm-sd\CANALI\INPGRAF\U_05LR.PAS","29757","98C7009D6F8768CE02BC7E319B2E6C1CF95FC5CFD10FE1DEA516D0B4E3DC6C14"
"origine\sd\sorgenti\bm-sd\CANALI\INPGRAF\U_05LR.RIF","95","247B107D4447384592F93F7C92EC4B094BF2BA1A4A89967E508A71394D326308"
"origine\sd\sorgenti\bm-sd\CANALI\INPGRAF\U_079R.PAS","54041","228F0CA10A7AB820EF569531122C2FB4CC07F403E8B33B37C73D47365E7D06EC"
"origine\sd\sorgenti\bm-sd\CANALI\INPGRAF\U_079R.RIF","95","57127BDF2835AE33530B0EFCFC96DBF84E95A31F581D29F08AE3108C1EFE129F"
"origine\sd\sorgenti\bm-sd\CANALI\INPGRAF\U_10RA.PAS","44960","EE06C9DAA5FC0494D889BF7E9283CA69CD8D9F6B870456C3E5269DB417530C3A"
"origine\sd\sorgenti\bm-sd\CANALI\INPGRAF\U_10RA.RIF","95","C1C9A21223B0B10BD9864F9D4B21E1CD2721952335E82DA3F8B82BD30A6026F7"
"origine\sd\sorgenti\bm-sd\CANALI\INPGRAF\U_13CB.PAS","38206","3382C18747D1E7546BE094761E84E952A264957441EC66B7CE8B391A119E7943"
"origine\sd\sorgenti\bm-sd\CANALI\INPGRAF\U_13CB.RIF","95","247B107D4447384592F93F7C92EC4B094BF2BA1A4A89967E508A71394D326308"
"origine\sd\sorgenti\bm-sd\CANALI\INPGRAF\U_13RBT.PAS","12894","CF30852E291F9AAC9FB1ADE0AD9F9ACD9D07CC5267C4784A55EA9D7980D139AA"
"origine\sd\sorgenti\bm-sd\CANALI\INPGRAF\U_13RBT.RIF","95","8013E683B5B3E9E526DA491EBA2E4F5F30EE45C5A0AA26174B6898DC27BD6B9E"
"origine\sd\sorgenti\bm-sd\CANALI\INPGRAF\U_15RBT.PAS","12840","94C5CE90118AD8A8E2EFF57D4A2CB5CFDDC49C920FEAAD27F65D857D3984C1A0"
"origine\sd\sorgenti\bm-sd\CANALI\INPGRAF\U_15RBT.RIF","95","8013E683B5B3E9E526DA491EBA2E4F5F30EE45C5A0AA26174B6898DC27BD6B9E"
"origine\sd\sorgenti\bm-sd\CANALI\INPGRAF\U_180R.PAS","19157","9EB473680960CB1B65BD46B93DE880229AA8807AF186B0EC739859C952FFC532"
"origine\sd\sorgenti\bm-sd\CANALI\INPGRAF\U_180R.RIF","95","2E2890A68B495BE992B42D48BFB84273C386EA1E648C2483575678F6C4F31808"
"origine\sd\sorgenti\bm-sd\CANALI\INPGRAF\U_271R.PAS","51307","4E669D11496AE3F25949E6D35E1BF1D3451A40E8AB9A7C15DCA6BFA954CECE6D"
"origine\sd\sorgenti\bm-sd\CANALI\INPGRAF\U_271R.RIF","95","6C9B3943C0BB4D007BEB02B968C3172426B2410F93FE8347F23A497E852DEAAB"
"origine\sd\sorgenti\bm-sd\CANALI\INPGRAF\U_310F.PAS","3151","32BC6D58444AECEA6AF428F0A6D1AE3603CC78693953173CAA1451681068989F"
"origine\sd\sorgenti\bm-sd\CANALI\INPGRAF\U_31CC.PAS","14613","4F7059A597A7E9DCC3330804F4E9F61A337629EF1DA3EFCCCB22E7282247B52A"
"origine\sd\sorgenti\bm-sd\CANALI\INPGRAF\U_31CC.RIF","95","6C9B3943C0BB4D007BEB02B968C3172426B2410F93FE8347F23A497E852DEAAB"
"origine\sd\sorgenti\bm-sd\CANALI\INPGRAF\U_337R.PAS","44503","420538049DD4B4A75E90EAC90350EEABA3074F003F9230DA4000F4500538152E"
"origine\sd\sorgenti\bm-sd\CANALI\INPGRAF\U_358.PAS","7697","41CC5CAD513BD6F284FDE908056812EA53E548DC432427CFA8DD3BA8004ADCBD"
"origine\sd\sorgenti\bm-sd\CANALI\INPGRAF\U_362R.PAS","41002","141A9160E05A9E355A215FA72D8A33EF695FC812935A99856783B8D5557E24EB"
"origine\sd\sorgenti\bm-sd\CANALI\INPGRAF\U_362R.RIF","95","0D4C432B635353C44AFED46265C45CE626D97F2BC91C4BF16E18182E29AC3B63"
"origine\sd\sorgenti\bm-sd\CANALI\INPGRAF\U_3710.PAS","36488","CD92A85CE190E64596B6B60BEDC306B91F0FADD0E04C8C18CACD855044781B15"
"origine\sd\sorgenti\bm-sd\CANALI\INPGRAF\U_3710.RIF","95","91DE399838F288FFA437D6D7107018BAD308EC90BDECAA3E3725A5CC5D835A35"
"origine\sd\sorgenti\bm-sd\CANALI\INPGRAF\U_3722.PAS","40723","BF50AC559A44666AF7B9DA300F8AA8BB3DA6D780CB3F1DFFF63E4C7B486D0042"
"origine\sd\sorgenti\bm-sd\CANALI\INPGRAF\U_3722.RIF","95","A1AAAD24D26CA76DB6F34BEF005D911C195CCFBE3D9EFA039441DB793A4E7006"
"origine\sd\sorgenti\bm-sd\CANALI\INPGRAF\U_3733.PAS","47759","A72D26B5C0B540629232268381142C85ADF64D800961BBBAC0857CF0677DDA51"
"origine\sd\sorgenti\bm-sd\CANALI\INPGRAF\U_3733.RIF","95","D4713EBC555E72B214F1480CC9C23376A1442653717AA322C453F1436A66B89B"
"origine\sd\sorgenti\bm-sd\CANALI\INPGRAF\U_CVCAN.PAS","20180","E46E372A1E1624B8B8DF769A0C0B165BBBD6B6565668231607ADD0B5CD77FD13"
"origine\sd\sorgenti\bm-sd\CANALI\INPGRAF\U_CVCAN1.PAS","13677","37D9D324CAF2CCCD47FEAD37B0E879B0D4D3516C56787D8D4C085BA00C24D65E"
"origine\sd\sorgenti\bm-sd\CANALI\INPGRAF\U_INPUTC.PAS","24519","645979CED8BC7551B9BAB5E4CDA5EA234E57305E0902BEF35313438AD78E4E8B"
"origine\sd\sorgenti\bm-sd\CANALI\INPGRAF\U_VARPEZ.PAS","7339","248FD8D7E8134E7A9FB645A810EA55920F9910ADBF277A53CD06CBE97F9ABD0F"
"origine\sd\sorgenti\bm-sd\CANALI\INPGRAF\U_VARPEZ.RIF","95","6AAC59FA2026BAEFDC315B1E53C0EA9E973140CA7DE153F1A1E796FC4878360A"
"origine\sd\sorgenti\bm-sd\CANALI\INPGRAF\U_VARPEZZI.pas","7149","746440C86216F073658C6EE4493B3197941D5D796DF5871398844C5EC6CC0AE6"
"origine\sd\sorgenti\bm-sd\CANALI\INPGRAF\UPROVA.DFM","493","F9A3478EED9CBF4135716E13D0E61A9BA524BFECFACE6CDBF5C18E8CEAD6A5AD"
"origine\sd\sorgenti\bm-sd\CANALI\INPGRAF\UPROVA.PAS","1446","39E22668812EB594D9F566C5F5DB74BD85F9E967E8793AB62751CC81AD2D8A90"
"origine\sd\sorgenti\bm-sd\CANALI\INPGRAF\Uprovadim.dfm","328","4EB580672F07A450E98F3CBA62426662DA8705E7960A80BADE1B20EAAC97CF22"
"origine\sd\sorgenti\bm-sd\CANALI\INPGRAF\Uprovadim.pas","321","1D5E3FB01223F2447EBC4F1D4433BB4D016EA112723F2FCAEC8DBA1B7A952C63"
"origine\sd\sorgenti\bm-sd\CANALI\INPGRAF\UT_DEB.PAS","569","11523D9A44C625E63DE5EFE5AB5E8CB9E6E5081A23A63B2A13219CE2B29E4B65"
"origine\sd\sorgenti\bm-sd\CANALI\INPGRAF\UTIWINDL.PAS","1788","4CE5A248D4B4EC8FDD48D62E61F19990844DA7CB5F13A917D54B5049310EBB57"
"origine\sd\sorgenti\bm-sd\CANALI\INPGRAF\UVPEZZI.DFM","4279","2564C8B0BA2F8FB77490B726C590419D9413C2FAB24AFE6D87D311BC9A16DC73"
"origine\sd\sorgenti\bm-sd\CANALI\INPGRAF\UVPEZZI.PAS","5389","4427ECA65500DB1DE554D4D923081BEDC4278E02D6504697C79208726F0F2099"
"origine\sd\sorgenti\bm-sd\CANALI\INPGRAF\VARPLAY.PAS","406","57FB04690F934119B076FD8A1154B5AE4E6555522F1F2B6B2C082C21B2E88A78"
"origine\sd\sorgenti\bm-sd\CANALI\INPGRAF\VERIFICA.PAS","3081","6F5073F1DF94072142102978FEBEB69B1CB0598C4B069BA30289E598DFA66C8A"
"origine\sd\sorgenti\bm-sd\CANALI\INPGRAF\VPEZZI.DPR","216","478FA70610143B176743EEC64D1ED9A5E8474CA695DC72E225E6F87326E75146"
"origine\sd\sorgenti\bm-sd\CANALI\INPGRAF\VPEZZI.DSK","5456","741993C4514BDEE1B83BBC6B9E9570AAFF1A2B6560B502BF07E5BBB56A7EC1E6"
"origine\sd\sorgenti\bm-sd\CANALI\INPGRAF\VPEZZI.OPT","304","6F8A1E59BE636EB536D139218F9951211E6E1DD3741CAD4EE489B84F2AA5B44D"
"origine\sd\sorgenti\bm-sd\CANALI\INPGRAF\VPEZZI.RES","794","33B960DEDF7D12258FC7635836A71D0E02B3BF9C46EECDF967ACE85C5ACFD066"
"origine\sd\sorgenti\bm-sd\CANALI\INPGRAF\VSEZ.PAS","9434","BA7F58BD4335D7E507BB1760B4FB9A46E2840F849D7FEF867F4CF541311F2C63"
"origine\sd\sorgenti\bm-sd\CANALI\INPGRAF\VSEZ.RIF","95","1AD35D55A83FB22637BA5F76B35A2EA4DE3D9CD16375B436418C0F04108A8181"
"origine\sd\sorgenti\bm-sd\CANALI\INPGRAF\W_DIMENS.DSK","5121","F862EDD104C989B3BAD2A45B2C0D36660328CF391897A8FB749AD22A5582C306"
"origine\sd\sorgenti\bm-sd\CANALI\INPGRAF\W_DIMENS.OPT","424","CD3B86D3A00E44B52869F4EB90191FBD7E8FB5A8D80132E5085CD1FE3DE2AD96"
"origine\sd\sorgenti\bm-sd\CANALI\INPGRAF\W_DIMENS.PAS","935","29C83F1EEB58C2B17CD4D477E96BFF987C87AF605AC44C89DC133C8EE39DEFA2"
"origine\sd\sorgenti\bm-sd\CANALI\INPGRAF\W_DIMENS.RES","794","F55E684E7D54CB5D99CF945491D32F1C8DD88D358C82AED547E6F3A0A16D504B"
"origine\sd\sorgenti\bm-sd\CANALI\INPGRAF\W_DIMENS.RIF","95","2B3F54B02278CE9B860111843B4875F9D36C31384F004A1608DD54322ECA2127"
"origine\sd\sorgenti\bm-sd\CANALI\INPGRAF\W_ICART.DSK","4367","CF454E9FB61B4784BAB3093B0A423C84A60055800AC70198FBB210DD016FAAB7"
"origine\sd\sorgenti\bm-sd\CANALI\INPGRAF\W_ICART.PAS","17585","96C37BB3AA0D3D360F5BF6A8DF00D9F6497004AC3DDF876239551BFB06222321"
"origine\sd\sorgenti\bm-sd\CANALI\INPGRAF\W_INPGRA.DSK","4666","A55C7AA8D61EEAAF2B461DEEBBDC8ACB938C48DE8334B4E031E2628753EC5602"
"origine\sd\sorgenti\bm-sd\CANALI\INPGRAF\W_INPGRA.PAS","199","3C5D237F81703B1918B49E557D2AC3C5525A982472827B154F3BA658532C2503"
"origine\sd\sorgenti\bm-sd\CANALI\INPGRAF\W_INPUTC.CFG","1294","B4B2DC61549B9C3E8218F3ED64BB27E3E8DADA52EDCE082898C60C9718F51750"
"origine\sd\sorgenti\bm-sd\CANALI\INPGRAF\W_INPUTC.DSK","5960","66BCA376487EAF34334EE42036206EC7A647345FEB8304D38014D46390819A42"
"origine\sd\sorgenti\bm-sd\CANALI\INPGRAF\W_INPUTC.OPT","466","E28449ED6026AE39EDED229C01D7A461F66ED514B373550AE00F571D4617ABDA"
"origine\sd\sorgenti\bm-sd\CANALI\INPGRAF\W_INPUTC.PAS","22037","953BD5AA63BFEFC44B1F4F5ACA3FDBD4E68FCFC46B65CE48F14CF02D6FA48235"
"origine\sd\sorgenti\bm-sd\CANALI\INPGRAF\W_INPUTC.RES","794","33B960DEDF7D12258FC7635836A71D0E02B3BF9C46EECDF967ACE85C5ACFD066"
"origine\sd\sorgenti\bm-sd\CANALI\INPGRAF\W_INPUTC.RIF","95","B02CA9B1092F349868996A2BA11AB25CB8BAE2D08DF56CB725BAC0093B0AB74C"
"origine\sd\sorgenti\bm-sd\CANALI\INPGRAF\W_ITUBI.CFG","1336","E4531BDB35E78BEB521298DE8B7693D0CE373A70AF321EF23143FCDF79C523CF"
"origine\sd\sorgenti\bm-sd\CANALI\INPGRAF\W_ITUBI.DSK","1150","42D581B56571E178CF5CCD65D1D55E8EE52124177C8D5FABD97A2FB8E3708948"
"origine\sd\sorgenti\bm-sd\CANALI\INPGRAF\WIN_MENU.PAS","4581","2A23EEF1164270624F114E7930FC44446D9F31F67CDC5725CE5E7043E08DE9FF"
"origine\sd\sorgenti\bm-sd\CANALI\INPGRAF\WINTR.PAS","11348","7E5F3891955E15380248687252F4B075B67E007DAF5CDA3B42D9E3CF1DA894C8"
"origine\sd\sorgenti\bm-sd\CANALI\INPGRAF\WORK.PAS","91","5E3DA428B373507DBDD66E8EDCB16475F9FF3615C487DAE4EE881E524751AE8D"
"origine\sd\sorgenti\bm-sd\CANALI\INSTALLA.PAS","10538","5B222838BE9860402B8F9C6A7FC50987C54DFE9F024E50D0B571C1B1D66BDEC6"
"origine\sd\sorgenti\bm-sd\CANALI\INTCR.PAS","5067","757FC330015F60E461B84AC62921E32462A3AFC49F0ABEB5541151425587F28C"
"origine\sd\sorgenti\bm-sd\CANALI\interf3d.pas","26507","FADA6A4014A45BF44F88DAB30AD528566E07297E26DC14312290BAE23274D780"
"origine\sd\sorgenti\bm-sd\CANALI\ioduct.pas","12774","D5014E04C1D3947060DDEFAB12091701C985D700395AEC6D482409DECB2A76A9"
"origine\sd\sorgenti\bm-sd\CANALI\IODUCT.RIF","79","5CC20AD9509286C06D24C14EB00BB36EBAB06C5264C5D825652F83EC46C1E7B2"
"origine\sd\sorgenti\bm-sd\CANALI\IOGRAF.PAS","1693","2DC9A2B7E59EB22C4221E9C8397A13755295BC9535A825929529862A7A47E3CD"
"origine\sd\sorgenti\bm-sd\CANALI\IORETE.PAS","2878","BE54CCB7622C27D84146B3E6D205E0F63A9A198231C533311B4A8D08D22919DA"
"origine\sd\sorgenti\bm-sd\CANALI\key.pas","70","1FAF7F9ABBFDB79445FA9888741DE01CDF71C1032E230473B06EF7C2CC474821"
"origine\sd\sorgenti\bm-sd\CANALI\key_old.pas","10747","E36DC585EA7B08ACB4C8C3FE06D377A3F54143ACA833D2E5488AAB5DFDF3B63A"
"origine\sd\sorgenti\bm-sd\CANALI\LEGGIER.PAS","783","E9AAFE53AE8A3CFB77A5D24CF3419192834DED14B58E043C2A6ED4E651056C9D"
"origine\sd\sorgenti\bm-sd\CANALI\LEGGIP.PAS","694","7E92F42E5C92842A3A9A14E7D9DF31F1426620DA99D28A71F2AA5512A75471DA"
"origine\sd\sorgenti\bm-sd\CANALI\LEGGIPLT.PAS","1388","514C2DDA35AE21629DCB7DE43D180A47159DBAEB25907D10EDCBA7208FBD15C6"
"origine\sd\sorgenti\bm-sd\CANALI\LIST1.PAS","25320","5CB40034E49E269E38B4ABE6158AD0EB059B7E073916DEC0C098A9A991CB37A4"
"origine\sd\sorgenti\bm-sd\CANALI\LISTATO.PAS","25301","BC429B0A6E3ACCC6BBF7EC6300ED5FB9BE70A3D0F5D8E87C2E4BE958058744BB"
"origine\sd\sorgenti\bm-sd\CANALI\LOad_d.pas","9225","C3F4887907B0357A7EB7C3AA911B7DC5F558107FF3493D57AB131E3507B4577B"
"origine\sd\sorgenti\bm-sd\CANALI\load_p.pas","25638","8BE4FD88DF626063AF8B9B9ABB8BE291B776E492C296F6DC48D9557800C1159B"
"origine\sd\sorgenti\bm-sd\CANALI\MAIN.DFM","208","103C5FD2CF67A5246298002D3985E1A28504E7D4C26C4FEE9608F01C1C0AB864"
"origine\sd\sorgenti\bm-sd\CANALI\MAIN.PAS","275","4E9DCA1A90CE4BF83DB6A2EC417BD796D39AFAD78C26E050E9460050D91B0DBE"
"origine\sd\sorgenti\bm-sd\CANALI\MAIN.TXT","262","86D20899FB0EC472CF2E606ACE33399FE2A34FC4DB322AEA3C2C104592FDD0A7"
"origine\sd\sorgenti\bm-sd\CANALI\MAIN_DOS.PAS","302","238A7C448446FCFDE2C40CD962B9054F60A13C99B7977B11192AB2337C15224B"
"origine\sd\sorgenti\bm-sd\CANALI\MASKCOMP.PAS","5679","8E71600160EB6FA8B69816FCEC3E488B0070409C59994380EE10038112054A8A"
"origine\sd\sorgenti\bm-sd\CANALI\MASKCOMP.RIF","79","DF35CD30D98D26AB7C61ED115B8F7A604B4E4CA7224A0D82758DC7BB780ECF49"
"origine\sd\sorgenti\bm-sd\CANALI\MENU.PAS","10024","F12172B7ABDCB02424167CE7ADE8EAB555834C34A9FD398D8EC9E8CD976156AF"
"origine\sd\sorgenti\bm-sd\CANALI\Mphar.pas","52","33A3BBF9AE72EC81CC49B891AF605E0C2CBA6799D5F9F58652F0418AA9E7E0D7"
"origine\sd\sorgenti\bm-sd\CANALI\MPHAR_old.pas","14061","E3E205FB15490CD2D3780AFDA49049532FFE65016B1C7AF3671E73DED3EEBFE0"
"origine\sd\sorgenti\bm-sd\CANALI\Objects.pas","54","7AAFB22C4AA88692C9C3C0BD622CD3640A8A38EA762A48F138431D1F35296617"
"origine\sd\sorgenti\bm-sd\CANALI\Odialogs.pas","55","D25416087504346D895DE50B13BB150E366EE295087678385B558F7322D983C1"
"origine\sd\sorgenti\bm-sd\CANALI\OLD1.PAS","46726","ADAE9B6653E40492D93783E383DEB4DB9E59E4484A95D7B442C8EFF9791B0746"
"origine\sd\sorgenti\bm-sd\CANALI\OLDUTI.PAS","62139","E31FB70133D0E743689DEA505C1BDAABC688ABA67C50E16CD882516BAE1F408A"
"origine\sd\sorgenti\bm-sd\CANALI\ORDINA.PAS","4221","63C9B275856D0CED7CEE4092ADB221AAA4D8236927E0E8D16BF6366CD043EB68"
"origine\sd\sorgenti\bm-sd\CANALI\OUDXF.PAS","6309","8C5CCB2F551B1CD25C9E548A0E7FBEB5CA33B653729ACEC803347C0DBC688316"
"origine\sd\sorgenti\bm-sd\CANALI\OUTCAD.PAS","9027","C977513C4FE84857B77ED94915A9A4A1D1F0BE1561F08F479AC2F0133BE52DFC"
"origine\sd\sorgenti\bm-sd\CANALI\OVERPROC.PAS","10890","868A2709882FB7FBE33EB170BCF51E15E85D7212AB503162BF6D591CFA68330A"
"origine\sd\sorgenti\bm-sd\CANALI\Owindows.pas","55","4FF7C4DD171B5BEC824A8973ECCE44EEC5E65E7C5DF9AF40487480980474A725"
"origine\sd\sorgenti\bm-sd\CANALI\PASSAGGI.PAS","589","2AC6252588DEA5660B37FD62095681A3B1066E99095D8A129A2419A54B5B3BD7"
"origine\sd\sorgenti\bm-sd\CANALI\PERCENTO.PAS","3256","49D0FFE5D897452D332ECFDC6656D41A1C56338EB5AAB816486022245C7A898E"
"origine\sd\sorgenti\bm-sd\CANALI\PERDCONC.PAS","2078","86065E716D428DE89DE158A1F36C61C3106C57E65132006C8022B290E033A81C"
"origine\sd\sorgenti\bm-sd\CANALI\PEZZI.PAS","11866","4D4EFC2E3979BF20C804D399F1EF7288E227D8DAF2917925CC3804F4BA52E90E"
"origine\sd\sorgenti\bm-sd\CANALI\pezzi3d\U3dsd.ddp","51","8B69BBBD2D66C190368104AE96EFCE2329D3543372DBD7B89EC393068519526C"
"origine\sd\sorgenti\bm-sd\CANALI\pezzi3d\U3dsd.dfm","14309","017D23D573FFE4557D0E0C0EE8021B71F4C2DBAB63711ED5448CA99F30C95ECF"
"origine\sd\sorgenti\bm-sd\CANALI\pezzi3d\U3dsd.pas","10391","92B2571CE8169756817DEB407686E2C7D2FB11E9B198569C13FD056A5D037299"
"origine\sd\sorgenti\bm-sd\CANALI\pezzi3d\uarchpezzi.pas","7773","C3EAAECFB96B335D7E7CD401C67406E2965A0D528B6D342157981B18E8E6D826"
"origine\sd\sorgenti\bm-sd\CANALI\PFdaticalc.cfg","378","EAFEF8BC1D06A82C2677A70BE7BAEA36077087D333B775B768A4415BA21EE3E8"
"origine\sd\sorgenti\bm-sd\CANALI\PFdaticalc.dof","17880","8F1E57C17A39D7DEBD6087185D1D0A40C11EE4ED3835CEB726FE7DE002A46F99"
"origine\sd\sorgenti\bm-sd\CANALI\PFdaticalc.dpr","200","36A9A64C88AF0637FED7501EB750CE3B129880D9D3EB2D572CB09F731F3EE7F3"
"origine\sd\sorgenti\bm-sd\CANALI\PFdaticalc.res","876","A5BEC89CE535FD6477ED8792969DB3E33FFF8B178139F664885C261CB764CE43"
"origine\sd\sorgenti\bm-sd\CANALI\PIANTE.PAS","4683","5C0B41E77AE5954FBE70CC2D22781F1D0E5702C83CE043A6506BC981609E6AFE"
"origine\sd\sorgenti\bm-sd\CANALI\PIPPO.TXT","1027","3957CCB3E0CD83A87F3269261CE459B820947DCE3991E8C463D392B51ECEABFC"
"origine\sd\sorgenti\bm-sd\CANALI\portate.pas","1638","414E966A69461F7E9BCEDC97261B27AC54523468EFB53F991FBF8A5D0907D851"
"origine\sd\sorgenti\bm-sd\CANALI\PR.PAS","8569","9280D040F5E4A41A1633379727B50BC6AFB142A5C77931FF73D95AFCD11E2A2B"
"origine\sd\sorgenti\bm-sd\CANALI\PREDIM.PAS","9983","7C5DCFFBF0DBD02876E6F69A1203C4A4FF12A9762C1BD51856D944968FB44FC4"
"origine\sd\sorgenti\bm-sd\CANALI\prgduct.pas","9693","C75E66F57A5ECFAC3648C900727F40F7DD552A4CBE75BDD93637FFD28A70C03E"
"origine\sd\sorgenti\bm-sd\CANALI\PRGDUCT.RIF","79","4C8D0C4C9D8B93C935A7430569734189E419BF60917263D02E0B85C8F40EB1D0"
"origine\sd\sorgenti\bm-sd\CANALI\Print.pas","52","2F3EA195B38EC75541EC1B8B11768808026B73A76A4C170DEF6D084B566CD90F"
"origine\sd\sorgenti\bm-sd\CANALI\PRINT_old.pas","14568","B2C7A87E8E502F468D87D19B148BA051F235C97D00F9B4947473C68C817E232B"
"origine\sd\sorgenti\bm-sd\CANALI\PRINTMSK.PAS","3847","77B9809C779FA24458EE0EDFD0A6451145E9DE0123AC9D6BA40CD8C76C6661CF"
"origine\sd\sorgenti\bm-sd\CANALI\PRNMASK.RIF","79","91867959FAB4884AD1CF296AB8D7F718767C5E4D252DEEF4ECC0A7516C2F2D00"
"origine\sd\sorgenti\bm-sd\CANALI\PRNMASK_old.PAS","7301","4AB46140CC9F1FACE80AE9E548FFAB95901AAC8EB2D57DB07512610A0A80E0F3"
"origine\sd\sorgenti\bm-sd\CANALI\PROVA.PAS","1531","F8BE43005DE258BFA6997ACDED18D0DAB6DD3CA9C2CFA123C06D1BD1883756B5"
"origine\sd\sorgenti\bm-sd\CANALI\Provacanali.cfg","405","6C01ADD921E4963C5AD1B00334BA0B0566AFE5A41BCD2E368C3DE607CD816EC3"
"origine\sd\sorgenti\bm-sd\CANALI\Provacanali.dof","2528","DC9C0BE700D223499F7240C1DFC639E22E8878D1C43A7D754F3BC628501C3EF5"
"origine\sd\sorgenti\bm-sd\CANALI\Provacanali.dpr","230","0ABB3F2C64ED755C920DB8DE1DD20DEB8E78C02B1F13A15E4018AA69B77B7900"
"origine\sd\sorgenti\bm-sd\CANALI\Provacanali.dsk","7324","B173354287E236D33934B99E2315983A9A8DDBD5FD8517C0871F421F88DB042D"
"origine\sd\sorgenti\bm-sd\CANALI\Provacanali.res","876","A5BEC89CE535FD6477ED8792969DB3E33FFF8B178139F664885C261CB764CE43"
"origine\sd\sorgenti\bm-sd\CANALI\PROVAUTI.PAS","2072","042528F50E88ED8C30E518646E765EE4F2CA2040809A26F3A6FFEB551E475A0F"
"origine\sd\sorgenti\bm-sd\CANALI\READPLT.PAS","4222","433045FD05CF496DA148B9571DBFEFE009030E69C278AB9CBA930DA6F3AE679A"
"origine\sd\sorgenti\bm-sd\CANALI\ren Copialibreriagenerale.pas","18619","363082B706F34FCD6645D438AD1878557B24F6C0C5A344372CC627AD7A0FCACF"
"origine\sd\sorgenti\bm-sd\CANALI\RIDUZION.PAS","12841","E4E199F3E272A65182FFAAEEF5058B8AFB9AC90A3D99600D1707017464CB3212"
"origine\sd\sorgenti\bm-sd\CANALI\risorse\canali\.DIM","0","E3B0C44298FC1C149AFBF4C8996FB92427AE41E4649B934CA495991B7852B855"
"origine\sd\sorgenti\bm-sd\CANALI\risorse\canali\ARCHIVIO.CAN","24700","A0AD7AF3D2BDDAEFBE56F24175E52EF63EE912BBD1F29112A1B9BDC5CB9027A7"
"origine\sd\sorgenti\bm-sd\CANALI\risorse\canali\canali.can","2336","AE8E9601DC2DF02164FF7E6EC7C9DC97774504736CA35084B0BC4CD6874229FE"
"origine\sd\sorgenti\bm-sd\CANALI\risorse\canali\Copia di ARCHIVIO.CAN","24700","A0AD7AF3D2BDDAEFBE56F24175E52EF63EE912BBD1F29112A1B9BDC5CB9027A7"
"origine\sd\sorgenti\bm-sd\CANALI\risorse\canali\Debug.Txt","0","E3B0C44298FC1C149AFBF4C8996FB92427AE41E4649B934CA495991B7852B855"
"origine\sd\sorgenti\bm-sd\CANALI\risorse\canali\pippo.sce","6","5EFC5685D651EC8DFA7F66AC87056BBDA08C7693E12FF33BF958595DF259A3A6"
"origine\sd\sorgenti\bm-sd\CANALI\RuotaSez.pas","1067","19D1A15B21A3D73BD06E08390951628D6EDCE6139CD8213348AF885F7EB2B99C"
"origine\sd\sorgenti\bm-sd\CANALI\SAVEDIS.PAS","532","92AAF3FEB3A8A0D2549805B773DB93984C77BDE5A8E53033E385F61B2FD246FE"
"origine\sd\sorgenti\bm-sd\CANALI\SCHEMA.PAS","44003","DC3AAFDDE36EFC3E616BE67614325E28AF227ED441318A9F71B0DFCA14AB6A09"
"origine\sd\sorgenti\bm-sd\CANALI\SCHEMA3D.PAS","26778","A84BA4DE24DF752F2BD493072094188D87BC2649DF350ECF413389DF73851E7E"
"origine\sd\sorgenti\bm-sd\CANALI\scribe.pas","53","9F8659E99B5A18BFDC265BDC5147EC172F43EC4E3884DE09C273B477FBF1C891"
"origine\sd\sorgenti\bm-sd\CANALI\SCRIBE_old.pas","3571","721903A1397865018731426715AB71EA2B862A6939D05B2F2C5CFD32D0B87F86"
"origine\sd\sorgenti\bm-sd\CANALI\scritte.pas","544","2441BBB8932E42C870CCE216E2E9626CDD3593597695371DEFFCA8D0A801745F"
"origine\sd\sorgenti\bm-sd\CANALI\Selcodice.cfg","1086","504DD4C9B9C9B85F64D7C10F161EBB7B3FE0A784FA65275710C4F51E47235734"
"origine\sd\sorgenti\bm-sd\CANALI\Selcodice.dof","18320","EE1177EC92AB5F595F3FF0CA03A2407897C226D0679D0C6CD23AC202C3160D74"
"origine\sd\sorgenti\bm-sd\CANALI\Selcodice.dpr","817","324DF7BF6D696C9D2EF79AC79340AE16F993C2A580CFC4E13FDE87641E818E8E"
"origine\sd\sorgenti\bm-sd\CANALI\Selcodice.dsk","5004","39FB32CC5F69A67F4E184129BF48C7B0DE36C9E50CF4350B55A381F6584AE95F"
"origine\sd\sorgenti\bm-sd\CANALI\Selcodice.res","876","A5BEC89CE535FD6477ED8792969DB3E33FFF8B178139F664885C261CB764CE43"
"origine\sd\sorgenti\bm-sd\CANALI\SERRAMI.PAS","11570","1B3E77598D3A52DBBB20CEFE5841C177B7420D0371AF01E87817653AECDCB6F2"
"origine\sd\sorgenti\bm-sd\CANALI\SERTERM.PAS","11249","AC9C7827EF95B9636680B12418BE075DD7830ADD35A5E6CEDA35B49A1A5E3C7F"
"origine\sd\sorgenti\bm-sd\CANALI\SETS.PAS","933","CAE8ACE1AFE04E3E5313FB72FDC080AEF9151BA03FB141F7FD5EE1AD62B7E88B"
"origine\sd\sorgenti\bm-sd\CANALI\SPESLIN.DAT","1","4E07408562BEDB8B60CE05C1DECFE3AD16B72230967DE01F640B7E4729B49FCE"
"origine\sd\sorgenti\bm-sd\CANALI\Tabelle_ASH.pas","395452","A472FD56236AE8F071201624E75C7CD837B0831F6CD1A51E0F8E12E7C9C337F0"
"origine\sd\sorgenti\bm-sd\CANALI\TEST.PAS","111","5936029D166758FD31A10D5FF5C0E02855F131671796B6E2C380C682CD890F77"
"origine\sd\sorgenti\bm-sd\CANALI\TEXTC.PAS","393","9E21F6A6202BCB2107033D51B7C830D12EDD89E9A79D2A73C8A9718127BF749C"
"origine\sd\sorgenti\bm-sd\CANALI\TIPOCOST.PAS","1529","041F3DB9F1A9846B398B842105E69663D40754841D148804846443F432896B1F"
"origine\sd\sorgenti\bm-sd\CANALI\TIPOCOST.RIF","79","8C38F04315A7253F677A37C26DC1E635345CDB3369E63227FD57D45FD3F8F83F"
"origine\sd\sorgenti\bm-sd\CANALI\TRANS.PAS","1115","4653475139515C98A9CBB3ED750F8D00B9E075ACACCD7DA1EEA6597282A5987A"
"origine\sd\sorgenti\bm-sd\CANALI\TRASLATE.PAS","7334","F87F2AE6EA247DEB126606EC26427C160465DB89B4D412D571B8960FAB95A069"
"origine\sd\sorgenti\bm-sd\CANALI\TURBO.PCK","1201","BB239BAFCDD5FA42705B6A2CE95436E0666776D87BFD5492D8AE9808F9FCB3AA"
"origine\sd\sorgenti\bm-sd\CANALI\Turbo3.pas","53","C33995ADA6693726A0DC4C3ACB6B0E44141DAAFC3438C095830B7E6284A91621"
"origine\sd\sorgenti\bm-sd\CANALI\U_05LR.PAS","29561","C8F0FC9DDB79712405F5FF81C9E65FCE7A5C80CE3118500297706E9E6E84B6F2"
"origine\sd\sorgenti\bm-sd\CANALI\U_079R.PAS","53871","1FEDDF0AEA79C0FB1513D89BF87FA15F468F127072BE58FCF287BD8ADE1B8906"
"origine\sd\sorgenti\bm-sd\CANALI\U_10RA.PAS","44770","4728DE4D073F1376109A5838588087587C9F3B163449AF95F442C48773D87DEA"
"origine\sd\sorgenti\bm-sd\CANALI\U_13CB.PAS","38010","9722AAE0FD1768807E39AD8C1B8D8C617063FB859D5BC9610D8F013DD72CAF5F"
"origine\sd\sorgenti\bm-sd\CANALI\U_13RBT.PAS","12698","CFCD5A0E80A7B6AE6FFFE062602307609CAF0C243F3DF586B317935D91C73D2F"
"origine\sd\sorgenti\bm-sd\CANALI\U_15RBT.PAS","12644","02B82E66BD2F8D78B2269BCB923BB2265F777887C6BC88B1B86A9F49F92A6AAC"
"origine\sd\sorgenti\bm-sd\CANALI\U_180R.PAS","18961","38C073867F26305BDFDF7CE8943AFC0E113948CED9162214D1A20F8A270D541C"
"origine\sd\sorgenti\bm-sd\CANALI\U_271R.PAS","51119","A8DB455B64FAF251264C70151396B387A26E77258766852E4715CA844EF8F374"
"origine\sd\sorgenti\bm-sd\CANALI\U_310F.pas","2945","7ECE641B8F9D297251D4465B5EA9F7416DD888C47C29D9D78E128787AD657F77"
"origine\sd\sorgenti\bm-sd\CANALI\U_31CC.PAS","14425","859891100410F11E6790B0B96E76C736E3E31428DC8B97274D012575F6245FBF"
"origine\sd\sorgenti\bm-sd\CANALI\U_362R.PAS","40814","A00329C7D16B3156AFCA04888740CEA5069FE389972AA8F6F0D685884A3C416C"
"origine\sd\sorgenti\bm-sd\CANALI\U_3710.PAS","36302","82A53818D85C93CC98CAA66ED9018213A0DF36012166ED4B3DBF3A367EBCB4E0"
"origine\sd\sorgenti\bm-sd\CANALI\U_3722.PAS","40537","0B94377CFA8C02DDDE1B614CF0200D189964EB0C68EDC5C12709D47C20826A55"
"origine\sd\sorgenti\bm-sd\CANALI\U_3733.pas","47566","2D841B66D67E87220BF7B57EFEF451BC464B53618D99E743D38697B7E7E7F52F"
"origine\sd\sorgenti\bm-sd\CANALI\U_canfst.pas","5866","0E3450734546D0663964402CFD6EAC4E5B2EB6EE194838CC4901D65FEF879642"
"origine\sd\sorgenti\bm-sd\CANALI\U_CREA3D.PAS","31416","205B782E445E301D837D04A4259E5F57B63E0A83F1A705E0FCC9AFC6EF237878"
"origine\sd\sorgenti\bm-sd\CANALI\U_CREASC.PAS","17785","A30357EA4652D7D3DC6829A9A94339B4B4F79DF5C6D6D002A450F352599F0C0C"
"origine\sd\sorgenti\bm-sd\CANALI\U_cvcan.pas","27982","44CF2C29B8B8943BDE44D048ADEE172A4828CE1FCFCDEF1D5F27698C9397B606"
"origine\sd\sorgenti\bm-sd\CANALI\U_CVCAN.RIF","79","62C8190C1FDEBC4CFD19DE4D43266A7BD6F2695326FC98932071F62A8F532AA2"
"origine\sd\sorgenti\bm-sd\CANALI\u_cvcan1.pas","15289","2ABD286B553C2827EF9223CD4D42628768C5ABD1A1F303C5875F2A51A65F43DC"
"origine\sd\sorgenti\bm-sd\CANALI\U_FUNC0.PAS","5739","C0CC82B0D28A9BF0B199B6B5D0F2B12072813ADA61E61D2B7FFB4A717C64B86E"
"origine\sd\sorgenti\bm-sd\CANALI\u_funz.pas","25903","7F5C6955E2F8EFEA1B52B98C19AD87BC6328302DA94F510427E7D18C8B0038F1"
"origine\sd\sorgenti\bm-sd\CANALI\U_RIDUZ.PAS","13331","32534D437B1D97580422582F5AC3EAFA1EB33C58A5212A46FCC458196DFBDCEA"
"origine\sd\sorgenti\bm-sd\CANALI\U_riduz1.pas","20714","8A1879657EA873C0DF87771956BC6B1386CFD68E563C3C2D2ED9A2D3CCE4E65A"
"origine\sd\sorgenti\bm-sd\CANALI\U_selc0.pas","58071","356167E09746F098703C722985F8AB1E71FFE3709937B808441D8D97A0E8A0D7"
"origine\sd\sorgenti\bm-sd\CANALI\U_SELC0.RIF","79","65CE912EC0D4BE9CE6EE5131515576EDA61105D314FDFD6E9020B3A9D00C43D4"
"origine\sd\sorgenti\bm-sd\CANALI\U_SERRAM.PAS","12643","72CA43C2BFABFC4DF25CDBF4655B4D3A5FFBCB2C498D19EBD483179C4137D303"
"origine\sd\sorgenti\bm-sd\CANALI\U_SERTER.PAS","12615","5DC35E3B03FE6027549C9159D62D481C2C33B90A792B1D2169B309976BAA7978"
"origine\sd\sorgenti\bm-sd\CANALI\U_TABELL.PAS","35028","8DD5772C132E6CF805D365054E58605A0DBC8D44F4BD8F7B26EF88CB014D34EF"
"origine\sd\sorgenti\bm-sd\CANALI\U_VARPEZZI.pas","7159","D75326671DB04A0CB71FF60B6E5880FAC5421A43B7D31E34758988345254A597"
"origine\sd\sorgenti\bm-sd\CANALI\UCalcolareti.pas","2078","1163460BC24D6651E41CC0E91A44513D4FA08E4A33FF677750D5C0E7701FD620"
"origine\sd\sorgenti\bm-sd\CANALI\UCalcoloCanDLL.pas","2121","5D5E39EB64B4C6BB9732ABE5A2579C914D002A706E18B1EA9D6A510EC37EDDFE"
"origine\sd\sorgenti\bm-sd\CANALI\Ucompiladcu.dfm","328","3ABF3A00CEE9EFCDFBE46051B471D5C8EE33A55A702D4BA6266FFB33D9A18CEB"
"origine\sd\sorgenti\bm-sd\CANALI\Ucompiladcu.pas","316","96698FF53D03D46E859431B22D2381DFEE6DE1C5E4573B900EB7B461B01EEE43"
"origine\sd\sorgenti\bm-sd\CANALI\UFDaticalc.ddp","51","8B69BBBD2D66C190368104AE96EFCE2329D3543372DBD7B89EC393068519526C"
"origine\sd\sorgenti\bm-sd\CANALI\UFDaticalc.dfm","9426","390B36E2F57539613D66AEF16750AFC90689858E4AABAEF97DA0668C714C70DE"
"origine\sd\sorgenti\bm-sd\CANALI\UFDaticalc.pas","1463","9641AB67E33D6EA611F4BF2AFC93A8454700F497D088C9ACADF0021CAB2F0D49"
"origine\sd\sorgenti\bm-sd\CANALI\UGestpezzi.pas","1548","1411299EA185DF83C26F297C5CE9E55035E21443ABE6E9958AC90ADDBBEF674C"
"origine\sd\sorgenti\bm-sd\CANALI\UNIT1.PAS","1260","C2CE39BF037C05634E20F70BFB778DADF4ADC5AAE4508D36AD09BB83248F836D"
"origine\sd\sorgenti\bm-sd\CANALI\unitcan.pas","48610","314900EE8B617ABC5D58B725D2E884DF2F3941C5059831243AD82611D12FC0D7"
"origine\sd\sorgenti\bm-sd\CANALI\UNITCAN.RIF","45","02EC69624E5D95AE5F92D78510DEB95A2CD0943A1DC82F6165A53882FAD25EDA"
"origine\sd\sorgenti\bm-sd\CANALI\UNITCAN.VEC","47374","B3B80F0DD4B4013A1CC907A50EF39EC456B197F85F3CD2FAD9048846FC19AE11"
"origine\sd\sorgenti\bm-sd\CANALI\UProvacanali.ddp","51","8B69BBBD2D66C190368104AE96EFCE2329D3543372DBD7B89EC393068519526C"
"origine\sd\sorgenti\bm-sd\CANALI\UProvacanali.dfm","496","8457B70A01F3C6BE14E772A17B5DB3CC004308ADD7E767E8364E72AD477FA080"
"origine\sd\sorgenti\bm-sd\CANALI\UProvacanali.pas","484","BDE1B073232887DA11E55EE75D0A612511C9796AE2CB428A4DDE597BC02EAC70"
"origine\sd\sorgenti\bm-sd\CANALI\Uselcodice.pas","1038","3D0550508656D4875ABD4E9CD777D1C62CA136DFD02DBB34A90E2C6DC6CAAF82"
"origine\sd\sorgenti\bm-sd\CANALI\Utilitie.pas","1454","1B026F7DB67A74730DE1B163E77A2E876AF6E30712FD20D49C23BD636550307D"
"origine\sd\sorgenti\bm-sd\CANALI\UTILS\A2O.PAS","1970","67FB030D7FC945FCA671C2F53C03B3CBED74767DEA3862AADFA5DCD45D9C59A6"
"origine\sd\sorgenti\bm-sd\CANALI\UTILS\ALL_DIR.PAS","45","F3D6D7B18B63878309C0C5D87F4A9196D9AFA9267F361B69C7F076AA81F89A7D"
"origine\sd\sorgenti\bm-sd\CANALI\UTILS\CODPZZ.TXT","4","DB7EF4B8C692B705BAF1622201EC72339CB0CA99C5B905BF4C10F315159CE2F7"
"origine\sd\sorgenti\bm-sd\CANALI\UTILS\CONFIG.INT","1","6B86B273FF34FCE19D6B804EFF5A3F5747ADA4EAA22F1D49C01E52DDB7875B4B"
"origine\sd\sorgenti\bm-sd\CANALI\UTILS\CONVMASK.PAS","20560","6216E2944BB282CA69BA08B99FEABB53D557710E6012E9789633700C0EA0E7BE"
"origine\sd\sorgenti\bm-sd\CANALI\UTILS\CONVRC.DPR","166","539C22555BCF9123B5703C20D36C6B1FAB83050C9C52F784A639E2FD084DB7EF"
"origine\sd\sorgenti\bm-sd\CANALI\UTILS\CONVRC.DSK","6822","86E5256068905BADD76328145EA44F288A4F3A0637F0394C4B3D7A3D3002D22F"
"origine\sd\sorgenti\bm-sd\CANALI\UTILS\CONVRC.OPT","279","A904C3A88C1214E187CB59E0EDD5300D9595CE63EA98C3EE707637DC6F0066CF"
"origine\sd\sorgenti\bm-sd\CANALI\UTILS\CONVRC.RES","794","33B960DEDF7D12258FC7635836A71D0E02B3BF9C46EECDF967ACE85C5ACFD066"
"origine\sd\sorgenti\bm-sd\CANALI\UTILS\COSTANT.PAS","227","708A6F7008E0D82EADF3E8C65AA8701ACDC3102BCF3A9F0D0B0968A60B6229BA"
"origine\sd\sorgenti\bm-sd\CANALI\UTILS\DEBUG.SCE","0","E3B0C44298FC1C149AFBF4C8996FB92427AE41E4649B934CA495991B7852B855"
"origine\sd\sorgenti\bm-sd\CANALI\UTILS\DEBUG.TXT","0","E3B0C44298FC1C149AFBF4C8996FB92427AE41E4649B934CA495991B7852B855"
"origine\sd\sorgenti\bm-sd\CANALI\UTILS\DEFUTI.PAS","7424","D482E90DB9CE9EEC44B55184BF6960C54D3DB00049BF1D21E758EC20B3465179"
"origine\sd\sorgenti\bm-sd\CANALI\UTILS\DEFUTI.RIF","83","4725C3AAF3F301119989248B6A55966792FB4C444C6BD8525E2EC68636052A53"
"origine\sd\sorgenti\bm-sd\CANALI\UTILS\DEFUTI.TPW","9504","6234F216B8E4297F3B604FA67A4F2B56093D28027E7CF5A0868FE83515C7BB77"
"origine\sd\sorgenti\bm-sd\CANALI\UTILS\DEFUTIG.PAS","6996","391217BACED01ECA7EBC6B5180F186239B80F7D7DEA34EA46105C605F10AD845"
"origine\sd\sorgenti\bm-sd\CANALI\UTILS\DEFUTIWI.PAS","5145","9EB7751F745653CE3AF7FAD13AEFD1360DDA11B0FE9637FA1DA6EE43B96CD6E4"
"origine\sd\sorgenti\bm-sd\CANALI\UTILS\DEMO.PAS","3159","1F55554732EB04AE65FBE5294CCBEF785603AC49E401E080F50C69C7096A72E7"
"origine\sd\sorgenti\bm-sd\CANALI\UTILS\DEMOCRT.PAS","1439","19FB66822FEFBDE1531CDB45FBF48047D5320BA1C82A3386C326DEB8CFA85A1C"
"origine\sd\sorgenti\bm-sd\CANALI\UTILS\DIRECT.DOC","17","078192A9946ED952005B473E49DA4500DD7588AFD3BD72A8E85FCFB897E58FD1"
"origine\sd\sorgenti\bm-sd\CANALI\UTILS\DRIVE1.INT","10","BCBE0B093B14D3912606EE402EE317AE7D046C545ABC1A8097F32FB5487E5917"
"origine\sd\sorgenti\bm-sd\CANALI\UTILS\ENTER.RIF","83","320DC80BF457BCB6BB2271148082C94DC637CE4FCE9B2EECE57DC65D4E68BD91"
"origine\sd\sorgenti\bm-sd\CANALI\UTILS\ERROR.PAS","2637","0B421FD61D11C80B08BA580F4BC56A44D11EBC4E34BA058C3C9F080708F45A30"
"origine\sd\sorgenti\bm-sd\CANALI\UTILS\ERROR_G.PAS","3579","EDD5275133AAD5EC3B04C5A826AD1724B79EC5639CA864636FB6E35C809C996D"
"origine\sd\sorgenti\bm-sd\CANALI\UTILS\ERRORE.PAS","2503","8AA50144B6BA3AFD27E51C779C2303606AA54BE7C6CC2D52FB139EC878E020E3"
"origine\sd\sorgenti\bm-sd\CANALI\UTILS\ESISTE.PAS","2702","9D7AE8DF5860F4AF34074BC34B29AD57231D76589B1F81DBB6F6BE9C48BCBB97"
"origine\sd\sorgenti\bm-sd\CANALI\UTILS\ESISTE.TPW","3872","EC39B595543E60FF316EB5FD566B7A9E88EADE829374FEC9D62B762157EA7156"
"origine\sd\sorgenti\bm-sd\CANALI\UTILS\EXECSTAM.DPR","332","72F072994835DB0F792E51547E7CA3A4948F0DFB530DDA197336F2186F14FB8C"
"origine\sd\sorgenti\bm-sd\CANALI\UTILS\EXECSTAM.DSK","5330","637DC5BC18E6817FB2C58538C109F11BB45AF897E96C0E2C0112BAB02B154910"
"origine\sd\sorgenti\bm-sd\CANALI\UTILS\EXECSTAM.OPT","371","87DD389852B485BA55E26749C5B06BC7AE2A1F7B7F2E3A67FD4C806A400BE4F4"
"origine\sd\sorgenti\bm-sd\CANALI\UTILS\EXECSTAM.RES","1151","29EC39D70FD574728F2CA6CA04C1A58F9B0C4D6B8CE9658361E46247C2F7DE66"
"origine\sd\sorgenti\bm-sd\CANALI\UTILS\FINS.DFM","403","8BC582E57B87BACB0EBF814399C2C84001842D7A054619658D211742D422B375"
"origine\sd\sorgenti\bm-sd\CANALI\UTILS\FINS.PAS","465","1EE004DAC75A260B64141BB5CCC0FFF84D4AB52B3A2850B2B68AD3A85284D927"
"origine\sd\sorgenti\bm-sd\CANALI\UTILS\FUNZUTI.PAS","5897","0FBB57D99CEB883228E0F649CA7C0DEEA877DC48C5C0B5AFEA9740A2A888ADE1"
"origine\sd\sorgenti\bm-sd\CANALI\UTILS\GENKEY.PAS","11270","10BEAF6723ED296F2ED329A424B152A175A90B7256A52C92F7144388B7CD4AFE"
"origine\sd\sorgenti\bm-sd\CANALI\UTILS\GESTDXF.PAS","1833","84A4127DCE03C87B5CDD4AE39CDE63B25CA3D1F5503F03E47096E36BD6E7B863"
"origine\sd\sorgenti\bm-sd\CANALI\UTILS\GESTDXF.RIF","83","01C02F3ADEADD062FA02AD68F1B89B005A476B1BE5BF7C71E9C771D72E367187"
"origine\sd\sorgenti\bm-sd\CANALI\UTILS\IGRIGRO.PAS","15236","99032844A3651F9E978D9A47F486A85D279C7ACD112B871A117D34C53C9F308D"
"origine\sd\sorgenti\bm-sd\CANALI\UTILS\INITUTI.PAS","1696","E4DBDE570738128012DEA87581AD909F7F4BA1EC3CDC4FB6D697955487236BF3"
"origine\sd\sorgenti\bm-sd\CANALI\UTILS\INITUTI.TPW","3776","E66F30E5D833C79E61975507203FD12BBA7A776CB18C34A7B5A416D2AF59C0BD"
"origine\sd\sorgenti\bm-sd\CANALI\UTILS\INITUTIG.PAS","1148","9EFF199F61AD9C23CD58152B2A59D577D5AB79A3A39C71B9CBE08445A991C9D1"
"origine\sd\sorgenti\bm-sd\CANALI\UTILS\KEY.700","12047","C47D7DF11D4FBDAB524389451166CC9C6A5023DA567267E323B577F44CE1CF3C"
"origine\sd\sorgenti\bm-sd\CANALI\UTILS\KEY.PAS","10743","7DDE3002DF40F4AD3184F61DA9CAC4F66C9003FD624D945807E3ED3353358E38"
"origine\sd\sorgenti\bm-sd\CANALI\UTILS\KEY.TEM","9048","D55FFCBE1E632025DAADFD7E443E7AF9FB065E637F0F77BC4B823E4E53484DDB"
"origine\sd\sorgenti\bm-sd\CANALI\UTILS\KEY.TPW","11168","0E8C4530C278CEAC2D90623A7903CD5106703F95591C7C05DBBC2D3C8AD1EACA"
"origine\sd\sorgenti\bm-sd\CANALI\UTILS\KEYDB.PAS","650","5360FE9ED47DBF7E41AF90563D241161A7FB8E24D235C7BA0A8494B6F9A069AE"
"origine\sd\sorgenti\bm-sd\CANALI\UTILS\KEYENG.PAS","11800","A2CCCD7403690BF5E72BCB91284837D0ACF56CF2C33B0C8D74D94C9413340442"
"origine\sd\sorgenti\bm-sd\CANALI\UTILS\LINE.PAS","11151","C9626813E95E2541E9DBA99732FE5B3D617C6C46C326B9572A16F0FAF3D8D124"
"origine\sd\sorgenti\bm-sd\CANALI\UTILS\LINGUA.PAS","20","81CC4C8E70F06D3B48B3AB908C949657D2D75756888A87B5C4F54A0EA779F36B"
"origine\sd\sorgenti\bm-sd\CANALI\UTILS\MAIN.DFM","208","103C5FD2CF67A5246298002D3985E1A28504E7D4C26C4FEE9608F01C1C0AB864"
"origine\sd\sorgenti\bm-sd\CANALI\UTILS\MAIN.PAS","275","4E9DCA1A90CE4BF83DB6A2EC417BD796D39AFAD78C26E050E9460050D91B0DBE"
"origine\sd\sorgenti\bm-sd\CANALI\UTILS\MAIN.TXT","262","86D20899FB0EC472CF2E606ACE33399FE2A34FC4DB322AEA3C2C104592FDD0A7"
"origine\sd\sorgenti\bm-sd\CANALI\UTILS\MAIN_W.PAS","18776","DC86782091021861FF1C7005BCA11F687E43E4CFF79399ED686DE00B49F63163"
"origine\sd\sorgenti\bm-sd\CANALI\UTILS\MAIN_W.RIF","86","E40CFD3C10E0632F47206F087853FCC8AC9F530E4523B1CC9A4CEE4699D01140"
"origine\sd\sorgenti\bm-sd\CANALI\UTILS\MAINST.DFM","918","0FAFE37D0BC2C264B36C8B2F81F553842073AF89B05F30684892DDE14CF130BB"
"origine\sd\sorgenti\bm-sd\CANALI\UTILS\MAINST.PAS","38330","FC39C27A7D9528E135F293204F0C502B8780AA370AB71D5F827E71E387DAB36E"
"origine\sd\sorgenti\bm-sd\CANALI\UTILS\MC4EDIT.PAS","2737","FFAA9CBFFC101A5B87D78A068ECF2E8104C644C10D80BA9F88C8E4CB90D9BDBB"
"origine\sd\sorgenti\bm-sd\CANALI\UTILS\MENU.PAS","4653","2D451988EC1BFB813B7D541237AF581EA367A80A37104091E0455C126344B51F"
"origine\sd\sorgenti\bm-sd\CANALI\UTILS\MESSWIN.DFM","619","1DA6DB46E6F2308421E5F1478DCE781676F40780BD888FFE0AB120F48384FD6A"
"origine\sd\sorgenti\bm-sd\CANALI\UTILS\MESSWIN.PAS","3470","A2A614EB38D984961C6847252D768ACA20DC4916DAEC803F6B90085B60A84F74"
"origine\sd\sorgenti\bm-sd\CANALI\UTILS\MISURE.PAS","11977","2879D8C6F803C11C8E7DC8EAB7CB38A03206FD0333F27854D1A5E4F2EA7CEE9D"
"origine\sd\sorgenti\bm-sd\CANALI\UTILS\MISURE.RIF","83","99A71714FCBF03F007D403C6DE1CC3444D3D0754424BDD135D002C35393868F5"
"origine\sd\sorgenti\bm-sd\CANALI\UTILS\MISURE.TPW","14960","FAC7863B0EA09EEBAB2A5E80D9017609653963D423A1689439A1C6C687CCB708"
"origine\sd\sorgenti\bm-sd\CANALI\UTILS\MOUSE.PAS","4318","46C6CBCBC14B0956FD9ACCDC20EBBEE15D44496501DAB712D7808EC20BCF086F"
"origine\sd\sorgenti\bm-sd\CANALI\UTILS\MPHAR.PAS","14051","325C63322347791FE19CE948B3E9EEED4C68C7C895877B3F15CE14424E6F1B6D"
"origine\sd\sorgenti\bm-sd\CANALI\UTILS\MPHAR.TPW","11712","5C945E9C4114188307EE71A14B9FD95951FB5F8D4ED84B9BE4D6C5946C8F68EF"
"origine\sd\sorgenti\bm-sd\CANALI\UTILS\MPHKEY.PAS","16377","4CD066AE2A112BBF86F313221AC9FA563FB721180D26241AF63F0FCD4058359A"
"origine\sd\sorgenti\bm-sd\CANALI\UTILS\O2A.BP","4531","DF65E4C67F0AC486BA53BDB6BEB9AD52FD1798FA779B483CE516C236A24123DA"
"origine\sd\sorgenti\bm-sd\CANALI\UTILS\O2A.PAS","1970","9D9C6B8A8BD39ECF55220369DC37D5E2D03E7BF9BF7C3B341CB11AE657234860"
"origine\sd\sorgenti\bm-sd\CANALI\UTILS\OLDST.DFM","918","0FAFE37D0BC2C264B36C8B2F81F553842073AF89B05F30684892DDE14CF130BB"
"origine\sd\sorgenti\bm-sd\CANALI\UTILS\OLDST.PAS","38204","358DBDBCC42710AF876F6B02B72702F910700E24D3829A076137E77A10999FE3"
"origine\sd\sorgenti\bm-sd\CANALI\UTILS\P.P","2083","60F5CE0DBC030738E3132889231D123B03E4D6826B3F9DD9528F20ACFB973F98"
"origine\sd\sorgenti\bm-sd\CANALI\UTILS\PIPPO.MSG","660","736B44AF7717C07577D5A13C1B9D6ABC49572CDE874D27853BFF39B037A76E57"
"origine\sd\sorgenti\bm-sd\CANALI\UTILS\POPUP.PAS","4934","6B2C6CDAC1F4308BC838694561E5440785885A270B8908F7FF15BD30A22728A5"
"origine\sd\sorgenti\bm-sd\CANALI\UTILS\POSTAB.DAT","13","DD46C3EEBB1884FF3B5258C0A2FC9398E560A29E0780D4B53869B6254AA46A96"
"origine\sd\sorgenti\bm-sd\CANALI\UTILS\PPDLL.DPR","158","5957A47565DEC0515A370424F4674E8C702C5F00FE5F50A78E850F759076E2CA"
"origine\sd\sorgenti\bm-sd\CANALI\UTILS\PPDLL.DSK","5178","B7E7A7093C421010A043C43DF83D50A7F121F7DF64CBF4F087E324401F8B31C0"
"origine\sd\sorgenti\bm-sd\CANALI\UTILS\PPDLL.OPT","279","B6FDBE2A679C51C3CBF952FD112CE77DE83A8B78ED46C9DB890AF42AD44968D1"
"origine\sd\sorgenti\bm-sd\CANALI\UTILS\PPDLL.RES","794","33B960DEDF7D12258FC7635836A71D0E02B3BF9C46EECDF967ACE85C5ACFD066"
"origine\sd\sorgenti\bm-sd\CANALI\UTILS\PRDLL.DFM","207","3BF04F9325A79B96194C5AC4301F356DF20CCF6F97A6DE9C3AA8FA64562EE9DF"
"origine\sd\sorgenti\bm-sd\CANALI\UTILS\PRDLL.PAS","609","2D563C8D7403819D78D9DCB6B53F474D353033BC29D73F0BCA2CE0897883A8B8"
"origine\sd\sorgenti\bm-sd\CANALI\UTILS\PRINT.PAS","14541","30ED84F6147C2800C9C28C0229B42F7E9635060F916F91828926883225C77566"
"origine\sd\sorgenti\bm-sd\CANALI\UTILS\PRINT.RIF","48","6CF4AB3633A1ECDD4627B026793B55811F168A24212EB58EAC53EBF7B56DF3CB"
"origine\sd\sorgenti\bm-sd\CANALI\UTILS\PRINT.VEC","12628","C20E677218DC93FFEBE16D714110F286C2FCEEC47B3CB8175780B8A97EA4F74D"
"origine\sd\sorgenti\bm-sd\CANALI\UTILS\PRNTEST.RES","157","20533D5F015FDA9775A3E0D7F16C4552A313EEED6DFDFE83E01B26BCDBBC879C"
"origine\sd\sorgenti\bm-sd\CANALI\UTILS\PRNTESTO.PAS","36476","B5CB52EA6F160B2A134DDD30EADBAA3B59F1AA6A3011C90DD8B4DE2AFCF9185C"
"origine\sd\sorgenti\bm-sd\CANALI\UTILS\PRNTESTO.RIF","83","8A76CEE6300A1706368B8BD398C3BD0E45B8E0BF0E2E2D2BA9C5D4595BA1E192"
"origine\sd\sorgenti\bm-sd\CANALI\UTILS\PRNWIN.PAS","1643","C7E6E7B8F8AAAA0BBD4D17C006C48F1F19418254F2F6CEC5FDDAE081534AA949"
"origine\sd\sorgenti\bm-sd\CANALI\UTILS\PRNWIN.RES","70","DB2F1E38CBC133BF8B9B55B5D9B7E2D062658834AB58129CF2F4ABB787FED232"
"origine\sd\sorgenti\bm-sd\CANALI\UTILS\PROGETTI.DB","2048","0BD03EDAB4AD4CFA18B3CF1A68A62B5CCC27724AEB9388B745C939B21A9676EF"
"origine\sd\sorgenti\bm-sd\CANALI\UTILS\PROTOTIP.DFM","840","2814161385CD3E399097A9E3C908D024C9A80A503133FA60A3257C0D71269A14"
"origine\sd\sorgenti\bm-sd\CANALI\UTILS\PROTOTIP.PAS","264","B75C6F4359E5684C70793FE04987AE5CEE8C9A2047AAFA405D417D9A96EF8091"
"origine\sd\sorgenti\bm-sd\CANALI\UTILS\PROVA.MSG","512","E43362B5B98557794B1F7B769C38E004D3DBCAB039B45183134E16FDF415611D"
"origine\sd\sorgenti\bm-sd\CANALI\UTILS\PROVA.PAS","2738","1F562DDF18DCF5A8F59F8E0967E33B49501C87701D68A1D750F651018EF240D9"
"origine\sd\sorgenti\bm-sd\CANALI\UTILS\PROVACD.PAS","1260","62A2906266C6F28120F9F430FAB5AB63D93F7FF7A0576E82693548F1EE78286D"
"origine\sd\sorgenti\bm-sd\CANALI\UTILS\PSICRO.PAS","2568","175E982EDEEF1AE2A453EACBB13A64B91F620C725C0BD0EF231C8BEF905CB479"
"origine\sd\sorgenti\bm-sd\CANALI\UTILS\SCRIBE.PAS","3567","0503B2556DE6FFF81F39A89E8303FCC81C5842E2084F2272339AA62C8E55B087"
"origine\sd\sorgenti\bm-sd\CANALI\UTILS\SCRIBE.TPW","33328","04DDA1B8A23F6EE46AD3DB3658195DB1EEDBE72C6333E3BAF1B3A18554A2B046"
"origine\sd\sorgenti\bm-sd\CANALI\UTILS\SEL_LINE.PAS","9634","5A5F6AFFB5161A7DFC7D8FC3737B784562BF1F02447032BDBC5C6F58C816BBD6"
"origine\sd\sorgenti\bm-sd\CANALI\UTILS\SELCAMPO.PAS","14964","B0482B7923D3079D25C5DF736A372AC244D82F6147972143841B661E4723E7C9"
"origine\sd\sorgenti\bm-sd\CANALI\UTILS\SETTA.PAS","6759","93F23083D0C5E44AA01984B59936C8649B9ACECB06E21DB1595401531FD64E60"
"origine\sd\sorgenti\bm-sd\CANALI\UTILS\SKBPWF.PAS","744","8D8138405382BF6948A6209E79BCACC620525CFB321EE841061CC68E647FFD6F"
"origine\sd\sorgenti\bm-sd\CANALI\UTILS\SKEVAL.PAS","2307","A0F6CDEF572F8F848B5D495F18D4C56D3F61DB5003B532FCEBD6ED62C1F7592D"
"origine\sd\sorgenti\bm-sd\CANALI\UTILS\SKTPWF.PAS","843","4712708AC45899E012C38217DC24EAFDCE2FD02F5EAE8C4FC44736A23CA37D00"
"origine\sd\sorgenti\bm-sd\CANALI\UTILS\SKTPWF.TPW","12064","0FC177FDE8509CE4E296E5AFFF3651200D829B89F76173F074BA26990ED052D4"
"origine\sd\sorgenti\bm-sd\CANALI\UTILS\SKWINDLL.PAS","625","78BB0E28EB03FFB1FCE44FCBDC3714DB81285A534A52FDB3F8550949BEF0A660"
"origine\sd\sorgenti\bm-sd\CANALI\UTILS\SPESLIN.DAT","1","4E07408562BEDB8B60CE05C1DECFE3AD16B72230967DE01F640B7E4729B49FCE"
"origine\sd\sorgenti\bm-sd\CANALI\UTILS\STAMPA.PAS","606","CEA880DF6FA07705270A06DE43C35ACA2D573877197A792A7FB4411B7A7CCA10"
"origine\sd\sorgenti\bm-sd\CANALI\UTILS\STAMPE.LST","406","B667FB694073C6C8A70748162F63C6A2B07752D836D577CBC4EB19B8C2CEB07F"
"origine\sd\sorgenti\bm-sd\CANALI\UTILS\SWMSIZE.PAS","7519","5ED27209820F0A2FD016CE23E195FF1FD93A07D8F065F723D1A1A44002FCD552"
"origine\sd\sorgenti\bm-sd\CANALI\UTILS\SYSINFO.PAS","4371","1AC9D20D6C11EF554C70A5DF2CD4E248E8494236C263BA76438EE151DB3DD040"
"origine\sd\sorgenti\bm-sd\CANALI\UTILS\T1.RC","189","1D6CEA029A79382825C45A051C17847322F6F27ADDE9F2F582289F427F1D5EF7"
"origine\sd\sorgenti\bm-sd\CANALI\UTILS\T2.RC","501","CD2C7B73E013299B6877C4944789435B648ECBBA94FF64B98B30B6FE2C4C72E4"
"origine\sd\sorgenti\bm-sd\CANALI\UTILS\TOOL.RES","50323","BEB6B9FEBEEAE60C1B002F730F985C2C95813DA17CF9FA6AFCDB365DC79C86A2"
"origine\sd\sorgenti\bm-sd\CANALI\UTILS\TOOLB3.RC","537","C542414C5C50A6DEB0FECC1D4EDD455070A96ECE2DCBF547FE89DD512796661A"
"origine\sd\sorgenti\bm-sd\CANALI\UTILS\TOOLBAR.16O","45853","E18880EAF8BA4C055AE0F885965E5B7AC0E20E1B4AD4DDFCBB07324450C369A2"
"origine\sd\sorgenti\bm-sd\CANALI\UTILS\TOOLBAR.PAS","29240","99D0DF0F7E07B0BAE0D2685347082B64011DA6D78558BABB06E1B735307D6FD5"
"origine\sd\sorgenti\bm-sd\CANALI\UTILS\TOOLBAR.RES","28089","93A226E4CD0D38D7C5EB074721316C2BEE3A0DA4CE86935A9C571270FDAED662"
"origine\sd\sorgenti\bm-sd\CANALI\UTILS\TOOLBAR.TPW","30304","51FE20DE562250343067D08414C48E4D388AD52A2DE1CE060ABF856B0CBB6426"
"origine\sd\sorgenti\bm-sd\CANALI\UTILS\TRMAIN.DFM","1498","D9DB15C13E35D7819A4F88D9774455A9865E97E632D0D2D5B16D50EC8CB2C8DC"
"origine\sd\sorgenti\bm-sd\CANALI\UTILS\TRMAIN.PAS","10589","A20AB6C207896690564E8B6197F56246B4CBD3C4B6A0B65A3D9B9802CC2C5DA3"
"origine\sd\sorgenti\bm-sd\CANALI\UTILS\TURBO.PCK","1201","251970AE0A9AC1165B71FFB59192FCC3AD0B20396B7630F1564A79C8C9980975"
"origine\sd\sorgenti\bm-sd\CANALI\UTILS\TURBO3.PAS","479","98BE48164AAA1AC21CF017E4A7317DCCF025FF50E7CA30872AAABE723E7ED8C2"
"origine\sd\sorgenti\bm-sd\CANALI\UTILS\TURBO3.TPP","720","FB66C63F1536EA4194A1EB477FBDB2822A62A4B8A0E2C2132616E99BEB74F722"
"origine\sd\sorgenti\bm-sd\CANALI\UTILS\TURBO3.TPW","464","3F06ECF984D4EC7F30F33D25567ABD8F8F4067AB2D3453F231A45D27EDBBBB03"
"origine\sd\sorgenti\bm-sd\CANALI\UTILS\UCEDIFIC.DFM","4803","C3371D2B14DA081382A3F429FA8A4B53F50C5EC275E30BF1A3F067BD3019481F"
"origine\sd\sorgenti\bm-sd\CANALI\UTILS\UCEDIFIC.PAS","1501","6718049826877AAADE6D057469461C0DBF26FB9B480AB3A90C306EFC1ACB4710"
"origine\sd\sorgenti\bm-sd\CANALI\UTILS\UCEDIFIC.TXT","7481","356A21EB0DBB7918AC118AFF30BB24EBC9F60AD6392B57DAB1844F452EBE28E2"
"origine\sd\sorgenti\bm-sd\CANALI\UTILS\UFROM.DFM","182","4F8C371AC0A584BFA983A9D501DA417A1DEEEDC33008FDB8E0F210F71FDDF2C9"
"origine\sd\sorgenti\bm-sd\CANALI\UTILS\UFROM.PAS","321","35C1F9CD4443ACE7C127DAED4C9CF523CB29D375EAB7A634641DCB9F4BAB983C"
"origine\sd\sorgenti\bm-sd\CANALI\UTILS\ULDATI10.DFM","6021","1615D3B6BF6D10B65736C1C9E76FB406D0040C14DD9F981DBE8CCC54CAEACF26"
"origine\sd\sorgenti\bm-sd\CANALI\UTILS\ULDATI10.PAS","1999","4BD8125232397A2F20D66C3B4BE915B9A91C1D7EA13853966438540BA66ECAB9"
"origine\sd\sorgenti\bm-sd\CANALI\UTILS\ULDATI10.TXT","9555","FEFD43B92B4BC297704CD709F4BAFEF265028793785E37C117B0F60C19BBD57E"
"origine\sd\sorgenti\bm-sd\CANALI\UTILS\UMC4F.PAS","469","4A34EB42C09039ED469A465B74758F3239EF62DFDE1D077499C644909BD3042F"
"origine\sd\sorgenti\bm-sd\CANALI\UTILS\UREC.PAS","742","28C32195DE46D568AC05557D1FC0D2883646D40D6D4B85F0AD8ED962D1AD3DF1"
"origine\sd\sorgenti\bm-sd\CANALI\UTILS\UT_DEB.PAS","662","120F897AF61D5200FCED34B88484D8FFC25127F22BCFD876F6F0AB60E8754D06"
"origine\sd\sorgenti\bm-sd\CANALI\UTILS\UT_DEB.TPW","976","EE8A25C6FD629F4F41B8F649AC45AF8578479CD0C9ECD850C42C6AD0FB05439A"
"origine\sd\sorgenti\bm-sd\CANALI\UTILS\UTI.PAS","65","7D13470282694E2BD005868CA01B4E9072793585CB61CD448C724FCA5519B133"
"origine\sd\sorgenti\bm-sd\CANALI\UTILS\UTI_DLF.PAS","10148","3E200EEE9C14D30FA6AF6E603521B73504E40E90D8D27550060744B48F9D570B"
"origine\sd\sorgenti\bm-sd\CANALI\UTILS\UTICOST.CEC","55","F2DAD9DA8EA6C28EF5F9ADC49B62F8CA23CBF74E14C3037C3C4032146790AD6E"
"origine\sd\sorgenti\bm-sd\CANALI\UTILS\UTICOST.ENG","55","E902AEF5B3BEA92550A31B33B07351A21511BE2562FEBE60CE66B8A20769B8CF"
"origine\sd\sorgenti\bm-sd\CANALI\UTILS\UTICOST.FRA","55","45421177A8A4C4C5D66B8A65C72A3DDCDD18730D6C0CB4E2B5157B0692E3A1CF"
"origine\sd\sorgenti\bm-sd\CANALI\UTILS\UTICOST.ITA","55","F2DAD9DA8EA6C28EF5F9ADC49B62F8CA23CBF74E14C3037C3C4032146790AD6E"
"origine\sd\sorgenti\bm-sd\CANALI\UTILS\UTICOST.PAS","55","F2DAD9DA8EA6C28EF5F9ADC49B62F8CA23CBF74E14C3037C3C4032146790AD6E"
"origine\sd\sorgenti\bm-sd\CANALI\UTILS\UTICOST.SLO","55","E902AEF5B3BEA92550A31B33B07351A21511BE2562FEBE60CE66B8A20769B8CF"
"origine\sd\sorgenti\bm-sd\CANALI\UTILS\UTICOST.SPA","53","14F6832192639B03100636CE2412918CA806A7014B285479FEC8B5BF4F3D3203"
"origine\sd\sorgenti\bm-sd\CANALI\UTILS\UTICOST.TED","55","D77E62558D40351ADA092875FEC594F86D1C76DFCFD45B44E54E1795DD5AA9A7"
"origine\sd\sorgenti\bm-sd\CANALI\UTILS\UTI-FR.RES","2084","79B9E8D660FDCE177B2E5A7911C0648B8E261F6F3B99FA5802D95A34689FF954"
"origine\sd\sorgenti\bm-sd\CANALI\UTILS\UTIGEN.PAS","182241","144BC30CE379CAEB3CE28F72A585F28D8530CC513361A641C092DE0813559031"
"origine\sd\sorgenti\bm-sd\CANALI\UTILS\UTILCEC.RES","2224","7B68BBCCC98A7B7CBE7683B48E2B4C62FD2E7E5099611FFB6A268C75361B2208"
"origine\sd\sorgenti\bm-sd\CANALI\UTILS\UTIL-ENG.RES","2060","1607A6F3D2BFBEB6645E09997689D2EFA996F21ED60BEAC33C37152635A2F334"
"origine\sd\sorgenti\bm-sd\CANALI\UTILS\UTILESP.RES","2203","DC9381E3C3DE0A41C4CE648560659A5A34AD878C210938034C5E77CDB6FE0011"
"origine\sd\sorgenti\bm-sd\CANALI\UTILS\UTILITIE.PAS","149862","EB40B58AC239A95C8269125191B593C89959C3515CFB88AD4E8625777C4E62E0"
"origine\sd\sorgenti\bm-sd\CANALI\UTILS\UTILITIE.RIF","45","DE33D67140E36BCD629167CD05FE2987980BD489E5BEDE8E1A94B119B638B7D5"
"origine\sd\sorgenti\bm-sd\CANALI\UTILS\UTILITIE.TPW","184240","D8AACCB104155D50E47AB253EF20EFE012E64D5EC6BF9994A0FA5E44E620C6AA"
"origine\sd\sorgenti\bm-sd\CANALI\UTILS\UTILITIE.VEC","200453","0C59694EB950E3D5BFAAE07A4564D1FC23696FC127DA6C8719975874AC10BF2B"
"origine\sd\sorgenti\bm-sd\CANALI\UTILS\UTILS.RC3","24747","75BF235827515746D68B3B1AB406FF8D6DF3052F9D9CAC5379B9F1088DF229FA"
"origine\sd\sorgenti\bm-sd\CANALI\UTILS\UTILS.RES","2224","7B68BBCCC98A7B7CBE7683B48E2B4C62FD2E7E5099611FFB6A268C75361B2208"
"origine\sd\sorgenti\bm-sd\CANALI\UTILS\UTILS.RIF","83","6D47C979567AF905187834505AD8732B15439AFC8BA960098A589949312951D5"
"origine\sd\sorgenti\bm-sd\CANALI\UTILS\UTILSLO.RES","2224","7B68BBCCC98A7B7CBE7683B48E2B4C62FD2E7E5099611FFB6A268C75361B2208"
"origine\sd\sorgenti\bm-sd\CANALI\UTILS\UTI-TED.RES","2201","01CA52461E0A7DF081B307CDEB200C9D06B7B5FD76DBF88A2B865B868793688B"
"origine\sd\sorgenti\bm-sd\CANALI\UTILS\UTIWIN.RES","25304","2FF6134CA6BB41F6230D66CB3DD38DD5740195E5C32F331BCC499F8BF238F0AC"
"origine\sd\sorgenti\bm-sd\CANALI\UTILS\UTIWINDL.PAS","984","928797D6D8E3929F5EF7F11B1EAC7C5D9379DE2B18DE24CC7B46E6A064779B8A"
"origine\sd\sorgenti\bm-sd\CANALI\UTILS\UVIDEO.DFM","1107","A96B1139C8D78E544B6E77A324F5FF99DF28C44037D9CE7111C01EB542089156"
"origine\sd\sorgenti\bm-sd\CANALI\UTILS\UVIDEO.PAS","542","94F2A482A6AD3F93B5695B1F271CB351001BE5D6F5769CD99D5EC486C95E6EC4"
"origine\sd\sorgenti\bm-sd\CANALI\UTILS\UVIDEO.TXT","1652","0AAF27A19B99E76545E6EE69E963332FF50A7D8F999CFEEFD81689185488F351"
"origine\sd\sorgenti\bm-sd\CANALI\UTILS\UVKEY.PAS","885","F81B29D9E74580DF10918D84D7F5EA478E5AB3EA98A7CEB22223BFC5ECFA864F"
"origine\sd\sorgenti\bm-sd\CANALI\UTILS\VARPLAY.PAS","406","57FB04690F934119B076FD8A1154B5AE4E6555522F1F2B6B2C082C21B2E88A78"
"origine\sd\sorgenti\bm-sd\CANALI\UTILS\VIDEO.PAS","3415","DFDECC4AD74FF774029CFD7B9F962B061538B36AE168E2B14C2B097A2690FB8D"
"origine\sd\sorgenti\bm-sd\CANALI\UTILS\VIDEOH.PAS","2852","7920C36A47DB3C515043781DD57F1A39997D3A251DBE43A8AD5E7D00E0DBD760"
"origine\sd\sorgenti\bm-sd\CANALI\UTILS\VIDEOH1.PAS","1660","8A86558937C95AC07E61770DBDCC2F5CD2F9AE0F6DB0A6031B032C1A2AAB9854"
"origine\sd\sorgenti\bm-sd\CANALI\UTILS\W_MES.DPR","118","315ECBE52258EBA2B22E97DA08F748D11110F6357587E4C43AFCB32185F13BA8"
"origine\sd\sorgenti\bm-sd\CANALI\UTILS\W_MES.DSK","5096","244F3E80EC1EA3D9BB4114703B2A584BCD6C71799551A7C92024478C1C6FF534"
"origine\sd\sorgenti\bm-sd\CANALI\UTILS\W_MES.OPT","279","B6FDBE2A679C51C3CBF952FD112CE77DE83A8B78ED46C9DB890AF42AD44968D1"
"origine\sd\sorgenti\bm-sd\CANALI\UTILS\W_MES.RES","794","33B960DEDF7D12258FC7635836A71D0E02B3BF9C46EECDF967ACE85C5ACFD066"
"origine\sd\sorgenti\bm-sd\CANALI\UTILS\WM.RIF","83","8F819F439DB5AFE0BE59539DECB399E8491670ECF884422B80769A21B01F8375"
"origine\sd\sorgenti\bm-sd\CANALI\UTILS\WM.TPP","3456","F7F24537A93435122B3593D2CEAFEEF02B499EDCA7BCA927CEAB159AC48AE2E0"
"origine\sd\sorgenti\bm-sd\CANALI\UTILS\WM.TPW","3216","80870162ACDAA6A48B9B690994BC0CB93EC5C1FE2023A9B7E25011841BC85774"
"origine\sd\sorgenti\bm-sd\CANALI\UTILS\WM1.PAS","1238","8383E822E5541FA4322083F55B35F58243C3DD478F142FEA47658B681C3332A0"
"origine\sd\sorgenti\bm-sd\CANALI\UTIWIN.PAS","28344","A96F0539A63505DA9F60E7FBF19984EE4B9A44F779A9EBD32779066B0CE43F35"
"origine\sd\sorgenti\bm-sd\CANALI\VARPLAY.PAS","432","0FCD1314D1440908992A8F91A650964D144BE9EE6542FE6A3F2B0314641622DB"
"origine\sd\sorgenti\bm-sd\CANALI\VISUAL.PAS","44114","586AE344E1E037A270E2E299F083CD4A378910263EBE513BB1A05110CBC0B7CA"
"origine\sd\sorgenti\bm-sd\CANALI\W_CALC.DPR","166","FC2D4C425B6A5ECEB49669B84A3815CA2AC8CA7479781D264012C7AE11BC4EE8"
"origine\sd\sorgenti\bm-sd\CANALI\W_CALC.dsk","5723","6A451C7F17AADC0B05894D4C78805881A00C2CB3E173D706E43F4543EF03A980"
"origine\sd\sorgenti\bm-sd\CANALI\W_CALC.OPT","427","0E4292CE2CC1178A1284BFEE7819AF87886CFB0F04946FF2C88A84EFAECBC917"
"origine\sd\sorgenti\bm-sd\CANALI\W_CALC.PAS","1866","5A0DA686AC84934255763281F6794AE70C92534CB8FF018F0C0FEF56DB73D297"
"origine\sd\sorgenti\bm-sd\CANALI\W_CALC.RES","794","33B960DEDF7D12258FC7635836A71D0E02B3BF9C46EECDF967ACE85C5ACFD066"
"origine\sd\sorgenti\bm-sd\CANALI\W_CALC.RIF","79","F89EA67FA8658384E03EFF4C691D0036818E34192D2AE9499D020904C9C88AFA"
"origine\sd\sorgenti\bm-sd\CANALI\W_GEST.PAS","7721","46AE0975D00E5EDB7C27CB49930787674C43D9D5C7D52D52F8FE448B3A0B80CC"
"origine\sd\sorgenti\bm-sd\CANALI\W_GEST.RIF","79","F89EA67FA8658384E03EFF4C691D0036818E34192D2AE9499D020904C9C88AFA"
"origine\sd\sorgenti\bm-sd\CANALI\W_M.PAS","1","58F7B0780592032E4D8602A3E8690FB2C701B2E1DD546E703445AABD6469734D"
"origine\sd\sorgenti\bm-sd\CANALI\W_NCALC.DPR","167","83C5770639408A2A522EA02868BF3D9BCE89ECE195EEF0CF0339060725501087"
"origine\sd\sorgenti\bm-sd\CANALI\W_NCALC.dsk","5926","BCC985898A7DB9A898DC7EB983DD701A9F54EACCE6474F0828AC3B08A0BFC64C"
"origine\sd\sorgenti\bm-sd\CANALI\wintipes.pas","55","691CE257046D85AC89631EDB96D9FAE1A41D092C19296D93F09D8E410A68D1FD"
"origine\sd\sorgenti\bm-sd\CANALI\wintypes.pas","55","76CA931A05EC38B4540E2EEF728EC64264C14D5A99B4D9D1DAAA4E5594F3EB4A"
"origine\sd\sorgenti\bm-sd\CANALI\WM.pas","3352","66318A3823D325B39F60DA3A243A99821C92EF29128F1131ADD91384583BD3C2"
"origine\sd\sorgenti\bm-sd\CANALI\WORK.PAS","117","5DAD83271789CEECC4B5DA85BF211560E6438909CF5E13D1A5DB3CECE9B89C8E"
"origine\sd\sorgenti\bm-sd\componenti\kbmmem\bdenew\DbTables.pas","1306","D046A69AE5C4279DD9C0ECCC63E8FB0C6A17F0320D0F39692A94585DEB678A23"
"origine\sd\sorgenti\bm-sd\consumi\Miglioramenti.pas","311","18E6088131DF7D42215072D6EE37B2FE719B636A43BA53AE727D3151E196C119"
"origine\sd\sorgenti\bm-sd\estivo\copiaLibreriaGenerale.pas","18619","363082B706F34FCD6645D438AD1878557B24F6C0C5A344372CC627AD7A0FCACF"
"origine\sd\sorgenti\bm-sd\estivo\CopiaVariabiligenerali.pas","608","CAEC1B99C89FEDB8474485BE75D5C5466BA8676FE9BA182A357FAEB1F7E353AD"
"origine\sd\sorgenti\bm-sd\estivo_13\APLTOT.DAT","192","261AE986BAE660363DC0BDFF7CBC49983ED5A64B23EC513FA038BF33119DB512"
"origine\sd\sorgenti\bm-sd\estivo_13\APSTOT.DAT","192","5E64C733C652B97B3175236A2804332A2654176AE5ACA9C1A73060677BC150D6"
"origine\sd\sorgenti\bm-sd\estivo_13\CalcFun.pas","19248","81C4D3F5E645B3F148237A6F37263157B0A7CAA75FB997A22B6938C15A3EEE50"
"origine\sd\sorgenti\bm-sd\estivo_13\Compiladcuestivo.cfg","1032","467B8AC04F1682868D19A5F1B67B879C8AEDBE453639EAF3B9B2CDC3E026BD58"
"origine\sd\sorgenti\bm-sd\estivo_13\Compiladcuestivo.dof","21164","0BB456ACDAEB55151452A15460F37384D74D18025B01FC2EFD26714E174DD52B"
"origine\sd\sorgenti\bm-sd\estivo_13\Compiladcuestivo.dpr","424","38CD18391368783D2B9C51B5FC2E8ECD436E4F6CC2B2EA789B94F581ED389149"
"origine\sd\sorgenti\bm-sd\estivo_13\Compiladcuestivo.res","876","A5BEC89CE535FD6477ED8792969DB3E33FFF8B178139F664885C261CB764CE43"
"origine\sd\sorgenti\bm-sd\estivo_13\Compiladcuestivo_14.cfg","903","6C191603F25C5639225374FFBECFD64C0A1944A64FF98542E4269AECC7BCD14B"
"origine\sd\sorgenti\bm-sd\estivo_13\Compiladcuestivo_14.dof","21287","6488F23A7CB13DF6F9DA6946F14CB77B3132791B26534FBBA573292294DB0DA2"
"origine\sd\sorgenti\bm-sd\estivo_13\Compiladcuestivo_14.dpr","427","0902105AA4C5D2B87B24209F7DBDB3C95C0B2902F75325A25AA965395D803DF4"
"origine\sd\sorgenti\bm-sd\estivo_13\Compiladcuestivo_14.res","876","A5BEC89CE535FD6477ED8792969DB3E33FFF8B178139F664885C261CB764CE43"
"origine\sd\sorgenti\bm-sd\estivo_13\CopiaVariabiligenerali.pas","606","AF3F40528C6661C82E744929FAD8EDD5863EA5D41EB607A516283FEA38C9677B"
"origine\sd\sorgenti\bm-sd\estivo_13\COSTCART.ITA","576","42C4903E5F084FE376A323705DCE291753F6F42C1E44EEFF543017C0CC5ED71B"
"origine\sd\sorgenti\bm-sd\estivo_13\DEFINIZ.PAS","47684","C6CF06B50456585FED4CAFC2D24823395DB192CB7E818B2B78B378F2E75E0A68"
"origine\sd\sorgenti\bm-sd\estivo_13\EREST.DAT","0","E3B0C44298FC1C149AFBF4C8996FB92427AE41E4649B934CA495991B7852B855"
"origine\sd\sorgenti\bm-sd\estivo_13\ERInv.DAT","0","E3B0C44298FC1C149AFBF4C8996FB92427AE41E4649B934CA495991B7852B855"
"origine\sd\sorgenti\bm-sd\estivo_13\EstivoDLL.cfg","1102","9697A7656D17D4CD56CE21513D1B409D83821D189A164888E8221BCEC83ABBA2"
"origine\sd\sorgenti\bm-sd\estivo_13\EstivoDLL.dof","4834","0DF14DC2C997F484AE2920CBFA1B1A6C5D0CD3F38EA873EA0BAE6F94CCABF77B"
"origine\sd\sorgenti\bm-sd\estivo_13\EstivoDLL.dpr","897","AEC420D5958D7F2D54D715D6AE29A53FD84EBB72D43A56C9F7BE090E67D904E2"
"origine\sd\sorgenti\bm-sd\estivo_13\EstivoDLL.dsk","7032","0E890E9D23455C057BA7A8FF8A8F45611C3813EA7533FFBB61946C13A629F073"
"origine\sd\sorgenti\bm-sd\estivo_13\EstivoDLL.res","876","A5BEC89CE535FD6477ED8792969DB3E33FFF8B178139F664885C261CB764CE43"
"origine\sd\sorgenti\bm-sd\estivo_13\F1.pas","13589","76547F260549A8FEB187C774A3536B6C0FE1031C37996D63703602AA7D395016"
"origine\sd\sorgenti\bm-sd\estivo_13\F2.pas","16939","3692790D652AF6E5BEB1849AD60CB2461607DDE0734AD73CBFF536CCE7D46DFB"
"origine\sd\sorgenti\bm-sd\estivo_13\F3.pas","729","65D5AD35512B880915886BAE3B4C13AEF5AE38D8B19CF61422C8B4B3CBEF5452"
"origine\sd\sorgenti\bm-sd\estivo_13\FASE3CT.PAS","6757","708754E42E1582F9D71D2A763F4261A323772F3894A22D130A65D0DB46540EE8"
"origine\sd\sorgenti\bm-sd\estivo_13\FASE3DEF.PAS","814","9F21346C710BB98AEE8EBCA5409D86EE547CB1FAD9AE38E4C4D98FB7D223164C"
"origine\sd\sorgenti\bm-sd\estivo_13\fase3din.pas","3935","299E92981C7862714EFBF1694C9A30F42EFCAE3737E3C7C29D3B61EA3D5E31C4"
"origine\sd\sorgenti\bm-sd\estivo_13\FASE3FUN.PAS","928","B5367817DB51B19C1366B2B36EA636D8A69AE8A41BAD819B66B6F12AD72F2325"
"origine\sd\sorgenti\bm-sd\estivo_13\FASE3INV.PAS","6174","9839EE80ABDA8FACBB04212285233AB1F056073191EF620B158DFA8A46373C98"
"origine\sd\sorgenti\bm-sd\estivo_13\FASE3MAI.PAS","7821","3BE80F02C679D078BC186C22CE3531B6911518E2866FC79CC973BEEC760B44CD"
"origine\sd\sorgenti\bm-sd\estivo_13\FASE3POT.PAS","9357","FF0F55EF52FB759BD03BF1F198EFBFA0BC34202A9ECCA65BF397E79DD5627797"
"origine\sd\sorgenti\bm-sd\estivo_13\FASE3UM.PAS","5772","3319DAE388B752BD5C47F9E2E1ABFF9ACDBC8E0F7BC0BE4A6BD277866B59C07D"
"origine\sd\sorgenti\bm-sd\estivo_13\FASE3UTI.PAS","1312","FD8C7D1FEC4BEC2BE2853DA2C90B56C6EB7115831067F9A19CFED661AE7DFB82"
"origine\sd\sorgenti\bm-sd\estivo_13\funztrasfmuri.pas","2847","DFEAC0F93F2382B224DD5AFE098F9DEDFC151DF715301867EA97CFA87C276771"
"origine\sd\sorgenti\bm-sd\estivo_13\ILLTOT.DAT","2304","1A3A460FD627219DEB7B26CED38248AF6B8B6D142EDCBAA14696B4141C923580"
"origine\sd\sorgenti\bm-sd\estivo_13\INLTOTes.DAT","2304","59092AF22629488E3D3BACC578B0512FEEDF93975D3FFC56D6A058BFEC827771"
"origine\sd\sorgenti\bm-sd\estivo_13\INSTOTes.DAT","2304","5A32AFAD6FCED659D84E516770326E424AF8767637C9E62080A7E5A684C5FD5A"
"origine\sd\sorgenti\bm-sd\estivo_13\instotinv.mic","8","BE6AB9DEEE5BC5CA07B20C91DEF7E1E53DB65F23559F0F8133E774E0F3FB12E5"
"origine\sd\sorgenti\bm-sd\estivo_13\INT373.DAT","80","23D185287FE4CC3D829235DDEFC15AE04E98C0F529E57E4AEA86542166BC5DF8"
"origine\sd\sorgenti\bm-sd\estivo_13\LATEFF.DAT","0","E3B0C44298FC1C149AFBF4C8996FB92427AE41E4649B934CA495991B7852B855"
"origine\sd\sorgenti\bm-sd\estivo_13\MainForm.ddp","51","8B69BBBD2D66C190368104AE96EFCE2329D3543372DBD7B89EC393068519526C"
"origine\sd\sorgenti\bm-sd\estivo_13\MainForm.dfm","8510","F09ADC30BF6C16D281256B11A6FDF1E89B0DD136DFC6A909D834FB4B8E0B4D6B"
"origine\sd\sorgenti\bm-sd\estivo_13\MainForm.pas","5625","EB479D709640CB3D23F761FEBCDC5B567557109C706988895DEB4ED36235222E"
"origine\sd\sorgenti\bm-sd\estivo_13\Messaggi.pas","178","C700C19232977DB6C514421E305790D5B6D8DA1F12C645CA9EA361C6F682AE12"
"origine\sd\sorgenti\bm-sd\estivo_13\Modello Lungh Campi\RL10 Lung Campi.doc","1354240","52EA1A2E32DCDE95EB29237510F472184C3D71E355150DAEF628678724473BFB"
"origine\sd\sorgenti\bm-sd\estivo_13\modello.doc","1354240","52EA1A2E32DCDE95EB29237510F472184C3D71E355150DAEF628678724473BFB"
"origine\sd\sorgenti\bm-sd\estivo_13\modello.rtf","1928167","75472DB1CC4EAA47FAF0C5CEE210B81210123918B3B268B4125C90748235B6CF"
"origine\sd\sorgenti\bm-sd\estivo_13\NuovoProvaEstivo.cfg","990","887F83A8065B5CBBF12AB7771BD676706AA16C20422DCB6E7293239858C249CB"
"origine\sd\sorgenti\bm-sd\estivo_13\NuovoProvaEstivo.dof","3413","363148018B5CBB90047401800FD737483E7E68BFC2D897DC99E62F4F1BEE88F1"
"origine\sd\sorgenti\bm-sd\estivo_13\NuovoProvaEstivo.dpr","326","B9A33AD7E974EE9BE7531FB5920BE38C2BB835E6AEB9FCC9742A2E9875847CBF"
"origine\sd\sorgenti\bm-sd\estivo_13\NuovoProvaEstivo.dsk","11343","90327D2481AC3922BA4E70784E1EB2EA2338F7029C62697D252E4937C08F665B"
"origine\sd\sorgenti\bm-sd\estivo_13\NuovoProvaEstivo.res","876","A5BEC89CE535FD6477ED8792969DB3E33FFF8B178139F664885C261CB764CE43"
"origine\sd\sorgenti\bm-sd\estivo_13\OCLTOT.DAT","192","B964A24109D8603BD10D521353C17426686BA9CA7FF9678E3ADA84A095073E4F"
"origine\sd\sorgenti\bm-sd\estivo_13\OCSTOT.DAT","192","390503381AC69317C88E674FEBB5B782C41C4D03B6E3076C3E94EC56279CD489"
"origine\sd\sorgenti\bm-sd\estivo_13\Provaestivo.cfg","709","3F2F8B6C888544C900BC2EAAED161266450DF87811FA3BC91D2DD5F7D19802CB"
"origine\sd\sorgenti\bm-sd\estivo_13\Provaestivo.dof","2047","CBCE59690EB42BDDE29A3121B786785F370DD4FECB631A235601BCAAF0579D46"
"origine\sd\sorgenti\bm-sd\estivo_13\Provaestivo.dpr","930","8B2B728E5F97130F30564C46A35D9926A4D1EF46B86F429492C45CEC53E6BE9E"
"origine\sd\sorgenti\bm-sd\estivo_13\Provaestivo.dsk","8839","83832211CC43FD1CD81BA85EAA722489A87FC2FD044B51EBD270A494E5E57B1C"
"origine\sd\sorgenti\bm-sd\estivo_13\Provaestivo.res","876","0DFFE25FD78C18FDDB77055112F83135F009DF17C6374B00DE33060B11EDD915"
"origine\sd\sorgenti\bm-sd\estivo_13\Provapsicro.cfg","378","EAFEF8BC1D06A82C2677A70BE7BAEA36077087D333B775B768A4415BA21EE3E8"
"origine\sd\sorgenti\bm-sd\estivo_13\Provapsicro.dof","2229","5E3DD6A8CC048EAE67CEEDBC0D3E513C2024F6789AC0EE563E240D2DF395E42F"
"origine\sd\sorgenti\bm-sd\estivo_13\Provapsicro.dpr","226","E4A79EAC3776F78A620BBB72D8CE1BB642373018BBE71FC8EA551F0D5F81909C"
"origine\sd\sorgenti\bm-sd\estivo_13\Provapsicro.res","876","A5BEC89CE535FD6477ED8792969DB3E33FFF8B178139F664885C261CB764CE43"
"origine\sd\sorgenti\bm-sd\estivo_13\PsicroDia.cfg","378","EAFEF8BC1D06A82C2677A70BE7BAEA36077087D333B775B768A4415BA21EE3E8"
"origine\sd\sorgenti\bm-sd\estivo_13\PsicroDia.dof","2229","5E3DD6A8CC048EAE67CEEDBC0D3E513C2024F6789AC0EE563E240D2DF395E42F"
"origine\sd\sorgenti\bm-sd\estivo_13\PsicroDia.dpr","253","778F8866EB9EB1458ACF4D2E3ED4281B593F9057A740BE40278C61A0BDEEA61B"
"origine\sd\sorgenti\bm-sd\estivo_13\PsicroDia.res","876","A5BEC89CE535FD6477ED8792969DB3E33FFF8B178139F664885C261CB764CE43"
"origine\sd\sorgenti\bm-sd\estivo_13\psicrometrico.pas","7207","27D0FA5E24C8B2A37D6E3E374CBF7B4DC175BD75A4E9DF45C9431099A289ABAB"
"origine\sd\sorgenti\bm-sd\estivo_13\QACON.DAT","0","E3B0C44298FC1C149AFBF4C8996FB92427AE41E4649B934CA495991B7852B855"
"origine\sd\sorgenti\bm-sd\estivo_13\QAILL.DAT","0","E3B0C44298FC1C149AFBF4C8996FB92427AE41E4649B934CA495991B7852B855"
"origine\sd\sorgenti\bm-sd\estivo_13\QAIRR.DAT","0","E3B0C44298FC1C149AFBF4C8996FB92427AE41E4649B934CA495991B7852B855"
"origine\sd\sorgenti\bm-sd\estivo_13\QAPS.DAT","0","E3B0C44298FC1C149AFBF4C8996FB92427AE41E4649B934CA495991B7852B855"
"origine\sd\sorgenti\bm-sd\estivo_13\QCTOT.DAT","2304","DEF14FE161C602F8F23DA7A9AF5B59D4EA2C4F1FF305EF55DE7ED25498DBF0FD"
"origine\sd\sorgenti\bm-sd\estivo_13\qctotinv.mic","8","029B4EB8FF05B79B95DD112F5D59ACDA713AFCECF78EBC10CD8746D707F889B2"
"origine\sd\sorgenti\bm-sd\estivo_13\QIRCTOT.DAT","2304","CFC335996CFAE29FDF14FD2DB7EA853366D350A5D387AA3C322616E81DACD56B"
"origine\sd\sorgenti\bm-sd\estivo_13\QIRRTOT.DAT","2304","CFC335996CFAE29FDF14FD2DB7EA853366D350A5D387AA3C322616E81DACD56B"
"origine\sd\sorgenti\bm-sd\estivo_13\QOCS.DAT","0","E3B0C44298FC1C149AFBF4C8996FB92427AE41E4649B934CA495991B7852B855"
"origine\sd\sorgenti\bm-sd\estivo_13\relazione.doc","1354240","52EA1A2E32DCDE95EB29237510F472184C3D71E355150DAEF628678724473BFB"
"origine\sd\sorgenti\bm-sd\estivo_13\relazione.rtf","1928151","E05D0D1619D681101E617CAE35A606BEA7B74DE8665D78ED1DC4C9B37C653A5D"
"origine\sd\sorgenti\bm-sd\estivo_13\ren copiaLibreriaGenerale.pas","18480","39832AFD816F95B9CCD651F618CF7FE352FBBC0BD3A25BA77B338625B2DAB8F6"
"origine\sd\sorgenti\bm-sd\estivo_13\Risultati.pas","16363","7C6F0664F790E4515F1EE12EA10BDCEA4E15C016D4466474A77436551B4C2255"
"origine\sd\sorgenti\bm-sd\estivo_13\Solare.pas","3200","B29CF459D590ACA22F18CD6AD4124994ED8AE0FE5CE13F356199BE53DFFBD0DF"
"origine\sd\sorgenti\bm-sd\estivo_13\STRUTTUR.PAS","28517","BE6DEBF635830F8CCDD4B697489F875D4F7EE39D178847338DDC2A48E33E97F1"
"origine\sd\sorgenti\bm-sd\estivo_13\Sun_trace.cfg","1016","39F6580B1B6463D764203F0FE95C1911D85CE2C28AE1FA0F1A25C1721D79DA44"
"origine\sd\sorgenti\bm-sd\estivo_13\Sun_trace.dof","20958","BB77601F529F51CA0CBC6DE2FC39603D363F1DEE0C1E45C4A4DEB43312B3F9C1"
"origine\sd\sorgenti\bm-sd\estivo_13\Sun_trace.dpr","446","F124E7666EC8F5798A888CA3FAC8C316FDDE47129408EFF478C0112623B262A4"
"origine\sd\sorgenti\bm-sd\estivo_13\Sun_trace.res","876","B85196D4693472C4A5BF54AFA5C12A3DE459C6B0C4BEE069249532F43FE88C03"
"origine\sd\sorgenti\bm-sd\estivo_13\TAB31.Pas","2207","766FBEF001540EF472F89E6103F2D04363773C3C1FF5A9A14A2C2654E3C7DDF4"
"origine\sd\sorgenti\bm-sd\estivo_13\TAB32.Pas","2185","9EFAF46BA2DEBC09E66BA04726BFDF59AD33E84EC60A735AA185C2D76F6194CC"
"origine\sd\sorgenti\bm-sd\estivo_13\TAB33.Pas","2178","AF9F5DCFF33A54D78C73763B6FE46E224E25E0E95AB4E726D5F7C7A7D8E1CA3D"
"origine\sd\sorgenti\bm-sd\estivo_13\te.dat","2304","FA9F85739F6DB2CD040B15DA5C64FB1858871C01A5540B657D1F6008B56F8B9A"
"origine\sd\sorgenti\bm-sd\estivo_13\ti.dat","96","D4A50A704F1209A459CA0B157A26FA957B7F3E4FC1A322DEEC26818F56C50233"
"origine\sd\sorgenti\bm-sd\estivo_13\TIE.DAT","0","E3B0C44298FC1C149AFBF4C8996FB92427AE41E4649B934CA495991B7852B855"
"origine\sd\sorgenti\bm-sd\estivo_13\TIEInv.DAT","0","E3B0C44298FC1C149AFBF4C8996FB92427AE41E4649B934CA495991B7852B855"
"origine\sd\sorgenti\bm-sd\estivo_13\toted.pas","14371","93CB72F5DB683D5D78EF8F9A078A05C6CEDD8AB23F01DAEF6253F4F5492BDD42"
"origine\sd\sorgenti\bm-sd\estivo_13\UCompiladcuestivo.dfm","328","CF730D331D74268266F24CFAAB69D0787A8E8B67DF5AA4573A49262734AA8D71"
"origine\sd\sorgenti\bm-sd\estivo_13\UCompiladcuestivo.pas","322","FAA31373A281A667BB6DB283E7B258709FDAC26D89FF2844DF5AA232E9652CAA"
"origine\sd\sorgenti\bm-sd\estivo_13\Ucopiarebuli.pas","532","A4E98A940403E6E5C6B08AB8FFBFB6DF1E72943290A0EE866C71FAFE16B246C5"
"origine\sd\sorgenti\bm-sd\estivo_13\UIE.DAT","0","E3B0C44298FC1C149AFBF4C8996FB92427AE41E4649B934CA495991B7852B855"
"origine\sd\sorgenti\bm-sd\estivo_13\UProvaestivo.ddp","51","8B69BBBD2D66C190368104AE96EFCE2329D3543372DBD7B89EC393068519526C"
"origine\sd\sorgenti\bm-sd\estivo_13\UProvaestivo.dfm","543","D14605D03446CD08CF113826A8A6A72E108BB8F53825D61B8211C6D3CDDDEDF5"
"origine\sd\sorgenti\bm-sd\estivo_13\UProvaestivo.pas","494","380164E1B258A1FF9022AAB10C9F4E2EC505269983C3994C5C518BF2D281BE36"
"origine\sd\sorgenti\bm-sd\estivo_13\UProvapsicro.dfm","1017","3EF961B35B60FE22AC575530B2A1415B1CC96E19384FE0133DD60E7797AB7F41"
"origine\sd\sorgenti\bm-sd\estivo_13\UProvapsicro.pas","646","17ED06C846E491268FBFC70204C372BE802716C354EE72C23D0A2FC049C7E42A"
"origine\sd\sorgenti\bm-sd\estivo_13\ur.dat","2304","2D745A5D83691F8D259D8128B425C9F2AD6C1705A2640C532C73372A8CD1FCB4"
"origine\sd\sorgenti\bm-sd\estivo_13\us.dat","2304","D9227D69C2139A4894E012551625898D5D5C07B6CC5CB5D7514C5276F912837D"
"origine\sd\sorgenti\bm-sd\estivo_13\UTabellare.ddp","51","8B69BBBD2D66C190368104AE96EFCE2329D3543372DBD7B89EC393068519526C"
"origine\sd\sorgenti\bm-sd\estivo_13\UTabellare.dfm","10292","BDF33D0FB0D6EADC599E3EA88CF8BBF354C6657E6B7FC203A387AD52A987BAEC"
"origine\sd\sorgenti\bm-sd\estivo_13\UTabellare.dsk","6099","5586B42C1BC6E715009C38825333636E42D1EA73F752CCFA6A7C823FFF7F8D69"
"origine\sd\sorgenti\bm-sd\estivo_13\UTabellare.pas","4439","BA6719FF5D79280769B9A54AACF71060474A5EAB52ED630ACA51D4174887E306"
"origine\sd\sorgenti\bm-sd\estivo_13\Varcarichicancellato.pas","5691","E171978F3439C8AA26734D77F8FE5B37C6CB6B1DB1AE6E177A38BE6F30862C00"
"origine\sd\sorgenti\bm-sd\estivo_13\vecchiocalcoli.pas","3072","347C5E9DC60B8FB1087768DE40B311955C1965C6E03A7D24BC0EE42615224F7F"
"origine\sd\sorgenti\bm-sd\estivo_13\Vent.mic","8","B144419E3F26156F78CEAB66B0A5D060C75C4F7F61888A29E455EA3741EE1B16"
"origine\sd\sorgenti\bm-sd\estivo_13\VentZone.mic","240","D62B28CA52F93EF084409799AB7EE09F055D467EAD5950FBCD07877B69C195B8"
"origine\sd\sorgenti\bm-sd\estivo_13\warning.ddp","51","8B69BBBD2D66C190368104AE96EFCE2329D3543372DBD7B89EC393068519526C"
"origine\sd\sorgenti\bm-sd\estivo_13\warning.dfm","633","D34E676243602CFFBE426EA464BFD16E598831FA881A9A94B40E2B055E6243D4"
"origine\sd\sorgenti\bm-sd\estivo_13\warning.pas","1441","0A93193B98D70B5C621CF8D33FF4DF107BE2F05E505CFB0516912E3D047EE44E"
"origine\sd\sorgenti\bm-sd\GENERA\Rebuli modificato CAD\UDati.pas","352","08598911603FBC14AC480101A51BA159D54E208BDC6A24F328086EA03AA48157"
"origine\sd\sorgenti\bm-sd\GENERA\Rebuli modificato CAD\UMaskgen.dfm","4188","FF6BD220E1D28685061EEFA6796992AA7D8F7133D197481B9AE80BC26F1EE982"
"origine\sd\sorgenti\bm-sd\GENERA\Rebuli modificato CAD\UMaskgen.pas","3496","6B925DB2145D381EABDF3F260F864E9EA783569ECA77D8F20EBF0DDC2F842129"
"origine\sd\sorgenti\bm-sd\gestioneclienti\chiedilicenza.ddp","51","8B69BBBD2D66C190368104AE96EFCE2329D3543372DBD7B89EC393068519526C"
"origine\sd\sorgenti\bm-sd\gestioneclienti\chiedilicenza.dfm","2408","17EB8556A9791EAE153A4AD7F189BEC911C9BF49D25B2CA48E6327D0EA8DAB45"
"origine\sd\sorgenti\bm-sd\gestioneclienti\chiedilicenza.pas","2463","E422CD7BDD03E76CF879B3E95DC380B334B09F1B34B58BF2E856816728A67814"
"origine\sd\sorgenti\bm-sd\gestioneclienti\DatiLicenza.ddp","51","8B69BBBD2D66C190368104AE96EFCE2329D3543372DBD7B89EC393068519526C"
"origine\sd\sorgenti\bm-sd\gestioneclienti\DatiLicenza.dfm","157179","B2029B92E797647778A13049299760494CF876BF1B3168C59E7006439DE40A5E"
"origine\sd\sorgenti\bm-sd\gestioneclienti\DatiLicenza.pas","1398","6A833212DCE26D0D17005064A0B50F6B9D24D0C889EA62E6DB08F91E9141E9E4"
"origine\sd\sorgenti\bm-sd\gestioneclienti\utility_Mat.pas","2962","9D9C16BB52D0E61802FA6AE493A1591EE7F14CA0989E6659C562A905914067BE"
"origine\sd\sorgenti\bm-sd\GLScene\Source\Base\Geometry.pas","218464","1D3BF701E095936AEC6FCC9F38FD536DDB03B48A6AFCC5522966CF374F3BB911"
"origine\sd\sorgenti\bm-sd\GLScene\Source\Base\VectorTypes.pas","1734","E8D1C50389DA69E380B9281A0506D253432D8B456B90C2B593C8CD55710FE3A9"
"origine\sd\sorgenti\bm-sd\librerie_generali\Gest_form.ddp","51","8B69BBBD2D66C190368104AE96EFCE2329D3543372DBD7B89EC393068519526C"
"origine\sd\sorgenti\bm-sd\librerie_generali\Gest_form.dfm","10464","2992A5190B069E72B605E54057E9A0731D1047AD8514282C0399620B38DD3C0E"
"origine\sd\sorgenti\bm-sd\librerie_generali\Gest_form.pas","20855","516A9002CDD741354C1063C769581E26EEC73DCDA92BA317151CC37B4713E4E9"
"origine\sd\sorgenti\bm-sd\librerie_generali\Utility_dll.pas","3712","89758418A4C88C0FA682E0A4C911CE4E52333A89B28D16156520911E8B15A11E"
"origine\sd\sorgenti\bm-sd\projectbrowser\InterfDLL.pas","24585","85F821DB8CD0C58DF521E9EE21721B26D9BB78D7025779C43EA2A48A9271B53D"
"origine\sd\sorgenti\bm-sd\Sun-Trace\Main_suntrace.ddp","51","8B69BBBD2D66C190368104AE96EFCE2329D3543372DBD7B89EC393068519526C"
"origine\sd\sorgenti\bm-sd\Sun-Trace\Main_suntrace.dfm","26422","5E3C2E83AF350B817DB44A97805ECF224FE1761421C84B4BCEC28F6926C99F40"
"origine\sd\sorgenti\bm-sd\Sun-Trace\Main_suntrace.pas","6764","59F75AD3CF7D948D299DE289D47F68B8030636D8F92E8187D2F6CE5122FE4E7E"
"origine\sd\sorgenti\bm-sd\Sun-Trace\Varcarichi.pas","331","D386D5CDEDC76DDA465A4F7276814D5A502F455FDD82C641D09176C3D77F7FBD"
"origine\sd\sorgenti\bm-sd\utils\Geometria.pas","2619","C5532C6E4EFBDE208B3AE14CB26414AD83BB8403331F693A6E8FBB77EBBF4515"
"PROVENIENZA.csv","235852","72D7E5DF3319812C017C73BB29CC4032C1614CC795094E78F7888FD8CF6486A9"
"README.md","3125","060170D85EE4EE8E89E1A4A676FD0432A708B73A393807BC89081DBC94315A41"
