"Categoria","FileRaccolta","FileOriginale"
"Dipendenza/CanaliAria","Pascal\02_Sottosistemi_Completi\origine\bmsistemi\drivep\prjs\cpi win clima\versione_10\CARICHI\varcarichi.pas","C:\DOCUMENTI\bmsistemi\drivep\prjs\cpi win clima\versione_10\CARICHI\varcarichi.pas"
"Dipendenza/CarichiTermici","Pascal\02_Sottosistemi_Completi\origine\bmsistemi\drivep\prjs\cpi win clima\VERSIONE_10\CARICHI\Varcarichi_estivo_14.pas","C:\DOCUMENTI\bmsistemi\drivep\prjs\cpi win clima\VERSIONE_10\CARICHI\Varcarichi_estivo_14.pas"
"RisorsaDipendenza/Tubazioni","Pascal\02_Sottosistemi_Completi\origine\bmsistemi\drivepsviluppo\Comp\Source\UNIT_CONDIVISE\BMEureka.ddp","C:\DOCUMENTI\bmsistemi\drivepsviluppo\Comp\Source\UNIT_CONDIVISE\BMEureka.ddp"
"RisorsaDipendenza/Tubazioni","Pascal\02_Sottosistemi_Completi\origine\bmsistemi\drivepsviluppo\Comp\Source\UNIT_CONDIVISE\BMEureka.dfm","C:\DOCUMENTI\bmsistemi\drivepsviluppo\Comp\Source\UNIT_CONDIVISE\BMEureka.dfm"
"Dipendenza/Tubazioni","Pascal\02_Sottosistemi_Completi\origine\bmsistemi\drivepsviluppo\Comp\Source\UNIT_CONDIVISE\BMEureka.pas","C:\DOCUMENTI\bmsistemi\drivepsviluppo\Comp\Source\UNIT_CONDIVISE\BMEureka.pas"
"Dipendenza/Tubazioni","Pascal\02_Sottosistemi_Completi\origine\bmsistemi\drivepsviluppo\prjs\cpi win clima\versione_10\3D\chiamateOggetti.pas","C:\DOCUMENTI\bmsistemi\drivepsviluppo\prjs\cpi win clima\versione_10\3D\chiamateOggetti.pas"
"Dipendenza/Tubazioni","Pascal\02_Sottosistemi_Completi\origine\bmsistemi\drivepsviluppo\prjs\cpi win clima\versione_10\3D\compila_form_database.pas","C:\DOCUMENTI\bmsistemi\drivepsviluppo\prjs\cpi win clima\versione_10\3D\compila_form_database.pas"
"Dipendenza/Tubazioni","Pascal\02_Sottosistemi_Completi\origine\bmsistemi\drivepsviluppo\prjs\cpi win clima\versione_10\3D\Config_Var.pas","C:\DOCUMENTI\bmsistemi\drivepsviluppo\prjs\cpi win clima\versione_10\3D\Config_Var.pas"
"Dipendenza/Tubazioni","Pascal\02_Sottosistemi_Completi\origine\bmsistemi\drivepsviluppo\prjs\cpi win clima\versione_10\3D\CopiaCaricatabelle.pas","C:\DOCUMENTI\bmsistemi\drivepsviluppo\prjs\cpi win clima\versione_10\3D\CopiaCaricatabelle.pas"
"Dipendenza/Tubazioni","Pascal\02_Sottosistemi_Completi\origine\bmsistemi\drivepsviluppo\prjs\cpi win clima\versione_10\3D\copialetturadisegno3d.pas","C:\DOCUMENTI\bmsistemi\drivepsviluppo\prjs\cpi win clima\versione_10\3D\copialetturadisegno3d.pas"
"Dipendenza/Tubazioni","Pascal\02_Sottosistemi_Completi\origine\bmsistemi\drivepsviluppo\prjs\cpi win clima\versione_10\3D\copiaUCaricadati.pas","C:\DOCUMENTI\bmsistemi\drivepsviluppo\prjs\cpi win clima\versione_10\3D\copiaUCaricadati.pas"
"Dipendenza/Tubazioni","Pascal\02_Sottosistemi_Completi\origine\bmsistemi\drivepsviluppo\prjs\cpi win clima\versione_10\3D\CreaDxfEdificio.pas","C:\DOCUMENTI\bmsistemi\drivepsviluppo\prjs\cpi win clima\versione_10\3D\CreaDxfEdificio.pas"
"Dipendenza/Tubazioni","Pascal\02_Sottosistemi_Completi\origine\bmsistemi\drivepsviluppo\prjs\cpi win clima\versione_10\3D\disedificio.pas","C:\DOCUMENTI\bmsistemi\drivepsviluppo\prjs\cpi win clima\versione_10\3D\disedificio.pas"
"Dipendenza/Tubazioni","Pascal\02_Sottosistemi_Completi\origine\bmsistemi\drivepsviluppo\prjs\cpi win clima\versione_10\3D\Fasi_progetto.pas","C:\DOCUMENTI\bmsistemi\drivepsviluppo\prjs\cpi win clima\versione_10\3D\Fasi_progetto.pas"
"RisorsaDipendenza/Tubazioni","Pascal\02_Sottosistemi_Completi\origine\bmsistemi\drivepsviluppo\prjs\cpi win clima\versione_10\3D\Fconsigli.ddp","C:\DOCUMENTI\bmsistemi\drivepsviluppo\prjs\cpi win clima\versione_10\3D\Fconsigli.ddp"
"RisorsaDipendenza/Tubazioni","Pascal\02_Sottosistemi_Completi\origine\bmsistemi\drivepsviluppo\prjs\cpi win clima\versione_10\3D\Fconsigli.dfm","C:\DOCUMENTI\bmsistemi\drivepsviluppo\prjs\cpi win clima\versione_10\3D\Fconsigli.dfm"
"Dipendenza/Tubazioni","Pascal\02_Sottosistemi_Completi\origine\bmsistemi\drivepsviluppo\prjs\cpi win clima\versione_10\3D\Fconsigli.pas","C:\DOCUMENTI\bmsistemi\drivepsviluppo\prjs\cpi win clima\versione_10\3D\Fconsigli.pas"
"RisorsaDipendenza/Tubazioni","Pascal\02_Sottosistemi_Completi\origine\bmsistemi\drivepsviluppo\prjs\cpi win clima\versione_10\3D\form\Archpers3D.dfm","C:\DOCUMENTI\bmsistemi\drivepsviluppo\prjs\cpi win clima\versione_10\3D\form\Archpers3D.dfm"
"Dipendenza/Tubazioni","Pascal\02_Sottosistemi_Completi\origine\bmsistemi\drivepsviluppo\prjs\cpi win clima\versione_10\3D\form\Archpers3D.pas","C:\DOCUMENTI\bmsistemi\drivepsviluppo\prjs\cpi win clima\versione_10\3D\form\Archpers3D.pas"
"RisorsaDipendenza/Tubazioni","Pascal\02_Sottosistemi_Completi\origine\bmsistemi\drivepsviluppo\prjs\cpi win clima\versione_10\3D\form\Cambiaelab.ddp","C:\DOCUMENTI\bmsistemi\drivepsviluppo\prjs\cpi win clima\versione_10\3D\form\Cambiaelab.ddp"
"RisorsaDipendenza/Tubazioni","Pascal\02_Sottosistemi_Completi\origine\bmsistemi\drivepsviluppo\prjs\cpi win clima\versione_10\3D\form\Cambiaelab.dfm","C:\DOCUMENTI\bmsistemi\drivepsviluppo\prjs\cpi win clima\versione_10\3D\form\Cambiaelab.dfm"
"Dipendenza/Tubazioni","Pascal\02_Sottosistemi_Completi\origine\bmsistemi\drivepsviluppo\prjs\cpi win clima\versione_10\3D\form\Cambiaelab.pas","C:\DOCUMENTI\bmsistemi\drivepsviluppo\prjs\cpi win clima\versione_10\3D\form\Cambiaelab.pas"
"RisorsaDipendenza/Tubazioni","Pascal\02_Sottosistemi_Completi\origine\bmsistemi\drivepsviluppo\prjs\cpi win clima\versione_10\3D\form\Carburanti3D.ddp","C:\DOCUMENTI\bmsistemi\drivepsviluppo\prjs\cpi win clima\versione_10\3D\form\Carburanti3D.ddp"
"RisorsaDipendenza/Tubazioni","Pascal\02_Sottosistemi_Completi\origine\bmsistemi\drivepsviluppo\prjs\cpi win clima\versione_10\3D\form\Carburanti3D.dfm","C:\DOCUMENTI\bmsistemi\drivepsviluppo\prjs\cpi win clima\versione_10\3D\form\Carburanti3D.dfm"
"Dipendenza/Tubazioni","Pascal\02_Sottosistemi_Completi\origine\bmsistemi\drivepsviluppo\prjs\cpi win clima\versione_10\3D\form\Carburanti3D.pas","C:\DOCUMENTI\bmsistemi\drivepsviluppo\prjs\cpi win clima\versione_10\3D\form\Carburanti3D.pas"
"RisorsaDipendenza/Tubazioni","Pascal\02_Sottosistemi_Completi\origine\bmsistemi\drivepsviluppo\prjs\cpi win clima\versione_10\3D\form\Conferma3d.ddp","C:\DOCUMENTI\bmsistemi\drivepsviluppo\prjs\cpi win clima\versione_10\3D\form\Conferma3d.ddp"
"RisorsaDipendenza/Tubazioni","Pascal\02_Sottosistemi_Completi\origine\bmsistemi\drivepsviluppo\prjs\cpi win clima\versione_10\3D\form\Conferma3d.dfm","C:\DOCUMENTI\bmsistemi\drivepsviluppo\prjs\cpi win clima\versione_10\3D\form\Conferma3d.dfm"
"Dipendenza/Tubazioni","Pascal\02_Sottosistemi_Completi\origine\bmsistemi\drivepsviluppo\prjs\cpi win clima\versione_10\3D\form\Conferma3d.pas","C:\DOCUMENTI\bmsistemi\drivepsviluppo\prjs\cpi win clima\versione_10\3D\form\Conferma3d.pas"
"RisorsaDipendenza/Tubazioni","Pascal\02_Sottosistemi_Completi\origine\bmsistemi\drivepsviluppo\prjs\cpi win clima\versione_10\3D\form\Confineparete3D.ddp","C:\DOCUMENTI\bmsistemi\drivepsviluppo\prjs\cpi win clima\versione_10\3D\form\Confineparete3D.ddp"
"RisorsaDipendenza/Tubazioni","Pascal\02_Sottosistemi_Completi\origine\bmsistemi\drivepsviluppo\prjs\cpi win clima\versione_10\3D\form\Confineparete3D.dfm","C:\DOCUMENTI\bmsistemi\drivepsviluppo\prjs\cpi win clima\versione_10\3D\form\Confineparete3D.dfm"
"Dipendenza/Tubazioni","Pascal\02_Sottosistemi_Completi\origine\bmsistemi\drivepsviluppo\prjs\cpi win clima\versione_10\3D\form\Confineparete3D.pas","C:\DOCUMENTI\bmsistemi\drivepsviluppo\prjs\cpi win clima\versione_10\3D\form\Confineparete3D.pas"
"RisorsaDipendenza/Tubazioni","Pascal\02_Sottosistemi_Completi\origine\bmsistemi\drivepsviluppo\prjs\cpi win clima\versione_10\3D\form\controlla3d.ddp","C:\DOCUMENTI\bmsistemi\drivepsviluppo\prjs\cpi win clima\versione_10\3D\form\controlla3d.ddp"
"RisorsaDipendenza/Tubazioni","Pascal\02_Sottosistemi_Completi\origine\bmsistemi\drivepsviluppo\prjs\cpi win clima\versione_10\3D\form\controlla3d.dfm","C:\DOCUMENTI\bmsistemi\drivepsviluppo\prjs\cpi win clima\versione_10\3D\form\controlla3d.dfm"
"Dipendenza/Tubazioni","Pascal\02_Sottosistemi_Completi\origine\bmsistemi\drivepsviluppo\prjs\cpi win clima\versione_10\3D\form\controlla3d.pas","C:\DOCUMENTI\bmsistemi\drivepsviluppo\prjs\cpi win clima\versione_10\3D\form\controlla3d.pas"
"RisorsaDipendenza/Tubazioni","Pascal\02_Sottosistemi_Completi\origine\bmsistemi\drivepsviluppo\prjs\cpi win clima\versione_10\3D\form\Edificio3D.ddp","C:\DOCUMENTI\bmsistemi\drivepsviluppo\prjs\cpi win clima\versione_10\3D\form\Edificio3D.ddp"
"RisorsaDipendenza/Tubazioni","Pascal\02_Sottosistemi_Completi\origine\bmsistemi\drivepsviluppo\prjs\cpi win clima\versione_10\3D\form\Edificio3D.dfm","C:\DOCUMENTI\bmsistemi\drivepsviluppo\prjs\cpi win clima\versione_10\3D\form\Edificio3D.dfm"
"Dipendenza/Tubazioni","Pascal\02_Sottosistemi_Completi\origine\bmsistemi\drivepsviluppo\prjs\cpi win clima\versione_10\3D\form\Edificio3D.pas","C:\DOCUMENTI\bmsistemi\drivepsviluppo\prjs\cpi win clima\versione_10\3D\form\Edificio3D.pas"
"RisorsaDipendenza/Tubazioni","Pascal\02_Sottosistemi_Completi\origine\bmsistemi\drivepsviluppo\prjs\cpi win clima\versione_10\3D\form\Errori3D.dfm","C:\DOCUMENTI\bmsistemi\drivepsviluppo\prjs\cpi win clima\versione_10\3D\form\Errori3D.dfm"
"Dipendenza/Tubazioni","Pascal\02_Sottosistemi_Completi\origine\bmsistemi\drivepsviluppo\prjs\cpi win clima\versione_10\3D\form\Errori3D.pas","C:\DOCUMENTI\bmsistemi\drivepsviluppo\prjs\cpi win clima\versione_10\3D\form\Errori3D.pas"
"RisorsaDipendenza/Tubazioni","Pascal\02_Sottosistemi_Completi\origine\bmsistemi\drivepsviluppo\prjs\cpi win clima\versione_10\3D\form\Falde3D.ddp","C:\DOCUMENTI\bmsistemi\drivepsviluppo\prjs\cpi win clima\versione_10\3D\form\Falde3D.ddp"
"RisorsaDipendenza/Tubazioni","Pascal\02_Sottosistemi_Completi\origine\bmsistemi\drivepsviluppo\prjs\cpi win clima\versione_10\3D\form\Falde3D.dfm","C:\DOCUMENTI\bmsistemi\drivepsviluppo\prjs\cpi win clima\versione_10\3D\form\Falde3D.dfm"
"Dipendenza/Tubazioni","Pascal\02_Sottosistemi_Completi\origine\bmsistemi\drivepsviluppo\prjs\cpi win clima\versione_10\3D\form\Falde3D.pas","C:\DOCUMENTI\bmsistemi\drivepsviluppo\prjs\cpi win clima\versione_10\3D\form\Falde3D.pas"
"RisorsaDipendenza/Tubazioni","Pascal\02_Sottosistemi_Completi\origine\bmsistemi\drivepsviluppo\prjs\cpi win clima\versione_10\3D\form\filedialog.ddp","C:\DOCUMENTI\bmsistemi\drivepsviluppo\prjs\cpi win clima\versione_10\3D\form\filedialog.ddp"
"RisorsaDipendenza/Tubazioni","Pascal\02_Sottosistemi_Completi\origine\bmsistemi\drivepsviluppo\prjs\cpi win clima\versione_10\3D\form\filedialog.dfm","C:\DOCUMENTI\bmsistemi\drivepsviluppo\prjs\cpi win clima\versione_10\3D\form\filedialog.dfm"
"Dipendenza/Tubazioni","Pascal\02_Sottosistemi_Completi\origine\bmsistemi\drivepsviluppo\prjs\cpi win clima\versione_10\3D\form\filedialog.pas","C:\DOCUMENTI\bmsistemi\drivepsviluppo\prjs\cpi win clima\versione_10\3D\form\filedialog.pas"
"RisorsaDipendenza/Tubazioni","Pascal\02_Sottosistemi_Completi\origine\bmsistemi\drivepsviluppo\prjs\cpi win clima\versione_10\3D\form\Generatore3D.ddp","C:\DOCUMENTI\bmsistemi\drivepsviluppo\prjs\cpi win clima\versione_10\3D\form\Generatore3D.ddp"
"RisorsaDipendenza/Tubazioni","Pascal\02_Sottosistemi_Completi\origine\bmsistemi\drivepsviluppo\prjs\cpi win clima\versione_10\3D\form\Generatore3D.dfm","C:\DOCUMENTI\bmsistemi\drivepsviluppo\prjs\cpi win clima\versione_10\3D\form\Generatore3D.dfm"
"Dipendenza/Tubazioni","Pascal\02_Sottosistemi_Completi\origine\bmsistemi\drivepsviluppo\prjs\cpi win clima\versione_10\3D\form\Generatore3D.pas","C:\DOCUMENTI\bmsistemi\drivepsviluppo\prjs\cpi win clima\versione_10\3D\form\Generatore3D.pas"
"RisorsaDipendenza/Tubazioni","Pascal\02_Sottosistemi_Completi\origine\bmsistemi\drivepsviluppo\prjs\cpi win clima\versione_10\3D\form\Generatori3D.ddp","C:\DOCUMENTI\bmsistemi\drivepsviluppo\prjs\cpi win clima\versione_10\3D\form\Generatori3D.ddp"
"RisorsaDipendenza/Tubazioni","Pascal\02_Sottosistemi_Completi\origine\bmsistemi\drivepsviluppo\prjs\cpi win clima\versione_10\3D\form\Generatori3D.dfm","C:\DOCUMENTI\bmsistemi\drivepsviluppo\prjs\cpi win clima\versione_10\3D\form\Generatori3D.dfm"
"Dipendenza/Tubazioni","Pascal\02_Sottosistemi_Completi\origine\bmsistemi\drivepsviluppo\prjs\cpi win clima\versione_10\3D\form\Generatori3D.pas","C:\DOCUMENTI\bmsistemi\drivepsviluppo\prjs\cpi win clima\versione_10\3D\form\Generatori3D.pas"
"RisorsaDipendenza/Tubazioni","Pascal\02_Sottosistemi_Completi\origine\bmsistemi\drivepsviluppo\prjs\cpi win clima\versione_10\3D\form\Impianti3D.ddp","C:\DOCUMENTI\bmsistemi\drivepsviluppo\prjs\cpi win clima\versione_10\3D\form\Impianti3D.ddp"
"RisorsaDipendenza/Tubazioni","Pascal\02_Sottosistemi_Completi\origine\bmsistemi\drivepsviluppo\prjs\cpi win clima\versione_10\3D\form\Impianti3D.dfm","C:\DOCUMENTI\bmsistemi\drivepsviluppo\prjs\cpi win clima\versione_10\3D\form\Impianti3D.dfm"
"Dipendenza/Tubazioni","Pascal\02_Sottosistemi_Completi\origine\bmsistemi\drivepsviluppo\prjs\cpi win clima\versione_10\3D\form\Impianti3D.pas","C:\DOCUMENTI\bmsistemi\drivepsviluppo\prjs\cpi win clima\versione_10\3D\form\Impianti3D.pas"
"RisorsaDipendenza/Tubazioni","Pascal\02_Sottosistemi_Completi\origine\bmsistemi\drivepsviluppo\prjs\cpi win clima\versione_10\3D\form\Piani3d.ddp","C:\DOCUMENTI\bmsistemi\drivepsviluppo\prjs\cpi win clima\versione_10\3D\form\Piani3d.ddp"
"RisorsaDipendenza/Tubazioni","Pascal\02_Sottosistemi_Completi\origine\bmsistemi\drivepsviluppo\prjs\cpi win clima\versione_10\3D\form\Piani3d.dfm","C:\DOCUMENTI\bmsistemi\drivepsviluppo\prjs\cpi win clima\versione_10\3D\form\Piani3d.dfm"
"Dipendenza/Tubazioni","Pascal\02_Sottosistemi_Completi\origine\bmsistemi\drivepsviluppo\prjs\cpi win clima\versione_10\3D\form\Piani3d.pas","C:\DOCUMENTI\bmsistemi\drivepsviluppo\prjs\cpi win clima\versione_10\3D\form\Piani3d.pas"
"Dipendenza/Tubazioni","Pascal\02_Sottosistemi_Completi\origine\bmsistemi\drivepsviluppo\prjs\cpi win clima\versione_10\3D\form\prova.pas","C:\DOCUMENTI\bmsistemi\drivepsviluppo\prjs\cpi win clima\versione_10\3D\form\prova.pas"
"RisorsaDipendenza/Tubazioni","Pascal\02_Sottosistemi_Completi\origine\bmsistemi\drivepsviluppo\prjs\cpi win clima\versione_10\3D\form\Reti3D.ddp","C:\DOCUMENTI\bmsistemi\drivepsviluppo\prjs\cpi win clima\versione_10\3D\form\Reti3D.ddp"
"RisorsaDipendenza/Tubazioni","Pascal\02_Sottosistemi_Completi\origine\bmsistemi\drivepsviluppo\prjs\cpi win clima\versione_10\3D\form\Reti3D.dfm","C:\DOCUMENTI\bmsistemi\drivepsviluppo\prjs\cpi win clima\versione_10\3D\form\Reti3D.dfm"
"Dipendenza/Tubazioni","Pascal\02_Sottosistemi_Completi\origine\bmsistemi\drivepsviluppo\prjs\cpi win clima\versione_10\3D\form\Reti3D.pas","C:\DOCUMENTI\bmsistemi\drivepsviluppo\prjs\cpi win clima\versione_10\3D\form\Reti3D.pas"
"RisorsaDipendenza/Tubazioni","Pascal\02_Sottosistemi_Completi\origine\bmsistemi\drivepsviluppo\prjs\cpi win clima\versione_10\3D\form\Selectdir.ddp","C:\DOCUMENTI\bmsistemi\drivepsviluppo\prjs\cpi win clima\versione_10\3D\form\Selectdir.ddp"
"RisorsaDipendenza/Tubazioni","Pascal\02_Sottosistemi_Completi\origine\bmsistemi\drivepsviluppo\prjs\cpi win clima\versione_10\3D\form\Selectdir.dfm","C:\DOCUMENTI\bmsistemi\drivepsviluppo\prjs\cpi win clima\versione_10\3D\form\Selectdir.dfm"
"Dipendenza/Tubazioni","Pascal\02_Sottosistemi_Completi\origine\bmsistemi\drivepsviluppo\prjs\cpi win clima\versione_10\3D\form\Selectdir.pas","C:\DOCUMENTI\bmsistemi\drivepsviluppo\prjs\cpi win clima\versione_10\3D\form\Selectdir.pas"
"RisorsaDipendenza/Tubazioni","Pascal\02_Sottosistemi_Completi\origine\bmsistemi\drivepsviluppo\prjs\cpi win clima\versione_10\3D\form\Terminali3d.ddp","C:\DOCUMENTI\bmsistemi\drivepsviluppo\prjs\cpi win clima\versione_10\3D\form\Terminali3d.ddp"
"RisorsaDipendenza/Tubazioni","Pascal\02_Sottosistemi_Completi\origine\bmsistemi\drivepsviluppo\prjs\cpi win clima\versione_10\3D\form\Terminali3d.dfm","C:\DOCUMENTI\bmsistemi\drivepsviluppo\prjs\cpi win clima\versione_10\3D\form\Terminali3d.dfm"
"Dipendenza/Tubazioni","Pascal\02_Sottosistemi_Completi\origine\bmsistemi\drivepsviluppo\prjs\cpi win clima\versione_10\3D\form\Terminali3d.pas","C:\DOCUMENTI\bmsistemi\drivepsviluppo\prjs\cpi win clima\versione_10\3D\form\Terminali3d.pas"
"RisorsaDipendenza/Tubazioni","Pascal\02_Sottosistemi_Completi\origine\bmsistemi\drivepsviluppo\prjs\cpi win clima\versione_10\3D\form\tipirete.ddp","C:\DOCUMENTI\bmsistemi\drivepsviluppo\prjs\cpi win clima\versione_10\3D\form\tipirete.ddp"
"RisorsaDipendenza/Tubazioni","Pascal\02_Sottosistemi_Completi\origine\bmsistemi\drivepsviluppo\prjs\cpi win clima\versione_10\3D\form\tipirete.dfm","C:\DOCUMENTI\bmsistemi\drivepsviluppo\prjs\cpi win clima\versione_10\3D\form\tipirete.dfm"
"Dipendenza/Tubazioni","Pascal\02_Sottosistemi_Completi\origine\bmsistemi\drivepsviluppo\prjs\cpi win clima\versione_10\3D\form\tipirete.pas","C:\DOCUMENTI\bmsistemi\drivepsviluppo\prjs\cpi win clima\versione_10\3D\form\tipirete.pas"
"RisorsaDipendenza/Tubazioni","Pascal\02_Sottosistemi_Completi\origine\bmsistemi\drivepsviluppo\prjs\cpi win clima\versione_10\3D\form\tratti_rete3d.ddp","C:\DOCUMENTI\bmsistemi\drivepsviluppo\prjs\cpi win clima\versione_10\3D\form\tratti_rete3d.ddp"
"RisorsaDipendenza/Tubazioni","Pascal\02_Sottosistemi_Completi\origine\bmsistemi\drivepsviluppo\prjs\cpi win clima\versione_10\3D\form\tratti_rete3d.dfm","C:\DOCUMENTI\bmsistemi\drivepsviluppo\prjs\cpi win clima\versione_10\3D\form\tratti_rete3d.dfm"
"Dipendenza/Tubazioni","Pascal\02_Sottosistemi_Completi\origine\bmsistemi\drivepsviluppo\prjs\cpi win clima\versione_10\3D\form\tratti_rete3d.pas","C:\DOCUMENTI\bmsistemi\drivepsviluppo\prjs\cpi win clima\versione_10\3D\form\tratti_rete3d.pas"
"RisorsaDipendenza/Tubazioni","Pascal\02_Sottosistemi_Completi\origine\bmsistemi\drivepsviluppo\prjs\cpi win clima\versione_10\3D\form\Zone3D.ddp","C:\DOCUMENTI\bmsistemi\drivepsviluppo\prjs\cpi win clima\versione_10\3D\form\Zone3D.ddp"
"RisorsaDipendenza/Tubazioni","Pascal\02_Sottosistemi_Completi\origine\bmsistemi\drivepsviluppo\prjs\cpi win clima\versione_10\3D\form\Zone3D.dfm","C:\DOCUMENTI\bmsistemi\drivepsviluppo\prjs\cpi win clima\versione_10\3D\form\Zone3D.dfm"
"Dipendenza/Tubazioni","Pascal\02_Sottosistemi_Completi\origine\bmsistemi\drivepsviluppo\prjs\cpi win clima\versione_10\3D\form\Zone3D.pas","C:\DOCUMENTI\bmsistemi\drivepsviluppo\prjs\cpi win clima\versione_10\3D\form\Zone3D.pas"
"Dipendenza/Tubazioni","Pascal\02_Sottosistemi_Completi\origine\bmsistemi\drivepsviluppo\prjs\cpi win clima\versione_10\3D\Funz_reti.pas","C:\DOCUMENTI\bmsistemi\drivepsviluppo\prjs\cpi win clima\versione_10\3D\Funz_reti.pas"
"Dipendenza/Tubazioni","Pascal\02_Sottosistemi_Completi\origine\bmsistemi\drivepsviluppo\prjs\cpi win clima\versione_10\3D\GestDim.pas","C:\DOCUMENTI\bmsistemi\drivepsviluppo\prjs\cpi win clima\versione_10\3D\GestDim.pas"
"Dipendenza/Tubazioni","Pascal\02_Sottosistemi_Completi\origine\bmsistemi\drivepsviluppo\prjs\cpi win clima\versione_10\3D\gesterrori.pas","C:\DOCUMENTI\bmsistemi\drivepsviluppo\prjs\cpi win clima\versione_10\3D\gesterrori.pas"
"Dipendenza/Tubazioni","Pascal\02_Sottosistemi_Completi\origine\bmsistemi\drivepsviluppo\prjs\cpi win clima\versione_10\3D\gestione_dati.pas","C:\DOCUMENTI\bmsistemi\drivepsviluppo\prjs\cpi win clima\versione_10\3D\gestione_dati.pas"
"Dipendenza/Tubazioni","Pascal\02_Sottosistemi_Completi\origine\bmsistemi\drivepsviluppo\prjs\cpi win clima\versione_10\3D\grafica2d.pas","C:\DOCUMENTI\bmsistemi\drivepsviluppo\prjs\cpi win clima\versione_10\3D\grafica2d.pas"
"Dipendenza/Tubazioni","Pascal\02_Sottosistemi_Completi\origine\bmsistemi\drivepsviluppo\prjs\cpi win clima\versione_10\3D\Init_cad3D.pas","C:\DOCUMENTI\bmsistemi\drivepsviluppo\prjs\cpi win clima\versione_10\3D\Init_cad3D.pas"
"Dipendenza/Tubazioni","Pascal\02_Sottosistemi_Completi\origine\bmsistemi\drivepsviluppo\prjs\cpi win clima\versione_10\3D\init_l10.pas","C:\DOCUMENTI\bmsistemi\drivepsviluppo\prjs\cpi win clima\versione_10\3D\init_l10.pas"
"Dipendenza/Tubazioni","Pascal\02_Sottosistemi_Completi\origine\bmsistemi\drivepsviluppo\prjs\cpi win clima\versione_10\3D\InitEstivo.pas","C:\DOCUMENTI\bmsistemi\drivepsviluppo\prjs\cpi win clima\versione_10\3D\InitEstivo.pas"
"Dipendenza/Tubazioni","Pascal\02_Sottosistemi_Completi\origine\bmsistemi\drivepsviluppo\prjs\cpi win clima\versione_10\3D\Inport_climaenergia.pas","C:\DOCUMENTI\bmsistemi\drivepsviluppo\prjs\cpi win clima\versione_10\3D\Inport_climaenergia.pas"
"Dipendenza/Tubazioni","Pascal\02_Sottosistemi_Completi\origine\bmsistemi\drivepsviluppo\prjs\cpi win clima\versione_10\3D\leggidxf.pas","C:\DOCUMENTI\bmsistemi\drivepsviluppo\prjs\cpi win clima\versione_10\3D\leggidxf.pas"
"Dipendenza/Tubazioni","Pascal\02_Sottosistemi_Completi\origine\bmsistemi\drivepsviluppo\prjs\cpi win clima\versione_10\3D\LetturaInMemoria.pas","C:\DOCUMENTI\bmsistemi\drivepsviluppo\prjs\cpi win clima\versione_10\3D\LetturaInMemoria.pas"
"Dipendenza/Tubazioni","Pascal\02_Sottosistemi_Completi\origine\bmsistemi\drivepsviluppo\prjs\cpi win clima\versione_10\3D\Log.pas","C:\DOCUMENTI\bmsistemi\drivepsviluppo\prjs\cpi win clima\versione_10\3D\Log.pas"
"Dipendenza/Tubazioni","Pascal\02_Sottosistemi_Completi\origine\bmsistemi\drivepsviluppo\prjs\cpi win clima\versione_10\3D\Mess_reti.pas","C:\DOCUMENTI\bmsistemi\drivepsviluppo\prjs\cpi win clima\versione_10\3D\Mess_reti.pas"
"RisorsaDipendenza/Tubazioni","Pascal\02_Sottosistemi_Completi\origine\bmsistemi\drivepsviluppo\prjs\cpi win clima\versione_10\3D\progress3D.ddp","C:\DOCUMENTI\bmsistemi\drivepsviluppo\prjs\cpi win clima\versione_10\3D\progress3D.ddp"
"RisorsaDipendenza/Tubazioni","Pascal\02_Sottosistemi_Completi\origine\bmsistemi\drivepsviluppo\prjs\cpi win clima\versione_10\3D\progress3D.dfm","C:\DOCUMENTI\bmsistemi\drivepsviluppo\prjs\cpi win clima\versione_10\3D\progress3D.dfm"
"Dipendenza/Tubazioni","Pascal\02_Sottosistemi_Completi\origine\bmsistemi\drivepsviluppo\prjs\cpi win clima\versione_10\3D\progress3D.pas","C:\DOCUMENTI\bmsistemi\drivepsviluppo\prjs\cpi win clima\versione_10\3D\progress3D.pas"
"RisorsaDipendenza/Tubazioni","Pascal\02_Sottosistemi_Completi\origine\bmsistemi\drivepsviluppo\prjs\cpi win clima\versione_10\3D\Secondario.ddp","C:\DOCUMENTI\bmsistemi\drivepsviluppo\prjs\cpi win clima\versione_10\3D\Secondario.ddp"
"RisorsaDipendenza/Tubazioni","Pascal\02_Sottosistemi_Completi\origine\bmsistemi\drivepsviluppo\prjs\cpi win clima\versione_10\3D\Secondario.dfm","C:\DOCUMENTI\bmsistemi\drivepsviluppo\prjs\cpi win clima\versione_10\3D\Secondario.dfm"
"Dipendenza/Tubazioni","Pascal\02_Sottosistemi_Completi\origine\bmsistemi\drivepsviluppo\prjs\cpi win clima\versione_10\3D\Secondario.pas","C:\DOCUMENTI\bmsistemi\drivepsviluppo\prjs\cpi win clima\versione_10\3D\Secondario.pas"
"Dipendenza/Tubazioni","Pascal\02_Sottosistemi_Completi\origine\bmsistemi\drivepsviluppo\prjs\cpi win clima\versione_10\3D\setta_config_User.pas","C:\DOCUMENTI\bmsistemi\drivepsviluppo\prjs\cpi win clima\versione_10\3D\setta_config_User.pas"
"Dipendenza/Tubazioni","Pascal\02_Sottosistemi_Completi\origine\bmsistemi\drivepsviluppo\prjs\cpi win clima\versione_10\3D\temp\semplificate\colore_pareti.pas","C:\DOCUMENTI\bmsistemi\drivepsviluppo\prjs\cpi win clima\versione_10\3D\temp\semplificate\colore_pareti.pas"
"RisorsaDipendenza/Tubazioni","Pascal\02_Sottosistemi_Completi\origine\bmsistemi\drivepsviluppo\prjs\cpi win clima\versione_10\3D\Tool_visualizza3d.ddp","C:\DOCUMENTI\bmsistemi\drivepsviluppo\prjs\cpi win clima\versione_10\3D\Tool_visualizza3d.ddp"
"RisorsaDipendenza/Tubazioni","Pascal\02_Sottosistemi_Completi\origine\bmsistemi\drivepsviluppo\prjs\cpi win clima\versione_10\3D\Tool_visualizza3d.dfm","C:\DOCUMENTI\bmsistemi\drivepsviluppo\prjs\cpi win clima\versione_10\3D\Tool_visualizza3d.dfm"
"Dipendenza/Tubazioni","Pascal\02_Sottosistemi_Completi\origine\bmsistemi\drivepsviluppo\prjs\cpi win clima\versione_10\3D\Tool_visualizza3d.pas","C:\DOCUMENTI\bmsistemi\drivepsviluppo\prjs\cpi win clima\versione_10\3D\Tool_visualizza3d.pas"
"RisorsaDipendenza/Tubazioni","Pascal\02_Sottosistemi_Completi\origine\bmsistemi\drivepsviluppo\prjs\cpi win clima\versione_10\3D\U3dsd.ddp","C:\DOCUMENTI\bmsistemi\drivepsviluppo\prjs\cpi win clima\versione_10\3D\U3dsd.ddp"
"RisorsaDipendenza/Tubazioni","Pascal\02_Sottosistemi_Completi\origine\bmsistemi\drivepsviluppo\prjs\cpi win clima\versione_10\3D\U3dsd.dfm","C:\DOCUMENTI\bmsistemi\drivepsviluppo\prjs\cpi win clima\versione_10\3D\U3dsd.dfm"
"Dipendenza/Tubazioni","Pascal\02_Sottosistemi_Completi\origine\bmsistemi\drivepsviluppo\prjs\cpi win clima\versione_10\3D\U3dsd.pas","C:\DOCUMENTI\bmsistemi\drivepsviluppo\prjs\cpi win clima\versione_10\3D\U3dsd.pas"
"RisorsaDipendenza/Tubazioni","Pascal\02_Sottosistemi_Completi\origine\bmsistemi\drivepsviluppo\prjs\cpi win clima\versione_10\3D\U3dsdridotto.ddp","C:\DOCUMENTI\bmsistemi\drivepsviluppo\prjs\cpi win clima\versione_10\3D\U3dsdridotto.ddp"
"RisorsaDipendenza/Tubazioni","Pascal\02_Sottosistemi_Completi\origine\bmsistemi\drivepsviluppo\prjs\cpi win clima\versione_10\3D\U3dsdridotto.dfm","C:\DOCUMENTI\bmsistemi\drivepsviluppo\prjs\cpi win clima\versione_10\3D\U3dsdridotto.dfm"
"Dipendenza/Tubazioni","Pascal\02_Sottosistemi_Completi\origine\bmsistemi\drivepsviluppo\prjs\cpi win clima\versione_10\3D\U3dsdridotto.pas","C:\DOCUMENTI\bmsistemi\drivepsviluppo\prjs\cpi win clima\versione_10\3D\U3dsdridotto.pas"
"Dipendenza/Tubazioni","Pascal\02_Sottosistemi_Completi\origine\bmsistemi\drivepsviluppo\prjs\cpi win clima\versione_10\3D\Ugest_cad.pas","C:\DOCUMENTI\bmsistemi\drivepsviluppo\prjs\cpi win clima\versione_10\3D\Ugest_cad.pas"
"Dipendenza/Tubazioni","Pascal\02_Sottosistemi_Completi\origine\bmsistemi\drivepsviluppo\prjs\cpi win clima\versione_10\3D\UinitGeneral.pas","C:\DOCUMENTI\bmsistemi\drivepsviluppo\prjs\cpi win clima\versione_10\3D\UinitGeneral.pas"
"Dipendenza/Tubazioni","Pascal\02_Sottosistemi_Completi\origine\bmsistemi\drivepsviluppo\prjs\cpi win clima\versione_10\3D\UnitCompilaDatiZona.pas","C:\DOCUMENTI\bmsistemi\drivepsviluppo\prjs\cpi win clima\versione_10\3D\UnitCompilaDatiZona.pas"
"Dipendenza/Tubazioni","Pascal\02_Sottosistemi_Completi\origine\bmsistemi\drivepsviluppo\prjs\cpi win clima\versione_10\3D\visreportlocali.pas","C:\DOCUMENTI\bmsistemi\drivepsviluppo\prjs\cpi win clima\versione_10\3D\visreportlocali.pas"
"Dipendenza/Tubazioni","Pascal\02_Sottosistemi_Completi\origine\bmsistemi\drivepsviluppo\prjs\cpi win clima\versione_10\allineamento emanuela\CodiciEstivo\Versione_10\CARICHI\calcoli\estivo\copiaLibreriaGenerale.pas","C:\DOCUMENTI\bmsistemi\drivepsviluppo\prjs\cpi win clima\versione_10\allineamento emanuela\CodiciEstivo\Versione_10\CARICHI\calcoli\estivo\copiaLibreriaGenerale.pas"
"RisorsaDipendenza/Tubazioni","Pascal\02_Sottosistemi_Completi\origine\bmsistemi\drivepsviluppo\prjs\cpi win clima\versione_10\CARICHI\calcoli\estivo\Caricamento.ddp","C:\DOCUMENTI\bmsistemi\drivepsviluppo\prjs\cpi win clima\versione_10\CARICHI\calcoli\estivo\Caricamento.ddp"
"RisorsaDipendenza/Tubazioni","Pascal\02_Sottosistemi_Completi\origine\bmsistemi\drivepsviluppo\prjs\cpi win clima\versione_10\CARICHI\calcoli\estivo\Caricamento.dfm","C:\DOCUMENTI\bmsistemi\drivepsviluppo\prjs\cpi win clima\versione_10\CARICHI\calcoli\estivo\Caricamento.dfm"
"Dipendenza/Tubazioni","Pascal\02_Sottosistemi_Completi\origine\bmsistemi\drivepsviluppo\prjs\cpi win clima\versione_10\CARICHI\calcoli\estivo\Caricamento.pas","C:\DOCUMENTI\bmsistemi\drivepsviluppo\prjs\cpi win clima\versione_10\CARICHI\calcoli\estivo\Caricamento.pas"
"RisorsaDipendenza/Tubazioni","Pascal\02_Sottosistemi_Completi\origine\bmsistemi\drivepsviluppo\prjs\cpi win clima\versione_10\CARICHI\calcoli\estivo\Diagramma.ddp","C:\DOCUMENTI\bmsistemi\drivepsviluppo\prjs\cpi win clima\versione_10\CARICHI\calcoli\estivo\Diagramma.ddp"
"RisorsaDipendenza/Tubazioni","Pascal\02_Sottosistemi_Completi\origine\bmsistemi\drivepsviluppo\prjs\cpi win clima\versione_10\CARICHI\calcoli\estivo\Diagramma.dfm","C:\DOCUMENTI\bmsistemi\drivepsviluppo\prjs\cpi win clima\versione_10\CARICHI\calcoli\estivo\Diagramma.dfm"
"Dipendenza/Tubazioni","Pascal\02_Sottosistemi_Completi\origine\bmsistemi\drivepsviluppo\prjs\cpi win clima\versione_10\CARICHI\calcoli\estivo\Diagramma.pas","C:\DOCUMENTI\bmsistemi\drivepsviluppo\prjs\cpi win clima\versione_10\CARICHI\calcoli\estivo\Diagramma.pas"
"Dipendenza/Tubazioni","Pascal\02_Sottosistemi_Completi\origine\bmsistemi\drivepsviluppo\prjs\cpi win clima\versione_10\CARICHI\calcoli\estivo\Esegui_estivo.pas","C:\DOCUMENTI\bmsistemi\drivepsviluppo\prjs\cpi win clima\versione_10\CARICHI\calcoli\estivo\Esegui_estivo.pas"
"RisorsaDipendenza/Tubazioni","Pascal\02_Sottosistemi_Completi\origine\bmsistemi\drivepsviluppo\prjs\cpi win clima\versione_10\CARICHI\calcoli\estivo\urisultestivo.ddp","C:\DOCUMENTI\bmsistemi\drivepsviluppo\prjs\cpi win clima\versione_10\CARICHI\calcoli\estivo\urisultestivo.ddp"
"RisorsaDipendenza/Tubazioni","Pascal\02_Sottosistemi_Completi\origine\bmsistemi\drivepsviluppo\prjs\cpi win clima\versione_10\CARICHI\calcoli\estivo\urisultestivo.dfm","C:\DOCUMENTI\bmsistemi\drivepsviluppo\prjs\cpi win clima\versione_10\CARICHI\calcoli\estivo\urisultestivo.dfm"
"Dipendenza/Tubazioni","Pascal\02_Sottosistemi_Completi\origine\bmsistemi\drivepsviluppo\prjs\cpi win clima\versione_10\CARICHI\calcoli\estivo\urisultestivo.pas","C:\DOCUMENTI\bmsistemi\drivepsviluppo\prjs\cpi win clima\versione_10\CARICHI\calcoli\estivo\urisultestivo.pas"
"Dipendenza/Tubazioni","Pascal\02_Sottosistemi_Completi\origine\bmsistemi\drivepsviluppo\prjs\cpi win clima\versione_10\CARICHI\calcoli\Legge10\calccd.pas","C:\DOCUMENTI\bmsistemi\drivepsviluppo\prjs\cpi win clima\versione_10\CARICHI\calcoli\Legge10\calccd.pas"
"Dipendenza/Tubazioni","Pascal\02_Sottosistemi_Completi\origine\bmsistemi\drivepsviluppo\prjs\cpi win clima\versione_10\CARICHI\calcoli\Legge10\calcHg.pas","C:\DOCUMENTI\bmsistemi\drivepsviluppo\prjs\cpi win clima\versione_10\CARICHI\calcoli\Legge10\calcHg.pas"
"Dipendenza/Tubazioni","Pascal\02_Sottosistemi_Completi\origine\bmsistemi\drivepsviluppo\prjs\cpi win clima\versione_10\CARICHI\calcoli\Legge10\Calcl10.pas","C:\DOCUMENTI\bmsistemi\drivepsviluppo\prjs\cpi win clima\versione_10\CARICHI\calcoli\Legge10\Calcl10.pas"
"Dipendenza/Tubazioni","Pascal\02_Sottosistemi_Completi\origine\bmsistemi\drivepsviluppo\prjs\cpi win clima\versione_10\CARICHI\calcoli\Legge10\calcvent.pas","C:\DOCUMENTI\bmsistemi\drivepsviluppo\prjs\cpi win clima\versione_10\CARICHI\calcoli\Legge10\calcvent.pas"
"Dipendenza/Tubazioni","Pascal\02_Sottosistemi_Completi\origine\bmsistemi\drivepsviluppo\prjs\cpi win clima\versione_10\CARICHI\calcoli\Legge10\CalkAll.pas","C:\DOCUMENTI\bmsistemi\drivepsviluppo\prjs\cpi win clima\versione_10\CARICHI\calcoli\Legge10\CalkAll.pas"
"RisorsaDipendenza/Tubazioni","Pascal\02_Sottosistemi_Completi\origine\bmsistemi\drivepsviluppo\prjs\cpi win clima\versione_10\CARICHI\calcoli\Legge10\Forms_12\Carburanti.ddp","C:\DOCUMENTI\bmsistemi\drivepsviluppo\prjs\cpi win clima\versione_10\CARICHI\calcoli\Legge10\Forms_12\Carburanti.ddp"
"RisorsaDipendenza/Tubazioni","Pascal\02_Sottosistemi_Completi\origine\bmsistemi\drivepsviluppo\prjs\cpi win clima\versione_10\CARICHI\calcoli\Legge10\Forms_12\Carburanti.dfm","C:\DOCUMENTI\bmsistemi\drivepsviluppo\prjs\cpi win clima\versione_10\CARICHI\calcoli\Legge10\Forms_12\Carburanti.dfm"
"Dipendenza/Tubazioni","Pascal\02_Sottosistemi_Completi\origine\bmsistemi\drivepsviluppo\prjs\cpi win clima\versione_10\CARICHI\calcoli\Legge10\Forms_12\Carburanti.pas","C:\DOCUMENTI\bmsistemi\drivepsviluppo\prjs\cpi win clima\versione_10\CARICHI\calcoli\Legge10\Forms_12\Carburanti.pas"
"RisorsaDipendenza/Tubazioni","Pascal\02_Sottosistemi_Completi\origine\bmsistemi\drivepsviluppo\prjs\cpi win clima\versione_10\CARICHI\calcoli\Legge10\Forms_12\FMessValLim.dfm","C:\DOCUMENTI\bmsistemi\drivepsviluppo\prjs\cpi win clima\versione_10\CARICHI\calcoli\Legge10\Forms_12\FMessValLim.dfm"
"Dipendenza/Tubazioni","Pascal\02_Sottosistemi_Completi\origine\bmsistemi\drivepsviluppo\prjs\cpi win clima\versione_10\CARICHI\calcoli\Legge10\Forms_12\FMessValLim.pas","C:\DOCUMENTI\bmsistemi\drivepsviluppo\prjs\cpi win clima\versione_10\CARICHI\calcoli\Legge10\Forms_12\FMessValLim.pas"
"RisorsaDipendenza/Tubazioni","Pascal\02_Sottosistemi_Completi\origine\bmsistemi\drivepsviluppo\prjs\cpi win clima\versione_10\CARICHI\calcoli\Legge10\Forms_12\FMessValLim3.ddp","C:\DOCUMENTI\bmsistemi\drivepsviluppo\prjs\cpi win clima\versione_10\CARICHI\calcoli\Legge10\Forms_12\FMessValLim3.ddp"
"RisorsaDipendenza/Tubazioni","Pascal\02_Sottosistemi_Completi\origine\bmsistemi\drivepsviluppo\prjs\cpi win clima\versione_10\CARICHI\calcoli\Legge10\Forms_12\FMessValLim3.dfm","C:\DOCUMENTI\bmsistemi\drivepsviluppo\prjs\cpi win clima\versione_10\CARICHI\calcoli\Legge10\Forms_12\FMessValLim3.dfm"
"Dipendenza/Tubazioni","Pascal\02_Sottosistemi_Completi\origine\bmsistemi\drivepsviluppo\prjs\cpi win clima\versione_10\CARICHI\calcoli\Legge10\Forms_12\FMessValLim3.pas","C:\DOCUMENTI\bmsistemi\drivepsviluppo\prjs\cpi win clima\versione_10\CARICHI\calcoli\Legge10\Forms_12\FMessValLim3.pas"
"RisorsaDipendenza/Tubazioni","Pascal\02_Sottosistemi_Completi\origine\bmsistemi\drivepsviluppo\prjs\cpi win clima\versione_10\CARICHI\calcoli\Legge10\Forms_12\Risparmio.ddp","C:\DOCUMENTI\bmsistemi\drivepsviluppo\prjs\cpi win clima\versione_10\CARICHI\calcoli\Legge10\Forms_12\Risparmio.ddp"
"RisorsaDipendenza/Tubazioni","Pascal\02_Sottosistemi_Completi\origine\bmsistemi\drivepsviluppo\prjs\cpi win clima\versione_10\CARICHI\calcoli\Legge10\Forms_12\Risparmio.dfm","C:\DOCUMENTI\bmsistemi\drivepsviluppo\prjs\cpi win clima\versione_10\CARICHI\calcoli\Legge10\Forms_12\Risparmio.dfm"
"Dipendenza/Tubazioni","Pascal\02_Sottosistemi_Completi\origine\bmsistemi\drivepsviluppo\prjs\cpi win clima\versione_10\CARICHI\calcoli\Legge10\Forms_12\Risparmio.pas","C:\DOCUMENTI\bmsistemi\drivepsviluppo\prjs\cpi win clima\versione_10\CARICHI\calcoli\Legge10\Forms_12\Risparmio.pas"
"RisorsaDipendenza/Tubazioni","Pascal\02_Sottosistemi_Completi\origine\bmsistemi\drivepsviluppo\prjs\cpi win clima\versione_10\CARICHI\calcoli\Legge10\Forms_12\UFormL10.ddp","C:\DOCUMENTI\bmsistemi\drivepsviluppo\prjs\cpi win clima\versione_10\CARICHI\calcoli\Legge10\Forms_12\UFormL10.ddp"
"RisorsaDipendenza/Tubazioni","Pascal\02_Sottosistemi_Completi\origine\bmsistemi\drivepsviluppo\prjs\cpi win clima\versione_10\CARICHI\calcoli\Legge10\Forms_12\UFormL10.dfm","C:\DOCUMENTI\bmsistemi\drivepsviluppo\prjs\cpi win clima\versione_10\CARICHI\calcoli\Legge10\Forms_12\UFormL10.dfm"
"Dipendenza/Tubazioni","Pascal\02_Sottosistemi_Completi\origine\bmsistemi\drivepsviluppo\prjs\cpi win clima\versione_10\CARICHI\calcoli\Legge10\Forms_12\UFormL10.pas","C:\DOCUMENTI\bmsistemi\drivepsviluppo\prjs\cpi win clima\versione_10\CARICHI\calcoli\Legge10\Forms_12\UFormL10.pas"
"RisorsaDipendenza/Tubazioni","Pascal\02_Sottosistemi_Completi\origine\bmsistemi\drivepsviluppo\prjs\cpi win clima\versione_10\CARICHI\calcoli\Legge10\Forms_12\UVerifFinestre.ddp","C:\DOCUMENTI\bmsistemi\drivepsviluppo\prjs\cpi win clima\versione_10\CARICHI\calcoli\Legge10\Forms_12\UVerifFinestre.ddp"
"RisorsaDipendenza/Tubazioni","Pascal\02_Sottosistemi_Completi\origine\bmsistemi\drivepsviluppo\prjs\cpi win clima\versione_10\CARICHI\calcoli\Legge10\Forms_12\UVerifFinestre.dfm","C:\DOCUMENTI\bmsistemi\drivepsviluppo\prjs\cpi win clima\versione_10\CARICHI\calcoli\Legge10\Forms_12\UVerifFinestre.dfm"
"Dipendenza/Tubazioni","Pascal\02_Sottosistemi_Completi\origine\bmsistemi\drivepsviluppo\prjs\cpi win clima\versione_10\CARICHI\calcoli\Legge10\Forms_12\UVerifFinestre.pas","C:\DOCUMENTI\bmsistemi\drivepsviluppo\prjs\cpi win clima\versione_10\CARICHI\calcoli\Legge10\Forms_12\UVerifFinestre.pas"
"RisorsaDipendenza/Tubazioni","Pascal\02_Sottosistemi_Completi\origine\bmsistemi\drivepsviluppo\prjs\cpi win clima\versione_10\CARICHI\calcoli\Legge10\Forms_12\UVerifPareti.ddp","C:\DOCUMENTI\bmsistemi\drivepsviluppo\prjs\cpi win clima\versione_10\CARICHI\calcoli\Legge10\Forms_12\UVerifPareti.ddp"
"RisorsaDipendenza/Tubazioni","Pascal\02_Sottosistemi_Completi\origine\bmsistemi\drivepsviluppo\prjs\cpi win clima\versione_10\CARICHI\calcoli\Legge10\Forms_12\UVerifPareti.dfm","C:\DOCUMENTI\bmsistemi\drivepsviluppo\prjs\cpi win clima\versione_10\CARICHI\calcoli\Legge10\Forms_12\UVerifPareti.dfm"
"Dipendenza/Tubazioni","Pascal\02_Sottosistemi_Completi\origine\bmsistemi\drivepsviluppo\prjs\cpi win clima\versione_10\CARICHI\calcoli\Legge10\Forms_12\UVerifPareti.pas","C:\DOCUMENTI\bmsistemi\drivepsviluppo\prjs\cpi win clima\versione_10\CARICHI\calcoli\Legge10\Forms_12\UVerifPareti.pas"
"Dipendenza/Tubazioni","Pascal\02_Sottosistemi_Completi\origine\bmsistemi\drivepsviluppo\prjs\cpi win clima\versione_10\CARICHI\calcoli\Legge10\FunzProc1.pas","C:\DOCUMENTI\bmsistemi\drivepsviluppo\prjs\cpi win clima\versione_10\CARICHI\calcoli\Legge10\FunzProc1.pas"
"Dipendenza/Tubazioni","Pascal\02_Sottosistemi_Completi\origine\bmsistemi\drivepsviluppo\prjs\cpi win clima\versione_10\CARICHI\calcoli\Legge10\metod10.pas","C:\DOCUMENTI\bmsistemi\drivepsviluppo\prjs\cpi win clima\versione_10\CARICHI\calcoli\Legge10\metod10.pas"
"Dipendenza/Tubazioni","Pascal\02_Sottosistemi_Completi\origine\bmsistemi\drivepsviluppo\prjs\cpi win clima\versione_10\CARICHI\calcoli\Legge10\metodl10.pas","C:\DOCUMENTI\bmsistemi\drivepsviluppo\prjs\cpi win clima\versione_10\CARICHI\calcoli\Legge10\metodl10.pas"
"Dipendenza/Tubazioni","Pascal\02_Sottosistemi_Completi\origine\bmsistemi\drivepsviluppo\prjs\cpi win clima\versione_10\CARICHI\calcoli\Legge10\procle10.pas","C:\DOCUMENTI\bmsistemi\drivepsviluppo\prjs\cpi win clima\versione_10\CARICHI\calcoli\Legge10\procle10.pas"
"Dipendenza/Tubazioni","Pascal\02_Sottosistemi_Completi\origine\bmsistemi\drivepsviluppo\prjs\cpi win clima\versione_10\CARICHI\calcoli\Legge10\procle11.pas","C:\DOCUMENTI\bmsistemi\drivepsviluppo\prjs\cpi win clima\versione_10\CARICHI\calcoli\Legge10\procle11.pas"
"Dipendenza/Tubazioni","Pascal\02_Sottosistemi_Completi\origine\bmsistemi\drivepsviluppo\prjs\cpi win clima\versione_10\CARICHI\calcoli\Legge10\procle13.pas","C:\DOCUMENTI\bmsistemi\drivepsviluppo\prjs\cpi win clima\versione_10\CARICHI\calcoli\Legge10\procle13.pas"
"Dipendenza/Tubazioni","Pascal\02_Sottosistemi_Completi\origine\bmsistemi\drivepsviluppo\prjs\cpi win clima\versione_10\CARICHI\calcoli\Legge10\Terreno.pas","C:\DOCUMENTI\bmsistemi\drivepsviluppo\prjs\cpi win clima\versione_10\CARICHI\calcoli\Legge10\Terreno.pas"
"Dipendenza/Tubazioni","Pascal\02_Sottosistemi_Completi\origine\bmsistemi\drivepsviluppo\prjs\cpi win clima\versione_10\CARICHI\calcoli\Legge10\uFunzioniLegge10.pas","C:\DOCUMENTI\bmsistemi\drivepsviluppo\prjs\cpi win clima\versione_10\CARICHI\calcoli\Legge10\uFunzioniLegge10.pas"
"Dipendenza/Tubazioni","Pascal\02_Sottosistemi_Completi\origine\bmsistemi\drivepsviluppo\prjs\cpi win clima\versione_10\CARICHI\calcoli\Legge10\UInizializza.pas","C:\DOCUMENTI\bmsistemi\drivepsviluppo\prjs\cpi win clima\versione_10\CARICHI\calcoli\Legge10\UInizializza.pas"
"Dipendenza/Tubazioni","Pascal\02_Sottosistemi_Completi\origine\bmsistemi\drivepsviluppo\prjs\cpi win clima\versione_10\CARICHI\calcoli\Legge10\UmainL10.pas","C:\DOCUMENTI\bmsistemi\drivepsviluppo\prjs\cpi win clima\versione_10\CARICHI\calcoli\Legge10\UmainL10.pas"
"Dipendenza/Tubazioni","Pascal\02_Sottosistemi_Completi\origine\bmsistemi\drivepsviluppo\prjs\cpi win clima\versione_10\CARICHI\calcoli\Legge10\Uvariabili.pas","C:\DOCUMENTI\bmsistemi\drivepsviluppo\prjs\cpi win clima\versione_10\CARICHI\calcoli\Legge10\Uvariabili.pas"
"RisorsaDipendenza/Tubazioni","Pascal\02_Sottosistemi_Completi\origine\bmsistemi\drivepsviluppo\prjs\cpi win clima\versione_10\CARICHI\database\UDB.ddp","C:\DOCUMENTI\bmsistemi\drivepsviluppo\prjs\cpi win clima\versione_10\CARICHI\database\UDB.ddp"
"RisorsaDipendenza/Tubazioni","Pascal\02_Sottosistemi_Completi\origine\bmsistemi\drivepsviluppo\prjs\cpi win clima\versione_10\CARICHI\database\UDB.dfm","C:\DOCUMENTI\bmsistemi\drivepsviluppo\prjs\cpi win clima\versione_10\CARICHI\database\UDB.dfm"
"RisorsaDipendenza/Tubazioni","Pascal\02_Sottosistemi_Completi\origine\bmsistemi\drivepsviluppo\prjs\cpi win clima\versione_10\CARICHI\database\udb.dsk","C:\DOCUMENTI\bmsistemi\drivepsviluppo\prjs\cpi win clima\versione_10\CARICHI\database\udb.dsk"
"Dipendenza/Tubazioni","Pascal\02_Sottosistemi_Completi\origine\bmsistemi\drivepsviluppo\prjs\cpi win clima\versione_10\CARICHI\database\Udb.pas","C:\DOCUMENTI\bmsistemi\drivepsviluppo\prjs\cpi win clima\versione_10\CARICHI\database\Udb.pas"
"Dipendenza/Tubazioni","Pascal\02_Sottosistemi_Completi\origine\bmsistemi\drivepsviluppo\prjs\cpi win clima\versione_10\CARICHI\Gestionelettura.pas","C:\DOCUMENTI\bmsistemi\drivepsviluppo\prjs\cpi win clima\versione_10\CARICHI\Gestionelettura.pas"
"Dipendenza/Tubazioni","Pascal\02_Sottosistemi_Completi\origine\bmsistemi\drivepsviluppo\prjs\cpi win clima\versione_10\CARICHI\letturaDisegno.pas","C:\DOCUMENTI\bmsistemi\drivepsviluppo\prjs\cpi win clima\versione_10\CARICHI\letturaDisegno.pas"
"Dipendenza/Tubazioni","Pascal\02_Sottosistemi_Completi\origine\bmsistemi\drivepsviluppo\prjs\cpi win clima\versione_10\CARICHI\tamponamenti\Calcolo.pas","C:\DOCUMENTI\bmsistemi\drivepsviluppo\prjs\cpi win clima\versione_10\CARICHI\tamponamenti\Calcolo.pas"
"RisorsaDipendenza/Tubazioni","Pascal\02_Sottosistemi_Completi\origine\bmsistemi\drivepsviluppo\prjs\cpi win clima\versione_10\CARICHI\tamponamenti\Coefficienti.ddp","C:\DOCUMENTI\bmsistemi\drivepsviluppo\prjs\cpi win clima\versione_10\CARICHI\tamponamenti\Coefficienti.ddp"
"RisorsaDipendenza/Tubazioni","Pascal\02_Sottosistemi_Completi\origine\bmsistemi\drivepsviluppo\prjs\cpi win clima\versione_10\CARICHI\tamponamenti\Coefficienti.dfm","C:\DOCUMENTI\bmsistemi\drivepsviluppo\prjs\cpi win clima\versione_10\CARICHI\tamponamenti\Coefficienti.dfm"
"Dipendenza/Tubazioni","Pascal\02_Sottosistemi_Completi\origine\bmsistemi\drivepsviluppo\prjs\cpi win clima\versione_10\CARICHI\tamponamenti\Coefficienti.pas","C:\DOCUMENTI\bmsistemi\drivepsviluppo\prjs\cpi win clima\versione_10\CARICHI\tamponamenti\Coefficienti.pas"
"RisorsaDipendenza/Tubazioni","Pascal\02_Sottosistemi_Completi\origine\bmsistemi\drivepsviluppo\prjs\cpi win clima\versione_10\CARICHI\tamponamenti\UarchMat.ddp","C:\DOCUMENTI\bmsistemi\drivepsviluppo\prjs\cpi win clima\versione_10\CARICHI\tamponamenti\UarchMat.ddp"
"RisorsaDipendenza/Tubazioni","Pascal\02_Sottosistemi_Completi\origine\bmsistemi\drivepsviluppo\prjs\cpi win clima\versione_10\CARICHI\tamponamenti\UarchMat.dfm","C:\DOCUMENTI\bmsistemi\drivepsviluppo\prjs\cpi win clima\versione_10\CARICHI\tamponamenti\UarchMat.dfm"
"Dipendenza/Tubazioni","Pascal\02_Sottosistemi_Completi\origine\bmsistemi\drivepsviluppo\prjs\cpi win clima\versione_10\CARICHI\tamponamenti\UarchMat.pas","C:\DOCUMENTI\bmsistemi\drivepsviluppo\prjs\cpi win clima\versione_10\CARICHI\tamponamenti\UarchMat.pas"
"Dipendenza/Tubazioni","Pascal\02_Sottosistemi_Completi\origine\bmsistemi\drivepsviluppo\prjs\cpi win clima\versione_10\CARICHI\tamponamenti\Udisegnafinestra.pas","C:\DOCUMENTI\bmsistemi\drivepsviluppo\prjs\cpi win clima\versione_10\CARICHI\tamponamenti\Udisegnafinestra.pas"
"Dipendenza/Tubazioni","Pascal\02_Sottosistemi_Completi\origine\bmsistemi\drivepsviluppo\prjs\cpi win clima\versione_10\CARICHI\tamponamenti\UGraficoigro.pas","C:\DOCUMENTI\bmsistemi\drivepsviluppo\prjs\cpi win clima\versione_10\CARICHI\tamponamenti\UGraficoigro.pas"
"RisorsaDipendenza/Tubazioni","Pascal\02_Sottosistemi_Completi\origine\bmsistemi\drivepsviluppo\prjs\cpi win clima\versione_10\CARICHI\tamponamenti\usolomuri.ddp","C:\DOCUMENTI\bmsistemi\drivepsviluppo\prjs\cpi win clima\versione_10\CARICHI\tamponamenti\usolomuri.ddp"
"RisorsaDipendenza/Tubazioni","Pascal\02_Sottosistemi_Completi\origine\bmsistemi\drivepsviluppo\prjs\cpi win clima\versione_10\CARICHI\tamponamenti\usolomuri.dfm","C:\DOCUMENTI\bmsistemi\drivepsviluppo\prjs\cpi win clima\versione_10\CARICHI\tamponamenti\usolomuri.dfm"
"Dipendenza/Tubazioni","Pascal\02_Sottosistemi_Completi\origine\bmsistemi\drivepsviluppo\prjs\cpi win clima\versione_10\CARICHI\tamponamenti\usolomuri.pas","C:\DOCUMENTI\bmsistemi\drivepsviluppo\prjs\cpi win clima\versione_10\CARICHI\tamponamenti\usolomuri.pas"
"Dipendenza/Tubazioni","Pascal\02_Sottosistemi_Completi\origine\bmsistemi\drivepsviluppo\prjs\cpi win clima\versione_10\CARICHI\tamponamenti\UVariabiliPareti.pas","C:\DOCUMENTI\bmsistemi\drivepsviluppo\prjs\cpi win clima\versione_10\CARICHI\tamponamenti\UVariabiliPareti.pas"
"RisorsaDipendenza/Tubazioni","Pascal\02_Sottosistemi_Completi\origine\bmsistemi\drivepsviluppo\prjs\cpi win clima\versione_10\CARICHI\tamponamenti\Wizardusolomuri.ddp","C:\DOCUMENTI\bmsistemi\drivepsviluppo\prjs\cpi win clima\versione_10\CARICHI\tamponamenti\Wizardusolomuri.ddp"
"RisorsaDipendenza/Tubazioni","Pascal\02_Sottosistemi_Completi\origine\bmsistemi\drivepsviluppo\prjs\cpi win clima\versione_10\CARICHI\tamponamenti\Wizardusolomuri.dfm","C:\DOCUMENTI\bmsistemi\drivepsviluppo\prjs\cpi win clima\versione_10\CARICHI\tamponamenti\Wizardusolomuri.dfm"
"Dipendenza/Tubazioni","Pascal\02_Sottosistemi_Completi\origine\bmsistemi\drivepsviluppo\prjs\cpi win clima\versione_10\CARICHI\tamponamenti\Wizardusolomuri.pas","C:\DOCUMENTI\bmsistemi\drivepsviluppo\prjs\cpi win clima\versione_10\CARICHI\tamponamenti\Wizardusolomuri.pas"
"Dipendenza/Tubazioni","Pascal\02_Sottosistemi_Completi\origine\bmsistemi\drivepsviluppo\prjs\cpi win clima\versione_10\CARICHI\Ucaricatabelle.pas","C:\DOCUMENTI\bmsistemi\drivepsviluppo\prjs\cpi win clima\versione_10\CARICHI\Ucaricatabelle.pas"
"RisorsaDipendenza/Tubazioni","Pascal\02_Sottosistemi_Completi\origine\bmsistemi\drivepsviluppo\prjs\cpi win clima\versione_10\CARICHI\Ulettura.ddp","C:\DOCUMENTI\bmsistemi\drivepsviluppo\prjs\cpi win clima\versione_10\CARICHI\Ulettura.ddp"
"RisorsaDipendenza/Tubazioni","Pascal\02_Sottosistemi_Completi\origine\bmsistemi\drivepsviluppo\prjs\cpi win clima\versione_10\CARICHI\Ulettura.dfm","C:\DOCUMENTI\bmsistemi\drivepsviluppo\prjs\cpi win clima\versione_10\CARICHI\Ulettura.dfm"
"Dipendenza/Tubazioni","Pascal\02_Sottosistemi_Completi\origine\bmsistemi\drivepsviluppo\prjs\cpi win clima\versione_10\CARICHI\Ulettura.pas","C:\DOCUMENTI\bmsistemi\drivepsviluppo\prjs\cpi win clima\versione_10\CARICHI\Ulettura.pas"
"Dipendenza/Tubazioni","Pascal\02_Sottosistemi_Completi\origine\bmsistemi\drivepsviluppo\prjs\cpi win clima\versione_10\CARICHI\UMessaggiCarichi.pas","C:\DOCUMENTI\bmsistemi\drivepsviluppo\prjs\cpi win clima\versione_10\CARICHI\UMessaggiCarichi.pas"
"Dipendenza/Tubazioni","Pascal\02_Sottosistemi_Completi\origine\bmsistemi\drivepsviluppo\prjs\cpi win clima\versione_10\CARICHI\varcarichi.pas","C:\DOCUMENTI\bmsistemi\drivepsviluppo\prjs\cpi win clima\versione_10\CARICHI\varcarichi.pas"
"Dipendenza/Tubazioni","Pascal\02_Sottosistemi_Completi\origine\bmsistemi\drivepsviluppo\prjs\cpi win clima\versione_10\CARICHI\Varcarichi_estivo_14.pas","C:\DOCUMENTI\bmsistemi\drivepsviluppo\prjs\cpi win clima\versione_10\CARICHI\Varcarichi_estivo_14.pas"
"Dipendenza/Tubazioni","Pascal\02_Sottosistemi_Completi\origine\bmsistemi\drivepsviluppo\prjs\cpi win clima\versione_10\ChiamateDLL\HeaderDllTermico.pas","C:\DOCUMENTI\bmsistemi\drivepsviluppo\prjs\cpi win clima\versione_10\ChiamateDLL\HeaderDllTermico.pas"
"RisorsaDipendenza/Tubazioni","Pascal\02_Sottosistemi_Completi\origine\bmsistemi\drivepsviluppo\prjs\cpi win clima\versione_10\ChiamateDLL\Messaggio.dfm","C:\DOCUMENTI\bmsistemi\drivepsviluppo\prjs\cpi win clima\versione_10\ChiamateDLL\Messaggio.dfm"
"Dipendenza/Tubazioni","Pascal\02_Sottosistemi_Completi\origine\bmsistemi\drivepsviluppo\prjs\cpi win clima\versione_10\ChiamateDLL\Messaggio.pas","C:\DOCUMENTI\bmsistemi\drivepsviluppo\prjs\cpi win clima\versione_10\ChiamateDLL\Messaggio.pas"
"Dipendenza/Tubazioni","Pascal\02_Sottosistemi_Completi\origine\bmsistemi\drivepsviluppo\prjs\cpi win clima\versione_10\ChiamateDLL\Uchiamatedll.pas","C:\DOCUMENTI\bmsistemi\drivepsviluppo\prjs\cpi win clima\versione_10\ChiamateDLL\Uchiamatedll.pas"
"Dipendenza/Tubazioni","Pascal\02_Sottosistemi_Completi\origine\bmsistemi\drivepsviluppo\prjs\cpi win clima\versione_10\comuni\GestioneGrafico.pas","C:\DOCUMENTI\bmsistemi\drivepsviluppo\prjs\cpi win clima\versione_10\comuni\GestioneGrafico.pas"
"Dipendenza/Tubazioni","Pascal\02_Sottosistemi_Completi\origine\bmsistemi\drivepsviluppo\prjs\cpi win clima\versione_10\comuni\Grafica\AggAttrDXF.pas","C:\DOCUMENTI\bmsistemi\drivepsviluppo\prjs\cpi win clima\versione_10\comuni\Grafica\AggAttrDXF.pas"
"Dipendenza/Tubazioni","Pascal\02_Sottosistemi_Completi\origine\bmsistemi\drivepsviluppo\prjs\cpi win clima\versione_10\comuni\Grafica\dxf_in_out.pas","C:\DOCUMENTI\bmsistemi\drivepsviluppo\prjs\cpi win clima\versione_10\comuni\Grafica\dxf_in_out.pas"
"Dipendenza/Tubazioni","Pascal\02_Sottosistemi_Completi\origine\bmsistemi\drivepsviluppo\prjs\cpi win clima\versione_10\comuni\Grafica\Grafica.pas","C:\DOCUMENTI\bmsistemi\drivepsviluppo\prjs\cpi win clima\versione_10\comuni\Grafica\Grafica.pas"
"Dipendenza/Tubazioni","Pascal\02_Sottosistemi_Completi\origine\bmsistemi\drivepsviluppo\prjs\cpi win clima\versione_10\comuni\Grafica\InterfDXF.pas","C:\DOCUMENTI\bmsistemi\drivepsviluppo\prjs\cpi win clima\versione_10\comuni\Grafica\InterfDXF.pas"
"Dipendenza/Tubazioni","Pascal\02_Sottosistemi_Completi\origine\bmsistemi\drivepsviluppo\prjs\cpi win clima\versione_10\comuni\Grafica\Leggidxf.pas","C:\DOCUMENTI\bmsistemi\drivepsviluppo\prjs\cpi win clima\versione_10\comuni\Grafica\Leggidxf.pas"
"Dipendenza/Tubazioni","Pascal\02_Sottosistemi_Completi\origine\bmsistemi\drivepsviluppo\prjs\cpi win clima\versione_10\comuni\libreriagenerale.pas","C:\DOCUMENTI\bmsistemi\drivepsviluppo\prjs\cpi win clima\versione_10\comuni\libreriagenerale.pas"
"Dipendenza/Tubazioni","Pascal\02_Sottosistemi_Completi\origine\bmsistemi\drivepsviluppo\prjs\cpi win clima\versione_10\comuni\report\UFileLog.pas","C:\DOCUMENTI\bmsistemi\drivepsviluppo\prjs\cpi win clima\versione_10\comuni\report\UFileLog.pas"
"Dipendenza/Tubazioni","Pascal\02_Sottosistemi_Completi\origine\bmsistemi\drivepsviluppo\prjs\cpi win clima\versione_10\comuni\report\Utireport.pas","C:\DOCUMENTI\bmsistemi\drivepsviluppo\prjs\cpi win clima\versione_10\comuni\report\Utireport.pas"
"Dipendenza/Tubazioni","Pascal\02_Sottosistemi_Completi\origine\bmsistemi\drivepsviluppo\prjs\cpi win clima\versione_10\comuni\Tutor\UtilityGestioneTutor.pas","C:\DOCUMENTI\bmsistemi\drivepsviluppo\prjs\cpi win clima\versione_10\comuni\Tutor\UtilityGestioneTutor.pas"
"Dipendenza/Tubazioni","Pascal\02_Sottosistemi_Completi\origine\bmsistemi\drivepsviluppo\prjs\cpi win clima\versione_10\comuni\Ustatistica.pas","C:\DOCUMENTI\bmsistemi\drivepsviluppo\prjs\cpi win clima\versione_10\comuni\Ustatistica.pas"
"Dipendenza/Tubazioni","Pascal\02_Sottosistemi_Completi\origine\bmsistemi\drivepsviluppo\prjs\cpi win clima\versione_10\comuni\Uti_term.pas","C:\DOCUMENTI\bmsistemi\drivepsviluppo\prjs\cpi win clima\versione_10\comuni\Uti_term.pas"
"Dipendenza/Tubazioni","Pascal\02_Sottosistemi_Completi\origine\bmsistemi\drivepsviluppo\prjs\cpi win clima\versione_10\comuni\VariabiliGenerali.pas","C:\DOCUMENTI\bmsistemi\drivepsviluppo\prjs\cpi win clima\versione_10\comuni\VariabiliGenerali.pas"
"RisorsaDipendenza/Tubazioni","Pascal\02_Sottosistemi_Completi\origine\bmsistemi\drivepsviluppo\prjs\cpi win clima\versione_10\DllPrincipaleTermico\forms\Tool_visualizza.ddp","C:\DOCUMENTI\bmsistemi\drivepsviluppo\prjs\cpi win clima\versione_10\DllPrincipaleTermico\forms\Tool_visualizza.ddp"
"RisorsaDipendenza/Tubazioni","Pascal\02_Sottosistemi_Completi\origine\bmsistemi\drivepsviluppo\prjs\cpi win clima\versione_10\DllPrincipaleTermico\forms\Tool_visualizza.dfm","C:\DOCUMENTI\bmsistemi\drivepsviluppo\prjs\cpi win clima\versione_10\DllPrincipaleTermico\forms\Tool_visualizza.dfm"
"Dipendenza/Tubazioni","Pascal\02_Sottosistemi_Completi\origine\bmsistemi\drivepsviluppo\prjs\cpi win clima\versione_10\DllPrincipaleTermico\forms\Tool_visualizza.pas","C:\DOCUMENTI\bmsistemi\drivepsviluppo\prjs\cpi win clima\versione_10\DllPrincipaleTermico\forms\Tool_visualizza.pas"
"Dipendenza/Tubazioni","Pascal\02_Sottosistemi_Completi\origine\bmsistemi\drivepsviluppo\prjs\cpi win clima\versione_10\libreriedatabase\Funzudbt.pas","C:\DOCUMENTI\bmsistemi\drivepsviluppo\prjs\cpi win clima\versione_10\libreriedatabase\Funzudbt.pas"
"Dipendenza/Tubazioni","Pascal\02_Sottosistemi_Completi\origine\bmsistemi\drivepsviluppo\prjs\cpi win clima\versione_10\libreriedatabase\gestudb.pas","C:\DOCUMENTI\bmsistemi\drivepsviluppo\prjs\cpi win clima\versione_10\libreriedatabase\gestudb.pas"
"Dipendenza/Tubazioni","Pascal\02_Sottosistemi_Completi\origine\bmsistemi\drivepsviluppo\prjs\cpi win clima\versione_10\libreriedatabase\Init_puntatori.pas","C:\DOCUMENTI\bmsistemi\drivepsviluppo\prjs\cpi win clima\versione_10\libreriedatabase\Init_puntatori.pas"
"RisorsaDipendenza/Tubazioni","Pascal\02_Sottosistemi_Completi\origine\bmsistemi\drivepsviluppo\prjs\cpi win clima\versione_10\libreriedatabase\SceltaA.ddp","C:\DOCUMENTI\bmsistemi\drivepsviluppo\prjs\cpi win clima\versione_10\libreriedatabase\SceltaA.ddp"
"RisorsaDipendenza/Tubazioni","Pascal\02_Sottosistemi_Completi\origine\bmsistemi\drivepsviluppo\prjs\cpi win clima\versione_10\libreriedatabase\SceltaA.dfm","C:\DOCUMENTI\bmsistemi\drivepsviluppo\prjs\cpi win clima\versione_10\libreriedatabase\SceltaA.dfm"
"Dipendenza/Tubazioni","Pascal\02_Sottosistemi_Completi\origine\bmsistemi\drivepsviluppo\prjs\cpi win clima\versione_10\libreriedatabase\SceltaA.pas","C:\DOCUMENTI\bmsistemi\drivepsviluppo\prjs\cpi win clima\versione_10\libreriedatabase\SceltaA.pas"
"Dipendenza/Tubazioni","Pascal\02_Sottosistemi_Completi\origine\bmsistemi\drivepsviluppo\prjs\cpi win clima\versione_10\libreriedatabase\UCompilaForm.pas","C:\DOCUMENTI\bmsistemi\drivepsviluppo\prjs\cpi win clima\versione_10\libreriedatabase\UCompilaForm.pas"
"Dipendenza/Tubazioni","Pascal\02_Sottosistemi_Completi\origine\bmsistemi\drivepsviluppo\prjs\cpi win clima\versione_10\libreriedatabase\UOpen_fileMulti.pas","C:\DOCUMENTI\bmsistemi\drivepsviluppo\prjs\cpi win clima\versione_10\libreriedatabase\UOpen_fileMulti.pas"
"Nucleo/Tubazioni","Pascal\02_Sottosistemi_Completi\origine\bmsistemi\drivepsviluppo\prjs\cpi win clima\versione_10\Tubi\Angoli.pas","C:\DOCUMENTI\bmsistemi\drivepsviluppo\prjs\cpi win clima\versione_10\Tubi\Angoli.pas"
"Nucleo/Tubazioni","Pascal\02_Sottosistemi_Completi\origine\bmsistemi\drivepsviluppo\prjs\cpi win clima\versione_10\Tubi\Calcolo_analitico_pannelli.pas","C:\DOCUMENTI\bmsistemi\drivepsviluppo\prjs\cpi win clima\versione_10\Tubi\Calcolo_analitico_pannelli.pas"
"Nucleo/Tubazioni","Pascal\02_Sottosistemi_Completi\origine\bmsistemi\drivepsviluppo\prjs\cpi win clima\versione_10\Tubi\Calcolo_Tubi.pas","C:\DOCUMENTI\bmsistemi\drivepsviluppo\prjs\cpi win clima\versione_10\Tubi\Calcolo_Tubi.pas"
"Nucleo/Tubazioni","Pascal\02_Sottosistemi_Completi\origine\bmsistemi\drivepsviluppo\prjs\cpi win clima\versione_10\Tubi\CalcTubiDll.cfg","C:\DOCUMENTI\bmsistemi\drivepsviluppo\prjs\cpi win clima\versione_10\Tubi\CalcTubiDll.cfg"
"Nucleo/Tubazioni","Pascal\02_Sottosistemi_Completi\origine\bmsistemi\drivepsviluppo\prjs\cpi win clima\versione_10\Tubi\CalcTubiDll.dof","C:\DOCUMENTI\bmsistemi\drivepsviluppo\prjs\cpi win clima\versione_10\Tubi\CalcTubiDll.dof"
"Nucleo/Tubazioni","Pascal\02_Sottosistemi_Completi\origine\bmsistemi\drivepsviluppo\prjs\cpi win clima\versione_10\Tubi\CalcTubiDll.dpr","C:\DOCUMENTI\bmsistemi\drivepsviluppo\prjs\cpi win clima\versione_10\Tubi\CalcTubiDll.dpr"
"Nucleo/Tubazioni","Pascal\02_Sottosistemi_Completi\origine\bmsistemi\drivepsviluppo\prjs\cpi win clima\versione_10\Tubi\CalcTubiDll.res","C:\DOCUMENTI\bmsistemi\drivepsviluppo\prjs\cpi win clima\versione_10\Tubi\CalcTubiDll.res"
"Nucleo/Tubazioni","Pascal\02_Sottosistemi_Completi\origine\bmsistemi\drivepsviluppo\prjs\cpi win clima\versione_10\Tubi\collettori.pas","C:\DOCUMENTI\bmsistemi\drivepsviluppo\prjs\cpi win clima\versione_10\Tubi\collettori.pas"
"Nucleo/Tubazioni","Pascal\02_Sottosistemi_Completi\origine\bmsistemi\drivepsviluppo\prjs\cpi win clima\versione_10\Tubi\CONTROLL.pas","C:\DOCUMENTI\bmsistemi\drivepsviluppo\prjs\cpi win clima\versione_10\Tubi\CONTROLL.pas"
"Nucleo/Tubazioni","Pascal\02_Sottosistemi_Completi\origine\bmsistemi\drivepsviluppo\prjs\cpi win clima\versione_10\Tubi\DATICAD.pas","C:\DOCUMENTI\bmsistemi\drivepsviluppo\prjs\cpi win clima\versione_10\Tubi\DATICAD.pas"
"Nucleo/Tubazioni","Pascal\02_Sottosistemi_Completi\origine\bmsistemi\drivepsviluppo\prjs\cpi win clima\versione_10\Tubi\DATITUBI.PAS","C:\DOCUMENTI\bmsistemi\drivepsviluppo\prjs\cpi win clima\versione_10\Tubi\DATITUBI.PAS"
"Nucleo/Tubazioni","Pascal\02_Sottosistemi_Completi\origine\bmsistemi\drivepsviluppo\prjs\cpi win clima\versione_10\Tubi\definiz.pas","C:\DOCUMENTI\bmsistemi\drivepsviluppo\prjs\cpi win clima\versione_10\Tubi\definiz.pas"
"Nucleo/Tubazioni","Pascal\02_Sottosistemi_Completi\origine\bmsistemi\drivepsviluppo\prjs\cpi win clima\versione_10\Tubi\EQUIL.PAS","C:\DOCUMENTI\bmsistemi\drivepsviluppo\prjs\cpi win clima\versione_10\Tubi\EQUIL.PAS"
"Nucleo/Tubazioni","Pascal\02_Sottosistemi_Completi\origine\bmsistemi\drivepsviluppo\prjs\cpi win clima\versione_10\Tubi\esplodigrafo.pas","C:\DOCUMENTI\bmsistemi\drivepsviluppo\prjs\cpi win clima\versione_10\Tubi\esplodigrafo.pas"
"Nucleo/Tubazioni","Pascal\02_Sottosistemi_Completi\origine\bmsistemi\drivepsviluppo\prjs\cpi win clima\versione_10\Tubi\impterm.pas","C:\DOCUMENTI\bmsistemi\drivepsviluppo\prjs\cpi win clima\versione_10\Tubi\impterm.pas"
"Nucleo/Tubazioni","Pascal\02_Sottosistemi_Completi\origine\bmsistemi\drivepsviluppo\prjs\cpi win clima\versione_10\Tubi\INIT_TUB.PAS","C:\DOCUMENTI\bmsistemi\drivepsviluppo\prjs\cpi win clima\versione_10\Tubi\INIT_TUB.PAS"
"Nucleo/Tubazioni","Pascal\02_Sottosistemi_Completi\origine\bmsistemi\drivepsviluppo\prjs\cpi win clima\versione_10\Tubi\InitPunt_Tubi.pas","C:\DOCUMENTI\bmsistemi\drivepsviluppo\prjs\cpi win clima\versione_10\Tubi\InitPunt_Tubi.pas"
"Nucleo/Tubazioni","Pascal\02_Sottosistemi_Completi\origine\bmsistemi\drivepsviluppo\prjs\cpi win clima\versione_10\Tubi\Interf3d_reti.pas","C:\DOCUMENTI\bmsistemi\drivepsviluppo\prjs\cpi win clima\versione_10\Tubi\Interf3d_reti.pas"
"Nucleo/Tubazioni","Pascal\02_Sottosistemi_Completi\origine\bmsistemi\drivepsviluppo\prjs\cpi win clima\versione_10\Tubi\inters1_inpterm.pas","C:\DOCUMENTI\bmsistemi\drivepsviluppo\prjs\cpi win clima\versione_10\Tubi\inters1_inpterm.pas"
"Nucleo/Tubazioni","Pascal\02_Sottosistemi_Completi\origine\bmsistemi\drivepsviluppo\prjs\cpi win clima\versione_10\Tubi\iotubi.pas","C:\DOCUMENTI\bmsistemi\drivepsviluppo\prjs\cpi win clima\versione_10\Tubi\iotubi.pas"
"Nucleo/Tubazioni","Pascal\02_Sottosistemi_Completi\origine\bmsistemi\drivepsviluppo\prjs\cpi win clima\versione_10\Tubi\LOAD.PAS","C:\DOCUMENTI\bmsistemi\drivepsviluppo\prjs\cpi win clima\versione_10\Tubi\LOAD.PAS"
"Nucleo/Tubazioni","Pascal\02_Sottosistemi_Completi\origine\bmsistemi\drivepsviluppo\prjs\cpi win clima\versione_10\Tubi\m_dtubivar.pas","C:\DOCUMENTI\bmsistemi\drivepsviluppo\prjs\cpi win clima\versione_10\Tubi\m_dtubivar.pas"
"Nucleo/Tubazioni","Pascal\02_Sottosistemi_Completi\origine\bmsistemi\drivepsviluppo\prjs\cpi win clima\versione_10\Tubi\oldstampe.pas","C:\DOCUMENTI\bmsistemi\drivepsviluppo\prjs\cpi win clima\versione_10\Tubi\oldstampe.pas"
"Nucleo/Tubazioni","Pascal\02_Sottosistemi_Completi\origine\bmsistemi\drivepsviluppo\prjs\cpi win clima\versione_10\Tubi\OutDXFBM.pas","C:\DOCUMENTI\bmsistemi\drivepsviluppo\prjs\cpi win clima\versione_10\Tubi\OutDXFBM.pas"
"Nucleo/Tubazioni","Pascal\02_Sottosistemi_Completi\origine\bmsistemi\drivepsviluppo\prjs\cpi win clima\versione_10\Tubi\Pannelli.pas","C:\DOCUMENTI\bmsistemi\drivepsviluppo\prjs\cpi win clima\versione_10\Tubi\Pannelli.pas"
"Nucleo/Tubazioni","Pascal\02_Sottosistemi_Completi\origine\bmsistemi\drivepsviluppo\prjs\cpi win clima\versione_10\Tubi\PERDCONC.PAS","C:\DOCUMENTI\bmsistemi\drivepsviluppo\prjs\cpi win clima\versione_10\Tubi\PERDCONC.PAS"
"Nucleo/Tubazioni","Pascal\02_Sottosistemi_Completi\origine\bmsistemi\drivepsviluppo\prjs\cpi win clima\versione_10\Tubi\PRGTUBI.RIF","C:\DOCUMENTI\bmsistemi\drivepsviluppo\prjs\cpi win clima\versione_10\Tubi\PRGTUBI.RIF"
"Nucleo/Tubazioni","Pascal\02_Sottosistemi_Completi\origine\bmsistemi\drivepsviluppo\prjs\cpi win clima\versione_10\Tubi\PUtilityzeta.cfg","C:\DOCUMENTI\bmsistemi\drivepsviluppo\prjs\cpi win clima\versione_10\Tubi\PUtilityzeta.cfg"
"Nucleo/Tubazioni","Pascal\02_Sottosistemi_Completi\origine\bmsistemi\drivepsviluppo\prjs\cpi win clima\versione_10\Tubi\PUtilityzeta.dof","C:\DOCUMENTI\bmsistemi\drivepsviluppo\prjs\cpi win clima\versione_10\Tubi\PUtilityzeta.dof"
"Nucleo/Tubazioni","Pascal\02_Sottosistemi_Completi\origine\bmsistemi\drivepsviluppo\prjs\cpi win clima\versione_10\Tubi\PUtilityzeta.dpr","C:\DOCUMENTI\bmsistemi\drivepsviluppo\prjs\cpi win clima\versione_10\Tubi\PUtilityzeta.dpr"
"Nucleo/Tubazioni","Pascal\02_Sottosistemi_Completi\origine\bmsistemi\drivepsviluppo\prjs\cpi win clima\versione_10\Tubi\PUtilityzeta.res","C:\DOCUMENTI\bmsistemi\drivepsviluppo\prjs\cpi win clima\versione_10\Tubi\PUtilityzeta.res"
"Nucleo/Tubazioni","Pascal\02_Sottosistemi_Completi\origine\bmsistemi\drivepsviluppo\prjs\cpi win clima\versione_10\Tubi\RITORNO.PAS","C:\DOCUMENTI\bmsistemi\drivepsviluppo\prjs\cpi win clima\versione_10\Tubi\RITORNO.PAS"
"Nucleo/Tubazioni","Pascal\02_Sottosistemi_Completi\origine\bmsistemi\drivepsviluppo\prjs\cpi win clima\versione_10\Tubi\RITORNODXF 19-11-2010.pas","C:\DOCUMENTI\bmsistemi\drivepsviluppo\prjs\cpi win clima\versione_10\Tubi\RITORNODXF 19-11-2010.pas"
"Nucleo/Tubazioni","Pascal\02_Sottosistemi_Completi\origine\bmsistemi\drivepsviluppo\prjs\cpi win clima\versione_10\Tubi\RITORNODXF.pas","C:\DOCUMENTI\bmsistemi\drivepsviluppo\prjs\cpi win clima\versione_10\Tubi\RITORNODXF.pas"
"Nucleo/Tubazioni","Pascal\02_Sottosistemi_Completi\origine\bmsistemi\drivepsviluppo\prjs\cpi win clima\versione_10\Tubi\spirali vecchio.pas","C:\DOCUMENTI\bmsistemi\drivepsviluppo\prjs\cpi win clima\versione_10\Tubi\spirali vecchio.pas"
"Nucleo/Tubazioni","Pascal\02_Sottosistemi_Completi\origine\bmsistemi\drivepsviluppo\prjs\cpi win clima\versione_10\Tubi\spirali.pas","C:\DOCUMENTI\bmsistemi\drivepsviluppo\prjs\cpi win clima\versione_10\Tubi\spirali.pas"
"Nucleo/Tubazioni","Pascal\02_Sottosistemi_Completi\origine\bmsistemi\drivepsviluppo\prjs\cpi win clima\versione_10\Tubi\stampa1.pas","C:\DOCUMENTI\bmsistemi\drivepsviluppo\prjs\cpi win clima\versione_10\Tubi\stampa1.pas"
"Nucleo/Tubazioni","Pascal\02_Sottosistemi_Completi\origine\bmsistemi\drivepsviluppo\prjs\cpi win clima\versione_10\Tubi\stampa2.pas","C:\DOCUMENTI\bmsistemi\drivepsviluppo\prjs\cpi win clima\versione_10\Tubi\stampa2.pas"
"Nucleo/Tubazioni","Pascal\02_Sottosistemi_Completi\origine\bmsistemi\drivepsviluppo\prjs\cpi win clima\versione_10\Tubi\STAMPA3.PAS","C:\DOCUMENTI\bmsistemi\drivepsviluppo\prjs\cpi win clima\versione_10\Tubi\STAMPA3.PAS"
"Nucleo/Tubazioni","Pascal\02_Sottosistemi_Completi\origine\bmsistemi\drivepsviluppo\prjs\cpi win clima\versione_10\Tubi\STAMPA4.PAS","C:\DOCUMENTI\bmsistemi\drivepsviluppo\prjs\cpi win clima\versione_10\Tubi\STAMPA4.PAS"
"Nucleo/Tubazioni","Pascal\02_Sottosistemi_Completi\origine\bmsistemi\drivepsviluppo\prjs\cpi win clima\versione_10\Tubi\stvar.pas","C:\DOCUMENTI\bmsistemi\drivepsviluppo\prjs\cpi win clima\versione_10\Tubi\stvar.pas"
"Nucleo/Tubazioni","Pascal\02_Sottosistemi_Completi\origine\bmsistemi\drivepsviluppo\prjs\cpi win clima\versione_10\Tubi\UGrafoDXF.pas","C:\DOCUMENTI\bmsistemi\drivepsviluppo\prjs\cpi win clima\versione_10\Tubi\UGrafoDXF.pas"
"Nucleo/Tubazioni","Pascal\02_Sottosistemi_Completi\origine\bmsistemi\drivepsviluppo\prjs\cpi win clima\versione_10\Tubi\Uleggitxt.pas","C:\DOCUMENTI\bmsistemi\drivepsviluppo\prjs\cpi win clima\versione_10\Tubi\Uleggitxt.pas"
"Nucleo/Tubazioni","Pascal\02_Sottosistemi_Completi\origine\bmsistemi\drivepsviluppo\prjs\cpi win clima\versione_10\Tubi\UMain_CalcTubi.ddp","C:\DOCUMENTI\bmsistemi\drivepsviluppo\prjs\cpi win clima\versione_10\Tubi\UMain_CalcTubi.ddp"
"Nucleo/Tubazioni","Pascal\02_Sottosistemi_Completi\origine\bmsistemi\drivepsviluppo\prjs\cpi win clima\versione_10\Tubi\UMain_CalcTubi.dfm","C:\DOCUMENTI\bmsistemi\drivepsviluppo\prjs\cpi win clima\versione_10\Tubi\UMain_CalcTubi.dfm"
"Nucleo/Tubazioni","Pascal\02_Sottosistemi_Completi\origine\bmsistemi\drivepsviluppo\prjs\cpi win clima\versione_10\Tubi\UMain_CalcTubi.dsk","C:\DOCUMENTI\bmsistemi\drivepsviluppo\prjs\cpi win clima\versione_10\Tubi\UMain_CalcTubi.dsk"
"Nucleo/Tubazioni","Pascal\02_Sottosistemi_Completi\origine\bmsistemi\drivepsviluppo\prjs\cpi win clima\versione_10\Tubi\UMain_CalcTubi.pas","C:\DOCUMENTI\bmsistemi\drivepsviluppo\prjs\cpi win clima\versione_10\Tubi\UMain_CalcTubi.pas"
"Nucleo/Tubazioni","Pascal\02_Sottosistemi_Completi\origine\bmsistemi\drivepsviluppo\prjs\cpi win clima\versione_10\Tubi\UProvatubi.dfm","C:\DOCUMENTI\bmsistemi\drivepsviluppo\prjs\cpi win clima\versione_10\Tubi\UProvatubi.dfm"
"Nucleo/Tubazioni","Pascal\02_Sottosistemi_Completi\origine\bmsistemi\drivepsviluppo\prjs\cpi win clima\versione_10\Tubi\UProvatubi.pas","C:\DOCUMENTI\bmsistemi\drivepsviluppo\prjs\cpi win clima\versione_10\Tubi\UProvatubi.pas"
"Nucleo/Tubazioni","Pascal\02_Sottosistemi_Completi\origine\bmsistemi\drivepsviluppo\prjs\cpi win clima\versione_10\Tubi\UStampe.pas","C:\DOCUMENTI\bmsistemi\drivepsviluppo\prjs\cpi win clima\versione_10\Tubi\UStampe.pas"
"Nucleo/Tubazioni","Pascal\02_Sottosistemi_Completi\origine\bmsistemi\drivepsviluppo\prjs\cpi win clima\versione_10\Tubi\UTI_CALC.PAS","C:\DOCUMENTI\bmsistemi\drivepsviluppo\prjs\cpi win clima\versione_10\Tubi\UTI_CALC.PAS"
"Nucleo/Tubazioni","Pascal\02_Sottosistemi_Completi\origine\bmsistemi\drivepsviluppo\prjs\cpi win clima\versione_10\Tubi\UtilityZeta.dfm","C:\DOCUMENTI\bmsistemi\drivepsviluppo\prjs\cpi win clima\versione_10\Tubi\UtilityZeta.dfm"
"Nucleo/Tubazioni","Pascal\02_Sottosistemi_Completi\origine\bmsistemi\drivepsviluppo\prjs\cpi win clima\versione_10\Tubi\UtilityZeta.pas","C:\DOCUMENTI\bmsistemi\drivepsviluppo\prjs\cpi win clima\versione_10\Tubi\UtilityZeta.pas"
"Nucleo/Tubazioni","Pascal\02_Sottosistemi_Completi\origine\bmsistemi\drivepsviluppo\prjs\cpi win clima\versione_10\Tubi\UUtigen.pas","C:\DOCUMENTI\bmsistemi\drivepsviluppo\prjs\cpi win clima\versione_10\Tubi\UUtigen.pas"
"Nucleo/Tubazioni","Pascal\02_Sottosistemi_Completi\origine\bmsistemi\drivepsviluppo\prjs\cpi win clima\versione_10\Tubi\Varcarichi_V13.pas","C:\DOCUMENTI\bmsistemi\drivepsviluppo\prjs\cpi win clima\versione_10\Tubi\Varcarichi_V13.pas"
"Dipendenza/CanaliAria","Pascal\02_Sottosistemi_Completi\origine\bmsistemi\FASTMM_490\FastMM4.pas","C:\documenti\bmsistemi\FASTMM_490\FastMM4.pas"
"Dipendenza/CanaliAria","Pascal\02_Sottosistemi_Completi\origine\bmsistemi\FASTMM_490\FastMM4Messages.pas","C:\documenti\bmsistemi\FASTMM_490\FastMM4Messages.pas"
"Dipendenza/CanaliAria","Pascal\02_Sottosistemi_Completi\origine\sd\sorgenti\bm-sd\3dCAD\Uoggetti.pas","C:\DOCUMENTI\sd\sorgenti\bm-sd\3dCAD\Uoggetti.pas"
"Dipendenza/CanaliAria","Pascal\02_Sottosistemi_Completi\origine\sd\sorgenti\bm-sd\3dsd\variabili3d.pas","C:\DOCUMENTI\sd\sorgenti\bm-sd\3dsd\variabili3d.pas"
"Dipendenza/Tubazioni","Pascal\02_Sottosistemi_Completi\origine\sd\sorgenti\bm-sd\3dsd\Volumi.pas","C:\DOCUMENTI\sd\sorgenti\bm-sd\3dsd\Volumi.pas"
"Nucleo/CanaliAria","Pascal\02_Sottosistemi_Completi\origine\sd\sorgenti\bm-sd\CANALI\.3dM","C:\DOCUMENTI\sd\sorgenti\bm-sd\CANALI\.3dM"
"Nucleo/CanaliAria","Pascal\02_Sottosistemi_Completi\origine\sd\sorgenti\bm-sd\CANALI\.3dT","C:\DOCUMENTI\sd\sorgenti\bm-sd\CANALI\.3dT"
"Nucleo/CanaliAria","Pascal\02_Sottosistemi_Completi\origine\sd\sorgenti\bm-sd\CANALI\27.PAS","C:\DOCUMENTI\sd\sorgenti\bm-sd\CANALI\27.PAS"
"Nucleo/CanaliAria","Pascal\02_Sottosistemi_Completi\origine\sd\sorgenti\bm-sd\CANALI\ANGOLI.PAS","C:\DOCUMENTI\sd\sorgenti\bm-sd\CANALI\ANGOLI.PAS"
"Nucleo/CanaliAria","Pascal\02_Sottosistemi_Completi\origine\sd\sorgenti\bm-sd\CANALI\Archivi\.DIM","C:\DOCUMENTI\sd\sorgenti\bm-sd\CANALI\Archivi\.DIM"
"Nucleo/CanaliAria","Pascal\02_Sottosistemi_Completi\origine\sd\sorgenti\bm-sd\CANALI\Archivi\ANG7_1.ASH","C:\DOCUMENTI\sd\sorgenti\bm-sd\CANALI\Archivi\ANG7_1.ASH"
"Nucleo/CanaliAria","Pascal\02_Sottosistemi_Completi\origine\sd\sorgenti\bm-sd\CANALI\Archivi\ANG7_2.ASH","C:\DOCUMENTI\sd\sorgenti\bm-sd\CANALI\Archivi\ANG7_2.ASH"
"Nucleo/CanaliAria","Pascal\02_Sottosistemi_Completi\origine\sd\sorgenti\bm-sd\CANALI\Archivi\ARCHIVIO.CAN","C:\DOCUMENTI\sd\sorgenti\bm-sd\CANALI\Archivi\ARCHIVIO.CAN"
"Nucleo/CanaliAria","Pascal\02_Sottosistemi_Completi\origine\sd\sorgenti\bm-sd\CANALI\Archivi\ASH1_1.ASH","C:\DOCUMENTI\sd\sorgenti\bm-sd\CANALI\Archivi\ASH1_1.ASH"
"Nucleo/CanaliAria","Pascal\02_Sottosistemi_Completi\origine\sd\sorgenti\bm-sd\CANALI\Archivi\ASH1_2.ASH","C:\DOCUMENTI\sd\sorgenti\bm-sd\CANALI\Archivi\ASH1_2.ASH"
"Nucleo/CanaliAria","Pascal\02_Sottosistemi_Completi\origine\sd\sorgenti\bm-sd\CANALI\Archivi\ASH1_3.ASH","C:\DOCUMENTI\sd\sorgenti\bm-sd\CANALI\Archivi\ASH1_3.ASH"
"Nucleo/CanaliAria","Pascal\02_Sottosistemi_Completi\origine\sd\sorgenti\bm-sd\CANALI\Archivi\ASH1_4.ASH","C:\DOCUMENTI\sd\sorgenti\bm-sd\CANALI\Archivi\ASH1_4.ASH"
"Nucleo/CanaliAria","Pascal\02_Sottosistemi_Completi\origine\sd\sorgenti\bm-sd\CANALI\Archivi\ASH1_5.ASH","C:\DOCUMENTI\sd\sorgenti\bm-sd\CANALI\Archivi\ASH1_5.ASH"
"Nucleo/CanaliAria","Pascal\02_Sottosistemi_Completi\origine\sd\sorgenti\bm-sd\CANALI\Archivi\ASH1_6.ASH","C:\DOCUMENTI\sd\sorgenti\bm-sd\CANALI\Archivi\ASH1_6.ASH"
"Nucleo/CanaliAria","Pascal\02_Sottosistemi_Completi\origine\sd\sorgenti\bm-sd\CANALI\Archivi\ASH1_7C.ASH","C:\DOCUMENTI\sd\sorgenti\bm-sd\CANALI\Archivi\ASH1_7C.ASH"
"Nucleo/CanaliAria","Pascal\02_Sottosistemi_Completi\origine\sd\sorgenti\bm-sd\CANALI\Archivi\ASH1_7R.ASH","C:\DOCUMENTI\sd\sorgenti\bm-sd\CANALI\Archivi\ASH1_7R.ASH"
"Nucleo/CanaliAria","Pascal\02_Sottosistemi_Completi\origine\sd\sorgenti\bm-sd\CANALI\Archivi\ASH1_8B.ASH","C:\DOCUMENTI\sd\sorgenti\bm-sd\CANALI\Archivi\ASH1_8B.ASH"
"Nucleo/CanaliAria","Pascal\02_Sottosistemi_Completi\origine\sd\sorgenti\bm-sd\CANALI\Archivi\ASH1_8F.ASH","C:\DOCUMENTI\sd\sorgenti\bm-sd\CANALI\Archivi\ASH1_8F.ASH"
"Nucleo/CanaliAria","Pascal\02_Sottosistemi_Completi\origine\sd\sorgenti\bm-sd\CANALI\Archivi\ASH1_8N.ASH","C:\DOCUMENTI\sd\sorgenti\bm-sd\CANALI\Archivi\ASH1_8N.ASH"
"Nucleo/CanaliAria","Pascal\02_Sottosistemi_Completi\origine\sd\sorgenti\bm-sd\CANALI\Archivi\ASH1_8S.ASH","C:\DOCUMENTI\sd\sorgenti\bm-sd\CANALI\Archivi\ASH1_8S.ASH"
"Nucleo/CanaliAria","Pascal\02_Sottosistemi_Completi\origine\sd\sorgenti\bm-sd\CANALI\Archivi\ASH1_8T.ASH","C:\DOCUMENTI\sd\sorgenti\bm-sd\CANALI\Archivi\ASH1_8T.ASH"
"Nucleo/CanaliAria","Pascal\02_Sottosistemi_Completi\origine\sd\sorgenti\bm-sd\CANALI\Archivi\ASH2_1.ASH","C:\DOCUMENTI\sd\sorgenti\bm-sd\CANALI\Archivi\ASH2_1.ASH"
"Nucleo/CanaliAria","Pascal\02_Sottosistemi_Completi\origine\sd\sorgenti\bm-sd\CANALI\Archivi\ASH2_10.ASH","C:\DOCUMENTI\sd\sorgenti\bm-sd\CANALI\Archivi\ASH2_10.ASH"
"Nucleo/CanaliAria","Pascal\02_Sottosistemi_Completi\origine\sd\sorgenti\bm-sd\CANALI\Archivi\ASH2_11.ASH","C:\DOCUMENTI\sd\sorgenti\bm-sd\CANALI\Archivi\ASH2_11.ASH"
"Nucleo/CanaliAria","Pascal\02_Sottosistemi_Completi\origine\sd\sorgenti\bm-sd\CANALI\Archivi\ASH2_3.ASH","C:\DOCUMENTI\sd\sorgenti\bm-sd\CANALI\Archivi\ASH2_3.ASH"
"Nucleo/CanaliAria","Pascal\02_Sottosistemi_Completi\origine\sd\sorgenti\bm-sd\CANALI\Archivi\ASH2_4.ASH","C:\DOCUMENTI\sd\sorgenti\bm-sd\CANALI\Archivi\ASH2_4.ASH"
"Nucleo/CanaliAria","Pascal\02_Sottosistemi_Completi\origine\sd\sorgenti\bm-sd\CANALI\Archivi\ASH2_5.ASH","C:\DOCUMENTI\sd\sorgenti\bm-sd\CANALI\Archivi\ASH2_5.ASH"
"Nucleo/CanaliAria","Pascal\02_Sottosistemi_Completi\origine\sd\sorgenti\bm-sd\CANALI\Archivi\ASH2_6B.ASH","C:\DOCUMENTI\sd\sorgenti\bm-sd\CANALI\Archivi\ASH2_6B.ASH"
"Nucleo/CanaliAria","Pascal\02_Sottosistemi_Completi\origine\sd\sorgenti\bm-sd\CANALI\Archivi\ASH2_6C.ASH","C:\DOCUMENTI\sd\sorgenti\bm-sd\CANALI\Archivi\ASH2_6C.ASH"
"Nucleo/CanaliAria","Pascal\02_Sottosistemi_Completi\origine\sd\sorgenti\bm-sd\CANALI\Archivi\ASH2_6F.ASH","C:\DOCUMENTI\sd\sorgenti\bm-sd\CANALI\Archivi\ASH2_6F.ASH"
"Nucleo/CanaliAria","Pascal\02_Sottosistemi_Completi\origine\sd\sorgenti\bm-sd\CANALI\Archivi\ASH2_6S.ASH","C:\DOCUMENTI\sd\sorgenti\bm-sd\CANALI\Archivi\ASH2_6S.ASH"
"Nucleo/CanaliAria","Pascal\02_Sottosistemi_Completi\origine\sd\sorgenti\bm-sd\CANALI\Archivi\ASH2_6T.ASH","C:\DOCUMENTI\sd\sorgenti\bm-sd\CANALI\Archivi\ASH2_6T.ASH"
"Nucleo/CanaliAria","Pascal\02_Sottosistemi_Completi\origine\sd\sorgenti\bm-sd\CANALI\Archivi\ASH2_7C.ASH","C:\DOCUMENTI\sd\sorgenti\bm-sd\CANALI\Archivi\ASH2_7C.ASH"
"Nucleo/CanaliAria","Pascal\02_Sottosistemi_Completi\origine\sd\sorgenti\bm-sd\CANALI\Archivi\ASH2_7R.ASH","C:\DOCUMENTI\sd\sorgenti\bm-sd\CANALI\Archivi\ASH2_7R.ASH"
"Nucleo/CanaliAria","Pascal\02_Sottosistemi_Completi\origine\sd\sorgenti\bm-sd\CANALI\Archivi\ASH2_8.ASH","C:\DOCUMENTI\sd\sorgenti\bm-sd\CANALI\Archivi\ASH2_8.ASH"
"Nucleo/CanaliAria","Pascal\02_Sottosistemi_Completi\origine\sd\sorgenti\bm-sd\CANALI\Archivi\ASH2_9.ASH","C:\DOCUMENTI\sd\sorgenti\bm-sd\CANALI\Archivi\ASH2_9.ASH"
"Nucleo/CanaliAria","Pascal\02_Sottosistemi_Completi\origine\sd\sorgenti\bm-sd\CANALI\Archivi\ASH3_1.ASH","C:\DOCUMENTI\sd\sorgenti\bm-sd\CANALI\Archivi\ASH3_1.ASH"
"Nucleo/CanaliAria","Pascal\02_Sottosistemi_Completi\origine\sd\sorgenti\bm-sd\CANALI\Archivi\ASH3_10.ASH","C:\DOCUMENTI\sd\sorgenti\bm-sd\CANALI\Archivi\ASH3_10.ASH"
"Nucleo/CanaliAria","Pascal\02_Sottosistemi_Completi\origine\sd\sorgenti\bm-sd\CANALI\Archivi\ASH3_11.ASH","C:\DOCUMENTI\sd\sorgenti\bm-sd\CANALI\Archivi\ASH3_11.ASH"
"Nucleo/CanaliAria","Pascal\02_Sottosistemi_Completi\origine\sd\sorgenti\bm-sd\CANALI\Archivi\ASH3_12.ASH","C:\DOCUMENTI\sd\sorgenti\bm-sd\CANALI\Archivi\ASH3_12.ASH"
"Nucleo/CanaliAria","Pascal\02_Sottosistemi_Completi\origine\sd\sorgenti\bm-sd\CANALI\Archivi\ASH3_1X.ASH","C:\DOCUMENTI\sd\sorgenti\bm-sd\CANALI\Archivi\ASH3_1X.ASH"
"Nucleo/CanaliAria","Pascal\02_Sottosistemi_Completi\origine\sd\sorgenti\bm-sd\CANALI\Archivi\ASH3_2.ASH","C:\DOCUMENTI\sd\sorgenti\bm-sd\CANALI\Archivi\ASH3_2.ASH"
"Nucleo/CanaliAria","Pascal\02_Sottosistemi_Completi\origine\sd\sorgenti\bm-sd\CANALI\Archivi\ASH3_3.ASH","C:\DOCUMENTI\sd\sorgenti\bm-sd\CANALI\Archivi\ASH3_3.ASH"
"Nucleo/CanaliAria","Pascal\02_Sottosistemi_Completi\origine\sd\sorgenti\bm-sd\CANALI\Archivi\ASH3_4.ASH","C:\DOCUMENTI\sd\sorgenti\bm-sd\CANALI\Archivi\ASH3_4.ASH"
"Nucleo/CanaliAria","Pascal\02_Sottosistemi_Completi\origine\sd\sorgenti\bm-sd\CANALI\Archivi\ASH3_5.ASH","C:\DOCUMENTI\sd\sorgenti\bm-sd\CANALI\Archivi\ASH3_5.ASH"
"Nucleo/CanaliAria","Pascal\02_Sottosistemi_Completi\origine\sd\sorgenti\bm-sd\CANALI\Archivi\ASH3_5K.ASH","C:\DOCUMENTI\sd\sorgenti\bm-sd\CANALI\Archivi\ASH3_5K.ASH"
"Nucleo/CanaliAria","Pascal\02_Sottosistemi_Completi\origine\sd\sorgenti\bm-sd\CANALI\Archivi\ASH3_6.ASH","C:\DOCUMENTI\sd\sorgenti\bm-sd\CANALI\Archivi\ASH3_6.ASH"
"Nucleo/CanaliAria","Pascal\02_Sottosistemi_Completi\origine\sd\sorgenti\bm-sd\CANALI\Archivi\ASH3_7A.ASH","C:\DOCUMENTI\sd\sorgenti\bm-sd\CANALI\Archivi\ASH3_7A.ASH"
"Nucleo/CanaliAria","Pascal\02_Sottosistemi_Completi\origine\sd\sorgenti\bm-sd\CANALI\Archivi\ASH3_7B.ASH","C:\DOCUMENTI\sd\sorgenti\bm-sd\CANALI\Archivi\ASH3_7B.ASH"
"Nucleo/CanaliAria","Pascal\02_Sottosistemi_Completi\origine\sd\sorgenti\bm-sd\CANALI\Archivi\ASH3_7C.ASH","C:\DOCUMENTI\sd\sorgenti\bm-sd\CANALI\Archivi\ASH3_7C.ASH"
"Nucleo/CanaliAria","Pascal\02_Sottosistemi_Completi\origine\sd\sorgenti\bm-sd\CANALI\Archivi\ASH3_8.ASH","C:\DOCUMENTI\sd\sorgenti\bm-sd\CANALI\Archivi\ASH3_8.ASH"
"Nucleo/CanaliAria","Pascal\02_Sottosistemi_Completi\origine\sd\sorgenti\bm-sd\CANALI\Archivi\ASH3_9.ASH","C:\DOCUMENTI\sd\sorgenti\bm-sd\CANALI\Archivi\ASH3_9.ASH"
"Nucleo/CanaliAria","Pascal\02_Sottosistemi_Completi\origine\sd\sorgenti\bm-sd\CANALI\Archivi\ASH4_1.ASH","C:\DOCUMENTI\sd\sorgenti\bm-sd\CANALI\Archivi\ASH4_1.ASH"
"Nucleo/CanaliAria","Pascal\02_Sottosistemi_Completi\origine\sd\sorgenti\bm-sd\CANALI\Archivi\ASH4_10.ASH","C:\DOCUMENTI\sd\sorgenti\bm-sd\CANALI\Archivi\ASH4_10.ASH"
"Nucleo/CanaliAria","Pascal\02_Sottosistemi_Completi\origine\sd\sorgenti\bm-sd\CANALI\Archivi\ASH4_11.ASH","C:\DOCUMENTI\sd\sorgenti\bm-sd\CANALI\Archivi\ASH4_11.ASH"
"Nucleo/CanaliAria","Pascal\02_Sottosistemi_Completi\origine\sd\sorgenti\bm-sd\CANALI\Archivi\ASH4_12.ASH","C:\DOCUMENTI\sd\sorgenti\bm-sd\CANALI\Archivi\ASH4_12.ASH"
"Nucleo/CanaliAria","Pascal\02_Sottosistemi_Completi\origine\sd\sorgenti\bm-sd\CANALI\Archivi\ASH4_2.ASH","C:\DOCUMENTI\sd\sorgenti\bm-sd\CANALI\Archivi\ASH4_2.ASH"
"Nucleo/CanaliAria","Pascal\02_Sottosistemi_Completi\origine\sd\sorgenti\bm-sd\CANALI\Archivi\ASH4_3.ASH","C:\DOCUMENTI\sd\sorgenti\bm-sd\CANALI\Archivi\ASH4_3.ASH"
"Nucleo/CanaliAria","Pascal\02_Sottosistemi_Completi\origine\sd\sorgenti\bm-sd\CANALI\Archivi\ASH4_4.ASH","C:\DOCUMENTI\sd\sorgenti\bm-sd\CANALI\Archivi\ASH4_4.ASH"
"Nucleo/CanaliAria","Pascal\02_Sottosistemi_Completi\origine\sd\sorgenti\bm-sd\CANALI\Archivi\ASH4_5.ASH","C:\DOCUMENTI\sd\sorgenti\bm-sd\CANALI\Archivi\ASH4_5.ASH"
"Nucleo/CanaliAria","Pascal\02_Sottosistemi_Completi\origine\sd\sorgenti\bm-sd\CANALI\Archivi\ASH4_6.ASH","C:\DOCUMENTI\sd\sorgenti\bm-sd\CANALI\Archivi\ASH4_6.ASH"
"Nucleo/CanaliAria","Pascal\02_Sottosistemi_Completi\origine\sd\sorgenti\bm-sd\CANALI\Archivi\ASH4_7C.ASH","C:\DOCUMENTI\sd\sorgenti\bm-sd\CANALI\Archivi\ASH4_7C.ASH"
"Nucleo/CanaliAria","Pascal\02_Sottosistemi_Completi\origine\sd\sorgenti\bm-sd\CANALI\Archivi\ASH4_7R.ASH","C:\DOCUMENTI\sd\sorgenti\bm-sd\CANALI\Archivi\ASH4_7R.ASH"
"Nucleo/CanaliAria","Pascal\02_Sottosistemi_Completi\origine\sd\sorgenti\bm-sd\CANALI\Archivi\ASH4_8.ASH","C:\DOCUMENTI\sd\sorgenti\bm-sd\CANALI\Archivi\ASH4_8.ASH"
"Nucleo/CanaliAria","Pascal\02_Sottosistemi_Completi\origine\sd\sorgenti\bm-sd\CANALI\Archivi\ASH4_9.ASH","C:\DOCUMENTI\sd\sorgenti\bm-sd\CANALI\Archivi\ASH4_9.ASH"
"Nucleo/CanaliAria","Pascal\02_Sottosistemi_Completi\origine\sd\sorgenti\bm-sd\CANALI\Archivi\ASH45_51.ASH","C:\DOCUMENTI\sd\sorgenti\bm-sd\CANALI\Archivi\ASH45_51.ASH"
"Nucleo/CanaliAria","Pascal\02_Sottosistemi_Completi\origine\sd\sorgenti\bm-sd\CANALI\Archivi\ASH5_1.ASH","C:\DOCUMENTI\sd\sorgenti\bm-sd\CANALI\Archivi\ASH5_1.ASH"
"Nucleo/CanaliAria","Pascal\02_Sottosistemi_Completi\origine\sd\sorgenti\bm-sd\CANALI\Archivi\ASH5_2.ASH","C:\DOCUMENTI\sd\sorgenti\bm-sd\CANALI\Archivi\ASH5_2.ASH"
"Nucleo/CanaliAria","Pascal\02_Sottosistemi_Completi\origine\sd\sorgenti\bm-sd\CANALI\Archivi\ASH5_2K.ASH","C:\DOCUMENTI\sd\sorgenti\bm-sd\CANALI\Archivi\ASH5_2K.ASH"
"Nucleo/CanaliAria","Pascal\02_Sottosistemi_Completi\origine\sd\sorgenti\bm-sd\CANALI\Archivi\ASH5_3.ASH","C:\DOCUMENTI\sd\sorgenti\bm-sd\CANALI\Archivi\ASH5_3.ASH"
"Nucleo/CanaliAria","Pascal\02_Sottosistemi_Completi\origine\sd\sorgenti\bm-sd\CANALI\Archivi\ASH6_1.ASH","C:\DOCUMENTI\sd\sorgenti\bm-sd\CANALI\Archivi\ASH6_1.ASH"
"Nucleo/CanaliAria","Pascal\02_Sottosistemi_Completi\origine\sd\sorgenti\bm-sd\CANALI\Archivi\ASH6_10.ASH","C:\DOCUMENTI\sd\sorgenti\bm-sd\CANALI\Archivi\ASH6_10.ASH"
"Nucleo/CanaliAria","Pascal\02_Sottosistemi_Completi\origine\sd\sorgenti\bm-sd\CANALI\Archivi\ASH6_11.ASH","C:\DOCUMENTI\sd\sorgenti\bm-sd\CANALI\Archivi\ASH6_11.ASH"
"Nucleo/CanaliAria","Pascal\02_Sottosistemi_Completi\origine\sd\sorgenti\bm-sd\CANALI\Archivi\ASH6_12.ASH","C:\DOCUMENTI\sd\sorgenti\bm-sd\CANALI\Archivi\ASH6_12.ASH"
"Nucleo/CanaliAria","Pascal\02_Sottosistemi_Completi\origine\sd\sorgenti\bm-sd\CANALI\Archivi\ASH6_13.ASH","C:\DOCUMENTI\sd\sorgenti\bm-sd\CANALI\Archivi\ASH6_13.ASH"
"Nucleo/CanaliAria","Pascal\02_Sottosistemi_Completi\origine\sd\sorgenti\bm-sd\CANALI\Archivi\ASH6_14.ASH","C:\DOCUMENTI\sd\sorgenti\bm-sd\CANALI\Archivi\ASH6_14.ASH"
"Nucleo/CanaliAria","Pascal\02_Sottosistemi_Completi\origine\sd\sorgenti\bm-sd\CANALI\Archivi\ASH6_15.ASH","C:\DOCUMENTI\sd\sorgenti\bm-sd\CANALI\Archivi\ASH6_15.ASH"
"Nucleo/CanaliAria","Pascal\02_Sottosistemi_Completi\origine\sd\sorgenti\bm-sd\CANALI\Archivi\ASH6_16.ASH","C:\DOCUMENTI\sd\sorgenti\bm-sd\CANALI\Archivi\ASH6_16.ASH"
"Nucleo/CanaliAria","Pascal\02_Sottosistemi_Completi\origine\sd\sorgenti\bm-sd\CANALI\Archivi\ASH6_17.ASH","C:\DOCUMENTI\sd\sorgenti\bm-sd\CANALI\Archivi\ASH6_17.ASH"
"Nucleo/CanaliAria","Pascal\02_Sottosistemi_Completi\origine\sd\sorgenti\bm-sd\CANALI\Archivi\ASH6_17B.ASH","C:\DOCUMENTI\sd\sorgenti\bm-sd\CANALI\Archivi\ASH6_17B.ASH"
"Nucleo/CanaliAria","Pascal\02_Sottosistemi_Completi\origine\sd\sorgenti\bm-sd\CANALI\Archivi\ASH6_18.ASH","C:\DOCUMENTI\sd\sorgenti\bm-sd\CANALI\Archivi\ASH6_18.ASH"
"Nucleo/CanaliAria","Pascal\02_Sottosistemi_Completi\origine\sd\sorgenti\bm-sd\CANALI\Archivi\ASH6_19.ASH","C:\DOCUMENTI\sd\sorgenti\bm-sd\CANALI\Archivi\ASH6_19.ASH"
"Nucleo/CanaliAria","Pascal\02_Sottosistemi_Completi\origine\sd\sorgenti\bm-sd\CANALI\Archivi\ASH6_1B.ASH","C:\DOCUMENTI\sd\sorgenti\bm-sd\CANALI\Archivi\ASH6_1B.ASH"
"Nucleo/CanaliAria","Pascal\02_Sottosistemi_Completi\origine\sd\sorgenti\bm-sd\CANALI\Archivi\ASH6_2.ASH","C:\DOCUMENTI\sd\sorgenti\bm-sd\CANALI\Archivi\ASH6_2.ASH"
"Nucleo/CanaliAria","Pascal\02_Sottosistemi_Completi\origine\sd\sorgenti\bm-sd\CANALI\Archivi\ASH6_20.ASH","C:\DOCUMENTI\sd\sorgenti\bm-sd\CANALI\Archivi\ASH6_20.ASH"
"Nucleo/CanaliAria","Pascal\02_Sottosistemi_Completi\origine\sd\sorgenti\bm-sd\CANALI\Archivi\ASH6_21.ASH","C:\DOCUMENTI\sd\sorgenti\bm-sd\CANALI\Archivi\ASH6_21.ASH"
"Nucleo/CanaliAria","Pascal\02_Sottosistemi_Completi\origine\sd\sorgenti\bm-sd\CANALI\Archivi\ASH6_22.ASH","C:\DOCUMENTI\sd\sorgenti\bm-sd\CANALI\Archivi\ASH6_22.ASH"
"Nucleo/CanaliAria","Pascal\02_Sottosistemi_Completi\origine\sd\sorgenti\bm-sd\CANALI\Archivi\ASH6_22B.ASH","C:\DOCUMENTI\sd\sorgenti\bm-sd\CANALI\Archivi\ASH6_22B.ASH"
"Nucleo/CanaliAria","Pascal\02_Sottosistemi_Completi\origine\sd\sorgenti\bm-sd\CANALI\Archivi\ASH6_23.ASH","C:\DOCUMENTI\sd\sorgenti\bm-sd\CANALI\Archivi\ASH6_23.ASH"
"Nucleo/CanaliAria","Pascal\02_Sottosistemi_Completi\origine\sd\sorgenti\bm-sd\CANALI\Archivi\ASH6_23A.ASH","C:\DOCUMENTI\sd\sorgenti\bm-sd\CANALI\Archivi\ASH6_23A.ASH"
"Nucleo/CanaliAria","Pascal\02_Sottosistemi_Completi\origine\sd\sorgenti\bm-sd\CANALI\Archivi\ASH6_23B.ASH","C:\DOCUMENTI\sd\sorgenti\bm-sd\CANALI\Archivi\ASH6_23B.ASH"
"Nucleo/CanaliAria","Pascal\02_Sottosistemi_Completi\origine\sd\sorgenti\bm-sd\CANALI\Archivi\ASH6_23C.ASH","C:\DOCUMENTI\sd\sorgenti\bm-sd\CANALI\Archivi\ASH6_23C.ASH"
"Nucleo/CanaliAria","Pascal\02_Sottosistemi_Completi\origine\sd\sorgenti\bm-sd\CANALI\Archivi\ASH6_23D.ASH","C:\DOCUMENTI\sd\sorgenti\bm-sd\CANALI\Archivi\ASH6_23D.ASH"
"Nucleo/CanaliAria","Pascal\02_Sottosistemi_Completi\origine\sd\sorgenti\bm-sd\CANALI\Archivi\ASH6_23M.ASH","C:\DOCUMENTI\sd\sorgenti\bm-sd\CANALI\Archivi\ASH6_23M.ASH"
"Nucleo/CanaliAria","Pascal\02_Sottosistemi_Completi\origine\sd\sorgenti\bm-sd\CANALI\Archivi\ASH6_23T.ASH","C:\DOCUMENTI\sd\sorgenti\bm-sd\CANALI\Archivi\ASH6_23T.ASH"
"Nucleo/CanaliAria","Pascal\02_Sottosistemi_Completi\origine\sd\sorgenti\bm-sd\CANALI\Archivi\ASH6_24.ASH","C:\DOCUMENTI\sd\sorgenti\bm-sd\CANALI\Archivi\ASH6_24.ASH"
"Nucleo/CanaliAria","Pascal\02_Sottosistemi_Completi\origine\sd\sorgenti\bm-sd\CANALI\Archivi\ASH6_24B.ASH","C:\DOCUMENTI\sd\sorgenti\bm-sd\CANALI\Archivi\ASH6_24B.ASH"
"Nucleo/CanaliAria","Pascal\02_Sottosistemi_Completi\origine\sd\sorgenti\bm-sd\CANALI\Archivi\ASH6_24K.ASH","C:\DOCUMENTI\sd\sorgenti\bm-sd\CANALI\Archivi\ASH6_24K.ASH"
"Nucleo/CanaliAria","Pascal\02_Sottosistemi_Completi\origine\sd\sorgenti\bm-sd\CANALI\Archivi\ASH6_26.ASH","C:\DOCUMENTI\sd\sorgenti\bm-sd\CANALI\Archivi\ASH6_26.ASH"
"Nucleo/CanaliAria","Pascal\02_Sottosistemi_Completi\origine\sd\sorgenti\bm-sd\CANALI\Archivi\ASH6_26M.ASH","C:\DOCUMENTI\sd\sorgenti\bm-sd\CANALI\Archivi\ASH6_26M.ASH"
"Nucleo/CanaliAria","Pascal\02_Sottosistemi_Completi\origine\sd\sorgenti\bm-sd\CANALI\Archivi\ASH6_26T.ASH","C:\DOCUMENTI\sd\sorgenti\bm-sd\CANALI\Archivi\ASH6_26T.ASH"
"Nucleo/CanaliAria","Pascal\02_Sottosistemi_Completi\origine\sd\sorgenti\bm-sd\CANALI\Archivi\ASH6_27.ASH","C:\DOCUMENTI\sd\sorgenti\bm-sd\CANALI\Archivi\ASH6_27.ASH"
"Nucleo/CanaliAria","Pascal\02_Sottosistemi_Completi\origine\sd\sorgenti\bm-sd\CANALI\Archivi\ASH6_28.ASH","C:\DOCUMENTI\sd\sorgenti\bm-sd\CANALI\Archivi\ASH6_28.ASH"
"Nucleo/CanaliAria","Pascal\02_Sottosistemi_Completi\origine\sd\sorgenti\bm-sd\CANALI\Archivi\ASH6_28C.ASH","C:\DOCUMENTI\sd\sorgenti\bm-sd\CANALI\Archivi\ASH6_28C.ASH"
"Nucleo/CanaliAria","Pascal\02_Sottosistemi_Completi\origine\sd\sorgenti\bm-sd\CANALI\Archivi\ASH6_28M.ASH","C:\DOCUMENTI\sd\sorgenti\bm-sd\CANALI\Archivi\ASH6_28M.ASH"
"Nucleo/CanaliAria","Pascal\02_Sottosistemi_Completi\origine\sd\sorgenti\bm-sd\CANALI\Archivi\ASH6_28N.ASH","C:\DOCUMENTI\sd\sorgenti\bm-sd\CANALI\Archivi\ASH6_28N.ASH"
"Nucleo/CanaliAria","Pascal\02_Sottosistemi_Completi\origine\sd\sorgenti\bm-sd\CANALI\Archivi\ASH6_28T.ASH","C:\DOCUMENTI\sd\sorgenti\bm-sd\CANALI\Archivi\ASH6_28T.ASH"
"Nucleo/CanaliAria","Pascal\02_Sottosistemi_Completi\origine\sd\sorgenti\bm-sd\CANALI\Archivi\ASH6_29.ASH","C:\DOCUMENTI\sd\sorgenti\bm-sd\CANALI\Archivi\ASH6_29.ASH"
"Nucleo/CanaliAria","Pascal\02_Sottosistemi_Completi\origine\sd\sorgenti\bm-sd\CANALI\Archivi\ASH6_29C.ASH","C:\DOCUMENTI\sd\sorgenti\bm-sd\CANALI\Archivi\ASH6_29C.ASH"
"Nucleo/CanaliAria","Pascal\02_Sottosistemi_Completi\origine\sd\sorgenti\bm-sd\CANALI\Archivi\ASH6_29M.ASH","C:\DOCUMENTI\sd\sorgenti\bm-sd\CANALI\Archivi\ASH6_29M.ASH"
"Nucleo/CanaliAria","Pascal\02_Sottosistemi_Completi\origine\sd\sorgenti\bm-sd\CANALI\Archivi\ASH6_29T.ASH","C:\DOCUMENTI\sd\sorgenti\bm-sd\CANALI\Archivi\ASH6_29T.ASH"
"Nucleo/CanaliAria","Pascal\02_Sottosistemi_Completi\origine\sd\sorgenti\bm-sd\CANALI\Archivi\ASH6_2B.ASH","C:\DOCUMENTI\sd\sorgenti\bm-sd\CANALI\Archivi\ASH6_2B.ASH"
"Nucleo/CanaliAria","Pascal\02_Sottosistemi_Completi\origine\sd\sorgenti\bm-sd\CANALI\Archivi\ASH6_3.ASH","C:\DOCUMENTI\sd\sorgenti\bm-sd\CANALI\Archivi\ASH6_3.ASH"
"Nucleo/CanaliAria","Pascal\02_Sottosistemi_Completi\origine\sd\sorgenti\bm-sd\CANALI\Archivi\ASH6_30.ASH","C:\DOCUMENTI\sd\sorgenti\bm-sd\CANALI\Archivi\ASH6_30.ASH"
"Nucleo/CanaliAria","Pascal\02_Sottosistemi_Completi\origine\sd\sorgenti\bm-sd\CANALI\Archivi\ASH6_31.ASH","C:\DOCUMENTI\sd\sorgenti\bm-sd\CANALI\Archivi\ASH6_31.ASH"
"Nucleo/CanaliAria","Pascal\02_Sottosistemi_Completi\origine\sd\sorgenti\bm-sd\CANALI\Archivi\ASH6_32.ASH","C:\DOCUMENTI\sd\sorgenti\bm-sd\CANALI\Archivi\ASH6_32.ASH"
"Nucleo/CanaliAria","Pascal\02_Sottosistemi_Completi\origine\sd\sorgenti\bm-sd\CANALI\Archivi\ASH6_32M.ASH","C:\DOCUMENTI\sd\sorgenti\bm-sd\CANALI\Archivi\ASH6_32M.ASH"
"Nucleo/CanaliAria","Pascal\02_Sottosistemi_Completi\origine\sd\sorgenti\bm-sd\CANALI\Archivi\ASH6_33.ASH","C:\DOCUMENTI\sd\sorgenti\bm-sd\CANALI\Archivi\ASH6_33.ASH"
"Nucleo/CanaliAria","Pascal\02_Sottosistemi_Completi\origine\sd\sorgenti\bm-sd\CANALI\Archivi\ASH6_33C.ASH","C:\DOCUMENTI\sd\sorgenti\bm-sd\CANALI\Archivi\ASH6_33C.ASH"
"Nucleo/CanaliAria","Pascal\02_Sottosistemi_Completi\origine\sd\sorgenti\bm-sd\CANALI\Archivi\ASH6_34.ASH","C:\DOCUMENTI\sd\sorgenti\bm-sd\CANALI\Archivi\ASH6_34.ASH"
"Nucleo/CanaliAria","Pascal\02_Sottosistemi_Completi\origine\sd\sorgenti\bm-sd\CANALI\Archivi\ASH6_34C.ASH","C:\DOCUMENTI\sd\sorgenti\bm-sd\CANALI\Archivi\ASH6_34C.ASH"
"Nucleo/CanaliAria","Pascal\02_Sottosistemi_Completi\origine\sd\sorgenti\bm-sd\CANALI\Archivi\ASH6_35.ASH","C:\DOCUMENTI\sd\sorgenti\bm-sd\CANALI\Archivi\ASH6_35.ASH"
"Nucleo/CanaliAria","Pascal\02_Sottosistemi_Completi\origine\sd\sorgenti\bm-sd\CANALI\Archivi\ASH6_35J.ASH","C:\DOCUMENTI\sd\sorgenti\bm-sd\CANALI\Archivi\ASH6_35J.ASH"
"Nucleo/CanaliAria","Pascal\02_Sottosistemi_Completi\origine\sd\sorgenti\bm-sd\CANALI\Archivi\ASH6_35K.ASH","C:\DOCUMENTI\sd\sorgenti\bm-sd\CANALI\Archivi\ASH6_35K.ASH"
"Nucleo/CanaliAria","Pascal\02_Sottosistemi_Completi\origine\sd\sorgenti\bm-sd\CANALI\Archivi\ASH6_35Q.ASH","C:\DOCUMENTI\sd\sorgenti\bm-sd\CANALI\Archivi\ASH6_35Q.ASH"
"Nucleo/CanaliAria","Pascal\02_Sottosistemi_Completi\origine\sd\sorgenti\bm-sd\CANALI\Archivi\ASH6_35R.ASH","C:\DOCUMENTI\sd\sorgenti\bm-sd\CANALI\Archivi\ASH6_35R.ASH"
"Nucleo/CanaliAria","Pascal\02_Sottosistemi_Completi\origine\sd\sorgenti\bm-sd\CANALI\Archivi\ASH6_35U.ASH","C:\DOCUMENTI\sd\sorgenti\bm-sd\CANALI\Archivi\ASH6_35U.ASH"
"Nucleo/CanaliAria","Pascal\02_Sottosistemi_Completi\origine\sd\sorgenti\bm-sd\CANALI\Archivi\ASH6_35W.ASH","C:\DOCUMENTI\sd\sorgenti\bm-sd\CANALI\Archivi\ASH6_35W.ASH"
"Nucleo/CanaliAria","Pascal\02_Sottosistemi_Completi\origine\sd\sorgenti\bm-sd\CANALI\Archivi\ASH6_35X.ASH","C:\DOCUMENTI\sd\sorgenti\bm-sd\CANALI\Archivi\ASH6_35X.ASH"
"Nucleo/CanaliAria","Pascal\02_Sottosistemi_Completi\origine\sd\sorgenti\bm-sd\CANALI\Archivi\ASH6_35Y.ASH","C:\DOCUMENTI\sd\sorgenti\bm-sd\CANALI\Archivi\ASH6_35Y.ASH"
"Nucleo/CanaliAria","Pascal\02_Sottosistemi_Completi\origine\sd\sorgenti\bm-sd\CANALI\Archivi\ASH6_36.ASH","C:\DOCUMENTI\sd\sorgenti\bm-sd\CANALI\Archivi\ASH6_36.ASH"
"Nucleo/CanaliAria","Pascal\02_Sottosistemi_Completi\origine\sd\sorgenti\bm-sd\CANALI\Archivi\ASH6_36C.ASH","C:\DOCUMENTI\sd\sorgenti\bm-sd\CANALI\Archivi\ASH6_36C.ASH"
"Nucleo/CanaliAria","Pascal\02_Sottosistemi_Completi\origine\sd\sorgenti\bm-sd\CANALI\Archivi\ASH6_36R.ASH","C:\DOCUMENTI\sd\sorgenti\bm-sd\CANALI\Archivi\ASH6_36R.ASH"
"Nucleo/CanaliAria","Pascal\02_Sottosistemi_Completi\origine\sd\sorgenti\bm-sd\CANALI\Archivi\ASH6_36U.ASH","C:\DOCUMENTI\sd\sorgenti\bm-sd\CANALI\Archivi\ASH6_36U.ASH"
"Nucleo/CanaliAria","Pascal\02_Sottosistemi_Completi\origine\sd\sorgenti\bm-sd\CANALI\Archivi\ASH6_36X.ASH","C:\DOCUMENTI\sd\sorgenti\bm-sd\CANALI\Archivi\ASH6_36X.ASH"
"Nucleo/CanaliAria","Pascal\02_Sottosistemi_Completi\origine\sd\sorgenti\bm-sd\CANALI\Archivi\ASH6_36Y.ASH","C:\DOCUMENTI\sd\sorgenti\bm-sd\CANALI\Archivi\ASH6_36Y.ASH"
"Nucleo/CanaliAria","Pascal\02_Sottosistemi_Completi\origine\sd\sorgenti\bm-sd\CANALI\Archivi\ASH6_36Z.ASH","C:\DOCUMENTI\sd\sorgenti\bm-sd\CANALI\Archivi\ASH6_36Z.ASH"
"Nucleo/CanaliAria","Pascal\02_Sottosistemi_Completi\origine\sd\sorgenti\bm-sd\CANALI\Archivi\ASH6_3B.ASH","C:\DOCUMENTI\sd\sorgenti\bm-sd\CANALI\Archivi\ASH6_3B.ASH"
"Nucleo/CanaliAria","Pascal\02_Sottosistemi_Completi\origine\sd\sorgenti\bm-sd\CANALI\Archivi\ASH6_3N.ASH","C:\DOCUMENTI\sd\sorgenti\bm-sd\CANALI\Archivi\ASH6_3N.ASH"
"Nucleo/CanaliAria","Pascal\02_Sottosistemi_Completi\origine\sd\sorgenti\bm-sd\CANALI\Archivi\ASH6_3T.ASH","C:\DOCUMENTI\sd\sorgenti\bm-sd\CANALI\Archivi\ASH6_3T.ASH"
"Nucleo/CanaliAria","Pascal\02_Sottosistemi_Completi\origine\sd\sorgenti\bm-sd\CANALI\Archivi\ASH6_4.ASH","C:\DOCUMENTI\sd\sorgenti\bm-sd\CANALI\Archivi\ASH6_4.ASH"
"Nucleo/CanaliAria","Pascal\02_Sottosistemi_Completi\origine\sd\sorgenti\bm-sd\CANALI\Archivi\ASH6_4B.ASH","C:\DOCUMENTI\sd\sorgenti\bm-sd\CANALI\Archivi\ASH6_4B.ASH"
"Nucleo/CanaliAria","Pascal\02_Sottosistemi_Completi\origine\sd\sorgenti\bm-sd\CANALI\Archivi\ASH6_4C.ASH","C:\DOCUMENTI\sd\sorgenti\bm-sd\CANALI\Archivi\ASH6_4C.ASH"
"Nucleo/CanaliAria","Pascal\02_Sottosistemi_Completi\origine\sd\sorgenti\bm-sd\CANALI\Archivi\ASH6_4D.ASH","C:\DOCUMENTI\sd\sorgenti\bm-sd\CANALI\Archivi\ASH6_4D.ASH"
"Nucleo/CanaliAria","Pascal\02_Sottosistemi_Completi\origine\sd\sorgenti\bm-sd\CANALI\Archivi\ASH6_4E.ASH","C:\DOCUMENTI\sd\sorgenti\bm-sd\CANALI\Archivi\ASH6_4E.ASH"
"Nucleo/CanaliAria","Pascal\02_Sottosistemi_Completi\origine\sd\sorgenti\bm-sd\CANALI\Archivi\ASH6_4F.ASH","C:\DOCUMENTI\sd\sorgenti\bm-sd\CANALI\Archivi\ASH6_4F.ASH"
"Nucleo/CanaliAria","Pascal\02_Sottosistemi_Completi\origine\sd\sorgenti\bm-sd\CANALI\Archivi\ASH6_4G.ASH","C:\DOCUMENTI\sd\sorgenti\bm-sd\CANALI\Archivi\ASH6_4G.ASH"
"Nucleo/CanaliAria","Pascal\02_Sottosistemi_Completi\origine\sd\sorgenti\bm-sd\CANALI\Archivi\ASH6_4H.ASH","C:\DOCUMENTI\sd\sorgenti\bm-sd\CANALI\Archivi\ASH6_4H.ASH"
"Nucleo/CanaliAria","Pascal\02_Sottosistemi_Completi\origine\sd\sorgenti\bm-sd\CANALI\Archivi\ASH6_4I.ASH","C:\DOCUMENTI\sd\sorgenti\bm-sd\CANALI\Archivi\ASH6_4I.ASH"
"Nucleo/CanaliAria","Pascal\02_Sottosistemi_Completi\origine\sd\sorgenti\bm-sd\CANALI\Archivi\ASH6_4J.ASH","C:\DOCUMENTI\sd\sorgenti\bm-sd\CANALI\Archivi\ASH6_4J.ASH"
"Nucleo/CanaliAria","Pascal\02_Sottosistemi_Completi\origine\sd\sorgenti\bm-sd\CANALI\Archivi\ASH6_4L.ASH","C:\DOCUMENTI\sd\sorgenti\bm-sd\CANALI\Archivi\ASH6_4L.ASH"
"Nucleo/CanaliAria","Pascal\02_Sottosistemi_Completi\origine\sd\sorgenti\bm-sd\CANALI\Archivi\ASH6_5.ASH","C:\DOCUMENTI\sd\sorgenti\bm-sd\CANALI\Archivi\ASH6_5.ASH"
"Nucleo/CanaliAria","Pascal\02_Sottosistemi_Completi\origine\sd\sorgenti\bm-sd\CANALI\Archivi\ASH6_5B.ASH","C:\DOCUMENTI\sd\sorgenti\bm-sd\CANALI\Archivi\ASH6_5B.ASH"
"Nucleo/CanaliAria","Pascal\02_Sottosistemi_Completi\origine\sd\sorgenti\bm-sd\CANALI\Archivi\ASH6_5C.ASH","C:\DOCUMENTI\sd\sorgenti\bm-sd\CANALI\Archivi\ASH6_5C.ASH"
"Nucleo/CanaliAria","Pascal\02_Sottosistemi_Completi\origine\sd\sorgenti\bm-sd\CANALI\Archivi\ASH6_5D.ASH","C:\DOCUMENTI\sd\sorgenti\bm-sd\CANALI\Archivi\ASH6_5D.ASH"
"Nucleo/CanaliAria","Pascal\02_Sottosistemi_Completi\origine\sd\sorgenti\bm-sd\CANALI\Archivi\ASH6_5E.ASH","C:\DOCUMENTI\sd\sorgenti\bm-sd\CANALI\Archivi\ASH6_5E.ASH"
"Nucleo/CanaliAria","Pascal\02_Sottosistemi_Completi\origine\sd\sorgenti\bm-sd\CANALI\Archivi\ASH6_5F.ASH","C:\DOCUMENTI\sd\sorgenti\bm-sd\CANALI\Archivi\ASH6_5F.ASH"
"Nucleo/CanaliAria","Pascal\02_Sottosistemi_Completi\origine\sd\sorgenti\bm-sd\CANALI\Archivi\ASH6_5G.ASH","C:\DOCUMENTI\sd\sorgenti\bm-sd\CANALI\Archivi\ASH6_5G.ASH"
"Nucleo/CanaliAria","Pascal\02_Sottosistemi_Completi\origine\sd\sorgenti\bm-sd\CANALI\Archivi\ASH6_5H.ASH","C:\DOCUMENTI\sd\sorgenti\bm-sd\CANALI\Archivi\ASH6_5H.ASH"
"Nucleo/CanaliAria","Pascal\02_Sottosistemi_Completi\origine\sd\sorgenti\bm-sd\CANALI\Archivi\ASH6_5I.ASH","C:\DOCUMENTI\sd\sorgenti\bm-sd\CANALI\Archivi\ASH6_5I.ASH"
"Nucleo/CanaliAria","Pascal\02_Sottosistemi_Completi\origine\sd\sorgenti\bm-sd\CANALI\Archivi\ASH6_5J.ASH","C:\DOCUMENTI\sd\sorgenti\bm-sd\CANALI\Archivi\ASH6_5J.ASH"
"Nucleo/CanaliAria","Pascal\02_Sottosistemi_Completi\origine\sd\sorgenti\bm-sd\CANALI\Archivi\ASH6_5K.ASH","C:\DOCUMENTI\sd\sorgenti\bm-sd\CANALI\Archivi\ASH6_5K.ASH"
"Nucleo/CanaliAria","Pascal\02_Sottosistemi_Completi\origine\sd\sorgenti\bm-sd\CANALI\Archivi\ASH6_5L.ASH","C:\DOCUMENTI\sd\sorgenti\bm-sd\CANALI\Archivi\ASH6_5L.ASH"
"Nucleo/CanaliAria","Pascal\02_Sottosistemi_Completi\origine\sd\sorgenti\bm-sd\CANALI\Archivi\ASH6_7.ASH","C:\DOCUMENTI\sd\sorgenti\bm-sd\CANALI\Archivi\ASH6_7.ASH"
"Nucleo/CanaliAria","Pascal\02_Sottosistemi_Completi\origine\sd\sorgenti\bm-sd\CANALI\Archivi\ASH6_7B.ASH","C:\DOCUMENTI\sd\sorgenti\bm-sd\CANALI\Archivi\ASH6_7B.ASH"
"Nucleo/CanaliAria","Pascal\02_Sottosistemi_Completi\origine\sd\sorgenti\bm-sd\CANALI\Archivi\ASH6_7T.ASH","C:\DOCUMENTI\sd\sorgenti\bm-sd\CANALI\Archivi\ASH6_7T.ASH"
"Nucleo/CanaliAria","Pascal\02_Sottosistemi_Completi\origine\sd\sorgenti\bm-sd\CANALI\Archivi\ASH6_8.ASH","C:\DOCUMENTI\sd\sorgenti\bm-sd\CANALI\Archivi\ASH6_8.ASH"
"Nucleo/CanaliAria","Pascal\02_Sottosistemi_Completi\origine\sd\sorgenti\bm-sd\CANALI\Archivi\ASH6_8B.ASH","C:\DOCUMENTI\sd\sorgenti\bm-sd\CANALI\Archivi\ASH6_8B.ASH"
"Nucleo/CanaliAria","Pascal\02_Sottosistemi_Completi\origine\sd\sorgenti\bm-sd\CANALI\Archivi\ASH6_8T.ASH","C:\DOCUMENTI\sd\sorgenti\bm-sd\CANALI\Archivi\ASH6_8T.ASH"
"Nucleo/CanaliAria","Pascal\02_Sottosistemi_Completi\origine\sd\sorgenti\bm-sd\CANALI\Archivi\ASH6_9.ASH","C:\DOCUMENTI\sd\sorgenti\bm-sd\CANALI\Archivi\ASH6_9.ASH"
"Nucleo/CanaliAria","Pascal\02_Sottosistemi_Completi\origine\sd\sorgenti\bm-sd\CANALI\Archivi\ASH6_9B.ASH","C:\DOCUMENTI\sd\sorgenti\bm-sd\CANALI\Archivi\ASH6_9B.ASH"
"Nucleo/CanaliAria","Pascal\02_Sottosistemi_Completi\origine\sd\sorgenti\bm-sd\CANALI\Archivi\ASH6_9T.ASH","C:\DOCUMENTI\sd\sorgenti\bm-sd\CANALI\Archivi\ASH6_9T.ASH"
"Nucleo/CanaliAria","Pascal\02_Sottosistemi_Completi\origine\sd\sorgenti\bm-sd\CANALI\Archivi\ASH7_1.ASH","C:\DOCUMENTI\sd\sorgenti\bm-sd\CANALI\Archivi\ASH7_1.ASH"
"Nucleo/CanaliAria","Pascal\02_Sottosistemi_Completi\origine\sd\sorgenti\bm-sd\CANALI\Archivi\ASH7_10.ASH","C:\DOCUMENTI\sd\sorgenti\bm-sd\CANALI\Archivi\ASH7_10.ASH"
"Nucleo/CanaliAria","Pascal\02_Sottosistemi_Completi\origine\sd\sorgenti\bm-sd\CANALI\Archivi\ASH7_10B.ASH","C:\DOCUMENTI\sd\sorgenti\bm-sd\CANALI\Archivi\ASH7_10B.ASH"
"Nucleo/CanaliAria","Pascal\02_Sottosistemi_Completi\origine\sd\sorgenti\bm-sd\CANALI\Archivi\ASH7_11.ASH","C:\DOCUMENTI\sd\sorgenti\bm-sd\CANALI\Archivi\ASH7_11.ASH"
"Nucleo/CanaliAria","Pascal\02_Sottosistemi_Completi\origine\sd\sorgenti\bm-sd\CANALI\Archivi\ASH7_12.ASH","C:\DOCUMENTI\sd\sorgenti\bm-sd\CANALI\Archivi\ASH7_12.ASH"
"Nucleo/CanaliAria","Pascal\02_Sottosistemi_Completi\origine\sd\sorgenti\bm-sd\CANALI\Archivi\ASH7_2.ASH","C:\DOCUMENTI\sd\sorgenti\bm-sd\CANALI\Archivi\ASH7_2.ASH"
"Nucleo/CanaliAria","Pascal\02_Sottosistemi_Completi\origine\sd\sorgenti\bm-sd\CANALI\Archivi\ASH7_3.ASH","C:\DOCUMENTI\sd\sorgenti\bm-sd\CANALI\Archivi\ASH7_3.ASH"
"Nucleo/CanaliAria","Pascal\02_Sottosistemi_Completi\origine\sd\sorgenti\bm-sd\CANALI\Archivi\ASH7_4.ASH","C:\DOCUMENTI\sd\sorgenti\bm-sd\CANALI\Archivi\ASH7_4.ASH"
"Nucleo/CanaliAria","Pascal\02_Sottosistemi_Completi\origine\sd\sorgenti\bm-sd\CANALI\Archivi\ASH7_5.ASH","C:\DOCUMENTI\sd\sorgenti\bm-sd\CANALI\Archivi\ASH7_5.ASH"
"Nucleo/CanaliAria","Pascal\02_Sottosistemi_Completi\origine\sd\sorgenti\bm-sd\CANALI\Archivi\ASH7_6.ASH","C:\DOCUMENTI\sd\sorgenti\bm-sd\CANALI\Archivi\ASH7_6.ASH"
"Nucleo/CanaliAria","Pascal\02_Sottosistemi_Completi\origine\sd\sorgenti\bm-sd\CANALI\Archivi\ASH7_7.ASH","C:\DOCUMENTI\sd\sorgenti\bm-sd\CANALI\Archivi\ASH7_7.ASH"
"Nucleo/CanaliAria","Pascal\02_Sottosistemi_Completi\origine\sd\sorgenti\bm-sd\CANALI\Archivi\ASH7_8.ASH","C:\DOCUMENTI\sd\sorgenti\bm-sd\CANALI\Archivi\ASH7_8.ASH"
"Nucleo/CanaliAria","Pascal\02_Sottosistemi_Completi\origine\sd\sorgenti\bm-sd\CANALI\Archivi\ASHDIFF.ASH","C:\DOCUMENTI\sd\sorgenti\bm-sd\CANALI\Archivi\ASHDIFF.ASH"
"Nucleo/CanaliAria","Pascal\02_Sottosistemi_Completi\origine\sd\sorgenti\bm-sd\CANALI\Archivi\ASHXX.ASH","C:\DOCUMENTI\sd\sorgenti\bm-sd\CANALI\Archivi\ASHXX.ASH"
"Nucleo/CanaliAria","Pascal\02_Sottosistemi_Completi\origine\sd\sorgenti\bm-sd\CANALI\Archivi\canali.can","C:\DOCUMENTI\sd\sorgenti\bm-sd\CANALI\Archivi\canali.can"
"Nucleo/CanaliAria","Pascal\02_Sottosistemi_Completi\origine\sd\sorgenti\bm-sd\CANALI\Archivi\Copia di ARCHIVIO.CAN","C:\DOCUMENTI\sd\sorgenti\bm-sd\CANALI\Archivi\Copia di ARCHIVIO.CAN"
"Nucleo/CanaliAria","Pascal\02_Sottosistemi_Completi\origine\sd\sorgenti\bm-sd\CANALI\Archivi\CopiaTabelle.pas","C:\DOCUMENTI\sd\sorgenti\bm-sd\CANALI\Archivi\CopiaTabelle.pas"
"Nucleo/CanaliAria","Pascal\02_Sottosistemi_Completi\origine\sd\sorgenti\bm-sd\CANALI\Archivi\Debug.Txt","C:\DOCUMENTI\sd\sorgenti\bm-sd\CANALI\Archivi\Debug.Txt"
"Nucleo/CanaliAria","Pascal\02_Sottosistemi_Completi\origine\sd\sorgenti\bm-sd\CANALI\Archivi\IDELM.ASH","C:\DOCUMENTI\sd\sorgenti\bm-sd\CANALI\Archivi\IDELM.ASH"
"Nucleo/CanaliAria","Pascal\02_Sottosistemi_Completi\origine\sd\sorgenti\bm-sd\CANALI\Archivi\IDELR.ASH","C:\DOCUMENTI\sd\sorgenti\bm-sd\CANALI\Archivi\IDELR.ASH"
"Nucleo/CanaliAria","Pascal\02_Sottosistemi_Completi\origine\sd\sorgenti\bm-sd\CANALI\Archivi\MISURE.ARK","C:\DOCUMENTI\sd\sorgenti\bm-sd\CANALI\Archivi\MISURE.ARK"
"Nucleo/CanaliAria","Pascal\02_Sottosistemi_Completi\origine\sd\sorgenti\bm-sd\CANALI\Archivi\pippo.sce","C:\DOCUMENTI\sd\sorgenti\bm-sd\CANALI\Archivi\pippo.sce"
"Nucleo/CanaliAria","Pascal\02_Sottosistemi_Completi\origine\sd\sorgenti\bm-sd\CANALI\Archivi\TAB31.ASH","C:\DOCUMENTI\sd\sorgenti\bm-sd\CANALI\Archivi\TAB31.ASH"
"Nucleo/CanaliAria","Pascal\02_Sottosistemi_Completi\origine\sd\sorgenti\bm-sd\CANALI\Archivi\TAB32.ASH","C:\DOCUMENTI\sd\sorgenti\bm-sd\CANALI\Archivi\TAB32.ASH"
"Nucleo/CanaliAria","Pascal\02_Sottosistemi_Completi\origine\sd\sorgenti\bm-sd\CANALI\Archivi\TAB33.ASH","C:\DOCUMENTI\sd\sorgenti\bm-sd\CANALI\Archivi\TAB33.ASH"
"Nucleo/CanaliAria","Pascal\02_Sottosistemi_Completi\origine\sd\sorgenti\bm-sd\CANALI\Archivi\TAB34.ASH","C:\DOCUMENTI\sd\sorgenti\bm-sd\CANALI\Archivi\TAB34.ASH"
"Nucleo/CanaliAria","Pascal\02_Sottosistemi_Completi\origine\sd\sorgenti\bm-sd\CANALI\Archivi\Tabelle_ASH.pas","C:\DOCUMENTI\sd\sorgenti\bm-sd\CANALI\Archivi\Tabelle_ASH.pas"
"Nucleo/CanaliAria","Pascal\02_Sottosistemi_Completi\origine\sd\sorgenti\bm-sd\CANALI\ARCPEZZI.PAS","C:\DOCUMENTI\sd\sorgenti\bm-sd\CANALI\ARCPEZZI.PAS"
"Nucleo/CanaliAria","Pascal\02_Sottosistemi_Completi\origine\sd\sorgenti\bm-sd\CANALI\ARCPEZZI.RIF","C:\DOCUMENTI\sd\sorgenti\bm-sd\CANALI\ARCPEZZI.RIF"
"Nucleo/CanaliAria","Pascal\02_Sottosistemi_Completi\origine\sd\sorgenti\bm-sd\CANALI\ARCPROG.PAS","C:\DOCUMENTI\sd\sorgenti\bm-sd\CANALI\ARCPROG.PAS"
"Nucleo/CanaliAria","Pascal\02_Sottosistemi_Completi\origine\sd\sorgenti\bm-sd\CANALI\BILANCIA.PAS","C:\DOCUMENTI\sd\sorgenti\bm-sd\CANALI\BILANCIA.PAS"
"Nucleo/CanaliAria","Pascal\02_Sottosistemi_Completi\origine\sd\sorgenti\bm-sd\CANALI\BPC.CFG","C:\DOCUMENTI\sd\sorgenti\bm-sd\CANALI\BPC.CFG"
"Nucleo/CanaliAria","Pascal\02_Sottosistemi_Completi\origine\sd\sorgenti\bm-sd\CANALI\BULDEF.PAS","C:\DOCUMENTI\sd\sorgenti\bm-sd\CANALI\BULDEF.PAS"
"Nucleo/CanaliAria","Pascal\02_Sottosistemi_Completi\origine\sd\sorgenti\bm-sd\CANALI\C_WM.PAS","C:\DOCUMENTI\sd\sorgenti\bm-sd\CANALI\C_WM.PAS"
"Nucleo/CanaliAria","Pascal\02_Sottosistemi_Completi\origine\sd\sorgenti\bm-sd\CANALI\C_WM1.PAS","C:\DOCUMENTI\sd\sorgenti\bm-sd\CANALI\C_WM1.PAS"
"Nucleo/CanaliAria","Pascal\02_Sottosistemi_Completi\origine\sd\sorgenti\bm-sd\CANALI\CalcoloCan.cfg","C:\DOCUMENTI\sd\sorgenti\bm-sd\CANALI\CalcoloCan.cfg"
"Nucleo/CanaliAria","Pascal\02_Sottosistemi_Completi\origine\sd\sorgenti\bm-sd\CANALI\CalcoloCan.dof","C:\DOCUMENTI\sd\sorgenti\bm-sd\CANALI\CalcoloCan.dof"
"Nucleo/CanaliAria","Pascal\02_Sottosistemi_Completi\origine\sd\sorgenti\bm-sd\CANALI\CalcoloCan.dpr","C:\DOCUMENTI\sd\sorgenti\bm-sd\CANALI\CalcoloCan.dpr"
"Nucleo/CanaliAria","Pascal\02_Sottosistemi_Completi\origine\sd\sorgenti\bm-sd\CANALI\CalcoloCan.res","C:\DOCUMENTI\sd\sorgenti\bm-sd\CANALI\CalcoloCan.res"
"Nucleo/CanaliAria","Pascal\02_Sottosistemi_Completi\origine\sd\sorgenti\bm-sd\CANALI\CalcoloCanali.pas","C:\DOCUMENTI\sd\sorgenti\bm-sd\CANALI\CalcoloCanali.pas"
"Nucleo/CanaliAria","Pascal\02_Sottosistemi_Completi\origine\sd\sorgenti\bm-sd\CANALI\CAMBIA.PAS","C:\DOCUMENTI\sd\sorgenti\bm-sd\CANALI\CAMBIA.PAS"
"Nucleo/CanaliAria","Pascal\02_Sottosistemi_Completi\origine\sd\sorgenti\bm-sd\CANALI\CAN_EDIT.PAS","C:\DOCUMENTI\sd\sorgenti\bm-sd\CANALI\CAN_EDIT.PAS"
"Nucleo/CanaliAria","Pascal\02_Sottosistemi_Completi\origine\sd\sorgenti\bm-sd\CANALI\CANALI.PAS","C:\DOCUMENTI\sd\sorgenti\bm-sd\CANALI\CANALI.PAS"
"Nucleo/CanaliAria","Pascal\02_Sottosistemi_Completi\origine\sd\sorgenti\bm-sd\CANALI\CANCELLA.PAS","C:\DOCUMENTI\sd\sorgenti\bm-sd\CANALI\CANCELLA.PAS"
"Nucleo/CanaliAria","Pascal\02_Sottosistemi_Completi\origine\sd\sorgenti\bm-sd\CANALI\CANFST.PAS","C:\DOCUMENTI\sd\sorgenti\bm-sd\CANALI\CANFST.PAS"
"Nucleo/CanaliAria","Pascal\02_Sottosistemi_Completi\origine\sd\sorgenti\bm-sd\CANALI\CCACOST.PAS","C:\DOCUMENTI\sd\sorgenti\bm-sd\CANALI\CCACOST.PAS"
"Nucleo/CanaliAria","Pascal\02_Sottosistemi_Completi\origine\sd\sorgenti\bm-sd\CANALI\CHIAVE.PAS","C:\DOCUMENTI\sd\sorgenti\bm-sd\CANALI\CHIAVE.PAS"
"Nucleo/CanaliAria","Pascal\02_Sottosistemi_Completi\origine\sd\sorgenti\bm-sd\CANALI\COLORI.PAS","C:\DOCUMENTI\sd\sorgenti\bm-sd\CANALI\COLORI.PAS"
"Nucleo/CanaliAria","Pascal\02_Sottosistemi_Completi\origine\sd\sorgenti\bm-sd\CANALI\COMMET.PAS","C:\DOCUMENTI\sd\sorgenti\bm-sd\CANALI\COMMET.PAS"
"Nucleo/CanaliAria","Pascal\02_Sottosistemi_Completi\origine\sd\sorgenti\bm-sd\CANALI\Compiladcucanali.cfg","C:\DOCUMENTI\sd\sorgenti\bm-sd\CANALI\Compiladcucanali.cfg"
"Nucleo/CanaliAria","Pascal\02_Sottosistemi_Completi\origine\sd\sorgenti\bm-sd\CANALI\Compiladcucanali.dof","C:\DOCUMENTI\sd\sorgenti\bm-sd\CANALI\Compiladcucanali.dof"
"Nucleo/CanaliAria","Pascal\02_Sottosistemi_Completi\origine\sd\sorgenti\bm-sd\CANALI\Compiladcucanali.dpr","C:\DOCUMENTI\sd\sorgenti\bm-sd\CANALI\Compiladcucanali.dpr"
"Nucleo/CanaliAria","Pascal\02_Sottosistemi_Completi\origine\sd\sorgenti\bm-sd\CANALI\Compiladcucanali.res","C:\DOCUMENTI\sd\sorgenti\bm-sd\CANALI\Compiladcucanali.res"
"Nucleo/CanaliAria","Pascal\02_Sottosistemi_Completi\origine\sd\sorgenti\bm-sd\CANALI\CONTROLL.PAS","C:\DOCUMENTI\sd\sorgenti\bm-sd\CANALI\CONTROLL.PAS"
"Nucleo/CanaliAria","Pascal\02_Sottosistemi_Completi\origine\sd\sorgenti\bm-sd\CANALI\CONVPERD.PAS","C:\DOCUMENTI\sd\sorgenti\bm-sd\CANALI\CONVPERD.PAS"
"Nucleo/CanaliAria","Pascal\02_Sottosistemi_Completi\origine\sd\sorgenti\bm-sd\CANALI\CopiaTabelle.pas","C:\DOCUMENTI\sd\sorgenti\bm-sd\CANALI\CopiaTabelle.pas"
"Nucleo/CanaliAria","Pascal\02_Sottosistemi_Completi\origine\sd\sorgenti\bm-sd\CANALI\copiaVariabiliGenerali.pas","C:\DOCUMENTI\sd\sorgenti\bm-sd\CANALI\copiaVariabiliGenerali.pas"
"Nucleo/CanaliAria","Pascal\02_Sottosistemi_Completi\origine\sd\sorgenti\bm-sd\CANALI\CRDUMMY.PAS","C:\DOCUMENTI\sd\sorgenti\bm-sd\CANALI\CRDUMMY.PAS"
"Nucleo/CanaliAria","Pascal\02_Sottosistemi_Completi\origine\sd\sorgenti\bm-sd\CANALI\CREA3D.PAS","C:\DOCUMENTI\sd\sorgenti\bm-sd\CANALI\CREA3D.PAS"
"Nucleo/CanaliAria","Pascal\02_Sottosistemi_Completi\origine\sd\sorgenti\bm-sd\CANALI\CREASCHE.PAS","C:\DOCUMENTI\sd\sorgenti\bm-sd\CANALI\CREASCHE.PAS"
"Nucleo/CanaliAria","Pascal\02_Sottosistemi_Completi\origine\sd\sorgenti\bm-sd\CANALI\CRT.pas","C:\DOCUMENTI\sd\sorgenti\bm-sd\CANALI\CRT.pas"
"Nucleo/CanaliAria","Pascal\02_Sottosistemi_Completi\origine\sd\sorgenti\bm-sd\CANALI\D_GEST.PAS","C:\DOCUMENTI\sd\sorgenti\bm-sd\CANALI\D_GEST.PAS"
"Nucleo/CanaliAria","Pascal\02_Sottosistemi_Completi\origine\sd\sorgenti\bm-sd\CANALI\DATICAD.PAS","C:\DOCUMENTI\sd\sorgenti\bm-sd\CANALI\DATICAD.PAS"
"Nucleo/CanaliAria","Pascal\02_Sottosistemi_Completi\origine\sd\sorgenti\bm-sd\CANALI\DATICADCAN.pas","C:\DOCUMENTI\sd\sorgenti\bm-sd\CANALI\DATICADCAN.pas"
"Nucleo/CanaliAria","Pascal\02_Sottosistemi_Completi\origine\sd\sorgenti\bm-sd\CANALI\DATIDUCT.PAS","C:\DOCUMENTI\sd\sorgenti\bm-sd\CANALI\DATIDUCT.PAS"
"Nucleo/CanaliAria","Pascal\02_Sottosistemi_Completi\origine\sd\sorgenti\bm-sd\CANALI\DATIDUCT.RIF","C:\DOCUMENTI\sd\sorgenti\bm-sd\CANALI\DATIDUCT.RIF"
"Nucleo/CanaliAria","Pascal\02_Sottosistemi_Completi\origine\sd\sorgenti\bm-sd\CANALI\DATIGEN.PAS","C:\DOCUMENTI\sd\sorgenti\bm-sd\CANALI\DATIGEN.PAS"
"Nucleo/CanaliAria","Pascal\02_Sottosistemi_Completi\origine\sd\sorgenti\bm-sd\CANALI\def_archpezzi.pas","C:\DOCUMENTI\sd\sorgenti\bm-sd\CANALI\def_archpezzi.pas"
"Nucleo/CanaliAria","Pascal\02_Sottosistemi_Completi\origine\sd\sorgenti\bm-sd\CANALI\defarchpezzi.pas","C:\DOCUMENTI\sd\sorgenti\bm-sd\CANALI\defarchpezzi.pas"
"Nucleo/CanaliAria","Pascal\02_Sottosistemi_Completi\origine\sd\sorgenti\bm-sd\CANALI\DEFCOM.PAS","C:\DOCUMENTI\sd\sorgenti\bm-sd\CANALI\DEFCOM.PAS"
"Nucleo/CanaliAria","Pascal\02_Sottosistemi_Completi\origine\sd\sorgenti\bm-sd\CANALI\DEFDATI.PAS","C:\DOCUMENTI\sd\sorgenti\bm-sd\CANALI\DEFDATI.PAS"
"Nucleo/CanaliAria","Pascal\02_Sottosistemi_Completi\origine\sd\sorgenti\bm-sd\CANALI\DEFGD.PAS","C:\DOCUMENTI\sd\sorgenti\bm-sd\CANALI\DEFGD.PAS"
"Nucleo/CanaliAria","Pascal\02_Sottosistemi_Completi\origine\sd\sorgenti\bm-sd\CANALI\defin_c.pas","C:\DOCUMENTI\sd\sorgenti\bm-sd\CANALI\defin_c.pas"
"Nucleo/CanaliAria","Pascal\02_Sottosistemi_Completi\origine\sd\sorgenti\bm-sd\CANALI\definizcan.pas","C:\DOCUMENTI\sd\sorgenti\bm-sd\CANALI\definizcan.pas"
"Nucleo/CanaliAria","Pascal\02_Sottosistemi_Completi\origine\sd\sorgenti\bm-sd\CANALI\DEFUTI.pas","C:\DOCUMENTI\sd\sorgenti\bm-sd\CANALI\DEFUTI.pas"
"Nucleo/CanaliAria","Pascal\02_Sottosistemi_Completi\origine\sd\sorgenti\bm-sd\CANALI\Del_STAMPE.PAS","C:\DOCUMENTI\sd\sorgenti\bm-sd\CANALI\Del_STAMPE.PAS"
"Nucleo/CanaliAria","Pascal\02_Sottosistemi_Completi\origine\sd\sorgenti\bm-sd\CANALI\del_STVAR.PAS","C:\DOCUMENTI\sd\sorgenti\bm-sd\CANALI\del_STVAR.PAS"
"Nucleo/CanaliAria","Pascal\02_Sottosistemi_Completi\origine\sd\sorgenti\bm-sd\CANALI\DEMO.PAS","C:\DOCUMENTI\sd\sorgenti\bm-sd\CANALI\DEMO.PAS"
"Nucleo/CanaliAria","Pascal\02_Sottosistemi_Completi\origine\sd\sorgenti\bm-sd\CANALI\DEMOCRT.PAS","C:\DOCUMENTI\sd\sorgenti\bm-sd\CANALI\DEMOCRT.PAS"
"Nucleo/CanaliAria","Pascal\02_Sottosistemi_Completi\origine\sd\sorgenti\bm-sd\CANALI\dimens.pas","C:\DOCUMENTI\sd\sorgenti\bm-sd\CANALI\dimens.pas"
"Nucleo/CanaliAria","Pascal\02_Sottosistemi_Completi\origine\sd\sorgenti\bm-sd\CANALI\DIRECT.DOC","C:\DOCUMENTI\sd\sorgenti\bm-sd\CANALI\DIRECT.DOC"
"Nucleo/CanaliAria","Pascal\02_Sottosistemi_Completi\origine\sd\sorgenti\bm-sd\CANALI\disegno.3dM","C:\DOCUMENTI\sd\sorgenti\bm-sd\CANALI\disegno.3dM"
"Nucleo/CanaliAria","Pascal\02_Sottosistemi_Completi\origine\sd\sorgenti\bm-sd\CANALI\disegno.3dT","C:\DOCUMENTI\sd\sorgenti\bm-sd\CANALI\disegno.3dT"
"Nucleo/CanaliAria","Pascal\02_Sottosistemi_Completi\origine\sd\sorgenti\bm-sd\CANALI\disegnocanali.dsc","C:\DOCUMENTI\sd\sorgenti\bm-sd\CANALI\disegnocanali.dsc"
"Nucleo/CanaliAria","Pascal\02_Sottosistemi_Completi\origine\sd\sorgenti\bm-sd\CANALI\disperrori.pas","C:\DOCUMENTI\sd\sorgenti\bm-sd\CANALI\disperrori.pas"
"Nucleo/CanaliAria","Pascal\02_Sottosistemi_Completi\origine\sd\sorgenti\bm-sd\CANALI\DOS.pas","C:\DOCUMENTI\sd\sorgenti\bm-sd\CANALI\DOS.pas"
"Nucleo/CanaliAria","Pascal\02_Sottosistemi_Completi\origine\sd\sorgenti\bm-sd\CANALI\DRIVE1.INT","C:\DOCUMENTI\sd\sorgenti\bm-sd\CANALI\DRIVE1.INT"
"Nucleo/CanaliAria","Pascal\02_Sottosistemi_Completi\origine\sd\sorgenti\bm-sd\CANALI\DRIVER.PAS","C:\DOCUMENTI\sd\sorgenti\bm-sd\CANALI\DRIVER.PAS"
"Nucleo/CanaliAria","Pascal\02_Sottosistemi_Completi\origine\sd\sorgenti\bm-sd\CANALI\DUCT3D.PAS","C:\DOCUMENTI\sd\sorgenti\bm-sd\CANALI\DUCT3D.PAS"
"Nucleo/CanaliAria","Pascal\02_Sottosistemi_Completi\origine\sd\sorgenti\bm-sd\CANALI\DUCT-IT.RES","C:\DOCUMENTI\sd\sorgenti\bm-sd\CANALI\DUCT-IT.RES"
"Nucleo/CanaliAria","Pascal\02_Sottosistemi_Completi\origine\sd\sorgenti\bm-sd\CANALI\DUCT-IT.RIF","C:\DOCUMENTI\sd\sorgenti\bm-sd\CANALI\DUCT-IT.RIF"
"Nucleo/CanaliAria","Pascal\02_Sottosistemi_Completi\origine\sd\sorgenti\bm-sd\CANALI\dummyfunction.pas","C:\DOCUMENTI\sd\sorgenti\bm-sd\CANALI\dummyfunction.pas"
"Nucleo/CanaliAria","Pascal\02_Sottosistemi_Completi\origine\sd\sorgenti\bm-sd\CANALI\ENTER.PAS","C:\DOCUMENTI\sd\sorgenti\bm-sd\CANALI\ENTER.PAS"
"Nucleo/CanaliAria","Pascal\02_Sottosistemi_Completi\origine\sd\sorgenti\bm-sd\CANALI\ENTER.TPW","C:\DOCUMENTI\sd\sorgenti\bm-sd\CANALI\ENTER.TPW"
"Nucleo/CanaliAria","Pascal\02_Sottosistemi_Completi\origine\sd\sorgenti\bm-sd\CANALI\ESEC1.PAS","C:\DOCUMENTI\sd\sorgenti\bm-sd\CANALI\ESEC1.PAS"
"Nucleo/CanaliAria","Pascal\02_Sottosistemi_Completi\origine\sd\sorgenti\bm-sd\CANALI\ESECSTAM.PAS","C:\DOCUMENTI\sd\sorgenti\bm-sd\CANALI\ESECSTAM.PAS"
"Nucleo/CanaliAria","Pascal\02_Sottosistemi_Completi\origine\sd\sorgenti\bm-sd\CANALI\ESISTE.PAS","C:\DOCUMENTI\sd\sorgenti\bm-sd\CANALI\ESISTE.PAS"
"Nucleo/CanaliAria","Pascal\02_Sottosistemi_Completi\origine\sd\sorgenti\bm-sd\CANALI\formpezzi.ddp","C:\DOCUMENTI\sd\sorgenti\bm-sd\CANALI\formpezzi.ddp"
"Nucleo/CanaliAria","Pascal\02_Sottosistemi_Completi\origine\sd\sorgenti\bm-sd\CANALI\formpezzi.dfm","C:\DOCUMENTI\sd\sorgenti\bm-sd\CANALI\formpezzi.dfm"
"Nucleo/CanaliAria","Pascal\02_Sottosistemi_Completi\origine\sd\sorgenti\bm-sd\CANALI\formpezzi.pas","C:\DOCUMENTI\sd\sorgenti\bm-sd\CANALI\formpezzi.pas"
"Nucleo/CanaliAria","Pascal\02_Sottosistemi_Completi\origine\sd\sorgenti\bm-sd\CANALI\FUNZARC.PAS","C:\DOCUMENTI\sd\sorgenti\bm-sd\CANALI\FUNZARC.PAS"
"Nucleo/CanaliAria","Pascal\02_Sottosistemi_Completi\origine\sd\sorgenti\bm-sd\CANALI\FUNZBASE.PAS","C:\DOCUMENTI\sd\sorgenti\bm-sd\CANALI\FUNZBASE.PAS"
"Nucleo/CanaliAria","Pascal\02_Sottosistemi_Completi\origine\sd\sorgenti\bm-sd\CANALI\funzdim.pas","C:\DOCUMENTI\sd\sorgenti\bm-sd\CANALI\funzdim.pas"
"Nucleo/CanaliAria","Pascal\02_Sottosistemi_Completi\origine\sd\sorgenti\bm-sd\CANALI\FUNZIONI.PAS","C:\DOCUMENTI\sd\sorgenti\bm-sd\CANALI\FUNZIONI.PAS"
"Nucleo/CanaliAria","Pascal\02_Sottosistemi_Completi\origine\sd\sorgenti\bm-sd\CANALI\FUNZOVER.PAS","C:\DOCUMENTI\sd\sorgenti\bm-sd\CANALI\FUNZOVER.PAS"
"Nucleo/CanaliAria","Pascal\02_Sottosistemi_Completi\origine\sd\sorgenti\bm-sd\CANALI\GDUCTED.RES","C:\DOCUMENTI\sd\sorgenti\bm-sd\CANALI\GDUCTED.RES"
"Nucleo/CanaliAria","Pascal\02_Sottosistemi_Completi\origine\sd\sorgenti\bm-sd\CANALI\GDUCTENG.RES","C:\DOCUMENTI\sd\sorgenti\bm-sd\CANALI\GDUCTENG.RES"
"Nucleo/CanaliAria","Pascal\02_Sottosistemi_Completi\origine\sd\sorgenti\bm-sd\CANALI\GDUCTESP.RES","C:\DOCUMENTI\sd\sorgenti\bm-sd\CANALI\GDUCTESP.RES"
"Nucleo/CanaliAria","Pascal\02_Sottosistemi_Completi\origine\sd\sorgenti\bm-sd\CANALI\GDUCTFR.RES","C:\DOCUMENTI\sd\sorgenti\bm-sd\CANALI\GDUCTFR.RES"
"Nucleo/CanaliAria","Pascal\02_Sottosistemi_Completi\origine\sd\sorgenti\bm-sd\CANALI\GENERA.PAS","C:\DOCUMENTI\sd\sorgenti\bm-sd\CANALI\GENERA.PAS"
"Nucleo/CanaliAria","Pascal\02_Sottosistemi_Completi\origine\sd\sorgenti\bm-sd\CANALI\GENKEY.PAS","C:\DOCUMENTI\sd\sorgenti\bm-sd\CANALI\GENKEY.PAS"
"Nucleo/CanaliAria","Pascal\02_Sottosistemi_Completi\origine\sd\sorgenti\bm-sd\CANALI\GENPROC.PAS","C:\DOCUMENTI\sd\sorgenti\bm-sd\CANALI\GENPROC.PAS"
"Nucleo/CanaliAria","Pascal\02_Sottosistemi_Completi\origine\sd\sorgenti\bm-sd\CANALI\Genproccan.pas","C:\DOCUMENTI\sd\sorgenti\bm-sd\CANALI\Genproccan.pas"
"Nucleo/CanaliAria","Pascal\02_Sottosistemi_Completi\origine\sd\sorgenti\bm-sd\CANALI\GESTDUCT.PAS","C:\DOCUMENTI\sd\sorgenti\bm-sd\CANALI\GESTDUCT.PAS"
"Nucleo/CanaliAria","Pascal\02_Sottosistemi_Completi\origine\sd\sorgenti\bm-sd\CANALI\GESTDUCT.RIF","C:\DOCUMENTI\sd\sorgenti\bm-sd\CANALI\GESTDUCT.RIF"
"Nucleo/CanaliAria","Pascal\02_Sottosistemi_Completi\origine\sd\sorgenti\bm-sd\CANALI\GETS.PAS","C:\DOCUMENTI\sd\sorgenti\bm-sd\CANALI\GETS.PAS"
"Nucleo/CanaliAria","Pascal\02_Sottosistemi_Completi\origine\sd\sorgenti\bm-sd\CANALI\GLOBFUNZ.PAS","C:\DOCUMENTI\sd\sorgenti\bm-sd\CANALI\GLOBFUNZ.PAS"
"Nucleo/CanaliAria","Pascal\02_Sottosistemi_Completi\origine\sd\sorgenti\bm-sd\CANALI\GLOBFUNZcan.pas","C:\DOCUMENTI\sd\sorgenti\bm-sd\CANALI\GLOBFUNZcan.pas"
"Nucleo/CanaliAria","Pascal\02_Sottosistemi_Completi\origine\sd\sorgenti\bm-sd\CANALI\GRAFCOST.PAS","C:\DOCUMENTI\sd\sorgenti\bm-sd\CANALI\GRAFCOST.PAS"
"Nucleo/CanaliAria","Pascal\02_Sottosistemi_Completi\origine\sd\sorgenti\bm-sd\CANALI\GRMOUSE.PAS","C:\DOCUMENTI\sd\sorgenti\bm-sd\CANALI\GRMOUSE.PAS"
"Nucleo/CanaliAria","Pascal\02_Sottosistemi_Completi\origine\sd\sorgenti\bm-sd\CANALI\GRUTI.RIF","C:\DOCUMENTI\sd\sorgenti\bm-sd\CANALI\GRUTI.RIF"
"Nucleo/CanaliAria","Pascal\02_Sottosistemi_Completi\origine\sd\sorgenti\bm-sd\CANALI\ID.PAS","C:\DOCUMENTI\sd\sorgenti\bm-sd\CANALI\ID.PAS"
"Nucleo/CanaliAria","Pascal\02_Sottosistemi_Completi\origine\sd\sorgenti\bm-sd\CANALI\IFD.PAS","C:\DOCUMENTI\sd\sorgenti\bm-sd\CANALI\IFD.PAS"
"Nucleo/CanaliAria","Pascal\02_Sottosistemi_Completi\origine\sd\sorgenti\bm-sd\CANALI\IncludiTabelle.pas","C:\DOCUMENTI\sd\sorgenti\bm-sd\CANALI\IncludiTabelle.pas"
"Nucleo/CanaliAria","Pascal\02_Sottosistemi_Completi\origine\sd\sorgenti\bm-sd\CANALI\INCMENU.PAS","C:\DOCUMENTI\sd\sorgenti\bm-sd\CANALI\INCMENU.PAS"
"Nucleo/CanaliAria","Pascal\02_Sottosistemi_Completi\origine\sd\sorgenti\bm-sd\CANALI\init_cca.pas","C:\DOCUMENTI\sd\sorgenti\bm-sd\CANALI\init_cca.pas"
"Nucleo/CanaliAria","Pascal\02_Sottosistemi_Completi\origine\sd\sorgenti\bm-sd\CANALI\INIT_CCA.RIF","C:\DOCUMENTI\sd\sorgenti\bm-sd\CANALI\INIT_CCA.RIF"
"Nucleo/CanaliAria","Pascal\02_Sottosistemi_Completi\origine\sd\sorgenti\bm-sd\CANALI\INPGRAF\ALL_DIR.PAS","C:\DOCUMENTI\sd\sorgenti\bm-sd\CANALI\INPGRAF\ALL_DIR.PAS"
"Nucleo/CanaliAria","Pascal\02_Sottosistemi_Completi\origine\sd\sorgenti\bm-sd\CANALI\INPGRAF\ANGOLI.PAS","C:\DOCUMENTI\sd\sorgenti\bm-sd\CANALI\INPGRAF\ANGOLI.PAS"
"Nucleo/CanaliAria","Pascal\02_Sottosistemi_Completi\origine\sd\sorgenti\bm-sd\CANALI\INPGRAF\ARC.PAS","C:\DOCUMENTI\sd\sorgenti\bm-sd\CANALI\INPGRAF\ARC.PAS"
"Nucleo/CanaliAria","Pascal\02_Sottosistemi_Completi\origine\sd\sorgenti\bm-sd\CANALI\INPGRAF\ARKPZZ.DPR","C:\DOCUMENTI\sd\sorgenti\bm-sd\CANALI\INPGRAF\ARKPZZ.DPR"
"Nucleo/CanaliAria","Pascal\02_Sottosistemi_Completi\origine\sd\sorgenti\bm-sd\CANALI\INPGRAF\ARKPZZ.DSK","C:\DOCUMENTI\sd\sorgenti\bm-sd\CANALI\INPGRAF\ARKPZZ.DSK"
"Nucleo/CanaliAria","Pascal\02_Sottosistemi_Completi\origine\sd\sorgenti\bm-sd\CANALI\INPGRAF\ARKPZZ.OPT","C:\DOCUMENTI\sd\sorgenti\bm-sd\CANALI\INPGRAF\ARKPZZ.OPT"
"Nucleo/CanaliAria","Pascal\02_Sottosistemi_Completi\origine\sd\sorgenti\bm-sd\CANALI\INPGRAF\ARKPZZ.RES","C:\DOCUMENTI\sd\sorgenti\bm-sd\CANALI\INPGRAF\ARKPZZ.RES"
"Nucleo/CanaliAria","Pascal\02_Sottosistemi_Completi\origine\sd\sorgenti\bm-sd\CANALI\INPGRAF\BLOCCO.PAS","C:\DOCUMENTI\sd\sorgenti\bm-sd\CANALI\INPGRAF\BLOCCO.PAS"
"Nucleo/CanaliAria","Pascal\02_Sottosistemi_Completi\origine\sd\sorgenti\bm-sd\CANALI\INPGRAF\BPC.CFG","C:\DOCUMENTI\sd\sorgenti\bm-sd\CANALI\INPGRAF\BPC.CFG"
"Nucleo/CanaliAria","Pascal\02_Sottosistemi_Completi\origine\sd\sorgenti\bm-sd\CANALI\INPGRAF\C_WM.PAS","C:\DOCUMENTI\sd\sorgenti\bm-sd\CANALI\INPGRAF\C_WM.PAS"
"Nucleo/CanaliAria","Pascal\02_Sottosistemi_Completi\origine\sd\sorgenti\bm-sd\CANALI\INPGRAF\CERCHIO.PAS","C:\DOCUMENTI\sd\sorgenti\bm-sd\CANALI\INPGRAF\CERCHIO.PAS"
"Nucleo/CanaliAria","Pascal\02_Sottosistemi_Completi\origine\sd\sorgenti\bm-sd\CANALI\INPGRAF\CIPZOOM.PAS","C:\DOCUMENTI\sd\sorgenti\bm-sd\CANALI\INPGRAF\CIPZOOM.PAS"
"Nucleo/CanaliAria","Pascal\02_Sottosistemi_Completi\origine\sd\sorgenti\bm-sd\CANALI\INPGRAF\CONVCAN.PAS","C:\DOCUMENTI\sd\sorgenti\bm-sd\CANALI\INPGRAF\CONVCAN.PAS"
"Nucleo/CanaliAria","Pascal\02_Sottosistemi_Completi\origine\sd\sorgenti\bm-sd\CANALI\INPGRAF\CONVCAN1.PAS","C:\DOCUMENTI\sd\sorgenti\bm-sd\CANALI\INPGRAF\CONVCAN1.PAS"
"Nucleo/CanaliAria","Pascal\02_Sottosistemi_Completi\origine\sd\sorgenti\bm-sd\CANALI\INPGRAF\CONVESA.PAS","C:\DOCUMENTI\sd\sorgenti\bm-sd\CANALI\INPGRAF\CONVESA.PAS"
"Nucleo/CanaliAria","Pascal\02_Sottosistemi_Completi\origine\sd\sorgenti\bm-sd\CANALI\INPGRAF\CONVINDE.PAS","C:\DOCUMENTI\sd\sorgenti\bm-sd\CANALI\INPGRAF\CONVINDE.PAS"
"Nucleo/CanaliAria","Pascal\02_Sottosistemi_Completi\origine\sd\sorgenti\bm-sd\CANALI\INPGRAF\CRDUMMY.PAS","C:\DOCUMENTI\sd\sorgenti\bm-sd\CANALI\INPGRAF\CRDUMMY.PAS"
"Nucleo/CanaliAria","Pascal\02_Sottosistemi_Completi\origine\sd\sorgenti\bm-sd\CANALI\INPGRAF\D_DIMENS.PAS","C:\DOCUMENTI\sd\sorgenti\bm-sd\CANALI\INPGRAF\D_DIMENS.PAS"
"Nucleo/CanaliAria","Pascal\02_Sottosistemi_Completi\origine\sd\sorgenti\bm-sd\CANALI\INPGRAF\DAVGLOB.PAS","C:\DOCUMENTI\sd\sorgenti\bm-sd\CANALI\INPGRAF\DAVGLOB.PAS"
"Nucleo/CanaliAria","Pascal\02_Sottosistemi_Completi\origine\sd\sorgenti\bm-sd\CANALI\INPGRAF\DAVINPUT.PAS","C:\DOCUMENTI\sd\sorgenti\bm-sd\CANALI\INPGRAF\DAVINPUT.PAS"
"Nucleo/CanaliAria","Pascal\02_Sottosistemi_Completi\origine\sd\sorgenti\bm-sd\CANALI\INPGRAF\DAVRIDIS.PAS","C:\DOCUMENTI\sd\sorgenti\bm-sd\CANALI\INPGRAF\DAVRIDIS.PAS"
"Nucleo/CanaliAria","Pascal\02_Sottosistemi_Completi\origine\sd\sorgenti\bm-sd\CANALI\INPGRAF\DEBUG.PAS","C:\DOCUMENTI\sd\sorgenti\bm-sd\CANALI\INPGRAF\DEBUG.PAS"
"Nucleo/CanaliAria","Pascal\02_Sottosistemi_Completi\origine\sd\sorgenti\bm-sd\CANALI\INPGRAF\DEBUG.TXT","C:\DOCUMENTI\sd\sorgenti\bm-sd\CANALI\INPGRAF\DEBUG.TXT"
"Nucleo/CanaliAria","Pascal\02_Sottosistemi_Completi\origine\sd\sorgenti\bm-sd\CANALI\INPGRAF\DEFINIZCAN.PAS","C:\DOCUMENTI\sd\sorgenti\bm-sd\CANALI\INPGRAF\DEFINIZCAN.PAS"
"Nucleo/CanaliAria","Pascal\02_Sottosistemi_Completi\origine\sd\sorgenti\bm-sd\CANALI\INPGRAF\DEMOCRT.PAS","C:\DOCUMENTI\sd\sorgenti\bm-sd\CANALI\INPGRAF\DEMOCRT.PAS"
"Nucleo/CanaliAria","Pascal\02_Sottosistemi_Completi\origine\sd\sorgenti\bm-sd\CANALI\INPGRAF\DFM\INGLESE\FINE.SCE","C:\DOCUMENTI\sd\sorgenti\bm-sd\CANALI\INPGRAF\DFM\INGLESE\FINE.SCE"
"Nucleo/CanaliAria","Pascal\02_Sottosistemi_Completi\origine\sd\sorgenti\bm-sd\CANALI\INPGRAF\DFM\INGLESE\MAINEDIT.DFM","C:\DOCUMENTI\sd\sorgenti\bm-sd\CANALI\INPGRAF\DFM\INGLESE\MAINEDIT.DFM"
"Nucleo/CanaliAria","Pascal\02_Sottosistemi_Completi\origine\sd\sorgenti\bm-sd\CANALI\INPGRAF\DFM\INGLESE\MAINEDIT.PAS","C:\DOCUMENTI\sd\sorgenti\bm-sd\CANALI\INPGRAF\DFM\INGLESE\MAINEDIT.PAS"
"Nucleo/CanaliAria","Pascal\02_Sottosistemi_Completi\origine\sd\sorgenti\bm-sd\CANALI\INPGRAF\DFM\INGLESE\MAINEDIT.TXC","C:\DOCUMENTI\sd\sorgenti\bm-sd\CANALI\INPGRAF\DFM\INGLESE\MAINEDIT.TXC"
"Nucleo/CanaliAria","Pascal\02_Sottosistemi_Completi\origine\sd\sorgenti\bm-sd\CANALI\INPGRAF\DFM\INGLESE\MAINEDIT.TXT","C:\DOCUMENTI\sd\sorgenti\bm-sd\CANALI\INPGRAF\DFM\INGLESE\MAINEDIT.TXT"
"Nucleo/CanaliAria","Pascal\02_Sottosistemi_Completi\origine\sd\sorgenti\bm-sd\CANALI\INPGRAF\DFM\SPAGNA\FINE.SCE","C:\DOCUMENTI\sd\sorgenti\bm-sd\CANALI\INPGRAF\DFM\SPAGNA\FINE.SCE"
"Nucleo/CanaliAria","Pascal\02_Sottosistemi_Completi\origine\sd\sorgenti\bm-sd\CANALI\INPGRAF\DFM\SPAGNA\MAINEDIT.DFM","C:\DOCUMENTI\sd\sorgenti\bm-sd\CANALI\INPGRAF\DFM\SPAGNA\MAINEDIT.DFM"
"Nucleo/CanaliAria","Pascal\02_Sottosistemi_Completi\origine\sd\sorgenti\bm-sd\CANALI\INPGRAF\DFM\SPAGNA\MAINEDIT.TXC","C:\DOCUMENTI\sd\sorgenti\bm-sd\CANALI\INPGRAF\DFM\SPAGNA\MAINEDIT.TXC"
"Nucleo/CanaliAria","Pascal\02_Sottosistemi_Completi\origine\sd\sorgenti\bm-sd\CANALI\INPGRAF\DFM\SPAGNA\MAINEDIT.TXT","C:\DOCUMENTI\sd\sorgenti\bm-sd\CANALI\INPGRAF\DFM\SPAGNA\MAINEDIT.TXT"
"Nucleo/CanaliAria","Pascal\02_Sottosistemi_Completi\origine\sd\sorgenti\bm-sd\CANALI\INPGRAF\DIMDLT.PAS","C:\DOCUMENTI\sd\sorgenti\bm-sd\CANALI\INPGRAF\DIMDLT.PAS"
"Nucleo/CanaliAria","Pascal\02_Sottosistemi_Completi\origine\sd\sorgenti\bm-sd\CANALI\INPGRAF\DIMENS.PAS","C:\DOCUMENTI\sd\sorgenti\bm-sd\CANALI\INPGRAF\DIMENS.PAS"
"Nucleo/CanaliAria","Pascal\02_Sottosistemi_Completi\origine\sd\sorgenti\bm-sd\CANALI\INPGRAF\DIMENS.RIF","C:\DOCUMENTI\sd\sorgenti\bm-sd\CANALI\INPGRAF\DIMENS.RIF"
"Nucleo/CanaliAria","Pascal\02_Sottosistemi_Completi\origine\sd\sorgenti\bm-sd\CANALI\INPGRAF\DIMPLT.PAS","C:\DOCUMENTI\sd\sorgenti\bm-sd\CANALI\INPGRAF\DIMPLT.PAS"
"Nucleo/CanaliAria","Pascal\02_Sottosistemi_Completi\origine\sd\sorgenti\bm-sd\CANALI\INPGRAF\DIRECT.DOC","C:\DOCUMENTI\sd\sorgenti\bm-sd\CANALI\INPGRAF\DIRECT.DOC"
"Nucleo/CanaliAria","Pascal\02_Sottosistemi_Completi\origine\sd\sorgenti\bm-sd\CANALI\INPGRAF\DIS_ROS.PAS","C:\DOCUMENTI\sd\sorgenti\bm-sd\CANALI\INPGRAF\DIS_ROS.PAS"
"Nucleo/CanaliAria","Pascal\02_Sottosistemi_Completi\origine\sd\sorgenti\bm-sd\CANALI\INPGRAF\DISCAN.PAS","C:\DOCUMENTI\sd\sorgenti\bm-sd\CANALI\INPGRAF\DISCAN.PAS"
"Nucleo/CanaliAria","Pascal\02_Sottosistemi_Completi\origine\sd\sorgenti\bm-sd\CANALI\INPGRAF\DISDIM.PAS","C:\DOCUMENTI\sd\sorgenti\bm-sd\CANALI\INPGRAF\DISDIM.PAS"
"Nucleo/CanaliAria","Pascal\02_Sottosistemi_Completi\origine\sd\sorgenti\bm-sd\CANALI\INPGRAF\DISDIM.RIF","C:\DOCUMENTI\sd\sorgenti\bm-sd\CANALI\INPGRAF\DISDIM.RIF"
"Nucleo/CanaliAria","Pascal\02_Sottosistemi_Completi\origine\sd\sorgenti\bm-sd\CANALI\INPGRAF\DISEG.PAS","C:\DOCUMENTI\sd\sorgenti\bm-sd\CANALI\INPGRAF\DISEG.PAS"
"Nucleo/CanaliAria","Pascal\02_Sottosistemi_Completi\origine\sd\sorgenti\bm-sd\CANALI\INPGRAF\DISEG.RIF","C:\DOCUMENTI\sd\sorgenti\bm-sd\CANALI\INPGRAF\DISEG.RIF"
"Nucleo/CanaliAria","Pascal\02_Sottosistemi_Completi\origine\sd\sorgenti\bm-sd\CANALI\INPGRAF\DRIVE1.INT","C:\DOCUMENTI\sd\sorgenti\bm-sd\CANALI\INPGRAF\DRIVE1.INT"
"Nucleo/CanaliAria","Pascal\02_Sottosistemi_Completi\origine\sd\sorgenti\bm-sd\CANALI\INPGRAF\DRIVER.PAS","C:\DOCUMENTI\sd\sorgenti\bm-sd\CANALI\INPGRAF\DRIVER.PAS"
"Nucleo/CanaliAria","Pascal\02_Sottosistemi_Completi\origine\sd\sorgenti\bm-sd\CANALI\INPGRAF\DXFOUTU.PAS","C:\DOCUMENTI\sd\sorgenti\bm-sd\CANALI\INPGRAF\DXFOUTU.PAS"
"Nucleo/CanaliAria","Pascal\02_Sottosistemi_Completi\origine\sd\sorgenti\bm-sd\CANALI\INPGRAF\DXFOUTU.RIF","C:\DOCUMENTI\sd\sorgenti\bm-sd\CANALI\INPGRAF\DXFOUTU.RIF"
"Nucleo/CanaliAria","Pascal\02_Sottosistemi_Completi\origine\sd\sorgenti\bm-sd\CANALI\INPGRAF\EDIT.PAS","C:\DOCUMENTI\sd\sorgenti\bm-sd\CANALI\INPGRAF\EDIT.PAS"
"Nucleo/CanaliAria","Pascal\02_Sottosistemi_Completi\origine\sd\sorgenti\bm-sd\CANALI\INPGRAF\EDITPZZ.DPR","C:\DOCUMENTI\sd\sorgenti\bm-sd\CANALI\INPGRAF\EDITPZZ.DPR"
"Nucleo/CanaliAria","Pascal\02_Sottosistemi_Completi\origine\sd\sorgenti\bm-sd\CANALI\INPGRAF\EDITPZZ.DSK","C:\DOCUMENTI\sd\sorgenti\bm-sd\CANALI\INPGRAF\EDITPZZ.DSK"
"Nucleo/CanaliAria","Pascal\02_Sottosistemi_Completi\origine\sd\sorgenti\bm-sd\CANALI\INPGRAF\EDITPZZ.OPT","C:\DOCUMENTI\sd\sorgenti\bm-sd\CANALI\INPGRAF\EDITPZZ.OPT"
"Nucleo/CanaliAria","Pascal\02_Sottosistemi_Completi\origine\sd\sorgenti\bm-sd\CANALI\INPGRAF\EDITPZZ.RES","C:\DOCUMENTI\sd\sorgenti\bm-sd\CANALI\INPGRAF\EDITPZZ.RES"
"Nucleo/CanaliAria","Pascal\02_Sottosistemi_Completi\origine\sd\sorgenti\bm-sd\CANALI\INPGRAF\EDITQUO.PAS","C:\DOCUMENTI\sd\sorgenti\bm-sd\CANALI\INPGRAF\EDITQUO.PAS"
"Nucleo/CanaliAria","Pascal\02_Sottosistemi_Completi\origine\sd\sorgenti\bm-sd\CANALI\INPGRAF\ENTER.PAS","C:\DOCUMENTI\sd\sorgenti\bm-sd\CANALI\INPGRAF\ENTER.PAS"
"Nucleo/CanaliAria","Pascal\02_Sottosistemi_Completi\origine\sd\sorgenti\bm-sd\CANALI\INPGRAF\ERROR_G.PAS","C:\DOCUMENTI\sd\sorgenti\bm-sd\CANALI\INPGRAF\ERROR_G.PAS"
"Nucleo/CanaliAria","Pascal\02_Sottosistemi_Completi\origine\sd\sorgenti\bm-sd\CANALI\INPGRAF\ESISTE.PAS","C:\DOCUMENTI\sd\sorgenti\bm-sd\CANALI\INPGRAF\ESISTE.PAS"
"Nucleo/CanaliAria","Pascal\02_Sottosistemi_Completi\origine\sd\sorgenti\bm-sd\CANALI\INPGRAF\FUNZBASE.PAS","C:\DOCUMENTI\sd\sorgenti\bm-sd\CANALI\INPGRAF\FUNZBASE.PAS"
"Nucleo/CanaliAria","Pascal\02_Sottosistemi_Completi\origine\sd\sorgenti\bm-sd\CANALI\INPGRAF\FUNZBASE.RIF","C:\DOCUMENTI\sd\sorgenti\bm-sd\CANALI\INPGRAF\FUNZBASE.RIF"
"Nucleo/CanaliAria","Pascal\02_Sottosistemi_Completi\origine\sd\sorgenti\bm-sd\CANALI\INPGRAF\FUNZDIM.PAS","C:\DOCUMENTI\sd\sorgenti\bm-sd\CANALI\INPGRAF\FUNZDIM.PAS"
"Nucleo/CanaliAria","Pascal\02_Sottosistemi_Completi\origine\sd\sorgenti\bm-sd\CANALI\INPGRAF\FUNZDIM.RIF","C:\DOCUMENTI\sd\sorgenti\bm-sd\CANALI\INPGRAF\FUNZDIM.RIF"
"Nucleo/CanaliAria","Pascal\02_Sottosistemi_Completi\origine\sd\sorgenti\bm-sd\CANALI\INPGRAF\FUNZOVER.PAS","C:\DOCUMENTI\sd\sorgenti\bm-sd\CANALI\INPGRAF\FUNZOVER.PAS"
"Nucleo/CanaliAria","Pascal\02_Sottosistemi_Completi\origine\sd\sorgenti\bm-sd\CANALI\INPGRAF\GENKEY.PAS","C:\DOCUMENTI\sd\sorgenti\bm-sd\CANALI\INPGRAF\GENKEY.PAS"
"Nucleo/CanaliAria","Pascal\02_Sottosistemi_Completi\origine\sd\sorgenti\bm-sd\CANALI\INPGRAF\GENPROC.PAS","C:\DOCUMENTI\sd\sorgenti\bm-sd\CANALI\INPGRAF\GENPROC.PAS"
"Nucleo/CanaliAria","Pascal\02_Sottosistemi_Completi\origine\sd\sorgenti\bm-sd\CANALI\INPGRAF\GLOBFUNZ.PAS","C:\DOCUMENTI\sd\sorgenti\bm-sd\CANALI\INPGRAF\GLOBFUNZ.PAS"
"Nucleo/CanaliAria","Pascal\02_Sottosistemi_Completi\origine\sd\sorgenti\bm-sd\CANALI\INPGRAF\GLOBFUNZ.RIF","C:\DOCUMENTI\sd\sorgenti\bm-sd\CANALI\INPGRAF\GLOBFUNZ.RIF"
"Nucleo/CanaliAria","Pascal\02_Sottosistemi_Completi\origine\sd\sorgenti\bm-sd\CANALI\INPGRAF\GRAFCOST.ENG","C:\DOCUMENTI\sd\sorgenti\bm-sd\CANALI\INPGRAF\GRAFCOST.ENG"
"Nucleo/CanaliAria","Pascal\02_Sottosistemi_Completi\origine\sd\sorgenti\bm-sd\CANALI\INPGRAF\GRAFCOST.ESP","C:\DOCUMENTI\sd\sorgenti\bm-sd\CANALI\INPGRAF\GRAFCOST.ESP"
"Nucleo/CanaliAria","Pascal\02_Sottosistemi_Completi\origine\sd\sorgenti\bm-sd\CANALI\INPGRAF\GRAFCOST.FRA","C:\DOCUMENTI\sd\sorgenti\bm-sd\CANALI\INPGRAF\GRAFCOST.FRA"
"Nucleo/CanaliAria","Pascal\02_Sottosistemi_Completi\origine\sd\sorgenti\bm-sd\CANALI\INPGRAF\GRAFCOST.ITA","C:\DOCUMENTI\sd\sorgenti\bm-sd\CANALI\INPGRAF\GRAFCOST.ITA"
"Nucleo/CanaliAria","Pascal\02_Sottosistemi_Completi\origine\sd\sorgenti\bm-sd\CANALI\INPGRAF\GRAFER.PAS","C:\DOCUMENTI\sd\sorgenti\bm-sd\CANALI\INPGRAF\GRAFER.PAS"
"Nucleo/CanaliAria","Pascal\02_Sottosistemi_Completi\origine\sd\sorgenti\bm-sd\CANALI\INPGRAF\GRMOUSE.PAS","C:\DOCUMENTI\sd\sorgenti\bm-sd\CANALI\INPGRAF\GRMOUSE.PAS"
"Nucleo/CanaliAria","Pascal\02_Sottosistemi_Completi\origine\sd\sorgenti\bm-sd\CANALI\INPGRAF\IMPTERM.PAS","C:\DOCUMENTI\sd\sorgenti\bm-sd\CANALI\INPGRAF\IMPTERM.PAS"
"Nucleo/CanaliAria","Pascal\02_Sottosistemi_Completi\origine\sd\sorgenti\bm-sd\CANALI\INPGRAF\INCMENU.PAS","C:\DOCUMENTI\sd\sorgenti\bm-sd\CANALI\INPGRAF\INCMENU.PAS"
"Nucleo/CanaliAria","Pascal\02_Sottosistemi_Completi\origine\sd\sorgenti\bm-sd\CANALI\INPGRAF\INCMOUSE.PAS","C:\DOCUMENTI\sd\sorgenti\bm-sd\CANALI\INPGRAF\INCMOUSE.PAS"
"Nucleo/CanaliAria","Pascal\02_Sottosistemi_Completi\origine\sd\sorgenti\bm-sd\CANALI\INPGRAF\INIT.PAS","C:\DOCUMENTI\sd\sorgenti\bm-sd\CANALI\INPGRAF\INIT.PAS"
"Nucleo/CanaliAria","Pascal\02_Sottosistemi_Completi\origine\sd\sorgenti\bm-sd\CANALI\INPGRAF\INIT.RIF","C:\DOCUMENTI\sd\sorgenti\bm-sd\CANALI\INPGRAF\INIT.RIF"
"Nucleo/CanaliAria","Pascal\02_Sottosistemi_Completi\origine\sd\sorgenti\bm-sd\CANALI\INPGRAF\INIT_CAR.PAS","C:\DOCUMENTI\sd\sorgenti\bm-sd\CANALI\INPGRAF\INIT_CAR.PAS"
"Nucleo/CanaliAria","Pascal\02_Sottosistemi_Completi\origine\sd\sorgenti\bm-sd\CANALI\INPGRAF\INIT_CCA.PAS","C:\DOCUMENTI\sd\sorgenti\bm-sd\CANALI\INPGRAF\INIT_CCA.PAS"
"Nucleo/CanaliAria","Pascal\02_Sottosistemi_Completi\origine\sd\sorgenti\bm-sd\CANALI\INPGRAF\INIT_CCA.RIF","C:\DOCUMENTI\sd\sorgenti\bm-sd\CANALI\INPGRAF\INIT_CCA.RIF"
"Nucleo/CanaliAria","Pascal\02_Sottosistemi_Completi\origine\sd\sorgenti\bm-sd\CANALI\INPGRAF\INIT_DUC.PAS","C:\DOCUMENTI\sd\sorgenti\bm-sd\CANALI\INPGRAF\INIT_DUC.PAS"
"Nucleo/CanaliAria","Pascal\02_Sottosistemi_Completi\origine\sd\sorgenti\bm-sd\CANALI\INPGRAF\INPUTC.PAS","C:\DOCUMENTI\sd\sorgenti\bm-sd\CANALI\INPGRAF\INPUTC.PAS"
"Nucleo/CanaliAria","Pascal\02_Sottosistemi_Completi\origine\sd\sorgenti\bm-sd\CANALI\INPGRAF\INPUTC.RIF","C:\DOCUMENTI\sd\sorgenti\bm-sd\CANALI\INPGRAF\INPUTC.RIF"
"Nucleo/CanaliAria","Pascal\02_Sottosistemi_Completi\origine\sd\sorgenti\bm-sd\CANALI\INPGRAF\INPUTCAN.PAS","C:\DOCUMENTI\sd\sorgenti\bm-sd\CANALI\INPGRAF\INPUTCAN.PAS"
"Nucleo/CanaliAria","Pascal\02_Sottosistemi_Completi\origine\sd\sorgenti\bm-sd\CANALI\INPGRAF\INSER.PAS","C:\DOCUMENTI\sd\sorgenti\bm-sd\CANALI\INPGRAF\INSER.PAS"
"Nucleo/CanaliAria","Pascal\02_Sottosistemi_Completi\origine\sd\sorgenti\bm-sd\CANALI\INPGRAF\INSTALLA.PAS","C:\DOCUMENTI\sd\sorgenti\bm-sd\CANALI\INPGRAF\INSTALLA.PAS"
"Nucleo/CanaliAria","Pascal\02_Sottosistemi_Completi\origine\sd\sorgenti\bm-sd\CANALI\INPGRAF\INTCR.PAS","C:\DOCUMENTI\sd\sorgenti\bm-sd\CANALI\INPGRAF\INTCR.PAS"
"Nucleo/CanaliAria","Pascal\02_Sottosistemi_Completi\origine\sd\sorgenti\bm-sd\CANALI\INPGRAF\INTERESS.PAS","C:\DOCUMENTI\sd\sorgenti\bm-sd\CANALI\INPGRAF\INTERESS.PAS"
"Nucleo/CanaliAria","Pascal\02_Sottosistemi_Completi\origine\sd\sorgenti\bm-sd\CANALI\INPGRAF\INTERF3D.DSK","C:\DOCUMENTI\sd\sorgenti\bm-sd\CANALI\INPGRAF\INTERF3D.DSK"
"Nucleo/CanaliAria","Pascal\02_Sottosistemi_Completi\origine\sd\sorgenti\bm-sd\CANALI\INPGRAF\INTERF3D.PAS","C:\DOCUMENTI\sd\sorgenti\bm-sd\CANALI\INPGRAF\INTERF3D.PAS"
"Nucleo/CanaliAria","Pascal\02_Sottosistemi_Completi\origine\sd\sorgenti\bm-sd\CANALI\INPGRAF\INTERS1.PAS","C:\DOCUMENTI\sd\sorgenti\bm-sd\CANALI\INPGRAF\INTERS1.PAS"
"Nucleo/CanaliAria","Pascal\02_Sottosistemi_Completi\origine\sd\sorgenti\bm-sd\CANALI\INPGRAF\IOGRAF.PAS","C:\DOCUMENTI\sd\sorgenti\bm-sd\CANALI\INPGRAF\IOGRAF.PAS"
"Nucleo/CanaliAria","Pascal\02_Sottosistemi_Completi\origine\sd\sorgenti\bm-sd\CANALI\INPGRAF\LEGGIP.PAS","C:\DOCUMENTI\sd\sorgenti\bm-sd\CANALI\INPGRAF\LEGGIP.PAS"
"Nucleo/CanaliAria","Pascal\02_Sottosistemi_Completi\origine\sd\sorgenti\bm-sd\CANALI\INPGRAF\LINGUA.PAS","C:\DOCUMENTI\sd\sorgenti\bm-sd\CANALI\INPGRAF\LINGUA.PAS"
"Nucleo/CanaliAria","Pascal\02_Sottosistemi_Completi\origine\sd\sorgenti\bm-sd\CANALI\INPGRAF\LOAD_D.PAS","C:\DOCUMENTI\sd\sorgenti\bm-sd\CANALI\INPGRAF\LOAD_D.PAS"
"Nucleo/CanaliAria","Pascal\02_Sottosistemi_Completi\origine\sd\sorgenti\bm-sd\CANALI\INPGRAF\LOAD_D.RIF","C:\DOCUMENTI\sd\sorgenti\bm-sd\CANALI\INPGRAF\LOAD_D.RIF"
"Nucleo/CanaliAria","Pascal\02_Sottosistemi_Completi\origine\sd\sorgenti\bm-sd\CANALI\INPGRAF\LOAD_D.VEC","C:\DOCUMENTI\sd\sorgenti\bm-sd\CANALI\INPGRAF\LOAD_D.VEC"
"Nucleo/CanaliAria","Pascal\02_Sottosistemi_Completi\origine\sd\sorgenti\bm-sd\CANALI\INPGRAF\LOAD_P.PAS","C:\DOCUMENTI\sd\sorgenti\bm-sd\CANALI\INPGRAF\LOAD_P.PAS"
"Nucleo/CanaliAria","Pascal\02_Sottosistemi_Completi\origine\sd\sorgenti\bm-sd\CANALI\INPGRAF\LOAD_P.RIF","C:\DOCUMENTI\sd\sorgenti\bm-sd\CANALI\INPGRAF\LOAD_P.RIF"
"Nucleo/CanaliAria","Pascal\02_Sottosistemi_Completi\origine\sd\sorgenti\bm-sd\CANALI\INPGRAF\LOAD_P.VEC","C:\DOCUMENTI\sd\sorgenti\bm-sd\CANALI\INPGRAF\LOAD_P.VEC"
"Nucleo/CanaliAria","Pascal\02_Sottosistemi_Completi\origine\sd\sorgenti\bm-sd\CANALI\INPGRAF\LOADDIS.PAS","C:\DOCUMENTI\sd\sorgenti\bm-sd\CANALI\INPGRAF\LOADDIS.PAS"
"Nucleo/CanaliAria","Pascal\02_Sottosistemi_Completi\origine\sd\sorgenti\bm-sd\CANALI\INPGRAF\MAIN_DOS.PAS","C:\DOCUMENTI\sd\sorgenti\bm-sd\CANALI\INPGRAF\MAIN_DOS.PAS"
"Nucleo/CanaliAria","Pascal\02_Sottosistemi_Completi\origine\sd\sorgenti\bm-sd\CANALI\INPGRAF\MAINEDIT.DFM","C:\DOCUMENTI\sd\sorgenti\bm-sd\CANALI\INPGRAF\MAINEDIT.DFM"
"Nucleo/CanaliAria","Pascal\02_Sottosistemi_Completi\origine\sd\sorgenti\bm-sd\CANALI\INPGRAF\MAINEDIT.PAS","C:\DOCUMENTI\sd\sorgenti\bm-sd\CANALI\INPGRAF\MAINEDIT.PAS"
"Nucleo/CanaliAria","Pascal\02_Sottosistemi_Completi\origine\sd\sorgenti\bm-sd\CANALI\INPGRAF\MENU.PAS","C:\DOCUMENTI\sd\sorgenti\bm-sd\CANALI\INPGRAF\MENU.PAS"
"Nucleo/CanaliAria","Pascal\02_Sottosistemi_Completi\origine\sd\sorgenti\bm-sd\CANALI\INPGRAF\MINICALC.PAS","C:\DOCUMENTI\sd\sorgenti\bm-sd\CANALI\INPGRAF\MINICALC.PAS"
"Nucleo/CanaliAria","Pascal\02_Sottosistemi_Completi\origine\sd\sorgenti\bm-sd\CANALI\INPGRAF\MUOVI_CU.PAS","C:\DOCUMENTI\sd\sorgenti\bm-sd\CANALI\INPGRAF\MUOVI_CU.PAS"
"Nucleo/CanaliAria","Pascal\02_Sottosistemi_Completi\origine\sd\sorgenti\bm-sd\CANALI\INPGRAF\N_DISDIM.PAS","C:\DOCUMENTI\sd\sorgenti\bm-sd\CANALI\INPGRAF\N_DISDIM.PAS"
"Nucleo/CanaliAria","Pascal\02_Sottosistemi_Completi\origine\sd\sorgenti\bm-sd\CANALI\INPGRAF\NOVITDIM.PAS","C:\DOCUMENTI\sd\sorgenti\bm-sd\CANALI\INPGRAF\NOVITDIM.PAS"
"Nucleo/CanaliAria","Pascal\02_Sottosistemi_Completi\origine\sd\sorgenti\bm-sd\CANALI\INPGRAF\NOVITDIM.RIF","C:\DOCUMENTI\sd\sorgenti\bm-sd\CANALI\INPGRAF\NOVITDIM.RIF"
"Nucleo/CanaliAria","Pascal\02_Sottosistemi_Completi\origine\sd\sorgenti\bm-sd\CANALI\INPGRAF\NOVITPLT.PAS","C:\DOCUMENTI\sd\sorgenti\bm-sd\CANALI\INPGRAF\NOVITPLT.PAS"
"Nucleo/CanaliAria","Pascal\02_Sottosistemi_Completi\origine\sd\sorgenti\bm-sd\CANALI\INPGRAF\NOVITPLT.RIF","C:\DOCUMENTI\sd\sorgenti\bm-sd\CANALI\INPGRAF\NOVITPLT.RIF"
"Nucleo/CanaliAria","Pascal\02_Sottosistemi_Completi\origine\sd\sorgenti\bm-sd\CANALI\INPGRAF\NUOVE_F.PAS","C:\DOCUMENTI\sd\sorgenti\bm-sd\CANALI\INPGRAF\NUOVE_F.PAS"
"Nucleo/CanaliAria","Pascal\02_Sottosistemi_Completi\origine\sd\sorgenti\bm-sd\CANALI\INPGRAF\NUOVO.PAS","C:\DOCUMENTI\sd\sorgenti\bm-sd\CANALI\INPGRAF\NUOVO.PAS"
"Nucleo/CanaliAria","Pascal\02_Sottosistemi_Completi\origine\sd\sorgenti\bm-sd\CANALI\INPGRAF\OLD_GRU.PAS","C:\DOCUMENTI\sd\sorgenti\bm-sd\CANALI\INPGRAF\OLD_GRU.PAS"
"Nucleo/CanaliAria","Pascal\02_Sottosistemi_Completi\origine\sd\sorgenti\bm-sd\CANALI\INPGRAF\OLDKEY.PAS","C:\DOCUMENTI\sd\sorgenti\bm-sd\CANALI\INPGRAF\OLDKEY.PAS"
"Nucleo/CanaliAria","Pascal\02_Sottosistemi_Completi\origine\sd\sorgenti\bm-sd\CANALI\INPGRAF\OS_GEN.PAS","C:\DOCUMENTI\sd\sorgenti\bm-sd\CANALI\INPGRAF\OS_GEN.PAS"
"Nucleo/CanaliAria","Pascal\02_Sottosistemi_Completi\origine\sd\sorgenti\bm-sd\CANALI\INPGRAF\OSN_GEN.PAS","C:\DOCUMENTI\sd\sorgenti\bm-sd\CANALI\INPGRAF\OSN_GEN.PAS"
"Nucleo/CanaliAria","Pascal\02_Sottosistemi_Completi\origine\sd\sorgenti\bm-sd\CANALI\INPGRAF\OSNAP.PAS","C:\DOCUMENTI\sd\sorgenti\bm-sd\CANALI\INPGRAF\OSNAP.PAS"
"Nucleo/CanaliAria","Pascal\02_Sottosistemi_Completi\origine\sd\sorgenti\bm-sd\CANALI\INPGRAF\OSNAPTRO.PAS","C:\DOCUMENTI\sd\sorgenti\bm-sd\CANALI\INPGRAF\OSNAPTRO.PAS"
"Nucleo/CanaliAria","Pascal\02_Sottosistemi_Completi\origine\sd\sorgenti\bm-sd\CANALI\INPGRAF\OTA.PAS","C:\DOCUMENTI\sd\sorgenti\bm-sd\CANALI\INPGRAF\OTA.PAS"
"Nucleo/CanaliAria","Pascal\02_Sottosistemi_Completi\origine\sd\sorgenti\bm-sd\CANALI\INPGRAF\OUDXF.PAS","C:\DOCUMENTI\sd\sorgenti\bm-sd\CANALI\INPGRAF\OUDXF.PAS"
"Nucleo/CanaliAria","Pascal\02_Sottosistemi_Completi\origine\sd\sorgenti\bm-sd\CANALI\INPGRAF\OUTPLT.PAS","C:\DOCUMENTI\sd\sorgenti\bm-sd\CANALI\INPGRAF\OUTPLT.PAS"
"Nucleo/CanaliAria","Pascal\02_Sottosistemi_Completi\origine\sd\sorgenti\bm-sd\CANALI\INPGRAF\P.P","C:\DOCUMENTI\sd\sorgenti\bm-sd\CANALI\INPGRAF\P.P"
"Nucleo/CanaliAria","Pascal\02_Sottosistemi_Completi\origine\sd\sorgenti\bm-sd\CANALI\INPGRAF\PERCENTO.PAS","C:\DOCUMENTI\sd\sorgenti\bm-sd\CANALI\INPGRAF\PERCENTO.PAS"
"Nucleo/CanaliAria","Pascal\02_Sottosistemi_Completi\origine\sd\sorgenti\bm-sd\CANALI\INPGRAF\PEZZI.PAS","C:\DOCUMENTI\sd\sorgenti\bm-sd\CANALI\INPGRAF\PEZZI.PAS"
"Nucleo/CanaliAria","Pascal\02_Sottosistemi_Completi\origine\sd\sorgenti\bm-sd\CANALI\INPGRAF\PEZZI.RIF","C:\DOCUMENTI\sd\sorgenti\bm-sd\CANALI\INPGRAF\PEZZI.RIF"
"Nucleo/CanaliAria","Pascal\02_Sottosistemi_Completi\origine\sd\sorgenti\bm-sd\CANALI\INPGRAF\PIANTE.PAS","C:\DOCUMENTI\sd\sorgenti\bm-sd\CANALI\INPGRAF\PIANTE.PAS"
"Nucleo/CanaliAria","Pascal\02_Sottosistemi_Completi\origine\sd\sorgenti\bm-sd\CANALI\INPGRAF\PILOTAS.PAS","C:\DOCUMENTI\sd\sorgenti\bm-sd\CANALI\INPGRAF\PILOTAS.PAS"
"Nucleo/CanaliAria","Pascal\02_Sottosistemi_Completi\origine\sd\sorgenti\bm-sd\CANALI\INPGRAF\PLOT.PAS","C:\DOCUMENTI\sd\sorgenti\bm-sd\CANALI\INPGRAF\PLOT.PAS"
"Nucleo/CanaliAria","Pascal\02_Sottosistemi_Completi\origine\sd\sorgenti\bm-sd\CANALI\INPGRAF\PLTPLT.PAS","C:\DOCUMENTI\sd\sorgenti\bm-sd\CANALI\INPGRAF\PLTPLT.PAS"
"Nucleo/CanaliAria","Pascal\02_Sottosistemi_Completi\origine\sd\sorgenti\bm-sd\CANALI\INPGRAF\PORTA.PAS","C:\DOCUMENTI\sd\sorgenti\bm-sd\CANALI\INPGRAF\PORTA.PAS"
"Nucleo/CanaliAria","Pascal\02_Sottosistemi_Completi\origine\sd\sorgenti\bm-sd\CANALI\INPGRAF\PR.PAS","C:\DOCUMENTI\sd\sorgenti\bm-sd\CANALI\INPGRAF\PR.PAS"
"Nucleo/CanaliAria","Pascal\02_Sottosistemi_Completi\origine\sd\sorgenti\bm-sd\CANALI\INPGRAF\PROV.PAS","C:\DOCUMENTI\sd\sorgenti\bm-sd\CANALI\INPGRAF\PROV.PAS"
"Nucleo/CanaliAria","Pascal\02_Sottosistemi_Completi\origine\sd\sorgenti\bm-sd\CANALI\INPGRAF\PROVA.AS1","C:\DOCUMENTI\sd\sorgenti\bm-sd\CANALI\INPGRAF\PROVA.AS1"
"Nucleo/CanaliAria","Pascal\02_Sottosistemi_Completi\origine\sd\sorgenti\bm-sd\CANALI\INPGRAF\PROVA.ASC","C:\DOCUMENTI\sd\sorgenti\bm-sd\CANALI\INPGRAF\PROVA.ASC"
"Nucleo/CanaliAria","Pascal\02_Sottosistemi_Completi\origine\sd\sorgenti\bm-sd\CANALI\INPGRAF\PROVA.DPR","C:\DOCUMENTI\sd\sorgenti\bm-sd\CANALI\INPGRAF\PROVA.DPR"
"Nucleo/CanaliAria","Pascal\02_Sottosistemi_Completi\origine\sd\sorgenti\bm-sd\CANALI\INPGRAF\PROVA.DSK","C:\DOCUMENTI\sd\sorgenti\bm-sd\CANALI\INPGRAF\PROVA.DSK"
"Nucleo/CanaliAria","Pascal\02_Sottosistemi_Completi\origine\sd\sorgenti\bm-sd\CANALI\INPGRAF\PROVA.OPT","C:\DOCUMENTI\sd\sorgenti\bm-sd\CANALI\INPGRAF\PROVA.OPT"
"Nucleo/CanaliAria","Pascal\02_Sottosistemi_Completi\origine\sd\sorgenti\bm-sd\CANALI\INPGRAF\PROVA.PAS","C:\DOCUMENTI\sd\sorgenti\bm-sd\CANALI\INPGRAF\PROVA.PAS"
"Nucleo/CanaliAria","Pascal\02_Sottosistemi_Completi\origine\sd\sorgenti\bm-sd\CANALI\INPGRAF\PROVA.RES","C:\DOCUMENTI\sd\sorgenti\bm-sd\CANALI\INPGRAF\PROVA.RES"
"Nucleo/CanaliAria","Pascal\02_Sottosistemi_Completi\origine\sd\sorgenti\bm-sd\CANALI\INPGRAF\Provadim.cfg","C:\DOCUMENTI\sd\sorgenti\bm-sd\CANALI\INPGRAF\Provadim.cfg"
"Nucleo/CanaliAria","Pascal\02_Sottosistemi_Completi\origine\sd\sorgenti\bm-sd\CANALI\INPGRAF\Provadim.dof","C:\DOCUMENTI\sd\sorgenti\bm-sd\CANALI\INPGRAF\Provadim.dof"
"Nucleo/CanaliAria","Pascal\02_Sottosistemi_Completi\origine\sd\sorgenti\bm-sd\CANALI\INPGRAF\Provadim.dpr","C:\DOCUMENTI\sd\sorgenti\bm-sd\CANALI\INPGRAF\Provadim.dpr"
"Nucleo/CanaliAria","Pascal\02_Sottosistemi_Completi\origine\sd\sorgenti\bm-sd\CANALI\INPGRAF\Provadim.res","C:\DOCUMENTI\sd\sorgenti\bm-sd\CANALI\INPGRAF\Provadim.res"
"Nucleo/CanaliAria","Pascal\02_Sottosistemi_Completi\origine\sd\sorgenti\bm-sd\CANALI\INPGRAF\PROVAP.PAS","C:\DOCUMENTI\sd\sorgenti\bm-sd\CANALI\INPGRAF\PROVAP.PAS"
"Nucleo/CanaliAria","Pascal\02_Sottosistemi_Completi\origine\sd\sorgenti\bm-sd\CANALI\INPGRAF\RADDRIZ.PAS","C:\DOCUMENTI\sd\sorgenti\bm-sd\CANALI\INPGRAF\RADDRIZ.PAS"
"Nucleo/CanaliAria","Pascal\02_Sottosistemi_Completi\origine\sd\sorgenti\bm-sd\CANALI\INPGRAF\READPLT.PAS","C:\DOCUMENTI\sd\sorgenti\bm-sd\CANALI\INPGRAF\READPLT.PAS"
"Nucleo/CanaliAria","Pascal\02_Sottosistemi_Completi\origine\sd\sorgenti\bm-sd\CANALI\INPGRAF\RIDI.PAS","C:\DOCUMENTI\sd\sorgenti\bm-sd\CANALI\INPGRAF\RIDI.PAS"
"Nucleo/CanaliAria","Pascal\02_Sottosistemi_Completi\origine\sd\sorgenti\bm-sd\CANALI\INPGRAF\RIDIS_U.PAS","C:\DOCUMENTI\sd\sorgenti\bm-sd\CANALI\INPGRAF\RIDIS_U.PAS"
"Nucleo/CanaliAria","Pascal\02_Sottosistemi_Completi\origine\sd\sorgenti\bm-sd\CANALI\INPGRAF\RIDIS_U.RIF","C:\DOCUMENTI\sd\sorgenti\bm-sd\CANALI\INPGRAF\RIDIS_U.RIF"
"Nucleo/CanaliAria","Pascal\02_Sottosistemi_Completi\origine\sd\sorgenti\bm-sd\CANALI\INPGRAF\RIDUZ.PAS","C:\DOCUMENTI\sd\sorgenti\bm-sd\CANALI\INPGRAF\RIDUZ.PAS"
"Nucleo/CanaliAria","Pascal\02_Sottosistemi_Completi\origine\sd\sorgenti\bm-sd\CANALI\INPGRAF\RTMRES.PAS","C:\DOCUMENTI\sd\sorgenti\bm-sd\CANALI\INPGRAF\RTMRES.PAS"
"Nucleo/CanaliAria","Pascal\02_Sottosistemi_Completi\origine\sd\sorgenti\bm-sd\CANALI\INPGRAF\RUOTASEZ.PAS","C:\DOCUMENTI\sd\sorgenti\bm-sd\CANALI\INPGRAF\RUOTASEZ.PAS"
"Nucleo/CanaliAria","Pascal\02_Sottosistemi_Completi\origine\sd\sorgenti\bm-sd\CANALI\INPGRAF\SALVAPI1.PAS","C:\DOCUMENTI\sd\sorgenti\bm-sd\CANALI\INPGRAF\SALVAPI1.PAS"
"Nucleo/CanaliAria","Pascal\02_Sottosistemi_Completi\origine\sd\sorgenti\bm-sd\CANALI\INPGRAF\SALVAPI2.PAS","C:\DOCUMENTI\sd\sorgenti\bm-sd\CANALI\INPGRAF\SALVAPI2.PAS"
"Nucleo/CanaliAria","Pascal\02_Sottosistemi_Completi\origine\sd\sorgenti\bm-sd\CANALI\INPGRAF\SAVEDIS.PAS","C:\DOCUMENTI\sd\sorgenti\bm-sd\CANALI\INPGRAF\SAVEDIS.PAS"
"Nucleo/CanaliAria","Pascal\02_Sottosistemi_Completi\origine\sd\sorgenti\bm-sd\CANALI\INPGRAF\SPAZIO.PAS","C:\DOCUMENTI\sd\sorgenti\bm-sd\CANALI\INPGRAF\SPAZIO.PAS"
"Nucleo/CanaliAria","Pascal\02_Sottosistemi_Completi\origine\sd\sorgenti\bm-sd\CANALI\INPGRAF\SPESLIN.DAT","C:\DOCUMENTI\sd\sorgenti\bm-sd\CANALI\INPGRAF\SPESLIN.DAT"
"Nucleo/CanaliAria","Pascal\02_Sottosistemi_Completi\origine\sd\sorgenti\bm-sd\CANALI\INPGRAF\TDCONFIG.TDW","C:\DOCUMENTI\sd\sorgenti\bm-sd\CANALI\INPGRAF\TDCONFIG.TDW"
"Nucleo/CanaliAria","Pascal\02_Sottosistemi_Completi\origine\sd\sorgenti\bm-sd\CANALI\INPGRAF\TERESA.PAS","C:\DOCUMENTI\sd\sorgenti\bm-sd\CANALI\INPGRAF\TERESA.PAS"
"Nucleo/CanaliAria","Pascal\02_Sottosistemi_Completi\origine\sd\sorgenti\bm-sd\CANALI\INPGRAF\TEXTC.PAS","C:\DOCUMENTI\sd\sorgenti\bm-sd\CANALI\INPGRAF\TEXTC.PAS"
"Nucleo/CanaliAria","Pascal\02_Sottosistemi_Completi\origine\sd\sorgenti\bm-sd\CANALI\INPGRAF\TIPERID.PAS","C:\DOCUMENTI\sd\sorgenti\bm-sd\CANALI\INPGRAF\TIPERID.PAS"
"Nucleo/CanaliAria","Pascal\02_Sottosistemi_Completi\origine\sd\sorgenti\bm-sd\CANALI\INPGRAF\TIPERID.RIF","C:\DOCUMENTI\sd\sorgenti\bm-sd\CANALI\INPGRAF\TIPERID.RIF"
"Nucleo/CanaliAria","Pascal\02_Sottosistemi_Completi\origine\sd\sorgenti\bm-sd\CANALI\INPGRAF\TIPOCOST.PAS","C:\DOCUMENTI\sd\sorgenti\bm-sd\CANALI\INPGRAF\TIPOCOST.PAS"
"Nucleo/CanaliAria","Pascal\02_Sottosistemi_Completi\origine\sd\sorgenti\bm-sd\CANALI\INPGRAF\TIPOCOST.RIF","C:\DOCUMENTI\sd\sorgenti\bm-sd\CANALI\INPGRAF\TIPOCOST.RIF"
"Nucleo/CanaliAria","Pascal\02_Sottosistemi_Completi\origine\sd\sorgenti\bm-sd\CANALI\INPGRAF\TOOL.TXT","C:\DOCUMENTI\sd\sorgenti\bm-sd\CANALI\INPGRAF\TOOL.TXT"
"Nucleo/CanaliAria","Pascal\02_Sottosistemi_Completi\origine\sd\sorgenti\bm-sd\CANALI\INPGRAF\TOOL1.TXT","C:\DOCUMENTI\sd\sorgenti\bm-sd\CANALI\INPGRAF\TOOL1.TXT"
"Nucleo/CanaliAria","Pascal\02_Sottosistemi_Completi\origine\sd\sorgenti\bm-sd\CANALI\INPGRAF\TRONCO.PAS","C:\DOCUMENTI\sd\sorgenti\bm-sd\CANALI\INPGRAF\TRONCO.PAS"
"Nucleo/CanaliAria","Pascal\02_Sottosistemi_Completi\origine\sd\sorgenti\bm-sd\CANALI\INPGRAF\TURBO.PCK","C:\DOCUMENTI\sd\sorgenti\bm-sd\CANALI\INPGRAF\TURBO.PCK"
"Nucleo/CanaliAria","Pascal\02_Sottosistemi_Completi\origine\sd\sorgenti\bm-sd\CANALI\INPGRAF\TURBO3.PAS","C:\DOCUMENTI\sd\sorgenti\bm-sd\CANALI\INPGRAF\TURBO3.PAS"
"Nucleo/CanaliAria","Pascal\02_Sottosistemi_Completi\origine\sd\sorgenti\bm-sd\CANALI\INPGRAF\U_05LR.PAS","C:\DOCUMENTI\sd\sorgenti\bm-sd\CANALI\INPGRAF\U_05LR.PAS"
"Nucleo/CanaliAria","Pascal\02_Sottosistemi_Completi\origine\sd\sorgenti\bm-sd\CANALI\INPGRAF\U_05LR.RIF","C:\DOCUMENTI\sd\sorgenti\bm-sd\CANALI\INPGRAF\U_05LR.RIF"
"Nucleo/CanaliAria","Pascal\02_Sottosistemi_Completi\origine\sd\sorgenti\bm-sd\CANALI\INPGRAF\U_079R.PAS","C:\DOCUMENTI\sd\sorgenti\bm-sd\CANALI\INPGRAF\U_079R.PAS"
"Nucleo/CanaliAria","Pascal\02_Sottosistemi_Completi\origine\sd\sorgenti\bm-sd\CANALI\INPGRAF\U_079R.RIF","C:\DOCUMENTI\sd\sorgenti\bm-sd\CANALI\INPGRAF\U_079R.RIF"
"Nucleo/CanaliAria","Pascal\02_Sottosistemi_Completi\origine\sd\sorgenti\bm-sd\CANALI\INPGRAF\U_10RA.PAS","C:\DOCUMENTI\sd\sorgenti\bm-sd\CANALI\INPGRAF\U_10RA.PAS"
"Nucleo/CanaliAria","Pascal\02_Sottosistemi_Completi\origine\sd\sorgenti\bm-sd\CANALI\INPGRAF\U_10RA.RIF","C:\DOCUMENTI\sd\sorgenti\bm-sd\CANALI\INPGRAF\U_10RA.RIF"
"Nucleo/CanaliAria","Pascal\02_Sottosistemi_Completi\origine\sd\sorgenti\bm-sd\CANALI\INPGRAF\U_13CB.PAS","C:\DOCUMENTI\sd\sorgenti\bm-sd\CANALI\INPGRAF\U_13CB.PAS"
"Nucleo/CanaliAria","Pascal\02_Sottosistemi_Completi\origine\sd\sorgenti\bm-sd\CANALI\INPGRAF\U_13CB.RIF","C:\DOCUMENTI\sd\sorgenti\bm-sd\CANALI\INPGRAF\U_13CB.RIF"
"Nucleo/CanaliAria","Pascal\02_Sottosistemi_Completi\origine\sd\sorgenti\bm-sd\CANALI\INPGRAF\U_13RBT.PAS","C:\DOCUMENTI\sd\sorgenti\bm-sd\CANALI\INPGRAF\U_13RBT.PAS"
"Nucleo/CanaliAria","Pascal\02_Sottosistemi_Completi\origine\sd\sorgenti\bm-sd\CANALI\INPGRAF\U_13RBT.RIF","C:\DOCUMENTI\sd\sorgenti\bm-sd\CANALI\INPGRAF\U_13RBT.RIF"
"Nucleo/CanaliAria","Pascal\02_Sottosistemi_Completi\origine\sd\sorgenti\bm-sd\CANALI\INPGRAF\U_15RBT.PAS","C:\DOCUMENTI\sd\sorgenti\bm-sd\CANALI\INPGRAF\U_15RBT.PAS"
"Nucleo/CanaliAria","Pascal\02_Sottosistemi_Completi\origine\sd\sorgenti\bm-sd\CANALI\INPGRAF\U_15RBT.RIF","C:\DOCUMENTI\sd\sorgenti\bm-sd\CANALI\INPGRAF\U_15RBT.RIF"
"Nucleo/CanaliAria","Pascal\02_Sottosistemi_Completi\origine\sd\sorgenti\bm-sd\CANALI\INPGRAF\U_180R.PAS","C:\DOCUMENTI\sd\sorgenti\bm-sd\CANALI\INPGRAF\U_180R.PAS"
"Nucleo/CanaliAria","Pascal\02_Sottosistemi_Completi\origine\sd\sorgenti\bm-sd\CANALI\INPGRAF\U_180R.RIF","C:\DOCUMENTI\sd\sorgenti\bm-sd\CANALI\INPGRAF\U_180R.RIF"
"Nucleo/CanaliAria","Pascal\02_Sottosistemi_Completi\origine\sd\sorgenti\bm-sd\CANALI\INPGRAF\U_271R.PAS","C:\DOCUMENTI\sd\sorgenti\bm-sd\CANALI\INPGRAF\U_271R.PAS"
"Nucleo/CanaliAria","Pascal\02_Sottosistemi_Completi\origine\sd\sorgenti\bm-sd\CANALI\INPGRAF\U_271R.RIF","C:\DOCUMENTI\sd\sorgenti\bm-sd\CANALI\INPGRAF\U_271R.RIF"
"Nucleo/CanaliAria","Pascal\02_Sottosistemi_Completi\origine\sd\sorgenti\bm-sd\CANALI\INPGRAF\U_310F.PAS","C:\DOCUMENTI\sd\sorgenti\bm-sd\CANALI\INPGRAF\U_310F.PAS"
"Nucleo/CanaliAria","Pascal\02_Sottosistemi_Completi\origine\sd\sorgenti\bm-sd\CANALI\INPGRAF\U_31CC.PAS","C:\DOCUMENTI\sd\sorgenti\bm-sd\CANALI\INPGRAF\U_31CC.PAS"
"Nucleo/CanaliAria","Pascal\02_Sottosistemi_Completi\origine\sd\sorgenti\bm-sd\CANALI\INPGRAF\U_31CC.RIF","C:\DOCUMENTI\sd\sorgenti\bm-sd\CANALI\INPGRAF\U_31CC.RIF"
"Nucleo/CanaliAria","Pascal\02_Sottosistemi_Completi\origine\sd\sorgenti\bm-sd\CANALI\INPGRAF\U_337R.PAS","C:\DOCUMENTI\sd\sorgenti\bm-sd\CANALI\INPGRAF\U_337R.PAS"
"Nucleo/CanaliAria","Pascal\02_Sottosistemi_Completi\origine\sd\sorgenti\bm-sd\CANALI\INPGRAF\U_358.PAS","C:\DOCUMENTI\sd\sorgenti\bm-sd\CANALI\INPGRAF\U_358.PAS"
"Nucleo/CanaliAria","Pascal\02_Sottosistemi_Completi\origine\sd\sorgenti\bm-sd\CANALI\INPGRAF\U_362R.PAS","C:\DOCUMENTI\sd\sorgenti\bm-sd\CANALI\INPGRAF\U_362R.PAS"
"Nucleo/CanaliAria","Pascal\02_Sottosistemi_Completi\origine\sd\sorgenti\bm-sd\CANALI\INPGRAF\U_362R.RIF","C:\DOCUMENTI\sd\sorgenti\bm-sd\CANALI\INPGRAF\U_362R.RIF"
"Nucleo/CanaliAria","Pascal\02_Sottosistemi_Completi\origine\sd\sorgenti\bm-sd\CANALI\INPGRAF\U_3710.PAS","C:\DOCUMENTI\sd\sorgenti\bm-sd\CANALI\INPGRAF\U_3710.PAS"
"Nucleo/CanaliAria","Pascal\02_Sottosistemi_Completi\origine\sd\sorgenti\bm-sd\CANALI\INPGRAF\U_3710.RIF","C:\DOCUMENTI\sd\sorgenti\bm-sd\CANALI\INPGRAF\U_3710.RIF"
"Nucleo/CanaliAria","Pascal\02_Sottosistemi_Completi\origine\sd\sorgenti\bm-sd\CANALI\INPGRAF\U_3722.PAS","C:\DOCUMENTI\sd\sorgenti\bm-sd\CANALI\INPGRAF\U_3722.PAS"
"Nucleo/CanaliAria","Pascal\02_Sottosistemi_Completi\origine\sd\sorgenti\bm-sd\CANALI\INPGRAF\U_3722.RIF","C:\DOCUMENTI\sd\sorgenti\bm-sd\CANALI\INPGRAF\U_3722.RIF"
"Nucleo/CanaliAria","Pascal\02_Sottosistemi_Completi\origine\sd\sorgenti\bm-sd\CANALI\INPGRAF\U_3733.PAS","C:\DOCUMENTI\sd\sorgenti\bm-sd\CANALI\INPGRAF\U_3733.PAS"
"Nucleo/CanaliAria","Pascal\02_Sottosistemi_Completi\origine\sd\sorgenti\bm-sd\CANALI\INPGRAF\U_3733.RIF","C:\DOCUMENTI\sd\sorgenti\bm-sd\CANALI\INPGRAF\U_3733.RIF"
"Nucleo/CanaliAria","Pascal\02_Sottosistemi_Completi\origine\sd\sorgenti\bm-sd\CANALI\INPGRAF\U_CVCAN.PAS","C:\DOCUMENTI\sd\sorgenti\bm-sd\CANALI\INPGRAF\U_CVCAN.PAS"
"Nucleo/CanaliAria","Pascal\02_Sottosistemi_Completi\origine\sd\sorgenti\bm-sd\CANALI\INPGRAF\U_CVCAN1.PAS","C:\DOCUMENTI\sd\sorgenti\bm-sd\CANALI\INPGRAF\U_CVCAN1.PAS"
"Nucleo/CanaliAria","Pascal\02_Sottosistemi_Completi\origine\sd\sorgenti\bm-sd\CANALI\INPGRAF\U_INPUTC.PAS","C:\DOCUMENTI\sd\sorgenti\bm-sd\CANALI\INPGRAF\U_INPUTC.PAS"
"Nucleo/CanaliAria","Pascal\02_Sottosistemi_Completi\origine\sd\sorgenti\bm-sd\CANALI\INPGRAF\U_VARPEZ.PAS","C:\DOCUMENTI\sd\sorgenti\bm-sd\CANALI\INPGRAF\U_VARPEZ.PAS"
"Nucleo/CanaliAria","Pascal\02_Sottosistemi_Completi\origine\sd\sorgenti\bm-sd\CANALI\INPGRAF\U_VARPEZ.RIF","C:\DOCUMENTI\sd\sorgenti\bm-sd\CANALI\INPGRAF\U_VARPEZ.RIF"
"Nucleo/CanaliAria","Pascal\02_Sottosistemi_Completi\origine\sd\sorgenti\bm-sd\CANALI\INPGRAF\U_VARPEZZI.pas","C:\DOCUMENTI\sd\sorgenti\bm-sd\CANALI\INPGRAF\U_VARPEZZI.pas"
"Nucleo/CanaliAria","Pascal\02_Sottosistemi_Completi\origine\sd\sorgenti\bm-sd\CANALI\INPGRAF\UPROVA.DFM","C:\DOCUMENTI\sd\sorgenti\bm-sd\CANALI\INPGRAF\UPROVA.DFM"
"Nucleo/CanaliAria","Pascal\02_Sottosistemi_Completi\origine\sd\sorgenti\bm-sd\CANALI\INPGRAF\UPROVA.PAS","C:\DOCUMENTI\sd\sorgenti\bm-sd\CANALI\INPGRAF\UPROVA.PAS"
"Nucleo/CanaliAria","Pascal\02_Sottosistemi_Completi\origine\sd\sorgenti\bm-sd\CANALI\INPGRAF\Uprovadim.dfm","C:\DOCUMENTI\sd\sorgenti\bm-sd\CANALI\INPGRAF\Uprovadim.dfm"
"Nucleo/CanaliAria","Pascal\02_Sottosistemi_Completi\origine\sd\sorgenti\bm-sd\CANALI\INPGRAF\Uprovadim.pas","C:\DOCUMENTI\sd\sorgenti\bm-sd\CANALI\INPGRAF\Uprovadim.pas"
"Nucleo/CanaliAria","Pascal\02_Sottosistemi_Completi\origine\sd\sorgenti\bm-sd\CANALI\INPGRAF\UT_DEB.PAS","C:\DOCUMENTI\sd\sorgenti\bm-sd\CANALI\INPGRAF\UT_DEB.PAS"
"Nucleo/CanaliAria","Pascal\02_Sottosistemi_Completi\origine\sd\sorgenti\bm-sd\CANALI\INPGRAF\UTIWINDL.PAS","C:\DOCUMENTI\sd\sorgenti\bm-sd\CANALI\INPGRAF\UTIWINDL.PAS"
"Nucleo/CanaliAria","Pascal\02_Sottosistemi_Completi\origine\sd\sorgenti\bm-sd\CANALI\INPGRAF\UVPEZZI.DFM","C:\DOCUMENTI\sd\sorgenti\bm-sd\CANALI\INPGRAF\UVPEZZI.DFM"
"Nucleo/CanaliAria","Pascal\02_Sottosistemi_Completi\origine\sd\sorgenti\bm-sd\CANALI\INPGRAF\UVPEZZI.PAS","C:\DOCUMENTI\sd\sorgenti\bm-sd\CANALI\INPGRAF\UVPEZZI.PAS"
"Nucleo/CanaliAria","Pascal\02_Sottosistemi_Completi\origine\sd\sorgenti\bm-sd\CANALI\INPGRAF\VARPLAY.PAS","C:\DOCUMENTI\sd\sorgenti\bm-sd\CANALI\INPGRAF\VARPLAY.PAS"
"Nucleo/CanaliAria","Pascal\02_Sottosistemi_Completi\origine\sd\sorgenti\bm-sd\CANALI\INPGRAF\VERIFICA.PAS","C:\DOCUMENTI\sd\sorgenti\bm-sd\CANALI\INPGRAF\VERIFICA.PAS"
"Nucleo/CanaliAria","Pascal\02_Sottosistemi_Completi\origine\sd\sorgenti\bm-sd\CANALI\INPGRAF\VPEZZI.DPR","C:\DOCUMENTI\sd\sorgenti\bm-sd\CANALI\INPGRAF\VPEZZI.DPR"
"Nucleo/CanaliAria","Pascal\02_Sottosistemi_Completi\origine\sd\sorgenti\bm-sd\CANALI\INPGRAF\VPEZZI.DSK","C:\DOCUMENTI\sd\sorgenti\bm-sd\CANALI\INPGRAF\VPEZZI.DSK"
"Nucleo/CanaliAria","Pascal\02_Sottosistemi_Completi\origine\sd\sorgenti\bm-sd\CANALI\INPGRAF\VPEZZI.OPT","C:\DOCUMENTI\sd\sorgenti\bm-sd\CANALI\INPGRAF\VPEZZI.OPT"
"Nucleo/CanaliAria","Pascal\02_Sottosistemi_Completi\origine\sd\sorgenti\bm-sd\CANALI\INPGRAF\VPEZZI.RES","C:\DOCUMENTI\sd\sorgenti\bm-sd\CANALI\INPGRAF\VPEZZI.RES"
"Nucleo/CanaliAria","Pascal\02_Sottosistemi_Completi\origine\sd\sorgenti\bm-sd\CANALI\INPGRAF\VSEZ.PAS","C:\DOCUMENTI\sd\sorgenti\bm-sd\CANALI\INPGRAF\VSEZ.PAS"
"Nucleo/CanaliAria","Pascal\02_Sottosistemi_Completi\origine\sd\sorgenti\bm-sd\CANALI\INPGRAF\VSEZ.RIF","C:\DOCUMENTI\sd\sorgenti\bm-sd\CANALI\INPGRAF\VSEZ.RIF"
"Nucleo/CanaliAria","Pascal\02_Sottosistemi_Completi\origine\sd\sorgenti\bm-sd\CANALI\INPGRAF\W_DIMENS.DSK","C:\DOCUMENTI\sd\sorgenti\bm-sd\CANALI\INPGRAF\W_DIMENS.DSK"
"Nucleo/CanaliAria","Pascal\02_Sottosistemi_Completi\origine\sd\sorgenti\bm-sd\CANALI\INPGRAF\W_DIMENS.OPT","C:\DOCUMENTI\sd\sorgenti\bm-sd\CANALI\INPGRAF\W_DIMENS.OPT"
"Nucleo/CanaliAria","Pascal\02_Sottosistemi_Completi\origine\sd\sorgenti\bm-sd\CANALI\INPGRAF\W_DIMENS.PAS","C:\DOCUMENTI\sd\sorgenti\bm-sd\CANALI\INPGRAF\W_DIMENS.PAS"
"Nucleo/CanaliAria","Pascal\02_Sottosistemi_Completi\origine\sd\sorgenti\bm-sd\CANALI\INPGRAF\W_DIMENS.RES","C:\DOCUMENTI\sd\sorgenti\bm-sd\CANALI\INPGRAF\W_DIMENS.RES"
"Nucleo/CanaliAria","Pascal\02_Sottosistemi_Completi\origine\sd\sorgenti\bm-sd\CANALI\INPGRAF\W_DIMENS.RIF","C:\DOCUMENTI\sd\sorgenti\bm-sd\CANALI\INPGRAF\W_DIMENS.RIF"
"Nucleo/CanaliAria","Pascal\02_Sottosistemi_Completi\origine\sd\sorgenti\bm-sd\CANALI\INPGRAF\W_ICART.DSK","C:\DOCUMENTI\sd\sorgenti\bm-sd\CANALI\INPGRAF\W_ICART.DSK"
"Nucleo/CanaliAria","Pascal\02_Sottosistemi_Completi\origine\sd\sorgenti\bm-sd\CANALI\INPGRAF\W_ICART.PAS","C:\DOCUMENTI\sd\sorgenti\bm-sd\CANALI\INPGRAF\W_ICART.PAS"
"Nucleo/CanaliAria","Pascal\02_Sottosistemi_Completi\origine\sd\sorgenti\bm-sd\CANALI\INPGRAF\W_INPGRA.DSK","C:\DOCUMENTI\sd\sorgenti\bm-sd\CANALI\INPGRAF\W_INPGRA.DSK"
"Nucleo/CanaliAria","Pascal\02_Sottosistemi_Completi\origine\sd\sorgenti\bm-sd\CANALI\INPGRAF\W_INPGRA.PAS","C:\DOCUMENTI\sd\sorgenti\bm-sd\CANALI\INPGRAF\W_INPGRA.PAS"
"Nucleo/CanaliAria","Pascal\02_Sottosistemi_Completi\origine\sd\sorgenti\bm-sd\CANALI\INPGRAF\W_INPUTC.CFG","C:\DOCUMENTI\sd\sorgenti\bm-sd\CANALI\INPGRAF\W_INPUTC.CFG"
"Nucleo/CanaliAria","Pascal\02_Sottosistemi_Completi\origine\sd\sorgenti\bm-sd\CANALI\INPGRAF\W_INPUTC.DSK","C:\DOCUMENTI\sd\sorgenti\bm-sd\CANALI\INPGRAF\W_INPUTC.DSK"
"Nucleo/CanaliAria","Pascal\02_Sottosistemi_Completi\origine\sd\sorgenti\bm-sd\CANALI\INPGRAF\W_INPUTC.OPT","C:\DOCUMENTI\sd\sorgenti\bm-sd\CANALI\INPGRAF\W_INPUTC.OPT"
"Nucleo/CanaliAria","Pascal\02_Sottosistemi_Completi\origine\sd\sorgenti\bm-sd\CANALI\INPGRAF\W_INPUTC.PAS","C:\DOCUMENTI\sd\sorgenti\bm-sd\CANALI\INPGRAF\W_INPUTC.PAS"
"Nucleo/CanaliAria","Pascal\02_Sottosistemi_Completi\origine\sd\sorgenti\bm-sd\CANALI\INPGRAF\W_INPUTC.RES","C:\DOCUMENTI\sd\sorgenti\bm-sd\CANALI\INPGRAF\W_INPUTC.RES"
"Nucleo/CanaliAria","Pascal\02_Sottosistemi_Completi\origine\sd\sorgenti\bm-sd\CANALI\INPGRAF\W_INPUTC.RIF","C:\DOCUMENTI\sd\sorgenti\bm-sd\CANALI\INPGRAF\W_INPUTC.RIF"
"Nucleo/CanaliAria","Pascal\02_Sottosistemi_Completi\origine\sd\sorgenti\bm-sd\CANALI\INPGRAF\W_ITUBI.CFG","C:\DOCUMENTI\sd\sorgenti\bm-sd\CANALI\INPGRAF\W_ITUBI.CFG"
"Nucleo/CanaliAria","Pascal\02_Sottosistemi_Completi\origine\sd\sorgenti\bm-sd\CANALI\INPGRAF\W_ITUBI.DSK","C:\DOCUMENTI\sd\sorgenti\bm-sd\CANALI\INPGRAF\W_ITUBI.DSK"
"Nucleo/CanaliAria","Pascal\02_Sottosistemi_Completi\origine\sd\sorgenti\bm-sd\CANALI\INPGRAF\WIN_MENU.PAS","C:\DOCUMENTI\sd\sorgenti\bm-sd\CANALI\INPGRAF\WIN_MENU.PAS"
"Nucleo/CanaliAria","Pascal\02_Sottosistemi_Completi\origine\sd\sorgenti\bm-sd\CANALI\INPGRAF\WINTR.PAS","C:\DOCUMENTI\sd\sorgenti\bm-sd\CANALI\INPGRAF\WINTR.PAS"
"Nucleo/CanaliAria","Pascal\02_Sottosistemi_Completi\origine\sd\sorgenti\bm-sd\CANALI\INPGRAF\WORK.PAS","C:\DOCUMENTI\sd\sorgenti\bm-sd\CANALI\INPGRAF\WORK.PAS"
"Nucleo/CanaliAria","Pascal\02_Sottosistemi_Completi\origine\sd\sorgenti\bm-sd\CANALI\INSTALLA.PAS","C:\DOCUMENTI\sd\sorgenti\bm-sd\CANALI\INSTALLA.PAS"
"Nucleo/CanaliAria","Pascal\02_Sottosistemi_Completi\origine\sd\sorgenti\bm-sd\CANALI\INTCR.PAS","C:\DOCUMENTI\sd\sorgenti\bm-sd\CANALI\INTCR.PAS"
"Nucleo/CanaliAria","Pascal\02_Sottosistemi_Completi\origine\sd\sorgenti\bm-sd\CANALI\interf3d.pas","C:\DOCUMENTI\sd\sorgenti\bm-sd\CANALI\interf3d.pas"
"Nucleo/CanaliAria","Pascal\02_Sottosistemi_Completi\origine\sd\sorgenti\bm-sd\CANALI\ioduct.pas","C:\DOCUMENTI\sd\sorgenti\bm-sd\CANALI\ioduct.pas"
"Nucleo/CanaliAria","Pascal\02_Sottosistemi_Completi\origine\sd\sorgenti\bm-sd\CANALI\IODUCT.RIF","C:\DOCUMENTI\sd\sorgenti\bm-sd\CANALI\IODUCT.RIF"
"Nucleo/CanaliAria","Pascal\02_Sottosistemi_Completi\origine\sd\sorgenti\bm-sd\CANALI\IOGRAF.PAS","C:\DOCUMENTI\sd\sorgenti\bm-sd\CANALI\IOGRAF.PAS"
"Nucleo/CanaliAria","Pascal\02_Sottosistemi_Completi\origine\sd\sorgenti\bm-sd\CANALI\IORETE.PAS","C:\DOCUMENTI\sd\sorgenti\bm-sd\CANALI\IORETE.PAS"
"Nucleo/CanaliAria","Pascal\02_Sottosistemi_Completi\origine\sd\sorgenti\bm-sd\CANALI\key.pas","C:\DOCUMENTI\sd\sorgenti\bm-sd\CANALI\key.pas"
"Nucleo/CanaliAria","Pascal\02_Sottosistemi_Completi\origine\sd\sorgenti\bm-sd\CANALI\key_old.pas","C:\DOCUMENTI\sd\sorgenti\bm-sd\CANALI\key_old.pas"
"Nucleo/CanaliAria","Pascal\02_Sottosistemi_Completi\origine\sd\sorgenti\bm-sd\CANALI\LEGGIER.PAS","C:\DOCUMENTI\sd\sorgenti\bm-sd\CANALI\LEGGIER.PAS"
"Nucleo/CanaliAria","Pascal\02_Sottosistemi_Completi\origine\sd\sorgenti\bm-sd\CANALI\LEGGIP.PAS","C:\DOCUMENTI\sd\sorgenti\bm-sd\CANALI\LEGGIP.PAS"
"Nucleo/CanaliAria","Pascal\02_Sottosistemi_Completi\origine\sd\sorgenti\bm-sd\CANALI\LEGGIPLT.PAS","C:\DOCUMENTI\sd\sorgenti\bm-sd\CANALI\LEGGIPLT.PAS"
"Nucleo/CanaliAria","Pascal\02_Sottosistemi_Completi\origine\sd\sorgenti\bm-sd\CANALI\LIST1.PAS","C:\DOCUMENTI\sd\sorgenti\bm-sd\CANALI\LIST1.PAS"
"Nucleo/CanaliAria","Pascal\02_Sottosistemi_Completi\origine\sd\sorgenti\bm-sd\CANALI\LISTATO.PAS","C:\DOCUMENTI\sd\sorgenti\bm-sd\CANALI\LISTATO.PAS"
"Nucleo/CanaliAria","Pascal\02_Sottosistemi_Completi\origine\sd\sorgenti\bm-sd\CANALI\LOad_d.pas","C:\DOCUMENTI\sd\sorgenti\bm-sd\CANALI\LOad_d.pas"
"Nucleo/CanaliAria","Pascal\02_Sottosistemi_Completi\origine\sd\sorgenti\bm-sd\CANALI\load_p.pas","C:\DOCUMENTI\sd\sorgenti\bm-sd\CANALI\load_p.pas"
"Nucleo/CanaliAria","Pascal\02_Sottosistemi_Completi\origine\sd\sorgenti\bm-sd\CANALI\MAIN.DFM","C:\DOCUMENTI\sd\sorgenti\bm-sd\CANALI\MAIN.DFM"
"Nucleo/CanaliAria","Pascal\02_Sottosistemi_Completi\origine\sd\sorgenti\bm-sd\CANALI\MAIN.PAS","C:\DOCUMENTI\sd\sorgenti\bm-sd\CANALI\MAIN.PAS"
"Nucleo/CanaliAria","Pascal\02_Sottosistemi_Completi\origine\sd\sorgenti\bm-sd\CANALI\MAIN.TXT","C:\DOCUMENTI\sd\sorgenti\bm-sd\CANALI\MAIN.TXT"
"Nucleo/CanaliAria","Pascal\02_Sottosistemi_Completi\origine\sd\sorgenti\bm-sd\CANALI\MAIN_DOS.PAS","C:\DOCUMENTI\sd\sorgenti\bm-sd\CANALI\MAIN_DOS.PAS"
"Nucleo/CanaliAria","Pascal\02_Sottosistemi_Completi\origine\sd\sorgenti\bm-sd\CANALI\MASKCOMP.PAS","C:\DOCUMENTI\sd\sorgenti\bm-sd\CANALI\MASKCOMP.PAS"
"Nucleo/CanaliAria","Pascal\02_Sottosistemi_Completi\origine\sd\sorgenti\bm-sd\CANALI\MASKCOMP.RIF","C:\DOCUMENTI\sd\sorgenti\bm-sd\CANALI\MASKCOMP.RIF"
"Nucleo/CanaliAria","Pascal\02_Sottosistemi_Completi\origine\sd\sorgenti\bm-sd\CANALI\MENU.PAS","C:\DOCUMENTI\sd\sorgenti\bm-sd\CANALI\MENU.PAS"
"Nucleo/CanaliAria","Pascal\02_Sottosistemi_Completi\origine\sd\sorgenti\bm-sd\CANALI\Mphar.pas","C:\DOCUMENTI\sd\sorgenti\bm-sd\CANALI\Mphar.pas"
"Nucleo/CanaliAria","Pascal\02_Sottosistemi_Completi\origine\sd\sorgenti\bm-sd\CANALI\MPHAR_old.pas","C:\DOCUMENTI\sd\sorgenti\bm-sd\CANALI\MPHAR_old.pas"
"Nucleo/CanaliAria","Pascal\02_Sottosistemi_Completi\origine\sd\sorgenti\bm-sd\CANALI\Objects.pas","C:\DOCUMENTI\sd\sorgenti\bm-sd\CANALI\Objects.pas"
"Nucleo/CanaliAria","Pascal\02_Sottosistemi_Completi\origine\sd\sorgenti\bm-sd\CANALI\Odialogs.pas","C:\DOCUMENTI\sd\sorgenti\bm-sd\CANALI\Odialogs.pas"
"Nucleo/CanaliAria","Pascal\02_Sottosistemi_Completi\origine\sd\sorgenti\bm-sd\CANALI\OLD1.PAS","C:\DOCUMENTI\sd\sorgenti\bm-sd\CANALI\OLD1.PAS"
"Nucleo/CanaliAria","Pascal\02_Sottosistemi_Completi\origine\sd\sorgenti\bm-sd\CANALI\OLDUTI.PAS","C:\DOCUMENTI\sd\sorgenti\bm-sd\CANALI\OLDUTI.PAS"
"Nucleo/CanaliAria","Pascal\02_Sottosistemi_Completi\origine\sd\sorgenti\bm-sd\CANALI\ORDINA.PAS","C:\DOCUMENTI\sd\sorgenti\bm-sd\CANALI\ORDINA.PAS"
"Nucleo/CanaliAria","Pascal\02_Sottosistemi_Completi\origine\sd\sorgenti\bm-sd\CANALI\OUDXF.PAS","C:\DOCUMENTI\sd\sorgenti\bm-sd\CANALI\OUDXF.PAS"
"Nucleo/CanaliAria","Pascal\02_Sottosistemi_Completi\origine\sd\sorgenti\bm-sd\CANALI\OUTCAD.PAS","C:\DOCUMENTI\sd\sorgenti\bm-sd\CANALI\OUTCAD.PAS"
"Nucleo/CanaliAria","Pascal\02_Sottosistemi_Completi\origine\sd\sorgenti\bm-sd\CANALI\OVERPROC.PAS","C:\DOCUMENTI\sd\sorgenti\bm-sd\CANALI\OVERPROC.PAS"
"Nucleo/CanaliAria","Pascal\02_Sottosistemi_Completi\origine\sd\sorgenti\bm-sd\CANALI\Owindows.pas","C:\DOCUMENTI\sd\sorgenti\bm-sd\CANALI\Owindows.pas"
"Nucleo/CanaliAria","Pascal\02_Sottosistemi_Completi\origine\sd\sorgenti\bm-sd\CANALI\PASSAGGI.PAS","C:\DOCUMENTI\sd\sorgenti\bm-sd\CANALI\PASSAGGI.PAS"
"Nucleo/CanaliAria","Pascal\02_Sottosistemi_Completi\origine\sd\sorgenti\bm-sd\CANALI\PERCENTO.PAS","C:\DOCUMENTI\sd\sorgenti\bm-sd\CANALI\PERCENTO.PAS"
"Nucleo/CanaliAria","Pascal\02_Sottosistemi_Completi\origine\sd\sorgenti\bm-sd\CANALI\PERDCONC.PAS","C:\DOCUMENTI\sd\sorgenti\bm-sd\CANALI\PERDCONC.PAS"
"Nucleo/CanaliAria","Pascal\02_Sottosistemi_Completi\origine\sd\sorgenti\bm-sd\CANALI\PEZZI.PAS","C:\DOCUMENTI\sd\sorgenti\bm-sd\CANALI\PEZZI.PAS"
"Nucleo/CanaliAria","Pascal\02_Sottosistemi_Completi\origine\sd\sorgenti\bm-sd\CANALI\pezzi3d\U3dsd.ddp","C:\DOCUMENTI\sd\sorgenti\bm-sd\CANALI\pezzi3d\U3dsd.ddp"
"Nucleo/CanaliAria","Pascal\02_Sottosistemi_Completi\origine\sd\sorgenti\bm-sd\CANALI\pezzi3d\U3dsd.dfm","C:\DOCUMENTI\sd\sorgenti\bm-sd\CANALI\pezzi3d\U3dsd.dfm"
"Nucleo/CanaliAria","Pascal\02_Sottosistemi_Completi\origine\sd\sorgenti\bm-sd\CANALI\pezzi3d\U3dsd.pas","C:\DOCUMENTI\sd\sorgenti\bm-sd\CANALI\pezzi3d\U3dsd.pas"
"Nucleo/CanaliAria","Pascal\02_Sottosistemi_Completi\origine\sd\sorgenti\bm-sd\CANALI\pezzi3d\uarchpezzi.pas","C:\DOCUMENTI\sd\sorgenti\bm-sd\CANALI\pezzi3d\uarchpezzi.pas"
"Nucleo/CanaliAria","Pascal\02_Sottosistemi_Completi\origine\sd\sorgenti\bm-sd\CANALI\PFdaticalc.cfg","C:\DOCUMENTI\sd\sorgenti\bm-sd\CANALI\PFdaticalc.cfg"
"Nucleo/CanaliAria","Pascal\02_Sottosistemi_Completi\origine\sd\sorgenti\bm-sd\CANALI\PFdaticalc.dof","C:\DOCUMENTI\sd\sorgenti\bm-sd\CANALI\PFdaticalc.dof"
"Nucleo/CanaliAria","Pascal\02_Sottosistemi_Completi\origine\sd\sorgenti\bm-sd\CANALI\PFdaticalc.dpr","C:\DOCUMENTI\sd\sorgenti\bm-sd\CANALI\PFdaticalc.dpr"
"Nucleo/CanaliAria","Pascal\02_Sottosistemi_Completi\origine\sd\sorgenti\bm-sd\CANALI\PFdaticalc.res","C:\DOCUMENTI\sd\sorgenti\bm-sd\CANALI\PFdaticalc.res"
"Nucleo/CanaliAria","Pascal\02_Sottosistemi_Completi\origine\sd\sorgenti\bm-sd\CANALI\PIANTE.PAS","C:\DOCUMENTI\sd\sorgenti\bm-sd\CANALI\PIANTE.PAS"
"Nucleo/CanaliAria","Pascal\02_Sottosistemi_Completi\origine\sd\sorgenti\bm-sd\CANALI\PIPPO.TXT","C:\DOCUMENTI\sd\sorgenti\bm-sd\CANALI\PIPPO.TXT"
"Nucleo/CanaliAria","Pascal\02_Sottosistemi_Completi\origine\sd\sorgenti\bm-sd\CANALI\portate.pas","C:\DOCUMENTI\sd\sorgenti\bm-sd\CANALI\portate.pas"
"Nucleo/CanaliAria","Pascal\02_Sottosistemi_Completi\origine\sd\sorgenti\bm-sd\CANALI\PR.PAS","C:\DOCUMENTI\sd\sorgenti\bm-sd\CANALI\PR.PAS"
"Nucleo/CanaliAria","Pascal\02_Sottosistemi_Completi\origine\sd\sorgenti\bm-sd\CANALI\PREDIM.PAS","C:\DOCUMENTI\sd\sorgenti\bm-sd\CANALI\PREDIM.PAS"
"Nucleo/CanaliAria","Pascal\02_Sottosistemi_Completi\origine\sd\sorgenti\bm-sd\CANALI\prgduct.pas","C:\DOCUMENTI\sd\sorgenti\bm-sd\CANALI\prgduct.pas"
"Nucleo/CanaliAria","Pascal\02_Sottosistemi_Completi\origine\sd\sorgenti\bm-sd\CANALI\PRGDUCT.RIF","C:\DOCUMENTI\sd\sorgenti\bm-sd\CANALI\PRGDUCT.RIF"
"Nucleo/CanaliAria","Pascal\02_Sottosistemi_Completi\origine\sd\sorgenti\bm-sd\CANALI\Print.pas","C:\DOCUMENTI\sd\sorgenti\bm-sd\CANALI\Print.pas"
"Nucleo/CanaliAria","Pascal\02_Sottosistemi_Completi\origine\sd\sorgenti\bm-sd\CANALI\PRINT_old.pas","C:\DOCUMENTI\sd\sorgenti\bm-sd\CANALI\PRINT_old.pas"
"Nucleo/CanaliAria","Pascal\02_Sottosistemi_Completi\origine\sd\sorgenti\bm-sd\CANALI\PRINTMSK.PAS","C:\DOCUMENTI\sd\sorgenti\bm-sd\CANALI\PRINTMSK.PAS"
"Nucleo/CanaliAria","Pascal\02_Sottosistemi_Completi\origine\sd\sorgenti\bm-sd\CANALI\PRNMASK.RIF","C:\DOCUMENTI\sd\sorgenti\bm-sd\CANALI\PRNMASK.RIF"
"Nucleo/CanaliAria","Pascal\02_Sottosistemi_Completi\origine\sd\sorgenti\bm-sd\CANALI\PRNMASK_old.PAS","C:\DOCUMENTI\sd\sorgenti\bm-sd\CANALI\PRNMASK_old.PAS"
"Nucleo/CanaliAria","Pascal\02_Sottosistemi_Completi\origine\sd\sorgenti\bm-sd\CANALI\PROVA.PAS","C:\DOCUMENTI\sd\sorgenti\bm-sd\CANALI\PROVA.PAS"
"Nucleo/CanaliAria","Pascal\02_Sottosistemi_Completi\origine\sd\sorgenti\bm-sd\CANALI\Provacanali.cfg","C:\DOCUMENTI\sd\sorgenti\bm-sd\CANALI\Provacanali.cfg"
"Nucleo/CanaliAria","Pascal\02_Sottosistemi_Completi\origine\sd\sorgenti\bm-sd\CANALI\Provacanali.dof","C:\DOCUMENTI\sd\sorgenti\bm-sd\CANALI\Provacanali.dof"
"Nucleo/CanaliAria","Pascal\02_Sottosistemi_Completi\origine\sd\sorgenti\bm-sd\CANALI\Provacanali.dpr","C:\DOCUMENTI\sd\sorgenti\bm-sd\CANALI\Provacanali.dpr"
"Nucleo/CanaliAria","Pascal\02_Sottosistemi_Completi\origine\sd\sorgenti\bm-sd\CANALI\Provacanali.dsk","C:\DOCUMENTI\sd\sorgenti\bm-sd\CANALI\Provacanali.dsk"
"Nucleo/CanaliAria","Pascal\02_Sottosistemi_Completi\origine\sd\sorgenti\bm-sd\CANALI\Provacanali.res","C:\DOCUMENTI\sd\sorgenti\bm-sd\CANALI\Provacanali.res"
"Nucleo/CanaliAria","Pascal\02_Sottosistemi_Completi\origine\sd\sorgenti\bm-sd\CANALI\PROVAUTI.PAS","C:\DOCUMENTI\sd\sorgenti\bm-sd\CANALI\PROVAUTI.PAS"
"Nucleo/CanaliAria","Pascal\02_Sottosistemi_Completi\origine\sd\sorgenti\bm-sd\CANALI\READPLT.PAS","C:\DOCUMENTI\sd\sorgenti\bm-sd\CANALI\READPLT.PAS"
"Nucleo/CanaliAria","Pascal\02_Sottosistemi_Completi\origine\sd\sorgenti\bm-sd\CANALI\ren Copialibreriagenerale.pas","C:\DOCUMENTI\sd\sorgenti\bm-sd\CANALI\ren Copialibreriagenerale.pas"
"Nucleo/CanaliAria","Pascal\02_Sottosistemi_Completi\origine\sd\sorgenti\bm-sd\CANALI\RIDUZION.PAS","C:\DOCUMENTI\sd\sorgenti\bm-sd\CANALI\RIDUZION.PAS"
"Nucleo/CanaliAria","Pascal\02_Sottosistemi_Completi\origine\sd\sorgenti\bm-sd\CANALI\risorse\canali\.DIM","C:\DOCUMENTI\sd\sorgenti\bm-sd\CANALI\risorse\canali\.DIM"
"Nucleo/CanaliAria","Pascal\02_Sottosistemi_Completi\origine\sd\sorgenti\bm-sd\CANALI\risorse\canali\ARCHIVIO.CAN","C:\DOCUMENTI\sd\sorgenti\bm-sd\CANALI\risorse\canali\ARCHIVIO.CAN"
"Nucleo/CanaliAria","Pascal\02_Sottosistemi_Completi\origine\sd\sorgenti\bm-sd\CANALI\risorse\canali\canali.can","C:\DOCUMENTI\sd\sorgenti\bm-sd\CANALI\risorse\canali\canali.can"
"Nucleo/CanaliAria","Pascal\02_Sottosistemi_Completi\origine\sd\sorgenti\bm-sd\CANALI\risorse\canali\Copia di ARCHIVIO.CAN","C:\DOCUMENTI\sd\sorgenti\bm-sd\CANALI\risorse\canali\Copia di ARCHIVIO.CAN"
"Nucleo/CanaliAria","Pascal\02_Sottosistemi_Completi\origine\sd\sorgenti\bm-sd\CANALI\risorse\canali\Debug.Txt","C:\DOCUMENTI\sd\sorgenti\bm-sd\CANALI\risorse\canali\Debug.Txt"
"Nucleo/CanaliAria","Pascal\02_Sottosistemi_Completi\origine\sd\sorgenti\bm-sd\CANALI\risorse\canali\pippo.sce","C:\DOCUMENTI\sd\sorgenti\bm-sd\CANALI\risorse\canali\pippo.sce"
"Nucleo/CanaliAria","Pascal\02_Sottosistemi_Completi\origine\sd\sorgenti\bm-sd\CANALI\RuotaSez.pas","C:\DOCUMENTI\sd\sorgenti\bm-sd\CANALI\RuotaSez.pas"
"Nucleo/CanaliAria","Pascal\02_Sottosistemi_Completi\origine\sd\sorgenti\bm-sd\CANALI\SAVEDIS.PAS","C:\DOCUMENTI\sd\sorgenti\bm-sd\CANALI\SAVEDIS.PAS"
"Nucleo/CanaliAria","Pascal\02_Sottosistemi_Completi\origine\sd\sorgenti\bm-sd\CANALI\SCHEMA.PAS","C:\DOCUMENTI\sd\sorgenti\bm-sd\CANALI\SCHEMA.PAS"
"Nucleo/CanaliAria","Pascal\02_Sottosistemi_Completi\origine\sd\sorgenti\bm-sd\CANALI\SCHEMA3D.PAS","C:\DOCUMENTI\sd\sorgenti\bm-sd\CANALI\SCHEMA3D.PAS"
"Nucleo/CanaliAria","Pascal\02_Sottosistemi_Completi\origine\sd\sorgenti\bm-sd\CANALI\scribe.pas","C:\DOCUMENTI\sd\sorgenti\bm-sd\CANALI\scribe.pas"
"Nucleo/CanaliAria","Pascal\02_Sottosistemi_Completi\origine\sd\sorgenti\bm-sd\CANALI\SCRIBE_old.pas","C:\DOCUMENTI\sd\sorgenti\bm-sd\CANALI\SCRIBE_old.pas"
"Nucleo/CanaliAria","Pascal\02_Sottosistemi_Completi\origine\sd\sorgenti\bm-sd\CANALI\scritte.pas","C:\DOCUMENTI\sd\sorgenti\bm-sd\CANALI\scritte.pas"
"Nucleo/CanaliAria","Pascal\02_Sottosistemi_Completi\origine\sd\sorgenti\bm-sd\CANALI\Selcodice.cfg","C:\DOCUMENTI\sd\sorgenti\bm-sd\CANALI\Selcodice.cfg"
"Nucleo/CanaliAria","Pascal\02_Sottosistemi_Completi\origine\sd\sorgenti\bm-sd\CANALI\Selcodice.dof","C:\DOCUMENTI\sd\sorgenti\bm-sd\CANALI\Selcodice.dof"
"Nucleo/CanaliAria","Pascal\02_Sottosistemi_Completi\origine\sd\sorgenti\bm-sd\CANALI\Selcodice.dpr","C:\DOCUMENTI\sd\sorgenti\bm-sd\CANALI\Selcodice.dpr"
"Nucleo/CanaliAria","Pascal\02_Sottosistemi_Completi\origine\sd\sorgenti\bm-sd\CANALI\Selcodice.dsk","C:\DOCUMENTI\sd\sorgenti\bm-sd\CANALI\Selcodice.dsk"
"Nucleo/CanaliAria","Pascal\02_Sottosistemi_Completi\origine\sd\sorgenti\bm-sd\CANALI\Selcodice.res","C:\DOCUMENTI\sd\sorgenti\bm-sd\CANALI\Selcodice.res"
"Nucleo/CanaliAria","Pascal\02_Sottosistemi_Completi\origine\sd\sorgenti\bm-sd\CANALI\SERRAMI.PAS","C:\DOCUMENTI\sd\sorgenti\bm-sd\CANALI\SERRAMI.PAS"
"Nucleo/CanaliAria","Pascal\02_Sottosistemi_Completi\origine\sd\sorgenti\bm-sd\CANALI\SERTERM.PAS","C:\DOCUMENTI\sd\sorgenti\bm-sd\CANALI\SERTERM.PAS"
"Nucleo/CanaliAria","Pascal\02_Sottosistemi_Completi\origine\sd\sorgenti\bm-sd\CANALI\SETS.PAS","C:\DOCUMENTI\sd\sorgenti\bm-sd\CANALI\SETS.PAS"
"Nucleo/CanaliAria","Pascal\02_Sottosistemi_Completi\origine\sd\sorgenti\bm-sd\CANALI\SPESLIN.DAT","C:\DOCUMENTI\sd\sorgenti\bm-sd\CANALI\SPESLIN.DAT"
"Nucleo/CanaliAria","Pascal\02_Sottosistemi_Completi\origine\sd\sorgenti\bm-sd\CANALI\Tabelle_ASH.pas","C:\DOCUMENTI\sd\sorgenti\bm-sd\CANALI\Tabelle_ASH.pas"
"Nucleo/CanaliAria","Pascal\02_Sottosistemi_Completi\origine\sd\sorgenti\bm-sd\CANALI\TEST.PAS","C:\DOCUMENTI\sd\sorgenti\bm-sd\CANALI\TEST.PAS"
"Nucleo/CanaliAria","Pascal\02_Sottosistemi_Completi\origine\sd\sorgenti\bm-sd\CANALI\TEXTC.PAS","C:\DOCUMENTI\sd\sorgenti\bm-sd\CANALI\TEXTC.PAS"
"Nucleo/CanaliAria","Pascal\02_Sottosistemi_Completi\origine\sd\sorgenti\bm-sd\CANALI\TIPOCOST.PAS","C:\DOCUMENTI\sd\sorgenti\bm-sd\CANALI\TIPOCOST.PAS"
"Nucleo/CanaliAria","Pascal\02_Sottosistemi_Completi\origine\sd\sorgenti\bm-sd\CANALI\TIPOCOST.RIF","C:\DOCUMENTI\sd\sorgenti\bm-sd\CANALI\TIPOCOST.RIF"
"Nucleo/CanaliAria","Pascal\02_Sottosistemi_Completi\origine\sd\sorgenti\bm-sd\CANALI\TRANS.PAS","C:\DOCUMENTI\sd\sorgenti\bm-sd\CANALI\TRANS.PAS"
"Nucleo/CanaliAria","Pascal\02_Sottosistemi_Completi\origine\sd\sorgenti\bm-sd\CANALI\TRASLATE.PAS","C:\DOCUMENTI\sd\sorgenti\bm-sd\CANALI\TRASLATE.PAS"
"Nucleo/CanaliAria","Pascal\02_Sottosistemi_Completi\origine\sd\sorgenti\bm-sd\CANALI\TURBO.PCK","C:\DOCUMENTI\sd\sorgenti\bm-sd\CANALI\TURBO.PCK"
"Nucleo/CanaliAria","Pascal\02_Sottosistemi_Completi\origine\sd\sorgenti\bm-sd\CANALI\Turbo3.pas","C:\DOCUMENTI\sd\sorgenti\bm-sd\CANALI\Turbo3.pas"
"Nucleo/CanaliAria","Pascal\02_Sottosistemi_Completi\origine\sd\sorgenti\bm-sd\CANALI\U_05LR.PAS","C:\DOCUMENTI\sd\sorgenti\bm-sd\CANALI\U_05LR.PAS"
"Nucleo/CanaliAria","Pascal\02_Sottosistemi_Completi\origine\sd\sorgenti\bm-sd\CANALI\U_079R.PAS","C:\DOCUMENTI\sd\sorgenti\bm-sd\CANALI\U_079R.PAS"
"Nucleo/CanaliAria","Pascal\02_Sottosistemi_Completi\origine\sd\sorgenti\bm-sd\CANALI\U_10RA.PAS","C:\DOCUMENTI\sd\sorgenti\bm-sd\CANALI\U_10RA.PAS"
"Nucleo/CanaliAria","Pascal\02_Sottosistemi_Completi\origine\sd\sorgenti\bm-sd\CANALI\U_13CB.PAS","C:\DOCUMENTI\sd\sorgenti\bm-sd\CANALI\U_13CB.PAS"
"Nucleo/CanaliAria","Pascal\02_Sottosistemi_Completi\origine\sd\sorgenti\bm-sd\CANALI\U_13RBT.PAS","C:\DOCUMENTI\sd\sorgenti\bm-sd\CANALI\U_13RBT.PAS"
"Nucleo/CanaliAria","Pascal\02_Sottosistemi_Completi\origine\sd\sorgenti\bm-sd\CANALI\U_15RBT.PAS","C:\DOCUMENTI\sd\sorgenti\bm-sd\CANALI\U_15RBT.PAS"
"Nucleo/CanaliAria","Pascal\02_Sottosistemi_Completi\origine\sd\sorgenti\bm-sd\CANALI\U_180R.PAS","C:\DOCUMENTI\sd\sorgenti\bm-sd\CANALI\U_180R.PAS"
"Nucleo/CanaliAria","Pascal\02_Sottosistemi_Completi\origine\sd\sorgenti\bm-sd\CANALI\U_271R.PAS","C:\DOCUMENTI\sd\sorgenti\bm-sd\CANALI\U_271R.PAS"
"Nucleo/CanaliAria","Pascal\02_Sottosistemi_Completi\origine\sd\sorgenti\bm-sd\CANALI\U_310F.pas","C:\DOCUMENTI\sd\sorgenti\bm-sd\CANALI\U_310F.pas"
"Nucleo/CanaliAria","Pascal\02_Sottosistemi_Completi\origine\sd\sorgenti\bm-sd\CANALI\U_31CC.PAS","C:\DOCUMENTI\sd\sorgenti\bm-sd\CANALI\U_31CC.PAS"
"Nucleo/CanaliAria","Pascal\02_Sottosistemi_Completi\origine\sd\sorgenti\bm-sd\CANALI\U_362R.PAS","C:\DOCUMENTI\sd\sorgenti\bm-sd\CANALI\U_362R.PAS"
"Nucleo/CanaliAria","Pascal\02_Sottosistemi_Completi\origine\sd\sorgenti\bm-sd\CANALI\U_3710.PAS","C:\DOCUMENTI\sd\sorgenti\bm-sd\CANALI\U_3710.PAS"
"Nucleo/CanaliAria","Pascal\02_Sottosistemi_Completi\origine\sd\sorgenti\bm-sd\CANALI\U_3722.PAS","C:\DOCUMENTI\sd\sorgenti\bm-sd\CANALI\U_3722.PAS"
"Nucleo/CanaliAria","Pascal\02_Sottosistemi_Completi\origine\sd\sorgenti\bm-sd\CANALI\U_3733.pas","C:\DOCUMENTI\sd\sorgenti\bm-sd\CANALI\U_3733.pas"
"Nucleo/CanaliAria","Pascal\02_Sottosistemi_Completi\origine\sd\sorgenti\bm-sd\CANALI\U_canfst.pas","C:\DOCUMENTI\sd\sorgenti\bm-sd\CANALI\U_canfst.pas"
"Nucleo/CanaliAria","Pascal\02_Sottosistemi_Completi\origine\sd\sorgenti\bm-sd\CANALI\U_CREA3D.PAS","C:\DOCUMENTI\sd\sorgenti\bm-sd\CANALI\U_CREA3D.PAS"
"Nucleo/CanaliAria","Pascal\02_Sottosistemi_Completi\origine\sd\sorgenti\bm-sd\CANALI\U_CREASC.PAS","C:\DOCUMENTI\sd\sorgenti\bm-sd\CANALI\U_CREASC.PAS"
"Nucleo/CanaliAria","Pascal\02_Sottosistemi_Completi\origine\sd\sorgenti\bm-sd\CANALI\U_cvcan.pas","C:\DOCUMENTI\sd\sorgenti\bm-sd\CANALI\U_cvcan.pas"
"Nucleo/CanaliAria","Pascal\02_Sottosistemi_Completi\origine\sd\sorgenti\bm-sd\CANALI\U_CVCAN.RIF","C:\DOCUMENTI\sd\sorgenti\bm-sd\CANALI\U_CVCAN.RIF"
"Nucleo/CanaliAria","Pascal\02_Sottosistemi_Completi\origine\sd\sorgenti\bm-sd\CANALI\u_cvcan1.pas","C:\DOCUMENTI\sd\sorgenti\bm-sd\CANALI\u_cvcan1.pas"
"Nucleo/CanaliAria","Pascal\02_Sottosistemi_Completi\origine\sd\sorgenti\bm-sd\CANALI\U_FUNC0.PAS","C:\DOCUMENTI\sd\sorgenti\bm-sd\CANALI\U_FUNC0.PAS"
"Nucleo/CanaliAria","Pascal\02_Sottosistemi_Completi\origine\sd\sorgenti\bm-sd\CANALI\u_funz.pas","C:\DOCUMENTI\sd\sorgenti\bm-sd\CANALI\u_funz.pas"
"Nucleo/CanaliAria","Pascal\02_Sottosistemi_Completi\origine\sd\sorgenti\bm-sd\CANALI\U_RIDUZ.PAS","C:\DOCUMENTI\sd\sorgenti\bm-sd\CANALI\U_RIDUZ.PAS"
"Nucleo/CanaliAria","Pascal\02_Sottosistemi_Completi\origine\sd\sorgenti\bm-sd\CANALI\U_riduz1.pas","C:\DOCUMENTI\sd\sorgenti\bm-sd\CANALI\U_riduz1.pas"
"Nucleo/CanaliAria","Pascal\02_Sottosistemi_Completi\origine\sd\sorgenti\bm-sd\CANALI\U_selc0.pas","C:\DOCUMENTI\sd\sorgenti\bm-sd\CANALI\U_selc0.pas"
"Nucleo/CanaliAria","Pascal\02_Sottosistemi_Completi\origine\sd\sorgenti\bm-sd\CANALI\U_SELC0.RIF","C:\DOCUMENTI\sd\sorgenti\bm-sd\CANALI\U_SELC0.RIF"
"Nucleo/CanaliAria","Pascal\02_Sottosistemi_Completi\origine\sd\sorgenti\bm-sd\CANALI\U_SERRAM.PAS","C:\DOCUMENTI\sd\sorgenti\bm-sd\CANALI\U_SERRAM.PAS"
"Nucleo/CanaliAria","Pascal\02_Sottosistemi_Completi\origine\sd\sorgenti\bm-sd\CANALI\U_SERTER.PAS","C:\DOCUMENTI\sd\sorgenti\bm-sd\CANALI\U_SERTER.PAS"
"Nucleo/CanaliAria","Pascal\02_Sottosistemi_Completi\origine\sd\sorgenti\bm-sd\CANALI\U_TABELL.PAS","C:\DOCUMENTI\sd\sorgenti\bm-sd\CANALI\U_TABELL.PAS"
"Nucleo/CanaliAria","Pascal\02_Sottosistemi_Completi\origine\sd\sorgenti\bm-sd\CANALI\U_VARPEZZI.pas","C:\DOCUMENTI\sd\sorgenti\bm-sd\CANALI\U_VARPEZZI.pas"
"Nucleo/CanaliAria","Pascal\02_Sottosistemi_Completi\origine\sd\sorgenti\bm-sd\CANALI\UCalcolareti.pas","C:\DOCUMENTI\sd\sorgenti\bm-sd\CANALI\UCalcolareti.pas"
"Nucleo/CanaliAria","Pascal\02_Sottosistemi_Completi\origine\sd\sorgenti\bm-sd\CANALI\UCalcoloCanDLL.pas","C:\DOCUMENTI\sd\sorgenti\bm-sd\CANALI\UCalcoloCanDLL.pas"
"Nucleo/CanaliAria","Pascal\02_Sottosistemi_Completi\origine\sd\sorgenti\bm-sd\CANALI\Ucompiladcu.dfm","C:\DOCUMENTI\sd\sorgenti\bm-sd\CANALI\Ucompiladcu.dfm"
"Nucleo/CanaliAria","Pascal\02_Sottosistemi_Completi\origine\sd\sorgenti\bm-sd\CANALI\Ucompiladcu.pas","C:\DOCUMENTI\sd\sorgenti\bm-sd\CANALI\Ucompiladcu.pas"
"Nucleo/CanaliAria","Pascal\02_Sottosistemi_Completi\origine\sd\sorgenti\bm-sd\CANALI\UFDaticalc.ddp","C:\DOCUMENTI\sd\sorgenti\bm-sd\CANALI\UFDaticalc.ddp"
"Nucleo/CanaliAria","Pascal\02_Sottosistemi_Completi\origine\sd\sorgenti\bm-sd\CANALI\UFDaticalc.dfm","C:\DOCUMENTI\sd\sorgenti\bm-sd\CANALI\UFDaticalc.dfm"
"Nucleo/CanaliAria","Pascal\02_Sottosistemi_Completi\origine\sd\sorgenti\bm-sd\CANALI\UFDaticalc.pas","C:\DOCUMENTI\sd\sorgenti\bm-sd\CANALI\UFDaticalc.pas"
"Nucleo/CanaliAria","Pascal\02_Sottosistemi_Completi\origine\sd\sorgenti\bm-sd\CANALI\UGestpezzi.pas","C:\DOCUMENTI\sd\sorgenti\bm-sd\CANALI\UGestpezzi.pas"
"Nucleo/CanaliAria","Pascal\02_Sottosistemi_Completi\origine\sd\sorgenti\bm-sd\CANALI\UNIT1.PAS","C:\DOCUMENTI\sd\sorgenti\bm-sd\CANALI\UNIT1.PAS"
"Nucleo/CanaliAria","Pascal\02_Sottosistemi_Completi\origine\sd\sorgenti\bm-sd\CANALI\unitcan.pas","C:\DOCUMENTI\sd\sorgenti\bm-sd\CANALI\unitcan.pas"
"Nucleo/CanaliAria","Pascal\02_Sottosistemi_Completi\origine\sd\sorgenti\bm-sd\CANALI\UNITCAN.RIF","C:\DOCUMENTI\sd\sorgenti\bm-sd\CANALI\UNITCAN.RIF"
"Nucleo/CanaliAria","Pascal\02_Sottosistemi_Completi\origine\sd\sorgenti\bm-sd\CANALI\UNITCAN.VEC","C:\DOCUMENTI\sd\sorgenti\bm-sd\CANALI\UNITCAN.VEC"
"Nucleo/CanaliAria","Pascal\02_Sottosistemi_Completi\origine\sd\sorgenti\bm-sd\CANALI\UProvacanali.ddp","C:\DOCUMENTI\sd\sorgenti\bm-sd\CANALI\UProvacanali.ddp"
"Nucleo/CanaliAria","Pascal\02_Sottosistemi_Completi\origine\sd\sorgenti\bm-sd\CANALI\UProvacanali.dfm","C:\DOCUMENTI\sd\sorgenti\bm-sd\CANALI\UProvacanali.dfm"
"Nucleo/CanaliAria","Pascal\02_Sottosistemi_Completi\origine\sd\sorgenti\bm-sd\CANALI\UProvacanali.pas","C:\DOCUMENTI\sd\sorgenti\bm-sd\CANALI\UProvacanali.pas"
"Nucleo/CanaliAria","Pascal\02_Sottosistemi_Completi\origine\sd\sorgenti\bm-sd\CANALI\Uselcodice.pas","C:\DOCUMENTI\sd\sorgenti\bm-sd\CANALI\Uselcodice.pas"
"Nucleo/CanaliAria","Pascal\02_Sottosistemi_Completi\origine\sd\sorgenti\bm-sd\CANALI\Utilitie.pas","C:\DOCUMENTI\sd\sorgenti\bm-sd\CANALI\Utilitie.pas"
"Nucleo/CanaliAria","Pascal\02_Sottosistemi_Completi\origine\sd\sorgenti\bm-sd\CANALI\UTILS\A2O.PAS","C:\DOCUMENTI\sd\sorgenti\bm-sd\CANALI\UTILS\A2O.PAS"
"Nucleo/CanaliAria","Pascal\02_Sottosistemi_Completi\origine\sd\sorgenti\bm-sd\CANALI\UTILS\ALL_DIR.PAS","C:\DOCUMENTI\sd\sorgenti\bm-sd\CANALI\UTILS\ALL_DIR.PAS"
"Nucleo/CanaliAria","Pascal\02_Sottosistemi_Completi\origine\sd\sorgenti\bm-sd\CANALI\UTILS\CODPZZ.TXT","C:\DOCUMENTI\sd\sorgenti\bm-sd\CANALI\UTILS\CODPZZ.TXT"
"Nucleo/CanaliAria","Pascal\02_Sottosistemi_Completi\origine\sd\sorgenti\bm-sd\CANALI\UTILS\CONFIG.INT","C:\DOCUMENTI\sd\sorgenti\bm-sd\CANALI\UTILS\CONFIG.INT"
"Nucleo/CanaliAria","Pascal\02_Sottosistemi_Completi\origine\sd\sorgenti\bm-sd\CANALI\UTILS\CONVMASK.PAS","C:\DOCUMENTI\sd\sorgenti\bm-sd\CANALI\UTILS\CONVMASK.PAS"
"Nucleo/CanaliAria","Pascal\02_Sottosistemi_Completi\origine\sd\sorgenti\bm-sd\CANALI\UTILS\CONVRC.DPR","C:\DOCUMENTI\sd\sorgenti\bm-sd\CANALI\UTILS\CONVRC.DPR"
"Nucleo/CanaliAria","Pascal\02_Sottosistemi_Completi\origine\sd\sorgenti\bm-sd\CANALI\UTILS\CONVRC.DSK","C:\DOCUMENTI\sd\sorgenti\bm-sd\CANALI\UTILS\CONVRC.DSK"
"Nucleo/CanaliAria","Pascal\02_Sottosistemi_Completi\origine\sd\sorgenti\bm-sd\CANALI\UTILS\CONVRC.OPT","C:\DOCUMENTI\sd\sorgenti\bm-sd\CANALI\UTILS\CONVRC.OPT"
"Nucleo/CanaliAria","Pascal\02_Sottosistemi_Completi\origine\sd\sorgenti\bm-sd\CANALI\UTILS\CONVRC.RES","C:\DOCUMENTI\sd\sorgenti\bm-sd\CANALI\UTILS\CONVRC.RES"
"Nucleo/CanaliAria","Pascal\02_Sottosistemi_Completi\origine\sd\sorgenti\bm-sd\CANALI\UTILS\COSTANT.PAS","C:\DOCUMENTI\sd\sorgenti\bm-sd\CANALI\UTILS\COSTANT.PAS"
"Nucleo/CanaliAria","Pascal\02_Sottosistemi_Completi\origine\sd\sorgenti\bm-sd\CANALI\UTILS\DEBUG.SCE","C:\DOCUMENTI\sd\sorgenti\bm-sd\CANALI\UTILS\DEBUG.SCE"
"Nucleo/CanaliAria","Pascal\02_Sottosistemi_Completi\origine\sd\sorgenti\bm-sd\CANALI\UTILS\DEBUG.TXT","C:\DOCUMENTI\sd\sorgenti\bm-sd\CANALI\UTILS\DEBUG.TXT"
"Nucleo/CanaliAria","Pascal\02_Sottosistemi_Completi\origine\sd\sorgenti\bm-sd\CANALI\UTILS\DEFUTI.PAS","C:\DOCUMENTI\sd\sorgenti\bm-sd\CANALI\UTILS\DEFUTI.PAS"
"Nucleo/CanaliAria","Pascal\02_Sottosistemi_Completi\origine\sd\sorgenti\bm-sd\CANALI\UTILS\DEFUTI.RIF","C:\DOCUMENTI\sd\sorgenti\bm-sd\CANALI\UTILS\DEFUTI.RIF"
"Nucleo/CanaliAria","Pascal\02_Sottosistemi_Completi\origine\sd\sorgenti\bm-sd\CANALI\UTILS\DEFUTI.TPW","C:\DOCUMENTI\sd\sorgenti\bm-sd\CANALI\UTILS\DEFUTI.TPW"
"Nucleo/CanaliAria","Pascal\02_Sottosistemi_Completi\origine\sd\sorgenti\bm-sd\CANALI\UTILS\DEFUTIG.PAS","C:\DOCUMENTI\sd\sorgenti\bm-sd\CANALI\UTILS\DEFUTIG.PAS"
"Nucleo/CanaliAria","Pascal\02_Sottosistemi_Completi\origine\sd\sorgenti\bm-sd\CANALI\UTILS\DEFUTIWI.PAS","C:\DOCUMENTI\sd\sorgenti\bm-sd\CANALI\UTILS\DEFUTIWI.PAS"
"Nucleo/CanaliAria","Pascal\02_Sottosistemi_Completi\origine\sd\sorgenti\bm-sd\CANALI\UTILS\DEMO.PAS","C:\DOCUMENTI\sd\sorgenti\bm-sd\CANALI\UTILS\DEMO.PAS"
"Nucleo/CanaliAria","Pascal\02_Sottosistemi_Completi\origine\sd\sorgenti\bm-sd\CANALI\UTILS\DEMOCRT.PAS","C:\DOCUMENTI\sd\sorgenti\bm-sd\CANALI\UTILS\DEMOCRT.PAS"
"Nucleo/CanaliAria","Pascal\02_Sottosistemi_Completi\origine\sd\sorgenti\bm-sd\CANALI\UTILS\DIRECT.DOC","C:\DOCUMENTI\sd\sorgenti\bm-sd\CANALI\UTILS\DIRECT.DOC"
"Nucleo/CanaliAria","Pascal\02_Sottosistemi_Completi\origine\sd\sorgenti\bm-sd\CANALI\UTILS\DRIVE1.INT","C:\DOCUMENTI\sd\sorgenti\bm-sd\CANALI\UTILS\DRIVE1.INT"
"Nucleo/CanaliAria","Pascal\02_Sottosistemi_Completi\origine\sd\sorgenti\bm-sd\CANALI\UTILS\ENTER.RIF","C:\DOCUMENTI\sd\sorgenti\bm-sd\CANALI\UTILS\ENTER.RIF"
"Nucleo/CanaliAria","Pascal\02_Sottosistemi_Completi\origine\sd\sorgenti\bm-sd\CANALI\UTILS\ERROR.PAS","C:\DOCUMENTI\sd\sorgenti\bm-sd\CANALI\UTILS\ERROR.PAS"
"Nucleo/CanaliAria","Pascal\02_Sottosistemi_Completi\origine\sd\sorgenti\bm-sd\CANALI\UTILS\ERROR_G.PAS","C:\DOCUMENTI\sd\sorgenti\bm-sd\CANALI\UTILS\ERROR_G.PAS"
"Nucleo/CanaliAria","Pascal\02_Sottosistemi_Completi\origine\sd\sorgenti\bm-sd\CANALI\UTILS\ERRORE.PAS","C:\DOCUMENTI\sd\sorgenti\bm-sd\CANALI\UTILS\ERRORE.PAS"
"Nucleo/CanaliAria","Pascal\02_Sottosistemi_Completi\origine\sd\sorgenti\bm-sd\CANALI\UTILS\ESISTE.PAS","C:\DOCUMENTI\sd\sorgenti\bm-sd\CANALI\UTILS\ESISTE.PAS"
"Nucleo/CanaliAria","Pascal\02_Sottosistemi_Completi\origine\sd\sorgenti\bm-sd\CANALI\UTILS\ESISTE.TPW","C:\DOCUMENTI\sd\sorgenti\bm-sd\CANALI\UTILS\ESISTE.TPW"
"Nucleo/CanaliAria","Pascal\02_Sottosistemi_Completi\origine\sd\sorgenti\bm-sd\CANALI\UTILS\EXECSTAM.DPR","C:\DOCUMENTI\sd\sorgenti\bm-sd\CANALI\UTILS\EXECSTAM.DPR"
"Nucleo/CanaliAria","Pascal\02_Sottosistemi_Completi\origine\sd\sorgenti\bm-sd\CANALI\UTILS\EXECSTAM.DSK","C:\DOCUMENTI\sd\sorgenti\bm-sd\CANALI\UTILS\EXECSTAM.DSK"
"Nucleo/CanaliAria","Pascal\02_Sottosistemi_Completi\origine\sd\sorgenti\bm-sd\CANALI\UTILS\EXECSTAM.OPT","C:\DOCUMENTI\sd\sorgenti\bm-sd\CANALI\UTILS\EXECSTAM.OPT"
"Nucleo/CanaliAria","Pascal\02_Sottosistemi_Completi\origine\sd\sorgenti\bm-sd\CANALI\UTILS\EXECSTAM.RES","C:\DOCUMENTI\sd\sorgenti\bm-sd\CANALI\UTILS\EXECSTAM.RES"
"Nucleo/CanaliAria","Pascal\02_Sottosistemi_Completi\origine\sd\sorgenti\bm-sd\CANALI\UTILS\FINS.DFM","C:\DOCUMENTI\sd\sorgenti\bm-sd\CANALI\UTILS\FINS.DFM"
"Nucleo/CanaliAria","Pascal\02_Sottosistemi_Completi\origine\sd\sorgenti\bm-sd\CANALI\UTILS\FINS.PAS","C:\DOCUMENTI\sd\sorgenti\bm-sd\CANALI\UTILS\FINS.PAS"
"Nucleo/CanaliAria","Pascal\02_Sottosistemi_Completi\origine\sd\sorgenti\bm-sd\CANALI\UTILS\FUNZUTI.PAS","C:\DOCUMENTI\sd\sorgenti\bm-sd\CANALI\UTILS\FUNZUTI.PAS"
"Nucleo/CanaliAria","Pascal\02_Sottosistemi_Completi\origine\sd\sorgenti\bm-sd\CANALI\UTILS\GENKEY.PAS","C:\DOCUMENTI\sd\sorgenti\bm-sd\CANALI\UTILS\GENKEY.PAS"
"Nucleo/CanaliAria","Pascal\02_Sottosistemi_Completi\origine\sd\sorgenti\bm-sd\CANALI\UTILS\GESTDXF.PAS","C:\DOCUMENTI\sd\sorgenti\bm-sd\CANALI\UTILS\GESTDXF.PAS"
"Nucleo/CanaliAria","Pascal\02_Sottosistemi_Completi\origine\sd\sorgenti\bm-sd\CANALI\UTILS\GESTDXF.RIF","C:\DOCUMENTI\sd\sorgenti\bm-sd\CANALI\UTILS\GESTDXF.RIF"
"Nucleo/CanaliAria","Pascal\02_Sottosistemi_Completi\origine\sd\sorgenti\bm-sd\CANALI\UTILS\IGRIGRO.PAS","C:\DOCUMENTI\sd\sorgenti\bm-sd\CANALI\UTILS\IGRIGRO.PAS"
"Nucleo/CanaliAria","Pascal\02_Sottosistemi_Completi\origine\sd\sorgenti\bm-sd\CANALI\UTILS\INITUTI.PAS","C:\DOCUMENTI\sd\sorgenti\bm-sd\CANALI\UTILS\INITUTI.PAS"
"Nucleo/CanaliAria","Pascal\02_Sottosistemi_Completi\origine\sd\sorgenti\bm-sd\CANALI\UTILS\INITUTI.TPW","C:\DOCUMENTI\sd\sorgenti\bm-sd\CANALI\UTILS\INITUTI.TPW"
"Nucleo/CanaliAria","Pascal\02_Sottosistemi_Completi\origine\sd\sorgenti\bm-sd\CANALI\UTILS\INITUTIG.PAS","C:\DOCUMENTI\sd\sorgenti\bm-sd\CANALI\UTILS\INITUTIG.PAS"
"Nucleo/CanaliAria","Pascal\02_Sottosistemi_Completi\origine\sd\sorgenti\bm-sd\CANALI\UTILS\KEY.700","C:\DOCUMENTI\sd\sorgenti\bm-sd\CANALI\UTILS\KEY.700"
"Nucleo/CanaliAria","Pascal\02_Sottosistemi_Completi\origine\sd\sorgenti\bm-sd\CANALI\UTILS\KEY.PAS","C:\DOCUMENTI\sd\sorgenti\bm-sd\CANALI\UTILS\KEY.PAS"
"Nucleo/CanaliAria","Pascal\02_Sottosistemi_Completi\origine\sd\sorgenti\bm-sd\CANALI\UTILS\KEY.TEM","C:\DOCUMENTI\sd\sorgenti\bm-sd\CANALI\UTILS\KEY.TEM"
"Nucleo/CanaliAria","Pascal\02_Sottosistemi_Completi\origine\sd\sorgenti\bm-sd\CANALI\UTILS\KEY.TPW","C:\DOCUMENTI\sd\sorgenti\bm-sd\CANALI\UTILS\KEY.TPW"
"Nucleo/CanaliAria","Pascal\02_Sottosistemi_Completi\origine\sd\sorgenti\bm-sd\CANALI\UTILS\KEYDB.PAS","C:\DOCUMENTI\sd\sorgenti\bm-sd\CANALI\UTILS\KEYDB.PAS"
"Nucleo/CanaliAria","Pascal\02_Sottosistemi_Completi\origine\sd\sorgenti\bm-sd\CANALI\UTILS\KEYENG.PAS","C:\DOCUMENTI\sd\sorgenti\bm-sd\CANALI\UTILS\KEYENG.PAS"
"Nucleo/CanaliAria","Pascal\02_Sottosistemi_Completi\origine\sd\sorgenti\bm-sd\CANALI\UTILS\LINE.PAS","C:\DOCUMENTI\sd\sorgenti\bm-sd\CANALI\UTILS\LINE.PAS"
"Nucleo/CanaliAria","Pascal\02_Sottosistemi_Completi\origine\sd\sorgenti\bm-sd\CANALI\UTILS\LINGUA.PAS","C:\DOCUMENTI\sd\sorgenti\bm-sd\CANALI\UTILS\LINGUA.PAS"
"Nucleo/CanaliAria","Pascal\02_Sottosistemi_Completi\origine\sd\sorgenti\bm-sd\CANALI\UTILS\MAIN.DFM","C:\DOCUMENTI\sd\sorgenti\bm-sd\CANALI\UTILS\MAIN.DFM"
"Nucleo/CanaliAria","Pascal\02_Sottosistemi_Completi\origine\sd\sorgenti\bm-sd\CANALI\UTILS\MAIN.PAS","C:\DOCUMENTI\sd\sorgenti\bm-sd\CANALI\UTILS\MAIN.PAS"
"Nucleo/CanaliAria","Pascal\02_Sottosistemi_Completi\origine\sd\sorgenti\bm-sd\CANALI\UTILS\MAIN.TXT","C:\DOCUMENTI\sd\sorgenti\bm-sd\CANALI\UTILS\MAIN.TXT"
"Nucleo/CanaliAria","Pascal\02_Sottosistemi_Completi\origine\sd\sorgenti\bm-sd\CANALI\UTILS\MAIN_W.PAS","C:\DOCUMENTI\sd\sorgenti\bm-sd\CANALI\UTILS\MAIN_W.PAS"
"Nucleo/CanaliAria","Pascal\02_Sottosistemi_Completi\origine\sd\sorgenti\bm-sd\CANALI\UTILS\MAIN_W.RIF","C:\DOCUMENTI\sd\sorgenti\bm-sd\CANALI\UTILS\MAIN_W.RIF"
"Nucleo/CanaliAria","Pascal\02_Sottosistemi_Completi\origine\sd\sorgenti\bm-sd\CANALI\UTILS\MAINST.DFM","C:\DOCUMENTI\sd\sorgenti\bm-sd\CANALI\UTILS\MAINST.DFM"
"Nucleo/CanaliAria","Pascal\02_Sottosistemi_Completi\origine\sd\sorgenti\bm-sd\CANALI\UTILS\MAINST.PAS","C:\DOCUMENTI\sd\sorgenti\bm-sd\CANALI\UTILS\MAINST.PAS"
"Nucleo/CanaliAria","Pascal\02_Sottosistemi_Completi\origine\sd\sorgenti\bm-sd\CANALI\UTILS\MC4EDIT.PAS","C:\DOCUMENTI\sd\sorgenti\bm-sd\CANALI\UTILS\MC4EDIT.PAS"
"Nucleo/CanaliAria","Pascal\02_Sottosistemi_Completi\origine\sd\sorgenti\bm-sd\CANALI\UTILS\MENU.PAS","C:\DOCUMENTI\sd\sorgenti\bm-sd\CANALI\UTILS\MENU.PAS"
"Nucleo/CanaliAria","Pascal\02_Sottosistemi_Completi\origine\sd\sorgenti\bm-sd\CANALI\UTILS\MESSWIN.DFM","C:\DOCUMENTI\sd\sorgenti\bm-sd\CANALI\UTILS\MESSWIN.DFM"
"Nucleo/CanaliAria","Pascal\02_Sottosistemi_Completi\origine\sd\sorgenti\bm-sd\CANALI\UTILS\MESSWIN.PAS","C:\DOCUMENTI\sd\sorgenti\bm-sd\CANALI\UTILS\MESSWIN.PAS"
"Nucleo/CanaliAria","Pascal\02_Sottosistemi_Completi\origine\sd\sorgenti\bm-sd\CANALI\UTILS\MISURE.PAS","C:\DOCUMENTI\sd\sorgenti\bm-sd\CANALI\UTILS\MISURE.PAS"
"Nucleo/CanaliAria","Pascal\02_Sottosistemi_Completi\origine\sd\sorgenti\bm-sd\CANALI\UTILS\MISURE.RIF","C:\DOCUMENTI\sd\sorgenti\bm-sd\CANALI\UTILS\MISURE.RIF"
"Nucleo/CanaliAria","Pascal\02_Sottosistemi_Completi\origine\sd\sorgenti\bm-sd\CANALI\UTILS\MISURE.TPW","C:\DOCUMENTI\sd\sorgenti\bm-sd\CANALI\UTILS\MISURE.TPW"
"Nucleo/CanaliAria","Pascal\02_Sottosistemi_Completi\origine\sd\sorgenti\bm-sd\CANALI\UTILS\MOUSE.PAS","C:\DOCUMENTI\sd\sorgenti\bm-sd\CANALI\UTILS\MOUSE.PAS"
"Nucleo/CanaliAria","Pascal\02_Sottosistemi_Completi\origine\sd\sorgenti\bm-sd\CANALI\UTILS\MPHAR.PAS","C:\DOCUMENTI\sd\sorgenti\bm-sd\CANALI\UTILS\MPHAR.PAS"
"Nucleo/CanaliAria","Pascal\02_Sottosistemi_Completi\origine\sd\sorgenti\bm-sd\CANALI\UTILS\MPHAR.TPW","C:\DOCUMENTI\sd\sorgenti\bm-sd\CANALI\UTILS\MPHAR.TPW"
"Nucleo/CanaliAria","Pascal\02_Sottosistemi_Completi\origine\sd\sorgenti\bm-sd\CANALI\UTILS\MPHKEY.PAS","C:\DOCUMENTI\sd\sorgenti\bm-sd\CANALI\UTILS\MPHKEY.PAS"
"Nucleo/CanaliAria","Pascal\02_Sottosistemi_Completi\origine\sd\sorgenti\bm-sd\CANALI\UTILS\O2A.BP","C:\DOCUMENTI\sd\sorgenti\bm-sd\CANALI\UTILS\O2A.BP"
"Nucleo/CanaliAria","Pascal\02_Sottosistemi_Completi\origine\sd\sorgenti\bm-sd\CANALI\UTILS\O2A.PAS","C:\DOCUMENTI\sd\sorgenti\bm-sd\CANALI\UTILS\O2A.PAS"
"Nucleo/CanaliAria","Pascal\02_Sottosistemi_Completi\origine\sd\sorgenti\bm-sd\CANALI\UTILS\OLDST.DFM","C:\DOCUMENTI\sd\sorgenti\bm-sd\CANALI\UTILS\OLDST.DFM"
"Nucleo/CanaliAria","Pascal\02_Sottosistemi_Completi\origine\sd\sorgenti\bm-sd\CANALI\UTILS\OLDST.PAS","C:\DOCUMENTI\sd\sorgenti\bm-sd\CANALI\UTILS\OLDST.PAS"
"Nucleo/CanaliAria","Pascal\02_Sottosistemi_Completi\origine\sd\sorgenti\bm-sd\CANALI\UTILS\P.P","C:\DOCUMENTI\sd\sorgenti\bm-sd\CANALI\UTILS\P.P"
"Nucleo/CanaliAria","Pascal\02_Sottosistemi_Completi\origine\sd\sorgenti\bm-sd\CANALI\UTILS\PIPPO.MSG","C:\DOCUMENTI\sd\sorgenti\bm-sd\CANALI\UTILS\PIPPO.MSG"
"Nucleo/CanaliAria","Pascal\02_Sottosistemi_Completi\origine\sd\sorgenti\bm-sd\CANALI\UTILS\POPUP.PAS","C:\DOCUMENTI\sd\sorgenti\bm-sd\CANALI\UTILS\POPUP.PAS"
"Nucleo/CanaliAria","Pascal\02_Sottosistemi_Completi\origine\sd\sorgenti\bm-sd\CANALI\UTILS\POSTAB.DAT","C:\DOCUMENTI\sd\sorgenti\bm-sd\CANALI\UTILS\POSTAB.DAT"
"Nucleo/CanaliAria","Pascal\02_Sottosistemi_Completi\origine\sd\sorgenti\bm-sd\CANALI\UTILS\PPDLL.DPR","C:\DOCUMENTI\sd\sorgenti\bm-sd\CANALI\UTILS\PPDLL.DPR"
"Nucleo/CanaliAria","Pascal\02_Sottosistemi_Completi\origine\sd\sorgenti\bm-sd\CANALI\UTILS\PPDLL.DSK","C:\DOCUMENTI\sd\sorgenti\bm-sd\CANALI\UTILS\PPDLL.DSK"
"Nucleo/CanaliAria","Pascal\02_Sottosistemi_Completi\origine\sd\sorgenti\bm-sd\CANALI\UTILS\PPDLL.OPT","C:\DOCUMENTI\sd\sorgenti\bm-sd\CANALI\UTILS\PPDLL.OPT"
"Nucleo/CanaliAria","Pascal\02_Sottosistemi_Completi\origine\sd\sorgenti\bm-sd\CANALI\UTILS\PPDLL.RES","C:\DOCUMENTI\sd\sorgenti\bm-sd\CANALI\UTILS\PPDLL.RES"
"Nucleo/CanaliAria","Pascal\02_Sottosistemi_Completi\origine\sd\sorgenti\bm-sd\CANALI\UTILS\PRDLL.DFM","C:\DOCUMENTI\sd\sorgenti\bm-sd\CANALI\UTILS\PRDLL.DFM"
"Nucleo/CanaliAria","Pascal\02_Sottosistemi_Completi\origine\sd\sorgenti\bm-sd\CANALI\UTILS\PRDLL.PAS","C:\DOCUMENTI\sd\sorgenti\bm-sd\CANALI\UTILS\PRDLL.PAS"
"Nucleo/CanaliAria","Pascal\02_Sottosistemi_Completi\origine\sd\sorgenti\bm-sd\CANALI\UTILS\PRINT.PAS","C:\DOCUMENTI\sd\sorgenti\bm-sd\CANALI\UTILS\PRINT.PAS"
"Nucleo/CanaliAria","Pascal\02_Sottosistemi_Completi\origine\sd\sorgenti\bm-sd\CANALI\UTILS\PRINT.RIF","C:\DOCUMENTI\sd\sorgenti\bm-sd\CANALI\UTILS\PRINT.RIF"
"Nucleo/CanaliAria","Pascal\02_Sottosistemi_Completi\origine\sd\sorgenti\bm-sd\CANALI\UTILS\PRINT.VEC","C:\DOCUMENTI\sd\sorgenti\bm-sd\CANALI\UTILS\PRINT.VEC"
"Nucleo/CanaliAria","Pascal\02_Sottosistemi_Completi\origine\sd\sorgenti\bm-sd\CANALI\UTILS\PRNTEST.RES","C:\DOCUMENTI\sd\sorgenti\bm-sd\CANALI\UTILS\PRNTEST.RES"
"Nucleo/CanaliAria","Pascal\02_Sottosistemi_Completi\origine\sd\sorgenti\bm-sd\CANALI\UTILS\PRNTESTO.PAS","C:\DOCUMENTI\sd\sorgenti\bm-sd\CANALI\UTILS\PRNTESTO.PAS"
"Nucleo/CanaliAria","Pascal\02_Sottosistemi_Completi\origine\sd\sorgenti\bm-sd\CANALI\UTILS\PRNTESTO.RIF","C:\DOCUMENTI\sd\sorgenti\bm-sd\CANALI\UTILS\PRNTESTO.RIF"
"Nucleo/CanaliAria","Pascal\02_Sottosistemi_Completi\origine\sd\sorgenti\bm-sd\CANALI\UTILS\PRNWIN.PAS","C:\DOCUMENTI\sd\sorgenti\bm-sd\CANALI\UTILS\PRNWIN.PAS"
"Nucleo/CanaliAria","Pascal\02_Sottosistemi_Completi\origine\sd\sorgenti\bm-sd\CANALI\UTILS\PRNWIN.RES","C:\DOCUMENTI\sd\sorgenti\bm-sd\CANALI\UTILS\PRNWIN.RES"
"Nucleo/CanaliAria","Pascal\02_Sottosistemi_Completi\origine\sd\sorgenti\bm-sd\CANALI\UTILS\PROGETTI.DB","C:\DOCUMENTI\sd\sorgenti\bm-sd\CANALI\UTILS\PROGETTI.DB"
"Nucleo/CanaliAria","Pascal\02_Sottosistemi_Completi\origine\sd\sorgenti\bm-sd\CANALI\UTILS\PROTOTIP.DFM","C:\DOCUMENTI\sd\sorgenti\bm-sd\CANALI\UTILS\PROTOTIP.DFM"
"Nucleo/CanaliAria","Pascal\02_Sottosistemi_Completi\origine\sd\sorgenti\bm-sd\CANALI\UTILS\PROTOTIP.PAS","C:\DOCUMENTI\sd\sorgenti\bm-sd\CANALI\UTILS\PROTOTIP.PAS"
"Nucleo/CanaliAria","Pascal\02_Sottosistemi_Completi\origine\sd\sorgenti\bm-sd\CANALI\UTILS\PROVA.MSG","C:\DOCUMENTI\sd\sorgenti\bm-sd\CANALI\UTILS\PROVA.MSG"
"Nucleo/CanaliAria","Pascal\02_Sottosistemi_Completi\origine\sd\sorgenti\bm-sd\CANALI\UTILS\PROVA.PAS","C:\DOCUMENTI\sd\sorgenti\bm-sd\CANALI\UTILS\PROVA.PAS"
"Nucleo/CanaliAria","Pascal\02_Sottosistemi_Completi\origine\sd\sorgenti\bm-sd\CANALI\UTILS\PROVACD.PAS","C:\DOCUMENTI\sd\sorgenti\bm-sd\CANALI\UTILS\PROVACD.PAS"
"Nucleo/CanaliAria","Pascal\02_Sottosistemi_Completi\origine\sd\sorgenti\bm-sd\CANALI\UTILS\PSICRO.PAS","C:\DOCUMENTI\sd\sorgenti\bm-sd\CANALI\UTILS\PSICRO.PAS"
"Nucleo/CanaliAria","Pascal\02_Sottosistemi_Completi\origine\sd\sorgenti\bm-sd\CANALI\UTILS\SCRIBE.PAS","C:\DOCUMENTI\sd\sorgenti\bm-sd\CANALI\UTILS\SCRIBE.PAS"
"Nucleo/CanaliAria","Pascal\02_Sottosistemi_Completi\origine\sd\sorgenti\bm-sd\CANALI\UTILS\SCRIBE.TPW","C:\DOCUMENTI\sd\sorgenti\bm-sd\CANALI\UTILS\SCRIBE.TPW"
"Nucleo/CanaliAria","Pascal\02_Sottosistemi_Completi\origine\sd\sorgenti\bm-sd\CANALI\UTILS\SEL_LINE.PAS","C:\DOCUMENTI\sd\sorgenti\bm-sd\CANALI\UTILS\SEL_LINE.PAS"
"Nucleo/CanaliAria","Pascal\02_Sottosistemi_Completi\origine\sd\sorgenti\bm-sd\CANALI\UTILS\SELCAMPO.PAS","C:\DOCUMENTI\sd\sorgenti\bm-sd\CANALI\UTILS\SELCAMPO.PAS"
"Nucleo/CanaliAria","Pascal\02_Sottosistemi_Completi\origine\sd\sorgenti\bm-sd\CANALI\UTILS\SETTA.PAS","C:\DOCUMENTI\sd\sorgenti\bm-sd\CANALI\UTILS\SETTA.PAS"
"Nucleo/CanaliAria","Pascal\02_Sottosistemi_Completi\origine\sd\sorgenti\bm-sd\CANALI\UTILS\SKBPWF.PAS","C:\DOCUMENTI\sd\sorgenti\bm-sd\CANALI\UTILS\SKBPWF.PAS"
"Nucleo/CanaliAria","Pascal\02_Sottosistemi_Completi\origine\sd\sorgenti\bm-sd\CANALI\UTILS\SKEVAL.PAS","C:\DOCUMENTI\sd\sorgenti\bm-sd\CANALI\UTILS\SKEVAL.PAS"
"Nucleo/CanaliAria","Pascal\02_Sottosistemi_Completi\origine\sd\sorgenti\bm-sd\CANALI\UTILS\SKTPWF.PAS","C:\DOCUMENTI\sd\sorgenti\bm-sd\CANALI\UTILS\SKTPWF.PAS"
"Nucleo/CanaliAria","Pascal\02_Sottosistemi_Completi\origine\sd\sorgenti\bm-sd\CANALI\UTILS\SKTPWF.TPW","C:\DOCUMENTI\sd\sorgenti\bm-sd\CANALI\UTILS\SKTPWF.TPW"
"Nucleo/CanaliAria","Pascal\02_Sottosistemi_Completi\origine\sd\sorgenti\bm-sd\CANALI\UTILS\SKWINDLL.PAS","C:\DOCUMENTI\sd\sorgenti\bm-sd\CANALI\UTILS\SKWINDLL.PAS"
"Nucleo/CanaliAria","Pascal\02_Sottosistemi_Completi\origine\sd\sorgenti\bm-sd\CANALI\UTILS\SPESLIN.DAT","C:\DOCUMENTI\sd\sorgenti\bm-sd\CANALI\UTILS\SPESLIN.DAT"
"Nucleo/CanaliAria","Pascal\02_Sottosistemi_Completi\origine\sd\sorgenti\bm-sd\CANALI\UTILS\STAMPA.PAS","C:\DOCUMENTI\sd\sorgenti\bm-sd\CANALI\UTILS\STAMPA.PAS"
"Nucleo/CanaliAria","Pascal\02_Sottosistemi_Completi\origine\sd\sorgenti\bm-sd\CANALI\UTILS\STAMPE.LST","C:\DOCUMENTI\sd\sorgenti\bm-sd\CANALI\UTILS\STAMPE.LST"
"Nucleo/CanaliAria","Pascal\02_Sottosistemi_Completi\origine\sd\sorgenti\bm-sd\CANALI\UTILS\SWMSIZE.PAS","C:\DOCUMENTI\sd\sorgenti\bm-sd\CANALI\UTILS\SWMSIZE.PAS"
"Nucleo/CanaliAria","Pascal\02_Sottosistemi_Completi\origine\sd\sorgenti\bm-sd\CANALI\UTILS\SYSINFO.PAS","C:\DOCUMENTI\sd\sorgenti\bm-sd\CANALI\UTILS\SYSINFO.PAS"
"Nucleo/CanaliAria","Pascal\02_Sottosistemi_Completi\origine\sd\sorgenti\bm-sd\CANALI\UTILS\T1.RC","C:\DOCUMENTI\sd\sorgenti\bm-sd\CANALI\UTILS\T1.RC"
"Nucleo/CanaliAria","Pascal\02_Sottosistemi_Completi\origine\sd\sorgenti\bm-sd\CANALI\UTILS\T2.RC","C:\DOCUMENTI\sd\sorgenti\bm-sd\CANALI\UTILS\T2.RC"
"Nucleo/CanaliAria","Pascal\02_Sottosistemi_Completi\origine\sd\sorgenti\bm-sd\CANALI\UTILS\TOOL.RES","C:\DOCUMENTI\sd\sorgenti\bm-sd\CANALI\UTILS\TOOL.RES"
"Nucleo/CanaliAria","Pascal\02_Sottosistemi_Completi\origine\sd\sorgenti\bm-sd\CANALI\UTILS\TOOLB3.RC","C:\DOCUMENTI\sd\sorgenti\bm-sd\CANALI\UTILS\TOOLB3.RC"
"Nucleo/CanaliAria","Pascal\02_Sottosistemi_Completi\origine\sd\sorgenti\bm-sd\CANALI\UTILS\TOOLBAR.16O","C:\DOCUMENTI\sd\sorgenti\bm-sd\CANALI\UTILS\TOOLBAR.16O"
"Nucleo/CanaliAria","Pascal\02_Sottosistemi_Completi\origine\sd\sorgenti\bm-sd\CANALI\UTILS\TOOLBAR.PAS","C:\DOCUMENTI\sd\sorgenti\bm-sd\CANALI\UTILS\TOOLBAR.PAS"
"Nucleo/CanaliAria","Pascal\02_Sottosistemi_Completi\origine\sd\sorgenti\bm-sd\CANALI\UTILS\TOOLBAR.RES","C:\DOCUMENTI\sd\sorgenti\bm-sd\CANALI\UTILS\TOOLBAR.RES"
"Nucleo/CanaliAria","Pascal\02_Sottosistemi_Completi\origine\sd\sorgenti\bm-sd\CANALI\UTILS\TOOLBAR.TPW","C:\DOCUMENTI\sd\sorgenti\bm-sd\CANALI\UTILS\TOOLBAR.TPW"
"Nucleo/CanaliAria","Pascal\02_Sottosistemi_Completi\origine\sd\sorgenti\bm-sd\CANALI\UTILS\TRMAIN.DFM","C:\DOCUMENTI\sd\sorgenti\bm-sd\CANALI\UTILS\TRMAIN.DFM"
"Nucleo/CanaliAria","Pascal\02_Sottosistemi_Completi\origine\sd\sorgenti\bm-sd\CANALI\UTILS\TRMAIN.PAS","C:\DOCUMENTI\sd\sorgenti\bm-sd\CANALI\UTILS\TRMAIN.PAS"
"Nucleo/CanaliAria","Pascal\02_Sottosistemi_Completi\origine\sd\sorgenti\bm-sd\CANALI\UTILS\TURBO.PCK","C:\DOCUMENTI\sd\sorgenti\bm-sd\CANALI\UTILS\TURBO.PCK"
"Nucleo/CanaliAria","Pascal\02_Sottosistemi_Completi\origine\sd\sorgenti\bm-sd\CANALI\UTILS\TURBO3.PAS","C:\DOCUMENTI\sd\sorgenti\bm-sd\CANALI\UTILS\TURBO3.PAS"
"Nucleo/CanaliAria","Pascal\02_Sottosistemi_Completi\origine\sd\sorgenti\bm-sd\CANALI\UTILS\TURBO3.TPP","C:\DOCUMENTI\sd\sorgenti\bm-sd\CANALI\UTILS\TURBO3.TPP"
"Nucleo/CanaliAria","Pascal\02_Sottosistemi_Completi\origine\sd\sorgenti\bm-sd\CANALI\UTILS\TURBO3.TPW","C:\DOCUMENTI\sd\sorgenti\bm-sd\CANALI\UTILS\TURBO3.TPW"
"Nucleo/CanaliAria","Pascal\02_Sottosistemi_Completi\origine\sd\sorgenti\bm-sd\CANALI\UTILS\UCEDIFIC.DFM","C:\DOCUMENTI\sd\sorgenti\bm-sd\CANALI\UTILS\UCEDIFIC.DFM"
"Nucleo/CanaliAria","Pascal\02_Sottosistemi_Completi\origine\sd\sorgenti\bm-sd\CANALI\UTILS\UCEDIFIC.PAS","C:\DOCUMENTI\sd\sorgenti\bm-sd\CANALI\UTILS\UCEDIFIC.PAS"
"Nucleo/CanaliAria","Pascal\02_Sottosistemi_Completi\origine\sd\sorgenti\bm-sd\CANALI\UTILS\UCEDIFIC.TXT","C:\DOCUMENTI\sd\sorgenti\bm-sd\CANALI\UTILS\UCEDIFIC.TXT"
"Nucleo/CanaliAria","Pascal\02_Sottosistemi_Completi\origine\sd\sorgenti\bm-sd\CANALI\UTILS\UFROM.DFM","C:\DOCUMENTI\sd\sorgenti\bm-sd\CANALI\UTILS\UFROM.DFM"
"Nucleo/CanaliAria","Pascal\02_Sottosistemi_Completi\origine\sd\sorgenti\bm-sd\CANALI\UTILS\UFROM.PAS","C:\DOCUMENTI\sd\sorgenti\bm-sd\CANALI\UTILS\UFROM.PAS"
"Nucleo/CanaliAria","Pascal\02_Sottosistemi_Completi\origine\sd\sorgenti\bm-sd\CANALI\UTILS\ULDATI10.DFM","C:\DOCUMENTI\sd\sorgenti\bm-sd\CANALI\UTILS\ULDATI10.DFM"
"Nucleo/CanaliAria","Pascal\02_Sottosistemi_Completi\origine\sd\sorgenti\bm-sd\CANALI\UTILS\ULDATI10.PAS","C:\DOCUMENTI\sd\sorgenti\bm-sd\CANALI\UTILS\ULDATI10.PAS"
"Nucleo/CanaliAria","Pascal\02_Sottosistemi_Completi\origine\sd\sorgenti\bm-sd\CANALI\UTILS\ULDATI10.TXT","C:\DOCUMENTI\sd\sorgenti\bm-sd\CANALI\UTILS\ULDATI10.TXT"
"Nucleo/CanaliAria","Pascal\02_Sottosistemi_Completi\origine\sd\sorgenti\bm-sd\CANALI\UTILS\UMC4F.PAS","C:\DOCUMENTI\sd\sorgenti\bm-sd\CANALI\UTILS\UMC4F.PAS"
"Nucleo/CanaliAria","Pascal\02_Sottosistemi_Completi\origine\sd\sorgenti\bm-sd\CANALI\UTILS\UREC.PAS","C:\DOCUMENTI\sd\sorgenti\bm-sd\CANALI\UTILS\UREC.PAS"
"Nucleo/CanaliAria","Pascal\02_Sottosistemi_Completi\origine\sd\sorgenti\bm-sd\CANALI\UTILS\UT_DEB.PAS","C:\DOCUMENTI\sd\sorgenti\bm-sd\CANALI\UTILS\UT_DEB.PAS"
"Nucleo/CanaliAria","Pascal\02_Sottosistemi_Completi\origine\sd\sorgenti\bm-sd\CANALI\UTILS\UT_DEB.TPW","C:\DOCUMENTI\sd\sorgenti\bm-sd\CANALI\UTILS\UT_DEB.TPW"
"Nucleo/CanaliAria","Pascal\02_Sottosistemi_Completi\origine\sd\sorgenti\bm-sd\CANALI\UTILS\UTI.PAS","C:\DOCUMENTI\sd\sorgenti\bm-sd\CANALI\UTILS\UTI.PAS"
"Nucleo/CanaliAria","Pascal\02_Sottosistemi_Completi\origine\sd\sorgenti\bm-sd\CANALI\UTILS\UTI_DLF.PAS","C:\DOCUMENTI\sd\sorgenti\bm-sd\CANALI\UTILS\UTI_DLF.PAS"
"Nucleo/CanaliAria","Pascal\02_Sottosistemi_Completi\origine\sd\sorgenti\bm-sd\CANALI\UTILS\UTICOST.CEC","C:\DOCUMENTI\sd\sorgenti\bm-sd\CANALI\UTILS\UTICOST.CEC"
"Nucleo/CanaliAria","Pascal\02_Sottosistemi_Completi\origine\sd\sorgenti\bm-sd\CANALI\UTILS\UTICOST.ENG","C:\DOCUMENTI\sd\sorgenti\bm-sd\CANALI\UTILS\UTICOST.ENG"
"Nucleo/CanaliAria","Pascal\02_Sottosistemi_Completi\origine\sd\sorgenti\bm-sd\CANALI\UTILS\UTICOST.FRA","C:\DOCUMENTI\sd\sorgenti\bm-sd\CANALI\UTILS\UTICOST.FRA"
"Nucleo/CanaliAria","Pascal\02_Sottosistemi_Completi\origine\sd\sorgenti\bm-sd\CANALI\UTILS\UTICOST.ITA","C:\DOCUMENTI\sd\sorgenti\bm-sd\CANALI\UTILS\UTICOST.ITA"
"Nucleo/CanaliAria","Pascal\02_Sottosistemi_Completi\origine\sd\sorgenti\bm-sd\CANALI\UTILS\UTICOST.PAS","C:\DOCUMENTI\sd\sorgenti\bm-sd\CANALI\UTILS\UTICOST.PAS"
"Nucleo/CanaliAria","Pascal\02_Sottosistemi_Completi\origine\sd\sorgenti\bm-sd\CANALI\UTILS\UTICOST.SLO","C:\DOCUMENTI\sd\sorgenti\bm-sd\CANALI\UTILS\UTICOST.SLO"
"Nucleo/CanaliAria","Pascal\02_Sottosistemi_Completi\origine\sd\sorgenti\bm-sd\CANALI\UTILS\UTICOST.SPA","C:\DOCUMENTI\sd\sorgenti\bm-sd\CANALI\UTILS\UTICOST.SPA"
"Nucleo/CanaliAria","Pascal\02_Sottosistemi_Completi\origine\sd\sorgenti\bm-sd\CANALI\UTILS\UTICOST.TED","C:\DOCUMENTI\sd\sorgenti\bm-sd\CANALI\UTILS\UTICOST.TED"
"Nucleo/CanaliAria","Pascal\02_Sottosistemi_Completi\origine\sd\sorgenti\bm-sd\CANALI\UTILS\UTI-FR.RES","C:\DOCUMENTI\sd\sorgenti\bm-sd\CANALI\UTILS\UTI-FR.RES"
"Nucleo/CanaliAria","Pascal\02_Sottosistemi_Completi\origine\sd\sorgenti\bm-sd\CANALI\UTILS\UTIGEN.PAS","C:\DOCUMENTI\sd\sorgenti\bm-sd\CANALI\UTILS\UTIGEN.PAS"
"Nucleo/CanaliAria","Pascal\02_Sottosistemi_Completi\origine\sd\sorgenti\bm-sd\CANALI\UTILS\UTILCEC.RES","C:\DOCUMENTI\sd\sorgenti\bm-sd\CANALI\UTILS\UTILCEC.RES"
"Nucleo/CanaliAria","Pascal\02_Sottosistemi_Completi\origine\sd\sorgenti\bm-sd\CANALI\UTILS\UTIL-ENG.RES","C:\DOCUMENTI\sd\sorgenti\bm-sd\CANALI\UTILS\UTIL-ENG.RES"
"Nucleo/CanaliAria","Pascal\02_Sottosistemi_Completi\origine\sd\sorgenti\bm-sd\CANALI\UTILS\UTILESP.RES","C:\DOCUMENTI\sd\sorgenti\bm-sd\CANALI\UTILS\UTILESP.RES"
"Nucleo/CanaliAria","Pascal\02_Sottosistemi_Completi\origine\sd\sorgenti\bm-sd\CANALI\UTILS\UTILITIE.PAS","C:\DOCUMENTI\sd\sorgenti\bm-sd\CANALI\UTILS\UTILITIE.PAS"
"Nucleo/CanaliAria","Pascal\02_Sottosistemi_Completi\origine\sd\sorgenti\bm-sd\CANALI\UTILS\UTILITIE.RIF","C:\DOCUMENTI\sd\sorgenti\bm-sd\CANALI\UTILS\UTILITIE.RIF"
"Nucleo/CanaliAria","Pascal\02_Sottosistemi_Completi\origine\sd\sorgenti\bm-sd\CANALI\UTILS\UTILITIE.TPW","C:\DOCUMENTI\sd\sorgenti\bm-sd\CANALI\UTILS\UTILITIE.TPW"
"Nucleo/CanaliAria","Pascal\02_Sottosistemi_Completi\origine\sd\sorgenti\bm-sd\CANALI\UTILS\UTILITIE.VEC","C:\DOCUMENTI\sd\sorgenti\bm-sd\CANALI\UTILS\UTILITIE.VEC"
"Nucleo/CanaliAria","Pascal\02_Sottosistemi_Completi\origine\sd\sorgenti\bm-sd\CANALI\UTILS\UTILS.RC3","C:\DOCUMENTI\sd\sorgenti\bm-sd\CANALI\UTILS\UTILS.RC3"
"Nucleo/CanaliAria","Pascal\02_Sottosistemi_Completi\origine\sd\sorgenti\bm-sd\CANALI\UTILS\UTILS.RES","C:\DOCUMENTI\sd\sorgenti\bm-sd\CANALI\UTILS\UTILS.RES"
"Nucleo/CanaliAria","Pascal\02_Sottosistemi_Completi\origine\sd\sorgenti\bm-sd\CANALI\UTILS\UTILS.RIF","C:\DOCUMENTI\sd\sorgenti\bm-sd\CANALI\UTILS\UTILS.RIF"
"Nucleo/CanaliAria","Pascal\02_Sottosistemi_Completi\origine\sd\sorgenti\bm-sd\CANALI\UTILS\UTILSLO.RES","C:\DOCUMENTI\sd\sorgenti\bm-sd\CANALI\UTILS\UTILSLO.RES"
"Nucleo/CanaliAria","Pascal\02_Sottosistemi_Completi\origine\sd\sorgenti\bm-sd\CANALI\UTILS\UTI-TED.RES","C:\DOCUMENTI\sd\sorgenti\bm-sd\CANALI\UTILS\UTI-TED.RES"
"Nucleo/CanaliAria","Pascal\02_Sottosistemi_Completi\origine\sd\sorgenti\bm-sd\CANALI\UTILS\UTIWIN.RES","C:\DOCUMENTI\sd\sorgenti\bm-sd\CANALI\UTILS\UTIWIN.RES"
"Nucleo/CanaliAria","Pascal\02_Sottosistemi_Completi\origine\sd\sorgenti\bm-sd\CANALI\UTILS\UTIWINDL.PAS","C:\DOCUMENTI\sd\sorgenti\bm-sd\CANALI\UTILS\UTIWINDL.PAS"
"Nucleo/CanaliAria","Pascal\02_Sottosistemi_Completi\origine\sd\sorgenti\bm-sd\CANALI\UTILS\UVIDEO.DFM","C:\DOCUMENTI\sd\sorgenti\bm-sd\CANALI\UTILS\UVIDEO.DFM"
"Nucleo/CanaliAria","Pascal\02_Sottosistemi_Completi\origine\sd\sorgenti\bm-sd\CANALI\UTILS\UVIDEO.PAS","C:\DOCUMENTI\sd\sorgenti\bm-sd\CANALI\UTILS\UVIDEO.PAS"
"Nucleo/CanaliAria","Pascal\02_Sottosistemi_Completi\origine\sd\sorgenti\bm-sd\CANALI\UTILS\UVIDEO.TXT","C:\DOCUMENTI\sd\sorgenti\bm-sd\CANALI\UTILS\UVIDEO.TXT"
"Nucleo/CanaliAria","Pascal\02_Sottosistemi_Completi\origine\sd\sorgenti\bm-sd\CANALI\UTILS\UVKEY.PAS","C:\DOCUMENTI\sd\sorgenti\bm-sd\CANALI\UTILS\UVKEY.PAS"
"Nucleo/CanaliAria","Pascal\02_Sottosistemi_Completi\origine\sd\sorgenti\bm-sd\CANALI\UTILS\VARPLAY.PAS","C:\DOCUMENTI\sd\sorgenti\bm-sd\CANALI\UTILS\VARPLAY.PAS"
"Nucleo/CanaliAria","Pascal\02_Sottosistemi_Completi\origine\sd\sorgenti\bm-sd\CANALI\UTILS\VIDEO.PAS","C:\DOCUMENTI\sd\sorgenti\bm-sd\CANALI\UTILS\VIDEO.PAS"
"Nucleo/CanaliAria","Pascal\02_Sottosistemi_Completi\origine\sd\sorgenti\bm-sd\CANALI\UTILS\VIDEOH.PAS","C:\DOCUMENTI\sd\sorgenti\bm-sd\CANALI\UTILS\VIDEOH.PAS"
"Nucleo/CanaliAria","Pascal\02_Sottosistemi_Completi\origine\sd\sorgenti\bm-sd\CANALI\UTILS\VIDEOH1.PAS","C:\DOCUMENTI\sd\sorgenti\bm-sd\CANALI\UTILS\VIDEOH1.PAS"
"Nucleo/CanaliAria","Pascal\02_Sottosistemi_Completi\origine\sd\sorgenti\bm-sd\CANALI\UTILS\W_MES.DPR","C:\DOCUMENTI\sd\sorgenti\bm-sd\CANALI\UTILS\W_MES.DPR"
"Nucleo/CanaliAria","Pascal\02_Sottosistemi_Completi\origine\sd\sorgenti\bm-sd\CANALI\UTILS\W_MES.DSK","C:\DOCUMENTI\sd\sorgenti\bm-sd\CANALI\UTILS\W_MES.DSK"
"Nucleo/CanaliAria","Pascal\02_Sottosistemi_Completi\origine\sd\sorgenti\bm-sd\CANALI\UTILS\W_MES.OPT","C:\DOCUMENTI\sd\sorgenti\bm-sd\CANALI\UTILS\W_MES.OPT"
"Nucleo/CanaliAria","Pascal\02_Sottosistemi_Completi\origine\sd\sorgenti\bm-sd\CANALI\UTILS\W_MES.RES","C:\DOCUMENTI\sd\sorgenti\bm-sd\CANALI\UTILS\W_MES.RES"
"Nucleo/CanaliAria","Pascal\02_Sottosistemi_Completi\origine\sd\sorgenti\bm-sd\CANALI\UTILS\WM.RIF","C:\DOCUMENTI\sd\sorgenti\bm-sd\CANALI\UTILS\WM.RIF"
"Nucleo/CanaliAria","Pascal\02_Sottosistemi_Completi\origine\sd\sorgenti\bm-sd\CANALI\UTILS\WM.TPP","C:\DOCUMENTI\sd\sorgenti\bm-sd\CANALI\UTILS\WM.TPP"
"Nucleo/CanaliAria","Pascal\02_Sottosistemi_Completi\origine\sd\sorgenti\bm-sd\CANALI\UTILS\WM.TPW","C:\DOCUMENTI\sd\sorgenti\bm-sd\CANALI\UTILS\WM.TPW"
"Nucleo/CanaliAria","Pascal\02_Sottosistemi_Completi\origine\sd\sorgenti\bm-sd\CANALI\UTILS\WM1.PAS","C:\DOCUMENTI\sd\sorgenti\bm-sd\CANALI\UTILS\WM1.PAS"
"Nucleo/CanaliAria","Pascal\02_Sottosistemi_Completi\origine\sd\sorgenti\bm-sd\CANALI\UTIWIN.PAS","C:\DOCUMENTI\sd\sorgenti\bm-sd\CANALI\UTIWIN.PAS"
"Nucleo/CanaliAria","Pascal\02_Sottosistemi_Completi\origine\sd\sorgenti\bm-sd\CANALI\VARPLAY.PAS","C:\DOCUMENTI\sd\sorgenti\bm-sd\CANALI\VARPLAY.PAS"
"Nucleo/CanaliAria","Pascal\02_Sottosistemi_Completi\origine\sd\sorgenti\bm-sd\CANALI\VISUAL.PAS","C:\DOCUMENTI\sd\sorgenti\bm-sd\CANALI\VISUAL.PAS"
"Nucleo/CanaliAria","Pascal\02_Sottosistemi_Completi\origine\sd\sorgenti\bm-sd\CANALI\W_CALC.DPR","C:\DOCUMENTI\sd\sorgenti\bm-sd\CANALI\W_CALC.DPR"
"Nucleo/CanaliAria","Pascal\02_Sottosistemi_Completi\origine\sd\sorgenti\bm-sd\CANALI\W_CALC.dsk","C:\DOCUMENTI\sd\sorgenti\bm-sd\CANALI\W_CALC.dsk"
"Nucleo/CanaliAria","Pascal\02_Sottosistemi_Completi\origine\sd\sorgenti\bm-sd\CANALI\W_CALC.OPT","C:\DOCUMENTI\sd\sorgenti\bm-sd\CANALI\W_CALC.OPT"
"Nucleo/CanaliAria","Pascal\02_Sottosistemi_Completi\origine\sd\sorgenti\bm-sd\CANALI\W_CALC.PAS","C:\DOCUMENTI\sd\sorgenti\bm-sd\CANALI\W_CALC.PAS"
"Nucleo/CanaliAria","Pascal\02_Sottosistemi_Completi\origine\sd\sorgenti\bm-sd\CANALI\W_CALC.RES","C:\DOCUMENTI\sd\sorgenti\bm-sd\CANALI\W_CALC.RES"
"Nucleo/CanaliAria","Pascal\02_Sottosistemi_Completi\origine\sd\sorgenti\bm-sd\CANALI\W_CALC.RIF","C:\DOCUMENTI\sd\sorgenti\bm-sd\CANALI\W_CALC.RIF"
"Nucleo/CanaliAria","Pascal\02_Sottosistemi_Completi\origine\sd\sorgenti\bm-sd\CANALI\W_GEST.PAS","C:\DOCUMENTI\sd\sorgenti\bm-sd\CANALI\W_GEST.PAS"
"Nucleo/CanaliAria","Pascal\02_Sottosistemi_Completi\origine\sd\sorgenti\bm-sd\CANALI\W_GEST.RIF","C:\DOCUMENTI\sd\sorgenti\bm-sd\CANALI\W_GEST.RIF"
"Nucleo/CanaliAria","Pascal\02_Sottosistemi_Completi\origine\sd\sorgenti\bm-sd\CANALI\W_M.PAS","C:\DOCUMENTI\sd\sorgenti\bm-sd\CANALI\W_M.PAS"
"Nucleo/CanaliAria","Pascal\02_Sottosistemi_Completi\origine\sd\sorgenti\bm-sd\CANALI\W_NCALC.DPR","C:\DOCUMENTI\sd\sorgenti\bm-sd\CANALI\W_NCALC.DPR"
"Nucleo/CanaliAria","Pascal\02_Sottosistemi_Completi\origine\sd\sorgenti\bm-sd\CANALI\W_NCALC.dsk","C:\DOCUMENTI\sd\sorgenti\bm-sd\CANALI\W_NCALC.dsk"
"Nucleo/CanaliAria","Pascal\02_Sottosistemi_Completi\origine\sd\sorgenti\bm-sd\CANALI\wintipes.pas","C:\DOCUMENTI\sd\sorgenti\bm-sd\CANALI\wintipes.pas"
"Nucleo/CanaliAria","Pascal\02_Sottosistemi_Completi\origine\sd\sorgenti\bm-sd\CANALI\wintypes.pas","C:\DOCUMENTI\sd\sorgenti\bm-sd\CANALI\wintypes.pas"
"Nucleo/CanaliAria","Pascal\02_Sottosistemi_Completi\origine\sd\sorgenti\bm-sd\CANALI\WM.pas","C:\DOCUMENTI\sd\sorgenti\bm-sd\CANALI\WM.pas"
"Nucleo/CanaliAria","Pascal\02_Sottosistemi_Completi\origine\sd\sorgenti\bm-sd\CANALI\WORK.PAS","C:\DOCUMENTI\sd\sorgenti\bm-sd\CANALI\WORK.PAS"
"Dipendenza/CanaliAria","Pascal\02_Sottosistemi_Completi\origine\sd\sorgenti\bm-sd\componenti\kbmmem\bdenew\DbTables.pas","C:\DOCUMENTI\sd\sorgenti\bm-sd\componenti\kbmmem\bdenew\DbTables.pas"
"Dipendenza/Tubazioni","Pascal\02_Sottosistemi_Completi\origine\sd\sorgenti\bm-sd\consumi\Miglioramenti.pas","C:\DOCUMENTI\sd\sorgenti\bm-sd\consumi\Miglioramenti.pas"
"Dipendenza/CanaliAria","Pascal\02_Sottosistemi_Completi\origine\sd\sorgenti\bm-sd\estivo\copiaLibreriaGenerale.pas","C:\DOCUMENTI\sd\sorgenti\bm-sd\estivo\copiaLibreriaGenerale.pas"
"Dipendenza/CanaliAria","Pascal\02_Sottosistemi_Completi\origine\sd\sorgenti\bm-sd\estivo\CopiaVariabiligenerali.pas","C:\DOCUMENTI\sd\sorgenti\bm-sd\estivo\CopiaVariabiligenerali.pas"
"Nucleo/CarichiTermici","Pascal\02_Sottosistemi_Completi\origine\sd\sorgenti\bm-sd\estivo_13\APLTOT.DAT","C:\DOCUMENTI\sd\sorgenti\bm-sd\estivo_13\APLTOT.DAT"
"Nucleo/CarichiTermici","Pascal\02_Sottosistemi_Completi\origine\sd\sorgenti\bm-sd\estivo_13\APSTOT.DAT","C:\DOCUMENTI\sd\sorgenti\bm-sd\estivo_13\APSTOT.DAT"
"Nucleo/CarichiTermici","Pascal\02_Sottosistemi_Completi\origine\sd\sorgenti\bm-sd\estivo_13\CalcFun.pas","C:\DOCUMENTI\sd\sorgenti\bm-sd\estivo_13\CalcFun.pas"
"Nucleo/CarichiTermici","Pascal\02_Sottosistemi_Completi\origine\sd\sorgenti\bm-sd\estivo_13\Compiladcuestivo.cfg","C:\DOCUMENTI\sd\sorgenti\bm-sd\estivo_13\Compiladcuestivo.cfg"
"Nucleo/CarichiTermici","Pascal\02_Sottosistemi_Completi\origine\sd\sorgenti\bm-sd\estivo_13\Compiladcuestivo.dof","C:\DOCUMENTI\sd\sorgenti\bm-sd\estivo_13\Compiladcuestivo.dof"
"Nucleo/CarichiTermici","Pascal\02_Sottosistemi_Completi\origine\sd\sorgenti\bm-sd\estivo_13\Compiladcuestivo.dpr","C:\DOCUMENTI\sd\sorgenti\bm-sd\estivo_13\Compiladcuestivo.dpr"
"Nucleo/CarichiTermici","Pascal\02_Sottosistemi_Completi\origine\sd\sorgenti\bm-sd\estivo_13\Compiladcuestivo.res","C:\DOCUMENTI\sd\sorgenti\bm-sd\estivo_13\Compiladcuestivo.res"
"Nucleo/CarichiTermici","Pascal\02_Sottosistemi_Completi\origine\sd\sorgenti\bm-sd\estivo_13\Compiladcuestivo_14.cfg","C:\DOCUMENTI\sd\sorgenti\bm-sd\estivo_13\Compiladcuestivo_14.cfg"
"Nucleo/CarichiTermici","Pascal\02_Sottosistemi_Completi\origine\sd\sorgenti\bm-sd\estivo_13\Compiladcuestivo_14.dof","C:\DOCUMENTI\sd\sorgenti\bm-sd\estivo_13\Compiladcuestivo_14.dof"
"Nucleo/CarichiTermici","Pascal\02_Sottosistemi_Completi\origine\sd\sorgenti\bm-sd\estivo_13\Compiladcuestivo_14.dpr","C:\DOCUMENTI\sd\sorgenti\bm-sd\estivo_13\Compiladcuestivo_14.dpr"
"Nucleo/CarichiTermici","Pascal\02_Sottosistemi_Completi\origine\sd\sorgenti\bm-sd\estivo_13\Compiladcuestivo_14.res","C:\DOCUMENTI\sd\sorgenti\bm-sd\estivo_13\Compiladcuestivo_14.res"
"Nucleo/CarichiTermici","Pascal\02_Sottosistemi_Completi\origine\sd\sorgenti\bm-sd\estivo_13\CopiaVariabiligenerali.pas","C:\DOCUMENTI\sd\sorgenti\bm-sd\estivo_13\CopiaVariabiligenerali.pas"
"Nucleo/CarichiTermici","Pascal\02_Sottosistemi_Completi\origine\sd\sorgenti\bm-sd\estivo_13\COSTCART.ITA","C:\DOCUMENTI\sd\sorgenti\bm-sd\estivo_13\COSTCART.ITA"
"Nucleo/CarichiTermici","Pascal\02_Sottosistemi_Completi\origine\sd\sorgenti\bm-sd\estivo_13\DEFINIZ.PAS","C:\DOCUMENTI\sd\sorgenti\bm-sd\estivo_13\DEFINIZ.PAS"
"Nucleo/CarichiTermici","Pascal\02_Sottosistemi_Completi\origine\sd\sorgenti\bm-sd\estivo_13\EREST.DAT","C:\DOCUMENTI\sd\sorgenti\bm-sd\estivo_13\EREST.DAT"
"Nucleo/CarichiTermici","Pascal\02_Sottosistemi_Completi\origine\sd\sorgenti\bm-sd\estivo_13\ERInv.DAT","C:\DOCUMENTI\sd\sorgenti\bm-sd\estivo_13\ERInv.DAT"
"Nucleo/CarichiTermici","Pascal\02_Sottosistemi_Completi\origine\sd\sorgenti\bm-sd\estivo_13\EstivoDLL.cfg","C:\DOCUMENTI\sd\sorgenti\bm-sd\estivo_13\EstivoDLL.cfg"
"Nucleo/CarichiTermici","Pascal\02_Sottosistemi_Completi\origine\sd\sorgenti\bm-sd\estivo_13\EstivoDLL.dof","C:\DOCUMENTI\sd\sorgenti\bm-sd\estivo_13\EstivoDLL.dof"
"Nucleo/CarichiTermici","Pascal\02_Sottosistemi_Completi\origine\sd\sorgenti\bm-sd\estivo_13\EstivoDLL.dpr","C:\DOCUMENTI\sd\sorgenti\bm-sd\estivo_13\EstivoDLL.dpr"
"Nucleo/CarichiTermici","Pascal\02_Sottosistemi_Completi\origine\sd\sorgenti\bm-sd\estivo_13\EstivoDLL.dsk","C:\DOCUMENTI\sd\sorgenti\bm-sd\estivo_13\EstivoDLL.dsk"
"Nucleo/CarichiTermici","Pascal\02_Sottosistemi_Completi\origine\sd\sorgenti\bm-sd\estivo_13\EstivoDLL.res","C:\DOCUMENTI\sd\sorgenti\bm-sd\estivo_13\EstivoDLL.res"
"Nucleo/CarichiTermici","Pascal\02_Sottosistemi_Completi\origine\sd\sorgenti\bm-sd\estivo_13\F1.pas","C:\DOCUMENTI\sd\sorgenti\bm-sd\estivo_13\F1.pas"
"Nucleo/CarichiTermici","Pascal\02_Sottosistemi_Completi\origine\sd\sorgenti\bm-sd\estivo_13\F2.pas","C:\DOCUMENTI\sd\sorgenti\bm-sd\estivo_13\F2.pas"
"Nucleo/CarichiTermici","Pascal\02_Sottosistemi_Completi\origine\sd\sorgenti\bm-sd\estivo_13\F3.pas","C:\DOCUMENTI\sd\sorgenti\bm-sd\estivo_13\F3.pas"
"Nucleo/CarichiTermici","Pascal\02_Sottosistemi_Completi\origine\sd\sorgenti\bm-sd\estivo_13\FASE3CT.PAS","C:\DOCUMENTI\sd\sorgenti\bm-sd\estivo_13\FASE3CT.PAS"
"Nucleo/CarichiTermici","Pascal\02_Sottosistemi_Completi\origine\sd\sorgenti\bm-sd\estivo_13\FASE3DEF.PAS","C:\DOCUMENTI\sd\sorgenti\bm-sd\estivo_13\FASE3DEF.PAS"
"Nucleo/CarichiTermici","Pascal\02_Sottosistemi_Completi\origine\sd\sorgenti\bm-sd\estivo_13\fase3din.pas","C:\DOCUMENTI\sd\sorgenti\bm-sd\estivo_13\fase3din.pas"
"Nucleo/CarichiTermici","Pascal\02_Sottosistemi_Completi\origine\sd\sorgenti\bm-sd\estivo_13\FASE3FUN.PAS","C:\DOCUMENTI\sd\sorgenti\bm-sd\estivo_13\FASE3FUN.PAS"
"Nucleo/CarichiTermici","Pascal\02_Sottosistemi_Completi\origine\sd\sorgenti\bm-sd\estivo_13\FASE3INV.PAS","C:\DOCUMENTI\sd\sorgenti\bm-sd\estivo_13\FASE3INV.PAS"
"Nucleo/CarichiTermici","Pascal\02_Sottosistemi_Completi\origine\sd\sorgenti\bm-sd\estivo_13\FASE3MAI.PAS","C:\DOCUMENTI\sd\sorgenti\bm-sd\estivo_13\FASE3MAI.PAS"
"Nucleo/CarichiTermici","Pascal\02_Sottosistemi_Completi\origine\sd\sorgenti\bm-sd\estivo_13\FASE3POT.PAS","C:\DOCUMENTI\sd\sorgenti\bm-sd\estivo_13\FASE3POT.PAS"
"Nucleo/CarichiTermici","Pascal\02_Sottosistemi_Completi\origine\sd\sorgenti\bm-sd\estivo_13\FASE3UM.PAS","C:\DOCUMENTI\sd\sorgenti\bm-sd\estivo_13\FASE3UM.PAS"
"Nucleo/CarichiTermici","Pascal\02_Sottosistemi_Completi\origine\sd\sorgenti\bm-sd\estivo_13\FASE3UTI.PAS","C:\DOCUMENTI\sd\sorgenti\bm-sd\estivo_13\FASE3UTI.PAS"
"Nucleo/CarichiTermici","Pascal\02_Sottosistemi_Completi\origine\sd\sorgenti\bm-sd\estivo_13\funztrasfmuri.pas","C:\DOCUMENTI\sd\sorgenti\bm-sd\estivo_13\funztrasfmuri.pas"
"Nucleo/CarichiTermici","Pascal\02_Sottosistemi_Completi\origine\sd\sorgenti\bm-sd\estivo_13\ILLTOT.DAT","C:\DOCUMENTI\sd\sorgenti\bm-sd\estivo_13\ILLTOT.DAT"
"Nucleo/CarichiTermici","Pascal\02_Sottosistemi_Completi\origine\sd\sorgenti\bm-sd\estivo_13\INLTOTes.DAT","C:\DOCUMENTI\sd\sorgenti\bm-sd\estivo_13\INLTOTes.DAT"
"Nucleo/CarichiTermici","Pascal\02_Sottosistemi_Completi\origine\sd\sorgenti\bm-sd\estivo_13\INSTOTes.DAT","C:\DOCUMENTI\sd\sorgenti\bm-sd\estivo_13\INSTOTes.DAT"
"Nucleo/CarichiTermici","Pascal\02_Sottosistemi_Completi\origine\sd\sorgenti\bm-sd\estivo_13\instotinv.mic","C:\DOCUMENTI\sd\sorgenti\bm-sd\estivo_13\instotinv.mic"
"Nucleo/CarichiTermici","Pascal\02_Sottosistemi_Completi\origine\sd\sorgenti\bm-sd\estivo_13\INT373.DAT","C:\DOCUMENTI\sd\sorgenti\bm-sd\estivo_13\INT373.DAT"
"Nucleo/CarichiTermici","Pascal\02_Sottosistemi_Completi\origine\sd\sorgenti\bm-sd\estivo_13\LATEFF.DAT","C:\DOCUMENTI\sd\sorgenti\bm-sd\estivo_13\LATEFF.DAT"
"Nucleo/CarichiTermici","Pascal\02_Sottosistemi_Completi\origine\sd\sorgenti\bm-sd\estivo_13\MainForm.ddp","C:\DOCUMENTI\sd\sorgenti\bm-sd\estivo_13\MainForm.ddp"
"Nucleo/CarichiTermici","Pascal\02_Sottosistemi_Completi\origine\sd\sorgenti\bm-sd\estivo_13\MainForm.dfm","C:\DOCUMENTI\sd\sorgenti\bm-sd\estivo_13\MainForm.dfm"
"Nucleo/CarichiTermici","Pascal\02_Sottosistemi_Completi\origine\sd\sorgenti\bm-sd\estivo_13\MainForm.pas","C:\DOCUMENTI\sd\sorgenti\bm-sd\estivo_13\MainForm.pas"
"Nucleo/CarichiTermici","Pascal\02_Sottosistemi_Completi\origine\sd\sorgenti\bm-sd\estivo_13\Messaggi.pas","C:\DOCUMENTI\sd\sorgenti\bm-sd\estivo_13\Messaggi.pas"
"Nucleo/CarichiTermici","Pascal\02_Sottosistemi_Completi\origine\sd\sorgenti\bm-sd\estivo_13\Modello Lungh Campi\RL10 Lung Campi.doc","C:\DOCUMENTI\sd\sorgenti\bm-sd\estivo_13\Modello Lungh Campi\RL10 Lung Campi.doc"
"Nucleo/CarichiTermici","Pascal\02_Sottosistemi_Completi\origine\sd\sorgenti\bm-sd\estivo_13\modello.doc","C:\DOCUMENTI\sd\sorgenti\bm-sd\estivo_13\modello.doc"
"Nucleo/CarichiTermici","Pascal\02_Sottosistemi_Completi\origine\sd\sorgenti\bm-sd\estivo_13\modello.rtf","C:\DOCUMENTI\sd\sorgenti\bm-sd\estivo_13\modello.rtf"
"Nucleo/CarichiTermici","Pascal\02_Sottosistemi_Completi\origine\sd\sorgenti\bm-sd\estivo_13\NuovoProvaEstivo.cfg","C:\DOCUMENTI\sd\sorgenti\bm-sd\estivo_13\NuovoProvaEstivo.cfg"
"Nucleo/CarichiTermici","Pascal\02_Sottosistemi_Completi\origine\sd\sorgenti\bm-sd\estivo_13\NuovoProvaEstivo.dof","C:\DOCUMENTI\sd\sorgenti\bm-sd\estivo_13\NuovoProvaEstivo.dof"
"Nucleo/CarichiTermici","Pascal\02_Sottosistemi_Completi\origine\sd\sorgenti\bm-sd\estivo_13\NuovoProvaEstivo.dpr","C:\DOCUMENTI\sd\sorgenti\bm-sd\estivo_13\NuovoProvaEstivo.dpr"
"Nucleo/CarichiTermici","Pascal\02_Sottosistemi_Completi\origine\sd\sorgenti\bm-sd\estivo_13\NuovoProvaEstivo.dsk","C:\DOCUMENTI\sd\sorgenti\bm-sd\estivo_13\NuovoProvaEstivo.dsk"
"Nucleo/CarichiTermici","Pascal\02_Sottosistemi_Completi\origine\sd\sorgenti\bm-sd\estivo_13\NuovoProvaEstivo.res","C:\DOCUMENTI\sd\sorgenti\bm-sd\estivo_13\NuovoProvaEstivo.res"
"Nucleo/CarichiTermici","Pascal\02_Sottosistemi_Completi\origine\sd\sorgenti\bm-sd\estivo_13\OCLTOT.DAT","C:\DOCUMENTI\sd\sorgenti\bm-sd\estivo_13\OCLTOT.DAT"
"Nucleo/CarichiTermici","Pascal\02_Sottosistemi_Completi\origine\sd\sorgenti\bm-sd\estivo_13\OCSTOT.DAT","C:\DOCUMENTI\sd\sorgenti\bm-sd\estivo_13\OCSTOT.DAT"
"Nucleo/CarichiTermici","Pascal\02_Sottosistemi_Completi\origine\sd\sorgenti\bm-sd\estivo_13\Provaestivo.cfg","C:\DOCUMENTI\sd\sorgenti\bm-sd\estivo_13\Provaestivo.cfg"
"Nucleo/CarichiTermici","Pascal\02_Sottosistemi_Completi\origine\sd\sorgenti\bm-sd\estivo_13\Provaestivo.dof","C:\DOCUMENTI\sd\sorgenti\bm-sd\estivo_13\Provaestivo.dof"
"Nucleo/CarichiTermici","Pascal\02_Sottosistemi_Completi\origine\sd\sorgenti\bm-sd\estivo_13\Provaestivo.dpr","C:\DOCUMENTI\sd\sorgenti\bm-sd\estivo_13\Provaestivo.dpr"
"Nucleo/CarichiTermici","Pascal\02_Sottosistemi_Completi\origine\sd\sorgenti\bm-sd\estivo_13\Provaestivo.dsk","C:\DOCUMENTI\sd\sorgenti\bm-sd\estivo_13\Provaestivo.dsk"
"Nucleo/CarichiTermici","Pascal\02_Sottosistemi_Completi\origine\sd\sorgenti\bm-sd\estivo_13\Provaestivo.res","C:\DOCUMENTI\sd\sorgenti\bm-sd\estivo_13\Provaestivo.res"
"Nucleo/CarichiTermici","Pascal\02_Sottosistemi_Completi\origine\sd\sorgenti\bm-sd\estivo_13\Provapsicro.cfg","C:\DOCUMENTI\sd\sorgenti\bm-sd\estivo_13\Provapsicro.cfg"
"Nucleo/CarichiTermici","Pascal\02_Sottosistemi_Completi\origine\sd\sorgenti\bm-sd\estivo_13\Provapsicro.dof","C:\DOCUMENTI\sd\sorgenti\bm-sd\estivo_13\Provapsicro.dof"
"Nucleo/CarichiTermici","Pascal\02_Sottosistemi_Completi\origine\sd\sorgenti\bm-sd\estivo_13\Provapsicro.dpr","C:\DOCUMENTI\sd\sorgenti\bm-sd\estivo_13\Provapsicro.dpr"
"Nucleo/CarichiTermici","Pascal\02_Sottosistemi_Completi\origine\sd\sorgenti\bm-sd\estivo_13\Provapsicro.res","C:\DOCUMENTI\sd\sorgenti\bm-sd\estivo_13\Provapsicro.res"
"Nucleo/CarichiTermici","Pascal\02_Sottosistemi_Completi\origine\sd\sorgenti\bm-sd\estivo_13\PsicroDia.cfg","C:\DOCUMENTI\sd\sorgenti\bm-sd\estivo_13\PsicroDia.cfg"
"Nucleo/CarichiTermici","Pascal\02_Sottosistemi_Completi\origine\sd\sorgenti\bm-sd\estivo_13\PsicroDia.dof","C:\DOCUMENTI\sd\sorgenti\bm-sd\estivo_13\PsicroDia.dof"
"Nucleo/CarichiTermici","Pascal\02_Sottosistemi_Completi\origine\sd\sorgenti\bm-sd\estivo_13\PsicroDia.dpr","C:\DOCUMENTI\sd\sorgenti\bm-sd\estivo_13\PsicroDia.dpr"
"Nucleo/CarichiTermici","Pascal\02_Sottosistemi_Completi\origine\sd\sorgenti\bm-sd\estivo_13\PsicroDia.res","C:\DOCUMENTI\sd\sorgenti\bm-sd\estivo_13\PsicroDia.res"
"Nucleo/CarichiTermici","Pascal\02_Sottosistemi_Completi\origine\sd\sorgenti\bm-sd\estivo_13\psicrometrico.pas","C:\DOCUMENTI\sd\sorgenti\bm-sd\estivo_13\psicrometrico.pas"
"Nucleo/CarichiTermici","Pascal\02_Sottosistemi_Completi\origine\sd\sorgenti\bm-sd\estivo_13\QACON.DAT","C:\DOCUMENTI\sd\sorgenti\bm-sd\estivo_13\QACON.DAT"
"Nucleo/CarichiTermici","Pascal\02_Sottosistemi_Completi\origine\sd\sorgenti\bm-sd\estivo_13\QAILL.DAT","C:\DOCUMENTI\sd\sorgenti\bm-sd\estivo_13\QAILL.DAT"
"Nucleo/CarichiTermici","Pascal\02_Sottosistemi_Completi\origine\sd\sorgenti\bm-sd\estivo_13\QAIRR.DAT","C:\DOCUMENTI\sd\sorgenti\bm-sd\estivo_13\QAIRR.DAT"
"Nucleo/CarichiTermici","Pascal\02_Sottosistemi_Completi\origine\sd\sorgenti\bm-sd\estivo_13\QAPS.DAT","C:\DOCUMENTI\sd\sorgenti\bm-sd\estivo_13\QAPS.DAT"
"Nucleo/CarichiTermici","Pascal\02_Sottosistemi_Completi\origine\sd\sorgenti\bm-sd\estivo_13\QCTOT.DAT","C:\DOCUMENTI\sd\sorgenti\bm-sd\estivo_13\QCTOT.DAT"
"Nucleo/CarichiTermici","Pascal\02_Sottosistemi_Completi\origine\sd\sorgenti\bm-sd\estivo_13\qctotinv.mic","C:\DOCUMENTI\sd\sorgenti\bm-sd\estivo_13\qctotinv.mic"
"Nucleo/CarichiTermici","Pascal\02_Sottosistemi_Completi\origine\sd\sorgenti\bm-sd\estivo_13\QIRCTOT.DAT","C:\DOCUMENTI\sd\sorgenti\bm-sd\estivo_13\QIRCTOT.DAT"
"Nucleo/CarichiTermici","Pascal\02_Sottosistemi_Completi\origine\sd\sorgenti\bm-sd\estivo_13\QIRRTOT.DAT","C:\DOCUMENTI\sd\sorgenti\bm-sd\estivo_13\QIRRTOT.DAT"
"Nucleo/CarichiTermici","Pascal\02_Sottosistemi_Completi\origine\sd\sorgenti\bm-sd\estivo_13\QOCS.DAT","C:\DOCUMENTI\sd\sorgenti\bm-sd\estivo_13\QOCS.DAT"
"Nucleo/CarichiTermici","Pascal\02_Sottosistemi_Completi\origine\sd\sorgenti\bm-sd\estivo_13\relazione.doc","C:\DOCUMENTI\sd\sorgenti\bm-sd\estivo_13\relazione.doc"
"Nucleo/CarichiTermici","Pascal\02_Sottosistemi_Completi\origine\sd\sorgenti\bm-sd\estivo_13\relazione.rtf","C:\DOCUMENTI\sd\sorgenti\bm-sd\estivo_13\relazione.rtf"
"Nucleo/CarichiTermici","Pascal\02_Sottosistemi_Completi\origine\sd\sorgenti\bm-sd\estivo_13\ren copiaLibreriaGenerale.pas","C:\DOCUMENTI\sd\sorgenti\bm-sd\estivo_13\ren copiaLibreriaGenerale.pas"
"Nucleo/CarichiTermici","Pascal\02_Sottosistemi_Completi\origine\sd\sorgenti\bm-sd\estivo_13\Risultati.pas","C:\DOCUMENTI\sd\sorgenti\bm-sd\estivo_13\Risultati.pas"
"Nucleo/CarichiTermici","Pascal\02_Sottosistemi_Completi\origine\sd\sorgenti\bm-sd\estivo_13\Solare.pas","C:\DOCUMENTI\sd\sorgenti\bm-sd\estivo_13\Solare.pas"
"Nucleo/CarichiTermici","Pascal\02_Sottosistemi_Completi\origine\sd\sorgenti\bm-sd\estivo_13\STRUTTUR.PAS","C:\DOCUMENTI\sd\sorgenti\bm-sd\estivo_13\STRUTTUR.PAS"
"Nucleo/CarichiTermici","Pascal\02_Sottosistemi_Completi\origine\sd\sorgenti\bm-sd\estivo_13\Sun_trace.cfg","C:\DOCUMENTI\sd\sorgenti\bm-sd\estivo_13\Sun_trace.cfg"
"Nucleo/CarichiTermici","Pascal\02_Sottosistemi_Completi\origine\sd\sorgenti\bm-sd\estivo_13\Sun_trace.dof","C:\DOCUMENTI\sd\sorgenti\bm-sd\estivo_13\Sun_trace.dof"
"Nucleo/CarichiTermici","Pascal\02_Sottosistemi_Completi\origine\sd\sorgenti\bm-sd\estivo_13\Sun_trace.dpr","C:\DOCUMENTI\sd\sorgenti\bm-sd\estivo_13\Sun_trace.dpr"
"Nucleo/CarichiTermici","Pascal\02_Sottosistemi_Completi\origine\sd\sorgenti\bm-sd\estivo_13\Sun_trace.res","C:\DOCUMENTI\sd\sorgenti\bm-sd\estivo_13\Sun_trace.res"
"Nucleo/CarichiTermici","Pascal\02_Sottosistemi_Completi\origine\sd\sorgenti\bm-sd\estivo_13\TAB31.Pas","C:\DOCUMENTI\sd\sorgenti\bm-sd\estivo_13\TAB31.Pas"
"Nucleo/CarichiTermici","Pascal\02_Sottosistemi_Completi\origine\sd\sorgenti\bm-sd\estivo_13\TAB32.Pas","C:\DOCUMENTI\sd\sorgenti\bm-sd\estivo_13\TAB32.Pas"
"Nucleo/CarichiTermici","Pascal\02_Sottosistemi_Completi\origine\sd\sorgenti\bm-sd\estivo_13\TAB33.Pas","C:\DOCUMENTI\sd\sorgenti\bm-sd\estivo_13\TAB33.Pas"
"Nucleo/CarichiTermici","Pascal\02_Sottosistemi_Completi\origine\sd\sorgenti\bm-sd\estivo_13\te.dat","C:\DOCUMENTI\sd\sorgenti\bm-sd\estivo_13\te.dat"
"Nucleo/CarichiTermici","Pascal\02_Sottosistemi_Completi\origine\sd\sorgenti\bm-sd\estivo_13\ti.dat","C:\DOCUMENTI\sd\sorgenti\bm-sd\estivo_13\ti.dat"
"Nucleo/CarichiTermici","Pascal\02_Sottosistemi_Completi\origine\sd\sorgenti\bm-sd\estivo_13\TIE.DAT","C:\DOCUMENTI\sd\sorgenti\bm-sd\estivo_13\TIE.DAT"
"Nucleo/CarichiTermici","Pascal\02_Sottosistemi_Completi\origine\sd\sorgenti\bm-sd\estivo_13\TIEInv.DAT","C:\DOCUMENTI\sd\sorgenti\bm-sd\estivo_13\TIEInv.DAT"
"Nucleo/CarichiTermici","Pascal\02_Sottosistemi_Completi\origine\sd\sorgenti\bm-sd\estivo_13\toted.pas","C:\DOCUMENTI\sd\sorgenti\bm-sd\estivo_13\toted.pas"
"Nucleo/CarichiTermici","Pascal\02_Sottosistemi_Completi\origine\sd\sorgenti\bm-sd\estivo_13\UCompiladcuestivo.dfm","C:\DOCUMENTI\sd\sorgenti\bm-sd\estivo_13\UCompiladcuestivo.dfm"
"Nucleo/CarichiTermici","Pascal\02_Sottosistemi_Completi\origine\sd\sorgenti\bm-sd\estivo_13\UCompiladcuestivo.pas","C:\DOCUMENTI\sd\sorgenti\bm-sd\estivo_13\UCompiladcuestivo.pas"
"Nucleo/CarichiTermici","Pascal\02_Sottosistemi_Completi\origine\sd\sorgenti\bm-sd\estivo_13\Ucopiarebuli.pas","C:\DOCUMENTI\sd\sorgenti\bm-sd\estivo_13\Ucopiarebuli.pas"
"Nucleo/CarichiTermici","Pascal\02_Sottosistemi_Completi\origine\sd\sorgenti\bm-sd\estivo_13\UIE.DAT","C:\DOCUMENTI\sd\sorgenti\bm-sd\estivo_13\UIE.DAT"
"Nucleo/CarichiTermici","Pascal\02_Sottosistemi_Completi\origine\sd\sorgenti\bm-sd\estivo_13\UProvaestivo.ddp","C:\DOCUMENTI\sd\sorgenti\bm-sd\estivo_13\UProvaestivo.ddp"
"Nucleo/CarichiTermici","Pascal\02_Sottosistemi_Completi\origine\sd\sorgenti\bm-sd\estivo_13\UProvaestivo.dfm","C:\DOCUMENTI\sd\sorgenti\bm-sd\estivo_13\UProvaestivo.dfm"
"Nucleo/CarichiTermici","Pascal\02_Sottosistemi_Completi\origine\sd\sorgenti\bm-sd\estivo_13\UProvaestivo.pas","C:\DOCUMENTI\sd\sorgenti\bm-sd\estivo_13\UProvaestivo.pas"
"Nucleo/CarichiTermici","Pascal\02_Sottosistemi_Completi\origine\sd\sorgenti\bm-sd\estivo_13\UProvapsicro.dfm","C:\DOCUMENTI\sd\sorgenti\bm-sd\estivo_13\UProvapsicro.dfm"
"Nucleo/CarichiTermici","Pascal\02_Sottosistemi_Completi\origine\sd\sorgenti\bm-sd\estivo_13\UProvapsicro.pas","C:\DOCUMENTI\sd\sorgenti\bm-sd\estivo_13\UProvapsicro.pas"
"Nucleo/CarichiTermici","Pascal\02_Sottosistemi_Completi\origine\sd\sorgenti\bm-sd\estivo_13\ur.dat","C:\DOCUMENTI\sd\sorgenti\bm-sd\estivo_13\ur.dat"
"Nucleo/CarichiTermici","Pascal\02_Sottosistemi_Completi\origine\sd\sorgenti\bm-sd\estivo_13\us.dat","C:\DOCUMENTI\sd\sorgenti\bm-sd\estivo_13\us.dat"
"Nucleo/CarichiTermici","Pascal\02_Sottosistemi_Completi\origine\sd\sorgenti\bm-sd\estivo_13\UTabellare.ddp","C:\DOCUMENTI\sd\sorgenti\bm-sd\estivo_13\UTabellare.ddp"
"Nucleo/CarichiTermici","Pascal\02_Sottosistemi_Completi\origine\sd\sorgenti\bm-sd\estivo_13\UTabellare.dfm","C:\DOCUMENTI\sd\sorgenti\bm-sd\estivo_13\UTabellare.dfm"
"Nucleo/CarichiTermici","Pascal\02_Sottosistemi_Completi\origine\sd\sorgenti\bm-sd\estivo_13\UTabellare.dsk","C:\DOCUMENTI\sd\sorgenti\bm-sd\estivo_13\UTabellare.dsk"
"Nucleo/CarichiTermici","Pascal\02_Sottosistemi_Completi\origine\sd\sorgenti\bm-sd\estivo_13\UTabellare.pas","C:\DOCUMENTI\sd\sorgenti\bm-sd\estivo_13\UTabellare.pas"
"Nucleo/CarichiTermici","Pascal\02_Sottosistemi_Completi\origine\sd\sorgenti\bm-sd\estivo_13\Varcarichicancellato.pas","C:\DOCUMENTI\sd\sorgenti\bm-sd\estivo_13\Varcarichicancellato.pas"
"Nucleo/CarichiTermici","Pascal\02_Sottosistemi_Completi\origine\sd\sorgenti\bm-sd\estivo_13\vecchiocalcoli.pas","C:\DOCUMENTI\sd\sorgenti\bm-sd\estivo_13\vecchiocalcoli.pas"
"Nucleo/CarichiTermici","Pascal\02_Sottosistemi_Completi\origine\sd\sorgenti\bm-sd\estivo_13\Vent.mic","C:\DOCUMENTI\sd\sorgenti\bm-sd\estivo_13\Vent.mic"
"Nucleo/CarichiTermici","Pascal\02_Sottosistemi_Completi\origine\sd\sorgenti\bm-sd\estivo_13\VentZone.mic","C:\DOCUMENTI\sd\sorgenti\bm-sd\estivo_13\VentZone.mic"
"Nucleo/CarichiTermici","Pascal\02_Sottosistemi_Completi\origine\sd\sorgenti\bm-sd\estivo_13\warning.ddp","C:\DOCUMENTI\sd\sorgenti\bm-sd\estivo_13\warning.ddp"
"Nucleo/CarichiTermici","Pascal\02_Sottosistemi_Completi\origine\sd\sorgenti\bm-sd\estivo_13\warning.dfm","C:\DOCUMENTI\sd\sorgenti\bm-sd\estivo_13\warning.dfm"
"Nucleo/CarichiTermici","Pascal\02_Sottosistemi_Completi\origine\sd\sorgenti\bm-sd\estivo_13\warning.pas","C:\DOCUMENTI\sd\sorgenti\bm-sd\estivo_13\warning.pas"
"Dipendenza/CarichiTermici","Pascal\02_Sottosistemi_Completi\origine\sd\sorgenti\bm-sd\GENERA\Rebuli modificato CAD\UDati.pas","C:\DOCUMENTI\sd\sorgenti\bm-sd\GENERA\Rebuli modificato CAD\UDati.pas"
"RisorsaDipendenza/CarichiTermici","Pascal\02_Sottosistemi_Completi\origine\sd\sorgenti\bm-sd\GENERA\Rebuli modificato CAD\UMaskgen.dfm","C:\DOCUMENTI\sd\sorgenti\bm-sd\GENERA\Rebuli modificato CAD\UMaskgen.dfm"
"Dipendenza/CarichiTermici","Pascal\02_Sottosistemi_Completi\origine\sd\sorgenti\bm-sd\GENERA\Rebuli modificato CAD\UMaskgen.pas","C:\DOCUMENTI\sd\sorgenti\bm-sd\GENERA\Rebuli modificato CAD\UMaskgen.pas"
"RisorsaDipendenza/Tubazioni","Pascal\02_Sottosistemi_Completi\origine\sd\sorgenti\bm-sd\gestioneclienti\chiedilicenza.ddp","C:\DOCUMENTI\sd\sorgenti\bm-sd\gestioneclienti\chiedilicenza.ddp"
"RisorsaDipendenza/Tubazioni","Pascal\02_Sottosistemi_Completi\origine\sd\sorgenti\bm-sd\gestioneclienti\chiedilicenza.dfm","C:\DOCUMENTI\sd\sorgenti\bm-sd\gestioneclienti\chiedilicenza.dfm"
"Dipendenza/Tubazioni","Pascal\02_Sottosistemi_Completi\origine\sd\sorgenti\bm-sd\gestioneclienti\chiedilicenza.pas","C:\DOCUMENTI\sd\sorgenti\bm-sd\gestioneclienti\chiedilicenza.pas"
"RisorsaDipendenza/Tubazioni","Pascal\02_Sottosistemi_Completi\origine\sd\sorgenti\bm-sd\gestioneclienti\DatiLicenza.ddp","C:\DOCUMENTI\sd\sorgenti\bm-sd\gestioneclienti\DatiLicenza.ddp"
"RisorsaDipendenza/Tubazioni","Pascal\02_Sottosistemi_Completi\origine\sd\sorgenti\bm-sd\gestioneclienti\DatiLicenza.dfm","C:\DOCUMENTI\sd\sorgenti\bm-sd\gestioneclienti\DatiLicenza.dfm"
"Dipendenza/Tubazioni","Pascal\02_Sottosistemi_Completi\origine\sd\sorgenti\bm-sd\gestioneclienti\DatiLicenza.pas","C:\DOCUMENTI\sd\sorgenti\bm-sd\gestioneclienti\DatiLicenza.pas"
"Dipendenza/Tubazioni","Pascal\02_Sottosistemi_Completi\origine\sd\sorgenti\bm-sd\gestioneclienti\utility_Mat.pas","C:\DOCUMENTI\sd\sorgenti\bm-sd\gestioneclienti\utility_Mat.pas"
"Dipendenza/CanaliAria","Pascal\02_Sottosistemi_Completi\origine\sd\sorgenti\bm-sd\GLScene\Source\Base\Geometry.pas","C:\DOCUMENTI\sd\sorgenti\bm-sd\GLScene\Source\Base\Geometry.pas"
"Dipendenza/CanaliAria","Pascal\02_Sottosistemi_Completi\origine\sd\sorgenti\bm-sd\GLScene\Source\Base\VectorTypes.pas","C:\DOCUMENTI\sd\sorgenti\bm-sd\GLScene\Source\Base\VectorTypes.pas"
"RisorsaDipendenza/Tubazioni","Pascal\02_Sottosistemi_Completi\origine\sd\sorgenti\bm-sd\librerie_generali\Gest_form.ddp","C:\DOCUMENTI\sd\sorgenti\bm-sd\librerie_generali\Gest_form.ddp"
"RisorsaDipendenza/Tubazioni","Pascal\02_Sottosistemi_Completi\origine\sd\sorgenti\bm-sd\librerie_generali\Gest_form.dfm","C:\DOCUMENTI\sd\sorgenti\bm-sd\librerie_generali\Gest_form.dfm"
"Dipendenza/Tubazioni","Pascal\02_Sottosistemi_Completi\origine\sd\sorgenti\bm-sd\librerie_generali\Gest_form.pas","C:\DOCUMENTI\sd\sorgenti\bm-sd\librerie_generali\Gest_form.pas"
"Dipendenza/Tubazioni","Pascal\02_Sottosistemi_Completi\origine\sd\sorgenti\bm-sd\librerie_generali\Utility_dll.pas","C:\DOCUMENTI\sd\sorgenti\bm-sd\librerie_generali\Utility_dll.pas"
"Dipendenza/Tubazioni","Pascal\02_Sottosistemi_Completi\origine\sd\sorgenti\bm-sd\projectbrowser\InterfDLL.pas","C:\DOCUMENTI\sd\sorgenti\bm-sd\projectbrowser\InterfDLL.pas"
"RisorsaDipendenza/CarichiTermici","Pascal\02_Sottosistemi_Completi\origine\sd\sorgenti\bm-sd\Sun-Trace\Main_suntrace.ddp","C:\DOCUMENTI\sd\sorgenti\bm-sd\Sun-Trace\Main_suntrace.ddp"
"RisorsaDipendenza/CarichiTermici","Pascal\02_Sottosistemi_Completi\origine\sd\sorgenti\bm-sd\Sun-Trace\Main_suntrace.dfm","C:\DOCUMENTI\sd\sorgenti\bm-sd\Sun-Trace\Main_suntrace.dfm"
"Dipendenza/CarichiTermici","Pascal\02_Sottosistemi_Completi\origine\sd\sorgenti\bm-sd\Sun-Trace\Main_suntrace.pas","C:\DOCUMENTI\sd\sorgenti\bm-sd\Sun-Trace\Main_suntrace.pas"
"Dipendenza/CarichiTermici","Pascal\02_Sottosistemi_Completi\origine\sd\sorgenti\bm-sd\Sun-Trace\Varcarichi.pas","C:\DOCUMENTI\sd\sorgenti\bm-sd\Sun-Trace\Varcarichi.pas"
"Dipendenza/CanaliAria","Pascal\02_Sottosistemi_Completi\origine\sd\sorgenti\bm-sd\utils\Geometria.pas","C:\DOCUMENTI\sd\sorgenti\bm-sd\utils\Geometria.pas"
