"Sorgente","Unita","PercorsoEsplicito","Candidati","PercorsiCandidati"
"C:\DOCUMENTI\sd\sorgenti\bm-sd\GENERA\distribuzione\libreriedatabase\UCompilaForm.pas","Buttons",,"0",""
"C:\DOCUMENTI\sd\sorgenti\bm-sd\GENERA\Rebuli modificato CAD\SofRad.pas","Buttons",,"0",""
"C:\DOCUMENTI\sd\sorgenti\bm-sd\GENERA\distribuzione\libreriedatabase\Ucompilafrontiere.pas","calccd",,"4","C:\DOCUMENTI\bmsistemi\drivep\prjs\cpi win clima\Versione_10\CARICHI\calcoli\Legge10\calcCD.pas | C:\DOCUMENTI\bmsistemi\drivepsviluppo\prjs\cpi win clima\versione_10\CARICHI\calcoli\Legge10\calccd.pas | C:\DOCUMENTI\bmsistemi\drivepsviluppo\prjs\cpi win clima\versione_10 nuova\CARICHI\calcoli\Legge10\calccd.pas | C:\DOCUMENTI\bmsistemi\drivepsviluppo\prjs\cpi win clima\versione_10 ripristinata\CARICHI\calcoli\Legge10\calccd.pas"
"C:\DOCUMENTI\sd\sorgenti\bm-sd\GENERA\distribuzione\libreriedatabase\UCompilaFrontiere_a.pas","calccd",,"4","C:\DOCUMENTI\bmsistemi\drivep\prjs\cpi win clima\Versione_10\CARICHI\calcoli\Legge10\calcCD.pas | C:\DOCUMENTI\bmsistemi\drivepsviluppo\prjs\cpi win clima\versione_10\CARICHI\calcoli\Legge10\calccd.pas | C:\DOCUMENTI\bmsistemi\drivepsviluppo\prjs\cpi win clima\versione_10 nuova\CARICHI\calcoli\Legge10\calccd.pas | C:\DOCUMENTI\bmsistemi\drivepsviluppo\prjs\cpi win clima\versione_10 ripristinata\CARICHI\calcoli\Legge10\calccd.pas"
"C:\DOCUMENTI\sd\sorgenti\bm-sd\GENERA\Rebuli modificato CAD\componenete\Uprovacomp.pas","CatFormProj1_TLB",,"0",""
"C:\DOCUMENTI\sd\sorgenti\bm-sd\GENERA\Rebuli modificato CAD\UProvacomp.pas","CatFormProj1_TLB",,"0",""
"C:\DOCUMENTI\sd\sorgenti\bm-sd\GENERA\Rebuli modificato CAD\UProvacomp1.pas","CatFormProj1_TLB",,"0",""
"C:\DOCUMENTI\sd\sorgenti\bm-sd\GENERA\Rebuli modificato CAD\USceltaPann.pas","CatFormProj1_TLB",,"0",""
"C:\DOCUMENTI\sd\sorgenti\bm-sd\componenti\kbmmem\bdenew\DbTables.pas","Classes",,"0",""
"C:\DOCUMENTI\sd\sorgenti\bm-sd\GENERA\distribuzione\Gestione_Nomedatabase.pas","Classes",,"0",""
"C:\DOCUMENTI\sd\sorgenti\bm-sd\GENERA\distribuzione\libreriedatabase\inmemoria\Udb.pas","Classes",,"0",""
"C:\DOCUMENTI\sd\sorgenti\bm-sd\GENERA\distribuzione\libreriedatabase\KTUDB.pas","Classes",,"0",""
"C:\DOCUMENTI\sd\sorgenti\bm-sd\GENERA\distribuzione\libreriedatabase\SceltaA.pas","Classes",,"0",""
"C:\DOCUMENTI\sd\sorgenti\bm-sd\GENERA\distribuzione\libreriedatabase\sudisco\udb.pas","Classes",,"0",""
"C:\DOCUMENTI\sd\sorgenti\bm-sd\GENERA\distribuzione\libreriedatabase\UCompilaForm.pas","classes",,"0",""
"C:\DOCUMENTI\sd\sorgenti\bm-sd\GENERA\distribuzione\libreriedatabase\Ucompilafrontiere.pas","Classes",,"0",""
"C:\DOCUMENTI\sd\sorgenti\bm-sd\GENERA\distribuzione\libreriedatabase\UCompilaFrontiere_a.pas","Classes",,"0",""
"C:\DOCUMENTI\sd\sorgenti\bm-sd\GENERA\distribuzione\libreriedatabase\UControlli.pas","classes",,"0",""
"C:\DOCUMENTI\sd\sorgenti\bm-sd\GENERA\distribuzione\libreriedatabase\UmessaggiDB.pas","Classes",,"0",""
"C:\DOCUMENTI\sd\sorgenti\bm-sd\GENERA\distribuzione\MainGestionegenera.pas","Classes",,"0",""
"C:\DOCUMENTI\sd\sorgenti\bm-sd\GENERA\distribuzione\Modello_ Init_easy.pas","classes",,"0",""
"C:\DOCUMENTI\sd\sorgenti\bm-sd\GENERA\gestione\generati\UDBT.pas","Classes",,"0",""
"C:\DOCUMENTI\sd\sorgenti\bm-sd\GENERA\gestione\GestDB.pas","Classes",,"0",""
"C:\DOCUMENTI\sd\sorgenti\bm-sd\GENERA\gestione\Gestione_Nomedatabase.pas","Classes",,"0",""
"C:\DOCUMENTI\sd\sorgenti\bm-sd\GENERA\gestione\Init_easy.pas","classes",,"0",""
"C:\DOCUMENTI\sd\sorgenti\bm-sd\GENERA\gestione\MainGestionegenera.pas","Classes",,"0",""
"C:\DOCUMENTI\sd\sorgenti\bm-sd\GENERA\gestione\Modello_ Init_easy.pas","classes",,"0",""
"C:\DOCUMENTI\sd\sorgenti\bm-sd\GENERA\gestione\Modello_form.pas","Classes",,"0",""
"C:\DOCUMENTI\sd\sorgenti\bm-sd\GENERA\gestione\Unit1.pas","Classes",,"0",""
"C:\DOCUMENTI\sd\sorgenti\bm-sd\GENERA\modifica kbmtable\UDB.pas","Classes",,"0",""
"C:\DOCUMENTI\sd\sorgenti\bm-sd\GENERA\modifica kbmtable\UMainGenera.pas","Classes",,"0",""
"C:\DOCUMENTI\sd\sorgenti\bm-sd\GENERA\Rebuli modificato CAD\Calcoli\UDatigen.pas","Classes",,"0",""
"C:\DOCUMENTI\sd\sorgenti\bm-sd\GENERA\Rebuli modificato CAD\compnuccio (non aggiornato)\Ucompsel.pas","Classes",,"0",""
"C:\DOCUMENTI\sd\sorgenti\bm-sd\GENERA\Rebuli modificato CAD\compnuccio vecchio mandato lazzerini\curve\UCurve.pas","Classes",,"0",""
"C:\DOCUMENTI\sd\sorgenti\bm-sd\GENERA\Rebuli modificato CAD\compnuccio vecchio mandato lazzerini\curve\Uusacurve.pas","Classes",,"0",""
"C:\DOCUMENTI\sd\sorgenti\bm-sd\GENERA\Rebuli modificato CAD\compnuccio vecchio mandato lazzerini\Ucompsel.pas","Classes",,"0",""
"C:\DOCUMENTI\sd\sorgenti\bm-sd\GENERA\Rebuli modificato CAD\compnuccio vecchio mandato lazzerini\UDB.pas","Classes",,"0",""
"C:\DOCUMENTI\sd\sorgenti\bm-sd\GENERA\Rebuli modificato CAD\compnuccio vecchio mandato lazzerini\URunComp.pas","Classes",,"0",""
"C:\DOCUMENTI\sd\sorgenti\bm-sd\GENERA\Rebuli modificato CAD\compnuccio vecchio mandato lazzerini\USemplicesel.pas","Classes",,"0",""
"C:\DOCUMENTI\sd\sorgenti\bm-sd\GENERA\Rebuli modificato CAD\compnuccio\Ucompsel.pas","Classes",,"0",""
"C:\DOCUMENTI\sd\sorgenti\bm-sd\GENERA\Rebuli modificato CAD\compnuccio\URunComp.pas","Classes",,"0",""
"C:\DOCUMENTI\sd\sorgenti\bm-sd\GENERA\Rebuli modificato CAD\componenete\Uprovacomp.pas","Classes",,"0",""
"C:\DOCUMENTI\sd\sorgenti\bm-sd\GENERA\Rebuli modificato CAD\SofRad.pas","Classes",,"0",""
"C:\DOCUMENTI\sd\sorgenti\bm-sd\GENERA\Rebuli modificato CAD\UDB.pas","Classes",,"0",""
"C:\DOCUMENTI\sd\sorgenti\bm-sd\GENERA\Rebuli modificato CAD\UFormgen.pas","Classes",,"0",""
"C:\DOCUMENTI\sd\sorgenti\bm-sd\GENERA\Rebuli modificato CAD\UListbox.pas","Classes",,"0",""
"C:\DOCUMENTI\sd\sorgenti\bm-sd\GENERA\Rebuli modificato CAD\UListbox1.pas","Classes",,"0",""
"C:\DOCUMENTI\sd\sorgenti\bm-sd\GENERA\Rebuli modificato CAD\UMaskgen.pas","Classes",,"0",""
"C:\DOCUMENTI\sd\sorgenti\bm-sd\GENERA\Rebuli modificato CAD\UPrepStampe.pas","Classes",,"0",""
"C:\DOCUMENTI\sd\sorgenti\bm-sd\GENERA\Rebuli modificato CAD\UProvacomp.pas","Classes",,"0",""
"C:\DOCUMENTI\sd\sorgenti\bm-sd\GENERA\Rebuli modificato CAD\UProvacomp1.pas","Classes",,"0",""
"C:\DOCUMENTI\sd\sorgenti\bm-sd\GENERA\Rebuli modificato CAD\USceltaPann.pas","Classes",,"0",""
"C:\DOCUMENTI\sd\sorgenti\bm-sd\GENERA\Rebuli modificato CAD\Ustampa2.pas","Classes",,"0",""
"C:\DOCUMENTI\sd\sorgenti\bm-sd\GENERA\Rebuli modificato CAD\UStampe.pas","Classes",,"0",""
"C:\DOCUMENTI\sd\sorgenti\bm-sd\GENERA\UDB.pas","Classes",,"0",""
"C:\DOCUMENTI\sd\sorgenti\bm-sd\GENERA\UMainGenera.pas","Classes",,"0",""
"C:\DOCUMENTI\sd\sorgenti\bm-sd\librerie_generali\Gest_form.pas","Classes",,"0",""
"C:\DOCUMENTI\sd\sorgenti\bm-sd\GENERA\modifica kbmtable\UMainGenera.pas","ComCtrls",,"0",""
"C:\DOCUMENTI\sd\sorgenti\bm-sd\GENERA\Rebuli modificato CAD\compnuccio vecchio mandato lazzerini\URunComp.pas","ComCtrls",,"0",""
"C:\DOCUMENTI\sd\sorgenti\bm-sd\GENERA\Rebuli modificato CAD\compnuccio\Ucompsel.pas","ComCtrls",,"0",""
"C:\DOCUMENTI\sd\sorgenti\bm-sd\GENERA\Rebuli modificato CAD\SofRad.pas","ComCtrls",,"0",""
"C:\DOCUMENTI\sd\sorgenti\bm-sd\GENERA\UMainGenera.pas","ComCtrls",,"0",""
"C:\DOCUMENTI\sd\sorgenti\bm-sd\librerie_generali\Gest_form.pas","ComCtrls",,"0",""
"C:\DOCUMENTI\sd\sorgenti\bm-sd\GENERA\distribuzione\libreriedatabase\SceltaA.pas","config_var",,"2","C:\DOCUMENTI\bmsistemi\drivepsviluppo\prjs\cpi win clima\versione_10\3D\Config_Var.pas | C:\DOCUMENTI\bmsistemi\drivepsviluppo\prjs\cpi win clima\versione_10 ripristinata\3D\Config_Var.pas"
"C:\DOCUMENTI\sd\sorgenti\bm-sd\GENERA\distribuzione\MainGestionegenera.pas","config_var",,"2","C:\DOCUMENTI\bmsistemi\drivepsviluppo\prjs\cpi win clima\versione_10\3D\Config_Var.pas | C:\DOCUMENTI\bmsistemi\drivepsviluppo\prjs\cpi win clima\versione_10 ripristinata\3D\Config_Var.pas"
"C:\DOCUMENTI\sd\sorgenti\bm-sd\GENERA\gestione\MainGestionegenera.pas","config_var",,"2","C:\DOCUMENTI\bmsistemi\drivepsviluppo\prjs\cpi win clima\versione_10\3D\Config_Var.pas | C:\DOCUMENTI\bmsistemi\drivepsviluppo\prjs\cpi win clima\versione_10 ripristinata\3D\Config_Var.pas"
"C:\DOCUMENTI\sd\sorgenti\bm-sd\GENERA\distribuzione\Gestione_Nomedatabase.pas","Controls",,"0",""
"C:\DOCUMENTI\sd\sorgenti\bm-sd\GENERA\distribuzione\libreriedatabase\gestudb.pas","controls",,"0",""
"C:\DOCUMENTI\sd\sorgenti\bm-sd\GENERA\distribuzione\libreriedatabase\SceltaA.pas","Controls",,"0",""
"C:\DOCUMENTI\sd\sorgenti\bm-sd\GENERA\distribuzione\libreriedatabase\UCompilaForm.pas","Controls",,"0",""
"C:\DOCUMENTI\sd\sorgenti\bm-sd\GENERA\distribuzione\libreriedatabase\UmessaggiDB.pas","Controls",,"0",""
"C:\DOCUMENTI\sd\sorgenti\bm-sd\GENERA\distribuzione\MainGestionegenera.pas","Controls",,"0",""
"C:\DOCUMENTI\sd\sorgenti\bm-sd\GENERA\gestione\GestDB.pas","Controls",,"0",""
"C:\DOCUMENTI\sd\sorgenti\bm-sd\GENERA\gestione\Gestione_Nomedatabase.pas","Controls",,"0",""
"C:\DOCUMENTI\sd\sorgenti\bm-sd\GENERA\gestione\MainGestionegenera.pas","Controls",,"0",""
"C:\DOCUMENTI\sd\sorgenti\bm-sd\GENERA\gestione\Modello_form.pas","Controls",,"0",""
"C:\DOCUMENTI\sd\sorgenti\bm-sd\GENERA\gestione\Unit1.pas","Controls",,"0",""
"C:\DOCUMENTI\sd\sorgenti\bm-sd\GENERA\modifica kbmtable\UDB.pas","Controls",,"0",""
"C:\DOCUMENTI\sd\sorgenti\bm-sd\GENERA\modifica kbmtable\UMainGenera.pas","Controls",,"0",""
"C:\DOCUMENTI\sd\sorgenti\bm-sd\GENERA\Rebuli modificato CAD\Calcoli\UDatigen.pas","Controls",,"0",""
"C:\DOCUMENTI\sd\sorgenti\bm-sd\GENERA\Rebuli modificato CAD\compnuccio (non aggiornato)\Ucompsel.pas","Controls",,"0",""
"C:\DOCUMENTI\sd\sorgenti\bm-sd\GENERA\Rebuli modificato CAD\compnuccio vecchio mandato lazzerini\curve\UCurve.pas","Controls",,"0",""
"C:\DOCUMENTI\sd\sorgenti\bm-sd\GENERA\Rebuli modificato CAD\compnuccio vecchio mandato lazzerini\curve\Uusacurve.pas","Controls",,"0",""
"C:\DOCUMENTI\sd\sorgenti\bm-sd\GENERA\Rebuli modificato CAD\compnuccio vecchio mandato lazzerini\Ucompsel.pas","Controls",,"0",""
"C:\DOCUMENTI\sd\sorgenti\bm-sd\GENERA\Rebuli modificato CAD\compnuccio vecchio mandato lazzerini\UDB.pas","Controls",,"0",""
"C:\DOCUMENTI\sd\sorgenti\bm-sd\GENERA\Rebuli modificato CAD\compnuccio vecchio mandato lazzerini\URunComp.pas","Controls",,"0",""
"C:\DOCUMENTI\sd\sorgenti\bm-sd\GENERA\Rebuli modificato CAD\compnuccio vecchio mandato lazzerini\USemplicesel.pas","Controls",,"0",""
"C:\DOCUMENTI\sd\sorgenti\bm-sd\GENERA\Rebuli modificato CAD\compnuccio\Ucompsel.pas","Controls",,"0",""
"C:\DOCUMENTI\sd\sorgenti\bm-sd\GENERA\Rebuli modificato CAD\compnuccio\URunComp.pas","Controls",,"0",""
"C:\DOCUMENTI\sd\sorgenti\bm-sd\GENERA\Rebuli modificato CAD\componenete\Uprovacomp.pas","Controls",,"0",""
"C:\DOCUMENTI\sd\sorgenti\bm-sd\GENERA\Rebuli modificato CAD\SofRad.pas","Controls",,"0",""
"C:\DOCUMENTI\sd\sorgenti\bm-sd\GENERA\Rebuli modificato CAD\UDB.pas","Controls",,"0",""
"C:\DOCUMENTI\sd\sorgenti\bm-sd\GENERA\Rebuli modificato CAD\UFormgen.pas","Controls",,"0",""
"C:\DOCUMENTI\sd\sorgenti\bm-sd\GENERA\Rebuli modificato CAD\UInterattiva.pas","controls",,"0",""
"C:\DOCUMENTI\sd\sorgenti\bm-sd\GENERA\Rebuli modificato CAD\UListbox.pas","Controls",,"0",""
"C:\DOCUMENTI\sd\sorgenti\bm-sd\GENERA\Rebuli modificato CAD\UListbox1.pas","Controls",,"0",""
"C:\DOCUMENTI\sd\sorgenti\bm-sd\GENERA\Rebuli modificato CAD\UMaskgen.pas","Controls",,"0",""
"C:\DOCUMENTI\sd\sorgenti\bm-sd\GENERA\Rebuli modificato CAD\UPrepStampe.pas","Controls",,"0",""
"C:\DOCUMENTI\sd\sorgenti\bm-sd\GENERA\Rebuli modificato CAD\UProvacomp.pas","Controls",,"0",""
"C:\DOCUMENTI\sd\sorgenti\bm-sd\GENERA\Rebuli modificato CAD\UProvacomp1.pas","Controls",,"0",""
"C:\DOCUMENTI\sd\sorgenti\bm-sd\GENERA\Rebuli modificato CAD\USceltaPann.pas","Controls",,"0",""
"C:\DOCUMENTI\sd\sorgenti\bm-sd\GENERA\Rebuli modificato CAD\Ustampa2.pas","Controls",,"0",""
"C:\DOCUMENTI\sd\sorgenti\bm-sd\GENERA\Rebuli modificato CAD\UStampe.pas","Controls",,"0",""
"C:\DOCUMENTI\sd\sorgenti\bm-sd\GENERA\UDB.pas","Controls",,"0",""
"C:\DOCUMENTI\sd\sorgenti\bm-sd\GENERA\UMainGenera.pas","Controls",,"0",""
"C:\DOCUMENTI\sd\sorgenti\bm-sd\librerie_generali\Gest_form.pas","Controls",,"0",""
"C:\DOCUMENTI\sd\sorgenti\bm-sd\componenti\kbmmem\bdenew\DbTables.pas","DB",,"0",""
"C:\DOCUMENTI\sd\sorgenti\bm-sd\GENERA\distribuzione\libreriedatabase\gestudb.pas","db",,"0",""
"C:\DOCUMENTI\sd\sorgenti\bm-sd\GENERA\distribuzione\libreriedatabase\inmemoria\Udb.pas","DB",,"0",""
"C:\DOCUMENTI\sd\sorgenti\bm-sd\GENERA\distribuzione\libreriedatabase\KTUDB.pas","DB",,"0",""
"C:\DOCUMENTI\sd\sorgenti\bm-sd\GENERA\distribuzione\libreriedatabase\SceltaA.pas","DB",,"0",""
"C:\DOCUMENTI\sd\sorgenti\bm-sd\GENERA\distribuzione\libreriedatabase\sudisco\udb.pas","DB",,"0",""
"C:\DOCUMENTI\sd\sorgenti\bm-sd\GENERA\distribuzione\libreriedatabase\UCompilaForm.pas","db",,"0",""
"C:\DOCUMENTI\sd\sorgenti\bm-sd\GENERA\distribuzione\libreriedatabase\UOpen_file.pas","db",,"0",""
"C:\DOCUMENTI\sd\sorgenti\bm-sd\GENERA\distribuzione\libreriedatabase\UOpen_fileMulti.pas","db",,"0",""
"C:\DOCUMENTI\sd\sorgenti\bm-sd\GENERA\gestione\generati\CreadbT.pas","db",,"0",""
"C:\DOCUMENTI\sd\sorgenti\bm-sd\GENERA\gestione\generati\UDataOutT.pas","db",,"0",""
"C:\DOCUMENTI\sd\sorgenti\bm-sd\GENERA\gestione\generati\UDBT.pas","DB",,"0",""
"C:\DOCUMENTI\sd\sorgenti\bm-sd\GENERA\gestione\generati\ULeggiscriviDati.pas","DB",,"0",""
"C:\DOCUMENTI\sd\sorgenti\bm-sd\GENERA\modifica kbmtable\Genera.pas","db",,"0",""
"C:\DOCUMENTI\sd\sorgenti\bm-sd\GENERA\modifica kbmtable\UCalc.pas","db",,"0",""
"C:\DOCUMENTI\sd\sorgenti\bm-sd\GENERA\modifica kbmtable\UDB.pas","Db",,"0",""
"C:\DOCUMENTI\sd\sorgenti\bm-sd\GENERA\modifica kbmtable\UMainGenera.pas","db",,"0",""
"C:\DOCUMENTI\sd\sorgenti\bm-sd\GENERA\Rebuli modificato CAD\Calcoli\UDatigen.pas","Db",,"0",""
"C:\DOCUMENTI\sd\sorgenti\bm-sd\GENERA\Rebuli modificato CAD\compnuccio (non aggiornato)\Ucompsel.pas","Db",,"0",""
"C:\DOCUMENTI\sd\sorgenti\bm-sd\GENERA\Rebuli modificato CAD\compnuccio vecchio mandato lazzerini\curve\Uusacurve.pas","Db",,"0",""
"C:\DOCUMENTI\sd\sorgenti\bm-sd\GENERA\Rebuli modificato CAD\compnuccio vecchio mandato lazzerini\Ucompsel.pas","Db",,"0",""
"C:\DOCUMENTI\sd\sorgenti\bm-sd\GENERA\Rebuli modificato CAD\compnuccio vecchio mandato lazzerini\UDati.pas","db",,"0",""
"C:\DOCUMENTI\sd\sorgenti\bm-sd\GENERA\Rebuli modificato CAD\compnuccio vecchio mandato lazzerini\UDB.pas","Db",,"0",""
"C:\DOCUMENTI\sd\sorgenti\bm-sd\GENERA\Rebuli modificato CAD\compnuccio vecchio mandato lazzerini\URunComp.pas","Db",,"0",""
"C:\DOCUMENTI\sd\sorgenti\bm-sd\GENERA\Rebuli modificato CAD\compnuccio vecchio mandato lazzerini\USemplicesel.pas","Db",,"0",""
"C:\DOCUMENTI\sd\sorgenti\bm-sd\GENERA\Rebuli modificato CAD\compnuccio\Ucompsel.pas","Db",,"0",""
"C:\DOCUMENTI\sd\sorgenti\bm-sd\GENERA\Rebuli modificato CAD\SofRad.pas","Db",,"0",""
"C:\DOCUMENTI\sd\sorgenti\bm-sd\GENERA\Rebuli modificato CAD\UDati.pas","db",,"0",""
"C:\DOCUMENTI\sd\sorgenti\bm-sd\GENERA\Rebuli modificato CAD\UDB.pas","Db",,"0",""
"C:\DOCUMENTI\sd\sorgenti\bm-sd\GENERA\Rebuli modificato CAD\UFormgen.pas","Db",,"0",""
"C:\DOCUMENTI\sd\sorgenti\bm-sd\GENERA\Rebuli modificato CAD\UMaskgen.pas","Db",,"0",""
"C:\DOCUMENTI\sd\sorgenti\bm-sd\GENERA\UCalc.pas","db",,"0",""
"C:\DOCUMENTI\sd\sorgenti\bm-sd\GENERA\UDB.pas","Db",,"0",""
"C:\DOCUMENTI\sd\sorgenti\bm-sd\GENERA\UMainGenera.pas","Db",,"0",""
"C:\DOCUMENTI\sd\sorgenti\bm-sd\librerie_generali\Gest_form.pas","db",,"0",""
"C:\DOCUMENTI\sd\sorgenti\bm-sd\GENERA\Rebuli modificato CAD\compnuccio vecchio mandato lazzerini\URunComp.pas","DBCGrids",,"0",""
"C:\DOCUMENTI\sd\sorgenti\bm-sd\GENERA\Rebuli modificato CAD\compnuccio\URunComp.pas","DBCGrids",,"0",""
"C:\DOCUMENTI\sd\sorgenti\bm-sd\GENERA\distribuzione\Gestione_Nomedatabase.pas","DBCtrls",,"0",""
"C:\DOCUMENTI\sd\sorgenti\bm-sd\GENERA\distribuzione\libreriedatabase\UCompilaForm.pas","DBCtrls",,"0",""
"C:\DOCUMENTI\sd\sorgenti\bm-sd\GENERA\gestione\GestDB.pas","DBCtrls",,"0",""
"C:\DOCUMENTI\sd\sorgenti\bm-sd\GENERA\gestione\Gestione_Nomedatabase.pas","DBCtrls",,"0",""
"C:\DOCUMENTI\sd\sorgenti\bm-sd\GENERA\gestione\Modello_form.pas","DBCtrls",,"0",""
"C:\DOCUMENTI\sd\sorgenti\bm-sd\GENERA\modifica kbmtable\UMainGenera.pas","DBCtrls",,"0",""
"C:\DOCUMENTI\sd\sorgenti\bm-sd\GENERA\Rebuli modificato CAD\Calcoli\UDatigen.pas","DBCtrls",,"0",""
"C:\DOCUMENTI\sd\sorgenti\bm-sd\GENERA\Rebuli modificato CAD\compnuccio (non aggiornato)\Ucompsel.pas","DBCtrls",,"0",""
"C:\DOCUMENTI\sd\sorgenti\bm-sd\GENERA\Rebuli modificato CAD\compnuccio vecchio mandato lazzerini\curve\Uusacurve.pas","DBCtrls",,"0",""
"C:\DOCUMENTI\sd\sorgenti\bm-sd\GENERA\Rebuli modificato CAD\compnuccio vecchio mandato lazzerini\Ucompsel.pas","DBCtrls",,"0",""
"C:\DOCUMENTI\sd\sorgenti\bm-sd\GENERA\Rebuli modificato CAD\compnuccio vecchio mandato lazzerini\URunComp.pas","DBCtrls",,"0",""
"C:\DOCUMENTI\sd\sorgenti\bm-sd\GENERA\Rebuli modificato CAD\compnuccio vecchio mandato lazzerini\USemplicesel.pas","DBCtrls",,"0",""
"C:\DOCUMENTI\sd\sorgenti\bm-sd\GENERA\Rebuli modificato CAD\compnuccio\Ucompsel.pas","DBCtrls",,"0",""
"C:\DOCUMENTI\sd\sorgenti\bm-sd\GENERA\Rebuli modificato CAD\compnuccio\URunComp.pas","DBCtrls",,"0",""
"C:\DOCUMENTI\sd\sorgenti\bm-sd\GENERA\Rebuli modificato CAD\SofRad.pas","DBCtrls",,"0",""
"C:\DOCUMENTI\sd\sorgenti\bm-sd\GENERA\Rebuli modificato CAD\UFormgen.pas","DBCtrls",,"0",""
"C:\DOCUMENTI\sd\sorgenti\bm-sd\GENERA\Rebuli modificato CAD\UMaskgen.pas","DBCtrls",,"0",""
"C:\DOCUMENTI\sd\sorgenti\bm-sd\GENERA\UMainGenera.pas","DBCtrls",,"0",""
"C:\DOCUMENTI\sd\sorgenti\bm-sd\librerie_generali\Gest_form.pas","DBCtrls",,"0",""
"C:\DOCUMENTI\sd\sorgenti\bm-sd\GENERA\distribuzione\Gestione_Nomedatabase.pas","DBGrids",,"0",""
"C:\DOCUMENTI\sd\sorgenti\bm-sd\GENERA\distribuzione\libreriedatabase\SceltaA.pas","DBGrids",,"0",""
"C:\DOCUMENTI\sd\sorgenti\bm-sd\GENERA\distribuzione\libreriedatabase\UCompilaForm.pas","DBGrids",,"0",""
"C:\DOCUMENTI\sd\sorgenti\bm-sd\GENERA\gestione\GestDB.pas","DBGrids",,"0",""
"C:\DOCUMENTI\sd\sorgenti\bm-sd\GENERA\gestione\Gestione_Nomedatabase.pas","DBGrids",,"0",""
"C:\DOCUMENTI\sd\sorgenti\bm-sd\GENERA\gestione\Modello_form.pas","DBGrids",,"0",""
"C:\DOCUMENTI\sd\sorgenti\bm-sd\GENERA\modifica kbmtable\UMainGenera.pas","DBGrids",,"0",""
"C:\DOCUMENTI\sd\sorgenti\bm-sd\GENERA\Rebuli modificato CAD\compnuccio (non aggiornato)\Ucompsel.pas","DBGrids",,"0",""
"C:\DOCUMENTI\sd\sorgenti\bm-sd\GENERA\Rebuli modificato CAD\compnuccio vecchio mandato lazzerini\curve\Uusacurve.pas","DBGrids",,"0",""
"C:\DOCUMENTI\sd\sorgenti\bm-sd\GENERA\Rebuli modificato CAD\compnuccio vecchio mandato lazzerini\Ucompsel.pas","DBGrids",,"0",""
"C:\DOCUMENTI\sd\sorgenti\bm-sd\GENERA\Rebuli modificato CAD\compnuccio vecchio mandato lazzerini\URunComp.pas","DBGrids",,"0",""
"C:\DOCUMENTI\sd\sorgenti\bm-sd\GENERA\Rebuli modificato CAD\compnuccio vecchio mandato lazzerini\USemplicesel.pas","DBGrids",,"0",""
"C:\DOCUMENTI\sd\sorgenti\bm-sd\GENERA\Rebuli modificato CAD\compnuccio\Ucompsel.pas","DBGrids",,"0",""
"C:\DOCUMENTI\sd\sorgenti\bm-sd\GENERA\Rebuli modificato CAD\SofRad.pas","DBGrids",,"0",""
"C:\DOCUMENTI\sd\sorgenti\bm-sd\GENERA\Rebuli modificato CAD\UFormgen.pas","DBGrids",,"0",""
"C:\DOCUMENTI\sd\sorgenti\bm-sd\GENERA\UMainGenera.pas","DBGrids",,"0",""
"C:\DOCUMENTI\sd\sorgenti\bm-sd\librerie_generali\Gest_form.pas","DBGrids",,"0",""
"C:\DOCUMENTI\sd\sorgenti\bm-sd\GENERA\distribuzione\libreriedatabase\Funzudbt.pas","dbtablesQ",,"2","C:\DOCUMENTI\sd\sorgenti\bm-sd\componenti\componenete aggiuntivo kbmtable\dbtablesQ.pas | C:\DOCUMENTI\sd\sorgenti\bm-sd\componenti\kbmmem\dbtablesQ.pas"
"C:\DOCUMENTI\sd\sorgenti\bm-sd\GENERA\distribuzione\libreriedatabase\gestudb.pas","DbTablesQ",,"2","C:\DOCUMENTI\sd\sorgenti\bm-sd\componenti\componenete aggiuntivo kbmtable\dbtablesQ.pas | C:\DOCUMENTI\sd\sorgenti\bm-sd\componenti\kbmmem\dbtablesQ.pas"
"C:\DOCUMENTI\sd\sorgenti\bm-sd\GENERA\distribuzione\libreriedatabase\inmemoria\Udb.pas","DbtablesQ",,"2","C:\DOCUMENTI\sd\sorgenti\bm-sd\componenti\componenete aggiuntivo kbmtable\dbtablesQ.pas | C:\DOCUMENTI\sd\sorgenti\bm-sd\componenti\kbmmem\dbtablesQ.pas"
"C:\DOCUMENTI\sd\sorgenti\bm-sd\GENERA\distribuzione\libreriedatabase\KTUDB.pas","DbtablesQ",,"2","C:\DOCUMENTI\sd\sorgenti\bm-sd\componenti\componenete aggiuntivo kbmtable\dbtablesQ.pas | C:\DOCUMENTI\sd\sorgenti\bm-sd\componenti\kbmmem\dbtablesQ.pas"
"C:\DOCUMENTI\sd\sorgenti\bm-sd\GENERA\distribuzione\libreriedatabase\UOpen_file.pas","DbtablesQ",,"2","C:\DOCUMENTI\sd\sorgenti\bm-sd\componenti\componenete aggiuntivo kbmtable\dbtablesQ.pas | C:\DOCUMENTI\sd\sorgenti\bm-sd\componenti\kbmmem\dbtablesQ.pas"
"C:\DOCUMENTI\sd\sorgenti\bm-sd\GENERA\distribuzione\libreriedatabase\UOpen_fileMulti.pas","DbtablesQ",,"2","C:\DOCUMENTI\sd\sorgenti\bm-sd\componenti\componenete aggiuntivo kbmtable\dbtablesQ.pas | C:\DOCUMENTI\sd\sorgenti\bm-sd\componenti\kbmmem\dbtablesQ.pas"
"C:\DOCUMENTI\sd\sorgenti\bm-sd\GENERA\gestione\generati\UDBT.pas","DbtablesQ",,"2","C:\DOCUMENTI\sd\sorgenti\bm-sd\componenti\componenete aggiuntivo kbmtable\dbtablesQ.pas | C:\DOCUMENTI\sd\sorgenti\bm-sd\componenti\kbmmem\dbtablesQ.pas"
"C:\DOCUMENTI\sd\sorgenti\bm-sd\GENERA\modifica kbmtable\Genera.pas","DBtablesQ",,"2","C:\DOCUMENTI\sd\sorgenti\bm-sd\componenti\componenete aggiuntivo kbmtable\dbtablesQ.pas | C:\DOCUMENTI\sd\sorgenti\bm-sd\componenti\kbmmem\dbtablesQ.pas"
"C:\DOCUMENTI\sd\sorgenti\bm-sd\GENERA\modifica kbmtable\UMainGenera.pas","DBtablesQ",,"2","C:\DOCUMENTI\sd\sorgenti\bm-sd\componenti\componenete aggiuntivo kbmtable\dbtablesQ.pas | C:\DOCUMENTI\sd\sorgenti\bm-sd\componenti\kbmmem\dbtablesQ.pas"
"C:\DOCUMENTI\sd\sorgenti\bm-sd\GENERA\distribuzione\Gestione_Nomedatabase.pas","Dialogs",,"0",""
"C:\DOCUMENTI\sd\sorgenti\bm-sd\GENERA\distribuzione\libreriedatabase\inmemoria\Udb.pas","dialogs",,"0",""
"C:\DOCUMENTI\sd\sorgenti\bm-sd\GENERA\distribuzione\libreriedatabase\SceltaA.pas","Dialogs",,"0",""
"C:\DOCUMENTI\sd\sorgenti\bm-sd\GENERA\distribuzione\libreriedatabase\sudisco\udb.pas","dialogs",,"0",""
"C:\DOCUMENTI\sd\sorgenti\bm-sd\GENERA\distribuzione\libreriedatabase\Ucompilafrontiere.pas","Dialogs",,"0",""
"C:\DOCUMENTI\sd\sorgenti\bm-sd\GENERA\distribuzione\libreriedatabase\UCompilaFrontiere_a.pas","Dialogs",,"0",""
"C:\DOCUMENTI\sd\sorgenti\bm-sd\GENERA\distribuzione\libreriedatabase\UmessaggiDB.pas","Dialogs",,"0",""
"C:\DOCUMENTI\sd\sorgenti\bm-sd\GENERA\distribuzione\libreriedatabase\UOpen_file.pas","Dialogs",,"0",""
"C:\DOCUMENTI\sd\sorgenti\bm-sd\GENERA\distribuzione\libreriedatabase\UOpen_fileMulti.pas","Dialogs",,"0",""
"C:\DOCUMENTI\sd\sorgenti\bm-sd\GENERA\distribuzione\MainGestionegenera.pas","Dialogs",,"0",""
"C:\DOCUMENTI\sd\sorgenti\bm-sd\GENERA\distribuzione\Modello_ Init_easy.pas","dialogs",,"0",""
"C:\DOCUMENTI\sd\sorgenti\bm-sd\GENERA\gestione\GestDB.pas","Dialogs",,"0",""
"C:\DOCUMENTI\sd\sorgenti\bm-sd\GENERA\gestione\Gestione_Nomedatabase.pas","Dialogs",,"0",""
"C:\DOCUMENTI\sd\sorgenti\bm-sd\GENERA\gestione\Init_easy.pas","dialogs",,"0",""
"C:\DOCUMENTI\sd\sorgenti\bm-sd\GENERA\gestione\MainGestionegenera.pas","Dialogs",,"0",""
"C:\DOCUMENTI\sd\sorgenti\bm-sd\GENERA\gestione\Modello_ Init_easy.pas","dialogs",,"0",""
"C:\DOCUMENTI\sd\sorgenti\bm-sd\GENERA\gestione\Modello_form.pas","Dialogs",,"0",""
"C:\DOCUMENTI\sd\sorgenti\bm-sd\GENERA\gestione\Unit1.pas","Dialogs",,"0",""
"C:\DOCUMENTI\sd\sorgenti\bm-sd\GENERA\modifica kbmtable\assembla.pas","dialogs",,"0",""
"C:\DOCUMENTI\sd\sorgenti\bm-sd\GENERA\modifica kbmtable\UDB.pas","Dialogs",,"0",""
"C:\DOCUMENTI\sd\sorgenti\bm-sd\GENERA\modifica kbmtable\UFunzGenera.pas","Dialogs",,"0",""
"C:\DOCUMENTI\sd\sorgenti\bm-sd\GENERA\modifica kbmtable\UMainGenera.pas","Dialogs",,"0",""
"C:\DOCUMENTI\sd\sorgenti\bm-sd\GENERA\Rebuli modificato CAD\Calcoli\UDatigen.pas","Dialogs",,"0",""
"C:\DOCUMENTI\sd\sorgenti\bm-sd\GENERA\Rebuli modificato CAD\compnuccio (non aggiornato)\Ucompsel.pas","Dialogs",,"0",""
"C:\DOCUMENTI\sd\sorgenti\bm-sd\GENERA\Rebuli modificato CAD\compnuccio vecchio mandato lazzerini\curve\UCurve.pas","Dialogs",,"0",""
"C:\DOCUMENTI\sd\sorgenti\bm-sd\GENERA\Rebuli modificato CAD\compnuccio vecchio mandato lazzerini\curve\Uusacurve.pas","Dialogs",,"0",""
"C:\DOCUMENTI\sd\sorgenti\bm-sd\GENERA\Rebuli modificato CAD\compnuccio vecchio mandato lazzerini\Ucompsel.pas","Dialogs",,"0",""
"C:\DOCUMENTI\sd\sorgenti\bm-sd\GENERA\Rebuli modificato CAD\compnuccio vecchio mandato lazzerini\UDB.pas","Dialogs",,"0",""
"C:\DOCUMENTI\sd\sorgenti\bm-sd\GENERA\Rebuli modificato CAD\compnuccio vecchio mandato lazzerini\URunComp.pas","Dialogs",,"0",""
"C:\DOCUMENTI\sd\sorgenti\bm-sd\GENERA\Rebuli modificato CAD\compnuccio vecchio mandato lazzerini\USemplicesel.pas","Dialogs",,"0",""
"C:\DOCUMENTI\sd\sorgenti\bm-sd\GENERA\Rebuli modificato CAD\compnuccio\Ucompsel.pas","Dialogs",,"0",""
"C:\DOCUMENTI\sd\sorgenti\bm-sd\GENERA\Rebuli modificato CAD\compnuccio\URunComp.pas","Dialogs",,"0",""
"C:\DOCUMENTI\sd\sorgenti\bm-sd\GENERA\Rebuli modificato CAD\componenete\Uprovacomp.pas","Dialogs",,"0",""
"C:\DOCUMENTI\sd\sorgenti\bm-sd\GENERA\Rebuli modificato CAD\SofRad.pas","Dialogs",,"0",""
"C:\DOCUMENTI\sd\sorgenti\bm-sd\GENERA\Rebuli modificato CAD\UDB.pas","Dialogs",,"0",""
"C:\DOCUMENTI\sd\sorgenti\bm-sd\GENERA\Rebuli modificato CAD\UFormgen.pas","Dialogs",,"0",""
"C:\DOCUMENTI\sd\sorgenti\bm-sd\GENERA\Rebuli modificato CAD\UListbox.pas","Dialogs",,"0",""
"C:\DOCUMENTI\sd\sorgenti\bm-sd\GENERA\Rebuli modificato CAD\UListbox1.pas","Dialogs",,"0",""
"C:\DOCUMENTI\sd\sorgenti\bm-sd\GENERA\Rebuli modificato CAD\UMaskgen.pas","Dialogs",,"0",""
"C:\DOCUMENTI\sd\sorgenti\bm-sd\GENERA\Rebuli modificato CAD\UPrepStampe.pas","Dialogs",,"0",""
"C:\DOCUMENTI\sd\sorgenti\bm-sd\GENERA\Rebuli modificato CAD\UProvacomp.pas","Dialogs",,"0",""
"C:\DOCUMENTI\sd\sorgenti\bm-sd\GENERA\Rebuli modificato CAD\UProvacomp1.pas","Dialogs",,"0",""
"C:\DOCUMENTI\sd\sorgenti\bm-sd\GENERA\Rebuli modificato CAD\USceltaPann.pas","Dialogs",,"0",""
"C:\DOCUMENTI\sd\sorgenti\bm-sd\GENERA\Rebuli modificato CAD\UStampe.pas","dialogs",,"0",""
"C:\DOCUMENTI\sd\sorgenti\bm-sd\GENERA\UDB.pas","Dialogs",,"0",""
"C:\DOCUMENTI\sd\sorgenti\bm-sd\GENERA\UFunzGenera.pas","Dialogs",,"0",""
"C:\DOCUMENTI\sd\sorgenti\bm-sd\GENERA\UMainGenera.pas","Dialogs",,"0",""
"C:\DOCUMENTI\sd\sorgenti\bm-sd\librerie_generali\Gest_form.pas","Dialogs",,"0",""
"C:\DOCUMENTI\sd\sorgenti\bm-sd\GENERA\distribuzione\Gestione_Nomedatabase.pas","ExtCtrls",,"0",""
"C:\DOCUMENTI\sd\sorgenti\bm-sd\GENERA\distribuzione\libreriedatabase\SceltaA.pas","ExtCtrls",,"0",""
"C:\DOCUMENTI\sd\sorgenti\bm-sd\GENERA\distribuzione\MainGestionegenera.pas","ExtCtrls",,"0",""
"C:\DOCUMENTI\sd\sorgenti\bm-sd\GENERA\gestione\GestDB.pas","ExtCtrls",,"0",""
"C:\DOCUMENTI\sd\sorgenti\bm-sd\GENERA\gestione\Gestione_Nomedatabase.pas","ExtCtrls",,"0",""
"C:\DOCUMENTI\sd\sorgenti\bm-sd\GENERA\gestione\MainGestionegenera.pas","ExtCtrls",,"0",""
"C:\DOCUMENTI\sd\sorgenti\bm-sd\GENERA\gestione\Modello_form.pas","ExtCtrls",,"0",""
"C:\DOCUMENTI\sd\sorgenti\bm-sd\GENERA\modifica kbmtable\UMainGenera.pas","ExtCtrls",,"0",""
"C:\DOCUMENTI\sd\sorgenti\bm-sd\GENERA\Rebuli modificato CAD\compnuccio (non aggiornato)\Ucompsel.pas","ExtCtrls",,"0",""
"C:\DOCUMENTI\sd\sorgenti\bm-sd\GENERA\Rebuli modificato CAD\compnuccio vecchio mandato lazzerini\curve\Uusacurve.pas","ExtCtrls",,"0",""
"C:\DOCUMENTI\sd\sorgenti\bm-sd\GENERA\Rebuli modificato CAD\compnuccio vecchio mandato lazzerini\Ucompsel.pas","ExtCtrls",,"0",""
"C:\DOCUMENTI\sd\sorgenti\bm-sd\GENERA\Rebuli modificato CAD\compnuccio vecchio mandato lazzerini\URunComp.pas","ExtCtrls",,"0",""
"C:\DOCUMENTI\sd\sorgenti\bm-sd\GENERA\Rebuli modificato CAD\compnuccio vecchio mandato lazzerini\USemplicesel.pas","ExtCtrls",,"0",""
"C:\DOCUMENTI\sd\sorgenti\bm-sd\GENERA\Rebuli modificato CAD\compnuccio\Ucompsel.pas","ExtCtrls",,"0",""
"C:\DOCUMENTI\sd\sorgenti\bm-sd\GENERA\Rebuli modificato CAD\compnuccio\URunComp.pas","ExtCtrls",,"0",""
"C:\DOCUMENTI\sd\sorgenti\bm-sd\GENERA\Rebuli modificato CAD\Grafica.pas","extctrls",,"0",""
"C:\DOCUMENTI\sd\sorgenti\bm-sd\GENERA\Rebuli modificato CAD\SofRad.pas","ExtCtrls",,"0",""
"C:\DOCUMENTI\sd\sorgenti\bm-sd\GENERA\Rebuli modificato CAD\UFormgen.pas","ExtCtrls",,"0",""
"C:\DOCUMENTI\sd\sorgenti\bm-sd\GENERA\Rebuli modificato CAD\UMaskgen.pas","ExtCtrls",,"0",""
"C:\DOCUMENTI\sd\sorgenti\bm-sd\GENERA\Rebuli modificato CAD\Ustampa2.pas","ExtCtrls",,"0",""
"C:\DOCUMENTI\sd\sorgenti\bm-sd\GENERA\Rebuli modificato CAD\UStampe.pas","ExtCtrls",,"0",""
"C:\DOCUMENTI\sd\sorgenti\bm-sd\GENERA\UMainGenera.pas","ExtCtrls",,"0",""
"C:\DOCUMENTI\sd\sorgenti\bm-sd\librerie_generali\Gest_form.pas","ExtCtrls",,"0",""
"C:\DOCUMENTI\sd\sorgenti\bm-sd\GENERA\Rebuli modificato CAD\compnuccio (non aggiornato)\Ucompsel.pas","ExtDlgs",,"0",""
"C:\DOCUMENTI\sd\sorgenti\bm-sd\GENERA\Rebuli modificato CAD\compnuccio vecchio mandato lazzerini\Ucompsel.pas","ExtDlgs",,"0",""
"C:\DOCUMENTI\sd\sorgenti\bm-sd\GENERA\Rebuli modificato CAD\compnuccio\Ucompsel.pas","ExtDlgs",,"0",""
"C:\DOCUMENTI\sd\sorgenti\bm-sd\librerie_generali\Gest_form.pas","FileCtrl",,"0",""
"C:\DOCUMENTI\sd\sorgenti\bm-sd\GENERA\distribuzione\Gestione_Nomedatabase.pas","Forms",,"0",""
"C:\DOCUMENTI\sd\sorgenti\bm-sd\GENERA\distribuzione\Gestionedati.dpr","Forms",,"0",""
"C:\DOCUMENTI\sd\sorgenti\bm-sd\GENERA\distribuzione\libreriedatabase\SceltaA.pas","Forms",,"0",""
"C:\DOCUMENTI\sd\sorgenti\bm-sd\GENERA\distribuzione\libreriedatabase\UmessaggiDB.pas","Forms",,"0",""
"C:\DOCUMENTI\sd\sorgenti\bm-sd\GENERA\distribuzione\MainGestionegenera.pas","Forms",,"0",""
"C:\DOCUMENTI\sd\sorgenti\bm-sd\GENERA\GeneraSource.dpr","Forms",,"0",""
"C:\DOCUMENTI\sd\sorgenti\bm-sd\GENERA\gestione\EasyProgram.dpr","Forms",,"0",""
"C:\DOCUMENTI\sd\sorgenti\bm-sd\GENERA\gestione\GestDB.pas","Forms",,"0",""
"C:\DOCUMENTI\sd\sorgenti\bm-sd\GENERA\gestione\Gestione_Nomedatabase.pas","Forms",,"0",""
"C:\DOCUMENTI\sd\sorgenti\bm-sd\GENERA\gestione\Gestionedati.dpr","Forms",,"0",""
"C:\DOCUMENTI\sd\sorgenti\bm-sd\GENERA\gestione\MainGestionegenera.pas","Forms",,"0",""
"C:\DOCUMENTI\sd\sorgenti\bm-sd\GENERA\gestione\Modello_form.pas","Forms",,"0",""
"C:\DOCUMENTI\sd\sorgenti\bm-sd\GENERA\gestione\Unit1.pas","Forms",,"0",""
"C:\DOCUMENTI\sd\sorgenti\bm-sd\GENERA\modifica kbmtable\GeneraSource.dpr","Forms",,"0",""
"C:\DOCUMENTI\sd\sorgenti\bm-sd\GENERA\modifica kbmtable\UDB.pas","Forms",,"0",""
"C:\DOCUMENTI\sd\sorgenti\bm-sd\GENERA\modifica kbmtable\UMainGenera.pas","Forms",,"0",""
"C:\DOCUMENTI\sd\sorgenti\bm-sd\GENERA\Rebuli modificato CAD\Calcoli\UDatigen.pas","Forms",,"0",""
"C:\DOCUMENTI\sd\sorgenti\bm-sd\GENERA\Rebuli modificato CAD\compnuccio (non aggiornato)\Pcompsel.dpr","Forms",,"0",""
"C:\DOCUMENTI\sd\sorgenti\bm-sd\GENERA\Rebuli modificato CAD\compnuccio (non aggiornato)\Ucompsel.pas","Forms",,"0",""
"C:\DOCUMENTI\sd\sorgenti\bm-sd\GENERA\Rebuli modificato CAD\compnuccio vecchio mandato lazzerini\curve\PCurve.dpr","Forms",,"0",""
"C:\DOCUMENTI\sd\sorgenti\bm-sd\GENERA\Rebuli modificato CAD\compnuccio vecchio mandato lazzerini\curve\UCurve.pas","Forms",,"0",""
"C:\DOCUMENTI\sd\sorgenti\bm-sd\GENERA\Rebuli modificato CAD\compnuccio vecchio mandato lazzerini\curve\Uusacurve.pas","Forms",,"0",""
"C:\DOCUMENTI\sd\sorgenti\bm-sd\GENERA\Rebuli modificato CAD\compnuccio vecchio mandato lazzerini\Pcompsel.dpr","Forms",,"0",""
"C:\DOCUMENTI\sd\sorgenti\bm-sd\GENERA\Rebuli modificato CAD\compnuccio vecchio mandato lazzerini\Terminali.dpr","Forms",,"0",""
"C:\DOCUMENTI\sd\sorgenti\bm-sd\GENERA\Rebuli modificato CAD\compnuccio vecchio mandato lazzerini\Ucompsel.pas","Forms",,"0",""
"C:\DOCUMENTI\sd\sorgenti\bm-sd\GENERA\Rebuli modificato CAD\compnuccio vecchio mandato lazzerini\UDB.pas","Forms",,"0",""
"C:\DOCUMENTI\sd\sorgenti\bm-sd\GENERA\Rebuli modificato CAD\compnuccio vecchio mandato lazzerini\URunComp.pas","Forms",,"0",""
"C:\DOCUMENTI\sd\sorgenti\bm-sd\GENERA\Rebuli modificato CAD\compnuccio vecchio mandato lazzerini\USemplicesel.pas","Forms",,"0",""
"C:\DOCUMENTI\sd\sorgenti\bm-sd\GENERA\Rebuli modificato CAD\compnuccio\Pcompsel.dpr","Forms",,"0",""
"C:\DOCUMENTI\sd\sorgenti\bm-sd\GENERA\Rebuli modificato CAD\compnuccio\Ucompsel.pas","Forms",,"0",""
"C:\DOCUMENTI\sd\sorgenti\bm-sd\GENERA\Rebuli modificato CAD\compnuccio\URunComp.pas","Forms",,"0",""
"C:\DOCUMENTI\sd\sorgenti\bm-sd\GENERA\Rebuli modificato CAD\componenete\Provacomp.dpr","Forms",,"0",""
"C:\DOCUMENTI\sd\sorgenti\bm-sd\GENERA\Rebuli modificato CAD\componenete\Uprovacomp.pas","Forms",,"0",""
"C:\DOCUMENTI\sd\sorgenti\bm-sd\GENERA\Rebuli modificato CAD\Pprovacomp.dpr","Forms",,"0",""
"C:\DOCUMENTI\sd\sorgenti\bm-sd\GENERA\Rebuli modificato CAD\Provacomp.dpr","Forms",,"0",""
"C:\DOCUMENTI\sd\sorgenti\bm-sd\GENERA\Rebuli modificato CAD\PSofrad.dpr","Forms",,"0",""
"C:\DOCUMENTI\sd\sorgenti\bm-sd\GENERA\Rebuli modificato CAD\SofRad.pas","Forms",,"0",""
"C:\DOCUMENTI\sd\sorgenti\bm-sd\GENERA\Rebuli modificato CAD\UDB.pas","Forms",,"0",""
"C:\DOCUMENTI\sd\sorgenti\bm-sd\GENERA\Rebuli modificato CAD\UFormgen.pas","Forms",,"0",""
"C:\DOCUMENTI\sd\sorgenti\bm-sd\GENERA\Rebuli modificato CAD\UListbox.pas","Forms",,"0",""
"C:\DOCUMENTI\sd\sorgenti\bm-sd\GENERA\Rebuli modificato CAD\UListbox1.pas","Forms",,"0",""
"C:\DOCUMENTI\sd\sorgenti\bm-sd\GENERA\Rebuli modificato CAD\UMaskgen.pas","Forms",,"0",""
"C:\DOCUMENTI\sd\sorgenti\bm-sd\GENERA\Rebuli modificato CAD\UPrepStampe.pas","Forms",,"0",""
"C:\DOCUMENTI\sd\sorgenti\bm-sd\GENERA\Rebuli modificato CAD\UProvacomp.pas","Forms",,"0",""
"C:\DOCUMENTI\sd\sorgenti\bm-sd\GENERA\Rebuli modificato CAD\UProvacomp1.pas","Forms",,"0",""
"C:\DOCUMENTI\sd\sorgenti\bm-sd\GENERA\Rebuli modificato CAD\USceltaPann.pas","Forms",,"0",""
"C:\DOCUMENTI\sd\sorgenti\bm-sd\GENERA\Rebuli modificato CAD\Ustampa2.pas","Forms",,"0",""
"C:\DOCUMENTI\sd\sorgenti\bm-sd\GENERA\Rebuli modificato CAD\UStampe.pas","Forms",,"0",""
"C:\DOCUMENTI\sd\sorgenti\bm-sd\GENERA\UDB.pas","Forms",,"0",""
"C:\DOCUMENTI\sd\sorgenti\bm-sd\GENERA\UMainGenera.pas","Forms",,"0",""
"C:\DOCUMENTI\sd\sorgenti\bm-sd\librerie_generali\Gest_form.pas","Forms",,"0",""
"C:\DOCUMENTI\sd\sorgenti\bm-sd\GENERA\distribuzione\libreriedatabase\Ucompilafrontiere.pas","GestioneGrafico",,"4","C:\DOCUMENTI\bmsistemi\drivep\prjs\cpi win clima\Versione_10\comuni\GestioneGrafico.pas | C:\DOCUMENTI\bmsistemi\drivepsviluppo\prjs\cpi win clima\versione_10\comuni\GestioneGrafico.pas | C:\DOCUMENTI\bmsistemi\drivepsviluppo\prjs\cpi win clima\versione_10 nuova\comuni\GestioneGrafico.pas | C:\DOCUMENTI\bmsistemi\drivepsviluppo\prjs\cpi win clima\versione_10 ripristinata\comuni\GestioneGrafico.pas"
"C:\DOCUMENTI\sd\sorgenti\bm-sd\GENERA\distribuzione\libreriedatabase\UCompilaFrontiere_a.pas","GestioneGrafico",,"4","C:\DOCUMENTI\bmsistemi\drivep\prjs\cpi win clima\Versione_10\comuni\GestioneGrafico.pas | C:\DOCUMENTI\bmsistemi\drivepsviluppo\prjs\cpi win clima\versione_10\comuni\GestioneGrafico.pas | C:\DOCUMENTI\bmsistemi\drivepsviluppo\prjs\cpi win clima\versione_10 nuova\comuni\GestioneGrafico.pas | C:\DOCUMENTI\bmsistemi\drivepsviluppo\prjs\cpi win clima\versione_10 ripristinata\comuni\GestioneGrafico.pas"
"C:\DOCUMENTI\sd\sorgenti\bm-sd\GENERA\distribuzione\Gestione_Nomedatabase.pas","Graphics",,"0",""
"C:\DOCUMENTI\sd\sorgenti\bm-sd\GENERA\distribuzione\libreriedatabase\SceltaA.pas","Graphics",,"0",""
"C:\DOCUMENTI\sd\sorgenti\bm-sd\GENERA\distribuzione\libreriedatabase\UmessaggiDB.pas","Graphics",,"0",""
"C:\DOCUMENTI\sd\sorgenti\bm-sd\GENERA\distribuzione\MainGestionegenera.pas","Graphics",,"0",""
"C:\DOCUMENTI\sd\sorgenti\bm-sd\GENERA\gestione\GestDB.pas","Graphics",,"0",""
"C:\DOCUMENTI\sd\sorgenti\bm-sd\GENERA\gestione\Gestione_Nomedatabase.pas","Graphics",,"0",""
"C:\DOCUMENTI\sd\sorgenti\bm-sd\GENERA\gestione\MainGestionegenera.pas","Graphics",,"0",""
"C:\DOCUMENTI\sd\sorgenti\bm-sd\GENERA\gestione\Modello_form.pas","Graphics",,"0",""
"C:\DOCUMENTI\sd\sorgenti\bm-sd\GENERA\gestione\Unit1.pas","Graphics",,"0",""
"C:\DOCUMENTI\sd\sorgenti\bm-sd\GENERA\modifica kbmtable\UDB.pas","Graphics",,"0",""
"C:\DOCUMENTI\sd\sorgenti\bm-sd\GENERA\modifica kbmtable\UMainGenera.pas","Graphics",,"0",""
"C:\DOCUMENTI\sd\sorgenti\bm-sd\GENERA\Rebuli modificato CAD\Calcoli\UDatigen.pas","Graphics",,"0",""
"C:\DOCUMENTI\sd\sorgenti\bm-sd\GENERA\Rebuli modificato CAD\compnuccio (non aggiornato)\Ucompsel.pas","Graphics",,"0",""
"C:\DOCUMENTI\sd\sorgenti\bm-sd\GENERA\Rebuli modificato CAD\compnuccio vecchio mandato lazzerini\curve\UCurve.pas","Graphics",,"0",""
"C:\DOCUMENTI\sd\sorgenti\bm-sd\GENERA\Rebuli modificato CAD\compnuccio vecchio mandato lazzerini\curve\Uusacurve.pas","Graphics",,"0",""
"C:\DOCUMENTI\sd\sorgenti\bm-sd\GENERA\Rebuli modificato CAD\compnuccio vecchio mandato lazzerini\Ucompsel.pas","Graphics",,"0",""
"C:\DOCUMENTI\sd\sorgenti\bm-sd\GENERA\Rebuli modificato CAD\compnuccio vecchio mandato lazzerini\UDB.pas","Graphics",,"0",""
"C:\DOCUMENTI\sd\sorgenti\bm-sd\GENERA\Rebuli modificato CAD\compnuccio vecchio mandato lazzerini\URunComp.pas","Graphics",,"0",""
"C:\DOCUMENTI\sd\sorgenti\bm-sd\GENERA\Rebuli modificato CAD\compnuccio vecchio mandato lazzerini\USemplicesel.pas","Graphics",,"0",""
"C:\DOCUMENTI\sd\sorgenti\bm-sd\GENERA\Rebuli modificato CAD\compnuccio\Ucompsel.pas","Graphics",,"0",""
"C:\DOCUMENTI\sd\sorgenti\bm-sd\GENERA\Rebuli modificato CAD\compnuccio\URunComp.pas","Graphics",,"0",""
"C:\DOCUMENTI\sd\sorgenti\bm-sd\GENERA\Rebuli modificato CAD\componenete\Uprovacomp.pas","Graphics",,"0",""
"C:\DOCUMENTI\sd\sorgenti\bm-sd\GENERA\Rebuli modificato CAD\Grafica.pas","graphics",,"0",""
"C:\DOCUMENTI\sd\sorgenti\bm-sd\GENERA\Rebuli modificato CAD\SofRad.pas","Graphics",,"0",""
"C:\DOCUMENTI\sd\sorgenti\bm-sd\GENERA\Rebuli modificato CAD\UDB.pas","Graphics",,"0",""
"C:\DOCUMENTI\sd\sorgenti\bm-sd\GENERA\Rebuli modificato CAD\UFormgen.pas","Graphics",,"0",""
"C:\DOCUMENTI\sd\sorgenti\bm-sd\GENERA\Rebuli modificato CAD\UInterattiva.pas","Graphics",,"0",""
"C:\DOCUMENTI\sd\sorgenti\bm-sd\GENERA\Rebuli modificato CAD\UListbox.pas","Graphics",,"0",""
"C:\DOCUMENTI\sd\sorgenti\bm-sd\GENERA\Rebuli modificato CAD\UListbox1.pas","Graphics",,"0",""
"C:\DOCUMENTI\sd\sorgenti\bm-sd\GENERA\Rebuli modificato CAD\UMaskgen.pas","Graphics",,"0",""
"C:\DOCUMENTI\sd\sorgenti\bm-sd\GENERA\Rebuli modificato CAD\UPrepStampe.pas","Graphics",,"0",""
"C:\DOCUMENTI\sd\sorgenti\bm-sd\GENERA\Rebuli modificato CAD\UProvacomp.pas","Graphics",,"0",""
"C:\DOCUMENTI\sd\sorgenti\bm-sd\GENERA\Rebuli modificato CAD\UProvacomp1.pas","Graphics",,"0",""
"C:\DOCUMENTI\sd\sorgenti\bm-sd\GENERA\Rebuli modificato CAD\USceltaPann.pas","Graphics",,"0",""
"C:\DOCUMENTI\sd\sorgenti\bm-sd\GENERA\Rebuli modificato CAD\Ustampa2.pas","Graphics",,"0",""
"C:\DOCUMENTI\sd\sorgenti\bm-sd\GENERA\Rebuli modificato CAD\UStampe.pas","Graphics",,"0",""
"C:\DOCUMENTI\sd\sorgenti\bm-sd\GENERA\UDB.pas","Graphics",,"0",""
"C:\DOCUMENTI\sd\sorgenti\bm-sd\GENERA\UMainGenera.pas","Graphics",,"0",""
"C:\DOCUMENTI\sd\sorgenti\bm-sd\librerie_generali\Gest_form.pas","Graphics",,"0",""
"C:\DOCUMENTI\sd\sorgenti\bm-sd\GENERA\distribuzione\Gestione_Nomedatabase.pas","Grids",,"0",""
"C:\DOCUMENTI\sd\sorgenti\bm-sd\GENERA\distribuzione\libreriedatabase\SceltaA.pas","Grids",,"0",""
"C:\DOCUMENTI\sd\sorgenti\bm-sd\GENERA\gestione\GestDB.pas","Grids",,"0",""
"C:\DOCUMENTI\sd\sorgenti\bm-sd\GENERA\gestione\Gestione_Nomedatabase.pas","Grids",,"0",""
"C:\DOCUMENTI\sd\sorgenti\bm-sd\GENERA\gestione\Modello_form.pas","Grids",,"0",""
"C:\DOCUMENTI\sd\sorgenti\bm-sd\GENERA\modifica kbmtable\UMainGenera.pas","Grids",,"0",""
"C:\DOCUMENTI\sd\sorgenti\bm-sd\GENERA\Rebuli modificato CAD\compnuccio (non aggiornato)\Ucompsel.pas","Grids",,"0",""
"C:\DOCUMENTI\sd\sorgenti\bm-sd\GENERA\Rebuli modificato CAD\compnuccio vecchio mandato lazzerini\curve\Uusacurve.pas","Grids",,"0",""
"C:\DOCUMENTI\sd\sorgenti\bm-sd\GENERA\Rebuli modificato CAD\compnuccio vecchio mandato lazzerini\Ucompsel.pas","Grids",,"0",""
"C:\DOCUMENTI\sd\sorgenti\bm-sd\GENERA\Rebuli modificato CAD\compnuccio vecchio mandato lazzerini\URunComp.pas","Grids",,"0",""
"C:\DOCUMENTI\sd\sorgenti\bm-sd\GENERA\Rebuli modificato CAD\compnuccio vecchio mandato lazzerini\USemplicesel.pas","Grids",,"0",""
"C:\DOCUMENTI\sd\sorgenti\bm-sd\GENERA\Rebuli modificato CAD\compnuccio\Ucompsel.pas","Grids",,"0",""
"C:\DOCUMENTI\sd\sorgenti\bm-sd\GENERA\Rebuli modificato CAD\SofRad.pas","Grids",,"0",""
"C:\DOCUMENTI\sd\sorgenti\bm-sd\GENERA\Rebuli modificato CAD\UFormgen.pas","Grids",,"0",""
"C:\DOCUMENTI\sd\sorgenti\bm-sd\GENERA\UMainGenera.pas","Grids",,"0",""
"C:\DOCUMENTI\sd\sorgenti\bm-sd\librerie_generali\Gest_form.pas","Grids",,"0",""
"C:\DOCUMENTI\sd\sorgenti\bm-sd\componenti\kbmmem\bdenew\DbTables.pas","kbmMemCSVStreamFormat",,"4","C:\DOCUMENTI\bmsistemi\drivep\Comp\Source\Vari\Copia di KbmMemTab\kbmMemCSVStreamFormat.pas | C:\DOCUMENTI\bmsistemi\drivep\Comp\Source\Vari\KbmMemTab\kbmMemCSVStreamFormat.pas | C:\DOCUMENTI\bmsistemi\drivepsviluppo\Comp\Source\Vari\Copia di KbmMemTab\kbmMemCSVStreamFormat.pas | C:\DOCUMENTI\bmsistemi\drivepsviluppo\Comp\Source\Vari\KbmMemTab\kbmMemCSVStreamFormat.pas"
"C:\DOCUMENTI\sd\sorgenti\bm-sd\componenti\kbmmem\bdenew\DbTables.pas","kbmMemTable",,"4","C:\DOCUMENTI\bmsistemi\drivep\Comp\Source\Vari\Copia di KbmMemTab\kbmMemTable.pas | C:\DOCUMENTI\bmsistemi\drivep\Comp\Source\Vari\KbmMemTab\kbmMemTable.pas | C:\DOCUMENTI\bmsistemi\drivepsviluppo\Comp\Source\Vari\Copia di KbmMemTab\kbmMemTable.pas | C:\DOCUMENTI\bmsistemi\drivepsviluppo\Comp\Source\Vari\KbmMemTab\kbmMemTable.pas"
"C:\DOCUMENTI\sd\sorgenti\bm-sd\GENERA\distribuzione\libreriedatabase\inmemoria\Udb.pas","kbmMemTable",,"4","C:\DOCUMENTI\bmsistemi\drivep\Comp\Source\Vari\Copia di KbmMemTab\kbmMemTable.pas | C:\DOCUMENTI\bmsistemi\drivep\Comp\Source\Vari\KbmMemTab\kbmMemTable.pas | C:\DOCUMENTI\bmsistemi\drivepsviluppo\Comp\Source\Vari\Copia di KbmMemTab\kbmMemTable.pas | C:\DOCUMENTI\bmsistemi\drivepsviluppo\Comp\Source\Vari\KbmMemTab\kbmMemTable.pas"
"C:\DOCUMENTI\sd\sorgenti\bm-sd\GENERA\distribuzione\libreriedatabase\KTUDB.pas","kbmMemTable",,"4","C:\DOCUMENTI\bmsistemi\drivep\Comp\Source\Vari\Copia di KbmMemTab\kbmMemTable.pas | C:\DOCUMENTI\bmsistemi\drivep\Comp\Source\Vari\KbmMemTab\kbmMemTable.pas | C:\DOCUMENTI\bmsistemi\drivepsviluppo\Comp\Source\Vari\Copia di KbmMemTab\kbmMemTable.pas | C:\DOCUMENTI\bmsistemi\drivepsviluppo\Comp\Source\Vari\KbmMemTab\kbmMemTable.pas"
"C:\DOCUMENTI\sd\sorgenti\bm-sd\GENERA\gestione\generati\UDBT.pas","kbmMemTable",,"4","C:\DOCUMENTI\bmsistemi\drivep\Comp\Source\Vari\Copia di KbmMemTab\kbmMemTable.pas | C:\DOCUMENTI\bmsistemi\drivep\Comp\Source\Vari\KbmMemTab\kbmMemTable.pas | C:\DOCUMENTI\bmsistemi\drivepsviluppo\Comp\Source\Vari\Copia di KbmMemTab\kbmMemTable.pas | C:\DOCUMENTI\bmsistemi\drivepsviluppo\Comp\Source\Vari\KbmMemTab\kbmMemTable.pas"
"C:\DOCUMENTI\sd\sorgenti\bm-sd\GENERA\distribuzione\libreriedatabase\SceltaA.pas","LbSpeedButton",,"4","C:\DOCUMENTI\sd\sorgenti\bm-sd\componenti\lbbutton\LbSpeedButton.pas | C:\DOCUMENTI\bmsistemi\drivep\Comp\Source\Vari\LBButton\LbSpeedButton.pas | C:\DOCUMENTI\bmsistemi\drivep\prjs\cpi win clima\Versione_10 allineamento con emanuela\Componenti\LbSpeedButton.pas | C:\DOCUMENTI\bmsistemi\drivepsviluppo\Comp\Source\Vari\LBButton\LbSpeedButton.pas"
"C:\DOCUMENTI\sd\sorgenti\bm-sd\librerie_generali\Gest_form.pas","LbSpeedButton",,"4","C:\DOCUMENTI\sd\sorgenti\bm-sd\componenti\lbbutton\LbSpeedButton.pas | C:\DOCUMENTI\bmsistemi\drivep\Comp\Source\Vari\LBButton\LbSpeedButton.pas | C:\DOCUMENTI\bmsistemi\drivep\prjs\cpi win clima\Versione_10 allineamento con emanuela\Componenti\LbSpeedButton.pas | C:\DOCUMENTI\bmsistemi\drivepsviluppo\Comp\Source\Vari\LBButton\LbSpeedButton.pas"
"C:\DOCUMENTI\sd\sorgenti\bm-sd\GENERA\distribuzione\libreriedatabase\gestudb.pas","libreriagenerale",,"5","C:\DOCUMENTI\bmsistemi\drivep\prjs\cpi win clima\Versione_10\comuni\LibreriaGenerale.pas | C:\DOCUMENTI\bmsistemi\drivep\prjs\cpi win clima\Versione_10 allineamento con emanuela\comuni\LibreriaGenerale.pas | C:\DOCUMENTI\bmsistemi\drivepsviluppo\prjs\cpi win clima\versione_10\comuni\libreriagenerale.pas | C:\DOCUMENTI\bmsistemi\drivepsviluppo\prjs\cpi win clima\versione_10 nuova\comuni\libreriagenerale.pas | C:\DOCUMENTI\bmsistemi\drivepsviluppo\prjs\cpi win clima\versione_10 ripristinata\comuni\libreriagenerale.pas"
"C:\DOCUMENTI\sd\sorgenti\bm-sd\GENERA\distribuzione\libreriedatabase\inmemoria\Udb.pas","libreriagenerale",,"5","C:\DOCUMENTI\bmsistemi\drivep\prjs\cpi win clima\Versione_10\comuni\LibreriaGenerale.pas | C:\DOCUMENTI\bmsistemi\drivep\prjs\cpi win clima\Versione_10 allineamento con emanuela\comuni\LibreriaGenerale.pas | C:\DOCUMENTI\bmsistemi\drivepsviluppo\prjs\cpi win clima\versione_10\comuni\libreriagenerale.pas | C:\DOCUMENTI\bmsistemi\drivepsviluppo\prjs\cpi win clima\versione_10 nuova\comuni\libreriagenerale.pas | C:\DOCUMENTI\bmsistemi\drivepsviluppo\prjs\cpi win clima\versione_10 ripristinata\comuni\libreriagenerale.pas"
"C:\DOCUMENTI\sd\sorgenti\bm-sd\GENERA\distribuzione\libreriedatabase\SceltaA.pas","libreriagenerale",,"5","C:\DOCUMENTI\bmsistemi\drivep\prjs\cpi win clima\Versione_10\comuni\LibreriaGenerale.pas | C:\DOCUMENTI\bmsistemi\drivep\prjs\cpi win clima\Versione_10 allineamento con emanuela\comuni\LibreriaGenerale.pas | C:\DOCUMENTI\bmsistemi\drivepsviluppo\prjs\cpi win clima\versione_10\comuni\libreriagenerale.pas | C:\DOCUMENTI\bmsistemi\drivepsviluppo\prjs\cpi win clima\versione_10 nuova\comuni\libreriagenerale.pas | C:\DOCUMENTI\bmsistemi\drivepsviluppo\prjs\cpi win clima\versione_10 ripristinata\comuni\libreriagenerale.pas"
"C:\DOCUMENTI\sd\sorgenti\bm-sd\GENERA\distribuzione\libreriedatabase\sudisco\udb.pas","libreriagenerale",,"5","C:\DOCUMENTI\bmsistemi\drivep\prjs\cpi win clima\Versione_10\comuni\LibreriaGenerale.pas | C:\DOCUMENTI\bmsistemi\drivep\prjs\cpi win clima\Versione_10 allineamento con emanuela\comuni\LibreriaGenerale.pas | C:\DOCUMENTI\bmsistemi\drivepsviluppo\prjs\cpi win clima\versione_10\comuni\libreriagenerale.pas | C:\DOCUMENTI\bmsistemi\drivepsviluppo\prjs\cpi win clima\versione_10 nuova\comuni\libreriagenerale.pas | C:\DOCUMENTI\bmsistemi\drivepsviluppo\prjs\cpi win clima\versione_10 ripristinata\comuni\libreriagenerale.pas"
"C:\DOCUMENTI\sd\sorgenti\bm-sd\GENERA\distribuzione\libreriedatabase\UCompilaForm.pas","LibreriaGenerale",,"5","C:\DOCUMENTI\bmsistemi\drivep\prjs\cpi win clima\Versione_10\comuni\LibreriaGenerale.pas | C:\DOCUMENTI\bmsistemi\drivep\prjs\cpi win clima\Versione_10 allineamento con emanuela\comuni\LibreriaGenerale.pas | C:\DOCUMENTI\bmsistemi\drivepsviluppo\prjs\cpi win clima\versione_10\comuni\libreriagenerale.pas | C:\DOCUMENTI\bmsistemi\drivepsviluppo\prjs\cpi win clima\versione_10 nuova\comuni\libreriagenerale.pas | C:\DOCUMENTI\bmsistemi\drivepsviluppo\prjs\cpi win clima\versione_10 ripristinata\comuni\libreriagenerale.pas"
"C:\DOCUMENTI\sd\sorgenti\bm-sd\GENERA\distribuzione\libreriedatabase\Ucompilafrontiere.pas","Libreriagenerale",,"5","C:\DOCUMENTI\bmsistemi\drivep\prjs\cpi win clima\Versione_10\comuni\LibreriaGenerale.pas | C:\DOCUMENTI\bmsistemi\drivep\prjs\cpi win clima\Versione_10 allineamento con emanuela\comuni\LibreriaGenerale.pas | C:\DOCUMENTI\bmsistemi\drivepsviluppo\prjs\cpi win clima\versione_10\comuni\libreriagenerale.pas | C:\DOCUMENTI\bmsistemi\drivepsviluppo\prjs\cpi win clima\versione_10 nuova\comuni\libreriagenerale.pas | C:\DOCUMENTI\bmsistemi\drivepsviluppo\prjs\cpi win clima\versione_10 ripristinata\comuni\libreriagenerale.pas"
"C:\DOCUMENTI\sd\sorgenti\bm-sd\GENERA\distribuzione\libreriedatabase\UCompilaFrontiere_a.pas","Libreriagenerale",,"5","C:\DOCUMENTI\bmsistemi\drivep\prjs\cpi win clima\Versione_10\comuni\LibreriaGenerale.pas | C:\DOCUMENTI\bmsistemi\drivep\prjs\cpi win clima\Versione_10 allineamento con emanuela\comuni\LibreriaGenerale.pas | C:\DOCUMENTI\bmsistemi\drivepsviluppo\prjs\cpi win clima\versione_10\comuni\libreriagenerale.pas | C:\DOCUMENTI\bmsistemi\drivepsviluppo\prjs\cpi win clima\versione_10 nuova\comuni\libreriagenerale.pas | C:\DOCUMENTI\bmsistemi\drivepsviluppo\prjs\cpi win clima\versione_10 ripristinata\comuni\libreriagenerale.pas"
"C:\DOCUMENTI\sd\sorgenti\bm-sd\GENERA\distribuzione\libreriedatabase\UControlli.pas","libreriagenerale",,"5","C:\DOCUMENTI\bmsistemi\drivep\prjs\cpi win clima\Versione_10\comuni\LibreriaGenerale.pas | C:\DOCUMENTI\bmsistemi\drivep\prjs\cpi win clima\Versione_10 allineamento con emanuela\comuni\LibreriaGenerale.pas | C:\DOCUMENTI\bmsistemi\drivepsviluppo\prjs\cpi win clima\versione_10\comuni\libreriagenerale.pas | C:\DOCUMENTI\bmsistemi\drivepsviluppo\prjs\cpi win clima\versione_10 nuova\comuni\libreriagenerale.pas | C:\DOCUMENTI\bmsistemi\drivepsviluppo\prjs\cpi win clima\versione_10 ripristinata\comuni\libreriagenerale.pas"
"C:\DOCUMENTI\sd\sorgenti\bm-sd\GENERA\distribuzione\libreriedatabase\ucorrelato.pas","LibreriaGenerale",,"5","C:\DOCUMENTI\bmsistemi\drivep\prjs\cpi win clima\Versione_10\comuni\LibreriaGenerale.pas | C:\DOCUMENTI\bmsistemi\drivep\prjs\cpi win clima\Versione_10 allineamento con emanuela\comuni\LibreriaGenerale.pas | C:\DOCUMENTI\bmsistemi\drivepsviluppo\prjs\cpi win clima\versione_10\comuni\libreriagenerale.pas | C:\DOCUMENTI\bmsistemi\drivepsviluppo\prjs\cpi win clima\versione_10 nuova\comuni\libreriagenerale.pas | C:\DOCUMENTI\bmsistemi\drivepsviluppo\prjs\cpi win clima\versione_10 ripristinata\comuni\libreriagenerale.pas"
"C:\DOCUMENTI\sd\sorgenti\bm-sd\GENERA\distribuzione\libreriedatabase\UInitmem.pas","libreriagenerale",,"5","C:\DOCUMENTI\bmsistemi\drivep\prjs\cpi win clima\Versione_10\comuni\LibreriaGenerale.pas | C:\DOCUMENTI\bmsistemi\drivep\prjs\cpi win clima\Versione_10 allineamento con emanuela\comuni\LibreriaGenerale.pas | C:\DOCUMENTI\bmsistemi\drivepsviluppo\prjs\cpi win clima\versione_10\comuni\libreriagenerale.pas | C:\DOCUMENTI\bmsistemi\drivepsviluppo\prjs\cpi win clima\versione_10 nuova\comuni\libreriagenerale.pas | C:\DOCUMENTI\bmsistemi\drivepsviluppo\prjs\cpi win clima\versione_10 ripristinata\comuni\libreriagenerale.pas"
"C:\DOCUMENTI\sd\sorgenti\bm-sd\GENERA\distribuzione\MainGestionegenera.pas","libreriagenerale",,"5","C:\DOCUMENTI\bmsistemi\drivep\prjs\cpi win clima\Versione_10\comuni\LibreriaGenerale.pas | C:\DOCUMENTI\bmsistemi\drivep\prjs\cpi win clima\Versione_10 allineamento con emanuela\comuni\LibreriaGenerale.pas | C:\DOCUMENTI\bmsistemi\drivepsviluppo\prjs\cpi win clima\versione_10\comuni\libreriagenerale.pas | C:\DOCUMENTI\bmsistemi\drivepsviluppo\prjs\cpi win clima\versione_10 nuova\comuni\libreriagenerale.pas | C:\DOCUMENTI\bmsistemi\drivepsviluppo\prjs\cpi win clima\versione_10 ripristinata\comuni\libreriagenerale.pas"
"C:\DOCUMENTI\sd\sorgenti\bm-sd\GENERA\distribuzione\Modello_ Init_easy.pas","libreriagenerale",,"5","C:\DOCUMENTI\bmsistemi\drivep\prjs\cpi win clima\Versione_10\comuni\LibreriaGenerale.pas | C:\DOCUMENTI\bmsistemi\drivep\prjs\cpi win clima\Versione_10 allineamento con emanuela\comuni\LibreriaGenerale.pas | C:\DOCUMENTI\bmsistemi\drivepsviluppo\prjs\cpi win clima\versione_10\comuni\libreriagenerale.pas | C:\DOCUMENTI\bmsistemi\drivepsviluppo\prjs\cpi win clima\versione_10 nuova\comuni\libreriagenerale.pas | C:\DOCUMENTI\bmsistemi\drivepsviluppo\prjs\cpi win clima\versione_10 ripristinata\comuni\libreriagenerale.pas"
"C:\DOCUMENTI\sd\sorgenti\bm-sd\GENERA\gestione\generati\UDBT.pas","libreriagenerale",,"5","C:\DOCUMENTI\bmsistemi\drivep\prjs\cpi win clima\Versione_10\comuni\LibreriaGenerale.pas | C:\DOCUMENTI\bmsistemi\drivep\prjs\cpi win clima\Versione_10 allineamento con emanuela\comuni\LibreriaGenerale.pas | C:\DOCUMENTI\bmsistemi\drivepsviluppo\prjs\cpi win clima\versione_10\comuni\libreriagenerale.pas | C:\DOCUMENTI\bmsistemi\drivepsviluppo\prjs\cpi win clima\versione_10 nuova\comuni\libreriagenerale.pas | C:\DOCUMENTI\bmsistemi\drivepsviluppo\prjs\cpi win clima\versione_10 ripristinata\comuni\libreriagenerale.pas"
"C:\DOCUMENTI\sd\sorgenti\bm-sd\GENERA\gestione\Init_easy.pas","libreriagenerale",,"5","C:\DOCUMENTI\bmsistemi\drivep\prjs\cpi win clima\Versione_10\comuni\LibreriaGenerale.pas | C:\DOCUMENTI\bmsistemi\drivep\prjs\cpi win clima\Versione_10 allineamento con emanuela\comuni\LibreriaGenerale.pas | C:\DOCUMENTI\bmsistemi\drivepsviluppo\prjs\cpi win clima\versione_10\comuni\libreriagenerale.pas | C:\DOCUMENTI\bmsistemi\drivepsviluppo\prjs\cpi win clima\versione_10 nuova\comuni\libreriagenerale.pas | C:\DOCUMENTI\bmsistemi\drivepsviluppo\prjs\cpi win clima\versione_10 ripristinata\comuni\libreriagenerale.pas"
"C:\DOCUMENTI\sd\sorgenti\bm-sd\GENERA\gestione\MainGestionegenera.pas","libreriagenerale",,"5","C:\DOCUMENTI\bmsistemi\drivep\prjs\cpi win clima\Versione_10\comuni\LibreriaGenerale.pas | C:\DOCUMENTI\bmsistemi\drivep\prjs\cpi win clima\Versione_10 allineamento con emanuela\comuni\LibreriaGenerale.pas | C:\DOCUMENTI\bmsistemi\drivepsviluppo\prjs\cpi win clima\versione_10\comuni\libreriagenerale.pas | C:\DOCUMENTI\bmsistemi\drivepsviluppo\prjs\cpi win clima\versione_10 nuova\comuni\libreriagenerale.pas | C:\DOCUMENTI\bmsistemi\drivepsviluppo\prjs\cpi win clima\versione_10 ripristinata\comuni\libreriagenerale.pas"
"C:\DOCUMENTI\sd\sorgenti\bm-sd\GENERA\gestione\Modello_ Init_easy.pas","libreriagenerale",,"5","C:\DOCUMENTI\bmsistemi\drivep\prjs\cpi win clima\Versione_10\comuni\LibreriaGenerale.pas | C:\DOCUMENTI\bmsistemi\drivep\prjs\cpi win clima\Versione_10 allineamento con emanuela\comuni\LibreriaGenerale.pas | C:\DOCUMENTI\bmsistemi\drivepsviluppo\prjs\cpi win clima\versione_10\comuni\libreriagenerale.pas | C:\DOCUMENTI\bmsistemi\drivepsviluppo\prjs\cpi win clima\versione_10 nuova\comuni\libreriagenerale.pas | C:\DOCUMENTI\bmsistemi\drivepsviluppo\prjs\cpi win clima\versione_10 ripristinata\comuni\libreriagenerale.pas"
"C:\DOCUMENTI\sd\sorgenti\bm-sd\GENERA\modifica kbmtable\assembla.pas","libreriagenerale",,"5","C:\DOCUMENTI\bmsistemi\drivep\prjs\cpi win clima\Versione_10\comuni\LibreriaGenerale.pas | C:\DOCUMENTI\bmsistemi\drivep\prjs\cpi win clima\Versione_10 allineamento con emanuela\comuni\LibreriaGenerale.pas | C:\DOCUMENTI\bmsistemi\drivepsviluppo\prjs\cpi win clima\versione_10\comuni\libreriagenerale.pas | C:\DOCUMENTI\bmsistemi\drivepsviluppo\prjs\cpi win clima\versione_10 nuova\comuni\libreriagenerale.pas | C:\DOCUMENTI\bmsistemi\drivepsviluppo\prjs\cpi win clima\versione_10 ripristinata\comuni\libreriagenerale.pas"
"C:\DOCUMENTI\sd\sorgenti\bm-sd\librerie_generali\Gest_form.pas","libreriagenerale",,"5","C:\DOCUMENTI\bmsistemi\drivep\prjs\cpi win clima\Versione_10\comuni\LibreriaGenerale.pas | C:\DOCUMENTI\bmsistemi\drivep\prjs\cpi win clima\Versione_10 allineamento con emanuela\comuni\LibreriaGenerale.pas | C:\DOCUMENTI\bmsistemi\drivepsviluppo\prjs\cpi win clima\versione_10\comuni\libreriagenerale.pas | C:\DOCUMENTI\bmsistemi\drivepsviluppo\prjs\cpi win clima\versione_10 nuova\comuni\libreriagenerale.pas | C:\DOCUMENTI\bmsistemi\drivepsviluppo\prjs\cpi win clima\versione_10 ripristinata\comuni\libreriagenerale.pas"
"C:\DOCUMENTI\sd\sorgenti\bm-sd\GENERA\distribuzione\libreriedatabase\Ucompilafrontiere.pas","MainForm",,"57","C:\DOCUMENTI\sd\sorgenti\bm-sd\CpiWinClimaBM\MainForm.dpr | C:\DOCUMENTI\sd\sorgenti\bm-sd\estivo\MainForm.pas | C:\DOCUMENTI\sd\sorgenti\bm-sd\estivo\codeg\MainForm.pas | C:\DOCUMENTI\sd\sorgenti\bm-sd\estivo_13\MainForm.pas | C:\DOCUMENTI\bmsistemi\drivep\Comp\Source\EurekaLog 4\Delphi6\Demos\GUI\MainForm.pas | C:\DOCUMENTI\bmsistemi\drivep\Comp\Source\EurekaLog 4\Delphi6\Demos\IntraWeb 5.0\MainForm.pas | C:\DOCUMENTI\bmsistemi\drivep\Comp\Source\EurekaLog 4\Delphi6\Demos\IntraWeb 5.1\MainForm.pas | C:\DOCUMENTI\bmsistemi\drivep\Comp\Source\EurekaLog 4\Delphi6\Demos\IntraWeb 6-7\MainForm.pas | C:\DOCUMENTI\bmsistemi\drivep\Comp\Source\EurekaLog 4\Delphi9\Demos\GUI\MainForm.pas | C:\DOCUMENTI\bmsistemi\drivep\Comp\Source\EurekaLog 4\Delphi9\Demos\IntraWeb 5.0\MainForm.pas | C:\DOCUMENTI\bmsistemi\drivep\Comp\Source\EurekaLog 4\Delphi9\Demos\IntraWeb 5.1\MainForm.pas | C:\DOCUMENTI\bmsistemi\drivep\Comp\Source\EurekaLog 4\Delphi9\Demos\IntraWeb 6-7\MainForm.pas | C:\DOCUMENTI\bmsistemi\drivep\Comp\Source\EurekaLog 4\EurekaLog 4\Delphi6\Demos\GUI\MainForm.pas | C:\DOCUMENTI\bmsistemi\drivep\Comp\Source\EurekaLog 4\EurekaLog 4\Delphi6\Demos\IntraWeb 5.0\MainForm.pas | C:\DOCUMENTI\bmsistemi\drivep\Comp\Source\EurekaLog 4\EurekaLog 4\Delphi6\Demos\IntraWeb 5.1\MainForm.pas | C:\DOCUMENTI\bmsistemi\drivep\Comp\Source\EurekaLog 4\EurekaLog 4\Delphi6\Demos\IntraWeb 6-7\MainForm.pas | C:\DOCUMENTI\bmsistemi\drivep\Comp\Source\EurekaLog 4\EurekaLog 4\Delphi9\Demos\GUI\MainForm.pas | C:\DOCUMENTI\bmsistemi\drivep\Comp\Source\EurekaLog 4\EurekaLog 4\Delphi9\Demos\IntraWeb 5.0\MainForm.pas | C:\DOCUMENTI\bmsistemi\drivep\Comp\Source\EurekaLog 4\EurekaLog 4\Delphi9\Demos\IntraWeb 5.1\MainForm.pas | C:\DOCUMENTI\bmsistemi\drivep\Comp\Source\EurekaLog 4\EurekaLog 4\Delphi9\Demos\IntraWeb 6-7\MainForm.pas | C:\DOCUMENTI\bmsistemi\drivep\prjs\cpi win clima\Versione_10\CARICHI\calcoli\estivo\MainForm.pas | C:\DOCUMENTI\bmsistemi\drivep\prjs\cpi win clima\Versione_10\CARICHI\calcoli\estivo\Forms_12\MainForm.pas | C:\DOCUMENTI\bmsistemi\drivep\prjs\cpi win clima\Versione_10\CARICHI\calcoli\estivo13\MainForm.pas | C:\DOCUMENTI\bmsistemi\drivep\prjs\cpi win clima\Versione_10\CARICHI\calcoli\estivo13\Forms_12\MainForm.pas | C:\DOCUMENTI\bmsistemi\drivep\prjs\cpi win clima\Versione_10 allineamento con emanuela\CARICHI\calcoli\estivo\MainForm.pas | C:\DOCUMENTI\bmsistemi\drivep\prjs\cpi win clima\Versione_10 allineamento con emanuela\CARICHI\calcoli\estivo\Forms_12\MainForm.pas | C:\DOCUMENTI\bmsistemi\drivepsviluppo\Comp\Source\EurekaLog 4\Delphi6\Demos\GUI\MainForm.pas | C:\DOCUMENTI\bmsistemi\drivepsviluppo\Comp\Source\EurekaLog 4\Delphi6\Demos\IntraWeb 5.0\MainForm.pas | C:\DOCUMENTI\bmsistemi\drivepsviluppo\Comp\Source\EurekaLog 4\Delphi6\Demos\IntraWeb 5.1\MainForm.pas | C:\DOCUMENTI\bmsistemi\drivepsviluppo\Comp\Source\EurekaLog 4\Delphi6\Demos\IntraWeb 6-7\MainForm.pas | C:\DOCUMENTI\bmsistemi\drivepsviluppo\Comp\Source\EurekaLog 4\Delphi9\Demos\GUI\MainForm.pas | C:\DOCUMENTI\bmsistemi\drivepsviluppo\Comp\Source\EurekaLog 4\Delphi9\Demos\IntraWeb 5.0\MainForm.pas | C:\DOCUMENTI\bmsistemi\drivepsviluppo\Comp\Source\EurekaLog 4\Delphi9\Demos\IntraWeb 5.1\MainForm.pas | C:\DOCUMENTI\bmsistemi\drivepsviluppo\Comp\Source\EurekaLog 4\Delphi9\Demos\IntraWeb 6-7\MainForm.pas | C:\DOCUMENTI\bmsistemi\drivepsviluppo\Comp\Source\EurekaLog 4\EurekaLog 4\Delphi6\Demos\GUI\MainForm.pas | C:\DOCUMENTI\bmsistemi\drivepsviluppo\Comp\Source\EurekaLog 4\EurekaLog 4\Delphi6\Demos\IntraWeb 5.0\MainForm.pas | C:\DOCUMENTI\bmsistemi\drivepsviluppo\Comp\Source\EurekaLog 4\EurekaLog 4\Delphi6\Demos\IntraWeb 5.1\MainForm.pas | C:\DOCUMENTI\bmsistemi\drivepsviluppo\Comp\Source\EurekaLog 4\EurekaLog 4\Delphi6\Demos\IntraWeb 6-7\MainForm.pas | C:\DOCUMENTI\bmsistemi\drivepsviluppo\Comp\Source\EurekaLog 4\EurekaLog 4\Delphi9\Demos\GUI\MainForm.pas | C:\DOCUMENTI\bmsistemi\drivepsviluppo\Comp\Source\EurekaLog 4\EurekaLog 4\Delphi9\Demos\IntraWeb 5.0\MainForm.pas | C:\DOCUMENTI\bmsistemi\drivepsviluppo\Comp\Source\EurekaLog 4\EurekaLog 4\Delphi9\Demos\IntraWeb 5.1\MainForm.pas | C:\DOCUMENTI\bmsistemi\drivepsviluppo\Comp\Source\EurekaLog 4\EurekaLog 4\Delphi9\Demos\IntraWeb 6-7\MainForm.pas | C:\DOCUMENTI\bmsistemi\drivepsviluppo\prjs\cpi win clima\versione_10\allineamento emanuela\CodiciEstivo\Versione_10\CARICHI\calcoli\estivo\MainForm.pas | C:\DOCUMENTI\bmsistemi\drivepsviluppo\prjs\cpi win clima\versione_10\allineamento emanuela\CodiciEstivo\Versione_10\CARICHI\calcoli\estivo\Forms_12\MainForm.pas | C:\DOCUMENTI\bmsistemi\drivepsviluppo\prjs\cpi win clima\versione_10\CadEsterno\MainForm.dpr | C:\DOCUMENTI\bmsistemi\drivepsviluppo\prjs\cpi win clima\versione_10\CARICHI\calcoli\estivo\Forms_12\mainform.pas | C:\DOCUMENTI\bmsistemi\drivepsviluppo\prjs\cpi win clima\versione_10\progetto test con multitabelle\Mainform.pas | C:\DOCUMENTI\bmsistemi\drivepsviluppo\prjs\cpi win clima\versione_10 nuova\allineamento emanuela\CodiciEstivo\Versione_10\CARICHI\calcoli\estivo\MainForm.pas | C:\DOCUMENTI\bmsistemi\drivepsviluppo\prjs\cpi win clima\versione_10 nuova\allineamento emanuela\CodiciEstivo\Versione_10\CARICHI\calcoli\estivo\Forms_12\MainForm.pas | C:\DOCUMENTI\bmsistemi\drivepsviluppo\prjs\cpi win clima\versione_10 nuova\CadEsterno\MainForm.dpr | C:\DOCUMENTI\bmsistemi\drivepsviluppo\prjs\cpi win clima\versione_10 nuova\CARICHI\calcoli\estivo\Forms_12\mainform.pas | C:\DOCUMENTI\bmsistemi\drivepsviluppo\prjs\cpi win clima\versione_10 nuova\progetto test con multitabelle\Mainform.pas | C:\DOCUMENTI\bmsistemi\drivepsviluppo\prjs\cpi win clima\versione_10 ripristinata\allineamento emanuela\CodiciEstivo\Versione_10\CARICHI\calcoli\estivo\MainForm.pas | C:\DOCUMENTI\bmsistemi\drivepsviluppo\prjs\cpi win clima\versione_10 ripristinata\allineamento emanuela\CodiciEstivo\Versione_10\CARICHI\calcoli\estivo\Forms_12\MainForm.pas | C:\DOCUMENTI\bmsistemi\drivepsviluppo\prjs\cpi win clima\versione_10 ripristinata\CadEsterno\MainForm.dpr | C:\DOCUMENTI\bmsistemi\drivepsviluppo\prjs\cpi win clima\versione_10 ripristinata\CARICHI\calcoli\estivo\Forms_12\mainform.pas | C:\DOCUMENTI\bmsistemi\drivepsviluppo\prjs\cpi win clima\versione_10 ripristinata\progetto test con multitabelle\Mainform.pas"
"C:\DOCUMENTI\sd\sorgenti\bm-sd\GENERA\distribuzione\libreriedatabase\UCompilaFrontiere_a.pas","MainForm",,"57","C:\DOCUMENTI\sd\sorgenti\bm-sd\CpiWinClimaBM\MainForm.dpr | C:\DOCUMENTI\sd\sorgenti\bm-sd\estivo\MainForm.pas | C:\DOCUMENTI\sd\sorgenti\bm-sd\estivo\codeg\MainForm.pas | C:\DOCUMENTI\sd\sorgenti\bm-sd\estivo_13\MainForm.pas | C:\DOCUMENTI\bmsistemi\drivep\Comp\Source\EurekaLog 4\Delphi6\Demos\GUI\MainForm.pas | C:\DOCUMENTI\bmsistemi\drivep\Comp\Source\EurekaLog 4\Delphi6\Demos\IntraWeb 5.0\MainForm.pas | C:\DOCUMENTI\bmsistemi\drivep\Comp\Source\EurekaLog 4\Delphi6\Demos\IntraWeb 5.1\MainForm.pas | C:\DOCUMENTI\bmsistemi\drivep\Comp\Source\EurekaLog 4\Delphi6\Demos\IntraWeb 6-7\MainForm.pas | C:\DOCUMENTI\bmsistemi\drivep\Comp\Source\EurekaLog 4\Delphi9\Demos\GUI\MainForm.pas | C:\DOCUMENTI\bmsistemi\drivep\Comp\Source\EurekaLog 4\Delphi9\Demos\IntraWeb 5.0\MainForm.pas | C:\DOCUMENTI\bmsistemi\drivep\Comp\Source\EurekaLog 4\Delphi9\Demos\IntraWeb 5.1\MainForm.pas | C:\DOCUMENTI\bmsistemi\drivep\Comp\Source\EurekaLog 4\Delphi9\Demos\IntraWeb 6-7\MainForm.pas | C:\DOCUMENTI\bmsistemi\drivep\Comp\Source\EurekaLog 4\EurekaLog 4\Delphi6\Demos\GUI\MainForm.pas | C:\DOCUMENTI\bmsistemi\drivep\Comp\Source\EurekaLog 4\EurekaLog 4\Delphi6\Demos\IntraWeb 5.0\MainForm.pas | C:\DOCUMENTI\bmsistemi\drivep\Comp\Source\EurekaLog 4\EurekaLog 4\Delphi6\Demos\IntraWeb 5.1\MainForm.pas | C:\DOCUMENTI\bmsistemi\drivep\Comp\Source\EurekaLog 4\EurekaLog 4\Delphi6\Demos\IntraWeb 6-7\MainForm.pas | C:\DOCUMENTI\bmsistemi\drivep\Comp\Source\EurekaLog 4\EurekaLog 4\Delphi9\Demos\GUI\MainForm.pas | C:\DOCUMENTI\bmsistemi\drivep\Comp\Source\EurekaLog 4\EurekaLog 4\Delphi9\Demos\IntraWeb 5.0\MainForm.pas | C:\DOCUMENTI\bmsistemi\drivep\Comp\Source\EurekaLog 4\EurekaLog 4\Delphi9\Demos\IntraWeb 5.1\MainForm.pas | C:\DOCUMENTI\bmsistemi\drivep\Comp\Source\EurekaLog 4\EurekaLog 4\Delphi9\Demos\IntraWeb 6-7\MainForm.pas | C:\DOCUMENTI\bmsistemi\drivep\prjs\cpi win clima\Versione_10\CARICHI\calcoli\estivo\MainForm.pas | C:\DOCUMENTI\bmsistemi\drivep\prjs\cpi win clima\Versione_10\CARICHI\calcoli\estivo\Forms_12\MainForm.pas | C:\DOCUMENTI\bmsistemi\drivep\prjs\cpi win clima\Versione_10\CARICHI\calcoli\estivo13\MainForm.pas | C:\DOCUMENTI\bmsistemi\drivep\prjs\cpi win clima\Versione_10\CARICHI\calcoli\estivo13\Forms_12\MainForm.pas | C:\DOCUMENTI\bmsistemi\drivep\prjs\cpi win clima\Versione_10 allineamento con emanuela\CARICHI\calcoli\estivo\MainForm.pas | C:\DOCUMENTI\bmsistemi\drivep\prjs\cpi win clima\Versione_10 allineamento con emanuela\CARICHI\calcoli\estivo\Forms_12\MainForm.pas | C:\DOCUMENTI\bmsistemi\drivepsviluppo\Comp\Source\EurekaLog 4\Delphi6\Demos\GUI\MainForm.pas | C:\DOCUMENTI\bmsistemi\drivepsviluppo\Comp\Source\EurekaLog 4\Delphi6\Demos\IntraWeb 5.0\MainForm.pas | C:\DOCUMENTI\bmsistemi\drivepsviluppo\Comp\Source\EurekaLog 4\Delphi6\Demos\IntraWeb 5.1\MainForm.pas | C:\DOCUMENTI\bmsistemi\drivepsviluppo\Comp\Source\EurekaLog 4\Delphi6\Demos\IntraWeb 6-7\MainForm.pas | C:\DOCUMENTI\bmsistemi\drivepsviluppo\Comp\Source\EurekaLog 4\Delphi9\Demos\GUI\MainForm.pas | C:\DOCUMENTI\bmsistemi\drivepsviluppo\Comp\Source\EurekaLog 4\Delphi9\Demos\IntraWeb 5.0\MainForm.pas | C:\DOCUMENTI\bmsistemi\drivepsviluppo\Comp\Source\EurekaLog 4\Delphi9\Demos\IntraWeb 5.1\MainForm.pas | C:\DOCUMENTI\bmsistemi\drivepsviluppo\Comp\Source\EurekaLog 4\Delphi9\Demos\IntraWeb 6-7\MainForm.pas | C:\DOCUMENTI\bmsistemi\drivepsviluppo\Comp\Source\EurekaLog 4\EurekaLog 4\Delphi6\Demos\GUI\MainForm.pas | C:\DOCUMENTI\bmsistemi\drivepsviluppo\Comp\Source\EurekaLog 4\EurekaLog 4\Delphi6\Demos\IntraWeb 5.0\MainForm.pas | C:\DOCUMENTI\bmsistemi\drivepsviluppo\Comp\Source\EurekaLog 4\EurekaLog 4\Delphi6\Demos\IntraWeb 5.1\MainForm.pas | C:\DOCUMENTI\bmsistemi\drivepsviluppo\Comp\Source\EurekaLog 4\EurekaLog 4\Delphi6\Demos\IntraWeb 6-7\MainForm.pas | C:\DOCUMENTI\bmsistemi\drivepsviluppo\Comp\Source\EurekaLog 4\EurekaLog 4\Delphi9\Demos\GUI\MainForm.pas | C:\DOCUMENTI\bmsistemi\drivepsviluppo\Comp\Source\EurekaLog 4\EurekaLog 4\Delphi9\Demos\IntraWeb 5.0\MainForm.pas | C:\DOCUMENTI\bmsistemi\drivepsviluppo\Comp\Source\EurekaLog 4\EurekaLog 4\Delphi9\Demos\IntraWeb 5.1\MainForm.pas | C:\DOCUMENTI\bmsistemi\drivepsviluppo\Comp\Source\EurekaLog 4\EurekaLog 4\Delphi9\Demos\IntraWeb 6-7\MainForm.pas | C:\DOCUMENTI\bmsistemi\drivepsviluppo\prjs\cpi win clima\versione_10\allineamento emanuela\CodiciEstivo\Versione_10\CARICHI\calcoli\estivo\MainForm.pas | C:\DOCUMENTI\bmsistemi\drivepsviluppo\prjs\cpi win clima\versione_10\allineamento emanuela\CodiciEstivo\Versione_10\CARICHI\calcoli\estivo\Forms_12\MainForm.pas | C:\DOCUMENTI\bmsistemi\drivepsviluppo\prjs\cpi win clima\versione_10\CadEsterno\MainForm.dpr | C:\DOCUMENTI\bmsistemi\drivepsviluppo\prjs\cpi win clima\versione_10\CARICHI\calcoli\estivo\Forms_12\mainform.pas | C:\DOCUMENTI\bmsistemi\drivepsviluppo\prjs\cpi win clima\versione_10\progetto test con multitabelle\Mainform.pas | C:\DOCUMENTI\bmsistemi\drivepsviluppo\prjs\cpi win clima\versione_10 nuova\allineamento emanuela\CodiciEstivo\Versione_10\CARICHI\calcoli\estivo\MainForm.pas | C:\DOCUMENTI\bmsistemi\drivepsviluppo\prjs\cpi win clima\versione_10 nuova\allineamento emanuela\CodiciEstivo\Versione_10\CARICHI\calcoli\estivo\Forms_12\MainForm.pas | C:\DOCUMENTI\bmsistemi\drivepsviluppo\prjs\cpi win clima\versione_10 nuova\CadEsterno\MainForm.dpr | C:\DOCUMENTI\bmsistemi\drivepsviluppo\prjs\cpi win clima\versione_10 nuova\CARICHI\calcoli\estivo\Forms_12\mainform.pas | C:\DOCUMENTI\bmsistemi\drivepsviluppo\prjs\cpi win clima\versione_10 nuova\progetto test con multitabelle\Mainform.pas | C:\DOCUMENTI\bmsistemi\drivepsviluppo\prjs\cpi win clima\versione_10 ripristinata\allineamento emanuela\CodiciEstivo\Versione_10\CARICHI\calcoli\estivo\MainForm.pas | C:\DOCUMENTI\bmsistemi\drivepsviluppo\prjs\cpi win clima\versione_10 ripristinata\allineamento emanuela\CodiciEstivo\Versione_10\CARICHI\calcoli\estivo\Forms_12\MainForm.pas | C:\DOCUMENTI\bmsistemi\drivepsviluppo\prjs\cpi win clima\versione_10 ripristinata\CadEsterno\MainForm.dpr | C:\DOCUMENTI\bmsistemi\drivepsviluppo\prjs\cpi win clima\versione_10 ripristinata\CARICHI\calcoli\estivo\Forms_12\mainform.pas | C:\DOCUMENTI\bmsistemi\drivepsviluppo\prjs\cpi win clima\versione_10 ripristinata\progetto test con multitabelle\Mainform.pas"
"C:\DOCUMENTI\sd\sorgenti\bm-sd\GENERA\distribuzione\Gestione_Nomedatabase.pas","Mask",,"0",""
"C:\DOCUMENTI\sd\sorgenti\bm-sd\GENERA\gestione\GestDB.pas","Mask",,"0",""
"C:\DOCUMENTI\sd\sorgenti\bm-sd\GENERA\Rebuli modificato CAD\Calcoli\UDatigen.pas","Mask",,"0",""
"C:\DOCUMENTI\sd\sorgenti\bm-sd\GENERA\Rebuli modificato CAD\compnuccio vecchio mandato lazzerini\USemplicesel.pas","Mask",,"0",""
"C:\DOCUMENTI\sd\sorgenti\bm-sd\GENERA\Rebuli modificato CAD\SofRad.pas","Mask",,"0",""
"C:\DOCUMENTI\sd\sorgenti\bm-sd\GENERA\Rebuli modificato CAD\UMaskgen.pas","Mask",,"0",""
"C:\DOCUMENTI\sd\sorgenti\bm-sd\librerie_generali\Gest_form.pas","Mask",,"0",""
"C:\DOCUMENTI\sd\sorgenti\bm-sd\GENERA\distribuzione\libreriedatabase\Ucompilafrontiere.pas","Math",,"0",""
"C:\DOCUMENTI\sd\sorgenti\bm-sd\GENERA\distribuzione\libreriedatabase\UCompilaFrontiere_a.pas","Math",,"0",""
"C:\DOCUMENTI\sd\sorgenti\bm-sd\GENERA\distribuzione\libreriedatabase\URicercaDati.pas","Math",,"0",""
"C:\DOCUMENTI\sd\sorgenti\bm-sd\GENERA\Genera.pas","math",,"0",""
"C:\DOCUMENTI\sd\sorgenti\bm-sd\GENERA\gestione\generati\UDataOutT.pas","Math",,"0",""
"C:\DOCUMENTI\sd\sorgenti\bm-sd\GENERA\gestione\generati\ULeggiscriviDati.pas","math",,"0",""
"C:\DOCUMENTI\sd\sorgenti\bm-sd\GENERA\modifica kbmtable\Genera.pas","Math",,"0",""
"C:\DOCUMENTI\sd\sorgenti\bm-sd\GENERA\modifica kbmtable\UMainGenera.pas","Math",,"0",""
"C:\DOCUMENTI\sd\sorgenti\bm-sd\GENERA\Rebuli modificato CAD\Grafica.pas","math",,"0",""
"C:\DOCUMENTI\sd\sorgenti\bm-sd\GENERA\Rebuli modificato CAD\UCalcoli.pas","math",,"0",""
"C:\DOCUMENTI\sd\sorgenti\bm-sd\GENERA\distribuzione\MainGestionegenera.pas","Menus",,"0",""
"C:\DOCUMENTI\sd\sorgenti\bm-sd\GENERA\gestione\Init_easy.pas","menus",,"0",""
"C:\DOCUMENTI\sd\sorgenti\bm-sd\GENERA\gestione\MainGestionegenera.pas","Menus",,"0",""
"C:\DOCUMENTI\sd\sorgenti\bm-sd\GENERA\Rebuli modificato CAD\SofRad.pas","Menus",,"0",""
"C:\DOCUMENTI\sd\sorgenti\bm-sd\librerie_generali\Gest_form.pas","menus",,"0",""
"C:\DOCUMENTI\sd\sorgenti\bm-sd\componenti\kbmmem\bdenew\DbTables.pas","Messages",,"0",""
"C:\DOCUMENTI\sd\sorgenti\bm-sd\GENERA\distribuzione\Gestione_Nomedatabase.pas","Messages",,"0",""
"C:\DOCUMENTI\sd\sorgenti\bm-sd\GENERA\distribuzione\libreriedatabase\SceltaA.pas","Messages",,"0",""
"C:\DOCUMENTI\sd\sorgenti\bm-sd\GENERA\distribuzione\libreriedatabase\UmessaggiDB.pas","Messages",,"0",""
"C:\DOCUMENTI\sd\sorgenti\bm-sd\GENERA\distribuzione\MainGestionegenera.pas","Messages",,"0",""
"C:\DOCUMENTI\sd\sorgenti\bm-sd\GENERA\gestione\GestDB.pas","Messages",,"0",""
"C:\DOCUMENTI\sd\sorgenti\bm-sd\GENERA\gestione\Gestione_Nomedatabase.pas","Messages",,"0",""
"C:\DOCUMENTI\sd\sorgenti\bm-sd\GENERA\gestione\MainGestionegenera.pas","Messages",,"0",""
"C:\DOCUMENTI\sd\sorgenti\bm-sd\GENERA\gestione\Modello_form.pas","Messages",,"0",""
"C:\DOCUMENTI\sd\sorgenti\bm-sd\GENERA\gestione\Unit1.pas","Messages",,"0",""
"C:\DOCUMENTI\sd\sorgenti\bm-sd\GENERA\modifica kbmtable\UDB.pas","Messages",,"0",""
"C:\DOCUMENTI\sd\sorgenti\bm-sd\GENERA\modifica kbmtable\UMainGenera.pas","Messages",,"0",""
"C:\DOCUMENTI\sd\sorgenti\bm-sd\GENERA\Rebuli modificato CAD\Calcoli\UDatigen.pas","Messages",,"0",""
"C:\DOCUMENTI\sd\sorgenti\bm-sd\GENERA\Rebuli modificato CAD\compnuccio (non aggiornato)\Ucompsel.pas","Messages",,"0",""
"C:\DOCUMENTI\sd\sorgenti\bm-sd\GENERA\Rebuli modificato CAD\compnuccio vecchio mandato lazzerini\curve\UCurve.pas","Messages",,"0",""
"C:\DOCUMENTI\sd\sorgenti\bm-sd\GENERA\Rebuli modificato CAD\compnuccio vecchio mandato lazzerini\curve\Uusacurve.pas","Messages",,"0",""
"C:\DOCUMENTI\sd\sorgenti\bm-sd\GENERA\Rebuli modificato CAD\compnuccio vecchio mandato lazzerini\Ucompsel.pas","Messages",,"0",""
"C:\DOCUMENTI\sd\sorgenti\bm-sd\GENERA\Rebuli modificato CAD\compnuccio vecchio mandato lazzerini\UDB.pas","Messages",,"0",""
"C:\DOCUMENTI\sd\sorgenti\bm-sd\GENERA\Rebuli modificato CAD\compnuccio vecchio mandato lazzerini\URunComp.pas","Messages",,"0",""
"C:\DOCUMENTI\sd\sorgenti\bm-sd\GENERA\Rebuli modificato CAD\compnuccio vecchio mandato lazzerini\USemplicesel.pas","Messages",,"0",""
"C:\DOCUMENTI\sd\sorgenti\bm-sd\GENERA\Rebuli modificato CAD\compnuccio\Ucompsel.pas","Messages",,"0",""
"C:\DOCUMENTI\sd\sorgenti\bm-sd\GENERA\Rebuli modificato CAD\compnuccio\URunComp.pas","Messages",,"0",""
"C:\DOCUMENTI\sd\sorgenti\bm-sd\GENERA\Rebuli modificato CAD\componenete\Uprovacomp.pas","Messages",,"0",""
"C:\DOCUMENTI\sd\sorgenti\bm-sd\GENERA\Rebuli modificato CAD\SofRad.pas","Messages",,"0",""
"C:\DOCUMENTI\sd\sorgenti\bm-sd\GENERA\Rebuli modificato CAD\UDB.pas","Messages",,"0",""
"C:\DOCUMENTI\sd\sorgenti\bm-sd\GENERA\Rebuli modificato CAD\UFormgen.pas","Messages",,"0",""
"C:\DOCUMENTI\sd\sorgenti\bm-sd\GENERA\Rebuli modificato CAD\UListbox.pas","Messages",,"0",""
"C:\DOCUMENTI\sd\sorgenti\bm-sd\GENERA\Rebuli modificato CAD\UListbox1.pas","Messages",,"0",""
"C:\DOCUMENTI\sd\sorgenti\bm-sd\GENERA\Rebuli modificato CAD\UMaskgen.pas","Messages",,"0",""
"C:\DOCUMENTI\sd\sorgenti\bm-sd\GENERA\Rebuli modificato CAD\UPrepStampe.pas","Messages",,"0",""
"C:\DOCUMENTI\sd\sorgenti\bm-sd\GENERA\Rebuli modificato CAD\UProvacomp.pas","Messages",,"0",""
"C:\DOCUMENTI\sd\sorgenti\bm-sd\GENERA\Rebuli modificato CAD\UProvacomp1.pas","Messages",,"0",""
"C:\DOCUMENTI\sd\sorgenti\bm-sd\GENERA\Rebuli modificato CAD\USceltaPann.pas","Messages",,"0",""
"C:\DOCUMENTI\sd\sorgenti\bm-sd\GENERA\Rebuli modificato CAD\Ustampa2.pas","Messages",,"0",""
"C:\DOCUMENTI\sd\sorgenti\bm-sd\GENERA\Rebuli modificato CAD\UStampe.pas","Messages",,"0",""
"C:\DOCUMENTI\sd\sorgenti\bm-sd\GENERA\UDB.pas","Messages",,"0",""
"C:\DOCUMENTI\sd\sorgenti\bm-sd\GENERA\UMainGenera.pas","Messages",,"0",""
"C:\DOCUMENTI\sd\sorgenti\bm-sd\librerie_generali\Gest_form.pas","Messages",,"0",""
"C:\DOCUMENTI\sd\sorgenti\bm-sd\GENERA\Rebuli modificato CAD\componenete\Uprovacomp.pas","OleCtrls",,"0",""
"C:\DOCUMENTI\sd\sorgenti\bm-sd\GENERA\Rebuli modificato CAD\UProvacomp.pas","OleCtrls",,"0",""
"C:\DOCUMENTI\sd\sorgenti\bm-sd\GENERA\Rebuli modificato CAD\UProvacomp1.pas","OleCtrls",,"0",""
"C:\DOCUMENTI\sd\sorgenti\bm-sd\GENERA\Rebuli modificato CAD\USceltaPann.pas","OleCtrls",,"0",""
"C:\DOCUMENTI\sd\sorgenti\bm-sd\GENERA\Rebuli modificato CAD\Ustampa2.pas","QRCtrls",,"0",""
"C:\DOCUMENTI\sd\sorgenti\bm-sd\GENERA\Rebuli modificato CAD\UStampe.pas","QRCtrls",,"0",""
"C:\DOCUMENTI\sd\sorgenti\bm-sd\GENERA\Rebuli modificato CAD\UPrepStampe.pas","QuickRpt",,"0",""
"C:\DOCUMENTI\sd\sorgenti\bm-sd\GENERA\Rebuli modificato CAD\Ustampa2.pas","Quickrpt",,"0",""
"C:\DOCUMENTI\sd\sorgenti\bm-sd\GENERA\Rebuli modificato CAD\UStampe.pas","Quickrpt",,"0",""
"C:\DOCUMENTI\sd\sorgenti\bm-sd\GENERA\Rebuli modificato CAD\compnuccio vecchio mandato lazzerini\URunComp.pas","Spin",,"0",""
"C:\DOCUMENTI\sd\sorgenti\bm-sd\GENERA\Rebuli modificato CAD\compnuccio\URunComp.pas","Spin",,"0",""
"C:\DOCUMENTI\sd\sorgenti\bm-sd\GENERA\distribuzione\Gestione_Nomedatabase.pas","StdCtrls",,"0",""
"C:\DOCUMENTI\sd\sorgenti\bm-sd\GENERA\distribuzione\libreriedatabase\gestudb.pas","stdctrls",,"0",""
"C:\DOCUMENTI\sd\sorgenti\bm-sd\GENERA\distribuzione\libreriedatabase\SceltaA.pas","StdCtrls",,"0",""
"C:\DOCUMENTI\sd\sorgenti\bm-sd\GENERA\distribuzione\libreriedatabase\UCompilaForm.pas","StdCtrls",,"0",""
"C:\DOCUMENTI\sd\sorgenti\bm-sd\GENERA\distribuzione\libreriedatabase\UmessaggiDB.pas","StdCtrls",,"0",""
"C:\DOCUMENTI\sd\sorgenti\bm-sd\GENERA\distribuzione\MainGestionegenera.pas","StdCtrls",,"0",""
"C:\DOCUMENTI\sd\sorgenti\bm-sd\GENERA\gestione\GestDB.pas","StdCtrls",,"0",""
"C:\DOCUMENTI\sd\sorgenti\bm-sd\GENERA\gestione\Gestione_Nomedatabase.pas","StdCtrls",,"0",""
"C:\DOCUMENTI\sd\sorgenti\bm-sd\GENERA\gestione\MainGestionegenera.pas","StdCtrls",,"0",""
"C:\DOCUMENTI\sd\sorgenti\bm-sd\GENERA\gestione\Modello_form.pas","StdCtrls",,"0",""
"C:\DOCUMENTI\sd\sorgenti\bm-sd\GENERA\modifica kbmtable\UMainGenera.pas","StdCtrls",,"0",""
"C:\DOCUMENTI\sd\sorgenti\bm-sd\GENERA\Rebuli modificato CAD\Calcoli\UDatigen.pas","StdCtrls",,"0",""
"C:\DOCUMENTI\sd\sorgenti\bm-sd\GENERA\Rebuli modificato CAD\compnuccio (non aggiornato)\Ucompsel.pas","StdCtrls",,"0",""
"C:\DOCUMENTI\sd\sorgenti\bm-sd\GENERA\Rebuli modificato CAD\compnuccio vecchio mandato lazzerini\curve\UCurve.pas","StdCtrls",,"0",""
"C:\DOCUMENTI\sd\sorgenti\bm-sd\GENERA\Rebuli modificato CAD\compnuccio vecchio mandato lazzerini\Ucompsel.pas","StdCtrls",,"0",""
"C:\DOCUMENTI\sd\sorgenti\bm-sd\GENERA\Rebuli modificato CAD\compnuccio vecchio mandato lazzerini\URunComp.pas","StdCtrls",,"0",""
"C:\DOCUMENTI\sd\sorgenti\bm-sd\GENERA\Rebuli modificato CAD\compnuccio vecchio mandato lazzerini\USemplicesel.pas","StdCtrls",,"0",""
"C:\DOCUMENTI\sd\sorgenti\bm-sd\GENERA\Rebuli modificato CAD\compnuccio\Ucompsel.pas","StdCtrls",,"0",""
"C:\DOCUMENTI\sd\sorgenti\bm-sd\GENERA\Rebuli modificato CAD\compnuccio\URunComp.pas","StdCtrls",,"0",""
"C:\DOCUMENTI\sd\sorgenti\bm-sd\GENERA\Rebuli modificato CAD\componenete\Uprovacomp.pas","StdCtrls",,"0",""
"C:\DOCUMENTI\sd\sorgenti\bm-sd\GENERA\Rebuli modificato CAD\SofRad.pas","StdCtrls",,"0",""
"C:\DOCUMENTI\sd\sorgenti\bm-sd\GENERA\Rebuli modificato CAD\UFormgen.pas","StdCtrls",,"0",""
"C:\DOCUMENTI\sd\sorgenti\bm-sd\GENERA\Rebuli modificato CAD\UListbox1.pas","StdCtrls",,"0",""
"C:\DOCUMENTI\sd\sorgenti\bm-sd\GENERA\Rebuli modificato CAD\UMaskgen.pas","StdCtrls",,"0",""
"C:\DOCUMENTI\sd\sorgenti\bm-sd\GENERA\Rebuli modificato CAD\UPrepStampe.pas","StdCtrls",,"0",""
"C:\DOCUMENTI\sd\sorgenti\bm-sd\GENERA\Rebuli modificato CAD\UProvacomp.pas","StdCtrls",,"0",""
"C:\DOCUMENTI\sd\sorgenti\bm-sd\GENERA\Rebuli modificato CAD\UProvacomp1.pas","StdCtrls",,"0",""
"C:\DOCUMENTI\sd\sorgenti\bm-sd\GENERA\Rebuli modificato CAD\Ustampa2.pas","StdCtrls",,"0",""
"C:\DOCUMENTI\sd\sorgenti\bm-sd\GENERA\Rebuli modificato CAD\UStampe.pas","StdCtrls",,"0",""
"C:\DOCUMENTI\sd\sorgenti\bm-sd\GENERA\UMainGenera.pas","StdCtrls",,"0",""
"C:\DOCUMENTI\sd\sorgenti\bm-sd\librerie_generali\Gest_form.pas","StdCtrls",,"0",""
"C:\DOCUMENTI\sd\sorgenti\bm-sd\componenti\kbmmem\bdenew\DbTables.pas","SysUtils",,"0",""
"C:\DOCUMENTI\sd\sorgenti\bm-sd\GENERA\distribuzione\calcolo.pas","sysutils",,"0",""
"C:\DOCUMENTI\sd\sorgenti\bm-sd\GENERA\distribuzione\Gestione_Nomedatabase.pas","SysUtils",,"0",""
"C:\DOCUMENTI\sd\sorgenti\bm-sd\GENERA\distribuzione\libreriedatabase\gestudb.pas","sysutils",,"0",""
"C:\DOCUMENTI\sd\sorgenti\bm-sd\GENERA\distribuzione\libreriedatabase\inmemoria\Udb.pas","SysUtils",,"0",""
"C:\DOCUMENTI\sd\sorgenti\bm-sd\GENERA\distribuzione\libreriedatabase\KTUDB.pas","SysUtils",,"0",""
"C:\DOCUMENTI\sd\sorgenti\bm-sd\GENERA\distribuzione\libreriedatabase\SceltaA.pas","SysUtils",,"0",""
"C:\DOCUMENTI\sd\sorgenti\bm-sd\GENERA\distribuzione\libreriedatabase\sudisco\udb.pas","SysUtils",,"0",""
"C:\DOCUMENTI\sd\sorgenti\bm-sd\GENERA\distribuzione\libreriedatabase\Ucompilafrontiere.pas","sysutils",,"0",""
"C:\DOCUMENTI\sd\sorgenti\bm-sd\GENERA\distribuzione\libreriedatabase\UCompilaFrontiere_a.pas","sysutils",,"0",""
"C:\DOCUMENTI\sd\sorgenti\bm-sd\GENERA\distribuzione\libreriedatabase\UControlli.pas","sysutils",,"0",""
"C:\DOCUMENTI\sd\sorgenti\bm-sd\GENERA\distribuzione\libreriedatabase\ucorrelato.pas","SysUtils",,"0",""
"C:\DOCUMENTI\sd\sorgenti\bm-sd\GENERA\distribuzione\libreriedatabase\UmessaggiDB.pas","SysUtils",,"0",""
"C:\DOCUMENTI\sd\sorgenti\bm-sd\GENERA\distribuzione\libreriedatabase\UOpen_file.pas","SysUtils",,"0",""
"C:\DOCUMENTI\sd\sorgenti\bm-sd\GENERA\distribuzione\libreriedatabase\UOpen_fileMulti.pas","SysUtils",,"0",""
"C:\DOCUMENTI\sd\sorgenti\bm-sd\GENERA\distribuzione\libreriedatabase\URicercaDati.pas","SysUtils",,"0",""
"C:\DOCUMENTI\sd\sorgenti\bm-sd\GENERA\distribuzione\MainGestionegenera.pas","SysUtils",,"0",""
"C:\DOCUMENTI\sd\sorgenti\bm-sd\GENERA\distribuzione\Modello_ Init_easy.pas","sysutils",,"0",""
"C:\DOCUMENTI\sd\sorgenti\bm-sd\GENERA\Genera.pas","Sysutils",,"0",""
"C:\DOCUMENTI\sd\sorgenti\bm-sd\GENERA\gestione\generati\CreadbT.pas","sysutils",,"0",""
"C:\DOCUMENTI\sd\sorgenti\bm-sd\GENERA\gestione\generati\UDataOutT.pas","Sysutils",,"0",""
"C:\DOCUMENTI\sd\sorgenti\bm-sd\GENERA\gestione\generati\UDBT.pas","SysUtils",,"0",""
"C:\DOCUMENTI\sd\sorgenti\bm-sd\GENERA\gestione\generati\ULeggiscriviDati.pas","Sysutils",,"0",""
"C:\DOCUMENTI\sd\sorgenti\bm-sd\GENERA\gestione\GestDB.pas","SysUtils",,"0",""
"C:\DOCUMENTI\sd\sorgenti\bm-sd\GENERA\gestione\Gestione_Nomedatabase.pas","SysUtils",,"0",""
"C:\DOCUMENTI\sd\sorgenti\bm-sd\GENERA\gestione\Init_easy.pas","sysutils",,"0",""
"C:\DOCUMENTI\sd\sorgenti\bm-sd\GENERA\gestione\MainGestionegenera.pas","SysUtils",,"0",""
"C:\DOCUMENTI\sd\sorgenti\bm-sd\GENERA\gestione\Modello_ Init_easy.pas","sysutils",,"0",""
"C:\DOCUMENTI\sd\sorgenti\bm-sd\GENERA\gestione\Modello_form.pas","SysUtils",,"0",""
"C:\DOCUMENTI\sd\sorgenti\bm-sd\GENERA\gestione\Unit1.pas","SysUtils",,"0",""
"C:\DOCUMENTI\sd\sorgenti\bm-sd\GENERA\modifica kbmtable\assembla.pas","sysutils",,"0",""
"C:\DOCUMENTI\sd\sorgenti\bm-sd\GENERA\modifica kbmtable\Genera.pas","Sysutils",,"0",""
"C:\DOCUMENTI\sd\sorgenti\bm-sd\GENERA\modifica kbmtable\UDB.pas","SysUtils",,"0",""
"C:\DOCUMENTI\sd\sorgenti\bm-sd\GENERA\modifica kbmtable\UFunzGenera.pas","SysUtils",,"0",""
"C:\DOCUMENTI\sd\sorgenti\bm-sd\GENERA\modifica kbmtable\UMainGenera.pas","sysutils",,"0",""
"C:\DOCUMENTI\sd\sorgenti\bm-sd\GENERA\Rebuli modificato CAD\Calcoli\UDatigen.pas","SysUtils",,"0",""
"C:\DOCUMENTI\sd\sorgenti\bm-sd\GENERA\Rebuli modificato CAD\compnuccio (non aggiornato)\Ucompsel.pas","SysUtils",,"0",""
"C:\DOCUMENTI\sd\sorgenti\bm-sd\GENERA\Rebuli modificato CAD\compnuccio vecchio mandato lazzerini\curve\UCurve.pas","SysUtils",,"0",""
"C:\DOCUMENTI\sd\sorgenti\bm-sd\GENERA\Rebuli modificato CAD\compnuccio vecchio mandato lazzerini\curve\Uusacurve.pas","SysUtils",,"0",""
"C:\DOCUMENTI\sd\sorgenti\bm-sd\GENERA\Rebuli modificato CAD\compnuccio vecchio mandato lazzerini\Ucompsel.pas","SysUtils",,"0",""
"C:\DOCUMENTI\sd\sorgenti\bm-sd\GENERA\Rebuli modificato CAD\compnuccio vecchio mandato lazzerini\UDB.pas","SysUtils",,"0",""
"C:\DOCUMENTI\sd\sorgenti\bm-sd\GENERA\Rebuli modificato CAD\compnuccio vecchio mandato lazzerini\URunComp.pas","SysUtils",,"0",""
"C:\DOCUMENTI\sd\sorgenti\bm-sd\GENERA\Rebuli modificato CAD\compnuccio vecchio mandato lazzerini\USemplicesel.pas","SysUtils",,"0",""
"C:\DOCUMENTI\sd\sorgenti\bm-sd\GENERA\Rebuli modificato CAD\compnuccio\Ucompsel.pas","SysUtils",,"0",""
"C:\DOCUMENTI\sd\sorgenti\bm-sd\GENERA\Rebuli modificato CAD\compnuccio\URunComp.pas","SysUtils",,"0",""
"C:\DOCUMENTI\sd\sorgenti\bm-sd\GENERA\Rebuli modificato CAD\componenete\Uprovacomp.pas","SysUtils",,"0",""
"C:\DOCUMENTI\sd\sorgenti\bm-sd\GENERA\Rebuli modificato CAD\Grafica.pas","sysutils",,"0",""
"C:\DOCUMENTI\sd\sorgenti\bm-sd\GENERA\Rebuli modificato CAD\SofRad.pas","SysUtils",,"0",""
"C:\DOCUMENTI\sd\sorgenti\bm-sd\GENERA\Rebuli modificato CAD\UDB.pas","SysUtils",,"0",""
"C:\DOCUMENTI\sd\sorgenti\bm-sd\GENERA\Rebuli modificato CAD\UFormgen.pas","SysUtils",,"0",""
"C:\DOCUMENTI\sd\sorgenti\bm-sd\GENERA\Rebuli modificato CAD\UListbox.pas","SysUtils",,"0",""
"C:\DOCUMENTI\sd\sorgenti\bm-sd\GENERA\Rebuli modificato CAD\UListbox1.pas","SysUtils",,"0",""
"C:\DOCUMENTI\sd\sorgenti\bm-sd\GENERA\Rebuli modificato CAD\UMaskgen.pas","SysUtils",,"0",""
"C:\DOCUMENTI\sd\sorgenti\bm-sd\GENERA\Rebuli modificato CAD\UPrepStampe.pas","SysUtils",,"0",""
"C:\DOCUMENTI\sd\sorgenti\bm-sd\GENERA\Rebuli modificato CAD\UProvacomp.pas","SysUtils",,"0",""
"C:\DOCUMENTI\sd\sorgenti\bm-sd\GENERA\Rebuli modificato CAD\UProvacomp1.pas","SysUtils",,"0",""
"C:\DOCUMENTI\sd\sorgenti\bm-sd\GENERA\Rebuli modificato CAD\USceltaPann.pas","SysUtils",,"0",""
"C:\DOCUMENTI\sd\sorgenti\bm-sd\GENERA\Rebuli modificato CAD\Ustampa2.pas","SysUtils",,"0",""
"C:\DOCUMENTI\sd\sorgenti\bm-sd\GENERA\Rebuli modificato CAD\UStampe.pas","SysUtils",,"0",""
"C:\DOCUMENTI\sd\sorgenti\bm-sd\GENERA\UDB.pas","SysUtils",,"0",""
"C:\DOCUMENTI\sd\sorgenti\bm-sd\GENERA\UFunzGenera.pas","SysUtils",,"0",""
"C:\DOCUMENTI\sd\sorgenti\bm-sd\GENERA\UMainGenera.pas","SysUtils",,"0",""
"C:\DOCUMENTI\sd\sorgenti\bm-sd\librerie_generali\Gest_form.pas","SysUtils",,"0",""
"C:\DOCUMENTI\sd\sorgenti\bm-sd\GENERA\modifica kbmtable\UMainGenera.pas","Tabnotbk",,"0",""
"C:\DOCUMENTI\sd\sorgenti\bm-sd\GENERA\Rebuli modificato CAD\compnuccio vecchio mandato lazzerini\URunComp.pas","Tabnotbk",,"0",""
"C:\DOCUMENTI\sd\sorgenti\bm-sd\GENERA\Rebuli modificato CAD\compnuccio\Ucompsel.pas","Tabnotbk",,"0",""
"C:\DOCUMENTI\sd\sorgenti\bm-sd\GENERA\Rebuli modificato CAD\SofRad.pas","Tabnotbk",,"0",""
"C:\DOCUMENTI\sd\sorgenti\bm-sd\GENERA\UMainGenera.pas","Tabnotbk",,"0",""
"C:\DOCUMENTI\sd\sorgenti\bm-sd\GENERA\distribuzione\libreriedatabase\inmemoria\Udb.pas","UClientform",,"0",""
"C:\DOCUMENTI\sd\sorgenti\bm-sd\GENERA\distribuzione\libreriedatabase\sudisco\udb.pas","UClientform",,"0",""
"C:\DOCUMENTI\sd\sorgenti\bm-sd\GENERA\distribuzione\libreriedatabase\inmemoria\Udb.pas","udatalink",,"31","C:\DOCUMENTI\sd\sorgenti\bm-sd\GENERA\UDataLink.pas | C:\DOCUMENTI\sd\sorgenti\bm-sd\GENERA\gestione\generati\UDataLink.pas | C:\DOCUMENTI\sd\sorgenti\bm-sd\GENERA\modifica kbmtable\UDataLink.pas | C:\DOCUMENTI\sd\sorgenti\bm-sd\GENERA\Rebuli modificato CAD\UDataLink.pas | C:\DOCUMENTI\sd\sorgenti\bm-sd\GENERA\Rebuli modificato CAD\compnuccio vecchio mandato lazzerini\UDataLink.pas | C:\DOCUMENTI\sd\sorgenti\bm-sd\GENERA\Rebuli modificato CAD\compnuccio vecchio mandato lazzerini\curve\UDataLink.pas | C:\DOCUMENTI\sd\sorgenti\bm-sd\gestioneclienti\generati\UDataLink.pas | C:\DOCUMENTI\sd\sorgenti\bm-sd\Sun-Trace\generati\UDataLink.pas | C:\DOCUMENTI\bmsistemi\drivep\prjs\cpi win clima\Versione_10\AggiornamentiV13\Carichi\database\GENERATI\UDataLink.pas | C:\DOCUMENTI\bmsistemi\drivep\prjs\cpi win clima\Versione_10\CARICHI\database\GENERATI\UDataLink.pas | C:\DOCUMENTI\bmsistemi\drivep\prjs\cpi win clima\Versione_10\Tubi\database generati\Generati\UDataLink.pas | C:\DOCUMENTI\bmsistemi\drivep\prjs\cpi win clima\Versione_10 allineamento con emanuela\GENERATI\UDataLink.pas | C:\DOCUMENTI\bmsistemi\drivepsviluppo\prjs\cpi win clima\versione_10\3D\GENERATI\UDataLink.pas | C:\DOCUMENTI\bmsistemi\drivepsviluppo\prjs\cpi win clima\versione_10\3D\GENERATI\climaenergia\UDataLink.pas | C:\DOCUMENTI\bmsistemi\drivepsviluppo\prjs\cpi win clima\versione_10\3D\GENERATI vecchio\UDataLink.pas | C:\DOCUMENTI\bmsistemi\drivepsviluppo\prjs\cpi win clima\versione_10\AggiornamentiV13\Carichi\database\GENERATI\UDataLink.pas | C:\DOCUMENTI\bmsistemi\drivepsviluppo\prjs\cpi win clima\versione_10\CARICHI\database\GENERATI\UDataLink.pas | C:\DOCUMENTI\bmsistemi\drivepsviluppo\prjs\cpi win clima\versione_10\Copia di 3D\GENERATI\UDataLink.pas | C:\DOCUMENTI\bmsistemi\drivepsviluppo\prjs\cpi win clima\versione_10\progetto test con multitabelle\GENERATI\UDataLink.pas | C:\DOCUMENTI\bmsistemi\drivepsviluppo\prjs\cpi win clima\versione_10 nuova\AggiornamentiV13\Carichi\database\GENERATI\UDataLink.pas | C:\DOCUMENTI\bmsistemi\drivepsviluppo\prjs\cpi win clima\versione_10 nuova\CARICHI\database\GENERATI\UDataLink.pas | C:\DOCUMENTI\bmsistemi\drivepsviluppo\prjs\cpi win clima\versione_10 nuova\Copia di 3D\GENERATI\UDataLink.pas | C:\DOCUMENTI\bmsistemi\drivepsviluppo\prjs\cpi win clima\versione_10 nuova\progetto test con multitabelle\GENERATI\UDataLink.pas | C:\DOCUMENTI\bmsistemi\drivepsviluppo\prjs\cpi win clima\versione_10 nuova\Tubi\database generati\Generati\UDataLink.pas | C:\DOCUMENTI\bmsistemi\drivepsviluppo\prjs\cpi win clima\versione_10 ripristinata\3D\GENERATI\UDataLink.pas | C:\DOCUMENTI\bmsistemi\drivepsviluppo\prjs\cpi win clima\versione_10 ripristinata\3D\GENERATI vecchio\UDataLink.pas | C:\DOCUMENTI\bmsistemi\drivepsviluppo\prjs\cpi win clima\versione_10 ripristinata\AggiornamentiV13\Carichi\database\GENERATI\UDataLink.pas | C:\DOCUMENTI\bmsistemi\drivepsviluppo\prjs\cpi win clima\versione_10 ripristinata\CARICHI\database\GENERATI\UDataLink.pas | C:\DOCUMENTI\bmsistemi\drivepsviluppo\prjs\cpi win clima\versione_10 ripristinata\Copia di 3D\GENERATI\UDataLink.pas | C:\DOCUMENTI\bmsistemi\drivepsviluppo\prjs\cpi win clima\versione_10 ripristinata\progetto test con multitabelle\GENERATI\UDataLink.pas | C:\DOCUMENTI\bmsistemi\drivepsviluppo\prjs\cpi win clima\versione_10 ripristinata\Tubi\database generati\Generati\UDataLink.pas"
"C:\DOCUMENTI\sd\sorgenti\bm-sd\GENERA\distribuzione\libreriedatabase\sudisco\udb.pas","udatalink",,"31","C:\DOCUMENTI\sd\sorgenti\bm-sd\GENERA\UDataLink.pas | C:\DOCUMENTI\sd\sorgenti\bm-sd\GENERA\gestione\generati\UDataLink.pas | C:\DOCUMENTI\sd\sorgenti\bm-sd\GENERA\modifica kbmtable\UDataLink.pas | C:\DOCUMENTI\sd\sorgenti\bm-sd\GENERA\Rebuli modificato CAD\UDataLink.pas | C:\DOCUMENTI\sd\sorgenti\bm-sd\GENERA\Rebuli modificato CAD\compnuccio vecchio mandato lazzerini\UDataLink.pas | C:\DOCUMENTI\sd\sorgenti\bm-sd\GENERA\Rebuli modificato CAD\compnuccio vecchio mandato lazzerini\curve\UDataLink.pas | C:\DOCUMENTI\sd\sorgenti\bm-sd\gestioneclienti\generati\UDataLink.pas | C:\DOCUMENTI\sd\sorgenti\bm-sd\Sun-Trace\generati\UDataLink.pas | C:\DOCUMENTI\bmsistemi\drivep\prjs\cpi win clima\Versione_10\AggiornamentiV13\Carichi\database\GENERATI\UDataLink.pas | C:\DOCUMENTI\bmsistemi\drivep\prjs\cpi win clima\Versione_10\CARICHI\database\GENERATI\UDataLink.pas | C:\DOCUMENTI\bmsistemi\drivep\prjs\cpi win clima\Versione_10\Tubi\database generati\Generati\UDataLink.pas | C:\DOCUMENTI\bmsistemi\drivep\prjs\cpi win clima\Versione_10 allineamento con emanuela\GENERATI\UDataLink.pas | C:\DOCUMENTI\bmsistemi\drivepsviluppo\prjs\cpi win clima\versione_10\3D\GENERATI\UDataLink.pas | C:\DOCUMENTI\bmsistemi\drivepsviluppo\prjs\cpi win clima\versione_10\3D\GENERATI\climaenergia\UDataLink.pas | C:\DOCUMENTI\bmsistemi\drivepsviluppo\prjs\cpi win clima\versione_10\3D\GENERATI vecchio\UDataLink.pas | C:\DOCUMENTI\bmsistemi\drivepsviluppo\prjs\cpi win clima\versione_10\AggiornamentiV13\Carichi\database\GENERATI\UDataLink.pas | C:\DOCUMENTI\bmsistemi\drivepsviluppo\prjs\cpi win clima\versione_10\CARICHI\database\GENERATI\UDataLink.pas | C:\DOCUMENTI\bmsistemi\drivepsviluppo\prjs\cpi win clima\versione_10\Copia di 3D\GENERATI\UDataLink.pas | C:\DOCUMENTI\bmsistemi\drivepsviluppo\prjs\cpi win clima\versione_10\progetto test con multitabelle\GENERATI\UDataLink.pas | C:\DOCUMENTI\bmsistemi\drivepsviluppo\prjs\cpi win clima\versione_10 nuova\AggiornamentiV13\Carichi\database\GENERATI\UDataLink.pas | C:\DOCUMENTI\bmsistemi\drivepsviluppo\prjs\cpi win clima\versione_10 nuova\CARICHI\database\GENERATI\UDataLink.pas | C:\DOCUMENTI\bmsistemi\drivepsviluppo\prjs\cpi win clima\versione_10 nuova\Copia di 3D\GENERATI\UDataLink.pas | C:\DOCUMENTI\bmsistemi\drivepsviluppo\prjs\cpi win clima\versione_10 nuova\progetto test con multitabelle\GENERATI\UDataLink.pas | C:\DOCUMENTI\bmsistemi\drivepsviluppo\prjs\cpi win clima\versione_10 nuova\Tubi\database generati\Generati\UDataLink.pas | C:\DOCUMENTI\bmsistemi\drivepsviluppo\prjs\cpi win clima\versione_10 ripristinata\3D\GENERATI\UDataLink.pas | C:\DOCUMENTI\bmsistemi\drivepsviluppo\prjs\cpi win clima\versione_10 ripristinata\3D\GENERATI vecchio\UDataLink.pas | C:\DOCUMENTI\bmsistemi\drivepsviluppo\prjs\cpi win clima\versione_10 ripristinata\AggiornamentiV13\Carichi\database\GENERATI\UDataLink.pas | C:\DOCUMENTI\bmsistemi\drivepsviluppo\prjs\cpi win clima\versione_10 ripristinata\CARICHI\database\GENERATI\UDataLink.pas | C:\DOCUMENTI\bmsistemi\drivepsviluppo\prjs\cpi win clima\versione_10 ripristinata\Copia di 3D\GENERATI\UDataLink.pas | C:\DOCUMENTI\bmsistemi\drivepsviluppo\prjs\cpi win clima\versione_10 ripristinata\progetto test con multitabelle\GENERATI\UDataLink.pas | C:\DOCUMENTI\bmsistemi\drivepsviluppo\prjs\cpi win clima\versione_10 ripristinata\Tubi\database generati\Generati\UDataLink.pas"
"C:\DOCUMENTI\sd\sorgenti\bm-sd\GENERA\distribuzione\libreriedatabase\Ucompilafrontiere.pas","UdataLink",,"31","C:\DOCUMENTI\sd\sorgenti\bm-sd\GENERA\UDataLink.pas | C:\DOCUMENTI\sd\sorgenti\bm-sd\GENERA\gestione\generati\UDataLink.pas | C:\DOCUMENTI\sd\sorgenti\bm-sd\GENERA\modifica kbmtable\UDataLink.pas | C:\DOCUMENTI\sd\sorgenti\bm-sd\GENERA\Rebuli modificato CAD\UDataLink.pas | C:\DOCUMENTI\sd\sorgenti\bm-sd\GENERA\Rebuli modificato CAD\compnuccio vecchio mandato lazzerini\UDataLink.pas | C:\DOCUMENTI\sd\sorgenti\bm-sd\GENERA\Rebuli modificato CAD\compnuccio vecchio mandato lazzerini\curve\UDataLink.pas | C:\DOCUMENTI\sd\sorgenti\bm-sd\gestioneclienti\generati\UDataLink.pas | C:\DOCUMENTI\sd\sorgenti\bm-sd\Sun-Trace\generati\UDataLink.pas | C:\DOCUMENTI\bmsistemi\drivep\prjs\cpi win clima\Versione_10\AggiornamentiV13\Carichi\database\GENERATI\UDataLink.pas | C:\DOCUMENTI\bmsistemi\drivep\prjs\cpi win clima\Versione_10\CARICHI\database\GENERATI\UDataLink.pas | C:\DOCUMENTI\bmsistemi\drivep\prjs\cpi win clima\Versione_10\Tubi\database generati\Generati\UDataLink.pas | C:\DOCUMENTI\bmsistemi\drivep\prjs\cpi win clima\Versione_10 allineamento con emanuela\GENERATI\UDataLink.pas | C:\DOCUMENTI\bmsistemi\drivepsviluppo\prjs\cpi win clima\versione_10\3D\GENERATI\UDataLink.pas | C:\DOCUMENTI\bmsistemi\drivepsviluppo\prjs\cpi win clima\versione_10\3D\GENERATI\climaenergia\UDataLink.pas | C:\DOCUMENTI\bmsistemi\drivepsviluppo\prjs\cpi win clima\versione_10\3D\GENERATI vecchio\UDataLink.pas | C:\DOCUMENTI\bmsistemi\drivepsviluppo\prjs\cpi win clima\versione_10\AggiornamentiV13\Carichi\database\GENERATI\UDataLink.pas | C:\DOCUMENTI\bmsistemi\drivepsviluppo\prjs\cpi win clima\versione_10\CARICHI\database\GENERATI\UDataLink.pas | C:\DOCUMENTI\bmsistemi\drivepsviluppo\prjs\cpi win clima\versione_10\Copia di 3D\GENERATI\UDataLink.pas | C:\DOCUMENTI\bmsistemi\drivepsviluppo\prjs\cpi win clima\versione_10\progetto test con multitabelle\GENERATI\UDataLink.pas | C:\DOCUMENTI\bmsistemi\drivepsviluppo\prjs\cpi win clima\versione_10 nuova\AggiornamentiV13\Carichi\database\GENERATI\UDataLink.pas | C:\DOCUMENTI\bmsistemi\drivepsviluppo\prjs\cpi win clima\versione_10 nuova\CARICHI\database\GENERATI\UDataLink.pas | C:\DOCUMENTI\bmsistemi\drivepsviluppo\prjs\cpi win clima\versione_10 nuova\Copia di 3D\GENERATI\UDataLink.pas | C:\DOCUMENTI\bmsistemi\drivepsviluppo\prjs\cpi win clima\versione_10 nuova\progetto test con multitabelle\GENERATI\UDataLink.pas | C:\DOCUMENTI\bmsistemi\drivepsviluppo\prjs\cpi win clima\versione_10 nuova\Tubi\database generati\Generati\UDataLink.pas | C:\DOCUMENTI\bmsistemi\drivepsviluppo\prjs\cpi win clima\versione_10 ripristinata\3D\GENERATI\UDataLink.pas | C:\DOCUMENTI\bmsistemi\drivepsviluppo\prjs\cpi win clima\versione_10 ripristinata\3D\GENERATI vecchio\UDataLink.pas | C:\DOCUMENTI\bmsistemi\drivepsviluppo\prjs\cpi win clima\versione_10 ripristinata\AggiornamentiV13\Carichi\database\GENERATI\UDataLink.pas | C:\DOCUMENTI\bmsistemi\drivepsviluppo\prjs\cpi win clima\versione_10 ripristinata\CARICHI\database\GENERATI\UDataLink.pas | C:\DOCUMENTI\bmsistemi\drivepsviluppo\prjs\cpi win clima\versione_10 ripristinata\Copia di 3D\GENERATI\UDataLink.pas | C:\DOCUMENTI\bmsistemi\drivepsviluppo\prjs\cpi win clima\versione_10 ripristinata\progetto test con multitabelle\GENERATI\UDataLink.pas | C:\DOCUMENTI\bmsistemi\drivepsviluppo\prjs\cpi win clima\versione_10 ripristinata\Tubi\database generati\Generati\UDataLink.pas"
"C:\DOCUMENTI\sd\sorgenti\bm-sd\GENERA\distribuzione\libreriedatabase\UCompilaFrontiere_a.pas","UdataLink",,"31","C:\DOCUMENTI\sd\sorgenti\bm-sd\GENERA\UDataLink.pas | C:\DOCUMENTI\sd\sorgenti\bm-sd\GENERA\gestione\generati\UDataLink.pas | C:\DOCUMENTI\sd\sorgenti\bm-sd\GENERA\modifica kbmtable\UDataLink.pas | C:\DOCUMENTI\sd\sorgenti\bm-sd\GENERA\Rebuli modificato CAD\UDataLink.pas | C:\DOCUMENTI\sd\sorgenti\bm-sd\GENERA\Rebuli modificato CAD\compnuccio vecchio mandato lazzerini\UDataLink.pas | C:\DOCUMENTI\sd\sorgenti\bm-sd\GENERA\Rebuli modificato CAD\compnuccio vecchio mandato lazzerini\curve\UDataLink.pas | C:\DOCUMENTI\sd\sorgenti\bm-sd\gestioneclienti\generati\UDataLink.pas | C:\DOCUMENTI\sd\sorgenti\bm-sd\Sun-Trace\generati\UDataLink.pas | C:\DOCUMENTI\bmsistemi\drivep\prjs\cpi win clima\Versione_10\AggiornamentiV13\Carichi\database\GENERATI\UDataLink.pas | C:\DOCUMENTI\bmsistemi\drivep\prjs\cpi win clima\Versione_10\CARICHI\database\GENERATI\UDataLink.pas | C:\DOCUMENTI\bmsistemi\drivep\prjs\cpi win clima\Versione_10\Tubi\database generati\Generati\UDataLink.pas | C:\DOCUMENTI\bmsistemi\drivep\prjs\cpi win clima\Versione_10 allineamento con emanuela\GENERATI\UDataLink.pas | C:\DOCUMENTI\bmsistemi\drivepsviluppo\prjs\cpi win clima\versione_10\3D\GENERATI\UDataLink.pas | C:\DOCUMENTI\bmsistemi\drivepsviluppo\prjs\cpi win clima\versione_10\3D\GENERATI\climaenergia\UDataLink.pas | C:\DOCUMENTI\bmsistemi\drivepsviluppo\prjs\cpi win clima\versione_10\3D\GENERATI vecchio\UDataLink.pas | C:\DOCUMENTI\bmsistemi\drivepsviluppo\prjs\cpi win clima\versione_10\AggiornamentiV13\Carichi\database\GENERATI\UDataLink.pas | C:\DOCUMENTI\bmsistemi\drivepsviluppo\prjs\cpi win clima\versione_10\CARICHI\database\GENERATI\UDataLink.pas | C:\DOCUMENTI\bmsistemi\drivepsviluppo\prjs\cpi win clima\versione_10\Copia di 3D\GENERATI\UDataLink.pas | C:\DOCUMENTI\bmsistemi\drivepsviluppo\prjs\cpi win clima\versione_10\progetto test con multitabelle\GENERATI\UDataLink.pas | C:\DOCUMENTI\bmsistemi\drivepsviluppo\prjs\cpi win clima\versione_10 nuova\AggiornamentiV13\Carichi\database\GENERATI\UDataLink.pas | C:\DOCUMENTI\bmsistemi\drivepsviluppo\prjs\cpi win clima\versione_10 nuova\CARICHI\database\GENERATI\UDataLink.pas | C:\DOCUMENTI\bmsistemi\drivepsviluppo\prjs\cpi win clima\versione_10 nuova\Copia di 3D\GENERATI\UDataLink.pas | C:\DOCUMENTI\bmsistemi\drivepsviluppo\prjs\cpi win clima\versione_10 nuova\progetto test con multitabelle\GENERATI\UDataLink.pas | C:\DOCUMENTI\bmsistemi\drivepsviluppo\prjs\cpi win clima\versione_10 nuova\Tubi\database generati\Generati\UDataLink.pas | C:\DOCUMENTI\bmsistemi\drivepsviluppo\prjs\cpi win clima\versione_10 ripristinata\3D\GENERATI\UDataLink.pas | C:\DOCUMENTI\bmsistemi\drivepsviluppo\prjs\cpi win clima\versione_10 ripristinata\3D\GENERATI vecchio\UDataLink.pas | C:\DOCUMENTI\bmsistemi\drivepsviluppo\prjs\cpi win clima\versione_10 ripristinata\AggiornamentiV13\Carichi\database\GENERATI\UDataLink.pas | C:\DOCUMENTI\bmsistemi\drivepsviluppo\prjs\cpi win clima\versione_10 ripristinata\CARICHI\database\GENERATI\UDataLink.pas | C:\DOCUMENTI\bmsistemi\drivepsviluppo\prjs\cpi win clima\versione_10 ripristinata\Copia di 3D\GENERATI\UDataLink.pas | C:\DOCUMENTI\bmsistemi\drivepsviluppo\prjs\cpi win clima\versione_10 ripristinata\progetto test con multitabelle\GENERATI\UDataLink.pas | C:\DOCUMENTI\bmsistemi\drivepsviluppo\prjs\cpi win clima\versione_10 ripristinata\Tubi\database generati\Generati\UDataLink.pas"
"C:\DOCUMENTI\sd\sorgenti\bm-sd\GENERA\distribuzione\libreriedatabase\UControlli.pas","Udatalink",,"31","C:\DOCUMENTI\sd\sorgenti\bm-sd\GENERA\UDataLink.pas | C:\DOCUMENTI\sd\sorgenti\bm-sd\GENERA\gestione\generati\UDataLink.pas | C:\DOCUMENTI\sd\sorgenti\bm-sd\GENERA\modifica kbmtable\UDataLink.pas | C:\DOCUMENTI\sd\sorgenti\bm-sd\GENERA\Rebuli modificato CAD\UDataLink.pas | C:\DOCUMENTI\sd\sorgenti\bm-sd\GENERA\Rebuli modificato CAD\compnuccio vecchio mandato lazzerini\UDataLink.pas | C:\DOCUMENTI\sd\sorgenti\bm-sd\GENERA\Rebuli modificato CAD\compnuccio vecchio mandato lazzerini\curve\UDataLink.pas | C:\DOCUMENTI\sd\sorgenti\bm-sd\gestioneclienti\generati\UDataLink.pas | C:\DOCUMENTI\sd\sorgenti\bm-sd\Sun-Trace\generati\UDataLink.pas | C:\DOCUMENTI\bmsistemi\drivep\prjs\cpi win clima\Versione_10\AggiornamentiV13\Carichi\database\GENERATI\UDataLink.pas | C:\DOCUMENTI\bmsistemi\drivep\prjs\cpi win clima\Versione_10\CARICHI\database\GENERATI\UDataLink.pas | C:\DOCUMENTI\bmsistemi\drivep\prjs\cpi win clima\Versione_10\Tubi\database generati\Generati\UDataLink.pas | C:\DOCUMENTI\bmsistemi\drivep\prjs\cpi win clima\Versione_10 allineamento con emanuela\GENERATI\UDataLink.pas | C:\DOCUMENTI\bmsistemi\drivepsviluppo\prjs\cpi win clima\versione_10\3D\GENERATI\UDataLink.pas | C:\DOCUMENTI\bmsistemi\drivepsviluppo\prjs\cpi win clima\versione_10\3D\GENERATI\climaenergia\UDataLink.pas | C:\DOCUMENTI\bmsistemi\drivepsviluppo\prjs\cpi win clima\versione_10\3D\GENERATI vecchio\UDataLink.pas | C:\DOCUMENTI\bmsistemi\drivepsviluppo\prjs\cpi win clima\versione_10\AggiornamentiV13\Carichi\database\GENERATI\UDataLink.pas | C:\DOCUMENTI\bmsistemi\drivepsviluppo\prjs\cpi win clima\versione_10\CARICHI\database\GENERATI\UDataLink.pas | C:\DOCUMENTI\bmsistemi\drivepsviluppo\prjs\cpi win clima\versione_10\Copia di 3D\GENERATI\UDataLink.pas | C:\DOCUMENTI\bmsistemi\drivepsviluppo\prjs\cpi win clima\versione_10\progetto test con multitabelle\GENERATI\UDataLink.pas | C:\DOCUMENTI\bmsistemi\drivepsviluppo\prjs\cpi win clima\versione_10 nuova\AggiornamentiV13\Carichi\database\GENERATI\UDataLink.pas | C:\DOCUMENTI\bmsistemi\drivepsviluppo\prjs\cpi win clima\versione_10 nuova\CARICHI\database\GENERATI\UDataLink.pas | C:\DOCUMENTI\bmsistemi\drivepsviluppo\prjs\cpi win clima\versione_10 nuova\Copia di 3D\GENERATI\UDataLink.pas | C:\DOCUMENTI\bmsistemi\drivepsviluppo\prjs\cpi win clima\versione_10 nuova\progetto test con multitabelle\GENERATI\UDataLink.pas | C:\DOCUMENTI\bmsistemi\drivepsviluppo\prjs\cpi win clima\versione_10 nuova\Tubi\database generati\Generati\UDataLink.pas | C:\DOCUMENTI\bmsistemi\drivepsviluppo\prjs\cpi win clima\versione_10 ripristinata\3D\GENERATI\UDataLink.pas | C:\DOCUMENTI\bmsistemi\drivepsviluppo\prjs\cpi win clima\versione_10 ripristinata\3D\GENERATI vecchio\UDataLink.pas | C:\DOCUMENTI\bmsistemi\drivepsviluppo\prjs\cpi win clima\versione_10 ripristinata\AggiornamentiV13\Carichi\database\GENERATI\UDataLink.pas | C:\DOCUMENTI\bmsistemi\drivepsviluppo\prjs\cpi win clima\versione_10 ripristinata\CARICHI\database\GENERATI\UDataLink.pas | C:\DOCUMENTI\bmsistemi\drivepsviluppo\prjs\cpi win clima\versione_10 ripristinata\Copia di 3D\GENERATI\UDataLink.pas | C:\DOCUMENTI\bmsistemi\drivepsviluppo\prjs\cpi win clima\versione_10 ripristinata\progetto test con multitabelle\GENERATI\UDataLink.pas | C:\DOCUMENTI\bmsistemi\drivepsviluppo\prjs\cpi win clima\versione_10 ripristinata\Tubi\database generati\Generati\UDataLink.pas"
"C:\DOCUMENTI\sd\sorgenti\bm-sd\GENERA\distribuzione\libreriedatabase\ucorrelato.pas","UdataLink",,"31","C:\DOCUMENTI\sd\sorgenti\bm-sd\GENERA\UDataLink.pas | C:\DOCUMENTI\sd\sorgenti\bm-sd\GENERA\gestione\generati\UDataLink.pas | C:\DOCUMENTI\sd\sorgenti\bm-sd\GENERA\modifica kbmtable\UDataLink.pas | C:\DOCUMENTI\sd\sorgenti\bm-sd\GENERA\Rebuli modificato CAD\UDataLink.pas | C:\DOCUMENTI\sd\sorgenti\bm-sd\GENERA\Rebuli modificato CAD\compnuccio vecchio mandato lazzerini\UDataLink.pas | C:\DOCUMENTI\sd\sorgenti\bm-sd\GENERA\Rebuli modificato CAD\compnuccio vecchio mandato lazzerini\curve\UDataLink.pas | C:\DOCUMENTI\sd\sorgenti\bm-sd\gestioneclienti\generati\UDataLink.pas | C:\DOCUMENTI\sd\sorgenti\bm-sd\Sun-Trace\generati\UDataLink.pas | C:\DOCUMENTI\bmsistemi\drivep\prjs\cpi win clima\Versione_10\AggiornamentiV13\Carichi\database\GENERATI\UDataLink.pas | C:\DOCUMENTI\bmsistemi\drivep\prjs\cpi win clima\Versione_10\CARICHI\database\GENERATI\UDataLink.pas | C:\DOCUMENTI\bmsistemi\drivep\prjs\cpi win clima\Versione_10\Tubi\database generati\Generati\UDataLink.pas | C:\DOCUMENTI\bmsistemi\drivep\prjs\cpi win clima\Versione_10 allineamento con emanuela\GENERATI\UDataLink.pas | C:\DOCUMENTI\bmsistemi\drivepsviluppo\prjs\cpi win clima\versione_10\3D\GENERATI\UDataLink.pas | C:\DOCUMENTI\bmsistemi\drivepsviluppo\prjs\cpi win clima\versione_10\3D\GENERATI\climaenergia\UDataLink.pas | C:\DOCUMENTI\bmsistemi\drivepsviluppo\prjs\cpi win clima\versione_10\3D\GENERATI vecchio\UDataLink.pas | C:\DOCUMENTI\bmsistemi\drivepsviluppo\prjs\cpi win clima\versione_10\AggiornamentiV13\Carichi\database\GENERATI\UDataLink.pas | C:\DOCUMENTI\bmsistemi\drivepsviluppo\prjs\cpi win clima\versione_10\CARICHI\database\GENERATI\UDataLink.pas | C:\DOCUMENTI\bmsistemi\drivepsviluppo\prjs\cpi win clima\versione_10\Copia di 3D\GENERATI\UDataLink.pas | C:\DOCUMENTI\bmsistemi\drivepsviluppo\prjs\cpi win clima\versione_10\progetto test con multitabelle\GENERATI\UDataLink.pas | C:\DOCUMENTI\bmsistemi\drivepsviluppo\prjs\cpi win clima\versione_10 nuova\AggiornamentiV13\Carichi\database\GENERATI\UDataLink.pas | C:\DOCUMENTI\bmsistemi\drivepsviluppo\prjs\cpi win clima\versione_10 nuova\CARICHI\database\GENERATI\UDataLink.pas | C:\DOCUMENTI\bmsistemi\drivepsviluppo\prjs\cpi win clima\versione_10 nuova\Copia di 3D\GENERATI\UDataLink.pas | C:\DOCUMENTI\bmsistemi\drivepsviluppo\prjs\cpi win clima\versione_10 nuova\progetto test con multitabelle\GENERATI\UDataLink.pas | C:\DOCUMENTI\bmsistemi\drivepsviluppo\prjs\cpi win clima\versione_10 nuova\Tubi\database generati\Generati\UDataLink.pas | C:\DOCUMENTI\bmsistemi\drivepsviluppo\prjs\cpi win clima\versione_10 ripristinata\3D\GENERATI\UDataLink.pas | C:\DOCUMENTI\bmsistemi\drivepsviluppo\prjs\cpi win clima\versione_10 ripristinata\3D\GENERATI vecchio\UDataLink.pas | C:\DOCUMENTI\bmsistemi\drivepsviluppo\prjs\cpi win clima\versione_10 ripristinata\AggiornamentiV13\Carichi\database\GENERATI\UDataLink.pas | C:\DOCUMENTI\bmsistemi\drivepsviluppo\prjs\cpi win clima\versione_10 ripristinata\CARICHI\database\GENERATI\UDataLink.pas | C:\DOCUMENTI\bmsistemi\drivepsviluppo\prjs\cpi win clima\versione_10 ripristinata\Copia di 3D\GENERATI\UDataLink.pas | C:\DOCUMENTI\bmsistemi\drivepsviluppo\prjs\cpi win clima\versione_10 ripristinata\progetto test con multitabelle\GENERATI\UDataLink.pas | C:\DOCUMENTI\bmsistemi\drivepsviluppo\prjs\cpi win clima\versione_10 ripristinata\Tubi\database generati\Generati\UDataLink.pas"
"C:\DOCUMENTI\sd\sorgenti\bm-sd\GENERA\distribuzione\libreriedatabase\URicercaDati.pas","UdataLink",,"31","C:\DOCUMENTI\sd\sorgenti\bm-sd\GENERA\UDataLink.pas | C:\DOCUMENTI\sd\sorgenti\bm-sd\GENERA\gestione\generati\UDataLink.pas | C:\DOCUMENTI\sd\sorgenti\bm-sd\GENERA\modifica kbmtable\UDataLink.pas | C:\DOCUMENTI\sd\sorgenti\bm-sd\GENERA\Rebuli modificato CAD\UDataLink.pas | C:\DOCUMENTI\sd\sorgenti\bm-sd\GENERA\Rebuli modificato CAD\compnuccio vecchio mandato lazzerini\UDataLink.pas | C:\DOCUMENTI\sd\sorgenti\bm-sd\GENERA\Rebuli modificato CAD\compnuccio vecchio mandato lazzerini\curve\UDataLink.pas | C:\DOCUMENTI\sd\sorgenti\bm-sd\gestioneclienti\generati\UDataLink.pas | C:\DOCUMENTI\sd\sorgenti\bm-sd\Sun-Trace\generati\UDataLink.pas | C:\DOCUMENTI\bmsistemi\drivep\prjs\cpi win clima\Versione_10\AggiornamentiV13\Carichi\database\GENERATI\UDataLink.pas | C:\DOCUMENTI\bmsistemi\drivep\prjs\cpi win clima\Versione_10\CARICHI\database\GENERATI\UDataLink.pas | C:\DOCUMENTI\bmsistemi\drivep\prjs\cpi win clima\Versione_10\Tubi\database generati\Generati\UDataLink.pas | C:\DOCUMENTI\bmsistemi\drivep\prjs\cpi win clima\Versione_10 allineamento con emanuela\GENERATI\UDataLink.pas | C:\DOCUMENTI\bmsistemi\drivepsviluppo\prjs\cpi win clima\versione_10\3D\GENERATI\UDataLink.pas | C:\DOCUMENTI\bmsistemi\drivepsviluppo\prjs\cpi win clima\versione_10\3D\GENERATI\climaenergia\UDataLink.pas | C:\DOCUMENTI\bmsistemi\drivepsviluppo\prjs\cpi win clima\versione_10\3D\GENERATI vecchio\UDataLink.pas | C:\DOCUMENTI\bmsistemi\drivepsviluppo\prjs\cpi win clima\versione_10\AggiornamentiV13\Carichi\database\GENERATI\UDataLink.pas | C:\DOCUMENTI\bmsistemi\drivepsviluppo\prjs\cpi win clima\versione_10\CARICHI\database\GENERATI\UDataLink.pas | C:\DOCUMENTI\bmsistemi\drivepsviluppo\prjs\cpi win clima\versione_10\Copia di 3D\GENERATI\UDataLink.pas | C:\DOCUMENTI\bmsistemi\drivepsviluppo\prjs\cpi win clima\versione_10\progetto test con multitabelle\GENERATI\UDataLink.pas | C:\DOCUMENTI\bmsistemi\drivepsviluppo\prjs\cpi win clima\versione_10 nuova\AggiornamentiV13\Carichi\database\GENERATI\UDataLink.pas | C:\DOCUMENTI\bmsistemi\drivepsviluppo\prjs\cpi win clima\versione_10 nuova\CARICHI\database\GENERATI\UDataLink.pas | C:\DOCUMENTI\bmsistemi\drivepsviluppo\prjs\cpi win clima\versione_10 nuova\Copia di 3D\GENERATI\UDataLink.pas | C:\DOCUMENTI\bmsistemi\drivepsviluppo\prjs\cpi win clima\versione_10 nuova\progetto test con multitabelle\GENERATI\UDataLink.pas | C:\DOCUMENTI\bmsistemi\drivepsviluppo\prjs\cpi win clima\versione_10 nuova\Tubi\database generati\Generati\UDataLink.pas | C:\DOCUMENTI\bmsistemi\drivepsviluppo\prjs\cpi win clima\versione_10 ripristinata\3D\GENERATI\UDataLink.pas | C:\DOCUMENTI\bmsistemi\drivepsviluppo\prjs\cpi win clima\versione_10 ripristinata\3D\GENERATI vecchio\UDataLink.pas | C:\DOCUMENTI\bmsistemi\drivepsviluppo\prjs\cpi win clima\versione_10 ripristinata\AggiornamentiV13\Carichi\database\GENERATI\UDataLink.pas | C:\DOCUMENTI\bmsistemi\drivepsviluppo\prjs\cpi win clima\versione_10 ripristinata\CARICHI\database\GENERATI\UDataLink.pas | C:\DOCUMENTI\bmsistemi\drivepsviluppo\prjs\cpi win clima\versione_10 ripristinata\Copia di 3D\GENERATI\UDataLink.pas | C:\DOCUMENTI\bmsistemi\drivepsviluppo\prjs\cpi win clima\versione_10 ripristinata\progetto test con multitabelle\GENERATI\UDataLink.pas | C:\DOCUMENTI\bmsistemi\drivepsviluppo\prjs\cpi win clima\versione_10 ripristinata\Tubi\database generati\Generati\UDataLink.pas"
"C:\DOCUMENTI\sd\sorgenti\bm-sd\GENERA\distribuzione\libreriedatabase\gestudb.pas","udb",,"17","C:\DOCUMENTI\sd\sorgenti\bm-sd\GENERA\UDB.pas | C:\DOCUMENTI\sd\sorgenti\bm-sd\GENERA\distribuzione\libreriedatabase\inmemoria\Udb.pas | C:\DOCUMENTI\sd\sorgenti\bm-sd\GENERA\distribuzione\libreriedatabase\sudisco\udb.pas | C:\DOCUMENTI\sd\sorgenti\bm-sd\GENERA\modifica kbmtable\UDB.pas | C:\DOCUMENTI\sd\sorgenti\bm-sd\GENERA\Rebuli modificato CAD\UDB.pas | C:\DOCUMENTI\sd\sorgenti\bm-sd\GENERA\Rebuli modificato CAD\compnuccio vecchio mandato lazzerini\UDB.pas | C:\DOCUMENTI\bmsistemi\drivep\prjs\cpi win clima\Versione_10\CARICHI\database\Udb.pas | C:\DOCUMENTI\bmsistemi\drivep\prjs\cpi win clima\Versione_10 allineamento con emanuela\CARICHI\database\Udb.pas | C:\DOCUMENTI\bmsistemi\drivepsviluppo\prjs\cpi win clima\versione_10\CARICHI\database\UDB.pas | C:\DOCUMENTI\bmsistemi\drivepsviluppo\prjs\cpi win clima\versione_10\libreriedatabase\inmemoria\Udb.pas | C:\DOCUMENTI\bmsistemi\drivepsviluppo\prjs\cpi win clima\versione_10\libreriedatabase\sudisco\udb.pas | C:\DOCUMENTI\bmsistemi\drivepsviluppo\prjs\cpi win clima\versione_10 nuova\CARICHI\database\UDB.pas | C:\DOCUMENTI\bmsistemi\drivepsviluppo\prjs\cpi win clima\versione_10 nuova\libreriedatabase\inmemoria\Udb.pas | C:\DOCUMENTI\bmsistemi\drivepsviluppo\prjs\cpi win clima\versione_10 nuova\libreriedatabase\sudisco\udb.pas | C:\DOCUMENTI\bmsistemi\drivepsviluppo\prjs\cpi win clima\versione_10 ripristinata\CARICHI\database\UDB.pas | C:\DOCUMENTI\bmsistemi\drivepsviluppo\prjs\cpi win clima\versione_10 ripristinata\libreriedatabase\inmemoria\Udb.pas | C:\DOCUMENTI\bmsistemi\drivepsviluppo\prjs\cpi win clima\versione_10 ripristinata\libreriedatabase\sudisco\udb.pas"
"C:\DOCUMENTI\sd\sorgenti\bm-sd\GENERA\distribuzione\libreriedatabase\UCompilaForm.pas","Udb",,"17","C:\DOCUMENTI\sd\sorgenti\bm-sd\GENERA\UDB.pas | C:\DOCUMENTI\sd\sorgenti\bm-sd\GENERA\distribuzione\libreriedatabase\inmemoria\Udb.pas | C:\DOCUMENTI\sd\sorgenti\bm-sd\GENERA\distribuzione\libreriedatabase\sudisco\udb.pas | C:\DOCUMENTI\sd\sorgenti\bm-sd\GENERA\modifica kbmtable\UDB.pas | C:\DOCUMENTI\sd\sorgenti\bm-sd\GENERA\Rebuli modificato CAD\UDB.pas | C:\DOCUMENTI\sd\sorgenti\bm-sd\GENERA\Rebuli modificato CAD\compnuccio vecchio mandato lazzerini\UDB.pas | C:\DOCUMENTI\bmsistemi\drivep\prjs\cpi win clima\Versione_10\CARICHI\database\Udb.pas | C:\DOCUMENTI\bmsistemi\drivep\prjs\cpi win clima\Versione_10 allineamento con emanuela\CARICHI\database\Udb.pas | C:\DOCUMENTI\bmsistemi\drivepsviluppo\prjs\cpi win clima\versione_10\CARICHI\database\UDB.pas | C:\DOCUMENTI\bmsistemi\drivepsviluppo\prjs\cpi win clima\versione_10\libreriedatabase\inmemoria\Udb.pas | C:\DOCUMENTI\bmsistemi\drivepsviluppo\prjs\cpi win clima\versione_10\libreriedatabase\sudisco\udb.pas | C:\DOCUMENTI\bmsistemi\drivepsviluppo\prjs\cpi win clima\versione_10 nuova\CARICHI\database\UDB.pas | C:\DOCUMENTI\bmsistemi\drivepsviluppo\prjs\cpi win clima\versione_10 nuova\libreriedatabase\inmemoria\Udb.pas | C:\DOCUMENTI\bmsistemi\drivepsviluppo\prjs\cpi win clima\versione_10 nuova\libreriedatabase\sudisco\udb.pas | C:\DOCUMENTI\bmsistemi\drivepsviluppo\prjs\cpi win clima\versione_10 ripristinata\CARICHI\database\UDB.pas | C:\DOCUMENTI\bmsistemi\drivepsviluppo\prjs\cpi win clima\versione_10 ripristinata\libreriedatabase\inmemoria\Udb.pas | C:\DOCUMENTI\bmsistemi\drivepsviluppo\prjs\cpi win clima\versione_10 ripristinata\libreriedatabase\sudisco\udb.pas"
"C:\DOCUMENTI\sd\sorgenti\bm-sd\GENERA\distribuzione\libreriedatabase\Ucompilafrontiere.pas","udb",,"17","C:\DOCUMENTI\sd\sorgenti\bm-sd\GENERA\UDB.pas | C:\DOCUMENTI\sd\sorgenti\bm-sd\GENERA\distribuzione\libreriedatabase\inmemoria\Udb.pas | C:\DOCUMENTI\sd\sorgenti\bm-sd\GENERA\distribuzione\libreriedatabase\sudisco\udb.pas | C:\DOCUMENTI\sd\sorgenti\bm-sd\GENERA\modifica kbmtable\UDB.pas | C:\DOCUMENTI\sd\sorgenti\bm-sd\GENERA\Rebuli modificato CAD\UDB.pas | C:\DOCUMENTI\sd\sorgenti\bm-sd\GENERA\Rebuli modificato CAD\compnuccio vecchio mandato lazzerini\UDB.pas | C:\DOCUMENTI\bmsistemi\drivep\prjs\cpi win clima\Versione_10\CARICHI\database\Udb.pas | C:\DOCUMENTI\bmsistemi\drivep\prjs\cpi win clima\Versione_10 allineamento con emanuela\CARICHI\database\Udb.pas | C:\DOCUMENTI\bmsistemi\drivepsviluppo\prjs\cpi win clima\versione_10\CARICHI\database\UDB.pas | C:\DOCUMENTI\bmsistemi\drivepsviluppo\prjs\cpi win clima\versione_10\libreriedatabase\inmemoria\Udb.pas | C:\DOCUMENTI\bmsistemi\drivepsviluppo\prjs\cpi win clima\versione_10\libreriedatabase\sudisco\udb.pas | C:\DOCUMENTI\bmsistemi\drivepsviluppo\prjs\cpi win clima\versione_10 nuova\CARICHI\database\UDB.pas | C:\DOCUMENTI\bmsistemi\drivepsviluppo\prjs\cpi win clima\versione_10 nuova\libreriedatabase\inmemoria\Udb.pas | C:\DOCUMENTI\bmsistemi\drivepsviluppo\prjs\cpi win clima\versione_10 nuova\libreriedatabase\sudisco\udb.pas | C:\DOCUMENTI\bmsistemi\drivepsviluppo\prjs\cpi win clima\versione_10 ripristinata\CARICHI\database\UDB.pas | C:\DOCUMENTI\bmsistemi\drivepsviluppo\prjs\cpi win clima\versione_10 ripristinata\libreriedatabase\inmemoria\Udb.pas | C:\DOCUMENTI\bmsistemi\drivepsviluppo\prjs\cpi win clima\versione_10 ripristinata\libreriedatabase\sudisco\udb.pas"
"C:\DOCUMENTI\sd\sorgenti\bm-sd\GENERA\distribuzione\libreriedatabase\UCompilaFrontiere_a.pas","udb",,"17","C:\DOCUMENTI\sd\sorgenti\bm-sd\GENERA\UDB.pas | C:\DOCUMENTI\sd\sorgenti\bm-sd\GENERA\distribuzione\libreriedatabase\inmemoria\Udb.pas | C:\DOCUMENTI\sd\sorgenti\bm-sd\GENERA\distribuzione\libreriedatabase\sudisco\udb.pas | C:\DOCUMENTI\sd\sorgenti\bm-sd\GENERA\modifica kbmtable\UDB.pas | C:\DOCUMENTI\sd\sorgenti\bm-sd\GENERA\Rebuli modificato CAD\UDB.pas | C:\DOCUMENTI\sd\sorgenti\bm-sd\GENERA\Rebuli modificato CAD\compnuccio vecchio mandato lazzerini\UDB.pas | C:\DOCUMENTI\bmsistemi\drivep\prjs\cpi win clima\Versione_10\CARICHI\database\Udb.pas | C:\DOCUMENTI\bmsistemi\drivep\prjs\cpi win clima\Versione_10 allineamento con emanuela\CARICHI\database\Udb.pas | C:\DOCUMENTI\bmsistemi\drivepsviluppo\prjs\cpi win clima\versione_10\CARICHI\database\UDB.pas | C:\DOCUMENTI\bmsistemi\drivepsviluppo\prjs\cpi win clima\versione_10\libreriedatabase\inmemoria\Udb.pas | C:\DOCUMENTI\bmsistemi\drivepsviluppo\prjs\cpi win clima\versione_10\libreriedatabase\sudisco\udb.pas | C:\DOCUMENTI\bmsistemi\drivepsviluppo\prjs\cpi win clima\versione_10 nuova\CARICHI\database\UDB.pas | C:\DOCUMENTI\bmsistemi\drivepsviluppo\prjs\cpi win clima\versione_10 nuova\libreriedatabase\inmemoria\Udb.pas | C:\DOCUMENTI\bmsistemi\drivepsviluppo\prjs\cpi win clima\versione_10 nuova\libreriedatabase\sudisco\udb.pas | C:\DOCUMENTI\bmsistemi\drivepsviluppo\prjs\cpi win clima\versione_10 ripristinata\CARICHI\database\UDB.pas | C:\DOCUMENTI\bmsistemi\drivepsviluppo\prjs\cpi win clima\versione_10 ripristinata\libreriedatabase\inmemoria\Udb.pas | C:\DOCUMENTI\bmsistemi\drivepsviluppo\prjs\cpi win clima\versione_10 ripristinata\libreriedatabase\sudisco\udb.pas"
"C:\DOCUMENTI\sd\sorgenti\bm-sd\GENERA\distribuzione\libreriedatabase\UOpen_file.pas","UDB",,"17","C:\DOCUMENTI\sd\sorgenti\bm-sd\GENERA\UDB.pas | C:\DOCUMENTI\sd\sorgenti\bm-sd\GENERA\distribuzione\libreriedatabase\inmemoria\Udb.pas | C:\DOCUMENTI\sd\sorgenti\bm-sd\GENERA\distribuzione\libreriedatabase\sudisco\udb.pas | C:\DOCUMENTI\sd\sorgenti\bm-sd\GENERA\modifica kbmtable\UDB.pas | C:\DOCUMENTI\sd\sorgenti\bm-sd\GENERA\Rebuli modificato CAD\UDB.pas | C:\DOCUMENTI\sd\sorgenti\bm-sd\GENERA\Rebuli modificato CAD\compnuccio vecchio mandato lazzerini\UDB.pas | C:\DOCUMENTI\bmsistemi\drivep\prjs\cpi win clima\Versione_10\CARICHI\database\Udb.pas | C:\DOCUMENTI\bmsistemi\drivep\prjs\cpi win clima\Versione_10 allineamento con emanuela\CARICHI\database\Udb.pas | C:\DOCUMENTI\bmsistemi\drivepsviluppo\prjs\cpi win clima\versione_10\CARICHI\database\UDB.pas | C:\DOCUMENTI\bmsistemi\drivepsviluppo\prjs\cpi win clima\versione_10\libreriedatabase\inmemoria\Udb.pas | C:\DOCUMENTI\bmsistemi\drivepsviluppo\prjs\cpi win clima\versione_10\libreriedatabase\sudisco\udb.pas | C:\DOCUMENTI\bmsistemi\drivepsviluppo\prjs\cpi win clima\versione_10 nuova\CARICHI\database\UDB.pas | C:\DOCUMENTI\bmsistemi\drivepsviluppo\prjs\cpi win clima\versione_10 nuova\libreriedatabase\inmemoria\Udb.pas | C:\DOCUMENTI\bmsistemi\drivepsviluppo\prjs\cpi win clima\versione_10 nuova\libreriedatabase\sudisco\udb.pas | C:\DOCUMENTI\bmsistemi\drivepsviluppo\prjs\cpi win clima\versione_10 ripristinata\CARICHI\database\UDB.pas | C:\DOCUMENTI\bmsistemi\drivepsviluppo\prjs\cpi win clima\versione_10 ripristinata\libreriedatabase\inmemoria\Udb.pas | C:\DOCUMENTI\bmsistemi\drivepsviluppo\prjs\cpi win clima\versione_10 ripristinata\libreriedatabase\sudisco\udb.pas"
"C:\DOCUMENTI\sd\sorgenti\bm-sd\GENERA\distribuzione\libreriedatabase\USave_file.pas","UDB",,"17","C:\DOCUMENTI\sd\sorgenti\bm-sd\GENERA\UDB.pas | C:\DOCUMENTI\sd\sorgenti\bm-sd\GENERA\distribuzione\libreriedatabase\inmemoria\Udb.pas | C:\DOCUMENTI\sd\sorgenti\bm-sd\GENERA\distribuzione\libreriedatabase\sudisco\udb.pas | C:\DOCUMENTI\sd\sorgenti\bm-sd\GENERA\modifica kbmtable\UDB.pas | C:\DOCUMENTI\sd\sorgenti\bm-sd\GENERA\Rebuli modificato CAD\UDB.pas | C:\DOCUMENTI\sd\sorgenti\bm-sd\GENERA\Rebuli modificato CAD\compnuccio vecchio mandato lazzerini\UDB.pas | C:\DOCUMENTI\bmsistemi\drivep\prjs\cpi win clima\Versione_10\CARICHI\database\Udb.pas | C:\DOCUMENTI\bmsistemi\drivep\prjs\cpi win clima\Versione_10 allineamento con emanuela\CARICHI\database\Udb.pas | C:\DOCUMENTI\bmsistemi\drivepsviluppo\prjs\cpi win clima\versione_10\CARICHI\database\UDB.pas | C:\DOCUMENTI\bmsistemi\drivepsviluppo\prjs\cpi win clima\versione_10\libreriedatabase\inmemoria\Udb.pas | C:\DOCUMENTI\bmsistemi\drivepsviluppo\prjs\cpi win clima\versione_10\libreriedatabase\sudisco\udb.pas | C:\DOCUMENTI\bmsistemi\drivepsviluppo\prjs\cpi win clima\versione_10 nuova\CARICHI\database\UDB.pas | C:\DOCUMENTI\bmsistemi\drivepsviluppo\prjs\cpi win clima\versione_10 nuova\libreriedatabase\inmemoria\Udb.pas | C:\DOCUMENTI\bmsistemi\drivepsviluppo\prjs\cpi win clima\versione_10 nuova\libreriedatabase\sudisco\udb.pas | C:\DOCUMENTI\bmsistemi\drivepsviluppo\prjs\cpi win clima\versione_10 ripristinata\CARICHI\database\UDB.pas | C:\DOCUMENTI\bmsistemi\drivepsviluppo\prjs\cpi win clima\versione_10 ripristinata\libreriedatabase\inmemoria\Udb.pas | C:\DOCUMENTI\bmsistemi\drivepsviluppo\prjs\cpi win clima\versione_10 ripristinata\libreriedatabase\sudisco\udb.pas"
"C:\DOCUMENTI\sd\sorgenti\bm-sd\GENERA\gestione\generati\UDataLink.pas","Udb",,"17","C:\DOCUMENTI\sd\sorgenti\bm-sd\GENERA\UDB.pas | C:\DOCUMENTI\sd\sorgenti\bm-sd\GENERA\distribuzione\libreriedatabase\inmemoria\Udb.pas | C:\DOCUMENTI\sd\sorgenti\bm-sd\GENERA\distribuzione\libreriedatabase\sudisco\udb.pas | C:\DOCUMENTI\sd\sorgenti\bm-sd\GENERA\modifica kbmtable\UDB.pas | C:\DOCUMENTI\sd\sorgenti\bm-sd\GENERA\Rebuli modificato CAD\UDB.pas | C:\DOCUMENTI\sd\sorgenti\bm-sd\GENERA\Rebuli modificato CAD\compnuccio vecchio mandato lazzerini\UDB.pas | C:\DOCUMENTI\bmsistemi\drivep\prjs\cpi win clima\Versione_10\CARICHI\database\Udb.pas | C:\DOCUMENTI\bmsistemi\drivep\prjs\cpi win clima\Versione_10 allineamento con emanuela\CARICHI\database\Udb.pas | C:\DOCUMENTI\bmsistemi\drivepsviluppo\prjs\cpi win clima\versione_10\CARICHI\database\UDB.pas | C:\DOCUMENTI\bmsistemi\drivepsviluppo\prjs\cpi win clima\versione_10\libreriedatabase\inmemoria\Udb.pas | C:\DOCUMENTI\bmsistemi\drivepsviluppo\prjs\cpi win clima\versione_10\libreriedatabase\sudisco\udb.pas | C:\DOCUMENTI\bmsistemi\drivepsviluppo\prjs\cpi win clima\versione_10 nuova\CARICHI\database\UDB.pas | C:\DOCUMENTI\bmsistemi\drivepsviluppo\prjs\cpi win clima\versione_10 nuova\libreriedatabase\inmemoria\Udb.pas | C:\DOCUMENTI\bmsistemi\drivepsviluppo\prjs\cpi win clima\versione_10 nuova\libreriedatabase\sudisco\udb.pas | C:\DOCUMENTI\bmsistemi\drivepsviluppo\prjs\cpi win clima\versione_10 ripristinata\CARICHI\database\UDB.pas | C:\DOCUMENTI\bmsistemi\drivepsviluppo\prjs\cpi win clima\versione_10 ripristinata\libreriedatabase\inmemoria\Udb.pas | C:\DOCUMENTI\bmsistemi\drivepsviluppo\prjs\cpi win clima\versione_10 ripristinata\libreriedatabase\sudisco\udb.pas"
"C:\DOCUMENTI\sd\sorgenti\bm-sd\GENERA\gestione\generati\UDataOutT.pas","Udb",,"17","C:\DOCUMENTI\sd\sorgenti\bm-sd\GENERA\UDB.pas | C:\DOCUMENTI\sd\sorgenti\bm-sd\GENERA\distribuzione\libreriedatabase\inmemoria\Udb.pas | C:\DOCUMENTI\sd\sorgenti\bm-sd\GENERA\distribuzione\libreriedatabase\sudisco\udb.pas | C:\DOCUMENTI\sd\sorgenti\bm-sd\GENERA\modifica kbmtable\UDB.pas | C:\DOCUMENTI\sd\sorgenti\bm-sd\GENERA\Rebuli modificato CAD\UDB.pas | C:\DOCUMENTI\sd\sorgenti\bm-sd\GENERA\Rebuli modificato CAD\compnuccio vecchio mandato lazzerini\UDB.pas | C:\DOCUMENTI\bmsistemi\drivep\prjs\cpi win clima\Versione_10\CARICHI\database\Udb.pas | C:\DOCUMENTI\bmsistemi\drivep\prjs\cpi win clima\Versione_10 allineamento con emanuela\CARICHI\database\Udb.pas | C:\DOCUMENTI\bmsistemi\drivepsviluppo\prjs\cpi win clima\versione_10\CARICHI\database\UDB.pas | C:\DOCUMENTI\bmsistemi\drivepsviluppo\prjs\cpi win clima\versione_10\libreriedatabase\inmemoria\Udb.pas | C:\DOCUMENTI\bmsistemi\drivepsviluppo\prjs\cpi win clima\versione_10\libreriedatabase\sudisco\udb.pas | C:\DOCUMENTI\bmsistemi\drivepsviluppo\prjs\cpi win clima\versione_10 nuova\CARICHI\database\UDB.pas | C:\DOCUMENTI\bmsistemi\drivepsviluppo\prjs\cpi win clima\versione_10 nuova\libreriedatabase\inmemoria\Udb.pas | C:\DOCUMENTI\bmsistemi\drivepsviluppo\prjs\cpi win clima\versione_10 nuova\libreriedatabase\sudisco\udb.pas | C:\DOCUMENTI\bmsistemi\drivepsviluppo\prjs\cpi win clima\versione_10 ripristinata\CARICHI\database\UDB.pas | C:\DOCUMENTI\bmsistemi\drivepsviluppo\prjs\cpi win clima\versione_10 ripristinata\libreriedatabase\inmemoria\Udb.pas | C:\DOCUMENTI\bmsistemi\drivepsviluppo\prjs\cpi win clima\versione_10 ripristinata\libreriedatabase\sudisco\udb.pas"
"C:\DOCUMENTI\sd\sorgenti\bm-sd\GENERA\gestione\generati\UDBT.pas","udb",,"17","C:\DOCUMENTI\sd\sorgenti\bm-sd\GENERA\UDB.pas | C:\DOCUMENTI\sd\sorgenti\bm-sd\GENERA\distribuzione\libreriedatabase\inmemoria\Udb.pas | C:\DOCUMENTI\sd\sorgenti\bm-sd\GENERA\distribuzione\libreriedatabase\sudisco\udb.pas | C:\DOCUMENTI\sd\sorgenti\bm-sd\GENERA\modifica kbmtable\UDB.pas | C:\DOCUMENTI\sd\sorgenti\bm-sd\GENERA\Rebuli modificato CAD\UDB.pas | C:\DOCUMENTI\sd\sorgenti\bm-sd\GENERA\Rebuli modificato CAD\compnuccio vecchio mandato lazzerini\UDB.pas | C:\DOCUMENTI\bmsistemi\drivep\prjs\cpi win clima\Versione_10\CARICHI\database\Udb.pas | C:\DOCUMENTI\bmsistemi\drivep\prjs\cpi win clima\Versione_10 allineamento con emanuela\CARICHI\database\Udb.pas | C:\DOCUMENTI\bmsistemi\drivepsviluppo\prjs\cpi win clima\versione_10\CARICHI\database\UDB.pas | C:\DOCUMENTI\bmsistemi\drivepsviluppo\prjs\cpi win clima\versione_10\libreriedatabase\inmemoria\Udb.pas | C:\DOCUMENTI\bmsistemi\drivepsviluppo\prjs\cpi win clima\versione_10\libreriedatabase\sudisco\udb.pas | C:\DOCUMENTI\bmsistemi\drivepsviluppo\prjs\cpi win clima\versione_10 nuova\CARICHI\database\UDB.pas | C:\DOCUMENTI\bmsistemi\drivepsviluppo\prjs\cpi win clima\versione_10 nuova\libreriedatabase\inmemoria\Udb.pas | C:\DOCUMENTI\bmsistemi\drivepsviluppo\prjs\cpi win clima\versione_10 nuova\libreriedatabase\sudisco\udb.pas | C:\DOCUMENTI\bmsistemi\drivepsviluppo\prjs\cpi win clima\versione_10 ripristinata\CARICHI\database\UDB.pas | C:\DOCUMENTI\bmsistemi\drivepsviluppo\prjs\cpi win clima\versione_10 ripristinata\libreriedatabase\inmemoria\Udb.pas | C:\DOCUMENTI\bmsistemi\drivepsviluppo\prjs\cpi win clima\versione_10 ripristinata\libreriedatabase\sudisco\udb.pas"
"C:\DOCUMENTI\sd\sorgenti\bm-sd\GENERA\gestione\generati\ULeggiscriviDati.pas","udb",,"17","C:\DOCUMENTI\sd\sorgenti\bm-sd\GENERA\UDB.pas | C:\DOCUMENTI\sd\sorgenti\bm-sd\GENERA\distribuzione\libreriedatabase\inmemoria\Udb.pas | C:\DOCUMENTI\sd\sorgenti\bm-sd\GENERA\distribuzione\libreriedatabase\sudisco\udb.pas | C:\DOCUMENTI\sd\sorgenti\bm-sd\GENERA\modifica kbmtable\UDB.pas | C:\DOCUMENTI\sd\sorgenti\bm-sd\GENERA\Rebuli modificato CAD\UDB.pas | C:\DOCUMENTI\sd\sorgenti\bm-sd\GENERA\Rebuli modificato CAD\compnuccio vecchio mandato lazzerini\UDB.pas | C:\DOCUMENTI\bmsistemi\drivep\prjs\cpi win clima\Versione_10\CARICHI\database\Udb.pas | C:\DOCUMENTI\bmsistemi\drivep\prjs\cpi win clima\Versione_10 allineamento con emanuela\CARICHI\database\Udb.pas | C:\DOCUMENTI\bmsistemi\drivepsviluppo\prjs\cpi win clima\versione_10\CARICHI\database\UDB.pas | C:\DOCUMENTI\bmsistemi\drivepsviluppo\prjs\cpi win clima\versione_10\libreriedatabase\inmemoria\Udb.pas | C:\DOCUMENTI\bmsistemi\drivepsviluppo\prjs\cpi win clima\versione_10\libreriedatabase\sudisco\udb.pas | C:\DOCUMENTI\bmsistemi\drivepsviluppo\prjs\cpi win clima\versione_10 nuova\CARICHI\database\UDB.pas | C:\DOCUMENTI\bmsistemi\drivepsviluppo\prjs\cpi win clima\versione_10 nuova\libreriedatabase\inmemoria\Udb.pas | C:\DOCUMENTI\bmsistemi\drivepsviluppo\prjs\cpi win clima\versione_10 nuova\libreriedatabase\sudisco\udb.pas | C:\DOCUMENTI\bmsistemi\drivepsviluppo\prjs\cpi win clima\versione_10 ripristinata\CARICHI\database\UDB.pas | C:\DOCUMENTI\bmsistemi\drivepsviluppo\prjs\cpi win clima\versione_10 ripristinata\libreriedatabase\inmemoria\Udb.pas | C:\DOCUMENTI\bmsistemi\drivepsviluppo\prjs\cpi win clima\versione_10 ripristinata\libreriedatabase\sudisco\udb.pas"
"C:\DOCUMENTI\sd\sorgenti\bm-sd\GENERA\Rebuli modificato CAD\compnuccio vecchio mandato lazzerini\curve\UDataLink.pas","Udb",,"17","C:\DOCUMENTI\sd\sorgenti\bm-sd\GENERA\UDB.pas | C:\DOCUMENTI\sd\sorgenti\bm-sd\GENERA\distribuzione\libreriedatabase\inmemoria\Udb.pas | C:\DOCUMENTI\sd\sorgenti\bm-sd\GENERA\distribuzione\libreriedatabase\sudisco\udb.pas | C:\DOCUMENTI\sd\sorgenti\bm-sd\GENERA\modifica kbmtable\UDB.pas | C:\DOCUMENTI\sd\sorgenti\bm-sd\GENERA\Rebuli modificato CAD\UDB.pas | C:\DOCUMENTI\sd\sorgenti\bm-sd\GENERA\Rebuli modificato CAD\compnuccio vecchio mandato lazzerini\UDB.pas | C:\DOCUMENTI\bmsistemi\drivep\prjs\cpi win clima\Versione_10\CARICHI\database\Udb.pas | C:\DOCUMENTI\bmsistemi\drivep\prjs\cpi win clima\Versione_10 allineamento con emanuela\CARICHI\database\Udb.pas | C:\DOCUMENTI\bmsistemi\drivepsviluppo\prjs\cpi win clima\versione_10\CARICHI\database\UDB.pas | C:\DOCUMENTI\bmsistemi\drivepsviluppo\prjs\cpi win clima\versione_10\libreriedatabase\inmemoria\Udb.pas | C:\DOCUMENTI\bmsistemi\drivepsviluppo\prjs\cpi win clima\versione_10\libreriedatabase\sudisco\udb.pas | C:\DOCUMENTI\bmsistemi\drivepsviluppo\prjs\cpi win clima\versione_10 nuova\CARICHI\database\UDB.pas | C:\DOCUMENTI\bmsistemi\drivepsviluppo\prjs\cpi win clima\versione_10 nuova\libreriedatabase\inmemoria\Udb.pas | C:\DOCUMENTI\bmsistemi\drivepsviluppo\prjs\cpi win clima\versione_10 nuova\libreriedatabase\sudisco\udb.pas | C:\DOCUMENTI\bmsistemi\drivepsviluppo\prjs\cpi win clima\versione_10 ripristinata\CARICHI\database\UDB.pas | C:\DOCUMENTI\bmsistemi\drivepsviluppo\prjs\cpi win clima\versione_10 ripristinata\libreriedatabase\inmemoria\Udb.pas | C:\DOCUMENTI\bmsistemi\drivepsviluppo\prjs\cpi win clima\versione_10 ripristinata\libreriedatabase\sudisco\udb.pas"
"C:\DOCUMENTI\sd\sorgenti\bm-sd\GENERA\gestione\Init_easy.pas","umaingenera",,"2","C:\DOCUMENTI\sd\sorgenti\bm-sd\GENERA\UMainGenera.pas | C:\DOCUMENTI\sd\sorgenti\bm-sd\GENERA\modifica kbmtable\UMainGenera.pas"
"C:\DOCUMENTI\sd\sorgenti\bm-sd\GENERA\distribuzione\libreriedatabase\Ucompilafrontiere.pas","UMessaggiCarichi",,"5","C:\DOCUMENTI\bmsistemi\drivep\prjs\cpi win clima\Versione_10\CARICHI\UMessaggiCarichi.pas | C:\DOCUMENTI\bmsistemi\drivep\prjs\cpi win clima\Versione_10 allineamento con emanuela\CARICHI\UMessaggiCarichi.pas | C:\DOCUMENTI\bmsistemi\drivepsviluppo\prjs\cpi win clima\versione_10\CARICHI\UMessaggiCarichi.pas | C:\DOCUMENTI\bmsistemi\drivepsviluppo\prjs\cpi win clima\versione_10 nuova\CARICHI\UMessaggiCarichi.pas | C:\DOCUMENTI\bmsistemi\drivepsviluppo\prjs\cpi win clima\versione_10 ripristinata\CARICHI\UMessaggiCarichi.pas"
"C:\DOCUMENTI\sd\sorgenti\bm-sd\GENERA\distribuzione\libreriedatabase\UCompilaFrontiere_a.pas","UMessaggiCarichi",,"5","C:\DOCUMENTI\bmsistemi\drivep\prjs\cpi win clima\Versione_10\CARICHI\UMessaggiCarichi.pas | C:\DOCUMENTI\bmsistemi\drivep\prjs\cpi win clima\Versione_10 allineamento con emanuela\CARICHI\UMessaggiCarichi.pas | C:\DOCUMENTI\bmsistemi\drivepsviluppo\prjs\cpi win clima\versione_10\CARICHI\UMessaggiCarichi.pas | C:\DOCUMENTI\bmsistemi\drivepsviluppo\prjs\cpi win clima\versione_10 nuova\CARICHI\UMessaggiCarichi.pas | C:\DOCUMENTI\bmsistemi\drivepsviluppo\prjs\cpi win clima\versione_10 ripristinata\CARICHI\UMessaggiCarichi.pas"
"C:\DOCUMENTI\sd\sorgenti\bm-sd\GENERA\distribuzione\libreriedatabase\URicercaDati.pas","UMessaggiCarichi",,"5","C:\DOCUMENTI\bmsistemi\drivep\prjs\cpi win clima\Versione_10\CARICHI\UMessaggiCarichi.pas | C:\DOCUMENTI\bmsistemi\drivep\prjs\cpi win clima\Versione_10 allineamento con emanuela\CARICHI\UMessaggiCarichi.pas | C:\DOCUMENTI\bmsistemi\drivepsviluppo\prjs\cpi win clima\versione_10\CARICHI\UMessaggiCarichi.pas | C:\DOCUMENTI\bmsistemi\drivepsviluppo\prjs\cpi win clima\versione_10 nuova\CARICHI\UMessaggiCarichi.pas | C:\DOCUMENTI\bmsistemi\drivepsviluppo\prjs\cpi win clima\versione_10 ripristinata\CARICHI\UMessaggiCarichi.pas"
"C:\DOCUMENTI\sd\sorgenti\bm-sd\GENERA\Rebuli modificato CAD\SofRad.pas","uruncomp",,"2","C:\DOCUMENTI\sd\sorgenti\bm-sd\GENERA\Rebuli modificato CAD\compnuccio\URunComp.pas | C:\DOCUMENTI\sd\sorgenti\bm-sd\GENERA\Rebuli modificato CAD\compnuccio vecchio mandato lazzerini\URunComp.pas"
"C:\DOCUMENTI\sd\sorgenti\bm-sd\GENERA\distribuzione\libreriedatabase\Ucompilafrontiere.pas","UStatistica",,"6","C:\DOCUMENTI\sd\sorgenti\bm-sd\lettura\salvataggio\Ustatistica.pas | C:\DOCUMENTI\bmsistemi\drivep\prjs\cpi win clima\Versione_10\comuni\Ustatistica.pas | C:\DOCUMENTI\bmsistemi\drivep\prjs\cpi win clima\Versione_10 allineamento con emanuela\comuni\Ustatistica.pas | C:\DOCUMENTI\bmsistemi\drivepsviluppo\prjs\cpi win clima\versione_10\comuni\Ustatistica.pas | C:\DOCUMENTI\bmsistemi\drivepsviluppo\prjs\cpi win clima\versione_10 nuova\comuni\Ustatistica.pas | C:\DOCUMENTI\bmsistemi\drivepsviluppo\prjs\cpi win clima\versione_10 ripristinata\comuni\Ustatistica.pas"
"C:\DOCUMENTI\sd\sorgenti\bm-sd\GENERA\distribuzione\libreriedatabase\UCompilaFrontiere_a.pas","UStatistica",,"6","C:\DOCUMENTI\sd\sorgenti\bm-sd\lettura\salvataggio\Ustatistica.pas | C:\DOCUMENTI\bmsistemi\drivep\prjs\cpi win clima\Versione_10\comuni\Ustatistica.pas | C:\DOCUMENTI\bmsistemi\drivep\prjs\cpi win clima\Versione_10 allineamento con emanuela\comuni\Ustatistica.pas | C:\DOCUMENTI\bmsistemi\drivepsviluppo\prjs\cpi win clima\versione_10\comuni\Ustatistica.pas | C:\DOCUMENTI\bmsistemi\drivepsviluppo\prjs\cpi win clima\versione_10 nuova\comuni\Ustatistica.pas | C:\DOCUMENTI\bmsistemi\drivepsviluppo\prjs\cpi win clima\versione_10 ripristinata\comuni\Ustatistica.pas"
"C:\DOCUMENTI\sd\sorgenti\bm-sd\GENERA\distribuzione\libreriedatabase\Ucompilafrontiere.pas","Uti_term",,"5","C:\DOCUMENTI\bmsistemi\drivep\prjs\cpi win clima\Versione_10\comuni\Uti_term.pas | C:\DOCUMENTI\bmsistemi\drivep\prjs\cpi win clima\Versione_10 allineamento con emanuela\comuni\Uti_term.pas | C:\DOCUMENTI\bmsistemi\drivepsviluppo\prjs\cpi win clima\versione_10\comuni\Uti_term.pas | C:\DOCUMENTI\bmsistemi\drivepsviluppo\prjs\cpi win clima\versione_10 nuova\comuni\Uti_term.pas | C:\DOCUMENTI\bmsistemi\drivepsviluppo\prjs\cpi win clima\versione_10 ripristinata\comuni\Uti_term.pas"
"C:\DOCUMENTI\sd\sorgenti\bm-sd\GENERA\distribuzione\libreriedatabase\UCompilaFrontiere_a.pas","Uti_term",,"5","C:\DOCUMENTI\bmsistemi\drivep\prjs\cpi win clima\Versione_10\comuni\Uti_term.pas | C:\DOCUMENTI\bmsistemi\drivep\prjs\cpi win clima\Versione_10 allineamento con emanuela\comuni\Uti_term.pas | C:\DOCUMENTI\bmsistemi\drivepsviluppo\prjs\cpi win clima\versione_10\comuni\Uti_term.pas | C:\DOCUMENTI\bmsistemi\drivepsviluppo\prjs\cpi win clima\versione_10 nuova\comuni\Uti_term.pas | C:\DOCUMENTI\bmsistemi\drivepsviluppo\prjs\cpi win clima\versione_10 ripristinata\comuni\Uti_term.pas"
"C:\DOCUMENTI\sd\sorgenti\bm-sd\GENERA\distribuzione\libreriedatabase\Ucompilafrontiere.pas","Utireport",,"5","C:\DOCUMENTI\bmsistemi\drivep\prjs\cpi win clima\Versione_10\comuni\report\Utireport.pas | C:\DOCUMENTI\bmsistemi\drivep\prjs\cpi win clima\Versione_10 allineamento con emanuela\comuni\report\Utireport.pas | C:\DOCUMENTI\bmsistemi\drivepsviluppo\prjs\cpi win clima\versione_10\comuni\report\Utireport.pas | C:\DOCUMENTI\bmsistemi\drivepsviluppo\prjs\cpi win clima\versione_10 nuova\comuni\report\Utireport.pas | C:\DOCUMENTI\bmsistemi\drivepsviluppo\prjs\cpi win clima\versione_10 ripristinata\comuni\report\Utireport.pas"
"C:\DOCUMENTI\sd\sorgenti\bm-sd\GENERA\distribuzione\libreriedatabase\UCompilaFrontiere_a.pas","Utireport",,"5","C:\DOCUMENTI\bmsistemi\drivep\prjs\cpi win clima\Versione_10\comuni\report\Utireport.pas | C:\DOCUMENTI\bmsistemi\drivep\prjs\cpi win clima\Versione_10 allineamento con emanuela\comuni\report\Utireport.pas | C:\DOCUMENTI\bmsistemi\drivepsviluppo\prjs\cpi win clima\versione_10\comuni\report\Utireport.pas | C:\DOCUMENTI\bmsistemi\drivepsviluppo\prjs\cpi win clima\versione_10 nuova\comuni\report\Utireport.pas | C:\DOCUMENTI\bmsistemi\drivepsviluppo\prjs\cpi win clima\versione_10 ripristinata\comuni\report\Utireport.pas"
"C:\DOCUMENTI\sd\sorgenti\bm-sd\GENERA\distribuzione\libreriedatabase\Ucompilafrontiere.pas","Uvariabili",,"5","C:\DOCUMENTI\bmsistemi\drivep\prjs\cpi win clima\Versione_10\CARICHI\calcoli\Legge10\Uvariabili.pas | C:\DOCUMENTI\bmsistemi\drivep\prjs\cpi win clima\Versione_10\CARICHI\tamponamenti\UVariabili.pas | C:\DOCUMENTI\bmsistemi\drivepsviluppo\prjs\cpi win clima\versione_10\CARICHI\calcoli\Legge10\Uvariabili.pas | C:\DOCUMENTI\bmsistemi\drivepsviluppo\prjs\cpi win clima\versione_10 nuova\CARICHI\calcoli\Legge10\Uvariabili.pas | C:\DOCUMENTI\bmsistemi\drivepsviluppo\prjs\cpi win clima\versione_10 ripristinata\CARICHI\calcoli\Legge10\Uvariabili.pas"
"C:\DOCUMENTI\sd\sorgenti\bm-sd\GENERA\distribuzione\libreriedatabase\UCompilaFrontiere_a.pas","Uvariabili",,"5","C:\DOCUMENTI\bmsistemi\drivep\prjs\cpi win clima\Versione_10\CARICHI\calcoli\Legge10\Uvariabili.pas | C:\DOCUMENTI\bmsistemi\drivep\prjs\cpi win clima\Versione_10\CARICHI\tamponamenti\UVariabili.pas | C:\DOCUMENTI\bmsistemi\drivepsviluppo\prjs\cpi win clima\versione_10\CARICHI\calcoli\Legge10\Uvariabili.pas | C:\DOCUMENTI\bmsistemi\drivepsviluppo\prjs\cpi win clima\versione_10 nuova\CARICHI\calcoli\Legge10\Uvariabili.pas | C:\DOCUMENTI\bmsistemi\drivepsviluppo\prjs\cpi win clima\versione_10 ripristinata\CARICHI\calcoli\Legge10\Uvariabili.pas"
"C:\DOCUMENTI\sd\sorgenti\bm-sd\GENERA\distribuzione\libreriedatabase\URicercaDati.pas","Uvariabili",,"5","C:\DOCUMENTI\bmsistemi\drivep\prjs\cpi win clima\Versione_10\CARICHI\calcoli\Legge10\Uvariabili.pas | C:\DOCUMENTI\bmsistemi\drivep\prjs\cpi win clima\Versione_10\CARICHI\tamponamenti\UVariabili.pas | C:\DOCUMENTI\bmsistemi\drivepsviluppo\prjs\cpi win clima\versione_10\CARICHI\calcoli\Legge10\Uvariabili.pas | C:\DOCUMENTI\bmsistemi\drivepsviluppo\prjs\cpi win clima\versione_10 nuova\CARICHI\calcoli\Legge10\Uvariabili.pas | C:\DOCUMENTI\bmsistemi\drivepsviluppo\prjs\cpi win clima\versione_10 ripristinata\CARICHI\calcoli\Legge10\Uvariabili.pas"
"C:\DOCUMENTI\sd\sorgenti\bm-sd\GENERA\distribuzione\libreriedatabase\Init_puntatori.pas","varcarichi",,"9","C:\DOCUMENTI\sd\sorgenti\bm-sd\GENERA\distribuzione\Varcarichi.pas | C:\DOCUMENTI\sd\sorgenti\bm-sd\GENERA\gestione\Varcarichi.pas | C:\DOCUMENTI\sd\sorgenti\bm-sd\gestioneclienti\generati\Varcarichi.pas | C:\DOCUMENTI\sd\sorgenti\bm-sd\Sun-Trace\Varcarichi.pas | C:\DOCUMENTI\bmsistemi\drivep\prjs\cpi win clima\Versione_10\CARICHI\varcarichi.pas | C:\DOCUMENTI\bmsistemi\drivep\prjs\cpi win clima\Versione_10 allineamento con emanuela\CARICHI\VarCarichi.pas | C:\DOCUMENTI\bmsistemi\drivepsviluppo\prjs\cpi win clima\versione_10\CARICHI\varcarichi.pas | C:\DOCUMENTI\bmsistemi\drivepsviluppo\prjs\cpi win clima\versione_10 nuova\CARICHI\varcarichi.pas | C:\DOCUMENTI\bmsistemi\drivepsviluppo\prjs\cpi win clima\versione_10 ripristinata\CARICHI\varcarichi.pas"
"C:\DOCUMENTI\sd\sorgenti\bm-sd\GENERA\distribuzione\libreriedatabase\Ucompilafrontiere.pas","Varcarichi",,"9","C:\DOCUMENTI\sd\sorgenti\bm-sd\GENERA\distribuzione\Varcarichi.pas | C:\DOCUMENTI\sd\sorgenti\bm-sd\GENERA\gestione\Varcarichi.pas | C:\DOCUMENTI\sd\sorgenti\bm-sd\gestioneclienti\generati\Varcarichi.pas | C:\DOCUMENTI\sd\sorgenti\bm-sd\Sun-Trace\Varcarichi.pas | C:\DOCUMENTI\bmsistemi\drivep\prjs\cpi win clima\Versione_10\CARICHI\varcarichi.pas | C:\DOCUMENTI\bmsistemi\drivep\prjs\cpi win clima\Versione_10 allineamento con emanuela\CARICHI\VarCarichi.pas | C:\DOCUMENTI\bmsistemi\drivepsviluppo\prjs\cpi win clima\versione_10\CARICHI\varcarichi.pas | C:\DOCUMENTI\bmsistemi\drivepsviluppo\prjs\cpi win clima\versione_10 nuova\CARICHI\varcarichi.pas | C:\DOCUMENTI\bmsistemi\drivepsviluppo\prjs\cpi win clima\versione_10 ripristinata\CARICHI\varcarichi.pas"
"C:\DOCUMENTI\sd\sorgenti\bm-sd\GENERA\distribuzione\libreriedatabase\UCompilaFrontiere_a.pas","Varcarichi",,"9","C:\DOCUMENTI\sd\sorgenti\bm-sd\GENERA\distribuzione\Varcarichi.pas | C:\DOCUMENTI\sd\sorgenti\bm-sd\GENERA\gestione\Varcarichi.pas | C:\DOCUMENTI\sd\sorgenti\bm-sd\gestioneclienti\generati\Varcarichi.pas | C:\DOCUMENTI\sd\sorgenti\bm-sd\Sun-Trace\Varcarichi.pas | C:\DOCUMENTI\bmsistemi\drivep\prjs\cpi win clima\Versione_10\CARICHI\varcarichi.pas | C:\DOCUMENTI\bmsistemi\drivep\prjs\cpi win clima\Versione_10 allineamento con emanuela\CARICHI\VarCarichi.pas | C:\DOCUMENTI\bmsistemi\drivepsviluppo\prjs\cpi win clima\versione_10\CARICHI\varcarichi.pas | C:\DOCUMENTI\bmsistemi\drivepsviluppo\prjs\cpi win clima\versione_10 nuova\CARICHI\varcarichi.pas | C:\DOCUMENTI\bmsistemi\drivepsviluppo\prjs\cpi win clima\versione_10 ripristinata\CARICHI\varcarichi.pas"
"C:\DOCUMENTI\sd\sorgenti\bm-sd\GENERA\distribuzione\libreriedatabase\UInitmem.pas","varcarichi",,"9","C:\DOCUMENTI\sd\sorgenti\bm-sd\GENERA\distribuzione\Varcarichi.pas | C:\DOCUMENTI\sd\sorgenti\bm-sd\GENERA\gestione\Varcarichi.pas | C:\DOCUMENTI\sd\sorgenti\bm-sd\gestioneclienti\generati\Varcarichi.pas | C:\DOCUMENTI\sd\sorgenti\bm-sd\Sun-Trace\Varcarichi.pas | C:\DOCUMENTI\bmsistemi\drivep\prjs\cpi win clima\Versione_10\CARICHI\varcarichi.pas | C:\DOCUMENTI\bmsistemi\drivep\prjs\cpi win clima\Versione_10 allineamento con emanuela\CARICHI\VarCarichi.pas | C:\DOCUMENTI\bmsistemi\drivepsviluppo\prjs\cpi win clima\versione_10\CARICHI\varcarichi.pas | C:\DOCUMENTI\bmsistemi\drivepsviluppo\prjs\cpi win clima\versione_10 nuova\CARICHI\varcarichi.pas | C:\DOCUMENTI\bmsistemi\drivepsviluppo\prjs\cpi win clima\versione_10 ripristinata\CARICHI\varcarichi.pas"
"C:\DOCUMENTI\sd\sorgenti\bm-sd\GENERA\distribuzione\libreriedatabase\URicercaDati.pas","Varcarichi",,"9","C:\DOCUMENTI\sd\sorgenti\bm-sd\GENERA\distribuzione\Varcarichi.pas | C:\DOCUMENTI\sd\sorgenti\bm-sd\GENERA\gestione\Varcarichi.pas | C:\DOCUMENTI\sd\sorgenti\bm-sd\gestioneclienti\generati\Varcarichi.pas | C:\DOCUMENTI\sd\sorgenti\bm-sd\Sun-Trace\Varcarichi.pas | C:\DOCUMENTI\bmsistemi\drivep\prjs\cpi win clima\Versione_10\CARICHI\varcarichi.pas | C:\DOCUMENTI\bmsistemi\drivep\prjs\cpi win clima\Versione_10 allineamento con emanuela\CARICHI\VarCarichi.pas | C:\DOCUMENTI\bmsistemi\drivepsviluppo\prjs\cpi win clima\versione_10\CARICHI\varcarichi.pas | C:\DOCUMENTI\bmsistemi\drivepsviluppo\prjs\cpi win clima\versione_10 nuova\CARICHI\varcarichi.pas | C:\DOCUMENTI\bmsistemi\drivepsviluppo\prjs\cpi win clima\versione_10 ripristinata\CARICHI\varcarichi.pas"
"C:\DOCUMENTI\sd\sorgenti\bm-sd\GENERA\Genera.pas","Varcarichi",,"9","C:\DOCUMENTI\sd\sorgenti\bm-sd\GENERA\distribuzione\Varcarichi.pas | C:\DOCUMENTI\sd\sorgenti\bm-sd\GENERA\gestione\Varcarichi.pas | C:\DOCUMENTI\sd\sorgenti\bm-sd\gestioneclienti\generati\Varcarichi.pas | C:\DOCUMENTI\sd\sorgenti\bm-sd\Sun-Trace\Varcarichi.pas | C:\DOCUMENTI\bmsistemi\drivep\prjs\cpi win clima\Versione_10\CARICHI\varcarichi.pas | C:\DOCUMENTI\bmsistemi\drivep\prjs\cpi win clima\Versione_10 allineamento con emanuela\CARICHI\VarCarichi.pas | C:\DOCUMENTI\bmsistemi\drivepsviluppo\prjs\cpi win clima\versione_10\CARICHI\varcarichi.pas | C:\DOCUMENTI\bmsistemi\drivepsviluppo\prjs\cpi win clima\versione_10 nuova\CARICHI\varcarichi.pas | C:\DOCUMENTI\bmsistemi\drivepsviluppo\prjs\cpi win clima\versione_10 ripristinata\CARICHI\varcarichi.pas"
"C:\DOCUMENTI\sd\sorgenti\bm-sd\GENERA\gestione\generati\UDataOutT.pas","Varcarichi",,"9","C:\DOCUMENTI\sd\sorgenti\bm-sd\GENERA\distribuzione\Varcarichi.pas | C:\DOCUMENTI\sd\sorgenti\bm-sd\GENERA\gestione\Varcarichi.pas | C:\DOCUMENTI\sd\sorgenti\bm-sd\gestioneclienti\generati\Varcarichi.pas | C:\DOCUMENTI\sd\sorgenti\bm-sd\Sun-Trace\Varcarichi.pas | C:\DOCUMENTI\bmsistemi\drivep\prjs\cpi win clima\Versione_10\CARICHI\varcarichi.pas | C:\DOCUMENTI\bmsistemi\drivep\prjs\cpi win clima\Versione_10 allineamento con emanuela\CARICHI\VarCarichi.pas | C:\DOCUMENTI\bmsistemi\drivepsviluppo\prjs\cpi win clima\versione_10\CARICHI\varcarichi.pas | C:\DOCUMENTI\bmsistemi\drivepsviluppo\prjs\cpi win clima\versione_10 nuova\CARICHI\varcarichi.pas | C:\DOCUMENTI\bmsistemi\drivepsviluppo\prjs\cpi win clima\versione_10 ripristinata\CARICHI\varcarichi.pas"
"C:\DOCUMENTI\sd\sorgenti\bm-sd\GENERA\gestione\generati\ULeggiscriviDati.pas","Varcarichi",,"9","C:\DOCUMENTI\sd\sorgenti\bm-sd\GENERA\distribuzione\Varcarichi.pas | C:\DOCUMENTI\sd\sorgenti\bm-sd\GENERA\gestione\Varcarichi.pas | C:\DOCUMENTI\sd\sorgenti\bm-sd\gestioneclienti\generati\Varcarichi.pas | C:\DOCUMENTI\sd\sorgenti\bm-sd\Sun-Trace\Varcarichi.pas | C:\DOCUMENTI\bmsistemi\drivep\prjs\cpi win clima\Versione_10\CARICHI\varcarichi.pas | C:\DOCUMENTI\bmsistemi\drivep\prjs\cpi win clima\Versione_10 allineamento con emanuela\CARICHI\VarCarichi.pas | C:\DOCUMENTI\bmsistemi\drivepsviluppo\prjs\cpi win clima\versione_10\CARICHI\varcarichi.pas | C:\DOCUMENTI\bmsistemi\drivepsviluppo\prjs\cpi win clima\versione_10 nuova\CARICHI\varcarichi.pas | C:\DOCUMENTI\bmsistemi\drivepsviluppo\prjs\cpi win clima\versione_10 ripristinata\CARICHI\varcarichi.pas"
"C:\DOCUMENTI\sd\sorgenti\bm-sd\GENERA\modifica kbmtable\Genera.pas","Varcarichi",,"9","C:\DOCUMENTI\sd\sorgenti\bm-sd\GENERA\distribuzione\Varcarichi.pas | C:\DOCUMENTI\sd\sorgenti\bm-sd\GENERA\gestione\Varcarichi.pas | C:\DOCUMENTI\sd\sorgenti\bm-sd\gestioneclienti\generati\Varcarichi.pas | C:\DOCUMENTI\sd\sorgenti\bm-sd\Sun-Trace\Varcarichi.pas | C:\DOCUMENTI\bmsistemi\drivep\prjs\cpi win clima\Versione_10\CARICHI\varcarichi.pas | C:\DOCUMENTI\bmsistemi\drivep\prjs\cpi win clima\Versione_10 allineamento con emanuela\CARICHI\VarCarichi.pas | C:\DOCUMENTI\bmsistemi\drivepsviluppo\prjs\cpi win clima\versione_10\CARICHI\varcarichi.pas | C:\DOCUMENTI\bmsistemi\drivepsviluppo\prjs\cpi win clima\versione_10 nuova\CARICHI\varcarichi.pas | C:\DOCUMENTI\bmsistemi\drivepsviluppo\prjs\cpi win clima\versione_10 ripristinata\CARICHI\varcarichi.pas"
"C:\DOCUMENTI\sd\sorgenti\bm-sd\GENERA\modifica kbmtable\UMainGenera.pas","Varcarichi",,"9","C:\DOCUMENTI\sd\sorgenti\bm-sd\GENERA\distribuzione\Varcarichi.pas | C:\DOCUMENTI\sd\sorgenti\bm-sd\GENERA\gestione\Varcarichi.pas | C:\DOCUMENTI\sd\sorgenti\bm-sd\gestioneclienti\generati\Varcarichi.pas | C:\DOCUMENTI\sd\sorgenti\bm-sd\Sun-Trace\Varcarichi.pas | C:\DOCUMENTI\bmsistemi\drivep\prjs\cpi win clima\Versione_10\CARICHI\varcarichi.pas | C:\DOCUMENTI\bmsistemi\drivep\prjs\cpi win clima\Versione_10 allineamento con emanuela\CARICHI\VarCarichi.pas | C:\DOCUMENTI\bmsistemi\drivepsviluppo\prjs\cpi win clima\versione_10\CARICHI\varcarichi.pas | C:\DOCUMENTI\bmsistemi\drivepsviluppo\prjs\cpi win clima\versione_10 nuova\CARICHI\varcarichi.pas | C:\DOCUMENTI\bmsistemi\drivepsviluppo\prjs\cpi win clima\versione_10 ripristinata\CARICHI\varcarichi.pas"
"C:\DOCUMENTI\sd\sorgenti\bm-sd\GENERA\distribuzione\libreriedatabase\Ucompilafrontiere.pas","Varcarichi_estivo_14",,"5","C:\DOCUMENTI\bmsistemi\drivep\prjs\cpi win clima\Versione_10\CARICHI\Varcarichi_estivo_14.pas | C:\DOCUMENTI\bmsistemi\drivep\prjs\cpi win clima\Versione_10 allineamento con emanuela\CARICHI\Varcarichi_estivo_14.pas | C:\DOCUMENTI\bmsistemi\drivepsviluppo\prjs\cpi win clima\versione_10\CARICHI\Varcarichi_estivo_14.pas | C:\DOCUMENTI\bmsistemi\drivepsviluppo\prjs\cpi win clima\versione_10 nuova\CARICHI\Varcarichi_estivo_14.pas | C:\DOCUMENTI\bmsistemi\drivepsviluppo\prjs\cpi win clima\versione_10 ripristinata\CARICHI\Varcarichi_estivo_14.pas"
"C:\DOCUMENTI\sd\sorgenti\bm-sd\GENERA\distribuzione\libreriedatabase\Ucompilafrontiere.pas","Variabiligenerali",,"5","C:\DOCUMENTI\bmsistemi\drivep\prjs\cpi win clima\Versione_10\comuni\VariabiliGenerali.pas | C:\DOCUMENTI\bmsistemi\drivep\prjs\cpi win clima\Versione_10 allineamento con emanuela\comuni\VariabiliGenerali.pas | C:\DOCUMENTI\bmsistemi\drivepsviluppo\prjs\cpi win clima\versione_10\comuni\VariabiliGenerali.pas | C:\DOCUMENTI\bmsistemi\drivepsviluppo\prjs\cpi win clima\versione_10 nuova\comuni\VariabiliGenerali.pas | C:\DOCUMENTI\bmsistemi\drivepsviluppo\prjs\cpi win clima\versione_10 ripristinata\comuni\VariabiliGenerali.pas"
"C:\DOCUMENTI\sd\sorgenti\bm-sd\GENERA\distribuzione\libreriedatabase\UCompilaFrontiere_a.pas","Variabiligenerali",,"5","C:\DOCUMENTI\bmsistemi\drivep\prjs\cpi win clima\Versione_10\comuni\VariabiliGenerali.pas | C:\DOCUMENTI\bmsistemi\drivep\prjs\cpi win clima\Versione_10 allineamento con emanuela\comuni\VariabiliGenerali.pas | C:\DOCUMENTI\bmsistemi\drivepsviluppo\prjs\cpi win clima\versione_10\comuni\VariabiliGenerali.pas | C:\DOCUMENTI\bmsistemi\drivepsviluppo\prjs\cpi win clima\versione_10 nuova\comuni\VariabiliGenerali.pas | C:\DOCUMENTI\bmsistemi\drivepsviluppo\prjs\cpi win clima\versione_10 ripristinata\comuni\VariabiliGenerali.pas"
"C:\DOCUMENTI\sd\sorgenti\bm-sd\GENERA\distribuzione\Gestione_Nomedatabase.pas","Variants",,"0",""
"C:\DOCUMENTI\sd\sorgenti\bm-sd\GENERA\distribuzione\libreriedatabase\SceltaA.pas","Variants",,"0",""
"C:\DOCUMENTI\sd\sorgenti\bm-sd\GENERA\distribuzione\libreriedatabase\ucorrelato.pas","variants",,"0",""
"C:\DOCUMENTI\sd\sorgenti\bm-sd\GENERA\distribuzione\libreriedatabase\UmessaggiDB.pas","Variants",,"0",""
"C:\DOCUMENTI\sd\sorgenti\bm-sd\GENERA\distribuzione\MainGestionegenera.pas","Variants",,"0",""
"C:\DOCUMENTI\sd\sorgenti\bm-sd\GENERA\gestione\GestDB.pas","Variants",,"0",""
"C:\DOCUMENTI\sd\sorgenti\bm-sd\GENERA\gestione\Gestione_Nomedatabase.pas","Variants",,"0",""
"C:\DOCUMENTI\sd\sorgenti\bm-sd\GENERA\gestione\MainGestionegenera.pas","Variants",,"0",""
"C:\DOCUMENTI\sd\sorgenti\bm-sd\GENERA\gestione\Modello_form.pas","Variants",,"0",""
"C:\DOCUMENTI\sd\sorgenti\bm-sd\GENERA\gestione\Unit1.pas","Variants",,"0",""
"C:\DOCUMENTI\sd\sorgenti\bm-sd\librerie_generali\Gest_form.pas","Variants",,"0",""
"C:\DOCUMENTI\sd\sorgenti\bm-sd\componenti\kbmmem\bdenew\DbTables.pas","Windows",,"0",""
"C:\DOCUMENTI\sd\sorgenti\bm-sd\GENERA\distribuzione\Gestione_Nomedatabase.pas","Windows",,"0",""
"C:\DOCUMENTI\sd\sorgenti\bm-sd\GENERA\distribuzione\libreriedatabase\SceltaA.pas","Windows",,"0",""
"C:\DOCUMENTI\sd\sorgenti\bm-sd\GENERA\distribuzione\libreriedatabase\UmessaggiDB.pas","Windows",,"0",""
"C:\DOCUMENTI\sd\sorgenti\bm-sd\GENERA\distribuzione\MainGestionegenera.pas","Windows",,"0",""
"C:\DOCUMENTI\sd\sorgenti\bm-sd\GENERA\distribuzione\Modello_ Init_easy.pas","windows",,"0",""
"C:\DOCUMENTI\sd\sorgenti\bm-sd\GENERA\gestione\GestDB.pas","Windows",,"0",""
"C:\DOCUMENTI\sd\sorgenti\bm-sd\GENERA\gestione\Gestione_Nomedatabase.pas","Windows",,"0",""
"C:\DOCUMENTI\sd\sorgenti\bm-sd\GENERA\gestione\Init_easy.pas","windows",,"0",""
"C:\DOCUMENTI\sd\sorgenti\bm-sd\GENERA\gestione\MainGestionegenera.pas","Windows",,"0",""
"C:\DOCUMENTI\sd\sorgenti\bm-sd\GENERA\gestione\Modello_ Init_easy.pas","windows",,"0",""
"C:\DOCUMENTI\sd\sorgenti\bm-sd\GENERA\gestione\Modello_form.pas","Windows",,"0",""
"C:\DOCUMENTI\sd\sorgenti\bm-sd\GENERA\gestione\Unit1.pas","Windows",,"0",""
"C:\DOCUMENTI\sd\sorgenti\bm-sd\GENERA\modifica kbmtable\UDB.pas","Windows",,"0",""
"C:\DOCUMENTI\sd\sorgenti\bm-sd\GENERA\modifica kbmtable\UMainGenera.pas","Windows",,"0",""
"C:\DOCUMENTI\sd\sorgenti\bm-sd\GENERA\Rebuli modificato CAD\Calcoli\UDatigen.pas","Windows",,"0",""
"C:\DOCUMENTI\sd\sorgenti\bm-sd\GENERA\Rebuli modificato CAD\compnuccio (non aggiornato)\Ucompsel.pas","Windows",,"0",""
"C:\DOCUMENTI\sd\sorgenti\bm-sd\GENERA\Rebuli modificato CAD\compnuccio vecchio mandato lazzerini\curve\UCurve.pas","Windows",,"0",""
"C:\DOCUMENTI\sd\sorgenti\bm-sd\GENERA\Rebuli modificato CAD\compnuccio vecchio mandato lazzerini\curve\Uusacurve.pas","Windows",,"0",""
"C:\DOCUMENTI\sd\sorgenti\bm-sd\GENERA\Rebuli modificato CAD\compnuccio vecchio mandato lazzerini\Ucompsel.pas","Windows",,"0",""
"C:\DOCUMENTI\sd\sorgenti\bm-sd\GENERA\Rebuli modificato CAD\compnuccio vecchio mandato lazzerini\UDB.pas","Windows",,"0",""
"C:\DOCUMENTI\sd\sorgenti\bm-sd\GENERA\Rebuli modificato CAD\compnuccio vecchio mandato lazzerini\URunComp.pas","Windows",,"0",""
"C:\DOCUMENTI\sd\sorgenti\bm-sd\GENERA\Rebuli modificato CAD\compnuccio vecchio mandato lazzerini\USemplicesel.pas","Windows",,"0",""
"C:\DOCUMENTI\sd\sorgenti\bm-sd\GENERA\Rebuli modificato CAD\compnuccio\Ucompsel.pas","Windows",,"0",""
"C:\DOCUMENTI\sd\sorgenti\bm-sd\GENERA\Rebuli modificato CAD\compnuccio\URunComp.pas","Windows",,"0",""
"C:\DOCUMENTI\sd\sorgenti\bm-sd\GENERA\Rebuli modificato CAD\componenete\Uprovacomp.pas","Windows",,"0",""
"C:\DOCUMENTI\sd\sorgenti\bm-sd\GENERA\Rebuli modificato CAD\Grafica.pas","Windows",,"0",""
"C:\DOCUMENTI\sd\sorgenti\bm-sd\GENERA\Rebuli modificato CAD\SofRad.pas","Windows",,"0",""
"C:\DOCUMENTI\sd\sorgenti\bm-sd\GENERA\Rebuli modificato CAD\UDB.pas","Windows",,"0",""
"C:\DOCUMENTI\sd\sorgenti\bm-sd\GENERA\Rebuli modificato CAD\UFormgen.pas","Windows",,"0",""
"C:\DOCUMENTI\sd\sorgenti\bm-sd\GENERA\Rebuli modificato CAD\UListbox.pas","Windows",,"0",""
"C:\DOCUMENTI\sd\sorgenti\bm-sd\GENERA\Rebuli modificato CAD\UListbox1.pas","Windows",,"0",""
"C:\DOCUMENTI\sd\sorgenti\bm-sd\GENERA\Rebuli modificato CAD\UMaskgen.pas","Windows",,"0",""
"C:\DOCUMENTI\sd\sorgenti\bm-sd\GENERA\Rebuli modificato CAD\UPrepStampe.pas","Windows",,"0",""
"C:\DOCUMENTI\sd\sorgenti\bm-sd\GENERA\Rebuli modificato CAD\UProvacomp.pas","Windows",,"0",""
"C:\DOCUMENTI\sd\sorgenti\bm-sd\GENERA\Rebuli modificato CAD\UProvacomp1.pas","Windows",,"0",""
"C:\DOCUMENTI\sd\sorgenti\bm-sd\GENERA\Rebuli modificato CAD\USceltaPann.pas","Windows",,"0",""
"C:\DOCUMENTI\sd\sorgenti\bm-sd\GENERA\Rebuli modificato CAD\Ustampa2.pas","Windows",,"0",""
"C:\DOCUMENTI\sd\sorgenti\bm-sd\GENERA\Rebuli modificato CAD\UStampe.pas","Windows",,"0",""
"C:\DOCUMENTI\sd\sorgenti\bm-sd\GENERA\UDB.pas","Windows",,"0",""
"C:\DOCUMENTI\sd\sorgenti\bm-sd\GENERA\UMainGenera.pas","Windows",,"0",""
"C:\DOCUMENTI\sd\sorgenti\bm-sd\librerie_generali\Gest_form.pas","Windows",,"0",""
